gene,comparison,cell_type,equal_donor_mean_log1p_CPM
DGKG,primary,Rod,0.041181511194163696
DGKG,primary,Cone,0.0
DGKG,primary,Bipolar,0.09830719662628325
DGKG,primary,RGC,1.0824543361692438
DGKG,primary,Muller glia,2.3567358121832584
DGKG,strict,Rod,0.053594582278913866
DGKG,strict,Cone,0.0
DGKG,strict,Bipolar,0.1140551916910953
DGKG,strict,RGC,0.9586222923195398
DGKG,strict,Muller glia,2.382190806280183
DGKG,extended,Rod,0.041181511194163696
DGKG,extended,Cone,0.0
DGKG,extended,Bipolar,0.09830719662628325
DGKG,extended,Horizontal,1.2198299234144807
DGKG,extended,RGC,1.0824543361692438
DGKG,extended,Muller glia,2.3567358121832584
DGKG,extended,Microglia,0.5641696951876838
SLC2A12,primary,Rod,0.07783015533025538
SLC2A12,primary,Cone,0.0
SLC2A12,primary,Bipolar,0.0
SLC2A12,primary,RGC,0.5808552534466501
SLC2A12,primary,Muller glia,2.178316369578083
SLC2A12,strict,Rod,0.053594582278913866
SLC2A12,strict,Cone,0.0
SLC2A12,strict,Bipolar,0.0
SLC2A12,strict,RGC,0.4499727504671554
SLC2A12,strict,Muller glia,2.204226786247199
SLC2A12,extended,Rod,0.07783015533025538
SLC2A12,extended,Cone,0.0
SLC2A12,extended,Bipolar,0.0
SLC2A12,extended,Horizontal,0.0
SLC2A12,extended,RGC,0.5808552534466501
SLC2A12,extended,Muller glia,2.178316369578083
SLC2A12,extended,Microglia,0.0
COL8A2,primary,Rod,0.0
COL8A2,primary,Cone,0.0
COL8A2,primary,Bipolar,0.0
COL8A2,primary,RGC,0.5015990827225936
COL8A2,primary,Muller glia,0.0
COL8A2,strict,Rod,0.0
COL8A2,strict,Cone,0.0
COL8A2,strict,Bipolar,0.0
COL8A2,strict,RGC,0.0
COL8A2,strict,Muller glia,0.0
COL8A2,extended,Rod,0.0
COL8A2,extended,Cone,0.0
COL8A2,extended,Bipolar,0.0
COL8A2,extended,Horizontal,0.0
COL8A2,extended,RGC,0.5015990827225936
COL8A2,extended,Muller glia,0.0
COL8A2,extended,Microglia,1.3960667562043392
NPC2,primary,Rod,4.085773987780069
NPC2,primary,Cone,4.667934905485411
NPC2,primary,Bipolar,3.9430684621486134
NPC2,primary,RGC,3.8429131674823416
NPC2,primary,Muller glia,5.516396414791466
NPC2,strict,Rod,4.09579845469315
NPC2,strict,Cone,4.688955743631081
NPC2,strict,Bipolar,3.9597953858195782
NPC2,strict,RGC,3.6074851829719243
NPC2,strict,Muller glia,5.496324259489486
NPC2,extended,Rod,4.085773987780069
NPC2,extended,Cone,4.667934905485411
NPC2,extended,Bipolar,3.9430684621486134
NPC2,extended,Horizontal,3.9139525696631376
NPC2,extended,RGC,3.8429131674823416
NPC2,extended,Muller glia,5.516396414791466
NPC2,extended,Microglia,7.0590168748817055
PSMC3,primary,Rod,4.476303226712248
PSMC3,primary,Cone,4.625917334571265
PSMC3,primary,Bipolar,4.724751251780036
PSMC3,primary,RGC,4.7831647708647465
PSMC3,primary,Muller glia,4.723365342241533
PSMC3,strict,Rod,4.500218872430121
PSMC3,strict,Cone,4.851263590950062
PSMC3,strict,Bipolar,4.735629938622651
PSMC3,strict,RGC,4.854919547031268
PSMC3,strict,Muller glia,4.72791532726264
PSMC3,extended,Rod,4.476303226712248
PSMC3,extended,Cone,4.625917334571265
PSMC3,extended,Bipolar,4.724751251780036
PSMC3,extended,Horizontal,4.795119305088593
PSMC3,extended,RGC,4.7831647708647465
PSMC3,extended,Muller glia,4.723365342241533
PSMC3,extended,Microglia,4.277599808445687
RP11-466F5.8,primary,Rod,1.3936612762233118
RP11-466F5.8,primary,Cone,1.3430931556092645
RP11-466F5.8,primary,Bipolar,0.6803065842105923
RP11-466F5.8,primary,RGC,0.5015990827225936
RP11-466F5.8,primary,Muller glia,0.30160028818995865
RP11-466F5.8,strict,Rod,1.4702535499406857
RP11-466F5.8,strict,Cone,1.2932410114822277
RP11-466F5.8,strict,Bipolar,0.6899364434280161
RP11-466F5.8,strict,RGC,0.5086495418523843
RP11-466F5.8,strict,Muller glia,0.3026341609497037
RP11-466F5.8,extended,Rod,1.3936612762233118
RP11-466F5.8,extended,Cone,1.3430931556092645
RP11-466F5.8,extended,Bipolar,0.6803065842105923
RP11-466F5.8,extended,Horizontal,0.0
RP11-466F5.8,extended,RGC,0.5015990827225936
RP11-466F5.8,extended,Muller glia,0.30160028818995865
RP11-466F5.8,extended,Microglia,0.0
LPP,primary,Rod,1.5434991723256637
LPP,primary,Cone,2.7906416519107418
LPP,primary,Bipolar,2.349526969798728
LPP,primary,RGC,3.097160628471654
LPP,primary,Muller glia,3.5249476650161866
LPP,strict,Rod,1.6431912315055026
LPP,strict,Cone,1.7406544315586192
LPP,strict,Bipolar,2.3506616836330387
LPP,strict,RGC,2.9473627535343923
LPP,strict,Muller glia,3.5529621910603595
LPP,extended,Rod,1.5434991723256637
LPP,extended,Cone,2.7906416519107418
LPP,extended,Bipolar,2.349526969798728
LPP,extended,Horizontal,0.9972541322988658
LPP,extended,RGC,3.097160628471654
LPP,extended,Muller glia,3.5249476650161866
LPP,extended,Microglia,1.662414716830387
RP11-121M22.1,primary,Rod,0.5974697427503957
RP11-121M22.1,primary,Cone,0.8980549520642432
RP11-121M22.1,primary,Bipolar,0.6574514156064625
RP11-121M22.1,primary,RGC,0.9051813627568821
RP11-121M22.1,primary,Muller glia,0.6898582535011828
RP11-121M22.1,strict,Rod,0.620135870058848
RP11-121M22.1,strict,Cone,1.3274761045078247
RP11-121M22.1,strict,Bipolar,0.555537700488959
RP11-121M22.1,strict,RGC,0.9586222923195398
RP11-121M22.1,strict,Muller glia,0.7070021289252243
RP11-121M22.1,extended,Rod,0.5974697427503957
RP11-121M22.1,extended,Cone,0.8980549520642432
RP11-121M22.1,extended,Bipolar,0.6574514156064625
RP11-121M22.1,extended,Horizontal,0.0
RP11-121M22.1,extended,RGC,0.9051813627568821
RP11-121M22.1,extended,Muller glia,0.6898582535011828
RP11-121M22.1,extended,Microglia,0.0
ABO,primary,Rod,0.0
ABO,primary,Cone,0.0
ABO,primary,Bipolar,0.0
ABO,primary,RGC,0.40358228003428853
ABO,primary,Muller glia,0.0
ABO,strict,Rod,0.0
ABO,strict,Cone,0.0
ABO,strict,Bipolar,0.0
ABO,strict,RGC,0.4499727504671554
ABO,strict,Muller glia,0.0
ABO,extended,Rod,0.0
ABO,extended,Cone,0.0
ABO,extended,Bipolar,0.0
ABO,extended,Horizontal,0.0
ABO,extended,RGC,0.40358228003428853
ABO,extended,Muller glia,0.0
ABO,extended,Microglia,0.0
ADAMTS8,primary,Rod,0.01754399057822727
ADAMTS8,primary,Cone,0.0
ADAMTS8,primary,Bipolar,0.2471790219528509
ADAMTS8,primary,RGC,0.40358228003428853
ADAMTS8,primary,Muller glia,0.0
ADAMTS8,strict,Rod,0.017651809518911297
ADAMTS8,strict,Cone,0.0
ADAMTS8,strict,Bipolar,0.2518850451687103
ADAMTS8,strict,RGC,0.4499727504671554
ADAMTS8,strict,Muller glia,0.0
ADAMTS8,extended,Rod,0.01754399057822727
ADAMTS8,extended,Cone,0.0
ADAMTS8,extended,Bipolar,0.2471790219528509
ADAMTS8,extended,Horizontal,0.0
ADAMTS8,extended,RGC,0.40358228003428853
ADAMTS8,extended,Muller glia,0.0
ADAMTS8,extended,Microglia,0.0
CALD1,primary,Rod,1.5455716614120851
CALD1,primary,Cone,0.6485002446930639
CALD1,primary,Bipolar,5.067983160178005
CALD1,primary,RGC,4.590813606570155
CALD1,primary,Muller glia,5.265227407305108
CALD1,strict,Rod,1.4817662043809292
CALD1,strict,Cone,0.5212041191975111
CALD1,strict,Bipolar,5.082753390919039
CALD1,strict,RGC,4.686176603862579
CALD1,strict,Muller glia,5.267409422404332
CALD1,extended,Rod,1.5455716614120851
CALD1,extended,Cone,0.6485002446930639
CALD1,extended,Bipolar,5.067983160178005
CALD1,extended,Horizontal,2.969420929292093
CALD1,extended,RGC,4.590813606570155
CALD1,extended,Muller glia,5.265227407305108
CALD1,extended,Microglia,0.0
CHEK2,primary,Rod,0.30083429390445665
CHEK2,primary,Cone,0.0
CHEK2,primary,Bipolar,0.5956287743231065
CHEK2,primary,RGC,0.6934171126904171
CHEK2,primary,Muller glia,0.30160028818995865
CHEK2,strict,Rod,0.34624933893910304
CHEK2,strict,Cone,0.0
CHEK2,strict,Bipolar,0.6418988841174748
CHEK2,strict,RGC,0.7013377813610777
CHEK2,strict,Muller glia,0.3026341609497037
CHEK2,extended,Rod,0.30083429390445665
CHEK2,extended,Cone,0.0
CHEK2,extended,Bipolar,0.5956287743231065
CHEK2,extended,Horizontal,0.0
CHEK2,extended,RGC,0.6934171126904171
CHEK2,extended,Muller glia,0.30160028818995865
CHEK2,extended,Microglia,1.2796033118784764
GAS7,primary,Rod,3.458036441350569
GAS7,primary,Cone,5.021568071910607
GAS7,primary,Bipolar,4.520511350977157
GAS7,primary,RGC,4.885528887409209
GAS7,primary,Muller glia,3.0997033010876436
GAS7,strict,Rod,3.4580987400261343
GAS7,strict,Cone,5.001135016795657
GAS7,strict,Bipolar,4.4721388475045885
GAS7,strict,RGC,4.882946109794291
GAS7,strict,Muller glia,3.1162019096248774
GAS7,extended,Rod,3.458036441350569
GAS7,extended,Cone,5.021568071910607
GAS7,extended,Bipolar,4.520511350977157
GAS7,extended,Horizontal,1.9874022396563926
GAS7,extended,RGC,4.885528887409209
GAS7,extended,Muller glia,3.0997033010876436
GAS7,extended,Microglia,1.9378184330788664
LMX1B,primary,Rod,
LMX1B,primary,Cone,
LMX1B,primary,Bipolar,
LMX1B,primary,RGC,
LMX1B,primary,Muller glia,
LMX1B,strict,Rod,
LMX1B,strict,Cone,
LMX1B,strict,Bipolar,
LMX1B,strict,RGC,
LMX1B,strict,Muller glia,
LMX1B,extended,Rod,
LMX1B,extended,Cone,
LMX1B,extended,Bipolar,
LMX1B,extended,Horizontal,
LMX1B,extended,RGC,
LMX1B,extended,Muller glia,
LMX1B,extended,Microglia,
TCF12,primary,Rod,3.116122334264712
TCF12,primary,Cone,3.5935767356666806
TCF12,primary,Bipolar,2.7468290831331394
TCF12,primary,RGC,3.352431834713368
TCF12,primary,Muller glia,3.9341491823291115
TCF12,strict,Rod,3.157564399583076
TCF12,strict,Cone,3.512942434896836
TCF12,strict,Bipolar,2.7549367639982436
TCF12,strict,RGC,3.4161181251475257
TCF12,strict,Muller glia,3.9456539299316558
TCF12,extended,Rod,3.116122334264712
TCF12,extended,Cone,3.5935767356666806
TCF12,extended,Bipolar,2.7468290831331394
TCF12,extended,Horizontal,2.0729080248881018
TCF12,extended,RGC,3.352431834713368
TCF12,extended,Muller glia,3.9341491823291115
TCF12,extended,Microglia,1.7186336233323267
TMCO1,primary,Rod,5.09631946814716
TMCO1,primary,Cone,5.3282351868633295
TMCO1,primary,Bipolar,5.151095066759114
TMCO1,primary,RGC,4.716946631507688
TMCO1,primary,Muller glia,6.027585619552866
TMCO1,strict,Rod,5.128479435330935
TMCO1,strict,Cone,5.4754319900020505
TMCO1,strict,Bipolar,5.167412957926406
TMCO1,strict,RGC,4.655700065300038
TMCO1,strict,Muller glia,6.032279431499471
TMCO1,extended,Rod,5.09631946814716
TMCO1,extended,Cone,5.3282351868633295
TMCO1,extended,Bipolar,5.151095066759114
TMCO1,extended,Horizontal,4.981815057103035
TMCO1,extended,RGC,4.716946631507688
TMCO1,extended,Muller glia,6.027585619552866
TMCO1,extended,Microglia,4.606452518171449
TRIB2,primary,Rod,4.207945248193106
TRIB2,primary,Cone,3.8911598826445553
TRIB2,primary,Bipolar,4.225997010379882
TRIB2,primary,RGC,3.668912265720594
TRIB2,primary,Muller glia,4.547553349843951
TRIB2,strict,Rod,4.247236342372676
TRIB2,strict,Cone,3.920220018569155
TRIB2,strict,Bipolar,4.221096066704759
TRIB2,strict,RGC,3.6782278329543217
TRIB2,strict,Muller glia,4.572852883109976
TRIB2,extended,Rod,4.207945248193106
TRIB2,extended,Cone,3.8911598826445553
TRIB2,extended,Bipolar,4.225997010379882
TRIB2,extended,Horizontal,3.1160936165588957
TRIB2,extended,RGC,3.668912265720594
TRIB2,extended,Muller glia,4.547553349843951
TRIB2,extended,Microglia,1.08073503822749
AC000078.5,primary,Rod,
AC000078.5,primary,Cone,
AC000078.5,primary,Bipolar,
AC000078.5,primary,RGC,
AC000078.5,primary,Muller glia,
AC000078.5,strict,Rod,
AC000078.5,strict,Cone,
AC000078.5,strict,Bipolar,
AC000078.5,strict,RGC,
AC000078.5,strict,Muller glia,
AC000078.5,extended,Rod,
AC000078.5,extended,Cone,
AC000078.5,extended,Bipolar,
AC000078.5,extended,Horizontal,
AC000078.5,extended,RGC,
AC000078.5,extended,Muller glia,
AC000078.5,extended,Microglia,
AC002066.1,primary,Rod,
AC002066.1,primary,Cone,
AC002066.1,primary,Bipolar,
AC002066.1,primary,RGC,
AC002066.1,primary,Muller glia,
AC002066.1,strict,Rod,
AC002066.1,strict,Cone,
AC002066.1,strict,Bipolar,
AC002066.1,strict,RGC,
AC002066.1,strict,Muller glia,
AC002066.1,extended,Rod,
AC002066.1,extended,Cone,
AC002066.1,extended,Bipolar,
AC002066.1,extended,Horizontal,
AC002066.1,extended,RGC,
AC002066.1,extended,Muller glia,
AC002066.1,extended,Microglia,
AC012066.1,primary,Rod,
AC012066.1,primary,Cone,
AC012066.1,primary,Bipolar,
AC012066.1,primary,RGC,
AC012066.1,primary,Muller glia,
AC012066.1,strict,Rod,
AC012066.1,strict,Cone,
AC012066.1,strict,Bipolar,
AC012066.1,strict,RGC,
AC012066.1,strict,Muller glia,
AC012066.1,extended,Rod,
AC012066.1,extended,Cone,
AC012066.1,extended,Bipolar,
AC012066.1,extended,Horizontal,
AC012066.1,extended,RGC,
AC012066.1,extended,Muller glia,
AC012066.1,extended,Microglia,
AC091132.1,primary,Rod,
AC091132.1,primary,Cone,
AC091132.1,primary,Bipolar,
AC091132.1,primary,RGC,
AC091132.1,primary,Muller glia,
AC091132.1,strict,Rod,
AC091132.1,strict,Cone,
AC091132.1,strict,Bipolar,
AC091132.1,strict,RGC,
AC091132.1,strict,Muller glia,
AC091132.1,extended,Rod,
AC091132.1,extended,Cone,
AC091132.1,extended,Bipolar,
AC091132.1,extended,Horizontal,
AC091132.1,extended,RGC,
AC091132.1,extended,Muller glia,
AC091132.1,extended,Microglia,
ACBD4,primary,Rod,3.087718288748858
ACBD4,primary,Cone,2.9483370555591115
ACBD4,primary,Bipolar,3.043689322098722
ACBD4,primary,RGC,2.9860523883599193
ACBD4,primary,Muller glia,3.3120153332535893
ACBD4,strict,Rod,3.11005558408924
ACBD4,strict,Cone,2.005436650712024
ACBD4,strict,Bipolar,3.0177776755142545
ACBD4,strict,RGC,3.0362698196740983
ACBD4,strict,Muller glia,3.319058557271438
ACBD4,extended,Rod,3.087718288748858
ACBD4,extended,Cone,2.9483370555591115
ACBD4,extended,Bipolar,3.043689322098722
ACBD4,extended,Horizontal,2.9870939738340687
ACBD4,extended,RGC,2.9860523883599193
ACBD4,extended,Muller glia,3.3120153332535893
ACBD4,extended,Microglia,2.2128528423891325
AFAP1,primary,Rod,0.07783015533025538
AFAP1,primary,Cone,1.172886164036753
AFAP1,primary,Bipolar,1.2485373508443243
AFAP1,primary,RGC,2.0771703051590786
AFAP1,primary,Muller glia,2.5518139587392747
AFAP1,strict,Rod,0.053594582278913866
AFAP1,strict,Cone,1.3492193897665412
AFAP1,strict,Bipolar,1.2495209490646837
AFAP1,strict,RGC,1.9838024140736283
AFAP1,strict,Muller glia,2.5104185222581905
AFAP1,extended,Rod,0.07783015533025538
AFAP1,extended,Cone,1.172886164036753
AFAP1,extended,Bipolar,1.2485373508443243
AFAP1,extended,Horizontal,1.7672640504195882
AFAP1,extended,RGC,2.0771703051590786
AFAP1,extended,Muller glia,2.5518139587392747
AFAP1,extended,Microglia,0.5641696951876838
ALDH2,primary,Rod,3.979858887745008
ALDH2,primary,Cone,4.019735625177259
ALDH2,primary,Bipolar,4.476877435340015
ALDH2,primary,RGC,3.650310867527194
ALDH2,primary,Muller glia,4.647544620405748
ALDH2,strict,Rod,4.0438668928178165
ALDH2,strict,Cone,4.0355267210254935
ALDH2,strict,Bipolar,4.492850319266469
ALDH2,strict,RGC,3.6557726617315693
ALDH2,strict,Muller glia,4.653324982178872
ALDH2,extended,Rod,3.979858887745008
ALDH2,extended,Cone,4.019735625177259
ALDH2,extended,Bipolar,4.476877435340015
ALDH2,extended,Horizontal,4.1751031254203275
ALDH2,extended,RGC,3.650310867527194
ALDH2,extended,Muller glia,4.647544620405748
ALDH2,extended,Microglia,5.2070733657106105
AP003068.23,primary,Rod,1.2973128565318064
AP003068.23,primary,Cone,0.7919993852611523
AP003068.23,primary,Bipolar,0.10718750563472033
AP003068.23,primary,RGC,0.5808552534466501
AP003068.23,primary,Muller glia,0.562774107439754
AP003068.23,strict,Rod,1.3806206197615936
AP003068.23,strict,Cone,0.9307063800049455
AP003068.23,strict,Bipolar,0.14294340725696664
AP003068.23,strict,RGC,0.4499727504671554
AP003068.23,strict,Muller glia,0.5817783019877257
AP003068.23,extended,Rod,1.2973128565318064
AP003068.23,extended,Cone,0.7919993852611523
AP003068.23,extended,Bipolar,0.10718750563472033
AP003068.23,extended,Horizontal,0.0
AP003068.23,extended,RGC,0.5808552534466501
AP003068.23,extended,Muller glia,0.562774107439754
AP003068.23,extended,Microglia,0.0
AP5B1,primary,Rod,1.6780131457419927
AP5B1,primary,Cone,1.4003172261628147
AP5B1,primary,Bipolar,1.1556518508749702
AP5B1,primary,RGC,0.6959673135585871
AP5B1,primary,Muller glia,1.3277590327009416
AP5B1,strict,Rod,1.752583523375299
AP5B1,strict,Cone,1.702743272289662
AP5B1,strict,Bipolar,1.0978867086164026
AP5B1,strict,RGC,0.7529240786195559
AP5B1,strict,Muller glia,1.3516778398920841
AP5B1,extended,Rod,1.6780131457419927
AP5B1,extended,Cone,1.4003172261628147
AP5B1,extended,Bipolar,1.1556518508749702
AP5B1,extended,Horizontal,0.0
AP5B1,extended,RGC,0.6959673135585871
AP5B1,extended,Muller glia,1.3277590327009416
AP5B1,extended,Microglia,0.7102063046136919
AREL1,primary,Rod,1.871630283746726
AREL1,primary,Cone,1.589400325066981
AREL1,primary,Bipolar,2.329617770544791
AREL1,primary,RGC,2.4785425426400107
AREL1,primary,Muller glia,2.0988453260131794
AREL1,strict,Rod,1.771674028245961
AREL1,strict,Cone,1.6146362959828675
AREL1,strict,Bipolar,2.3537240175125493
AREL1,strict,RGC,2.5713356484825707
AREL1,strict,Muller glia,2.1229941734995235
AREL1,extended,Rod,1.871630283746726
AREL1,extended,Cone,1.589400325066981
AREL1,extended,Bipolar,2.329617770544791
AREL1,extended,Horizontal,0.9972541322988658
AREL1,extended,RGC,2.4785425426400107
AREL1,extended,Muller glia,2.0988453260131794
AREL1,extended,Microglia,0.0
ARHGAP27,primary,Rod,0.9024404981083861
ARHGAP27,primary,Cone,0.580026551849712
ARHGAP27,primary,Bipolar,1.026773301614481
ARHGAP27,primary,RGC,0.6959673135585871
ARHGAP27,primary,Muller glia,0.5143329239258178
ARHGAP27,strict,Rod,0.8693606290091912
ARHGAP27,strict,Cone,0.35352388252312106
ARHGAP27,strict,Bipolar,0.9590612100180983
ARHGAP27,strict,RGC,0.7529240786195559
ARHGAP27,strict,Muller glia,0.5156975876642842
ARHGAP27,extended,Rod,0.9024404981083861
ARHGAP27,extended,Cone,0.580026551849712
ARHGAP27,extended,Bipolar,1.026773301614481
ARHGAP27,extended,Horizontal,0.0
ARHGAP27,extended,RGC,0.6959673135585871
ARHGAP27,extended,Muller glia,0.5143329239258178
ARHGAP27,extended,Microglia,2.6298041840148443
ARHGEF12,primary,Rod,3.9402325305563477
ARHGEF12,primary,Cone,4.47592274706152
ARHGEF12,primary,Bipolar,5.029096031752395
ARHGEF12,primary,RGC,5.076885411099487
ARHGEF12,primary,Muller glia,4.033622112657184
ARHGEF12,strict,Rod,3.9756783579294748
ARHGEF12,strict,Cone,4.4437319585989234
ARHGEF12,strict,Bipolar,5.053456538625375
ARHGEF12,strict,RGC,5.084392668575615
ARHGEF12,strict,Muller glia,4.049114896065363
ARHGEF12,extended,Rod,3.9402325305563477
ARHGEF12,extended,Cone,4.47592274706152
ARHGEF12,extended,Bipolar,5.029096031752395
ARHGEF12,extended,Horizontal,4.418571129739302
ARHGEF12,extended,RGC,5.076885411099487
ARHGEF12,extended,Muller glia,4.033622112657184
ARHGEF12,extended,Microglia,1.8794514540184732
ARL17A,primary,Rod,3.2546706267186334
ARL17A,primary,Cone,3.1227620276455235
ARL17A,primary,Bipolar,3.1305567498760176
ARL17A,primary,RGC,3.271187134086983
ARL17A,primary,Muller glia,2.736486944691365
ARL17A,strict,Rod,3.3077482810016683
ARL17A,strict,Cone,2.6731041225265
ARL17A,strict,Bipolar,3.0887231834887907
ARL17A,strict,RGC,3.3684329208293455
ARL17A,strict,Muller glia,2.763908097150884
ARL17A,extended,Rod,3.2546706267186334
ARL17A,extended,Cone,3.1227620276455235
ARL17A,extended,Bipolar,3.1305567498760176
ARL17A,extended,Horizontal,3.4646465168790903
ARL17A,extended,RGC,3.271187134086983
ARL17A,extended,Muller glia,2.736486944691365
ARL17A,extended,Microglia,2.4117211160401193
ATP5J,primary,Rod,6.301246965556907
ATP5J,primary,Cone,6.931333374077151
ATP5J,primary,Bipolar,6.203221427490875
ATP5J,primary,RGC,6.522005775654783
ATP5J,primary,Muller glia,5.977209655604007
ATP5J,strict,Rod,6.282408446296213
ATP5J,strict,Cone,6.978081756390424
ATP5J,strict,Bipolar,6.196885981072154
ATP5J,strict,RGC,6.542418565577425
ATP5J,strict,Muller glia,5.970055904762096
ATP5J,extended,Rod,6.301246965556907
ATP5J,extended,Cone,6.931333374077151
ATP5J,extended,Bipolar,6.203221427490875
ATP5J,extended,Horizontal,6.186632314359876
ATP5J,extended,RGC,6.522005775654783
ATP5J,extended,Muller glia,5.977209655604007
ATP5J,extended,Microglia,5.24672238319491
BICC1,primary,Rod,0.3136613197656964
BICC1,primary,Cone,0.0
BICC1,primary,Bipolar,0.33294357175883776
BICC1,primary,RGC,2.2689883351269025
BICC1,primary,Muller glia,3.4648828873744257
BICC1,strict,Rod,0.33914486216695555
BICC1,strict,Cone,0.0
BICC1,strict,Bipolar,0.32257799779747426
BICC1,strict,RGC,2.361260478540111
BICC1,strict,Muller glia,3.4647749086710227
BICC1,extended,Rod,0.3136613197656964
BICC1,extended,Cone,0.0
BICC1,extended,Bipolar,0.33294357175883776
BICC1,extended,Horizontal,0.0
BICC1,extended,RGC,2.2689883351269025
BICC1,extended,Muller glia,3.4648828873744257
BICC1,extended,Microglia,0.0
BORA,primary,Rod,1.60022762187217
BORA,primary,Cone,1.3979767719995155
BORA,primary,Bipolar,1.6490604009488177
BORA,primary,RGC,0.0
BORA,primary,Muller glia,1.4872968145539591
BORA,strict,Rod,1.583082985721248
BORA,strict,Cone,1.9169301777989316
BORA,strict,Bipolar,1.5937990822681207
BORA,strict,RGC,0.0
BORA,strict,Muller glia,1.5105642057686792
BORA,extended,Rod,1.60022762187217
BORA,extended,Cone,1.3979767719995155
BORA,extended,Bipolar,1.6490604009488177
BORA,extended,Horizontal,0.853078101473621
BORA,extended,RGC,0.0
BORA,extended,Muller glia,1.4872968145539591
BORA,extended,Microglia,0.7102063046136919
C1orf109,primary,Rod,2.9481285281733656
C1orf109,primary,Cone,2.8669510124878896
C1orf109,primary,Bipolar,2.9562329070009525
C1orf109,primary,RGC,3.1079946513448236
C1orf109,primary,Muller glia,2.4831931234334537
C1orf109,strict,Rod,2.9827586793245615
C1orf109,strict,Cone,3.1039397354834795
C1orf109,strict,Bipolar,2.988215574920938
C1orf109,strict,RGC,3.1285596636082573
C1orf109,strict,Muller glia,2.423821216513342
C1orf109,extended,Rod,2.9481285281733656
C1orf109,extended,Cone,2.8669510124878896
C1orf109,extended,Bipolar,2.9562329070009525
C1orf109,extended,Horizontal,3.557413287862658
C1orf109,extended,RGC,3.1079946513448236
C1orf109,extended,Muller glia,2.4831931234334537
C1orf109,extended,Microglia,1.8951557730003128
C1orf122,primary,Rod,5.23495991963049
C1orf122,primary,Cone,6.0092767392457
C1orf122,primary,Bipolar,5.739108052946637
C1orf122,primary,RGC,5.484882386651115
C1orf122,primary,Muller glia,4.851349341392932
C1orf122,strict,Rod,5.18987305285145
C1orf122,strict,Cone,6.066412325714776
C1orf122,strict,Bipolar,5.7330784762645735
C1orf122,strict,RGC,5.552026022791089
C1orf122,strict,Muller glia,4.84364019788656
C1orf122,extended,Rod,5.23495991963049
C1orf122,extended,Cone,6.0092767392457
C1orf122,extended,Bipolar,5.739108052946637
C1orf122,extended,Horizontal,5.106216076632545
C1orf122,extended,RGC,5.484882386651115
C1orf122,extended,Muller glia,4.851349341392932
C1orf122,extended,Microglia,3.780524604901155
C22orf29,primary,Rod,2.389531245505399
C22orf29,primary,Cone,2.766817412531261
C22orf29,primary,Bipolar,2.943813648780566
C22orf29,primary,RGC,3.09311793576916
C22orf29,primary,Muller glia,2.255125984439338
C22orf29,strict,Rod,2.45211833210765
C22orf29,strict,Cone,1.8658566879505016
C22orf29,strict,Bipolar,2.962069907743993
C22orf29,strict,RGC,3.1026907966843082
C22orf29,strict,Muller glia,2.279380197211805
C22orf29,extended,Rod,2.389531245505399
C22orf29,extended,Cone,2.766817412531261
C22orf29,extended,Bipolar,2.943813648780566
C22orf29,extended,Horizontal,3.42513122457717
C22orf29,extended,RGC,3.09311793576916
C22orf29,extended,Muller glia,2.255125984439338
C22orf29,extended,Microglia,1.2796033118784764
C6orf15,primary,Rod,
C6orf15,primary,Cone,
C6orf15,primary,Bipolar,
C6orf15,primary,RGC,
C6orf15,primary,Muller glia,
C6orf15,strict,Rod,
C6orf15,strict,Cone,
C6orf15,strict,Bipolar,
C6orf15,strict,RGC,
C6orf15,strict,Muller glia,
C6orf15,extended,Rod,
C6orf15,extended,Cone,
C6orf15,extended,Bipolar,
C6orf15,extended,Horizontal,
C6orf15,extended,RGC,
C6orf15,extended,Muller glia,
C6orf15,extended,Microglia,
CADM1,primary,Rod,6.363542234249164
CADM1,primary,Cone,5.239523807518137
CADM1,primary,Bipolar,6.49981094980813
CADM1,primary,RGC,4.969912851914482
CADM1,primary,Muller glia,6.045290182193386
CADM1,strict,Rod,6.398013259801462
CADM1,strict,Cone,5.110027194073553
CADM1,strict,Bipolar,6.5120103514066825
CADM1,strict,RGC,4.915104025908518
CADM1,strict,Muller glia,6.030894444505404
CADM1,extended,Rod,6.363542234249164
CADM1,extended,Cone,5.239523807518137
CADM1,extended,Bipolar,6.49981094980813
CADM1,extended,Horizontal,2.4253713817508484
CADM1,extended,RGC,4.969912851914482
CADM1,extended,Muller glia,6.045290182193386
CADM1,extended,Microglia,4.125579058355417
CADM2,primary,Rod,6.504154546885947
CADM2,primary,Cone,6.346912081436385
CADM2,primary,Bipolar,5.797557244443028
CADM2,primary,RGC,5.715890037172582
CADM2,primary,Muller glia,5.074366633315985
CADM2,strict,Rod,6.522614309496103
CADM2,strict,Cone,6.30877658541536
CADM2,strict,Bipolar,5.78793750806513
CADM2,strict,RGC,5.7216714317599555
CADM2,strict,Muller glia,5.0844001220989306
CADM2,extended,Rod,6.504154546885947
CADM2,extended,Cone,6.346912081436385
CADM2,extended,Bipolar,5.797557244443028
CADM2,extended,Horizontal,4.934242807913194
CADM2,extended,RGC,5.715890037172582
CADM2,extended,Muller glia,5.074366633315985
CADM2,extended,Microglia,4.128400065752935
CAV2,primary,Rod,1.223301314515519
CAV2,primary,Cone,0.7025861642539319
CAV2,primary,Bipolar,1.4721288039067038
CAV2,primary,RGC,3.9051782795886445
CAV2,primary,Muller glia,5.407538056536467
CAV2,strict,Rod,1.272418988015328
CAV2,strict,Cone,1.0249809160349412
CAV2,strict,Bipolar,1.526919377054921
CAV2,strict,RGC,3.9361352642407237
CAV2,strict,Muller glia,5.421654502513834
CAV2,extended,Rod,1.223301314515519
CAV2,extended,Cone,0.7025861642539319
CAV2,extended,Bipolar,1.4721288039067038
CAV2,extended,Horizontal,0.9972541322988658
CAV2,extended,RGC,3.9051782795886445
CAV2,extended,Muller glia,5.407538056536467
CAV2,extended,Microglia,0.5165653430398062
CCDC117,primary,Rod,2.7430518463141964
CCDC117,primary,Cone,2.671420469531246
CCDC117,primary,Bipolar,2.672339115477973
CCDC117,primary,RGC,3.094212475099439
CCDC117,primary,Muller glia,2.3519060400691885
CCDC117,strict,Rod,2.793990174583229
CCDC117,strict,Cone,2.255443053412575
CCDC117,strict,Bipolar,2.7072942979829775
CCDC117,strict,RGC,3.1955113588703727
CCDC117,strict,Muller glia,2.3785854773722757
CCDC117,extended,Rod,2.7430518463141964
CCDC117,extended,Cone,2.671420469531246
CCDC117,extended,Bipolar,2.672339115477973
CCDC117,extended,Horizontal,2.3461288189489213
CCDC117,extended,RGC,3.094212475099439
CCDC117,extended,Muller glia,2.3519060400691885
CCDC117,extended,Microglia,1.2743759998013757
CDC14A,primary,Rod,1.4632967934025773
CDC14A,primary,Cone,2.334418909149793
CDC14A,primary,Bipolar,1.072218976748393
CDC14A,primary,RGC,1.2817142763117821
CDC14A,primary,Muller glia,3.13571014161259
CDC14A,strict,Rod,1.486612085080809
CDC14A,strict,Cone,1.7919664783049718
CDC14A,strict,Bipolar,1.0356045853590985
CDC14A,strict,RGC,1.317824199135009
CDC14A,strict,Muller glia,3.163416148078267
CDC14A,extended,Rod,1.4632967934025773
CDC14A,extended,Cone,2.334418909149793
CDC14A,extended,Bipolar,1.072218976748393
CDC14A,extended,Horizontal,0.0
CDC14A,extended,RGC,1.2817142763117821
CDC14A,extended,Muller glia,3.13571014161259
CDC14A,extended,Microglia,0.0
CDKN2A,primary,Rod,0.0
CDKN2A,primary,Cone,0.0
CDKN2A,primary,Bipolar,0.9084825315073597
CDKN2A,primary,RGC,0.0
CDKN2A,primary,Muller glia,0.3882579653112241
CDKN2A,strict,Rod,0.0
CDKN2A,strict,Cone,0.0
CDKN2A,strict,Bipolar,0.9444222698836918
CDKN2A,strict,RGC,0.0
CDKN2A,strict,Muller glia,0.40436796797552055
CDKN2A,extended,Rod,0.0
CDKN2A,extended,Cone,0.0
CDKN2A,extended,Bipolar,0.9084825315073597
CDKN2A,extended,Horizontal,0.0
CDKN2A,extended,RGC,0.0
CDKN2A,extended,Muller glia,0.3882579653112241
CDKN2A,extended,Microglia,1.7153475005700016
CDKN2B-AS1,primary,Rod,0.01754399057822727
CDKN2B-AS1,primary,Cone,0.2978624074329779
CDKN2B-AS1,primary,Bipolar,0.17412794245845334
CDKN2B-AS1,primary,RGC,0.0
CDKN2B-AS1,primary,Muller glia,0.0
CDKN2B-AS1,strict,Rod,0.017651809518911297
CDKN2B-AS1,strict,Cone,0.0
CDKN2B-AS1,strict,Bipolar,0.19887633964949802
CDKN2B-AS1,strict,RGC,0.0
CDKN2B-AS1,strict,Muller glia,0.0
CDKN2B-AS1,extended,Rod,0.01754399057822727
CDKN2B-AS1,extended,Cone,0.2978624074329779
CDKN2B-AS1,extended,Bipolar,0.17412794245845334
CDKN2B-AS1,extended,Horizontal,0.0
CDKN2B-AS1,extended,RGC,0.0
CDKN2B-AS1,extended,Muller glia,0.0
CDKN2B-AS1,extended,Microglia,0.5641696951876838
CELF1,primary,Rod,3.433056496447724
CELF1,primary,Cone,4.191652925423894
CELF1,primary,Bipolar,4.560064810339994
CELF1,primary,RGC,4.6052778661913525
CELF1,primary,Muller glia,4.2114694373773025
CELF1,strict,Rod,3.459276429802866
CELF1,strict,Cone,4.131893734707925
CELF1,strict,Bipolar,4.573157033905894
CELF1,strict,RGC,4.64935999015242
CELF1,strict,Muller glia,4.224938915999119
CELF1,extended,Rod,3.433056496447724
CELF1,extended,Cone,4.191652925423894
CELF1,extended,Bipolar,4.560064810339994
CELF1,extended,Horizontal,4.721118595885937
CELF1,extended,RGC,4.6052778661913525
CELF1,extended,Muller glia,4.2114694373773025
CELF1,extended,Microglia,4.107196026640339
CLIC5,primary,Rod,0.16092899125738733
CLIC5,primary,Cone,0.0
CLIC5,primary,Bipolar,0.6552166308523526
CLIC5,primary,RGC,0.0
CLIC5,primary,Muller glia,4.283998148709212
CLIC5,strict,Rod,0.1501304337359284
CLIC5,strict,Cone,0.0
CLIC5,strict,Bipolar,0.5744630429661846
CLIC5,strict,RGC,0.0
CLIC5,strict,Muller glia,4.250101482063408
CLIC5,extended,Rod,0.16092899125738733
CLIC5,extended,Cone,0.0
CLIC5,extended,Bipolar,0.6552166308523526
CLIC5,extended,Horizontal,0.0
CLIC5,extended,RGC,0.0
CLIC5,extended,Muller glia,4.283998148709212
CLIC5,extended,Microglia,0.0
CMB9-22P13.1,primary,Rod,
CMB9-22P13.1,primary,Cone,
CMB9-22P13.1,primary,Bipolar,
CMB9-22P13.1,primary,RGC,
CMB9-22P13.1,primary,Muller glia,
CMB9-22P13.1,strict,Rod,
CMB9-22P13.1,strict,Cone,
CMB9-22P13.1,strict,Bipolar,
CMB9-22P13.1,strict,RGC,
CMB9-22P13.1,strict,Muller glia,
CMB9-22P13.1,extended,Rod,
CMB9-22P13.1,extended,Cone,
CMB9-22P13.1,extended,Bipolar,
CMB9-22P13.1,extended,Horizontal,
CMB9-22P13.1,extended,RGC,
CMB9-22P13.1,extended,Muller glia,
CMB9-22P13.1,extended,Microglia,
COL11A1,primary,Rod,0.24888637741813516
COL11A1,primary,Cone,0.6945929109162005
COL11A1,primary,Bipolar,0.0
COL11A1,primary,RGC,3.9147495066952147
COL11A1,primary,Muller glia,4.23784222030077
COL11A1,strict,Rod,0.2770544687120971
COL11A1,strict,Cone,0.7720368922847166
COL11A1,strict,Bipolar,0.0
COL11A1,strict,RGC,3.9545955671371202
COL11A1,strict,Muller glia,4.228805703595341
COL11A1,extended,Rod,0.24888637741813516
COL11A1,extended,Cone,0.6945929109162005
COL11A1,extended,Bipolar,0.0
COL11A1,extended,Horizontal,0.0
COL11A1,extended,RGC,3.9147495066952147
COL11A1,extended,Muller glia,4.23784222030077
COL11A1,extended,Microglia,0.0
CRHR1,primary,Rod,0.041181511194163696
CRHR1,primary,Cone,0.0
CRHR1,primary,Bipolar,0.09830719662628325
CRHR1,primary,RGC,0.0
CRHR1,primary,Muller glia,0.0
CRHR1,strict,Rod,0.053594582278913866
CRHR1,strict,Cone,0.0
CRHR1,strict,Bipolar,0.1140551916910953
CRHR1,strict,RGC,0.0
CRHR1,strict,Muller glia,0.0
CRHR1,extended,Rod,0.041181511194163696
CRHR1,extended,Cone,0.0
CRHR1,extended,Bipolar,0.09830719662628325
CRHR1,extended,Horizontal,0.0
CRHR1,extended,RGC,0.0
CRHR1,extended,Muller glia,0.0
CRHR1,extended,Microglia,0.0
CTA-292E10.6,primary,Rod,2.8470799892168066
CTA-292E10.6,primary,Cone,1.904984945327713
CTA-292E10.6,primary,Bipolar,2.065414036757966
CTA-292E10.6,primary,RGC,1.5103646553679357
CTA-292E10.6,primary,Muller glia,1.3198844579455038
CTA-292E10.6,strict,Rod,2.816225665390636
CTA-292E10.6,strict,Cone,1.3879222384684244
CTA-292E10.6,strict,Bipolar,2.0918763853745146
CTA-292E10.6,strict,RGC,1.4574004427204745
CTA-292E10.6,strict,Muller glia,1.3415825772859045
CTA-292E10.6,extended,Rod,2.8470799892168066
CTA-292E10.6,extended,Cone,1.904984945327713
CTA-292E10.6,extended,Bipolar,2.065414036757966
CTA-292E10.6,extended,Horizontal,0.0
CTA-292E10.6,extended,RGC,1.5103646553679357
CTA-292E10.6,extended,Muller glia,1.3198844579455038
CTA-292E10.6,extended,Microglia,3.809092467572993
CTB-39G8.3,primary,Rod,
CTB-39G8.3,primary,Cone,
CTB-39G8.3,primary,Bipolar,
CTB-39G8.3,primary,RGC,
CTB-39G8.3,primary,Muller glia,
CTB-39G8.3,strict,Rod,
CTB-39G8.3,strict,Cone,
CTB-39G8.3,strict,Bipolar,
CTB-39G8.3,strict,RGC,
CTB-39G8.3,strict,Muller glia,
CTB-39G8.3,extended,Rod,
CTB-39G8.3,extended,Cone,
CTB-39G8.3,extended,Bipolar,
CTB-39G8.3,extended,Horizontal,
CTB-39G8.3,extended,RGC,
CTB-39G8.3,extended,Muller glia,
CTB-39G8.3,extended,Microglia,
CTD-2005H7.1,primary,Rod,0.03421059264257545
CTD-2005H7.1,primary,Cone,0.0
CTD-2005H7.1,primary,Bipolar,0.7498353104889874
CTD-2005H7.1,primary,RGC,0.0
CTD-2005H7.1,primary,Muller glia,0.18380741102223805
CTD-2005H7.1,strict,Rod,0.03441568385106871
CTD-2005H7.1,strict,Cone,0.0
CTD-2005H7.1,strict,Bipolar,0.7355254481480884
CTD-2005H7.1,strict,RGC,0.0
CTD-2005H7.1,strict,Muller glia,0.18454378998427343
CTD-2005H7.1,extended,Rod,0.03421059264257545
CTD-2005H7.1,extended,Cone,0.0
CTD-2005H7.1,extended,Bipolar,0.7498353104889874
CTD-2005H7.1,extended,Horizontal,0.914185948945967
CTD-2005H7.1,extended,RGC,0.0
CTD-2005H7.1,extended,Muller glia,0.18380741102223805
CTD-2005H7.1,extended,Microglia,0.0
CTD-2020K17.1,primary,Rod,0.7409712571842403
CTD-2020K17.1,primary,Cone,0.18115058744359938
CTD-2020K17.1,primary,Bipolar,0.59303650590178
CTD-2020K17.1,primary,RGC,2.1753677888451874
CTD-2020K17.1,primary,Muller glia,1.2265480861472315
CTD-2020K17.1,strict,Rod,0.3572285546646412
CTD-2020K17.1,strict,Cone,0.2215844074880998
CTD-2020K17.1,strict,Bipolar,0.5077608929327191
CTD-2020K17.1,strict,RGC,1.2726306177626856
CTD-2020K17.1,strict,Muller glia,1.2467765568100269
CTD-2020K17.1,extended,Rod,0.7409712571842403
CTD-2020K17.1,extended,Cone,0.18115058744359938
CTD-2020K17.1,extended,Bipolar,0.59303650590178
CTD-2020K17.1,extended,Horizontal,0.0
CTD-2020K17.1,extended,RGC,2.1753677888451874
CTD-2020K17.1,extended,Muller glia,1.2265480861472315
CTD-2020K17.1,extended,Microglia,0.9767512436246119
CTD-2020K17.3,primary,Rod,0.14505618395920686
CTD-2020K17.3,primary,Cone,0.18115058744359938
CTD-2020K17.3,primary,Bipolar,1.998127655514775
CTD-2020K17.3,primary,RGC,2.6218349655215074
CTD-2020K17.3,primary,Muller glia,0.3882579653112241
CTD-2020K17.3,strict,Rod,0.1747071417684867
CTD-2020K17.3,strict,Cone,0.2215844074880998
CTD-2020K17.3,strict,Bipolar,1.971143936540728
CTD-2020K17.3,strict,RGC,2.4999183765458786
CTD-2020K17.3,strict,Muller glia,0.40436796797552055
CTD-2020K17.3,extended,Rod,0.14505618395920686
CTD-2020K17.3,extended,Cone,0.18115058744359938
CTD-2020K17.3,extended,Bipolar,1.998127655514775
CTD-2020K17.3,extended,Horizontal,1.911440081244833
CTD-2020K17.3,extended,RGC,2.6218349655215074
CTD-2020K17.3,extended,Muller glia,0.3882579653112241
CTD-2020K17.3,extended,Microglia,0.0
CTTNBP2,primary,Rod,0.7810648639941978
CTTNBP2,primary,Cone,3.1429589528036748
CTTNBP2,primary,Bipolar,3.1763543203965647
CTTNBP2,primary,RGC,4.443707153414238
CTTNBP2,primary,Muller glia,4.8562059503154185
CTTNBP2,strict,Rod,0.7670136226481671
CTTNBP2,strict,Cone,2.225145336029969
CTTNBP2,strict,Bipolar,3.2336673444179467
CTTNBP2,strict,RGC,4.508638910822753
CTTNBP2,strict,Muller glia,4.863465847414258
CTTNBP2,extended,Rod,0.7810648639941978
CTTNBP2,extended,Cone,3.1429589528036748
CTTNBP2,extended,Bipolar,3.1763543203965647
CTTNBP2,extended,Horizontal,5.228141351317578
CTTNBP2,extended,RGC,4.443707153414238
CTTNBP2,extended,Muller glia,4.8562059503154185
CTTNBP2,extended,Microglia,3.2407898115111267
DDX39BP2,primary,Rod,
DDX39BP2,primary,Cone,
DDX39BP2,primary,Bipolar,
DDX39BP2,primary,RGC,
DDX39BP2,primary,Muller glia,
DDX39BP2,strict,Rod,
DDX39BP2,strict,Cone,
DDX39BP2,strict,Bipolar,
DDX39BP2,strict,RGC,
DDX39BP2,strict,Muller glia,
DDX39BP2,extended,Rod,
DDX39BP2,extended,Cone,
DDX39BP2,extended,Bipolar,
DDX39BP2,extended,Horizontal,
DDX39BP2,extended,RGC,
DDX39BP2,extended,Muller glia,
DDX39BP2,extended,Microglia,
DIO1,primary,Rod,
DIO1,primary,Cone,
DIO1,primary,Bipolar,
DIO1,primary,RGC,
DIO1,primary,Muller glia,
DIO1,strict,Rod,
DIO1,strict,Cone,
DIO1,strict,Bipolar,
DIO1,strict,RGC,
DIO1,strict,Muller glia,
DIO1,extended,Rod,
DIO1,extended,Cone,
DIO1,extended,Bipolar,
DIO1,extended,Horizontal,
DIO1,extended,RGC,
DIO1,extended,Muller glia,
DIO1,extended,Microglia,
DND1P1,primary,Rod,
DND1P1,primary,Cone,
DND1P1,primary,Bipolar,
DND1P1,primary,RGC,
DND1P1,primary,Muller glia,
DND1P1,strict,Rod,
DND1P1,strict,Cone,
DND1P1,strict,Bipolar,
DND1P1,strict,RGC,
DND1P1,strict,Muller glia,
DND1P1,extended,Rod,
DND1P1,extended,Cone,
DND1P1,extended,Bipolar,
DND1P1,extended,Horizontal,
DND1P1,extended,RGC,
DND1P1,extended,Muller glia,
DND1P1,extended,Microglia,
DYSF,primary,Rod,0.31034783315038267
DYSF,primary,Cone,0.0
DYSF,primary,Bipolar,0.48584900026705974
DYSF,primary,RGC,0.0
DYSF,primary,Muller glia,0.3882579653112241
DYSF,strict,Rod,0.13376866823145794
DYSF,strict,Cone,0.0
DYSF,strict,Bipolar,0.5077608929327191
DYSF,strict,RGC,0.0
DYSF,strict,Muller glia,0.40436796797552055
DYSF,extended,Rod,0.31034783315038267
DYSF,extended,Cone,0.0
DYSF,extended,Bipolar,0.48584900026705974
DYSF,extended,Horizontal,0.0
DYSF,extended,RGC,0.0
DYSF,extended,Muller glia,0.3882579653112241
DYSF,extended,Microglia,0.0
EFCAB13,primary,Rod,1.0528686133682272
EFCAB13,primary,Cone,0.7025861642539319
EFCAB13,primary,Bipolar,1.707633270687926
EFCAB13,primary,RGC,2.0543875597262553
EFCAB13,primary,Muller glia,1.162125876918525
EFCAB13,strict,Rod,1.0614611168129802
EFCAB13,strict,Cone,0.4477984185531169
EFCAB13,strict,Bipolar,1.6170023965306088
EFCAB13,strict,RGC,1.960485189110858
EFCAB13,strict,Muller glia,1.0475214586314465
EFCAB13,extended,Rod,1.0528686133682272
EFCAB13,extended,Cone,0.7025861642539319
EFCAB13,extended,Bipolar,1.707633270687926
EFCAB13,extended,Horizontal,0.853078101473621
EFCAB13,extended,RGC,2.0543875597262553
EFCAB13,extended,Muller glia,1.162125876918525
EFCAB13,extended,Microglia,0.5641696951876838
EFEMP1,primary,Rod,0.19096705443872639
EFEMP1,primary,Cone,0.18115058744359938
EFEMP1,primary,Bipolar,0.5351020135516914
EFEMP1,primary,RGC,0.0
EFEMP1,primary,Muller glia,4.474385913305882
EFEMP1,strict,Rod,0.19066814999549972
EFEMP1,strict,Cone,0.2215844074880998
EFEMP1,strict,Bipolar,0.5183178727285633
EFEMP1,strict,RGC,0.0
EFEMP1,strict,Muller glia,4.456855726775886
EFEMP1,extended,Rod,0.19096705443872639
EFEMP1,extended,Cone,0.18115058744359938
EFEMP1,extended,Bipolar,0.5351020135516914
EFEMP1,extended,Horizontal,0.914185948945967
EFEMP1,extended,RGC,0.0
EFEMP1,extended,Muller glia,4.474385913305882
EFEMP1,extended,Microglia,0.0
EHBP1L1,primary,Rod,0.05872550177239096
EHBP1L1,primary,Cone,0.0
EHBP1L1,primary,Bipolar,0.34548621857913414
EHBP1L1,primary,RGC,1.395252595255999
EHBP1L1,primary,Muller glia,1.1570772005605077
EHBP1L1,strict,Rod,0.07124639179782516
EHBP1L1,strict,Cone,0.0
EHBP1L1,strict,Bipolar,0.36594023685980553
EHBP1L1,strict,RGC,1.336080356786022
EHBP1L1,strict,Muller glia,1.177188696250755
EHBP1L1,extended,Rod,0.05872550177239096
EHBP1L1,extended,Cone,0.0
EHBP1L1,extended,Bipolar,0.34548621857913414
EHBP1L1,extended,Horizontal,0.0
EHBP1L1,extended,RGC,1.395252595255999
EHBP1L1,extended,Muller glia,1.1570772005605077
EHBP1L1,extended,Microglia,1.8161276766759027
FAM215B,primary,Rod,3.4973909172619226
FAM215B,primary,Cone,3.067752456015945
FAM215B,primary,Bipolar,3.894706106518291
FAM215B,primary,RGC,3.7452537746651253
FAM215B,primary,Muller glia,3.611482083443036
FAM215B,strict,Rod,3.5815876519602647
FAM215B,strict,Cone,3.0293459220544654
FAM215B,strict,Bipolar,3.89642075507634
FAM215B,strict,RGC,3.7134283159850514
FAM215B,strict,Muller glia,3.6055298915683935
FAM215B,extended,Rod,3.4973909172619226
FAM215B,extended,Cone,3.067752456015945
FAM215B,extended,Bipolar,3.894706106518291
FAM215B,extended,Horizontal,4.207678451345618
FAM215B,extended,RGC,3.7452537746651253
FAM215B,extended,Muller glia,3.611482083443036
FAM215B,extended,Microglia,2.7945325209920298
FAM83A,primary,Rod,
FAM83A,primary,Cone,
FAM83A,primary,Bipolar,
FAM83A,primary,RGC,
FAM83A,primary,Muller glia,
FAM83A,strict,Rod,
FAM83A,strict,Cone,
FAM83A,strict,Bipolar,
FAM83A,strict,RGC,
FAM83A,strict,Muller glia,
FAM83A,extended,Rod,
FAM83A,extended,Cone,
FAM83A,extended,Bipolar,
FAM83A,extended,Horizontal,
FAM83A,extended,RGC,
FAM83A,extended,Muller glia,
FAM83A,extended,Microglia,
FAM83A-AS1,primary,Rod,
FAM83A-AS1,primary,Cone,
FAM83A-AS1,primary,Bipolar,
FAM83A-AS1,primary,RGC,
FAM83A-AS1,primary,Muller glia,
FAM83A-AS1,strict,Rod,
FAM83A-AS1,strict,Cone,
FAM83A-AS1,strict,Bipolar,
FAM83A-AS1,strict,RGC,
FAM83A-AS1,strict,Muller glia,
FAM83A-AS1,extended,Rod,
FAM83A-AS1,extended,Cone,
FAM83A-AS1,extended,Bipolar,
FAM83A-AS1,extended,Horizontal,
FAM83A-AS1,extended,RGC,
FAM83A-AS1,extended,Muller glia,
FAM83A-AS1,extended,Microglia,
FAM89B,primary,Rod,1.1108311358600076
FAM89B,primary,Cone,0.5858784991421063
FAM89B,primary,Bipolar,1.5413115534367254
FAM89B,primary,RGC,3.1615248301561962
FAM89B,primary,Muller glia,0.8455617253661044
FAM89B,strict,Rod,1.141542225376565
FAM89B,strict,Cone,0.5771824974818244
FAM89B,strict,Bipolar,1.4947090640973855
FAM89B,strict,RGC,3.2233987133046944
FAM89B,strict,Muller glia,0.8629673044309433
FAM89B,extended,Rod,1.1108311358600076
FAM89B,extended,Cone,0.5858784991421063
FAM89B,extended,Bipolar,1.5413115534367254
FAM89B,extended,Horizontal,3.2049930353403657
FAM89B,extended,RGC,3.1615248301561962
FAM89B,extended,Muller glia,0.8455617253661044
FAM89B,extended,Microglia,1.485019043706143
FHL3,primary,Rod,0.0
FHL3,primary,Cone,0.19588907440219583
FHL3,primary,Bipolar,0.4760885559885981
FHL3,primary,RGC,0.40358228003428853
FHL3,primary,Muller glia,0.8554769123705489
FHL3,strict,Rod,0.0
FHL3,strict,Cone,0.0
FHL3,strict,Bipolar,0.4655214050544409
FHL3,strict,RGC,0.4499727504671554
FHL3,strict,Muller glia,0.8745545353010513
FHL3,extended,Rod,0.0
FHL3,extended,Cone,0.19588907440219583
FHL3,extended,Bipolar,0.4760885559885981
FHL3,extended,Horizontal,0.0
FHL3,extended,RGC,0.40358228003428853
FHL3,extended,Muller glia,0.8554769123705489
FHL3,extended,Microglia,3.567218543163442
FLOT1,primary,Rod,3.4397702410171918
FLOT1,primary,Cone,3.0181830911019394
FLOT1,primary,Bipolar,3.642389126751558
FLOT1,primary,RGC,4.922393812215368
FLOT1,primary,Muller glia,4.197610201781081
FLOT1,strict,Rod,3.4826772198189677
FLOT1,strict,Cone,2.8079304708054766
FLOT1,strict,Bipolar,3.6787124481964892
FLOT1,strict,RGC,4.9226412550847
FLOT1,strict,Muller glia,4.15378358848709
FLOT1,extended,Rod,3.4397702410171918
FLOT1,extended,Cone,3.0181830911019394
FLOT1,extended,Bipolar,3.642389126751558
FLOT1,extended,Horizontal,4.174602000066051
FLOT1,extended,RGC,4.922393812215368
FLOT1,extended,Muller glia,4.197610201781081
FLOT1,extended,Microglia,4.995065535990197
FLVCR2,primary,Rod,0.11977527869739873
FLVCR2,primary,Cone,0.19588907440219583
FLVCR2,primary,Bipolar,0.0
FLVCR2,primary,RGC,0.0
FLVCR2,primary,Muller glia,0.30160028818995865
FLVCR2,strict,Rod,0.13011483367493318
FLVCR2,strict,Cone,0.0
FLVCR2,strict,Bipolar,0.0
FLVCR2,strict,RGC,0.0
FLVCR2,strict,Muller glia,0.3026341609497037
FLVCR2,extended,Rod,0.11977527869739873
FLVCR2,extended,Cone,0.19588907440219583
FLVCR2,extended,Bipolar,0.0
FLVCR2,extended,Horizontal,0.0
FLVCR2,extended,RGC,0.0
FLVCR2,extended,Muller glia,0.30160028818995865
FLVCR2,extended,Microglia,1.2796033118784764
FMNL1,primary,Rod,0.07539210383673915
FMNL1,primary,Cone,0.0
FMNL1,primary,Bipolar,1.1821372222661017
FMNL1,primary,RGC,1.8625695297584322
FMNL1,primary,Muller glia,0.5720653763334621
FMNL1,strict,Rod,0.08801026612998257
FMNL1,strict,Cone,0.0
FMNL1,strict,Bipolar,1.1837361015372363
FMNL1,strict,RGC,1.9525667745599533
FMNL1,strict,Muller glia,0.588911757959794
FMNL1,extended,Rod,0.07539210383673915
FMNL1,extended,Cone,0.0
FMNL1,extended,Bipolar,1.1821372222661017
FMNL1,extended,Horizontal,0.0
FMNL1,extended,RGC,1.8625695297584322
FMNL1,extended,Muller glia,0.5720653763334621
FMNL1,extended,Microglia,4.23327892672721
FNDC4,primary,Rod,2.5442717720827126
FNDC4,primary,Cone,2.8602600964981755
FNDC4,primary,Bipolar,2.8973397361553386
FNDC4,primary,RGC,4.1575235746131876
FNDC4,primary,Muller glia,2.9520447718141027
FNDC4,strict,Rod,2.5861517534859693
FNDC4,strict,Cone,2.3007449736138597
FNDC4,strict,Bipolar,2.922708369003169
FNDC4,strict,RGC,4.1180811073255965
FNDC4,strict,Muller glia,2.9459725444924403
FNDC4,extended,Rod,2.5442717720827126
FNDC4,extended,Cone,2.8602600964981755
FNDC4,extended,Bipolar,2.8973397361553386
FNDC4,extended,Horizontal,0.853078101473621
FNDC4,extended,RGC,4.1575235746131876
FNDC4,extended,Muller glia,2.9520447718141027
FNDC4,extended,Microglia,0.0
GALR3,primary,Rod,
GALR3,primary,Cone,
GALR3,primary,Bipolar,
GALR3,primary,RGC,
GALR3,primary,Muller glia,
GALR3,strict,Rod,
GALR3,strict,Cone,
GALR3,strict,Bipolar,
GALR3,strict,RGC,
GALR3,strict,Muller glia,
GALR3,extended,Rod,
GALR3,extended,Cone,
GALR3,extended,Bipolar,
GALR3,extended,Horizontal,
GALR3,extended,RGC,
GALR3,extended,Muller glia,
GALR3,extended,Microglia,
GCAT,primary,Rod,0.2676124005810403
GCAT,primary,Cone,0.0
GCAT,primary,Bipolar,2.4536600855444415
GCAT,primary,RGC,2.8988780665922103
GCAT,primary,Muller glia,3.00105080132029
GCAT,strict,Rod,0.2594067205701041
GCAT,strict,Cone,0.0
GCAT,strict,Bipolar,2.419787420732583
GCAT,strict,RGC,2.955470315233029
GCAT,strict,Muller glia,2.9911243844587947
GCAT,extended,Rod,0.2676124005810403
GCAT,extended,Cone,0.0
GCAT,extended,Bipolar,2.4536600855444415
GCAT,extended,Horizontal,2.2662979356459356
GCAT,extended,RGC,2.8988780665922103
GCAT,extended,Muller glia,3.00105080132029
GCAT,extended,Microglia,0.5165653430398062
GLIS1,primary,Rod,0.0
GLIS1,primary,Cone,0.0
GLIS1,primary,Bipolar,0.23585806042597132
GLIS1,primary,RGC,0.0
GLIS1,primary,Muller glia,0.5720653763334621
GLIS1,strict,Rod,0.0
GLIS1,strict,Cone,0.0
GLIS1,strict,Bipolar,0.19887633964949802
GLIS1,strict,RGC,0.0
GLIS1,strict,Muller glia,0.588911757959794
GLIS1,extended,Rod,0.0
GLIS1,extended,Cone,0.0
GLIS1,extended,Bipolar,0.23585806042597132
GLIS1,extended,Horizontal,0.0
GLIS1,extended,RGC,0.0
GLIS1,extended,Muller glia,0.5720653763334621
GLIS1,extended,Microglia,0.0
H1F0,primary,Rod,1.0871935203677021
H1F0,primary,Cone,0.4526111702908681
H1F0,primary,Bipolar,5.11237918839102
H1F0,primary,RGC,4.644569617420129
H1F0,primary,Muller glia,4.598582991654171
H1F0,strict,Rod,1.1230252783046555
H1F0,strict,Cone,0.35352388252312106
H1F0,strict,Bipolar,5.129426620227988
H1F0,strict,RGC,4.685882970716807
H1F0,strict,Muller glia,4.605861402974952
H1F0,extended,Rod,1.0871935203677021
H1F0,extended,Cone,0.4526111702908681
H1F0,extended,Bipolar,5.11237918839102
H1F0,extended,Horizontal,5.344364061630415
H1F0,extended,RGC,4.644569617420129
H1F0,extended,Muller glia,4.598582991654171
H1F0,extended,Microglia,4.884195012874023
HCG4,primary,Rod,
HCG4,primary,Cone,
HCG4,primary,Bipolar,
HCG4,primary,RGC,
HCG4,primary,Muller glia,
HCG4,strict,Rod,
HCG4,strict,Cone,
HCG4,strict,Bipolar,
HCG4,strict,RGC,
HCG4,strict,Muller glia,
HCG4,extended,Rod,
HCG4,extended,Cone,
HCG4,extended,Bipolar,
HCG4,extended,Horizontal,
HCG4,extended,RGC,
HCG4,extended,Muller glia,
HCG4,extended,Microglia,
HCG4B,primary,Rod,
HCG4B,primary,Cone,
HCG4B,primary,Bipolar,
HCG4B,primary,RGC,
HCG4B,primary,Muller glia,
HCG4B,strict,Rod,
HCG4B,strict,Cone,
HCG4B,strict,Bipolar,
HCG4B,strict,RGC,
HCG4B,strict,Muller glia,
HCG4B,extended,Rod,
HCG4B,extended,Cone,
HCG4B,extended,Bipolar,
HCG4B,extended,Horizontal,
HCG4B,extended,RGC,
HCG4B,extended,Muller glia,
HCG4B,extended,Microglia,
HCG4P5,primary,Rod,
HCG4P5,primary,Cone,
HCG4P5,primary,Bipolar,
HCG4P5,primary,RGC,
HCG4P5,primary,Muller glia,
HCG4P5,strict,Rod,
HCG4P5,strict,Cone,
HCG4P5,strict,Bipolar,
HCG4P5,strict,RGC,
HCG4P5,strict,Muller glia,
HCG4P5,extended,Rod,
HCG4P5,extended,Cone,
HCG4P5,extended,Bipolar,
HCG4P5,extended,Horizontal,
HCG4P5,extended,RGC,
HCG4P5,extended,Muller glia,
HCG4P5,extended,Microglia,
HCG4P7,primary,Rod,
HCG4P7,primary,Cone,
HCG4P7,primary,Bipolar,
HCG4P7,primary,RGC,
HCG4P7,primary,Muller glia,
HCG4P7,strict,Rod,
HCG4P7,strict,Cone,
HCG4P7,strict,Bipolar,
HCG4P7,strict,RGC,
HCG4P7,strict,Muller glia,
HCG4P7,extended,Rod,
HCG4P7,extended,Cone,
HCG4P7,extended,Bipolar,
HCG4P7,extended,Horizontal,
HCG4P7,extended,RGC,
HCG4P7,extended,Muller glia,
HCG4P7,extended,Microglia,
HCG9,primary,Rod,0.0
HCG9,primary,Cone,0.0
HCG9,primary,Bipolar,0.20549470226100355
HCG9,primary,RGC,0.5015990827225936
HCG9,primary,Muller glia,0.0
HCG9,strict,Rod,0.0
HCG9,strict,Cone,0.0
HCG9,strict,Bipolar,0.1140551916910953
HCG9,strict,RGC,0.5086495418523843
HCG9,strict,Muller glia,0.0
HCG9,extended,Rod,0.0
HCG9,extended,Cone,0.0
HCG9,extended,Bipolar,0.20549470226100355
HCG9,extended,Horizontal,0.0
HCG9,extended,RGC,0.5015990827225936
HCG9,extended,Muller glia,0.0
HCG9,extended,Microglia,0.0
HCP5B,primary,Rod,0.0
HCP5B,primary,Cone,0.0
HCP5B,primary,Bipolar,0.09830719662628325
HCP5B,primary,RGC,0.40358228003428853
HCP5B,primary,Muller glia,0.0
HCP5B,strict,Rod,0.0
HCP5B,strict,Cone,0.0
HCP5B,strict,Bipolar,0.1140551916910953
HCP5B,strict,RGC,0.4499727504671554
HCP5B,strict,Muller glia,0.0
HCP5B,extended,Rod,0.0
HCP5B,extended,Cone,0.0
HCP5B,extended,Bipolar,0.09830719662628325
HCP5B,extended,Horizontal,0.0
HCP5B,extended,RGC,0.40358228003428853
HCP5B,extended,Muller glia,0.0
HCP5B,extended,Microglia,0.0
HECTD4,primary,Rod,2.945526221509629
HECTD4,primary,Cone,3.7054534724234287
HECTD4,primary,Bipolar,3.339459883846549
HECTD4,primary,RGC,4.068653381766249
HECTD4,primary,Muller glia,2.914192189239927
HECTD4,strict,Rod,2.9399724530475786
HECTD4,strict,Cone,3.269367740834506
HECTD4,strict,Bipolar,3.336624633870914
HECTD4,strict,RGC,4.133618693454296
HECTD4,strict,Muller glia,2.875793887439471
HECTD4,extended,Rod,2.945526221509629
HECTD4,extended,Cone,3.7054534724234287
HECTD4,extended,Bipolar,3.339459883846549
HECTD4,extended,Horizontal,2.2662979356459356
HECTD4,extended,RGC,4.068653381766249
HECTD4,extended,Muller glia,2.914192189239927
HECTD4,extended,Microglia,1.3960667562043392
HLA-A,primary,Rod,2.158649908783081
HLA-A,primary,Cone,1.7242436184308791
HLA-A,primary,Bipolar,4.601773939668088
HLA-A,primary,RGC,5.131599628505201
HLA-A,primary,Muller glia,5.368841261988378
HLA-A,strict,Rod,2.174478402503209
HLA-A,strict,Cone,1.747806267673082
HLA-A,strict,Bipolar,4.660634225184595
HLA-A,strict,RGC,5.1784207752572335
HLA-A,strict,Muller glia,5.375384138817693
HLA-A,extended,Rod,2.158649908783081
HLA-A,extended,Cone,1.7242436184308791
HLA-A,extended,Bipolar,4.601773939668088
HLA-A,extended,Horizontal,3.3372750986258537
HLA-A,extended,RGC,5.131599628505201
HLA-A,extended,Muller glia,5.368841261988378
HLA-A,extended,Microglia,7.134491976602433
HLA-C,primary,Rod,2.365018623956002
HLA-C,primary,Cone,1.8228907206633558
HLA-C,primary,Bipolar,4.2507975497383566
HLA-C,primary,RGC,4.84226114282817
HLA-C,primary,Muller glia,5.558895111744067
HLA-C,strict,Rod,2.3731777390010786
HLA-C,strict,Cone,1.5675498576074105
HLA-C,strict,Bipolar,4.284763885859626
HLA-C,strict,RGC,4.900361176828565
HLA-C,strict,Muller glia,5.564508200949214
HLA-C,extended,Rod,2.365018623956002
HLA-C,extended,Cone,1.8228907206633558
HLA-C,extended,Bipolar,4.2507975497383566
HLA-C,extended,Horizontal,5.91172912758951
HLA-C,extended,RGC,4.84226114282817
HLA-C,extended,Muller glia,5.558895111744067
HLA-C,extended,Microglia,7.3648191620417505
HLA-F,primary,Rod,0.49312814610823413
HLA-F,primary,Cone,0.18115058744359938
HLA-F,primary,Bipolar,0.5435638431502373
HLA-F,primary,RGC,0.6959673135585871
HLA-F,primary,Muller glia,1.9647295818966046
HLA-F,strict,Rod,0.5139895764501242
HLA-F,strict,Cone,0.0
HLA-F,strict,Bipolar,0.6480358371371575
HLA-F,strict,RGC,0.7529240786195559
HLA-F,strict,Muller glia,1.874687101967525
HLA-F,extended,Rod,0.49312814610823413
HLA-F,extended,Cone,0.18115058744359938
HLA-F,extended,Bipolar,0.5435638431502373
HLA-F,extended,Horizontal,0.853078101473621
HLA-F,extended,RGC,0.6959673135585871
HLA-F,extended,Muller glia,1.9647295818966046
HLA-F,extended,Microglia,2.7481587974747756
HLA-F-AS1,primary,Rod,
HLA-F-AS1,primary,Cone,
HLA-F-AS1,primary,Bipolar,
HLA-F-AS1,primary,RGC,
HLA-F-AS1,primary,Muller glia,
HLA-F-AS1,strict,Rod,
HLA-F-AS1,strict,Cone,
HLA-F-AS1,strict,Bipolar,
HLA-F-AS1,strict,RGC,
HLA-F-AS1,strict,Muller glia,
HLA-F-AS1,extended,Rod,
HLA-F-AS1,extended,Cone,
HLA-F-AS1,extended,Bipolar,
HLA-F-AS1,extended,Horizontal,
HLA-F-AS1,extended,RGC,
HLA-F-AS1,extended,Muller glia,
HLA-F-AS1,extended,Microglia,
HLA-G,primary,Rod,0.20770486622397147
HLA-G,primary,Cone,0.0
HLA-G,primary,Bipolar,0.3543665275875712
HLA-G,primary,RGC,0.0
HLA-G,primary,Muller glia,0.0
HLA-G,strict,Rod,0.22345988643318326
HLA-G,strict,Cone,0.0
HLA-G,strict,Bipolar,0.3948284524256769
HLA-G,strict,RGC,0.0
HLA-G,strict,Muller glia,0.0
HLA-G,extended,Rod,0.20770486622397147
HLA-G,extended,Cone,0.0
HLA-G,extended,Bipolar,0.3543665275875712
HLA-G,extended,Horizontal,0.0
HLA-G,extended,RGC,0.0
HLA-G,extended,Muller glia,0.0
HLA-G,extended,Microglia,0.5165653430398062
HLA-H,primary,Rod,
HLA-H,primary,Cone,
HLA-H,primary,Bipolar,
HLA-H,primary,RGC,
HLA-H,primary,Muller glia,
HLA-H,strict,Rod,
HLA-H,strict,Cone,
HLA-H,strict,Bipolar,
HLA-H,strict,RGC,
HLA-H,strict,Muller glia,
HLA-H,extended,Rod,
HLA-H,extended,Cone,
HLA-H,extended,Bipolar,
HLA-H,extended,Horizontal,
HLA-H,extended,RGC,
HLA-H,extended,Muller glia,
HLA-H,extended,Microglia,
HLA-J,primary,Rod,
HLA-J,primary,Cone,
HLA-J,primary,Bipolar,
HLA-J,primary,RGC,
HLA-J,primary,Muller glia,
HLA-J,strict,Rod,
HLA-J,strict,Cone,
HLA-J,strict,Bipolar,
HLA-J,strict,RGC,
HLA-J,strict,Muller glia,
HLA-J,extended,Rod,
HLA-J,extended,Cone,
HLA-J,extended,Bipolar,
HLA-J,extended,Horizontal,
HLA-J,extended,RGC,
HLA-J,extended,Muller glia,
HLA-J,extended,Microglia,
HLA-L,primary,Rod,
HLA-L,primary,Cone,
HLA-L,primary,Bipolar,
HLA-L,primary,RGC,
HLA-L,primary,Muller glia,
HLA-L,strict,Rod,
HLA-L,strict,Cone,
HLA-L,strict,Bipolar,
HLA-L,strict,RGC,
HLA-L,strict,Muller glia,
HLA-L,extended,Rod,
HLA-L,extended,Cone,
HLA-L,extended,Bipolar,
HLA-L,extended,Horizontal,
HLA-L,extended,RGC,
HLA-L,extended,Muller glia,
HLA-L,extended,Microglia,
HLA-T,primary,Rod,
HLA-T,primary,Cone,
HLA-T,primary,Bipolar,
HLA-T,primary,RGC,
HLA-T,primary,Muller glia,
HLA-T,strict,Rod,
HLA-T,strict,Cone,
HLA-T,strict,Bipolar,
HLA-T,strict,RGC,
HLA-T,strict,Muller glia,
HLA-T,extended,Rod,
HLA-T,extended,Cone,
HLA-T,extended,Bipolar,
HLA-T,extended,Horizontal,
HLA-T,extended,RGC,
HLA-T,extended,Muller glia,
HLA-T,extended,Microglia,
HLA-U,primary,Rod,
HLA-U,primary,Cone,
HLA-U,primary,Bipolar,
HLA-U,primary,RGC,
HLA-U,primary,Muller glia,
HLA-U,strict,Rod,
HLA-U,strict,Cone,
HLA-U,strict,Bipolar,
HLA-U,strict,RGC,
HLA-U,strict,Muller glia,
HLA-U,extended,Rod,
HLA-U,extended,Cone,
HLA-U,extended,Bipolar,
HLA-U,extended,Horizontal,
HLA-U,extended,RGC,
HLA-U,extended,Muller glia,
HLA-U,extended,Microglia,
HLA-V,primary,Rod,
HLA-V,primary,Cone,
HLA-V,primary,Bipolar,
HLA-V,primary,RGC,
HLA-V,primary,Muller glia,
HLA-V,strict,Rod,
HLA-V,strict,Cone,
HLA-V,strict,Bipolar,
HLA-V,strict,RGC,
HLA-V,strict,Muller glia,
HLA-V,extended,Rod,
HLA-V,extended,Cone,
HLA-V,extended,Bipolar,
HLA-V,extended,Horizontal,
HLA-V,extended,RGC,
HLA-V,extended,Muller glia,
HLA-V,extended,Microglia,
HLA-W,primary,Rod,
HLA-W,primary,Cone,
HLA-W,primary,Bipolar,
HLA-W,primary,RGC,
HLA-W,primary,Muller glia,
HLA-W,strict,Rod,
HLA-W,strict,Cone,
HLA-W,strict,Bipolar,
HLA-W,strict,RGC,
HLA-W,strict,Muller glia,
HLA-W,extended,Rod,
HLA-W,extended,Cone,
HLA-W,extended,Bipolar,
HLA-W,extended,Horizontal,
HLA-W,extended,RGC,
HLA-W,extended,Muller glia,
HLA-W,extended,Microglia,
HSCB,primary,Rod,2.680025622121432
HSCB,primary,Cone,1.8058851478111928
HSCB,primary,Bipolar,2.75202584603482
HSCB,primary,RGC,3.1011882289919543
HSCB,primary,Muller glia,3.4458530930054216
HSCB,strict,Rod,2.6806369813026762
HSCB,strict,Cone,1.8077532606546718
HSCB,strict,Bipolar,2.8253639784280096
HSCB,strict,RGC,3.16710058353847
HSCB,strict,Muller glia,3.431194005904483
HSCB,extended,Rod,2.680025622121432
HSCB,extended,Cone,1.8058851478111928
HSCB,extended,Bipolar,2.75202584603482
HSCB,extended,Horizontal,1.911440081244833
HSCB,extended,RGC,3.1011882289919543
HSCB,extended,Muller glia,3.4458530930054216
HSCB,extended,Microglia,3.879375651897934
HTRA3,primary,Rod,0.0
HTRA3,primary,Cone,0.0
HTRA3,primary,Bipolar,0.0
HTRA3,primary,RGC,0.0
HTRA3,primary,Muller glia,0.18380741102223805
HTRA3,strict,Rod,0.0
HTRA3,strict,Cone,0.0
HTRA3,strict,Bipolar,0.0
HTRA3,strict,RGC,0.0
HTRA3,strict,Muller glia,0.18454378998427343
HTRA3,extended,Rod,0.0
HTRA3,extended,Cone,0.0
HTRA3,extended,Bipolar,0.0
HTRA3,extended,Horizontal,0.0
HTRA3,extended,RGC,0.0
HTRA3,extended,Muller glia,0.18380741102223805
HTRA3,extended,Microglia,0.0
IFITM4P,primary,Rod,
IFITM4P,primary,Cone,
IFITM4P,primary,Bipolar,
IFITM4P,primary,RGC,
IFITM4P,primary,Muller glia,
IFITM4P,strict,Rod,
IFITM4P,strict,Cone,
IFITM4P,strict,Bipolar,
IFITM4P,strict,RGC,
IFITM4P,strict,Muller glia,
IFITM4P,extended,Rod,
IFITM4P,extended,Cone,
IFITM4P,extended,Bipolar,
IFITM4P,extended,Horizontal,
IFITM4P,extended,RGC,
IFITM4P,extended,Muller glia,
IFITM4P,extended,Microglia,
IFT172,primary,Rod,3.5605082026181343
IFT172,primary,Cone,3.488262840345595
IFT172,primary,Bipolar,2.750257628864677
IFT172,primary,RGC,2.3456075775779794
IFT172,primary,Muller glia,2.9596410472860217
IFT172,strict,Rod,3.617640960132156
IFT172,strict,Cone,3.1430254877727943
IFT172,strict,Bipolar,2.698903904949075
IFT172,strict,RGC,2.4427989984610536
IFT172,strict,Muller glia,2.9075935219303783
IFT172,extended,Rod,3.5605082026181343
IFT172,extended,Cone,3.488262840345595
IFT172,extended,Bipolar,2.750257628864677
IFT172,extended,Horizontal,1.911440081244833
IFT172,extended,RGC,2.3456075775779794
IFT172,extended,Muller glia,2.9596410472860217
IFT172,extended,Microglia,0.7102063046136919
INPP5B,primary,Rod,1.960996949026666
INPP5B,primary,Cone,1.229163947557939
INPP5B,primary,Bipolar,1.9844028236948592
INPP5B,primary,RGC,2.7930521633255734
INPP5B,primary,Muller glia,2.1827798042722897
INPP5B,strict,Rod,2.0032286161047304
INPP5B,strict,Cone,1.1585085572952492
INPP5B,strict,Bipolar,1.952845322638111
INPP5B,strict,RGC,2.8895261623644584
INPP5B,strict,Muller glia,2.209235415511506
INPP5B,extended,Rod,1.960996949026666
INPP5B,extended,Cone,1.229163947557939
INPP5B,extended,Bipolar,1.9844028236948592
INPP5B,extended,Horizontal,3.2025554334615554
INPP5B,extended,RGC,2.7930521633255734
INPP5B,extended,Muller glia,2.1827798042722897
INPP5B,extended,Microglia,1.2743759998013757
ITGB3,primary,Rod,0.0
ITGB3,primary,Cone,0.0
ITGB3,primary,Bipolar,0.0
ITGB3,primary,RGC,0.0
ITGB3,primary,Muller glia,0.0
ITGB3,strict,Rod,0.0
ITGB3,strict,Cone,0.0
ITGB3,strict,Bipolar,0.0
ITGB3,strict,RGC,0.0
ITGB3,strict,Muller glia,0.0
ITGB3,extended,Rod,0.0
ITGB3,extended,Cone,0.0
ITGB3,extended,Bipolar,0.0
ITGB3,extended,Horizontal,0.0
ITGB3,extended,RGC,0.0
ITGB3,extended,Muller glia,0.0
ITGB3,extended,Microglia,1.08073503822749
KANSL1,primary,Rod,4.706260168890251
KANSL1,primary,Cone,4.6326824361480865
KANSL1,primary,Bipolar,4.839489355976949
KANSL1,primary,RGC,4.909720593765874
KANSL1,primary,Muller glia,4.410878840676117
KANSL1,strict,Rod,4.772513715272363
KANSL1,strict,Cone,4.573433369331521
KANSL1,strict,Bipolar,4.859228552067764
KANSL1,strict,RGC,4.945271629689045
KANSL1,strict,Muller glia,4.401427522585986
KANSL1,extended,Rod,4.706260168890251
KANSL1,extended,Cone,4.6326824361480865
KANSL1,extended,Bipolar,4.839489355976949
KANSL1,extended,Horizontal,4.902101139966974
KANSL1,extended,RGC,4.909720593765874
KANSL1,extended,Muller glia,4.410878840676117
KANSL1,extended,Microglia,3.735714528224569
KANSL1-AS1,primary,Rod,2.798684787512317
KANSL1-AS1,primary,Cone,2.0109811665331883
KANSL1-AS1,primary,Bipolar,2.5713050094366046
KANSL1-AS1,primary,RGC,2.598812294148624
KANSL1-AS1,primary,Muller glia,2.545990100761932
KANSL1-AS1,strict,Rod,2.7282282192365153
KANSL1-AS1,strict,Cone,1.7634186160136351
KANSL1-AS1,strict,Bipolar,2.6259106004611366
KANSL1-AS1,strict,RGC,2.693557209374305
KANSL1-AS1,strict,Muller glia,2.5617252070125773
KANSL1-AS1,extended,Rod,2.798684787512317
KANSL1-AS1,extended,Cone,2.0109811665331883
KANSL1-AS1,extended,Bipolar,2.5713050094366046
KANSL1-AS1,extended,Horizontal,2.502585108179952
KANSL1-AS1,extended,RGC,2.598812294148624
KANSL1-AS1,extended,Muller glia,2.545990100761932
KANSL1-AS1,extended,Microglia,1.8119529734697881
KHK,primary,Rod,1.6702376512921984
KHK,primary,Cone,0.9042252901643417
KHK,primary,Bipolar,2.4027532877534488
KHK,primary,RGC,3.2598826795618217
KHK,primary,Muller glia,2.335799432122251
KHK,strict,Rod,1.651383207367127
KHK,strict,Cone,0.986223797793986
KHK,strict,Bipolar,2.3857148642742483
KHK,strict,RGC,3.2900176710982656
KHK,strict,Muller glia,2.362444456171559
KHK,extended,Rod,1.6702376512921984
KHK,extended,Cone,0.9042252901643417
KHK,extended,Bipolar,2.4027532877534488
KHK,extended,Horizontal,2.9870939738340687
KHK,extended,RGC,3.2598826795618217
KHK,extended,Muller glia,2.335799432122251
KHK,extended,Microglia,0.5641696951876838
KLF5,primary,Rod,0.1785007804697897
KLF5,primary,Cone,0.0
KLF5,primary,Bipolar,0.10718750563472033
KLF5,primary,RGC,0.0
KLF5,primary,Muller glia,0.0
KLF5,strict,Rod,0.20136122547275837
KLF5,strict,Cone,0.0
KLF5,strict,Bipolar,0.14294340725696664
KLF5,strict,RGC,0.0
KLF5,strict,Muller glia,0.0
KLF5,extended,Rod,0.1785007804697897
KLF5,extended,Cone,0.0
KLF5,extended,Bipolar,0.10718750563472033
KLF5,extended,Horizontal,1.0709771629799183
KLF5,extended,RGC,0.0
KLF5,extended,Muller glia,0.0
KLF5,extended,Microglia,0.0
KRT8P26,primary,Rod,
KRT8P26,primary,Cone,
KRT8P26,primary,Bipolar,
KRT8P26,primary,RGC,
KRT8P26,primary,Muller glia,
KRT8P26,strict,Rod,
KRT8P26,strict,Cone,
KRT8P26,strict,Bipolar,
KRT8P26,strict,RGC,
KRT8P26,strict,Muller glia,
KRT8P26,extended,Rod,
KRT8P26,extended,Cone,
KRT8P26,extended,Bipolar,
KRT8P26,extended,Horizontal,
KRT8P26,extended,RGC,
KRT8P26,extended,Muller glia,
KRT8P26,extended,Microglia,
LHPP,primary,Rod,2.5838024746223787
LHPP,primary,Cone,3.1485915533458573
LHPP,primary,Bipolar,2.6568956908841304
LHPP,primary,RGC,3.2484310954373927
LHPP,primary,Muller glia,2.8494074834477714
LHPP,strict,Rod,2.5691675951959816
LHPP,strict,Cone,3.2822337147681915
LHPP,strict,Bipolar,2.7088565654248487
LHPP,strict,RGC,3.3244244447292783
LHPP,strict,Muller glia,2.7820436122811234
LHPP,extended,Rod,2.5838024746223787
LHPP,extended,Cone,3.1485915533458573
LHPP,extended,Bipolar,2.6568956908841304
LHPP,extended,Horizontal,3.722415031594432
LHPP,extended,RGC,3.2484310954373927
LHPP,extended,Muller glia,2.8494074834477714
LHPP,extended,Microglia,1.2743759998013757
LINC01948,primary,Rod,0.0
LINC01948,primary,Cone,0.0
LINC01948,primary,Bipolar,0.2864727610160408
LINC01948,primary,RGC,0.0
LINC01948,primary,Muller glia,0.0
LINC01948,strict,Rod,0.0
LINC01948,strict,Cone,0.0
LINC01948,strict,Bipolar,0.14294340725696664
LINC01948,strict,RGC,0.0
LINC01948,strict,Muller glia,0.0
LINC01948,extended,Rod,0.0
LINC01948,extended,Cone,0.0
LINC01948,extended,Bipolar,0.2864727610160408
LINC01948,extended,Horizontal,0.0
LINC01948,extended,RGC,0.0
LINC01948,extended,Muller glia,0.0
LINC01948,extended,Microglia,0.0
LINC02052,primary,Rod,
LINC02052,primary,Cone,
LINC02052,primary,Bipolar,
LINC02052,primary,RGC,
LINC02052,primary,Muller glia,
LINC02052,strict,Rod,
LINC02052,strict,Cone,
LINC02052,strict,Bipolar,
LINC02052,strict,RGC,
LINC02052,strict,Muller glia,
LINC02052,extended,Rod,
LINC02052,extended,Cone,
LINC02052,extended,Bipolar,
LINC02052,extended,Horizontal,
LINC02052,extended,RGC,
LINC02052,extended,Muller glia,
LINC02052,extended,Microglia,
LINC02210,primary,Rod,
LINC02210,primary,Cone,
LINC02210,primary,Bipolar,
LINC02210,primary,RGC,
LINC02210,primary,Muller glia,
LINC02210,strict,Rod,
LINC02210,strict,Cone,
LINC02210,strict,Bipolar,
LINC02210,strict,RGC,
LINC02210,strict,Muller glia,
LINC02210,extended,Rod,
LINC02210,extended,Cone,
LINC02210,extended,Bipolar,
LINC02210,extended,Horizontal,
LINC02210,extended,RGC,
LINC02210,extended,Muller glia,
LINC02210,extended,Microglia,
LMO4,primary,Rod,2.0566631313474564
LMO4,primary,Cone,4.332643184427563
LMO4,primary,Bipolar,5.60577423088704
LMO4,primary,RGC,6.469502319694136
LMO4,primary,Muller glia,4.3556116739403405
LMO4,strict,Rod,2.0244332049273077
LMO4,strict,Cone,4.261798145464789
LMO4,strict,Bipolar,5.491826074765115
LMO4,strict,RGC,6.546421481079918
LMO4,strict,Muller glia,4.362817992563163
LMO4,extended,Rod,2.0566631313474564
LMO4,extended,Cone,4.332643184427563
LMO4,extended,Bipolar,5.60577423088704
LMO4,extended,Horizontal,3.3404829991758613
LMO4,extended,RGC,6.469502319694136
LMO4,extended,Muller glia,4.3556116739403405
LMO4,extended,Microglia,4.12890314531189
LMO7,primary,Rod,2.0692130726518516
LMO7,primary,Cone,1.9500206434586789
LMO7,primary,Bipolar,1.6452531709959377
LMO7,primary,RGC,1.4760825071477754
LMO7,primary,Muller glia,1.7196772780002654
LMO7,strict,Rod,2.0684226949214257
LMO7,strict,Cone,1.9305454495799657
LMO7,strict,Bipolar,1.5454118869819957
LMO7,strict,RGC,1.4439172327075689
LMO7,strict,Muller glia,1.451889426606967
LMO7,extended,Rod,2.0692130726518516
LMO7,extended,Cone,1.9500206434586789
LMO7,extended,Bipolar,1.6452531709959377
LMO7,extended,Horizontal,1.1343241381827716
LMO7,extended,RGC,1.4760825071477754
LMO7,extended,Muller glia,1.7196772780002654
LMO7,extended,Microglia,0.8318970610166554
LOXL1,primary,Rod,0.0
LOXL1,primary,Cone,0.0
LOXL1,primary,Bipolar,0.500444922607858
LOXL1,primary,RGC,2.85081205538744
LOXL1,primary,Muller glia,2.3358175161095183
LOXL1,strict,Rod,0.0
LOXL1,strict,Cone,0.0
LOXL1,strict,Bipolar,0.5712059314887109
LOXL1,strict,RGC,2.9473627535343923
LOXL1,strict,Muller glia,2.3611927292668455
LOXL1,extended,Rod,0.0
LOXL1,extended,Cone,0.0
LOXL1,extended,Bipolar,0.500444922607858
LOXL1,extended,Horizontal,0.9972541322988658
LOXL1,extended,RGC,2.85081205538744
LOXL1,extended,Muller glia,2.3358175161095183
LOXL1,extended,Microglia,0.0
LOXL1-AS1,primary,Rod,0.03421059264257545
LOXL1-AS1,primary,Cone,0.0
LOXL1-AS1,primary,Bipolar,0.0
LOXL1-AS1,primary,RGC,2.4785425426400107
LOXL1-AS1,primary,Muller glia,1.249532551538092
LOXL1-AS1,strict,Rod,0.03441568385106871
LOXL1-AS1,strict,Cone,0.0
LOXL1-AS1,strict,Bipolar,0.0
LOXL1-AS1,strict,RGC,2.5713356484825707
LOXL1-AS1,strict,Muller glia,1.2692785520942058
LOXL1-AS1,extended,Rod,0.03421059264257545
LOXL1-AS1,extended,Cone,0.0
LOXL1-AS1,extended,Bipolar,0.0
LOXL1-AS1,extended,Horizontal,0.0
LOXL1-AS1,extended,RGC,2.4785425426400107
LOXL1-AS1,extended,Muller glia,1.249532551538092
LOXL1-AS1,extended,Microglia,0.5165653430398062
LRRC37A,primary,Rod,1.105631123072898
LRRC37A,primary,Cone,1.257400069210653
LRRC37A,primary,Bipolar,0.8729777337649768
LRRC37A,primary,RGC,1.6636898676748995
LRRC37A,primary,Muller glia,0.0
LRRC37A,strict,Rod,1.1650986964572783
LRRC37A,strict,Cone,1.2094256842304048
LRRC37A,strict,Bipolar,1.0047472412527536
LRRC37A,strict,RGC,1.6626536875065152
LRRC37A,strict,Muller glia,0.0
LRRC37A,extended,Rod,1.105631123072898
LRRC37A,extended,Cone,1.257400069210653
LRRC37A,extended,Bipolar,0.8729777337649768
LRRC37A,extended,Horizontal,0.0
LRRC37A,extended,RGC,1.6636898676748995
LRRC37A,extended,Muller glia,0.0
LRRC37A,extended,Microglia,0.0
LRRC37A17P,primary,Rod,
LRRC37A17P,primary,Cone,
LRRC37A17P,primary,Bipolar,
LRRC37A17P,primary,RGC,
LRRC37A17P,primary,Muller glia,
LRRC37A17P,strict,Rod,
LRRC37A17P,strict,Cone,
LRRC37A17P,strict,Bipolar,
LRRC37A17P,strict,RGC,
LRRC37A17P,strict,Muller glia,
LRRC37A17P,extended,Rod,
LRRC37A17P,extended,Cone,
LRRC37A17P,extended,Bipolar,
LRRC37A17P,extended,Horizontal,
LRRC37A17P,extended,RGC,
LRRC37A17P,extended,Muller glia,
LRRC37A17P,extended,Microglia,
LRRC37A2,primary,Rod,2.408899250794916
LRRC37A2,primary,Cone,2.274326024554862
LRRC37A2,primary,Bipolar,2.5150774806238037
LRRC37A2,primary,RGC,2.263553341981191
LRRC37A2,primary,Muller glia,1.899453804756524
LRRC37A2,strict,Rod,2.4237059438290776
LRRC37A2,strict,Cone,0.6764033973804701
LRRC37A2,strict,Bipolar,2.5189613004018367
LRRC37A2,strict,RGC,2.34768976512567
LRRC37A2,strict,Muller glia,1.9234201945949863
LRRC37A2,extended,Rod,2.408899250794916
LRRC37A2,extended,Cone,2.274326024554862
LRRC37A2,extended,Bipolar,2.5150774806238037
LRRC37A2,extended,Horizontal,2.068231295278784
LRRC37A2,extended,RGC,2.263553341981191
LRRC37A2,extended,Muller glia,1.899453804756524
LRRC37A2,extended,Microglia,1.2743759998013757
LRRC37A4P,primary,Rod,
LRRC37A4P,primary,Cone,
LRRC37A4P,primary,Bipolar,
LRRC37A4P,primary,RGC,
LRRC37A4P,primary,Muller glia,
LRRC37A4P,strict,Rod,
LRRC37A4P,strict,Cone,
LRRC37A4P,strict,Bipolar,
LRRC37A4P,strict,RGC,
LRRC37A4P,strict,Muller glia,
LRRC37A4P,extended,Rod,
LRRC37A4P,extended,Cone,
LRRC37A4P,extended,Bipolar,
LRRC37A4P,extended,Horizontal,
LRRC37A4P,extended,RGC,
LRRC37A4P,extended,Muller glia,
LRRC37A4P,extended,Microglia,
LRWD1,primary,Rod,2.8587304943836416
LRWD1,primary,Cone,2.4020470410636485
LRWD1,primary,Bipolar,2.5600145740743803
LRWD1,primary,RGC,2.931048610622763
LRWD1,primary,Muller glia,1.736898409161011
LRWD1,strict,Rod,2.9011890288806463
LRWD1,strict,Cone,2.709186413057887
LRWD1,strict,Bipolar,2.5968189688605925
LRWD1,strict,RGC,3.0305416361005917
LRWD1,strict,Muller glia,1.7604208256189298
LRWD1,extended,Rod,2.8587304943836416
LRWD1,extended,Cone,2.4020470410636485
LRWD1,extended,Bipolar,2.5600145740743803
LRWD1,extended,Horizontal,1.8503322337724868
LRWD1,extended,RGC,2.931048610622763
LRWD1,extended,Muller glia,1.736898409161011
LRWD1,extended,Microglia,1.4732442734523623
LTBP2,primary,Rod,0.37915042684041333
LTBP2,primary,Cone,0.18115058744359938
LTBP2,primary,Bipolar,1.027198396588396
LTBP2,primary,RGC,0.0
LTBP2,primary,Muller glia,0.4672189470593248
LTBP2,strict,Rod,0.4173436325564676
LTBP2,strict,Cone,0.0
LTBP2,strict,Bipolar,0.9584046134863572
LTBP2,strict,RGC,0.0
LTBP2,strict,Muller glia,0.4701865673255307
LTBP2,extended,Rod,0.37915042684041333
LTBP2,extended,Cone,0.18115058744359938
LTBP2,extended,Bipolar,1.027198396588396
LTBP2,extended,Horizontal,0.0
LTBP2,extended,RGC,0.0
LTBP2,extended,Muller glia,0.4672189470593248
LTBP2,extended,Microglia,0.0
LTBP3,primary,Rod,1.5792854554718907
LTBP3,primary,Cone,0.31844868680641575
LTBP3,primary,Bipolar,2.870425163086013
LTBP3,primary,RGC,3.09239627212112
LTBP3,primary,Muller glia,3.731389404037895
LTBP3,strict,Rod,1.5840859651510388
LTBP3,strict,Cone,0.5771824974818244
LTBP3,strict,Bipolar,2.826724255326061
LTBP3,strict,RGC,2.919543401578885
LTBP3,strict,Muller glia,3.7534626189601212
LTBP3,extended,Rod,1.5792854554718907
LTBP3,extended,Cone,0.31844868680641575
LTBP3,extended,Bipolar,2.870425163086013
LTBP3,extended,Horizontal,2.517537348062831
LTBP3,extended,RGC,3.09239627212112
LTBP3,extended,Muller glia,3.731389404037895
LTBP3,extended,Microglia,0.0
MADD,primary,Rod,3.9188321183627655
MADD,primary,Cone,4.3488537013979744
MADD,primary,Bipolar,3.8426073404045815
MADD,primary,RGC,4.198318217783889
MADD,primary,Muller glia,2.7939397149522365
MADD,strict,Rod,3.9562715762515452
MADD,strict,Cone,4.2111558397643485
MADD,strict,Bipolar,3.790331520493067
MADD,strict,RGC,4.199199900069307
MADD,strict,Muller glia,2.721817989332855
MADD,extended,Rod,3.9188321183627655
MADD,extended,Cone,4.3488537013979744
MADD,extended,Bipolar,3.8426073404045815
MADD,extended,Horizontal,4.419128693923805
MADD,extended,RGC,4.198318217783889
MADD,extended,Muller glia,2.7939397149522365
MADD,extended,Microglia,1.2743759998013757
MAPK8IP1P1,primary,Rod,
MAPK8IP1P1,primary,Cone,
MAPK8IP1P1,primary,Bipolar,
MAPK8IP1P1,primary,RGC,
MAPK8IP1P1,primary,Muller glia,
MAPK8IP1P1,strict,Rod,
MAPK8IP1P1,strict,Cone,
MAPK8IP1P1,strict,Bipolar,
MAPK8IP1P1,strict,RGC,
MAPK8IP1P1,strict,Muller glia,
MAPK8IP1P1,extended,Rod,
MAPK8IP1P1,extended,Cone,
MAPK8IP1P1,extended,Bipolar,
MAPK8IP1P1,extended,Horizontal,
MAPK8IP1P1,extended,RGC,
MAPK8IP1P1,extended,Muller glia,
MAPK8IP1P1,extended,Microglia,
MAPK8IP1P2,primary,Rod,
MAPK8IP1P2,primary,Cone,
MAPK8IP1P2,primary,Bipolar,
MAPK8IP1P2,primary,RGC,
MAPK8IP1P2,primary,Muller glia,
MAPK8IP1P2,strict,Rod,
MAPK8IP1P2,strict,Cone,
MAPK8IP1P2,strict,Bipolar,
MAPK8IP1P2,strict,RGC,
MAPK8IP1P2,strict,Muller glia,
MAPK8IP1P2,extended,Rod,
MAPK8IP1P2,extended,Cone,
MAPK8IP1P2,extended,Bipolar,
MAPK8IP1P2,extended,Horizontal,
MAPK8IP1P2,extended,RGC,
MAPK8IP1P2,extended,Muller glia,
MAPK8IP1P2,extended,Microglia,
MAPT,primary,Rod,2.09075309787454
MAPT,primary,Cone,3.855938070555213
MAPT,primary,Bipolar,5.508109238769691
MAPT,primary,RGC,5.311899814733914
MAPT,primary,Muller glia,4.960893211142774
MAPT,strict,Rod,2.118437463483532
MAPT,strict,Cone,3.763054763748452
MAPT,strict,Bipolar,5.546041589437131
MAPT,strict,RGC,5.313097774533651
MAPT,strict,Muller glia,4.963028250237493
MAPT,extended,Rod,2.09075309787454
MAPT,extended,Cone,3.855938070555213
MAPT,extended,Bipolar,5.508109238769691
MAPT,extended,Horizontal,5.834803348289114
MAPT,extended,RGC,5.311899814733914
MAPT,extended,Muller glia,4.960893211142774
MAPT,extended,Microglia,0.5641696951876838
MAPT-AS1,primary,Rod,0.2896888866730632
MAPT-AS1,primary,Cone,0.49375148183517376
MAPT-AS1,primary,Bipolar,3.102735955912099
MAPT-AS1,primary,RGC,1.5614842078383984
MAPT-AS1,primary,Muller glia,2.47184769523531
MAPT-AS1,strict,Rod,0.2594067205701041
MAPT-AS1,strict,Cone,0.2215844074880998
MAPT-AS1,strict,Bipolar,3.117819982321129
MAPT-AS1,strict,RGC,1.5620987359021807
MAPT-AS1,strict,Muller glia,2.4979627448013053
MAPT-AS1,extended,Rod,0.2896888866730632
MAPT-AS1,extended,Cone,0.49375148183517376
MAPT-AS1,extended,Bipolar,3.102735955912099
MAPT-AS1,extended,Horizontal,3.343382951247787
MAPT-AS1,extended,RGC,1.5614842078383984
MAPT-AS1,extended,Muller glia,2.47184769523531
MAPT-AS1,extended,Microglia,0.0
MAPT-IT1,primary,Rod,
MAPT-IT1,primary,Cone,
MAPT-IT1,primary,Bipolar,
MAPT-IT1,primary,RGC,
MAPT-IT1,primary,Muller glia,
MAPT-IT1,strict,Rod,
MAPT-IT1,strict,Cone,
MAPT-IT1,strict,Bipolar,
MAPT-IT1,strict,RGC,
MAPT-IT1,strict,Muller glia,
MAPT-IT1,extended,Rod,
MAPT-IT1,extended,Cone,
MAPT-IT1,extended,Bipolar,
MAPT-IT1,extended,Horizontal,
MAPT-IT1,extended,RGC,
MAPT-IT1,extended,Muller glia,
MAPT-IT1,extended,Microglia,
ME3,primary,Rod,0.6715961766788646
ME3,primary,Cone,0.8604730781045044
ME3,primary,Bipolar,3.4943895879320093
ME3,primary,RGC,1.4555123072790035
ME3,primary,Muller glia,1.8576885655681847
ME3,strict,Rod,0.5930878405974386
ME3,strict,Cone,1.0983866166793355
ME3,strict,Bipolar,3.4825941702328382
ME3,strict,RGC,1.4747382547917898
ME3,strict,Muller glia,1.8837538932680393
ME3,extended,Rod,0.6715961766788646
ME3,extended,Cone,0.8604730781045044
ME3,extended,Bipolar,3.4943895879320093
ME3,extended,Horizontal,3.287334904012928
ME3,extended,RGC,1.4555123072790035
ME3,extended,Muller glia,1.8576885655681847
ME3,extended,Microglia,1.1321178041616426
MICE,primary,Rod,
MICE,primary,Cone,
MICE,primary,Bipolar,
MICE,primary,RGC,
MICE,primary,Muller glia,
MICE,strict,Rod,
MICE,strict,Cone,
MICE,strict,Bipolar,
MICE,strict,RGC,
MICE,strict,Muller glia,
MICE,extended,Rod,
MICE,extended,Cone,
MICE,extended,Bipolar,
MICE,extended,Horizontal,
MICE,extended,RGC,
MICE,extended,Muller glia,
MICE,extended,Microglia,
MOV10,primary,Rod,0.2807042699547861
MOV10,primary,Cone,0.38413747744751614
MOV10,primary,Bipolar,0.37260080148632646
MOV10,primary,RGC,1.2742723661370672
MOV10,primary,Muller glia,2.6968241285578305
MOV10,strict,Rod,0.1804915257530149
MOV10,strict,Cone,0.4477984185531169
MOV10,strict,Bipolar,0.3706155571080156
MOV10,strict,RGC,1.336080356786022
MOV10,strict,Muller glia,2.709380321762976
MOV10,extended,Rod,0.2807042699547861
MOV10,extended,Cone,0.38413747744751614
MOV10,extended,Bipolar,0.37260080148632646
MOV10,extended,Horizontal,0.0
MOV10,extended,RGC,1.2742723661370672
MOV10,extended,Muller glia,2.6968241285578305
MOV10,extended,Microglia,0.5165653430398062
MRPL33,primary,Rod,5.62774593279912
MRPL33,primary,Cone,5.808009094371177
MRPL33,primary,Bipolar,5.796890072264809
MRPL33,primary,RGC,5.480796957489722
MRPL33,primary,Muller glia,5.336673127798307
MRPL33,strict,Rod,5.5840657294545295
MRPL33,strict,Cone,5.857680553878031
MRPL33,strict,Bipolar,5.791581263355474
MRPL33,strict,RGC,5.513751497906608
MRPL33,strict,Muller glia,5.334896057245833
MRPL33,extended,Rod,5.62774593279912
MRPL33,extended,Cone,5.808009094371177
MRPL33,extended,Bipolar,5.796890072264809
MRPL33,extended,Horizontal,6.137930336624038
MRPL33,extended,RGC,5.480796957489722
MRPL33,extended,Muller glia,5.336673127798307
MRPL33,extended,Microglia,4.707204009374649
MTCH2,primary,Rod,4.371213237652907
MTCH2,primary,Cone,4.543737298475872
MTCH2,primary,Bipolar,4.163431498285614
MTCH2,primary,RGC,4.2276309221825645
MTCH2,primary,Muller glia,4.203934331801971
MTCH2,strict,Rod,4.368816897627678
MTCH2,strict,Cone,4.710566442905337
MTCH2,strict,Bipolar,4.1695444735932155
MTCH2,strict,RGC,4.112001362422512
MTCH2,strict,Muller glia,4.232256099567519
MTCH2,extended,Rod,4.371213237652907
MTCH2,extended,Cone,4.543737298475872
MTCH2,extended,Bipolar,4.163431498285614
MTCH2,extended,Horizontal,4.27545933316676
MTCH2,extended,RGC,4.2276309221825645
MTCH2,extended,Muller glia,4.203934331801971
MTCH2,extended,Microglia,2.393188431512632
MVB12B,primary,Rod,1.4921128154895824
MVB12B,primary,Cone,0.19588907440219583
MVB12B,primary,Bipolar,1.8438931266298442
MVB12B,primary,RGC,2.985427679403664
MVB12B,primary,Muller glia,2.5361315749636075
MVB12B,strict,Rod,1.5144521727678235
MVB12B,strict,Cone,0.0
MVB12B,strict,Bipolar,1.8390443184475058
MVB12B,strict,RGC,2.996632309503184
MVB12B,strict,Muller glia,2.5626086375897845
MVB12B,extended,Rod,1.4921128154895824
MVB12B,extended,Cone,0.19588907440219583
MVB12B,extended,Bipolar,1.8438931266298442
MVB12B,extended,Horizontal,2.263015515085275
MVB12B,extended,RGC,2.985427679403664
MVB12B,extended,Muller glia,2.5361315749636075
MVB12B,extended,Microglia,0.9208493485184593
Metazoa_SRP,primary,Rod,
Metazoa_SRP,primary,Cone,
Metazoa_SRP,primary,Bipolar,
Metazoa_SRP,primary,RGC,
Metazoa_SRP,primary,Muller glia,
Metazoa_SRP,strict,Rod,
Metazoa_SRP,strict,Cone,
Metazoa_SRP,strict,Bipolar,
Metazoa_SRP,strict,RGC,
Metazoa_SRP,strict,Muller glia,
Metazoa_SRP,extended,Rod,
Metazoa_SRP,extended,Cone,
Metazoa_SRP,extended,Bipolar,
Metazoa_SRP,extended,Horizontal,
Metazoa_SRP,extended,RGC,
Metazoa_SRP,extended,Muller glia,
Metazoa_SRP,extended,Microglia,
NEAT1,primary,Rod,2.943004544639049
NEAT1,primary,Cone,2.689354884470769
NEAT1,primary,Bipolar,5.9278703669788895
NEAT1,primary,RGC,6.6130569571402456
NEAT1,primary,Muller glia,6.63574727033944
NEAT1,strict,Rod,2.993698130951531
NEAT1,strict,Cone,2.777697748645567
NEAT1,strict,Bipolar,5.928829946417808
NEAT1,strict,RGC,6.6405602730093
NEAT1,strict,Muller glia,6.618535091491876
NEAT1,extended,Rod,2.943004544639049
NEAT1,extended,Cone,2.689354884470769
NEAT1,extended,Bipolar,5.9278703669788895
NEAT1,extended,Horizontal,7.05551428303762
NEAT1,extended,RGC,6.6130569571402456
NEAT1,extended,Muller glia,6.63574727033944
NEAT1,extended,Microglia,7.420033562006105
NMT1,primary,Rod,4.782738623723753
NMT1,primary,Cone,4.93683813314496
NMT1,primary,Bipolar,4.262470071604444
NMT1,primary,RGC,4.599012655682794
NMT1,primary,Muller glia,4.049205761349962
NMT1,strict,Rod,4.81303106518369
NMT1,strict,Cone,4.766992702087425
NMT1,strict,Bipolar,4.281109207372163
NMT1,strict,RGC,4.5296349270341265
NMT1,strict,Muller glia,4.022839805122635
NMT1,extended,Rod,4.782738623723753
NMT1,extended,Cone,4.93683813314496
NMT1,extended,Bipolar,4.262470071604444
NMT1,extended,Horizontal,4.662793828410127
NMT1,extended,RGC,4.599012655682794
NMT1,extended,Muller glia,4.049205761349962
NMT1,extended,Microglia,2.680139996923499
NPEPPS,primary,Rod,4.481063601865526
NPEPPS,primary,Cone,4.85740962109924
NPEPPS,primary,Bipolar,4.84200647331566
NPEPPS,primary,RGC,4.743454574914273
NPEPPS,primary,Muller glia,3.853469179316397
NPEPPS,strict,Rod,4.539435596872921
NPEPPS,strict,Cone,4.853720719591625
NPEPPS,strict,Bipolar,4.851447183564581
NPEPPS,strict,RGC,4.782178381444582
NPEPPS,strict,Muller glia,3.871055806900568
NPEPPS,extended,Rod,4.481063601865526
NPEPPS,extended,Cone,4.85740962109924
NPEPPS,extended,Bipolar,4.84200647331566
NPEPPS,extended,Horizontal,4.720706491342642
NPEPPS,extended,RGC,4.743454574914273
NPEPPS,extended,Muller glia,3.853469179316397
NPEPPS,extended,Microglia,2.3503032416721665
NRBP1,primary,Rod,4.035727858778271
NRBP1,primary,Cone,3.86583431549361
NRBP1,primary,Bipolar,3.868297600491036
NRBP1,primary,RGC,4.1376849686969495
NRBP1,primary,Muller glia,3.740591139450723
NRBP1,strict,Rod,4.087630063632504
NRBP1,strict,Cone,3.833841064035594
NRBP1,strict,Bipolar,3.8871649421445222
NRBP1,strict,RGC,4.133618693454296
NRBP1,strict,Muller glia,3.7376825511191396
NRBP1,extended,Rod,4.035727858778271
NRBP1,extended,Cone,3.86583431549361
NRBP1,extended,Bipolar,3.868297600491036
NRBP1,extended,Horizontal,4.048173487005577
NRBP1,extended,RGC,4.1376849686969495
NRBP1,extended,Muller glia,3.740591139450723
NRBP1,extended,Microglia,3.3362841978665565
NSF,primary,Rod,4.670624479468503
NSF,primary,Cone,5.117265909199791
NSF,primary,Bipolar,4.912029230418619
NSF,primary,RGC,4.995015809932575
NSF,primary,Muller glia,3.4829656989163778
NSF,strict,Rod,4.721916791719608
NSF,strict,Cone,5.030521183498746
NSF,strict,Bipolar,4.927097537669096
NSF,strict,RGC,5.006865967882024
NSF,strict,Muller glia,3.492449581202109
NSF,extended,Rod,4.670624479468503
NSF,extended,Cone,5.117265909199791
NSF,extended,Bipolar,4.912029230418619
NSF,extended,Horizontal,3.562377135822695
NSF,extended,RGC,4.995015809932575
NSF,extended,Muller glia,3.4829656989163778
NSF,extended,Microglia,3.2869541808549716
NUCB2,primary,Rod,5.03463537510466
NUCB2,primary,Cone,4.724666358596797
NUCB2,primary,Bipolar,4.7427746146614895
NUCB2,primary,RGC,4.5012635264230845
NUCB2,primary,Muller glia,4.712102595385029
NUCB2,strict,Rod,5.037616331982854
NUCB2,strict,Cone,4.733559347741365
NUCB2,strict,Bipolar,4.758056343031377
NUCB2,strict,RGC,4.518985380915506
NUCB2,strict,Muller glia,4.733561560518843
NUCB2,extended,Rod,5.03463537510466
NUCB2,extended,Cone,4.724666358596797
NUCB2,extended,Bipolar,4.7427746146614895
NUCB2,extended,Horizontal,4.492139157648394
NUCB2,extended,RGC,4.5012635264230845
NUCB2,extended,Muller glia,4.712102595385029
NUCB2,extended,Microglia,2.6042079322376206
NUDT7,primary,Rod,2.726290559935307
NUDT7,primary,Cone,1.683611716910179
NUDT7,primary,Bipolar,2.12099409622204
NUDT7,primary,RGC,0.9056906966008159
NUDT7,primary,Muller glia,3.99033888479797
NUDT7,strict,Rod,2.765747386477694
NUDT7,strict,Cone,1.2932410114822277
NUDT7,strict,Bipolar,2.101801475237965
NUDT7,strict,RGC,0.9660887129394055
NUDT7,strict,Muller glia,3.9934556427245798
NUDT7,extended,Rod,2.726290559935307
NUDT7,extended,Cone,1.683611716910179
NUDT7,extended,Bipolar,2.12099409622204
NUDT7,extended,Horizontal,0.914185948945967
NUDT7,extended,RGC,0.9056906966008159
NUDT7,extended,Muller glia,3.99033888479797
NUDT7,extended,Microglia,1.6838873173571294
PDE6C,primary,Rod,0.1279135552710113
PDE6C,primary,Cone,4.950421275279573
PDE6C,primary,Bipolar,0.2471790219528509
PDE6C,primary,RGC,0.40358228003428853
PDE6C,primary,Muller glia,0.0
PDE6C,strict,Rod,0.05037669207808171
PDE6C,strict,Cone,4.999857659482071
PDE6C,strict,Bipolar,0.2518850451687103
PDE6C,strict,RGC,0.4499727504671554
PDE6C,strict,Muller glia,0.0
PDE6C,extended,Rod,0.1279135552710113
PDE6C,extended,Cone,4.950421275279573
PDE6C,extended,Bipolar,0.2471790219528509
PDE6C,extended,Horizontal,0.0
PDE6C,extended,RGC,0.40358228003428853
PDE6C,extended,Muller glia,0.0
PDE6C,extended,Microglia,0.0
PGAM1P8,primary,Rod,
PGAM1P8,primary,Cone,
PGAM1P8,primary,Bipolar,
PGAM1P8,primary,RGC,
PGAM1P8,primary,Muller glia,
PGAM1P8,strict,Rod,
PGAM1P8,strict,Cone,
PGAM1P8,strict,Bipolar,
PGAM1P8,strict,RGC,
PGAM1P8,strict,Muller glia,
PGAM1P8,extended,Rod,
PGAM1P8,extended,Cone,
PGAM1P8,extended,Bipolar,
PGAM1P8,extended,Horizontal,
PGAM1P8,extended,RGC,
PGAM1P8,extended,Muller glia,
PGAM1P8,extended,Microglia,
PIBF1,primary,Rod,3.320811179800392
PIBF1,primary,Cone,3.047205988404652
PIBF1,primary,Bipolar,3.1943881621681
PIBF1,primary,RGC,3.224699717316909
PIBF1,primary,Muller glia,3.273827317395955
PIBF1,strict,Rod,3.3797795894524483
PIBF1,strict,Cone,1.6923673898809752
PIBF1,strict,Bipolar,3.2034925294258616
PIBF1,strict,RGC,3.194863515034241
PIBF1,strict,Muller glia,3.2304792418971835
PIBF1,extended,Rod,3.320811179800392
PIBF1,extended,Cone,3.047205988404652
PIBF1,extended,Bipolar,3.1943881621681
PIBF1,extended,Horizontal,3.3395142263563606
PIBF1,extended,RGC,3.224699717316909
PIBF1,extended,Muller glia,3.273827317395955
PIBF1,extended,Microglia,3.1005215456819197
PIGC,primary,Rod,3.5744516489643257
PIGC,primary,Cone,3.3478382155152153
PIGC,primary,Bipolar,3.505398045980286
PIGC,primary,RGC,3.9887036752345395
PIGC,primary,Muller glia,3.3302955167780097
PIGC,strict,Rod,3.5991571137727205
PIGC,strict,Cone,3.1279889658455047
PIGC,strict,Bipolar,3.5239154619467907
PIGC,strict,RGC,4.038965182833629
PIGC,strict,Muller glia,3.3515926797698956
PIGC,extended,Rod,3.5744516489643257
PIGC,extended,Cone,3.3478382155152153
PIGC,extended,Bipolar,3.505398045980286
PIGC,extended,Horizontal,3.8395899843990358
PIGC,extended,RGC,3.9887036752345395
PIGC,extended,Muller glia,3.3302955167780097
PIGC,extended,Microglia,2.2967820175009312
PKIB,primary,Rod,5.511437693768328
PKIB,primary,Cone,5.658883835266906
PKIB,primary,Bipolar,4.176926316985574
PKIB,primary,RGC,5.039437142591692
PKIB,primary,Muller glia,3.38122517921899
PKIB,strict,Rod,5.519962423417074
PKIB,strict,Cone,5.735376079863552
PKIB,strict,Bipolar,4.212157354555221
PKIB,strict,RGC,4.985519701785104
PKIB,strict,Muller glia,3.4092229900615583
PKIB,extended,Rod,5.511437693768328
PKIB,extended,Cone,5.658883835266906
PKIB,extended,Bipolar,4.176926316985574
PKIB,extended,Horizontal,2.982417244224751
PKIB,extended,RGC,5.039437142591692
PKIB,extended,Muller glia,3.38122517921899
PKIB,extended,Microglia,3.9848736333108477
PLCE1,primary,Rod,2.7862095870461885
PLCE1,primary,Cone,2.516118800014857
PLCE1,primary,Bipolar,2.502959063374723
PLCE1,primary,RGC,3.245646641175655
PLCE1,primary,Muller glia,4.521254387044382
PLCE1,strict,Rod,2.8693928552415735
PLCE1,strict,Cone,1.8710166817329694
PLCE1,strict,Bipolar,2.504448812441595
PLCE1,strict,RGC,3.3459920660949494
PLCE1,strict,Muller glia,4.549668547486552
PLCE1,extended,Rod,2.7862095870461885
PLCE1,extended,Cone,2.516118800014857
PLCE1,extended,Bipolar,2.502959063374723
PLCE1,extended,Horizontal,0.0
PLCE1,extended,RGC,3.245646641175655
PLCE1,extended,Muller glia,4.521254387044382
PLCE1,extended,Microglia,0.0
PLCE1-AS1,primary,Rod,
PLCE1-AS1,primary,Cone,
PLCE1-AS1,primary,Bipolar,
PLCE1-AS1,primary,RGC,
PLCE1-AS1,primary,Muller glia,
PLCE1-AS1,strict,Rod,
PLCE1-AS1,strict,Cone,
PLCE1-AS1,strict,Bipolar,
PLCE1-AS1,strict,RGC,
PLCE1-AS1,strict,Muller glia,
PLCE1-AS1,extended,Rod,
PLCE1-AS1,extended,Cone,
PLCE1-AS1,extended,Bipolar,
PLCE1-AS1,extended,Horizontal,
PLCE1-AS1,extended,RGC,
PLCE1-AS1,extended,Muller glia,
PLCE1-AS1,extended,Microglia,
PLEKHA7,primary,Rod,2.4087631502324833
PLEKHA7,primary,Cone,3.5439521494923594
PLEKHA7,primary,Bipolar,1.8744364976385557
PLEKHA7,primary,RGC,0.40358228003428853
PLEKHA7,primary,Muller glia,2.7378177970627107
PLEKHA7,strict,Rod,2.4670193676873367
PLEKHA7,strict,Cone,3.2831908047834752
PLEKHA7,strict,Bipolar,1.8660700480412682
PLEKHA7,strict,RGC,0.4499727504671554
PLEKHA7,strict,Muller glia,2.6965435805498204
PLEKHA7,extended,Rod,2.4087631502324833
PLEKHA7,extended,Cone,3.5439521494923594
PLEKHA7,extended,Bipolar,1.8744364976385557
PLEKHA7,extended,Horizontal,0.0
PLEKHA7,extended,RGC,0.40358228003428853
PLEKHA7,extended,Muller glia,2.7378177970627107
PLEKHA7,extended,Microglia,0.0
PLEKHM1,primary,Rod,1.7148277156881833
PLEKHM1,primary,Cone,0.8342700431360882
PLEKHM1,primary,Bipolar,1.8184977255736143
PLEKHM1,primary,RGC,1.8221745788357968
PLEKHM1,primary,Muller glia,2.126657886382764
PLEKHM1,strict,Rod,1.7530495582874075
PLEKHM1,strict,Cone,0.7987669049699241
PLEKHM1,strict,Bipolar,1.6328663335181766
PLEKHM1,strict,RGC,1.7343602888567198
PLEKHM1,strict,Muller glia,1.9994473761361373
PLEKHM1,extended,Rod,1.7148277156881833
PLEKHM1,extended,Cone,0.8342700431360882
PLEKHM1,extended,Bipolar,1.8184977255736143
PLEKHM1,extended,Horizontal,0.0
PLEKHM1,extended,RGC,1.8221745788357968
PLEKHM1,extended,Muller glia,2.126657886382764
PLEKHM1,extended,Microglia,2.528184560365982
PPP1R18,primary,Rod,1.979128381127435
PPP1R18,primary,Cone,1.7320616945619847
PPP1R18,primary,Bipolar,0.8168162101591715
PPP1R18,primary,RGC,1.2742723661370672
PPP1R18,primary,Muller glia,0.8455617253661044
PPP1R18,strict,Rod,1.9955309280436362
PPP1R18,strict,Cone,2.0846104144733215
PPP1R18,strict,Bipolar,0.8848211276535013
PPP1R18,strict,RGC,1.1513105318282333
PPP1R18,strict,Muller glia,0.4585993364554228
PPP1R18,extended,Rod,1.979128381127435
PPP1R18,extended,Cone,1.7320616945619847
PPP1R18,extended,Bipolar,0.8168162101591715
PPP1R18,extended,Horizontal,0.0
PPP1R18,extended,RGC,1.2742723661370672
PPP1R18,extended,Muller glia,0.8455617253661044
PPP1R18,extended,Microglia,4.022205186249571
PRKCE,primary,Rod,1.2573945288056774
PRKCE,primary,Cone,0.9172496254048633
PRKCE,primary,Bipolar,4.457959217427306
PRKCE,primary,RGC,2.627935349395812
PRKCE,primary,Muller glia,2.1026437349115263
PRKCE,strict,Rod,1.1910423044533107
PRKCE,strict,Cone,1.3586678435955069
PRKCE,strict,Bipolar,4.472080900721192
PRKCE,strict,RGC,2.6466697090564346
PRKCE,strict,Muller glia,2.1290310010996265
PRKCE,extended,Rod,1.2573945288056774
PRKCE,extended,Cone,0.9172496254048633
PRKCE,extended,Bipolar,4.457959217427306
PRKCE,extended,Horizontal,0.0
PRKCE,extended,RGC,2.627935349395812
PRKCE,extended,Muller glia,2.1026437349115263
PRKCE,extended,Microglia,0.0
PROX2,primary,Rod,
PROX2,primary,Cone,
PROX2,primary,Bipolar,
PROX2,primary,RGC,
PROX2,primary,Muller glia,
PROX2,strict,Rod,
PROX2,strict,Cone,
PROX2,strict,Bipolar,
PROX2,strict,RGC,
PROX2,strict,Muller glia,
PROX2,extended,Rod,
PROX2,extended,Cone,
PROX2,extended,Bipolar,
PROX2,extended,Horizontal,
PROX2,extended,RGC,
PROX2,extended,Muller glia,
PROX2,extended,Microglia,
PRSS23,primary,Rod,0.0
PRSS23,primary,Cone,0.0
PRSS23,primary,Bipolar,2.3472074051410714
PRSS23,primary,RGC,0.0
PRSS23,primary,Muller glia,0.0
PRSS23,strict,Rod,0.0
PRSS23,strict,Cone,0.0
PRSS23,strict,Bipolar,2.3843904566494123
PRSS23,strict,RGC,0.0
PRSS23,strict,Muller glia,0.0
PRSS23,extended,Rod,0.0
PRSS23,extended,Cone,0.0
PRSS23,extended,Bipolar,2.3472074051410714
PRSS23,extended,Horizontal,0.853078101473621
PRSS23,extended,RGC,0.0
PRSS23,extended,Muller glia,0.0
PRSS23,extended,Microglia,0.0
PSORS1C3,primary,Rod,
PSORS1C3,primary,Cone,
PSORS1C3,primary,Bipolar,
PSORS1C3,primary,RGC,
PSORS1C3,primary,Muller glia,
PSORS1C3,strict,Rod,
PSORS1C3,strict,Cone,
PSORS1C3,strict,Bipolar,
PSORS1C3,strict,RGC,
PSORS1C3,strict,Muller glia,
PSORS1C3,extended,Rod,
PSORS1C3,extended,Cone,
PSORS1C3,extended,Bipolar,
PSORS1C3,extended,Horizontal,
PSORS1C3,extended,RGC,
PSORS1C3,extended,Muller glia,
PSORS1C3,extended,Microglia,
RAPSN,primary,Rod,0.0
RAPSN,primary,Cone,0.0
RAPSN,primary,Bipolar,0.0
RAPSN,primary,RGC,0.0
RAPSN,primary,Muller glia,0.6544827098137694
RAPSN,strict,Rod,0.0
RAPSN,strict,Cone,0.0
RAPSN,strict,Bipolar,0.0
RAPSN,strict,RGC,0.0
RAPSN,strict,Muller glia,0.6578647988502329
RAPSN,extended,Rod,0.0
RAPSN,extended,Cone,0.0
RAPSN,extended,Bipolar,0.0
RAPSN,extended,Horizontal,0.0
RAPSN,extended,RGC,0.0
RAPSN,extended,Muller glia,0.6544827098137694
RAPSN,extended,Microglia,0.0
RERE,primary,Rod,4.274064075696207
RERE,primary,Cone,4.893028768153989
RERE,primary,Bipolar,4.994856374070415
RERE,primary,RGC,4.933558903178067
RERE,primary,Muller glia,4.318900900425937
RERE,strict,Rod,4.3147752744167205
RERE,strict,Cone,4.77400835351522
RERE,strict,Bipolar,4.986602358749321
RERE,strict,RGC,4.957730455989265
RERE,strict,Muller glia,4.347392836702738
RERE,extended,Rod,4.274064075696207
RERE,extended,Cone,4.893028768153989
RERE,extended,Bipolar,4.994856374070415
RERE,extended,Horizontal,4.742089490342894
RERE,extended,RGC,4.933558903178067
RERE,extended,Muller glia,4.318900900425937
RERE,extended,Microglia,1.662414716830387
RIC8B,primary,Rod,4.031545189744894
RIC8B,primary,Cone,1.4722151938643053
RIC8B,primary,Bipolar,2.9181484967911637
RIC8B,primary,RGC,3.1214223619459855
RIC8B,primary,Muller glia,3.2846471504127486
RIC8B,strict,Rod,4.0972139398321135
RIC8B,strict,Cone,1.4619753814208079
RIC8B,strict,Bipolar,2.9711907433048634
RIC8B,strict,RGC,3.200941940958765
RIC8B,strict,Muller glia,3.2787014587765992
RIC8B,extended,Rod,4.031545189744894
RIC8B,extended,Cone,1.4722151938643053
RIC8B,extended,Bipolar,2.9181484967911637
RIC8B,extended,Horizontal,2.764518182718454
RIC8B,extended,RGC,3.1214223619459855
RIC8B,extended,Muller glia,3.2846471504127486
RIC8B,extended,Microglia,1.4033019053554776
RORA,primary,Rod,5.024840595298582
RORA,primary,Cone,6.19891451672468
RORA,primary,Bipolar,5.254970875443756
RORA,primary,RGC,5.184399480364738
RORA,primary,Muller glia,4.850079590997701
RORA,strict,Rod,5.079026579520679
RORA,strict,Cone,6.171631014695097
RORA,strict,Bipolar,5.261305173122639
RORA,strict,RGC,5.195983514540983
RORA,strict,Muller glia,4.864417075365801
RORA,extended,Rod,5.024840595298582
RORA,extended,Cone,6.19891451672468
RORA,extended,Bipolar,5.254970875443756
RORA,extended,Horizontal,5.957200963732478
RORA,extended,RGC,5.184399480364738
RORA,extended,Muller glia,4.850079590997701
RORA,extended,Microglia,1.8086483046412674
RP11-123K19.1,primary,Rod,
RP11-123K19.1,primary,Cone,
RP11-123K19.1,primary,Bipolar,
RP11-123K19.1,primary,RGC,
RP11-123K19.1,primary,Muller glia,
RP11-123K19.1,strict,Rod,
RP11-123K19.1,strict,Cone,
RP11-123K19.1,strict,Bipolar,
RP11-123K19.1,strict,RGC,
RP11-123K19.1,strict,Muller glia,
RP11-123K19.1,extended,Rod,
RP11-123K19.1,extended,Cone,
RP11-123K19.1,extended,Bipolar,
RP11-123K19.1,extended,Horizontal,
RP11-123K19.1,extended,RGC,
RP11-123K19.1,extended,Muller glia,
RP11-123K19.1,extended,Microglia,
RP11-136H19.1,primary,Rod,
RP11-136H19.1,primary,Cone,
RP11-136H19.1,primary,Bipolar,
RP11-136H19.1,primary,RGC,
RP11-136H19.1,primary,Muller glia,
RP11-136H19.1,strict,Rod,
RP11-136H19.1,strict,Cone,
RP11-136H19.1,strict,Bipolar,
RP11-136H19.1,strict,RGC,
RP11-136H19.1,strict,Muller glia,
RP11-136H19.1,extended,Rod,
RP11-136H19.1,extended,Cone,
RP11-136H19.1,extended,Bipolar,
RP11-136H19.1,extended,Horizontal,
RP11-136H19.1,extended,RGC,
RP11-136H19.1,extended,Muller glia,
RP11-136H19.1,extended,Microglia,
RP11-149I2.4,primary,Rod,
RP11-149I2.4,primary,Cone,
RP11-149I2.4,primary,Bipolar,
RP11-149I2.4,primary,RGC,
RP11-149I2.4,primary,Muller glia,
RP11-149I2.4,strict,Rod,
RP11-149I2.4,strict,Cone,
RP11-149I2.4,strict,Bipolar,
RP11-149I2.4,strict,RGC,
RP11-149I2.4,strict,Muller glia,
RP11-149I2.4,extended,Rod,
RP11-149I2.4,extended,Cone,
RP11-149I2.4,extended,Bipolar,
RP11-149I2.4,extended,Horizontal,
RP11-149I2.4,extended,RGC,
RP11-149I2.4,extended,Muller glia,
RP11-149I2.4,extended,Microglia,
RP11-162I7.1,primary,Rod,
RP11-162I7.1,primary,Cone,
RP11-162I7.1,primary,Bipolar,
RP11-162I7.1,primary,RGC,
RP11-162I7.1,primary,Muller glia,
RP11-162I7.1,strict,Rod,
RP11-162I7.1,strict,Cone,
RP11-162I7.1,strict,Bipolar,
RP11-162I7.1,strict,RGC,
RP11-162I7.1,strict,Muller glia,
RP11-162I7.1,extended,Rod,
RP11-162I7.1,extended,Cone,
RP11-162I7.1,extended,Bipolar,
RP11-162I7.1,extended,Horizontal,
RP11-162I7.1,extended,RGC,
RP11-162I7.1,extended,Muller glia,
RP11-162I7.1,extended,Microglia,
RP11-17G12.2,primary,Rod,
RP11-17G12.2,primary,Cone,
RP11-17G12.2,primary,Bipolar,
RP11-17G12.2,primary,RGC,
RP11-17G12.2,primary,Muller glia,
RP11-17G12.2,strict,Rod,
RP11-17G12.2,strict,Cone,
RP11-17G12.2,strict,Bipolar,
RP11-17G12.2,strict,RGC,
RP11-17G12.2,strict,Muller glia,
RP11-17G12.2,extended,Rod,
RP11-17G12.2,extended,Cone,
RP11-17G12.2,extended,Bipolar,
RP11-17G12.2,extended,Horizontal,
RP11-17G12.2,extended,RGC,
RP11-17G12.2,extended,Muller glia,
RP11-17G12.2,extended,Microglia,
RP11-205K6.1,primary,Rod,
RP11-205K6.1,primary,Cone,
RP11-205K6.1,primary,Bipolar,
RP11-205K6.1,primary,RGC,
RP11-205K6.1,primary,Muller glia,
RP11-205K6.1,strict,Rod,
RP11-205K6.1,strict,Cone,
RP11-205K6.1,strict,Bipolar,
RP11-205K6.1,strict,RGC,
RP11-205K6.1,strict,Muller glia,
RP11-205K6.1,extended,Rod,
RP11-205K6.1,extended,Cone,
RP11-205K6.1,extended,Bipolar,
RP11-205K6.1,extended,Horizontal,
RP11-205K6.1,extended,RGC,
RP11-205K6.1,extended,Muller glia,
RP11-205K6.1,extended,Microglia,
RP11-217B7.2,primary,Rod,0.3274731195348019
RP11-217B7.2,primary,Cone,0.0
RP11-217B7.2,primary,Bipolar,0.0
RP11-217B7.2,primary,RGC,0.0
RP11-217B7.2,primary,Muller glia,0.0
RP11-217B7.2,strict,Rod,0.33098491133637337
RP11-217B7.2,strict,Cone,0.0
RP11-217B7.2,strict,Bipolar,0.0
RP11-217B7.2,strict,RGC,0.0
RP11-217B7.2,strict,Muller glia,0.0
RP11-217B7.2,extended,Rod,0.3274731195348019
RP11-217B7.2,extended,Cone,0.0
RP11-217B7.2,extended,Bipolar,0.0
RP11-217B7.2,extended,Horizontal,0.0
RP11-217B7.2,extended,RGC,0.0
RP11-217B7.2,extended,Muller glia,0.0
RP11-217B7.2,extended,Microglia,0.0
RP11-259A24.1,primary,Rod,
RP11-259A24.1,primary,Cone,
RP11-259A24.1,primary,Bipolar,
RP11-259A24.1,primary,RGC,
RP11-259A24.1,primary,Muller glia,
RP11-259A24.1,strict,Rod,
RP11-259A24.1,strict,Cone,
RP11-259A24.1,strict,Bipolar,
RP11-259A24.1,strict,RGC,
RP11-259A24.1,strict,Muller glia,
RP11-259A24.1,extended,Rod,
RP11-259A24.1,extended,Cone,
RP11-259A24.1,extended,Bipolar,
RP11-259A24.1,extended,Horizontal,
RP11-259A24.1,extended,RGC,
RP11-259A24.1,extended,Muller glia,
RP11-259A24.1,extended,Microglia,
RP11-259G18.1,primary,Rod,
RP11-259G18.1,primary,Cone,
RP11-259G18.1,primary,Bipolar,
RP11-259G18.1,primary,RGC,
RP11-259G18.1,primary,Muller glia,
RP11-259G18.1,strict,Rod,
RP11-259G18.1,strict,Cone,
RP11-259G18.1,strict,Bipolar,
RP11-259G18.1,strict,RGC,
RP11-259G18.1,strict,Muller glia,
RP11-259G18.1,extended,Rod,
RP11-259G18.1,extended,Cone,
RP11-259G18.1,extended,Bipolar,
RP11-259G18.1,extended,Horizontal,
RP11-259G18.1,extended,RGC,
RP11-259G18.1,extended,Muller glia,
RP11-259G18.1,extended,Microglia,
RP11-259G18.3,primary,Rod,
RP11-259G18.3,primary,Cone,
RP11-259G18.3,primary,Bipolar,
RP11-259G18.3,primary,RGC,
RP11-259G18.3,primary,Muller glia,
RP11-259G18.3,strict,Rod,
RP11-259G18.3,strict,Cone,
RP11-259G18.3,strict,Bipolar,
RP11-259G18.3,strict,RGC,
RP11-259G18.3,strict,Muller glia,
RP11-259G18.3,extended,Rod,
RP11-259G18.3,extended,Cone,
RP11-259G18.3,extended,Bipolar,
RP11-259G18.3,extended,Horizontal,
RP11-259G18.3,extended,RGC,
RP11-259G18.3,extended,Muller glia,
RP11-259G18.3,extended,Microglia,
RP11-293E1.1,primary,Rod,
RP11-293E1.1,primary,Cone,
RP11-293E1.1,primary,Bipolar,
RP11-293E1.1,primary,RGC,
RP11-293E1.1,primary,Muller glia,
RP11-293E1.1,strict,Rod,
RP11-293E1.1,strict,Cone,
RP11-293E1.1,strict,Bipolar,
RP11-293E1.1,strict,RGC,
RP11-293E1.1,strict,Muller glia,
RP11-293E1.1,extended,Rod,
RP11-293E1.1,extended,Cone,
RP11-293E1.1,extended,Bipolar,
RP11-293E1.1,extended,Horizontal,
RP11-293E1.1,extended,RGC,
RP11-293E1.1,extended,Muller glia,
RP11-293E1.1,extended,Microglia,
RP11-293E1.2,primary,Rod,
RP11-293E1.2,primary,Cone,
RP11-293E1.2,primary,Bipolar,
RP11-293E1.2,primary,RGC,
RP11-293E1.2,primary,Muller glia,
RP11-293E1.2,strict,Rod,
RP11-293E1.2,strict,Cone,
RP11-293E1.2,strict,Bipolar,
RP11-293E1.2,strict,RGC,
RP11-293E1.2,strict,Muller glia,
RP11-293E1.2,extended,Rod,
RP11-293E1.2,extended,Cone,
RP11-293E1.2,extended,Bipolar,
RP11-293E1.2,extended,Horizontal,
RP11-293E1.2,extended,RGC,
RP11-293E1.2,extended,Muller glia,
RP11-293E1.2,extended,Microglia,
RP11-302L19.3,primary,Rod,0.01754399057822727
RP11-302L19.3,primary,Cone,0.19588907440219583
RP11-302L19.3,primary,Bipolar,0.0
RP11-302L19.3,primary,RGC,0.0
RP11-302L19.3,primary,Muller glia,0.0
RP11-302L19.3,strict,Rod,0.017651809518911297
RP11-302L19.3,strict,Cone,0.5771824974818244
RP11-302L19.3,strict,Bipolar,0.0
RP11-302L19.3,strict,RGC,0.0
RP11-302L19.3,strict,Muller glia,0.0
RP11-302L19.3,extended,Rod,0.01754399057822727
RP11-302L19.3,extended,Cone,0.19588907440219583
RP11-302L19.3,extended,Bipolar,0.0
RP11-302L19.3,extended,Horizontal,0.0
RP11-302L19.3,extended,RGC,0.0
RP11-302L19.3,extended,Muller glia,0.0
RP11-302L19.3,extended,Microglia,0.0
RP11-403A3.3,primary,Rod,0.0
RP11-403A3.3,primary,Cone,0.0
RP11-403A3.3,primary,Bipolar,0.0
RP11-403A3.3,primary,RGC,0.40358228003428853
RP11-403A3.3,primary,Muller glia,0.0
RP11-403A3.3,strict,Rod,0.0
RP11-403A3.3,strict,Cone,0.0
RP11-403A3.3,strict,Bipolar,0.0
RP11-403A3.3,strict,RGC,0.0
RP11-403A3.3,strict,Muller glia,0.0
RP11-403A3.3,extended,Rod,0.0
RP11-403A3.3,extended,Cone,0.0
RP11-403A3.3,extended,Bipolar,0.0
RP11-403A3.3,extended,Horizontal,0.0
RP11-403A3.3,extended,RGC,0.40358228003428853
RP11-403A3.3,extended,Muller glia,0.0
RP11-403A3.3,extended,Microglia,0.0
RP11-412D9.4,primary,Rod,3.4440281738716023
RP11-412D9.4,primary,Cone,3.149616037854427
RP11-412D9.4,primary,Bipolar,3.560276932471581
RP11-412D9.4,primary,RGC,2.936797335061943
RP11-412D9.4,primary,Muller glia,3.0026594259917587
RP11-412D9.4,strict,Rod,3.467769384137892
RP11-412D9.4,strict,Cone,2.8303950439232355
RP11-412D9.4,strict,Bipolar,3.566435837012041
RP11-412D9.4,strict,RGC,3.0346500850319598
RP11-412D9.4,strict,Muller glia,3.0300350396469526
RP11-412D9.4,extended,Rod,3.4440281738716023
RP11-412D9.4,extended,Cone,3.149616037854427
RP11-412D9.4,extended,Bipolar,3.560276932471581
RP11-412D9.4,extended,Horizontal,3.8538522761980705
RP11-412D9.4,extended,RGC,2.936797335061943
RP11-412D9.4,extended,Muller glia,3.0026594259917587
RP11-412D9.4,extended,Microglia,1.4732442734523623
RP11-507B12.1,primary,Rod,
RP11-507B12.1,primary,Cone,
RP11-507B12.1,primary,Bipolar,
RP11-507B12.1,primary,RGC,
RP11-507B12.1,primary,Muller glia,
RP11-507B12.1,strict,Rod,
RP11-507B12.1,strict,Cone,
RP11-507B12.1,strict,Bipolar,
RP11-507B12.1,strict,RGC,
RP11-507B12.1,strict,Muller glia,
RP11-507B12.1,extended,Rod,
RP11-507B12.1,extended,Cone,
RP11-507B12.1,extended,Bipolar,
RP11-507B12.1,extended,Horizontal,
RP11-507B12.1,extended,RGC,
RP11-507B12.1,extended,Muller glia,
RP11-507B12.1,extended,Microglia,
RP11-507B12.2,primary,Rod,0.0
RP11-507B12.2,primary,Cone,0.0
RP11-507B12.2,primary,Bipolar,0.0
RP11-507B12.2,primary,RGC,0.0
RP11-507B12.2,primary,Muller glia,0.4672189470593248
RP11-507B12.2,strict,Rod,0.0
RP11-507B12.2,strict,Cone,0.0
RP11-507B12.2,strict,Bipolar,0.0
RP11-507B12.2,strict,RGC,0.0
RP11-507B12.2,strict,Muller glia,0.4701865673255307
RP11-507B12.2,extended,Rod,0.0
RP11-507B12.2,extended,Cone,0.0
RP11-507B12.2,extended,Bipolar,0.0
RP11-507B12.2,extended,Horizontal,0.0
RP11-507B12.2,extended,RGC,0.0
RP11-507B12.2,extended,Muller glia,0.4672189470593248
RP11-507B12.2,extended,Microglia,0.0
RP11-669E14.6,primary,Rod,0.5034838958377755
RP11-669E14.6,primary,Cone,0.37703966184579524
RP11-669E14.6,primary,Bipolar,0.8483981704484419
RP11-669E14.6,primary,RGC,1.1836974736234769
RP11-669E14.6,primary,Muller glia,0.4672189470593248
RP11-669E14.6,strict,Rod,0.5270948255651561
RP11-669E14.6,strict,Cone,0.7987669049699241
RP11-669E14.6,strict,Bipolar,0.8496028222575073
RP11-669E14.6,strict,RGC,1.2591474077497802
RP11-669E14.6,strict,Muller glia,0.4701865673255307
RP11-669E14.6,extended,Rod,0.5034838958377755
RP11-669E14.6,extended,Cone,0.37703966184579524
RP11-669E14.6,extended,Bipolar,0.8483981704484419
RP11-669E14.6,extended,Horizontal,0.0
RP11-669E14.6,extended,RGC,1.1836974736234769
RP11-669E14.6,extended,Muller glia,0.4672189470593248
RP11-669E14.6,extended,Microglia,0.0
RP11-707O23.1,primary,Rod,
RP11-707O23.1,primary,Cone,
RP11-707O23.1,primary,Bipolar,
RP11-707O23.1,primary,RGC,
RP11-707O23.1,primary,Muller glia,
RP11-707O23.1,strict,Rod,
RP11-707O23.1,strict,Cone,
RP11-707O23.1,strict,Bipolar,
RP11-707O23.1,strict,RGC,
RP11-707O23.1,strict,Muller glia,
RP11-707O23.1,extended,Rod,
RP11-707O23.1,extended,Cone,
RP11-707O23.1,extended,Bipolar,
RP11-707O23.1,extended,Horizontal,
RP11-707O23.1,extended,RGC,
RP11-707O23.1,extended,Muller glia,
RP11-707O23.1,extended,Microglia,
RP11-750H9.5,primary,Rod,
RP11-750H9.5,primary,Cone,
RP11-750H9.5,primary,Bipolar,
RP11-750H9.5,primary,RGC,
RP11-750H9.5,primary,Muller glia,
RP11-750H9.5,strict,Rod,
RP11-750H9.5,strict,Cone,
RP11-750H9.5,strict,Bipolar,
RP11-750H9.5,strict,RGC,
RP11-750H9.5,strict,Muller glia,
RP11-750H9.5,extended,Rod,
RP11-750H9.5,extended,Cone,
RP11-750H9.5,extended,Bipolar,
RP11-750H9.5,extended,Horizontal,
RP11-750H9.5,extended,RGC,
RP11-750H9.5,extended,Muller glia,
RP11-750H9.5,extended,Microglia,
RP11-755F10.1,primary,Rod,0.1283895818948587
RP11-755F10.1,primary,Cone,0.37703966184579524
RP11-755F10.1,primary,Bipolar,0.09830719662628325
RP11-755F10.1,primary,RGC,0.40358228003428853
RP11-755F10.1,primary,Muller glia,0.0
RP11-755F10.1,strict,Rod,0.1579432674363293
RP11-755F10.1,strict,Cone,0.2215844074880998
RP11-755F10.1,strict,Bipolar,0.1140551916910953
RP11-755F10.1,strict,RGC,0.4499727504671554
RP11-755F10.1,strict,Muller glia,0.0
RP11-755F10.1,extended,Rod,0.1283895818948587
RP11-755F10.1,extended,Cone,0.37703966184579524
RP11-755F10.1,extended,Bipolar,0.09830719662628325
RP11-755F10.1,extended,Horizontal,0.0
RP11-755F10.1,extended,RGC,0.40358228003428853
RP11-755F10.1,extended,Muller glia,0.0
RP11-755F10.1,extended,Microglia,0.0
RP11-762L8.6,primary,Rod,
RP11-762L8.6,primary,Cone,
RP11-762L8.6,primary,Bipolar,
RP11-762L8.6,primary,RGC,
RP11-762L8.6,primary,Muller glia,
RP11-762L8.6,strict,Rod,
RP11-762L8.6,strict,Cone,
RP11-762L8.6,strict,Bipolar,
RP11-762L8.6,strict,RGC,
RP11-762L8.6,strict,Muller glia,
RP11-762L8.6,extended,Rod,
RP11-762L8.6,extended,Cone,
RP11-762L8.6,extended,Bipolar,
RP11-762L8.6,extended,Horizontal,
RP11-762L8.6,extended,RGC,
RP11-762L8.6,extended,Muller glia,
RP11-762L8.6,extended,Microglia,
RP11-770G2.2,primary,Rod,
RP11-770G2.2,primary,Cone,
RP11-770G2.2,primary,Bipolar,
RP11-770G2.2,primary,RGC,
RP11-770G2.2,primary,Muller glia,
RP11-770G2.2,strict,Rod,
RP11-770G2.2,strict,Cone,
RP11-770G2.2,strict,Bipolar,
RP11-770G2.2,strict,RGC,
RP11-770G2.2,strict,Muller glia,
RP11-770G2.2,extended,Rod,
RP11-770G2.2,extended,Cone,
RP11-770G2.2,extended,Bipolar,
RP11-770G2.2,extended,Horizontal,
RP11-770G2.2,extended,RGC,
RP11-770G2.2,extended,Muller glia,
RP11-770G2.2,extended,Microglia,
RP11-798G7.6,primary,Rod,1.4205299254451258
RP11-798G7.6,primary,Cone,0.6945929109162005
RP11-798G7.6,primary,Bipolar,1.0510493705133794
RP11-798G7.6,primary,RGC,0.0
RP11-798G7.6,primary,Muller glia,1.3314728474522173
RP11-798G7.6,strict,Rod,1.4138833249620875
RP11-798G7.6,strict,Cone,0.0
RP11-798G7.6,strict,Bipolar,1.154972782196956
RP11-798G7.6,strict,RGC,0.0
RP11-798G7.6,strict,Muller glia,1.3363625207486283
RP11-798G7.6,extended,Rod,1.4205299254451258
RP11-798G7.6,extended,Cone,0.6945929109162005
RP11-798G7.6,extended,Bipolar,1.0510493705133794
RP11-798G7.6,extended,Horizontal,0.914185948945967
RP11-798G7.6,extended,RGC,0.0
RP11-798G7.6,extended,Muller glia,1.3314728474522173
RP11-798G7.6,extended,Microglia,0.0
RP11-798G7.8,primary,Rod,
RP11-798G7.8,primary,Cone,
RP11-798G7.8,primary,Bipolar,
RP11-798G7.8,primary,RGC,
RP11-798G7.8,primary,Muller glia,
RP11-798G7.8,strict,Rod,
RP11-798G7.8,strict,Cone,
RP11-798G7.8,strict,Bipolar,
RP11-798G7.8,strict,RGC,
RP11-798G7.8,strict,Muller glia,
RP11-798G7.8,extended,Rod,
RP11-798G7.8,extended,Cone,
RP11-798G7.8,extended,Bipolar,
RP11-798G7.8,extended,Horizontal,
RP11-798G7.8,extended,RGC,
RP11-798G7.8,extended,Muller glia,
RP11-798G7.8,extended,Microglia,
RP5-1115A15.1,primary,Rod,0.01754399057822727
RP5-1115A15.1,primary,Cone,0.0
RP5-1115A15.1,primary,Bipolar,0.0
RP5-1115A15.1,primary,RGC,0.0
RP5-1115A15.1,primary,Muller glia,0.0
RP5-1115A15.1,strict,Rod,0.017651809518911297
RP5-1115A15.1,strict,Cone,0.0
RP5-1115A15.1,strict,Bipolar,0.0
RP5-1115A15.1,strict,RGC,0.0
RP5-1115A15.1,strict,Muller glia,0.0
RP5-1115A15.1,extended,Rod,0.01754399057822727
RP5-1115A15.1,extended,Cone,0.0
RP5-1115A15.1,extended,Bipolar,0.0
RP5-1115A15.1,extended,Horizontal,0.0
RP5-1115A15.1,extended,RGC,0.0
RP5-1115A15.1,extended,Muller glia,0.0
RP5-1115A15.1,extended,Microglia,0.0
RPS26P8,primary,Rod,
RPS26P8,primary,Cone,
RPS26P8,primary,Bipolar,
RPS26P8,primary,RGC,
RPS26P8,primary,Muller glia,
RPS26P8,strict,Rod,
RPS26P8,strict,Cone,
RPS26P8,strict,Bipolar,
RPS26P8,strict,RGC,
RPS26P8,strict,Muller glia,
RPS26P8,extended,Rod,
RPS26P8,extended,Cone,
RPS26P8,extended,Bipolar,
RPS26P8,extended,Horizontal,
RPS26P8,extended,RGC,
RPS26P8,extended,Muller glia,
RPS26P8,extended,Microglia,
SCRN2,primary,Rod,3.29867851006516
SCRN2,primary,Cone,3.0213515147569168
SCRN2,primary,Bipolar,3.0673435465996004
SCRN2,primary,RGC,3.253000607938032
SCRN2,primary,Muller glia,3.847013670157656
SCRN2,strict,Rod,3.337715510718578
SCRN2,strict,Cone,2.8400409712865815
SCRN2,strict,Bipolar,3.1078794569488113
SCRN2,strict,RGC,3.3543305289352454
SCRN2,strict,Muller glia,3.875160917980773
SCRN2,extended,Rod,3.29867851006516
SCRN2,extended,Cone,3.0213515147569168
SCRN2,extended,Bipolar,3.0673435465996004
SCRN2,extended,Horizontal,3.335646874154263
SCRN2,extended,RGC,3.253000607938032
SCRN2,extended,Muller glia,3.847013670157656
SCRN2,extended,Microglia,3.0998640708258063
SEMA3E,primary,Rod,0.5944569143818503
SEMA3E,primary,Cone,0.0
SEMA3E,primary,Bipolar,4.972964359289696
SEMA3E,primary,RGC,2.5989889237363673
SEMA3E,primary,Muller glia,3.0217026778597855
SEMA3E,strict,Rod,0.6221749644444687
SEMA3E,strict,Cone,0.0
SEMA3E,strict,Bipolar,4.932659779030109
SEMA3E,strict,RGC,2.6094277334883724
SEMA3E,strict,Muller glia,3.0112121180026263
SEMA3E,extended,Rod,0.5944569143818503
SEMA3E,extended,Cone,0.0
SEMA3E,extended,Bipolar,4.972964359289696
SEMA3E,extended,Horizontal,0.9972541322988658
SEMA3E,extended,RGC,2.5989889237363673
SEMA3E,extended,Muller glia,3.0217026778597855
SEMA3E,extended,Microglia,0.0
SEPT7,primary,Rod,5.363130797290903
SEPT7,primary,Cone,4.947467783744273
SEPT7,primary,Bipolar,6.110868650101441
SEPT7,primary,RGC,6.444066459298075
SEPT7,primary,Muller glia,6.028058307570465
SEPT7,strict,Rod,5.389894530348935
SEPT7,strict,Cone,5.034638879304687
SEPT7,strict,Bipolar,6.112755933407553
SEPT7,strict,RGC,6.469931964573482
SEPT7,strict,Muller glia,6.030724544957909
SEPT7,extended,Rod,5.363130797290903
SEPT7,extended,Cone,4.947467783744273
SEPT7,extended,Bipolar,6.110868650101441
SEPT7,extended,Horizontal,7.721060159451572
SEPT7,extended,RGC,6.444066459298075
SEPT7,extended,Muller glia,6.028058307570465
SEPT7,extended,Microglia,5.186620729465914
SF3A3,primary,Rod,3.787208025427701
SF3A3,primary,Cone,3.089380973222243
SF3A3,primary,Bipolar,3.9395725126525405
SF3A3,primary,RGC,3.669631878679627
SF3A3,primary,Muller glia,3.2592733185699783
SF3A3,strict,Rod,3.843548803002772
SF3A3,strict,Cone,3.134279360013361
SF3A3,strict,Bipolar,3.964086147421702
SF3A3,strict,RGC,3.6415351498203044
SF3A3,strict,Muller glia,3.2460180007021644
SF3A3,extended,Rod,3.787208025427701
SF3A3,extended,Cone,3.089380973222243
SF3A3,extended,Bipolar,3.9395725126525405
SF3A3,extended,Horizontal,4.308442531039099
SF3A3,extended,RGC,3.669631878679627
SF3A3,extended,Muller glia,3.2592733185699783
SF3A3,extended,Microglia,3.2915749909364305
SFTA1P,primary,Rod,0.0
SFTA1P,primary,Cone,0.0
SFTA1P,primary,Bipolar,0.0
SFTA1P,primary,RGC,0.0
SFTA1P,primary,Muller glia,0.6544827098137694
SFTA1P,strict,Rod,0.0
SFTA1P,strict,Cone,0.0
SFTA1P,strict,Bipolar,0.0
SFTA1P,strict,RGC,0.0
SFTA1P,strict,Muller glia,0.6578647988502329
SFTA1P,extended,Rod,0.0
SFTA1P,extended,Cone,0.0
SFTA1P,extended,Bipolar,0.0
SFTA1P,extended,Horizontal,0.0
SFTA1P,extended,RGC,0.0
SFTA1P,extended,Muller glia,0.6544827098137694
SFTA1P,extended,Microglia,0.0
SGSM2,primary,Rod,2.6750535867115217
SGSM2,primary,Cone,3.246430826279681
SGSM2,primary,Bipolar,3.1896779498160988
SGSM2,primary,RGC,2.8933938759441773
SGSM2,primary,Muller glia,2.1862134392882306
SGSM2,strict,Rod,2.7115699312541413
SGSM2,strict,Cone,2.98169562851155
SGSM2,strict,Bipolar,3.191568075850819
SGSM2,strict,RGC,2.912554199136794
SGSM2,strict,Muller glia,2.164321582441985
SGSM2,extended,Rod,2.6750535867115217
SGSM2,extended,Cone,3.246430826279681
SGSM2,extended,Bipolar,3.1896779498160988
SGSM2,extended,Horizontal,2.9846563719552583
SGSM2,extended,RGC,2.8933938759441773
SGSM2,extended,Muller glia,2.1862134392882306
SGSM2,extended,Microglia,1.6962874993493264
SLC25A45,primary,Rod,0.10641611201595497
SLC25A45,primary,Cone,0.0
SLC25A45,primary,Bipolar,1.742341384656358
SLC25A45,primary,RGC,2.2639417672393645
SLC25A45,primary,Muller glia,2.0494975101777757
SLC25A45,strict,Rod,0.11920281724868968
SLC25A45,strict,Cone,0.0
SLC25A45,strict,Bipolar,1.5790576412543256
SLC25A45,strict,RGC,2.3553301840111067
SLC25A45,strict,Muller glia,2.0752892792078588
SLC25A45,extended,Rod,0.10641611201595497
SLC25A45,extended,Cone,0.0
SLC25A45,extended,Bipolar,1.742341384656358
SLC25A45,extended,Horizontal,0.0
SLC25A45,extended,RGC,2.2639417672393645
SLC25A45,extended,Muller glia,2.0494975101777757
SLC25A45,extended,Microglia,3.1009653637545935
SLC39A13,primary,Rod,2.3174232463160753
SLC39A13,primary,Cone,2.855969284042733
SLC39A13,primary,Bipolar,2.6384154642870707
SLC39A13,primary,RGC,2.9215112465164914
SLC39A13,primary,Muller glia,2.904398042529596
SLC39A13,strict,Rod,2.2933747189135203
SLC39A13,strict,Cone,2.8192643123689045
SLC39A13,strict,Bipolar,2.7223371328995465
SLC39A13,strict,RGC,2.9155856668458333
SLC39A13,strict,Muller glia,2.91959020638799
SLC39A13,extended,Rod,2.3174232463160753
SLC39A13,extended,Cone,2.855969284042733
SLC39A13,extended,Bipolar,2.6384154642870707
SLC39A13,extended,Horizontal,4.080153801683107
SLC39A13,extended,RGC,2.9215112465164914
SLC39A13,extended,Muller glia,2.904398042529596
SLC39A13,extended,Microglia,2.2303628258043457
SMAD6,primary,Rod,0.05872550177239096
SMAD6,primary,Cone,0.19588907440219583
SMAD6,primary,Bipolar,0.0
SMAD6,primary,RGC,0.0
SMAD6,primary,Muller glia,1.5060135308813172
SMAD6,strict,Rod,0.017651809518911297
SMAD6,strict,Cone,0.0
SMAD6,strict,Bipolar,0.0
SMAD6,strict,RGC,0.0
SMAD6,strict,Muller glia,1.4949588411411396
SMAD6,extended,Rod,0.05872550177239096
SMAD6,extended,Cone,0.19588907440219583
SMAD6,extended,Bipolar,0.0
SMAD6,extended,Horizontal,0.0
SMAD6,extended,RGC,0.0
SMAD6,extended,Muller glia,1.5060135308813172
SMAD6,extended,Microglia,0.0
SNORD14A,primary,Rod,
SNORD14A,primary,Cone,
SNORD14A,primary,Bipolar,
SNORD14A,primary,RGC,
SNORD14A,primary,Muller glia,
SNORD14A,strict,Rod,
SNORD14A,strict,Cone,
SNORD14A,strict,Bipolar,
SNORD14A,strict,RGC,
SNORD14A,strict,Muller glia,
SNORD14A,extended,Rod,
SNORD14A,extended,Cone,
SNORD14A,extended,Bipolar,
SNORD14A,extended,Horizontal,
SNORD14A,extended,RGC,
SNORD14A,extended,Muller glia,
SNORD14A,extended,Microglia,
SSSCA1-AS1,primary,Rod,
SSSCA1-AS1,primary,Cone,
SSSCA1-AS1,primary,Bipolar,
SSSCA1-AS1,primary,RGC,
SSSCA1-AS1,primary,Muller glia,
SSSCA1-AS1,strict,Rod,
SSSCA1-AS1,strict,Cone,
SSSCA1-AS1,strict,Bipolar,
SSSCA1-AS1,strict,RGC,
SSSCA1-AS1,strict,Muller glia,
SSSCA1-AS1,extended,Rod,
SSSCA1-AS1,extended,Cone,
SSSCA1-AS1,extended,Bipolar,
SSSCA1-AS1,extended,Horizontal,
SSSCA1-AS1,extended,RGC,
SSSCA1-AS1,extended,Muller glia,
SSSCA1-AS1,extended,Microglia,
TARID,primary,Rod,0.0
TARID,primary,Cone,0.6945929109162005
TARID,primary,Bipolar,0.10718750563472033
TARID,primary,RGC,0.0
TARID,primary,Muller glia,0.0
TARID,strict,Rod,0.0
TARID,strict,Cone,0.0
TARID,strict,Bipolar,0.14294340725696664
TARID,strict,RGC,0.0
TARID,strict,Muller glia,0.0
TARID,extended,Rod,0.0
TARID,extended,Cone,0.6945929109162005
TARID,extended,Bipolar,0.10718750563472033
TARID,extended,Horizontal,0.0
TARID,extended,RGC,0.0
TARID,extended,Muller glia,0.0
TARID,extended,Microglia,0.0
TBC1D31,primary,Rod,1.9672906611320062
TBC1D31,primary,Cone,2.0681983856667876
TBC1D31,primary,Bipolar,1.9044798200470658
TBC1D31,primary,RGC,2.290479848957124
TBC1D31,primary,Muller glia,1.8942310983985102
TBC1D31,strict,Rod,1.9877977435852088
TBC1D31,strict,Cone,2.144732355089235
TBC1D31,strict,Bipolar,1.874936497344154
TBC1D31,strict,RGC,2.3847566031977108
TBC1D31,strict,Muller glia,1.9192429617242581
TBC1D31,extended,Rod,1.9672906611320062
TBC1D31,extended,Cone,2.0681983856667876
TBC1D31,extended,Bipolar,1.9044798200470658
TBC1D31,extended,Horizontal,0.0
TBC1D31,extended,RGC,2.290479848957124
TBC1D31,extended,Muller glia,1.8942310983985102
TBC1D31,extended,Microglia,2.0385494160413695
TBKBP1,primary,Rod,1.3720142241117905
TBKBP1,primary,Cone,2.2114177819356917
TBKBP1,primary,Bipolar,2.6939309000340637
TBKBP1,primary,RGC,2.679257427508128
TBKBP1,primary,Muller glia,1.7196772780002654
TBKBP1,strict,Rod,1.4520093450212765
TBKBP1,strict,Cone,2.159959130753141
TBKBP1,strict,Bipolar,2.728833243164223
TBKBP1,strict,RGC,2.65732750528171
TBKBP1,strict,Muller glia,1.6292997606191724
TBKBP1,extended,Rod,1.3720142241117905
TBKBP1,extended,Cone,2.2114177819356917
TBKBP1,extended,Bipolar,2.6939309000340637
TBKBP1,extended,Horizontal,2.134015872360448
TBKBP1,extended,RGC,2.679257427508128
TBKBP1,extended,Muller glia,1.7196772780002654
TBKBP1,extended,Microglia,0.0
TBPL1,primary,Rod,3.682036672736011
TBPL1,primary,Cone,3.389734167351694
TBPL1,primary,Bipolar,4.359088321723214
TBPL1,primary,RGC,4.366151939703213
TBPL1,primary,Muller glia,3.5866580902537444
TBPL1,strict,Rod,3.693855131498699
TBPL1,strict,Cone,3.3423516438231977
TBPL1,strict,Bipolar,4.376520634673902
TBPL1,strict,RGC,4.392413518828804
TBPL1,strict,Muller glia,3.548096750744443
TBPL1,extended,Rod,3.682036672736011
TBPL1,extended,Cone,3.389734167351694
TBPL1,extended,Bipolar,4.359088321723214
TBPL1,extended,Horizontal,3.913124796327408
TBPL1,extended,RGC,4.366151939703213
TBPL1,extended,Muller glia,3.5866580902537444
TBPL1,extended,Microglia,2.189777180569747
TGFB3,primary,Rod,0.6438351932872483
TGFB3,primary,Cone,0.2978624074329779
TGFB3,primary,Bipolar,0.0
TGFB3,primary,RGC,0.0
TGFB3,primary,Muller glia,1.2265480861472315
TGFB3,strict,Rod,0.711971504654112
TGFB3,strict,Cone,0.2215844074880998
TGFB3,strict,Bipolar,0.0
TGFB3,strict,RGC,0.0
TGFB3,strict,Muller glia,1.2467765568100269
TGFB3,extended,Rod,0.6438351932872483
TGFB3,extended,Cone,0.2978624074329779
TGFB3,extended,Bipolar,0.0
TGFB3,extended,Horizontal,0.0
TGFB3,extended,RGC,0.0
TGFB3,extended,Muller glia,1.2265480861472315
TGFB3,extended,Microglia,0.0
THCAT158,primary,Rod,0.03421059264257545
THCAT158,primary,Cone,0.0
THCAT158,primary,Bipolar,0.0
THCAT158,primary,RGC,0.0
THCAT158,primary,Muller glia,0.4672189470593248
THCAT158,strict,Rod,0.03441568385106871
THCAT158,strict,Cone,0.0
THCAT158,strict,Bipolar,0.0
THCAT158,strict,RGC,0.0
THCAT158,strict,Muller glia,0.4701865673255307
THCAT158,extended,Rod,0.03421059264257545
THCAT158,extended,Cone,0.0
THCAT158,extended,Bipolar,0.0
THCAT158,extended,Horizontal,0.0
THCAT158,extended,RGC,0.0
THCAT158,extended,Muller glia,0.4672189470593248
THCAT158,extended,Microglia,0.0
THSD7A,primary,Rod,0.43016891683345254
THSD7A,primary,Cone,4.158932322800445
THSD7A,primary,Bipolar,4.9853639845098305
THSD7A,primary,RGC,4.312838774816098
THSD7A,primary,Muller glia,3.836343858452935
THSD7A,strict,Rod,0.1804915257530149
THSD7A,strict,Cone,4.06573251389815
THSD7A,strict,Bipolar,4.956551605202492
THSD7A,strict,RGC,4.309929834158324
THSD7A,strict,Muller glia,3.850061992511429
THSD7A,extended,Rod,0.43016891683345254
THSD7A,extended,Cone,4.158932322800445
THSD7A,extended,Bipolar,4.9853639845098305
THSD7A,extended,Horizontal,5.243954653167665
THSD7A,extended,RGC,4.312838774816098
THSD7A,extended,Muller glia,3.836343858452935
THSD7A,extended,Microglia,0.0
TIGD3,primary,Rod,1.453257250825765
TIGD3,primary,Cone,0.7025861642539319
TIGD3,primary,Bipolar,2.0200934637351273
TIGD3,primary,RGC,1.389384426249004
TIGD3,primary,Muller glia,0.30160028818995865
TIGD3,strict,Rod,1.4608913285770957
TIGD3,strict,Cone,0.4477984185531169
TIGD3,strict,Bipolar,2.1243138278549107
TIGD3,strict,RGC,1.4542618599806338
TIGD3,strict,Muller glia,0.3026341609497037
TIGD3,extended,Rod,1.453257250825765
TIGD3,extended,Cone,0.7025861642539319
TIGD3,extended,Bipolar,2.0200934637351273
TIGD3,extended,Horizontal,0.914185948945967
TIGD3,extended,RGC,1.389384426249004
TIGD3,extended,Muller glia,0.30160028818995865
TIGD3,extended,Microglia,0.0
TMEM116,primary,Rod,3.1912337323460718
TMEM116,primary,Cone,2.4089915400338366
TMEM116,primary,Bipolar,2.9273226261431744
TMEM116,primary,RGC,1.8625695297584322
TMEM116,primary,Muller glia,3.0112526593748363
TMEM116,strict,Rod,3.2283072419285834
TMEM116,strict,Cone,2.2945672526021395
TMEM116,strict,Bipolar,2.845239473506273
TMEM116,strict,RGC,0.9586222923195398
TMEM116,strict,Muller glia,3.0013432046495314
TMEM116,extended,Rod,3.1912337323460718
TMEM116,extended,Cone,2.4089915400338366
TMEM116,extended,Bipolar,2.9273226261431744
TMEM116,extended,Horizontal,0.914185948945967
TMEM116,extended,RGC,1.8625695297584322
TMEM116,extended,Muller glia,3.0112526593748363
TMEM116,extended,Microglia,0.5165653430398062
TMEM136,primary,Rod,5.284007079742976
TMEM136,primary,Cone,4.684223932811457
TMEM136,primary,Bipolar,3.5507515098205142
TMEM136,primary,RGC,3.1247464041255646
TMEM136,primary,Muller glia,3.5875651380501323
TMEM136,strict,Rod,5.3245356313897885
TMEM136,strict,Cone,4.627040342203261
TMEM136,strict,Bipolar,3.606355414702705
TMEM136,strict,RGC,3.2262550889255466
TMEM136,strict,Muller glia,3.6155469233205317
TMEM136,extended,Rod,5.284007079742976
TMEM136,extended,Cone,4.684223932811457
TMEM136,extended,Bipolar,3.5507515098205142
TMEM136,extended,Horizontal,3.5557850633910673
TMEM136,extended,RGC,3.1247464041255646
TMEM136,extended,Muller glia,3.5875651380501323
TMEM136,extended,Microglia,1.5949350298553255
TMEM181,primary,Rod,2.4876122747939307
TMEM181,primary,Cone,2.806503503415344
TMEM181,primary,Bipolar,2.537416099498316
TMEM181,primary,RGC,2.893720375195534
TMEM181,primary,Muller glia,2.2738392345407945
TMEM181,strict,Rod,2.5665460305165944
TMEM181,strict,Cone,2.400700807476596
TMEM181,strict,Bipolar,2.567086092438467
TMEM181,strict,RGC,2.9026817859970317
TMEM181,strict,Muller glia,2.0066548687453203
TMEM181,extended,Rod,2.4876122747939307
TMEM181,extended,Cone,2.806503503415344
TMEM181,extended,Bipolar,2.537416099498316
TMEM181,extended,Horizontal,3.3339926780651936
TMEM181,extended,RGC,2.893720375195534
TMEM181,extended,Muller glia,2.2738392345407945
TMEM181,extended,Microglia,1.6838873173571294
TMEM263,primary,Rod,2.9908555511020087
TMEM263,primary,Cone,3.271152198371023
TMEM263,primary,Bipolar,3.7353184432882784
TMEM263,primary,RGC,3.6862213457840736
TMEM263,primary,Muller glia,4.110697499400791
TMEM263,strict,Rod,2.991927835208681
TMEM263,strict,Cone,3.049733419336464
TMEM263,strict,Bipolar,3.7513553423208186
TMEM263,strict,RGC,3.7298153880461893
TMEM263,strict,Muller glia,4.1117325184333176
TMEM263,extended,Rod,2.9908555511020087
TMEM263,extended,Cone,3.271152198371023
TMEM263,extended,Bipolar,3.7353184432882784
TMEM263,extended,Horizontal,3.3395142263563606
TMEM263,extended,RGC,3.6862213457840736
TMEM263,extended,Muller glia,4.110697499400791
TMEM263,extended,Microglia,1.8794514540184732
TRIM26,primary,Rod,2.9732723730125414
TRIM26,primary,Cone,2.6588653468076253
TRIM26,primary,Bipolar,2.7575725427212308
TRIM26,primary,RGC,1.9291483942232646
TRIM26,primary,Muller glia,2.4027602524324947
TRIM26,strict,Rod,3.0099038507534055
TRIM26,strict,Cone,2.600860093776854
TRIM26,strict,Bipolar,2.7889336189053773
TRIM26,strict,RGC,1.9285381775868744
TRIM26,strict,Muller glia,2.429235341356996
TRIM26,extended,Rod,2.9732723730125414
TRIM26,extended,Cone,2.6588653468076253
TRIM26,extended,Bipolar,2.7575725427212308
TRIM26,extended,Horizontal,2.982417244224751
TRIM26,extended,RGC,1.9291483942232646
TRIM26,extended,Muller glia,2.4027602524324947
TRIM26,extended,Microglia,1.08073503822749
TRIOBP,primary,Rod,1.1765531173549715
TRIOBP,primary,Cone,0.5578864236615194
TRIOBP,primary,Bipolar,2.787956273381344
TRIOBP,primary,RGC,2.169499619838193
TRIOBP,primary,Muller glia,2.773029105519807
TRIOBP,strict,Rod,1.1986851275131156
TRIOBP,strict,Cone,0.5813260598134246
TRIOBP,strict,Bipolar,2.8115507055588687
TRIOBP,strict,RGC,1.960485189110858
TRIOBP,strict,Muller glia,2.709834812699357
TRIOBP,extended,Rod,1.1765531173549715
TRIOBP,extended,Cone,0.5578864236615194
TRIOBP,extended,Bipolar,2.787956273381344
TRIOBP,extended,Horizontal,2.1315782704816373
TRIOBP,extended,RGC,2.169499619838193
TRIOBP,extended,Muller glia,2.773029105519807
TRIOBP,extended,Microglia,1.4732442734523623
TSC22D2,primary,Rod,2.983923794585195
TSC22D2,primary,Cone,3.1444802280409676
TSC22D2,primary,Bipolar,2.942630193339643
TSC22D2,primary,RGC,2.8425361247964585
TSC22D2,primary,Muller glia,3.7699234333930405
TSC22D2,strict,Rod,3.041724668598521
TSC22D2,strict,Cone,3.2705609048767816
TSC22D2,strict,Bipolar,2.8521571002051953
TSC22D2,strict,RGC,2.8626751735278986
TSC22D2,strict,Muller glia,3.7908647701237044
TSC22D2,extended,Rod,2.983923794585195
TSC22D2,extended,Cone,3.1444802280409676
TSC22D2,extended,Bipolar,2.942630193339643
TSC22D2,extended,Horizontal,3.42513122457717
TSC22D2,extended,RGC,2.8425361247964585
TSC22D2,extended,Muller glia,3.7699234333930405
TSC22D2,extended,Microglia,0.9208493485184593
TTC28,primary,Rod,2.8652717157530474
TTC28,primary,Cone,3.078993190686569
TTC28,primary,Bipolar,3.6813373795474114
TTC28,primary,RGC,3.5056305305206776
TTC28,primary,Muller glia,3.3042802263090376
TTC28,strict,Rod,2.937395034462432
TTC28,strict,Cone,3.111946130128653
TTC28,strict,Bipolar,3.6732533610976428
TTC28,strict,RGC,3.569389838304454
TTC28,strict,Muller glia,3.3221857658079244
TTC28,extended,Rod,2.8652717157530474
TTC28,extended,Cone,3.078993190686569
TTC28,extended,Bipolar,3.6813373795474114
TTC28,extended,Horizontal,2.48559130620089
TTC28,extended,RGC,3.5056305305206776
TTC28,extended,Muller glia,3.3042802263090376
TTC28,extended,Microglia,1.2743759998013757
TTLL5,primary,Rod,3.8007498904024284
TTLL5,primary,Cone,3.4391270945810244
TTLL5,primary,Bipolar,2.3097853981927288
TTLL5,primary,RGC,3.11204758009492
TTLL5,primary,Muller glia,2.5213752702424537
TTLL5,strict,Rod,3.853816261631977
TTLL5,strict,Cone,3.412650473265957
TTLL5,strict,Bipolar,2.354363970999946
TTLL5,strict,RGC,3.0556074373524074
TTLL5,strict,Muller glia,2.5479256416615943
TTLL5,extended,Rod,3.8007498904024284
TTLL5,extended,Cone,3.4391270945810244
TTLL5,extended,Bipolar,2.3097853981927288
TTLL5,extended,Horizontal,3.3395142263563606
TTLL5,extended,RGC,3.11204758009492
TTLL5,extended,Muller glia,2.5213752702424537
TTLL5,extended,Microglia,1.8976005921430712
TXNDC8,primary,Rod,
TXNDC8,primary,Cone,
TXNDC8,primary,Bipolar,
TXNDC8,primary,RGC,
TXNDC8,primary,Muller glia,
TXNDC8,strict,Rod,
TXNDC8,strict,Cone,
TXNDC8,strict,Bipolar,
TXNDC8,strict,RGC,
TXNDC8,strict,Muller glia,
TXNDC8,extended,Rod,
TXNDC8,extended,Cone,
TXNDC8,extended,Bipolar,
TXNDC8,extended,Horizontal,
TXNDC8,extended,RGC,
TXNDC8,extended,Muller glia,
TXNDC8,extended,Microglia,
TXNRD2,primary,Rod,2.382590427702663
TXNRD2,primary,Cone,2.5811900896353666
TXNRD2,primary,Bipolar,3.481799997649319
TXNRD2,primary,RGC,3.098535018063465
TXNRD2,primary,Muller glia,3.088388337639382
TXNRD2,strict,Rod,2.4418052332140294
TXNRD2,strict,Cone,2.434171560005782
TXNRD2,strict,Bipolar,3.515950945673147
TXNRD2,strict,RGC,3.141629434653806
TXNRD2,strict,Muller glia,3.081833647389443
TXNRD2,extended,Rod,2.382590427702663
TXNRD2,extended,Cone,2.5811900896353666
TXNRD2,extended,Bipolar,3.481799997649319
TXNRD2,extended,Horizontal,3.2049930353403657
TXNRD2,extended,RGC,3.098535018063465
TXNRD2,extended,Muller glia,3.088388337639382
TXNRD2,extended,Microglia,0.5165653430398062
UTP11,primary,Rod,3.3169852895854035
UTP11,primary,Cone,3.345548820963464
UTP11,primary,Bipolar,3.3268450427863265
UTP11,primary,RGC,3.4198900005664488
UTP11,primary,Muller glia,3.0475428518569867
UTP11,strict,Rod,3.3375674734625846
UTP11,strict,Cone,3.397459945731937
UTP11,strict,Bipolar,3.3558366995715123
UTP11,strict,RGC,3.477136208111933
UTP11,strict,Muller glia,3.0056313314305747
UTP11,extended,Rod,3.3169852895854035
UTP11,extended,Cone,3.345548820963464
UTP11,extended,Bipolar,3.3268450427863265
UTP11,extended,Horizontal,4.082848204965013
UTP11,extended,RGC,3.4198900005664488
UTP11,extended,Muller glia,3.0475428518569867
UTP11,extended,Microglia,2.260962500195849
VARS2,primary,Rod,1.639818714836819
VARS2,primary,Cone,1.036179676782072
VARS2,primary,Bipolar,1.8706074078210169
VARS2,primary,RGC,1.4072897793234096
VARS2,primary,Muller glia,2.296931387388042
VARS2,strict,Rod,1.6620477359407264
VARS2,strict,Cone,0.5212041191975111
VARS2,strict,Bipolar,1.6998271987096862
VARS2,strict,RGC,1.4747382547917898
VARS2,strict,Muller glia,2.2374840899060184
VARS2,extended,Rod,1.639818714836819
VARS2,extended,Cone,1.036179676782072
VARS2,extended,Bipolar,1.8706074078210169
VARS2,extended,Horizontal,0.0
VARS2,extended,RGC,1.4072897793234096
VARS2,extended,Muller glia,2.296931387388042
VARS2,extended,Microglia,0.9909950230395518
VCAM1,primary,Rod,0.0
VCAM1,primary,Cone,0.0
VCAM1,primary,Bipolar,0.0
VCAM1,primary,RGC,0.0
VCAM1,primary,Muller glia,1.7315897411793413
VCAM1,strict,Rod,0.0
VCAM1,strict,Cone,0.0
VCAM1,strict,Bipolar,0.0
VCAM1,strict,RGC,0.0
VCAM1,strict,Muller glia,1.755340688502243
VCAM1,extended,Rod,0.0
VCAM1,extended,Cone,0.0
VCAM1,extended,Bipolar,0.0
VCAM1,extended,Horizontal,0.0
VCAM1,extended,RGC,0.0
VCAM1,extended,Muller glia,1.7315897411793413
VCAM1,extended,Microglia,0.0
WLS,primary,Rod,5.127386096746864
WLS,primary,Cone,5.045064625171241
WLS,primary,Bipolar,2.3862209563152135
WLS,primary,RGC,1.7683105663657586
WLS,primary,Muller glia,2.7218270523905264
WLS,strict,Rod,5.104907764263426
WLS,strict,Cone,5.130214449619341
WLS,strict,Bipolar,2.4740624619997105
WLS,strict,RGC,1.7316272021501107
WLS,strict,Muller glia,2.749040049098442
WLS,extended,Rod,5.127386096746864
WLS,extended,Cone,5.045064625171241
WLS,extended,Bipolar,2.3862209563152135
WLS,extended,Horizontal,0.0
WLS,extended,RGC,1.7683105663657586
WLS,extended,Muller glia,2.7218270523905264
WLS,extended,Microglia,3.2881276593531967
WNT2B,primary,Rod,3.2683307306958134
WNT2B,primary,Cone,2.9437403530525423
WNT2B,primary,Bipolar,2.341299289762309
WNT2B,primary,RGC,1.660711121804364
WNT2B,primary,Muller glia,3.4107445532519485
WNT2B,strict,Rod,3.3218210032422752
WNT2B,strict,Cone,3.241427777946466
WNT2B,strict,Bipolar,2.330661343193388
WNT2B,strict,RGC,1.7232849328008342
WNT2B,strict,Muller glia,3.3981458821849437
WNT2B,extended,Rod,3.2683307306958134
WNT2B,extended,Cone,2.9437403530525423
WNT2B,extended,Bipolar,2.341299289762309
WNT2B,extended,Horizontal,0.914185948945967
WNT2B,extended,RGC,1.660711121804364
WNT2B,extended,Muller glia,3.4107445532519485
WNT2B,extended,Microglia,0.8318970610166554
XRCC6P1,primary,Rod,
XRCC6P1,primary,Cone,
XRCC6P1,primary,Bipolar,
XRCC6P1,primary,RGC,
XRCC6P1,primary,Muller glia,
XRCC6P1,strict,Rod,
XRCC6P1,strict,Cone,
XRCC6P1,strict,Bipolar,
XRCC6P1,strict,RGC,
XRCC6P1,strict,Muller glia,
XRCC6P1,extended,Rod,
XRCC6P1,extended,Cone,
XRCC6P1,extended,Bipolar,
XRCC6P1,extended,Horizontal,
XRCC6P1,extended,RGC,
XRCC6P1,extended,Muller glia,
XRCC6P1,extended,Microglia,
XXbac-BPG170G13.32,primary,Rod,0.0
XXbac-BPG170G13.32,primary,Cone,0.0
XXbac-BPG170G13.32,primary,Bipolar,0.0
XXbac-BPG170G13.32,primary,RGC,0.0
XXbac-BPG170G13.32,primary,Muller glia,0.3882579653112241
XXbac-BPG170G13.32,strict,Rod,0.0
XXbac-BPG170G13.32,strict,Cone,0.0
XXbac-BPG170G13.32,strict,Bipolar,0.0
XXbac-BPG170G13.32,strict,RGC,0.0
XXbac-BPG170G13.32,strict,Muller glia,0.40436796797552055
XXbac-BPG170G13.32,extended,Rod,0.0
XXbac-BPG170G13.32,extended,Cone,0.0
XXbac-BPG170G13.32,extended,Bipolar,0.0
XXbac-BPG170G13.32,extended,Horizontal,0.0
XXbac-BPG170G13.32,extended,RGC,0.0
XXbac-BPG170G13.32,extended,Muller glia,0.3882579653112241
XXbac-BPG170G13.32,extended,Microglia,0.5641696951876838
XXbac-BPG283O16.9,primary,Rod,
XXbac-BPG283O16.9,primary,Cone,
XXbac-BPG283O16.9,primary,Bipolar,
XXbac-BPG283O16.9,primary,RGC,
XXbac-BPG283O16.9,primary,Muller glia,
XXbac-BPG283O16.9,strict,Rod,
XXbac-BPG283O16.9,strict,Cone,
XXbac-BPG283O16.9,strict,Bipolar,
XXbac-BPG283O16.9,strict,RGC,
XXbac-BPG283O16.9,strict,Muller glia,
XXbac-BPG283O16.9,extended,Rod,
XXbac-BPG283O16.9,extended,Cone,
XXbac-BPG283O16.9,extended,Bipolar,
XXbac-BPG283O16.9,extended,Horizontal,
XXbac-BPG283O16.9,extended,RGC,
XXbac-BPG283O16.9,extended,Muller glia,
XXbac-BPG283O16.9,extended,Microglia,
YAP1,primary,Rod,0.6231245355955329
YAP1,primary,Cone,0.18115058744359938
YAP1,primary,Bipolar,0.09830719662628325
YAP1,primary,RGC,0.0
YAP1,primary,Muller glia,3.2130703373437037
YAP1,strict,Rod,0.6882792346735892
YAP1,strict,Cone,0.2215844074880998
YAP1,strict,Bipolar,0.1140551916910953
YAP1,strict,RGC,0.0
YAP1,strict,Muller glia,3.240898200156213
YAP1,extended,Rod,0.6231245355955329
YAP1,extended,Cone,0.18115058744359938
YAP1,extended,Bipolar,0.09830719662628325
YAP1,extended,Horizontal,0.0
YAP1,extended,RGC,0.0
YAP1,extended,Muller glia,3.2130703373437037
YAP1,extended,Microglia,0.0
YIF1A,primary,Rod,4.222841095829299
YIF1A,primary,Cone,4.087275402689646
YIF1A,primary,Bipolar,3.919135599870154
YIF1A,primary,RGC,3.8018913143047457
YIF1A,primary,Muller glia,4.513424176161
YIF1A,strict,Rod,4.272641378258072
YIF1A,strict,Cone,4.280136732632663
YIF1A,strict,Bipolar,3.9623916936402863
YIF1A,strict,RGC,3.8456294533632254
YIF1A,strict,Muller glia,4.521853424545672
YIF1A,extended,Rod,4.222841095829299
YIF1A,extended,Cone,4.087275402689646
YIF1A,extended,Bipolar,3.919135599870154
YIF1A,extended,Horizontal,3.85469709487992
YIF1A,extended,RGC,3.8018913143047457
YIF1A,extended,Muller glia,4.513424176161
YIF1A,extended,Microglia,2.7230883759576283
ZNF280D,primary,Rod,3.9861739209578175
ZNF280D,primary,Cone,4.201513825789337
ZNF280D,primary,Bipolar,4.563331120536326
ZNF280D,primary,RGC,4.536549662330299
ZNF280D,primary,Muller glia,3.3973010019850496
ZNF280D,strict,Rod,4.026974245990289
ZNF280D,strict,Cone,4.150943751389892
ZNF280D,strict,Bipolar,4.567062595212488
ZNF280D,strict,RGC,4.561704437272931
ZNF280D,strict,Muller glia,3.412085758862735
ZNF280D,extended,Rod,3.9861739209578175
ZNF280D,extended,Cone,4.201513825789337
ZNF280D,extended,Bipolar,4.563331120536326
ZNF280D,extended,Horizontal,4.825232452388055
ZNF280D,extended,RGC,4.536549662330299
ZNF280D,extended,Muller glia,3.3973010019850496
ZNF280D,extended,Microglia,3.0998640708258063
ZNF638,primary,Rod,4.839606641096755
ZNF638,primary,Cone,4.65848566462519
ZNF638,primary,Bipolar,5.228957343884573
ZNF638,primary,RGC,5.2467313977938135
ZNF638,primary,Muller glia,4.973681294149913
ZNF638,strict,Rod,4.8979838878176
ZNF638,strict,Cone,4.480231430962325
ZNF638,strict,Bipolar,5.258204657457835
ZNF638,strict,RGC,5.261237764122336
ZNF638,strict,Muller glia,4.982859010780559
ZNF638,extended,Rod,4.839606641096755
ZNF638,extended,Cone,4.65848566462519
ZNF638,extended,Bipolar,5.228957343884573
ZNF638,extended,Horizontal,5.1487890703425405
ZNF638,extended,RGC,5.2467313977938135
ZNF638,extended,Muller glia,4.973681294149913
ZNF638,extended,Microglia,3.7335832333273267
ZNF638-IT1,primary,Rod,
ZNF638-IT1,primary,Cone,
ZNF638-IT1,primary,Bipolar,
ZNF638-IT1,primary,RGC,
ZNF638-IT1,primary,Muller glia,
ZNF638-IT1,strict,Rod,
ZNF638-IT1,strict,Cone,
ZNF638-IT1,strict,Bipolar,
ZNF638-IT1,strict,RGC,
ZNF638-IT1,strict,Muller glia,
ZNF638-IT1,extended,Rod,
ZNF638-IT1,extended,Cone,
ZNF638-IT1,extended,Bipolar,
ZNF638-IT1,extended,Horizontal,
ZNF638-IT1,extended,RGC,
ZNF638-IT1,extended,Muller glia,
ZNF638-IT1,extended,Microglia,
