qc,donor,cell_type,gene,n_cells,sum_all_UMIs,sum_gene_UMIs,log1p_pseudobulk_CPM,pseudobulk_CPM,gene_in_matrix
primary,Retina 1,Rod,DGKG,1341,2312869,0.0,0.0,0.0,True
primary,Retina 1,Rod,SLC2A12,1341,2312869,0.0,0.0,0.0,True
primary,Retina 1,Rod,COL8A2,1341,2312869,0.0,0.0,0.0,True
primary,Retina 1,Rod,NPC2,1341,2312869,115.0,3.926355714544179,49.72179574372781,True
primary,Retina 1,Rod,PSMC3,1341,2312869,233.0,4.622427240878013,100.74068181120505,True
primary,Retina 1,Rod,RP11-466F5.8,1341,2312869,9.0,1.5874521820361334,3.8912709712482636,True
primary,Retina 1,Rod,LPP,1341,2312869,17.0,2.1222829160290875,7.35017850124672,True
primary,Retina 1,Rod,RP11-121M22.1,1341,2312869,1.0,0.3593258360921962,0.4323634412498071,True
primary,Retina 1,Rod,ABO,1341,2312869,0.0,0.0,0.0,True
primary,Retina 1,Rod,ADAMTS8,1341,2312869,0.0,0.0,0.0,True
primary,Retina 1,Rod,CALD1,1341,2312869,15.0,2.0129613525573773,6.485451618747106,True
primary,Retina 1,Rod,CHEK2,1341,2312869,0.0,0.0,0.0,True
primary,Retina 1,Rod,GAS7,1341,2312869,65.0,3.370862691553272,28.10362368123746,True
primary,Retina 1,Rod,LMX1B,1341,2312869,,,,False
primary,Retina 1,Rod,TCF12,1341,2312869,71.0,3.456247414406649,30.6978043287363,True
primary,Retina 1,Rod,TMCO1,1341,2312869,377.0,5.099872631165795,163.00101735117727,True
primary,Retina 1,Rod,TRIB2,1341,2312869,289.0,4.835909095570667,124.95303452119424,True
primary,Retina 1,Rod,AC000078.5,1341,2312869,,,,False
primary,Retina 1,Rod,AC002066.1,1341,2312869,,,,False
primary,Retina 1,Rod,AC012066.1,1341,2312869,,,,False
primary,Retina 1,Rod,AC091132.1,1341,2312869,,,,False
primary,Retina 1,Rod,ACBD4,1341,2312869,54.0,3.192434342823828,23.34762582748958,True
primary,Retina 1,Rod,AFAP1,1341,2312869,0.0,0.0,0.0,True
primary,Retina 1,Rod,ALDH2,1341,2312869,112.0,3.900450408896853,48.42470541997839,True
primary,Retina 1,Rod,AP003068.23,1341,2312869,6.0,1.2793160507317052,2.5941806474988423,True
primary,Retina 1,Rod,AP5B1,1341,2312869,15.0,2.0129613525573773,6.485451618747106,True
primary,Retina 1,Rod,AREL1,1341,2312869,9.0,1.5874521820361334,3.8912709712482636,True
primary,Retina 1,Rod,ARHGAP27,1341,2312869,4.0,1.0041015030961091,1.7294537649992283,True
primary,Retina 1,Rod,ARHGEF12,1341,2312869,140.0,4.119539191463512,60.53088177497299,True
primary,Retina 1,Rod,ARL17A,1341,2312869,70.0,3.4425133625506192,30.265440887486495,True
primary,Retina 1,Rod,ATP5J,1341,2312869,1175.0,6.2325011457256325,508.0270434685233,True
primary,Retina 1,Rod,BICC1,1341,2312869,1.0,0.3593258360921962,0.4323634412498071,True
primary,Retina 1,Rod,BORA,1341,2312869,8.0,1.4949037875963667,3.4589075299984566,True
primary,Retina 1,Rod,C1orf109,1341,2312869,43.0,2.9751023307875513,18.591627973741705,True
primary,Retina 1,Rod,C1orf122,1341,2312869,349.0,5.023188445866195,150.89484099618267,True
primary,Retina 1,Rod,C22orf29,1341,2312869,32.0,2.6970317280678247,13.835630119993827,True
primary,Retina 1,Rod,C6orf15,1341,2312869,,,,False
primary,Retina 1,Rod,CADM1,1341,2312869,1376.0,6.390126726278598,594.9320951597346,True
primary,Retina 1,Rod,CADM2,1341,2312869,1816.0,6.667175609847806,785.1720093096496,True
primary,Retina 1,Rod,CAV2,1341,2312869,8.0,1.4949037875963667,3.4589075299984566,True
primary,Retina 1,Rod,CCDC117,1341,2312869,42.0,2.952786386236653,18.159264532491896,True
primary,Retina 1,Rod,CDC14A,1341,2312869,21.0,2.3105167804545363,9.079632266245948,True
primary,Retina 1,Rod,CDKN2A,1341,2312869,0.0,0.0,0.0,True
primary,Retina 1,Rod,CDKN2B-AS1,1341,2312869,0.0,0.0,0.0,True
primary,Retina 1,Rod,CELF1,1341,2312869,75.0,3.5093716777363664,32.42725809373553,True
primary,Retina 1,Rod,CLIC5,1341,2312869,0.0,0.0,0.0,True
primary,Retina 1,Rod,CMB9-22P13.1,1341,2312869,,,,False
primary,Retina 1,Rod,COL11A1,1341,2312869,2.0,0.6231145986719144,0.8647268824996142,True
primary,Retina 1,Rod,CRHR1,1341,2312869,0.0,0.0,0.0,True
primary,Retina 1,Rod,CTA-292E10.6,1341,2312869,43.0,2.9751023307875513,18.591627973741705,True
primary,Retina 1,Rod,CTB-39G8.3,1341,2312869,,,,False
primary,Retina 1,Rod,CTD-2005H7.1,1341,2312869,0.0,0.0,0.0,True
primary,Retina 1,Rod,CTD-2020K17.1,1341,2312869,11.0,1.750242416152897,4.7559978537478775,True
primary,Retina 1,Rod,CTD-2020K17.3,1341,2312869,0.0,0.0,0.0,True
primary,Retina 1,Rod,CTTNBP2,1341,2312869,8.0,1.4949037875963667,3.4589075299984566,True
primary,Retina 1,Rod,DDX39BP2,1341,2312869,,,,False
primary,Retina 1,Rod,DIO1,1341,2312869,,,,False
primary,Retina 1,Rod,DND1P1,1341,2312869,,,,False
primary,Retina 1,Rod,DYSF,1341,2312869,1.0,0.3593258360921962,0.4323634412498071,True
primary,Retina 1,Rod,EFCAB13,1341,2312869,5.0,1.1511469275808353,2.1618172062490353,True
primary,Retina 1,Rod,EFEMP1,1341,2312869,0.0,0.0,0.0,True
primary,Retina 1,Rod,EHBP1L1,1341,2312869,0.0,0.0,0.0,True
primary,Retina 1,Rod,FAM215B,1341,2312869,69.0,3.4285880567748603,29.833077446236686,True
primary,Retina 1,Rod,FAM83A,1341,2312869,,,,False
primary,Retina 1,Rod,FAM83A-AS1,1341,2312869,,,,False
primary,Retina 1,Rod,FAM89B,1341,2312869,7.0,1.3929084618392749,3.026544088748649,True
primary,Retina 1,Rod,FHL3,1341,2312869,0.0,0.0,0.0,True
primary,Retina 1,Rod,FLOT1,1341,2312869,102.0,3.8089059936209098,44.10107100748032,True
primary,Retina 1,Rod,FLVCR2,1341,2312869,1.0,0.3593258360921962,0.4323634412498071,True
primary,Retina 1,Rod,FMNL1,1341,2312869,0.0,0.0,0.0,True
primary,Retina 1,Rod,FNDC4,1341,2312869,37.0,2.8330631755016515,15.997447326242861,True
primary,Retina 1,Rod,GALR3,1341,2312869,,,,False
primary,Retina 1,Rod,GCAT,1341,2312869,0.0,0.0,0.0,True
primary,Retina 1,Rod,GLIS1,1341,2312869,0.0,0.0,0.0,True
primary,Retina 1,Rod,H1F0,1341,2312869,6.0,1.2793160507317052,2.5941806474988423,True
primary,Retina 1,Rod,HCG4,1341,2312869,,,,False
primary,Retina 1,Rod,HCG4B,1341,2312869,,,,False
primary,Retina 1,Rod,HCG4P5,1341,2312869,,,,False
primary,Retina 1,Rod,HCG4P7,1341,2312869,,,,False
primary,Retina 1,Rod,HCG9,1341,2312869,0.0,0.0,0.0,True
primary,Retina 1,Rod,HCP5B,1341,2312869,0.0,0.0,0.0,True
primary,Retina 1,Rod,HECTD4,1341,2312869,50.0,3.1187536567457967,21.618172062490352,True
primary,Retina 1,Rod,HLA-A,1341,2312869,84.0,3.6194899610808373,36.31852906498379,True
primary,Retina 1,Rod,HLA-C,1341,2312869,83.0,3.6078365654021898,35.88616562373399,True
primary,Retina 1,Rod,HLA-F,1341,2312869,4.0,1.0041015030961091,1.7294537649992283,True
primary,Retina 1,Rod,HLA-F-AS1,1341,2312869,,,,False
primary,Retina 1,Rod,HLA-G,1341,2312869,2.0,0.6231145986719144,0.8647268824996142,True
primary,Retina 1,Rod,HLA-H,1341,2312869,,,,False
primary,Retina 1,Rod,HLA-J,1341,2312869,,,,False
primary,Retina 1,Rod,HLA-L,1341,2312869,,,,False
primary,Retina 1,Rod,HLA-T,1341,2312869,,,,False
primary,Retina 1,Rod,HLA-U,1341,2312869,,,,False
primary,Retina 1,Rod,HLA-V,1341,2312869,,,,False
primary,Retina 1,Rod,HLA-W,1341,2312869,,,,False
primary,Retina 1,Rod,HSCB,1341,2312869,38.0,2.8581820027600098,16.42981076749267,True
primary,Retina 1,Rod,HTRA3,1341,2312869,0.0,0.0,0.0,True
primary,Retina 1,Rod,IFITM4P,1341,2312869,,,,False
primary,Retina 1,Rod,IFT172,1341,2312869,134.0,4.076464005730854,57.936701127474144,True
primary,Retina 1,Rod,INPP5B,1341,2312869,21.0,2.3105167804545363,9.079632266245948,True
primary,Retina 1,Rod,ITGB3,1341,2312869,0.0,0.0,0.0,True
primary,Retina 1,Rod,KANSL1,1341,2312869,220.0,4.565596964290532,95.11995707495755,True
primary,Retina 1,Rod,KANSL1-AS1,1341,2312869,23.0,2.3928241772958203,9.944359148745562,True
primary,Retina 1,Rod,KHK,1341,2312869,13.0,1.8902048407313177,5.6207247362474915,True
primary,Retina 1,Rod,KLF5,1341,2312869,1.0,0.3593258360921962,0.4323634412498071,True
primary,Retina 1,Rod,KRT8P26,1341,2312869,,,,False
primary,Retina 1,Rod,LHPP,1341,2312869,27.0,2.5395378893709437,11.67381291374479,True
primary,Retina 1,Rod,LINC01948,1341,2312869,0.0,0.0,0.0,True
primary,Retina 1,Rod,LINC02052,1341,2312869,,,,False
primary,Retina 1,Rod,LINC02210,1341,2312869,,,,False
primary,Retina 1,Rod,LMO4,1341,2312869,39.0,2.882685304250886,16.862174208742474,True
primary,Retina 1,Rod,LMO7,1341,2312869,31.0,2.667455033545331,13.40326667874402,True
primary,Retina 1,Rod,LOXL1,1341,2312869,0.0,0.0,0.0,True
primary,Retina 1,Rod,LOXL1-AS1,1341,2312869,0.0,0.0,0.0,True
primary,Retina 1,Rod,LRRC37A,1341,2312869,1.0,0.3593258360921962,0.4323634412498071,True
primary,Retina 1,Rod,LRRC37A17P,1341,2312869,,,,False
primary,Retina 1,Rod,LRRC37A2,1341,2312869,48.0,3.079772144070917,20.753445179990738,True
primary,Retina 1,Rod,LRRC37A4P,1341,2312869,,,,False
primary,Retina 1,Rod,LRWD1,1341,2312869,44.0,2.9969311253934396,19.02399141499151,True
primary,Retina 1,Rod,LTBP2,1341,2312869,2.0,0.6231145986719144,0.8647268824996142,True
primary,Retina 1,Rod,LTBP3,1341,2312869,8.0,1.4949037875963667,3.4589075299984566,True
primary,Retina 1,Rod,MADD,1341,2312869,119.0,3.959884157413209,51.45124950872704,True
primary,Retina 1,Rod,MAPK8IP1P1,1341,2312869,,,,False
primary,Retina 1,Rod,MAPK8IP1P2,1341,2312869,,,,False
primary,Retina 1,Rod,MAPT,1341,2312869,32.0,2.6970317280678247,13.835630119993827,True
primary,Retina 1,Rod,MAPT-AS1,1341,2312869,0.0,0.0,0.0,True
primary,Retina 1,Rod,MAPT-IT1,1341,2312869,,,,False
primary,Retina 1,Rod,ME3,1341,2312869,8.0,1.4949037875963667,3.4589075299984566,True
primary,Retina 1,Rod,MICE,1341,2312869,,,,False
primary,Retina 1,Rod,MOV10,1341,2312869,1.0,0.3593258360921962,0.4323634412498071,True
primary,Retina 1,Rod,MRPL33,1341,2312869,471.0,5.321267881243056,203.64318082865913,True
primary,Retina 1,Rod,MTCH2,1341,2312869,183.0,4.38355683517863,79.12250974871469,True
primary,Retina 1,Rod,MVB12B,1341,2312869,8.0,1.4949037875963667,3.4589075299984566,True
primary,Retina 1,Rod,Metazoa_SRP,1341,2312869,,,,False
primary,Retina 1,Rod,NEAT1,1341,2312869,54.0,3.192434342823828,23.34762582748958,True
primary,Retina 1,Rod,NMT1,1341,2312869,174.0,4.333771336392432,75.23123877746643,True
primary,Retina 1,Rod,NPEPPS,1341,2312869,278.0,4.797417623397748,120.19703666744637,True
primary,Retina 1,Rod,NRBP1,1341,2312869,137.0,4.098233514621519,59.23379145122357,True
primary,Retina 1,Rod,NSF,1341,2312869,294.0,4.852927140725998,127.11485172744328,True
primary,Retina 1,Rod,NUCB2,1341,2312869,311.0,4.908713527518449,134.46503022868998,True
primary,Retina 1,Rod,NUDT7,1341,2312869,43.0,2.9751023307875513,18.591627973741705,True
primary,Retina 1,Rod,PDE6C,1341,2312869,0.0,0.0,0.0,True
primary,Retina 1,Rod,PGAM1P8,1341,2312869,,,,False
primary,Retina 1,Rod,PIBF1,1341,2312869,76.0,3.522223199294186,32.85962153498534,True
primary,Retina 1,Rod,PIGC,1341,2312869,76.0,3.522223199294186,32.85962153498534,True
primary,Retina 1,Rod,PKIB,1341,2312869,477.0,5.333864810134974,206.23736147615796,True
primary,Retina 1,Rod,PLCE1,1341,2312869,58.0,3.261056751972743,25.077079592488808,True
primary,Retina 1,Rod,PLCE1-AS1,1341,2312869,,,,False
primary,Retina 1,Rod,PLEKHA7,1341,2312869,36.0,2.807297099728959,15.565083884993054,True
primary,Retina 1,Rod,PLEKHM1,1341,2312869,15.0,2.0129613525573773,6.485451618747106,True
primary,Retina 1,Rod,PPP1R18,1341,2312869,16.0,2.069115291502462,6.917815059996913,True
primary,Retina 1,Rod,PRKCE,1341,2312869,6.0,1.2793160507317052,2.5941806474988423,True
primary,Retina 1,Rod,PROX2,1341,2312869,,,,False
primary,Retina 1,Rod,PRSS23,1341,2312869,0.0,0.0,0.0,True
primary,Retina 1,Rod,PSORS1C3,1341,2312869,,,,False
primary,Retina 1,Rod,RAPSN,1341,2312869,0.0,0.0,0.0,True
primary,Retina 1,Rod,RERE,1341,2312869,145.0,4.154069940329836,62.69269898122202,True
primary,Retina 1,Rod,RIC8B,1341,2312869,170.0,4.310823084997368,73.5017850124672,True
primary,Retina 1,Rod,RORA,1341,2312869,420.0,5.2072576898300955,181.59264532491898,True
primary,Retina 1,Rod,RP11-123K19.1,1341,2312869,,,,False
primary,Retina 1,Rod,RP11-136H19.1,1341,2312869,,,,False
primary,Retina 1,Rod,RP11-149I2.4,1341,2312869,,,,False
primary,Retina 1,Rod,RP11-162I7.1,1341,2312869,,,,False
primary,Retina 1,Rod,RP11-17G12.2,1341,2312869,,,,False
primary,Retina 1,Rod,RP11-205K6.1,1341,2312869,,,,False
primary,Retina 1,Rod,RP11-217B7.2,1341,2312869,2.0,0.6231145986719144,0.8647268824996142,True
primary,Retina 1,Rod,RP11-259A24.1,1341,2312869,,,,False
primary,Retina 1,Rod,RP11-259G18.1,1341,2312869,,,,False
primary,Retina 1,Rod,RP11-259G18.3,1341,2312869,,,,False
primary,Retina 1,Rod,RP11-293E1.1,1341,2312869,,,,False
primary,Retina 1,Rod,RP11-293E1.2,1341,2312869,,,,False
primary,Retina 1,Rod,RP11-302L19.3,1341,2312869,0.0,0.0,0.0,True
primary,Retina 1,Rod,RP11-403A3.3,1341,2312869,0.0,0.0,0.0,True
primary,Retina 1,Rod,RP11-412D9.4,1341,2312869,65.0,3.370862691553272,28.10362368123746,True
primary,Retina 1,Rod,RP11-507B12.1,1341,2312869,,,,False
primary,Retina 1,Rod,RP11-507B12.2,1341,2312869,0.0,0.0,0.0,True
primary,Retina 1,Rod,RP11-669E14.6,1341,2312869,5.0,1.1511469275808353,2.1618172062490353,True
primary,Retina 1,Rod,RP11-707O23.1,1341,2312869,,,,False
primary,Retina 1,Rod,RP11-750H9.5,1341,2312869,,,,False
primary,Retina 1,Rod,RP11-755F10.1,1341,2312869,0.0,0.0,0.0,True
primary,Retina 1,Rod,RP11-762L8.6,1341,2312869,,,,False
primary,Retina 1,Rod,RP11-770G2.2,1341,2312869,,,,False
primary,Retina 1,Rod,RP11-798G7.6,1341,2312869,21.0,2.3105167804545363,9.079632266245948,True
primary,Retina 1,Rod,RP11-798G7.8,1341,2312869,,,,False
primary,Retina 1,Rod,RP5-1115A15.1,1341,2312869,0.0,0.0,0.0,True
primary,Retina 1,Rod,RPS26P8,1341,2312869,,,,False
primary,Retina 1,Rod,SCRN2,1341,2312869,67.0,3.400141843569013,28.968350563737072,True
primary,Retina 1,Rod,SEMA3E,1341,2312869,2.0,0.6231145986719144,0.8647268824996142,True
primary,Retina 1,Rod,SEPT7,1341,2312869,501.0,5.382723237455963,216.61408406615334,True
primary,Retina 1,Rod,SF3A3,1341,2312869,104.0,3.8278975958070673,44.96579788997993,True
primary,Retina 1,Rod,SFTA1P,1341,2312869,0.0,0.0,0.0,True
primary,Retina 1,Rod,SGSM2,1341,2312869,38.0,2.8581820027600098,16.42981076749267,True
primary,Retina 1,Rod,SLC25A45,1341,2312869,0.0,0.0,0.0,True
primary,Retina 1,Rod,SLC39A13,1341,2312869,21.0,2.3105167804545363,9.079632266245948,True
primary,Retina 1,Rod,SMAD6,1341,2312869,0.0,0.0,0.0,True
primary,Retina 1,Rod,SNORD14A,1341,2312869,,,,False
primary,Retina 1,Rod,SSSCA1-AS1,1341,2312869,,,,False
primary,Retina 1,Rod,TARID,1341,2312869,0.0,0.0,0.0,True
primary,Retina 1,Rod,TBC1D31,1341,2312869,14.0,1.9534655602742628,6.053088177497298,True
primary,Retina 1,Rod,TBKBP1,1341,2312869,11.0,1.750242416152897,4.7559978537478775,True
primary,Retina 1,Rod,TBPL1,1341,2312869,82.0,3.5960457652911777,35.45380218248418,True
primary,Retina 1,Rod,TGFB3,1341,2312869,1.0,0.3593258360921962,0.4323634412498071,True
primary,Retina 1,Rod,THCAT158,1341,2312869,0.0,0.0,0.0,True
primary,Retina 1,Rod,THSD7A,1341,2312869,1.0,0.3593258360921962,0.4323634412498071,True
primary,Retina 1,Rod,TIGD3,1341,2312869,4.0,1.0041015030961091,1.7294537649992283,True
primary,Retina 1,Rod,TMEM116,1341,2312869,63.0,3.340700346661475,27.238896798737844,True
primary,Retina 1,Rod,TMEM136,1341,2312869,571.0,5.512942841655246,246.87952495363982,True
primary,Retina 1,Rod,TMEM181,1341,2312869,35.0,2.7808495353086964,15.132720443743247,True
primary,Retina 1,Rod,TMEM263,1341,2312869,33.0,2.725758713167125,14.267993561243633,True
primary,Retina 1,Rod,TRIM26,1341,2312869,44.0,2.9969311253934396,19.02399141499151,True
primary,Retina 1,Rod,TRIOBP,1341,2312869,7.0,1.3929084618392749,3.026544088748649,True
primary,Retina 1,Rod,TSC22D2,1341,2312869,56.0,3.227334061319357,24.212352709989194,True
primary,Retina 1,Rod,TTC28,1341,2312869,55.0,3.210036443139538,23.77998926873939,True
primary,Retina 1,Rod,TTLL5,1341,2312869,128.0,4.031449498401328,55.342520479975306,True
primary,Retina 1,Rod,TXNDC8,1341,2312869,,,,False
primary,Retina 1,Rod,TXNRD2,1341,2312869,23.0,2.3928241772958203,9.944359148745562,True
primary,Retina 1,Rod,UTP11,1341,2312869,65.0,3.370862691553272,28.10362368123746,True
primary,Retina 1,Rod,VARS2,1341,2312869,14.0,1.9534655602742628,6.053088177497298,True
primary,Retina 1,Rod,VCAM1,1341,2312869,0.0,0.0,0.0,True
primary,Retina 1,Rod,WLS,1341,2312869,384.0,5.11815883736182,166.0275614399259,True
primary,Retina 1,Rod,WNT2B,1341,2312869,65.0,3.370862691553272,28.10362368123746,True
primary,Retina 1,Rod,XRCC6P1,1341,2312869,,,,False
primary,Retina 1,Rod,XXbac-BPG170G13.32,1341,2312869,0.0,0.0,0.0,True
primary,Retina 1,Rod,XXbac-BPG283O16.9,1341,2312869,,,,False
primary,Retina 1,Rod,YAP1,1341,2312869,2.0,0.6231145986719144,0.8647268824996142,True
primary,Retina 1,Rod,YIF1A,1341,2312869,156.0,4.226084513349721,67.4486968349699,True
primary,Retina 1,Rod,ZNF280D,1341,2312869,153.0,4.206952846900796,66.15160651122048,True
primary,Retina 1,Rod,ZNF638,1341,2312869,360.0,5.054019372314795,155.65083884993055,True
primary,Retina 1,Rod,ZNF638-IT1,1341,2312869,,,,False
primary,Retina 1,Cone,DGKG,30,142151,0.0,0.0,0.0,True
primary,Retina 1,Cone,SLC2A12,30,142151,0.0,0.0,0.0,True
primary,Retina 1,Cone,COL8A2,30,142151,0.0,0.0,0.0,True
primary,Retina 1,Cone,NPC2,30,142151,18.0,4.849103421473485,126.62591188243488,True
primary,Retina 1,Cone,PSMC3,30,142151,17.0,4.7924058072991675,119.59113900007738,True
primary,Retina 1,Cone,RP11-466F5.8,30,142151,1.0,2.0837787327486015,7.034772882357493,True
primary,Retina 1,Cone,LPP,30,142151,2.0,2.712675870493025,14.069545764714986,True
primary,Retina 1,Cone,RP11-121M22.1,30,142151,0.0,0.0,0.0,True
primary,Retina 1,Cone,ABO,30,142151,0.0,0.0,0.0,True
primary,Retina 1,Cone,ADAMTS8,30,142151,0.0,0.0,0.0,True
primary,Retina 1,Cone,CALD1,30,142151,0.0,0.0,0.0,True
primary,Retina 1,Cone,CHEK2,30,142151,0.0,0.0,0.0,True
primary,Retina 1,Cone,GAS7,30,142151,36.0,5.538325208019441,253.25182376486975,True
primary,Retina 1,Cone,LMX1B,30,142151,,,,False
primary,Retina 1,Cone,TCF12,30,142151,5.0,3.588336880505472,35.17386441178746,True
primary,Retina 1,Cone,TMCO1,30,142151,34.0,5.481398126741455,239.18227800015475,True
primary,Retina 1,Cone,TRIB2,30,142151,12.0,4.447548358890381,84.41727458828991,True
primary,Retina 1,Cone,AC000078.5,30,142151,,,,False
primary,Retina 1,Cone,AC002066.1,30,142151,,,,False
primary,Retina 1,Cone,AC012066.1,30,142151,,,,False
primary,Retina 1,Cone,AC091132.1,30,142151,,,,False
primary,Retina 1,Cone,ACBD4,30,142151,2.0,2.712675870493025,14.069545764714986,True
primary,Retina 1,Cone,AFAP1,30,142151,1.0,2.0837787327486015,7.034772882357493,True
primary,Retina 1,Cone,ALDH2,30,142151,11.0,4.361600709918831,77.38250170593243,True
primary,Retina 1,Cone,AP003068.23,30,142151,0.0,0.0,0.0,True
primary,Retina 1,Cone,AP5B1,30,142151,1.0,2.0837787327486015,7.034772882357493,True
primary,Retina 1,Cone,AREL1,30,142151,0.0,0.0,0.0,True
primary,Retina 1,Cone,ARHGAP27,30,142151,0.0,0.0,0.0,True
primary,Retina 1,Cone,ARHGEF12,30,142151,13.0,4.526690104376945,91.45204747064741,True
primary,Retina 1,Cone,ARL17A,30,142151,5.0,3.588336880505472,35.17386441178746,True
primary,Retina 1,Cone,ATP5J,30,142151,134.0,6.849765472115839,942.6595662359041,True
primary,Retina 1,Cone,BICC1,30,142151,0.0,0.0,0.0,True
primary,Retina 1,Cone,BORA,30,142151,2.0,2.712675870493025,14.069545764714986,True
primary,Retina 1,Cone,C1orf109,30,142151,4.0,3.372080624214842,28.139091529429972,True
primary,Retina 1,Cone,C1orf122,30,142151,50.0,5.86572739777781,351.7386441178746,True
primary,Retina 1,Cone,C22orf29,30,142151,3.0,3.095773003327581,21.10431864707248,True
primary,Retina 1,Cone,C6orf15,30,142151,,,,False
primary,Retina 1,Cone,CADM1,30,142151,34.0,5.481398126741455,239.18227800015475,True
primary,Retina 1,Cone,CADM2,30,142151,98.0,6.537282354177707,689.4077424710343,True
primary,Retina 1,Cone,CAV2,30,142151,0.0,0.0,0.0,True
primary,Retina 1,Cone,CCDC117,30,142151,2.0,2.712675870493025,14.069545764714986,True
primary,Retina 1,Cone,CDC14A,30,142151,4.0,3.372080624214842,28.139091529429972,True
primary,Retina 1,Cone,CDKN2A,30,142151,0.0,0.0,0.0,True
primary,Retina 1,Cone,CDKN2B-AS1,30,142151,0.0,0.0,0.0,True
primary,Retina 1,Cone,CELF1,30,142151,13.0,4.526690104376945,91.45204747064741,True
primary,Retina 1,Cone,CLIC5,30,142151,0.0,0.0,0.0,True
primary,Retina 1,Cone,CMB9-22P13.1,30,142151,,,,False
primary,Retina 1,Cone,COL11A1,30,142151,1.0,2.0837787327486015,7.034772882357493,True
primary,Retina 1,Cone,CRHR1,30,142151,0.0,0.0,0.0,True
primary,Retina 1,Cone,CTA-292E10.6,30,142151,1.0,2.0837787327486015,7.034772882357493,True
primary,Retina 1,Cone,CTB-39G8.3,30,142151,,,,False
primary,Retina 1,Cone,CTD-2005H7.1,30,142151,0.0,0.0,0.0,True
primary,Retina 1,Cone,CTD-2020K17.1,30,142151,0.0,0.0,0.0,True
primary,Retina 1,Cone,CTD-2020K17.3,30,142151,0.0,0.0,0.0,True
primary,Retina 1,Cone,CTTNBP2,30,142151,2.0,2.712675870493025,14.069545764714986,True
primary,Retina 1,Cone,DDX39BP2,30,142151,,,,False
primary,Retina 1,Cone,DIO1,30,142151,,,,False
primary,Retina 1,Cone,DND1P1,30,142151,,,,False
primary,Retina 1,Cone,DYSF,30,142151,0.0,0.0,0.0,True
primary,Retina 1,Cone,EFCAB13,30,142151,0.0,0.0,0.0,True
primary,Retina 1,Cone,EFEMP1,30,142151,0.0,0.0,0.0,True
primary,Retina 1,Cone,EHBP1L1,30,142151,0.0,0.0,0.0,True
primary,Retina 1,Cone,FAM215B,30,142151,2.0,2.712675870493025,14.069545764714986,True
primary,Retina 1,Cone,FAM83A,30,142151,,,,False
primary,Retina 1,Cone,FAM83A-AS1,30,142151,,,,False
primary,Retina 1,Cone,FAM89B,30,142151,0.0,0.0,0.0,True
primary,Retina 1,Cone,FHL3,30,142151,0.0,0.0,0.0,True
primary,Retina 1,Cone,FLOT1,30,142151,4.0,3.372080624214842,28.139091529429972,True
primary,Retina 1,Cone,FLVCR2,30,142151,0.0,0.0,0.0,True
primary,Retina 1,Cone,FMNL1,30,142151,0.0,0.0,0.0,True
primary,Retina 1,Cone,FNDC4,30,142151,4.0,3.372080624214842,28.139091529429972,True
primary,Retina 1,Cone,GALR3,30,142151,,,,False
primary,Retina 1,Cone,GCAT,30,142151,0.0,0.0,0.0,True
primary,Retina 1,Cone,GLIS1,30,142151,0.0,0.0,0.0,True
primary,Retina 1,Cone,H1F0,30,142151,0.0,0.0,0.0,True
primary,Retina 1,Cone,HCG4,30,142151,,,,False
primary,Retina 1,Cone,HCG4B,30,142151,,,,False
primary,Retina 1,Cone,HCG4P5,30,142151,,,,False
primary,Retina 1,Cone,HCG4P7,30,142151,,,,False
primary,Retina 1,Cone,HCG9,30,142151,0.0,0.0,0.0,True
primary,Retina 1,Cone,HCP5B,30,142151,0.0,0.0,0.0,True
primary,Retina 1,Cone,HECTD4,30,142151,9.0,4.163761103034132,63.31295594121744,True
primary,Retina 1,Cone,HLA-A,30,142151,4.0,3.372080624214842,28.139091529429972,True
primary,Retina 1,Cone,HLA-C,30,142151,2.0,2.712675870493025,14.069545764714986,True
primary,Retina 1,Cone,HLA-F,30,142151,0.0,0.0,0.0,True
primary,Retina 1,Cone,HLA-F-AS1,30,142151,,,,False
primary,Retina 1,Cone,HLA-G,30,142151,0.0,0.0,0.0,True
primary,Retina 1,Cone,HLA-H,30,142151,,,,False
primary,Retina 1,Cone,HLA-J,30,142151,,,,False
primary,Retina 1,Cone,HLA-L,30,142151,,,,False
primary,Retina 1,Cone,HLA-T,30,142151,,,,False
primary,Retina 1,Cone,HLA-U,30,142151,,,,False
primary,Retina 1,Cone,HLA-V,30,142151,,,,False
primary,Retina 1,Cone,HLA-W,30,142151,,,,False
primary,Retina 1,Cone,HSCB,30,142151,0.0,0.0,0.0,True
primary,Retina 1,Cone,HTRA3,30,142151,0.0,0.0,0.0,True
primary,Retina 1,Cone,IFITM4P,30,142151,,,,False
primary,Retina 1,Cone,IFT172,30,142151,5.0,3.588336880505472,35.17386441178746,True
primary,Retina 1,Cone,INPP5B,30,142151,0.0,0.0,0.0,True
primary,Retina 1,Cone,ITGB3,30,142151,0.0,0.0,0.0,True
primary,Retina 1,Cone,KANSL1,30,142151,17.0,4.7924058072991675,119.59113900007738,True
primary,Retina 1,Cone,KANSL1-AS1,30,142151,0.0,0.0,0.0,True
primary,Retina 1,Cone,KHK,30,142151,2.0,2.712675870493025,14.069545764714986,True
primary,Retina 1,Cone,KLF5,30,142151,0.0,0.0,0.0,True
primary,Retina 1,Cone,KRT8P26,30,142151,,,,False
primary,Retina 1,Cone,LHPP,30,142151,3.0,3.095773003327581,21.10431864707248,True
primary,Retina 1,Cone,LINC01948,30,142151,0.0,0.0,0.0,True
primary,Retina 1,Cone,LINC02052,30,142151,,,,False
primary,Retina 1,Cone,LINC02210,30,142151,,,,False
primary,Retina 1,Cone,LMO4,30,142151,16.0,4.732299331424929,112.55636611771989,True
primary,Retina 1,Cone,LMO7,30,142151,2.0,2.712675870493025,14.069545764714986,True
primary,Retina 1,Cone,LOXL1,30,142151,0.0,0.0,0.0,True
primary,Retina 1,Cone,LOXL1-AS1,30,142151,0.0,0.0,0.0,True
primary,Retina 1,Cone,LRRC37A,30,142151,0.0,0.0,0.0,True
primary,Retina 1,Cone,LRRC37A17P,30,142151,,,,False
primary,Retina 1,Cone,LRRC37A2,30,142151,2.0,2.712675870493025,14.069545764714986,True
primary,Retina 1,Cone,LRRC37A4P,30,142151,,,,False
primary,Retina 1,Cone,LRWD1,30,142151,1.0,2.0837787327486015,7.034772882357493,True
primary,Retina 1,Cone,LTBP2,30,142151,0.0,0.0,0.0,True
primary,Retina 1,Cone,LTBP3,30,142151,0.0,0.0,0.0,True
primary,Retina 1,Cone,MADD,30,142151,13.0,4.526690104376945,91.45204747064741,True
primary,Retina 1,Cone,MAPK8IP1P1,30,142151,,,,False
primary,Retina 1,Cone,MAPK8IP1P2,30,142151,,,,False
primary,Retina 1,Cone,MAPT,30,142151,7.0,3.9168793975733625,49.24341017650245,True
primary,Retina 1,Cone,MAPT-AS1,30,142151,0.0,0.0,0.0,True
primary,Retina 1,Cone,MAPT-IT1,30,142151,,,,False
primary,Retina 1,Cone,ME3,30,142151,0.0,0.0,0.0,True
primary,Retina 1,Cone,MICE,30,142151,,,,False
primary,Retina 1,Cone,MOV10,30,142151,0.0,0.0,0.0,True
primary,Retina 1,Cone,MRPL33,30,142151,27.0,5.251953313064784,189.93886782365232,True
primary,Retina 1,Cone,MTCH2,30,142151,12.0,4.447548358890381,84.41727458828991,True
primary,Retina 1,Cone,MVB12B,30,142151,0.0,0.0,0.0,True
primary,Retina 1,Cone,Metazoa_SRP,30,142151,,,,False
primary,Retina 1,Cone,NEAT1,30,142151,3.0,3.095773003327581,21.10431864707248,True
primary,Retina 1,Cone,NMT1,30,142151,18.0,4.849103421473485,126.62591188243488,True
primary,Retina 1,Cone,NPEPPS,30,142151,21.0,5.002134131589908,147.73023052950737,True
primary,Retina 1,Cone,NRBP1,30,142151,7.0,3.9168793975733625,49.24341017650245,True
primary,Retina 1,Cone,NSF,30,142151,30.0,5.356789963693565,211.0431864707248,True
primary,Retina 1,Cone,NUCB2,30,142151,14.0,4.600025176627341,98.4868203530049,True
primary,Retina 1,Cone,NUDT7,30,142151,1.0,2.0837787327486015,7.034772882357493,True
primary,Retina 1,Cone,PDE6C,30,142151,31.0,5.389427645252285,218.0779593530823,True
primary,Retina 1,Cone,PGAM1P8,30,142151,,,,False
primary,Retina 1,Cone,PIBF1,30,142151,4.0,3.372080624214842,28.139091529429972,True
primary,Retina 1,Cone,PIGC,30,142151,5.0,3.588336880505472,35.17386441178746,True
primary,Retina 1,Cone,PKIB,30,142151,32.0,5.4210336901064,225.11273223543978,True
primary,Retina 1,Cone,PLCE1,30,142151,2.0,2.712675870493025,14.069545764714986,True
primary,Retina 1,Cone,PLCE1-AS1,30,142151,,,,False
primary,Retina 1,Cone,PLEKHA7,30,142151,10.0,4.267565511931629,70.34772882357493,True
primary,Retina 1,Cone,PLEKHM1,30,142151,0.0,0.0,0.0,True
primary,Retina 1,Cone,PPP1R18,30,142151,2.0,2.712675870493025,14.069545764714986,True
primary,Retina 1,Cone,PRKCE,30,142151,0.0,0.0,0.0,True
primary,Retina 1,Cone,PROX2,30,142151,,,,False
primary,Retina 1,Cone,PRSS23,30,142151,0.0,0.0,0.0,True
primary,Retina 1,Cone,PSORS1C3,30,142151,,,,False
primary,Retina 1,Cone,RAPSN,30,142151,0.0,0.0,0.0,True
primary,Retina 1,Cone,RERE,30,142151,18.0,4.849103421473485,126.62591188243488,True
primary,Retina 1,Cone,RIC8B,30,142151,0.0,0.0,0.0,True
primary,Retina 1,Cone,RORA,30,142151,75.0,6.27024707238734,527.6079661768119,True
primary,Retina 1,Cone,RP11-123K19.1,30,142151,,,,False
primary,Retina 1,Cone,RP11-136H19.1,30,142151,,,,False
primary,Retina 1,Cone,RP11-149I2.4,30,142151,,,,False
primary,Retina 1,Cone,RP11-162I7.1,30,142151,,,,False
primary,Retina 1,Cone,RP11-17G12.2,30,142151,,,,False
primary,Retina 1,Cone,RP11-205K6.1,30,142151,,,,False
primary,Retina 1,Cone,RP11-217B7.2,30,142151,0.0,0.0,0.0,True
primary,Retina 1,Cone,RP11-259A24.1,30,142151,,,,False
primary,Retina 1,Cone,RP11-259G18.1,30,142151,,,,False
primary,Retina 1,Cone,RP11-259G18.3,30,142151,,,,False
primary,Retina 1,Cone,RP11-293E1.1,30,142151,,,,False
primary,Retina 1,Cone,RP11-293E1.2,30,142151,,,,False
primary,Retina 1,Cone,RP11-302L19.3,30,142151,0.0,0.0,0.0,True
primary,Retina 1,Cone,RP11-403A3.3,30,142151,0.0,0.0,0.0,True
primary,Retina 1,Cone,RP11-412D9.4,30,142151,2.0,2.712675870493025,14.069545764714986,True
primary,Retina 1,Cone,RP11-507B12.1,30,142151,,,,False
primary,Retina 1,Cone,RP11-507B12.2,30,142151,0.0,0.0,0.0,True
primary,Retina 1,Cone,RP11-669E14.6,30,142151,0.0,0.0,0.0,True
primary,Retina 1,Cone,RP11-707O23.1,30,142151,,,,False
primary,Retina 1,Cone,RP11-750H9.5,30,142151,,,,False
primary,Retina 1,Cone,RP11-755F10.1,30,142151,0.0,0.0,0.0,True
primary,Retina 1,Cone,RP11-762L8.6,30,142151,,,,False
primary,Retina 1,Cone,RP11-770G2.2,30,142151,,,,False
primary,Retina 1,Cone,RP11-798G7.6,30,142151,1.0,2.0837787327486015,7.034772882357493,True
primary,Retina 1,Cone,RP11-798G7.8,30,142151,,,,False
primary,Retina 1,Cone,RP5-1115A15.1,30,142151,0.0,0.0,0.0,True
primary,Retina 1,Cone,RPS26P8,30,142151,,,,False
primary,Retina 1,Cone,SCRN2,30,142151,3.0,3.095773003327581,21.10431864707248,True
primary,Retina 1,Cone,SEMA3E,30,142151,0.0,0.0,0.0,True
primary,Retina 1,Cone,SEPT7,30,142151,26.0,5.214414398579846,182.90409494129483,True
primary,Retina 1,Cone,SF3A3,30,142151,3.0,3.095773003327581,21.10431864707248,True
primary,Retina 1,Cone,SFTA1P,30,142151,0.0,0.0,0.0,True
primary,Retina 1,Cone,SGSM2,30,142151,4.0,3.372080624214842,28.139091529429972,True
primary,Retina 1,Cone,SLC25A45,30,142151,0.0,0.0,0.0,True
primary,Retina 1,Cone,SLC39A13,30,142151,5.0,3.588336880505472,35.17386441178746,True
primary,Retina 1,Cone,SMAD6,30,142151,0.0,0.0,0.0,True
primary,Retina 1,Cone,SNORD14A,30,142151,,,,False
primary,Retina 1,Cone,SSSCA1-AS1,30,142151,,,,False
primary,Retina 1,Cone,TARID,30,142151,1.0,2.0837787327486015,7.034772882357493,True
primary,Retina 1,Cone,TBC1D31,30,142151,2.0,2.712675870493025,14.069545764714986,True
primary,Retina 1,Cone,TBKBP1,30,142151,1.0,2.0837787327486015,7.034772882357493,True
primary,Retina 1,Cone,TBPL1,30,142151,3.0,3.095773003327581,21.10431864707248,True
primary,Retina 1,Cone,TGFB3,30,142151,0.0,0.0,0.0,True
primary,Retina 1,Cone,THCAT158,30,142151,0.0,0.0,0.0,True
primary,Retina 1,Cone,THSD7A,30,142151,10.0,4.267565511931629,70.34772882357493,True
primary,Retina 1,Cone,TIGD3,30,142151,0.0,0.0,0.0,True
primary,Retina 1,Cone,TMEM116,30,142151,1.0,2.0837787327486015,7.034772882357493,True
primary,Retina 1,Cone,TMEM136,30,142151,14.0,4.600025176627341,98.4868203530049,True
primary,Retina 1,Cone,TMEM181,30,142151,5.0,3.588336880505472,35.17386441178746,True
primary,Retina 1,Cone,TMEM263,30,142151,4.0,3.372080624214842,28.139091529429972,True
primary,Retina 1,Cone,TRIM26,30,142151,2.0,2.712675870493025,14.069545764714986,True
primary,Retina 1,Cone,TRIOBP,30,142151,0.0,0.0,0.0,True
primary,Retina 1,Cone,TSC22D2,30,142151,3.0,3.095773003327581,21.10431864707248,True
primary,Retina 1,Cone,TTC28,30,142151,4.0,3.372080624214842,28.139091529429972,True
primary,Retina 1,Cone,TTLL5,30,142151,3.0,3.095773003327581,21.10431864707248,True
primary,Retina 1,Cone,TXNDC8,30,142151,,,,False
primary,Retina 1,Cone,TXNRD2,30,142151,1.0,2.0837787327486015,7.034772882357493,True
primary,Retina 1,Cone,UTP11,30,142151,3.0,3.095773003327581,21.10431864707248,True
primary,Retina 1,Cone,VARS2,30,142151,0.0,0.0,0.0,True
primary,Retina 1,Cone,VCAM1,30,142151,0.0,0.0,0.0,True
primary,Retina 1,Cone,WLS,30,142151,30.0,5.356789963693565,211.0431864707248,True
primary,Retina 1,Cone,WNT2B,30,142151,3.0,3.095773003327581,21.10431864707248,True
primary,Retina 1,Cone,XRCC6P1,30,142151,,,,False
primary,Retina 1,Cone,XXbac-BPG170G13.32,30,142151,0.0,0.0,0.0,True
primary,Retina 1,Cone,XXbac-BPG283O16.9,30,142151,,,,False
primary,Retina 1,Cone,YAP1,30,142151,0.0,0.0,0.0,True
primary,Retina 1,Cone,YIF1A,30,142151,5.0,3.588336880505472,35.17386441178746,True
primary,Retina 1,Cone,ZNF280D,30,142151,11.0,4.361600709918831,77.38250170593243,True
primary,Retina 1,Cone,ZNF638,30,142151,13.0,4.526690104376945,91.45204747064741,True
primary,Retina 1,Cone,ZNF638-IT1,30,142151,,,,False
primary,Retina 1,Bipolar,DGKG,295,909786,0.0,0.0,0.0,True
primary,Retina 1,Bipolar,SLC2A12,295,909786,0.0,0.0,0.0,True
primary,Retina 1,Bipolar,COL8A2,295,909786,0.0,0.0,0.0,True
primary,Retina 1,Bipolar,NPC2,295,909786,45.0,3.921224168918423,49.46218121624206,True
primary,Retina 1,Bipolar,PSMC3,295,909786,99.0,4.6988135107768905,108.81679867573253,True
primary,Retina 1,Bipolar,RP11-466F5.8,295,909786,0.0,0.0,0.0,True
primary,Retina 1,Bipolar,LPP,295,909786,8.0,2.2816960951989227,8.793276660665255,True
primary,Retina 1,Bipolar,RP11-121M22.1,295,909786,0.0,0.0,0.0,True
primary,Retina 1,Bipolar,ABO,295,909786,0.0,0.0,0.0,True
primary,Retina 1,Bipolar,ADAMTS8,295,909786,1.0,0.7415370658585527,1.0991595825831568,True
primary,Retina 1,Bipolar,CALD1,295,909786,135.0,5.0065371993566,148.3865436487262,True
primary,Retina 1,Bipolar,CHEK2,295,909786,0.0,0.0,0.0,True
primary,Retina 1,Bipolar,GAS7,295,909786,179.0,5.287001408326182,196.74956528238508,True
primary,Retina 1,Bipolar,LMX1B,295,909786,,,,False
primary,Retina 1,Bipolar,TCF12,295,909786,12.0,2.652531500385711,13.189914990997883,True
primary,Retina 1,Bipolar,TMCO1,295,909786,159.0,5.16915569067968,174.76637363072194,True
primary,Retina 1,Bipolar,TRIB2,295,909786,76.0,4.437178996554063,83.53612827631993,True
primary,Retina 1,Bipolar,AC000078.5,295,909786,,,,False
primary,Retina 1,Bipolar,AC002066.1,295,909786,,,,False
primary,Retina 1,Bipolar,AC012066.1,295,909786,,,,False
primary,Retina 1,Bipolar,AC091132.1,295,909786,,,,False
primary,Retina 1,Bipolar,ACBD4,295,909786,16.0,2.922438379558813,17.58655332133051,True
primary,Retina 1,Bipolar,AFAP1,295,909786,3.0,1.4580285130036448,3.2974787477494707,True
primary,Retina 1,Bipolar,ALDH2,295,909786,96.0,4.668326376471568,105.51931992798306,True
primary,Retina 1,Bipolar,AP003068.23,295,909786,0.0,0.0,0.0,True
primary,Retina 1,Bipolar,AP5B1,295,909786,2.0,1.1626254109223295,2.1983191651663136,True
primary,Retina 1,Bipolar,AREL1,295,909786,12.0,2.652531500385711,13.189914990997883,True
primary,Retina 1,Bipolar,ARHGAP27,295,909786,1.0,0.7415370658585527,1.0991595825831568,True
primary,Retina 1,Bipolar,ARHGEF12,295,909786,152.0,5.124393985465018,167.07225655263986,True
primary,Retina 1,Bipolar,ARL17A,295,909786,27.0,3.42352325197814,29.67730872974524,True
primary,Retina 1,Bipolar,ATP5J,295,909786,472.0,6.253450514990439,518.8033229792501,True
primary,Retina 1,Bipolar,BICC1,295,909786,0.0,0.0,0.0,True
primary,Retina 1,Bipolar,BORA,295,909786,7.0,2.162646599014011,7.694117078082098,True
primary,Retina 1,Bipolar,C1orf109,295,909786,23.0,3.2688337031621426,25.28067039941261,True
primary,Retina 1,Bipolar,C1orf122,295,909786,305.0,5.8178361134538354,335.24367268786284,True
primary,Retina 1,Bipolar,C22orf29,295,909786,29.0,3.4927315897805262,31.87562789491155,True
primary,Retina 1,Bipolar,C6orf15,295,909786,,,,False
primary,Retina 1,Bipolar,CADM1,295,909786,557.0,6.418743147437554,612.2318874988184,True
primary,Retina 1,Bipolar,CADM2,295,909786,281.0,5.736132983917271,308.8638427058671,True
primary,Retina 1,Bipolar,CAV2,295,909786,2.0,1.1626254109223295,2.1983191651663136,True
primary,Retina 1,Bipolar,CCDC117,295,909786,12.0,2.652531500385711,13.189914990997883,True
primary,Retina 1,Bipolar,CDC14A,295,909786,3.0,1.4580285130036448,3.2974787477494707,True
primary,Retina 1,Bipolar,CDKN2A,295,909786,1.0,0.7415370658585527,1.0991595825831568,True
primary,Retina 1,Bipolar,CDKN2B-AS1,295,909786,0.0,0.0,0.0,True
primary,Retina 1,Bipolar,CELF1,295,909786,96.0,4.668326376471568,105.51931992798306,True
primary,Retina 1,Bipolar,CLIC5,295,909786,1.0,0.7415370658585527,1.0991595825831568,True
primary,Retina 1,Bipolar,CMB9-22P13.1,295,909786,,,,False
primary,Retina 1,Bipolar,COL11A1,295,909786,0.0,0.0,0.0,True
primary,Retina 1,Bipolar,CRHR1,295,909786,0.0,0.0,0.0,True
primary,Retina 1,Bipolar,CTA-292E10.6,295,909786,5.0,1.8711554929105327,5.495797912915784,True
primary,Retina 1,Bipolar,CTB-39G8.3,295,909786,,,,False
primary,Retina 1,Bipolar,CTD-2005H7.1,295,909786,2.0,1.1626254109223295,2.1983191651663136,True
primary,Retina 1,Bipolar,CTD-2020K17.1,295,909786,2.0,1.1626254109223295,2.1983191651663136,True
primary,Retina 1,Bipolar,CTD-2020K17.3,295,909786,5.0,1.8711554929105327,5.495797912915784,True
primary,Retina 1,Bipolar,CTTNBP2,295,909786,12.0,2.652531500385711,13.189914990997883,True
primary,Retina 1,Bipolar,DDX39BP2,295,909786,,,,False
primary,Retina 1,Bipolar,DIO1,295,909786,,,,False
primary,Retina 1,Bipolar,DND1P1,295,909786,,,,False
primary,Retina 1,Bipolar,DYSF,295,909786,2.0,1.1626254109223295,2.1983191651663136,True
primary,Retina 1,Bipolar,EFCAB13,295,909786,4.0,1.6857762282972033,4.396638330332627,True
primary,Retina 1,Bipolar,EFEMP1,295,909786,1.0,0.7415370658585527,1.0991595825831568,True
primary,Retina 1,Bipolar,EHBP1L1,295,909786,1.0,0.7415370658585527,1.0991595825831568,True
primary,Retina 1,Bipolar,FAM215B,295,909786,32.0,3.588315932313297,35.17310664266102,True
primary,Retina 1,Bipolar,FAM83A,295,909786,,,,False
primary,Retina 1,Bipolar,FAM83A-AS1,295,909786,,,,False
primary,Retina 1,Bipolar,FAM89B,295,909786,4.0,1.6857762282972033,4.396638330332627,True
primary,Retina 1,Bipolar,FHL3,295,909786,0.0,0.0,0.0,True
primary,Retina 1,Bipolar,FLOT1,295,909786,52.0,4.063134184265808,57.15629829432416,True
primary,Retina 1,Bipolar,FLVCR2,295,909786,0.0,0.0,0.0,True
primary,Retina 1,Bipolar,FMNL1,295,909786,1.0,0.7415370658585527,1.0991595825831568,True
primary,Retina 1,Bipolar,FNDC4,295,909786,27.0,3.42352325197814,29.67730872974524,True
primary,Retina 1,Bipolar,GALR3,295,909786,,,,False
primary,Retina 1,Bipolar,GCAT,295,909786,12.0,2.652531500385711,13.189914990997883,True
primary,Retina 1,Bipolar,GLIS1,295,909786,0.0,0.0,0.0,True
primary,Retina 1,Bipolar,H1F0,295,909786,169.0,5.229813497568547,185.75796945655352,True
primary,Retina 1,Bipolar,HCG4,295,909786,,,,False
primary,Retina 1,Bipolar,HCG4B,295,909786,,,,False
primary,Retina 1,Bipolar,HCG4P5,295,909786,,,,False
primary,Retina 1,Bipolar,HCG4P7,295,909786,,,,False
primary,Retina 1,Bipolar,HCG9,295,909786,0.0,0.0,0.0,True
primary,Retina 1,Bipolar,HCP5B,295,909786,0.0,0.0,0.0,True
primary,Retina 1,Bipolar,HECTD4,295,909786,21.0,3.1814792582920917,23.082351234246296,True
primary,Retina 1,Bipolar,HLA-A,295,909786,125.0,4.930111538347439,137.3949478228946,True
primary,Retina 1,Bipolar,HLA-C,295,909786,97.0,4.678592375644856,106.61847951056622,True
primary,Retina 1,Bipolar,HLA-F,295,909786,0.0,0.0,0.0,True
primary,Retina 1,Bipolar,HLA-F-AS1,295,909786,,,,False
primary,Retina 1,Bipolar,HLA-G,295,909786,1.0,0.7415370658585527,1.0991595825831568,True
primary,Retina 1,Bipolar,HLA-H,295,909786,,,,False
primary,Retina 1,Bipolar,HLA-J,295,909786,,,,False
primary,Retina 1,Bipolar,HLA-L,295,909786,,,,False
primary,Retina 1,Bipolar,HLA-T,295,909786,,,,False
primary,Retina 1,Bipolar,HLA-U,295,909786,,,,False
primary,Retina 1,Bipolar,HLA-V,295,909786,,,,False
primary,Retina 1,Bipolar,HLA-W,295,909786,,,,False
primary,Retina 1,Bipolar,HSCB,295,909786,14.0,2.79656364785227,15.388234156164197,True
primary,Retina 1,Bipolar,HTRA3,295,909786,0.0,0.0,0.0,True
primary,Retina 1,Bipolar,IFITM4P,295,909786,,,,False
primary,Retina 1,Bipolar,IFT172,295,909786,19.0,3.0857572416126784,20.884032069079982,True
primary,Retina 1,Bipolar,INPP5B,295,909786,3.0,1.4580285130036448,3.2974787477494707,True
primary,Retina 1,Bipolar,ITGB3,295,909786,0.0,0.0,0.0,True
primary,Retina 1,Bipolar,KANSL1,295,909786,92.0,4.626174851308288,101.12268159765044,True
primary,Retina 1,Bipolar,KANSL1-AS1,295,909786,5.0,1.8711554929105327,5.495797912915784,True
primary,Retina 1,Bipolar,KHK,295,909786,14.0,2.79656364785227,15.388234156164197,True
primary,Retina 1,Bipolar,KLF5,295,909786,0.0,0.0,0.0,True
primary,Retina 1,Bipolar,KRT8P26,295,909786,,,,False
primary,Retina 1,Bipolar,LHPP,295,909786,9.0,2.388068625721585,9.892436243248412,True
primary,Retina 1,Bipolar,LINC01948,295,909786,0.0,0.0,0.0,True
primary,Retina 1,Bipolar,LINC02052,295,909786,,,,False
primary,Retina 1,Bipolar,LINC02210,295,909786,,,,False
primary,Retina 1,Bipolar,LMO4,295,909786,238.0,5.570631888200724,261.59998065479135,True
primary,Retina 1,Bipolar,LMO7,295,909786,4.0,1.6857762282972033,4.396638330332627,True
primary,Retina 1,Bipolar,LOXL1,295,909786,1.0,0.7415370658585527,1.0991595825831568,True
primary,Retina 1,Bipolar,LOXL1-AS1,295,909786,0.0,0.0,0.0,True
primary,Retina 1,Bipolar,LRRC37A,295,909786,0.0,0.0,0.0,True
primary,Retina 1,Bipolar,LRRC37A17P,295,909786,,,,False
primary,Retina 1,Bipolar,LRRC37A2,295,909786,25.0,3.349166607142581,27.478989564578924,True
primary,Retina 1,Bipolar,LRRC37A4P,295,909786,,,,False
primary,Retina 1,Bipolar,LRWD1,295,909786,13.0,2.7271384931636145,14.28907457358104,True
primary,Retina 1,Bipolar,LTBP2,295,909786,3.0,1.4580285130036448,3.2974787477494707,True
primary,Retina 1,Bipolar,LTBP3,295,909786,15.0,2.861480263561264,16.487393738747354,True
primary,Retina 1,Bipolar,MADD,295,909786,44.0,3.8992015939645586,48.3630216336589,True
primary,Retina 1,Bipolar,MAPK8IP1P1,295,909786,,,,False
primary,Retina 1,Bipolar,MAPK8IP1P2,295,909786,,,,False
primary,Retina 1,Bipolar,MAPT,295,909786,223.0,5.505789101623637,245.112586916044,True
primary,Retina 1,Bipolar,MAPT-AS1,295,909786,23.0,3.2688337031621426,25.28067039941261,True
primary,Retina 1,Bipolar,MAPT-IT1,295,909786,,,,False
primary,Retina 1,Bipolar,ME3,295,909786,41.0,3.8300652277060263,45.06554288590944,True
primary,Retina 1,Bipolar,MICE,295,909786,,,,False
primary,Retina 1,Bipolar,MOV10,295,909786,0.0,0.0,0.0,True
primary,Retina 1,Bipolar,MRPL33,295,909786,296.0,5.78797421378131,325.35123644461447,True
primary,Retina 1,Bipolar,MTCH2,295,909786,57.0,4.153432257803465,62.65209620723994,True
primary,Retina 1,Bipolar,MVB12B,295,909786,8.0,2.2816960951989227,8.793276660665255,True
primary,Retina 1,Bipolar,Metazoa_SRP,295,909786,,,,False
primary,Retina 1,Bipolar,NEAT1,295,909786,271.0,5.700016214125975,297.8722468800355,True
primary,Retina 1,Bipolar,NMT1,295,909786,45.0,3.921224168918423,49.46218121624206,True
primary,Retina 1,Bipolar,NPEPPS,295,909786,131.0,4.976664121503257,143.98990531839357,True
primary,Retina 1,Bipolar,NRBP1,295,909786,50.0,4.024601036371036,54.95797912915785,True
primary,Retina 1,Bipolar,NSF,295,909786,133.0,4.991712206379922,146.18822448355988,True
primary,Retina 1,Bipolar,NUCB2,295,909786,101.0,4.718633842908328,111.01511784089885,True
primary,Retina 1,Bipolar,NUDT7,295,909786,9.0,2.388068625721585,9.892436243248412,True
primary,Retina 1,Bipolar,PDE6C,295,909786,1.0,0.7415370658585527,1.0991595825831568,True
primary,Retina 1,Bipolar,PGAM1P8,295,909786,,,,False
primary,Retina 1,Bipolar,PIBF1,295,909786,28.0,3.4587260256799026,30.776468312328394,True
primary,Retina 1,Bipolar,PIGC,295,909786,27.0,3.42352325197814,29.67730872974524,True
primary,Retina 1,Bipolar,PKIB,295,909786,49.0,4.004762967716426,53.858819546574686,True
primary,Retina 1,Bipolar,PLCE1,295,909786,16.0,2.922438379558813,17.58655332133051,True
primary,Retina 1,Bipolar,PLCE1-AS1,295,909786,,,,False
primary,Retina 1,Bipolar,PLEKHA7,295,909786,6.0,2.02748453965274,6.594957495498941,True
primary,Retina 1,Bipolar,PLEKHM1,295,909786,5.0,1.8711554929105327,5.495797912915784,True
primary,Retina 1,Bipolar,PPP1R18,295,909786,1.0,0.7415370658585527,1.0991595825831568,True
primary,Retina 1,Bipolar,PRKCE,295,909786,82.0,4.512298972974739,90.13108577181887,True
primary,Retina 1,Bipolar,PROX2,295,909786,,,,False
primary,Retina 1,Bipolar,PRSS23,295,909786,14.0,2.79656364785227,15.388234156164197,True
primary,Retina 1,Bipolar,PSORS1C3,295,909786,,,,False
primary,Retina 1,Bipolar,RAPSN,295,909786,0.0,0.0,0.0,True
primary,Retina 1,Bipolar,RERE,295,909786,132.0,4.984216469281831,145.08906490097672,True
primary,Retina 1,Bipolar,RIC8B,295,909786,15.0,2.861480263561264,16.487393738747354,True
primary,Retina 1,Bipolar,RORA,295,909786,198.0,5.387397257214927,217.63359735146506,True
primary,Retina 1,Bipolar,RP11-123K19.1,295,909786,,,,False
primary,Retina 1,Bipolar,RP11-136H19.1,295,909786,,,,False
primary,Retina 1,Bipolar,RP11-149I2.4,295,909786,,,,False
primary,Retina 1,Bipolar,RP11-162I7.1,295,909786,,,,False
primary,Retina 1,Bipolar,RP11-17G12.2,295,909786,,,,False
primary,Retina 1,Bipolar,RP11-205K6.1,295,909786,,,,False
primary,Retina 1,Bipolar,RP11-217B7.2,295,909786,0.0,0.0,0.0,True
primary,Retina 1,Bipolar,RP11-259A24.1,295,909786,,,,False
primary,Retina 1,Bipolar,RP11-259G18.1,295,909786,,,,False
primary,Retina 1,Bipolar,RP11-259G18.3,295,909786,,,,False
primary,Retina 1,Bipolar,RP11-293E1.1,295,909786,,,,False
primary,Retina 1,Bipolar,RP11-293E1.2,295,909786,,,,False
primary,Retina 1,Bipolar,RP11-302L19.3,295,909786,0.0,0.0,0.0,True
primary,Retina 1,Bipolar,RP11-403A3.3,295,909786,0.0,0.0,0.0,True
primary,Retina 1,Bipolar,RP11-412D9.4,295,909786,31.0,3.557458605868014,34.07394706007786,True
primary,Retina 1,Bipolar,RP11-507B12.1,295,909786,,,,False
primary,Retina 1,Bipolar,RP11-507B12.2,295,909786,0.0,0.0,0.0,True
primary,Retina 1,Bipolar,RP11-669E14.6,295,909786,4.0,1.6857762282972033,4.396638330332627,True
primary,Retina 1,Bipolar,RP11-707O23.1,295,909786,,,,False
primary,Retina 1,Bipolar,RP11-750H9.5,295,909786,,,,False
primary,Retina 1,Bipolar,RP11-755F10.1,295,909786,0.0,0.0,0.0,True
primary,Retina 1,Bipolar,RP11-762L8.6,295,909786,,,,False
primary,Retina 1,Bipolar,RP11-770G2.2,295,909786,,,,False
primary,Retina 1,Bipolar,RP11-798G7.6,295,909786,4.0,1.6857762282972033,4.396638330332627,True
primary,Retina 1,Bipolar,RP11-798G7.8,295,909786,,,,False
primary,Retina 1,Bipolar,RP5-1115A15.1,295,909786,0.0,0.0,0.0,True
primary,Retina 1,Bipolar,RPS26P8,295,909786,,,,False
primary,Retina 1,Bipolar,SCRN2,295,909786,16.0,2.922438379558813,17.58655332133051,True
primary,Retina 1,Bipolar,SEMA3E,295,909786,129.0,4.961386127673996,141.79158615322723,True
primary,Retina 1,Bipolar,SEPT7,295,909786,462.0,6.232078060410883,507.8117271534185,True
primary,Retina 1,Bipolar,SF3A3,295,909786,50.0,4.024601036371036,54.95797912915785,True
primary,Retina 1,Bipolar,SFTA1P,295,909786,0.0,0.0,0.0,True
primary,Retina 1,Bipolar,SGSM2,295,909786,19.0,3.0857572416126784,20.884032069079982,True
primary,Retina 1,Bipolar,SLC25A45,295,909786,6.0,2.02748453965274,6.594957495498941,True
primary,Retina 1,Bipolar,SLC39A13,295,909786,10.0,2.4842060565825133,10.991595825831569,True
primary,Retina 1,Bipolar,SMAD6,295,909786,0.0,0.0,0.0,True
primary,Retina 1,Bipolar,SNORD14A,295,909786,,,,False
primary,Retina 1,Bipolar,SSSCA1-AS1,295,909786,,,,False
primary,Retina 1,Bipolar,TARID,295,909786,0.0,0.0,0.0,True
primary,Retina 1,Bipolar,TBC1D31,295,909786,9.0,2.388068625721585,9.892436243248412,True
primary,Retina 1,Bipolar,TBKBP1,295,909786,19.0,3.0857572416126784,20.884032069079982,True
primary,Retina 1,Bipolar,TBPL1,295,909786,88.0,4.582168087163788,96.7260432673178,True
primary,Retina 1,Bipolar,TGFB3,295,909786,0.0,0.0,0.0,True
primary,Retina 1,Bipolar,THCAT158,295,909786,0.0,0.0,0.0,True
primary,Retina 1,Bipolar,THSD7A,295,909786,132.0,4.984216469281831,145.08906490097672,True
primary,Retina 1,Bipolar,TIGD3,295,909786,6.0,2.02748453965274,6.594957495498941,True
primary,Retina 1,Bipolar,TMEM116,295,909786,19.0,3.0857572416126784,20.884032069079982,True
primary,Retina 1,Bipolar,TMEM136,295,909786,31.0,3.557458605868014,34.07394706007786,True
primary,Retina 1,Bipolar,TMEM181,295,909786,10.0,2.4842060565825133,10.991595825831569,True
primary,Retina 1,Bipolar,TMEM263,295,909786,40.0,3.8059151728947507,43.966383303326275,True
primary,Retina 1,Bipolar,TRIM26,295,909786,11.0,2.571906287073734,12.090755408414726,True
primary,Retina 1,Bipolar,TRIOBP,295,909786,11.0,2.571906287073734,12.090755408414726,True
primary,Retina 1,Bipolar,TSC22D2,295,909786,17.0,2.979893139331178,18.685712903913668,True
primary,Retina 1,Bipolar,TTC28,295,909786,42.0,3.853645783770514,46.16470246849259,True
primary,Retina 1,Bipolar,TTLL5,295,909786,7.0,2.162646599014011,7.694117078082098,True
primary,Retina 1,Bipolar,TXNDC8,295,909786,,,,False
primary,Retina 1,Bipolar,TXNRD2,295,909786,32.0,3.588315932313297,35.17310664266102,True
primary,Retina 1,Bipolar,UTP11,295,909786,32.0,3.588315932313297,35.17310664266102,True
primary,Retina 1,Bipolar,VARS2,295,909786,6.0,2.02748453965274,6.594957495498941,True
primary,Retina 1,Bipolar,VCAM1,295,909786,0.0,0.0,0.0,True
primary,Retina 1,Bipolar,WLS,295,909786,9.0,2.388068625721585,9.892436243248412,True
primary,Retina 1,Bipolar,WNT2B,295,909786,9.0,2.388068625721585,9.892436243248412,True
primary,Retina 1,Bipolar,XRCC6P1,295,909786,,,,False
primary,Retina 1,Bipolar,XXbac-BPG170G13.32,295,909786,0.0,0.0,0.0,True
primary,Retina 1,Bipolar,XXbac-BPG283O16.9,295,909786,,,,False
primary,Retina 1,Bipolar,YAP1,295,909786,0.0,0.0,0.0,True
primary,Retina 1,Bipolar,YIF1A,295,909786,47.0,3.963865656138635,51.660500381408376,True
primary,Retina 1,Bipolar,ZNF280D,295,909786,93.0,4.636880469998364,102.2218411802336,True
primary,Retina 1,Bipolar,ZNF638,295,909786,189.0,5.34109502083795,207.74116110821666,True
primary,Retina 1,Bipolar,ZNF638-IT1,295,909786,,,,False
primary,Retina 1,Amacrine,DGKG,2,6284,0.0,0.0,0.0,True
primary,Retina 1,Amacrine,SLC2A12,2,6284,0.0,0.0,0.0,True
primary,Retina 1,Amacrine,COL8A2,2,6284,0.0,0.0,0.0,True
primary,Retina 1,Amacrine,NPC2,2,6284,0.0,0.0,0.0,True
primary,Retina 1,Amacrine,PSMC3,2,6284,0.0,0.0,0.0,True
primary,Retina 1,Amacrine,RP11-466F5.8,2,6284,0.0,0.0,0.0,True
primary,Retina 1,Amacrine,LPP,2,6284,0.0,0.0,0.0,True
primary,Retina 1,Amacrine,RP11-121M22.1,2,6284,0.0,0.0,0.0,True
primary,Retina 1,Amacrine,ABO,2,6284,0.0,0.0,0.0,True
primary,Retina 1,Amacrine,ADAMTS8,2,6284,0.0,0.0,0.0,True
primary,Retina 1,Amacrine,CALD1,2,6284,0.0,0.0,0.0,True
primary,Retina 1,Amacrine,CHEK2,2,6284,0.0,0.0,0.0,True
primary,Retina 1,Amacrine,GAS7,2,6284,0.0,0.0,0.0,True
primary,Retina 1,Amacrine,LMX1B,2,6284,,,,False
primary,Retina 1,Amacrine,TCF12,2,6284,0.0,0.0,0.0,True
primary,Retina 1,Amacrine,TMCO1,2,6284,1.0,5.076012896588445,159.13430935709738,True
primary,Retina 1,Amacrine,TRIB2,2,6284,1.0,5.076012896588445,159.13430935709738,True
primary,Retina 1,Amacrine,AC000078.5,2,6284,,,,False
primary,Retina 1,Amacrine,AC002066.1,2,6284,,,,False
primary,Retina 1,Amacrine,AC012066.1,2,6284,,,,False
primary,Retina 1,Amacrine,AC091132.1,2,6284,,,,False
primary,Retina 1,Amacrine,ACBD4,2,6284,0.0,0.0,0.0,True
primary,Retina 1,Amacrine,AFAP1,2,6284,0.0,0.0,0.0,True
primary,Retina 1,Amacrine,ALDH2,2,6284,2.0,5.76603281338185,318.26861871419476,True
primary,Retina 1,Amacrine,AP003068.23,2,6284,0.0,0.0,0.0,True
primary,Retina 1,Amacrine,AP5B1,2,6284,0.0,0.0,0.0,True
primary,Retina 1,Amacrine,AREL1,2,6284,0.0,0.0,0.0,True
primary,Retina 1,Amacrine,ARHGAP27,2,6284,0.0,0.0,0.0,True
primary,Retina 1,Amacrine,ARHGEF12,2,6284,2.0,5.76603281338185,318.26861871419476,True
primary,Retina 1,Amacrine,ARL17A,2,6284,0.0,0.0,0.0,True
primary,Retina 1,Amacrine,ATP5J,2,6284,4.0,6.457612686979063,636.5372374283895,True
primary,Retina 1,Amacrine,BICC1,2,6284,0.0,0.0,0.0,True
primary,Retina 1,Amacrine,BORA,2,6284,0.0,0.0,0.0,True
primary,Retina 1,Amacrine,C1orf109,2,6284,0.0,0.0,0.0,True
primary,Retina 1,Amacrine,C1orf122,2,6284,0.0,0.0,0.0,True
primary,Retina 1,Amacrine,C22orf29,2,6284,0.0,0.0,0.0,True
primary,Retina 1,Amacrine,C6orf15,2,6284,,,,False
primary,Retina 1,Amacrine,CADM1,2,6284,2.0,5.76603281338185,318.26861871419476,True
primary,Retina 1,Amacrine,CADM2,2,6284,0.0,0.0,0.0,True
primary,Retina 1,Amacrine,CAV2,2,6284,0.0,0.0,0.0,True
primary,Retina 1,Amacrine,CCDC117,2,6284,0.0,0.0,0.0,True
primary,Retina 1,Amacrine,CDC14A,2,6284,0.0,0.0,0.0,True
primary,Retina 1,Amacrine,CDKN2A,2,6284,0.0,0.0,0.0,True
primary,Retina 1,Amacrine,CDKN2B-AS1,2,6284,0.0,0.0,0.0,True
primary,Retina 1,Amacrine,CELF1,2,6284,0.0,0.0,0.0,True
primary,Retina 1,Amacrine,CLIC5,2,6284,0.0,0.0,0.0,True
primary,Retina 1,Amacrine,CMB9-22P13.1,2,6284,,,,False
primary,Retina 1,Amacrine,COL11A1,2,6284,0.0,0.0,0.0,True
primary,Retina 1,Amacrine,CRHR1,2,6284,0.0,0.0,0.0,True
primary,Retina 1,Amacrine,CTA-292E10.6,2,6284,0.0,0.0,0.0,True
primary,Retina 1,Amacrine,CTB-39G8.3,2,6284,,,,False
primary,Retina 1,Amacrine,CTD-2005H7.1,2,6284,0.0,0.0,0.0,True
primary,Retina 1,Amacrine,CTD-2020K17.1,2,6284,0.0,0.0,0.0,True
primary,Retina 1,Amacrine,CTD-2020K17.3,2,6284,1.0,5.076012896588445,159.13430935709738,True
primary,Retina 1,Amacrine,CTTNBP2,2,6284,4.0,6.457612686979063,636.5372374283895,True
primary,Retina 1,Amacrine,DDX39BP2,2,6284,,,,False
primary,Retina 1,Amacrine,DIO1,2,6284,,,,False
primary,Retina 1,Amacrine,DND1P1,2,6284,,,,False
primary,Retina 1,Amacrine,DYSF,2,6284,0.0,0.0,0.0,True
primary,Retina 1,Amacrine,EFCAB13,2,6284,0.0,0.0,0.0,True
primary,Retina 1,Amacrine,EFEMP1,2,6284,0.0,0.0,0.0,True
primary,Retina 1,Amacrine,EHBP1L1,2,6284,0.0,0.0,0.0,True
primary,Retina 1,Amacrine,FAM215B,2,6284,0.0,0.0,0.0,True
primary,Retina 1,Amacrine,FAM83A,2,6284,,,,False
primary,Retina 1,Amacrine,FAM83A-AS1,2,6284,,,,False
primary,Retina 1,Amacrine,FAM89B,2,6284,0.0,0.0,0.0,True
primary,Retina 1,Amacrine,FHL3,2,6284,0.0,0.0,0.0,True
primary,Retina 1,Amacrine,FLOT1,2,6284,0.0,0.0,0.0,True
primary,Retina 1,Amacrine,FLVCR2,2,6284,0.0,0.0,0.0,True
primary,Retina 1,Amacrine,FMNL1,2,6284,1.0,5.076012896588445,159.13430935709738,True
primary,Retina 1,Amacrine,FNDC4,2,6284,1.0,5.076012896588445,159.13430935709738,True
primary,Retina 1,Amacrine,GALR3,2,6284,,,,False
primary,Retina 1,Amacrine,GCAT,2,6284,0.0,0.0,0.0,True
primary,Retina 1,Amacrine,GLIS1,2,6284,0.0,0.0,0.0,True
primary,Retina 1,Amacrine,H1F0,2,6284,2.0,5.76603281338185,318.26861871419476,True
primary,Retina 1,Amacrine,HCG4,2,6284,,,,False
primary,Retina 1,Amacrine,HCG4B,2,6284,,,,False
primary,Retina 1,Amacrine,HCG4P5,2,6284,,,,False
primary,Retina 1,Amacrine,HCG4P7,2,6284,,,,False
primary,Retina 1,Amacrine,HCG9,2,6284,0.0,0.0,0.0,True
primary,Retina 1,Amacrine,HCP5B,2,6284,0.0,0.0,0.0,True
primary,Retina 1,Amacrine,HECTD4,2,6284,0.0,0.0,0.0,True
primary,Retina 1,Amacrine,HLA-A,2,6284,0.0,0.0,0.0,True
primary,Retina 1,Amacrine,HLA-C,2,6284,0.0,0.0,0.0,True
primary,Retina 1,Amacrine,HLA-F,2,6284,0.0,0.0,0.0,True
primary,Retina 1,Amacrine,HLA-F-AS1,2,6284,,,,False
primary,Retina 1,Amacrine,HLA-G,2,6284,0.0,0.0,0.0,True
primary,Retina 1,Amacrine,HLA-H,2,6284,,,,False
primary,Retina 1,Amacrine,HLA-J,2,6284,,,,False
primary,Retina 1,Amacrine,HLA-L,2,6284,,,,False
primary,Retina 1,Amacrine,HLA-T,2,6284,,,,False
primary,Retina 1,Amacrine,HLA-U,2,6284,,,,False
primary,Retina 1,Amacrine,HLA-V,2,6284,,,,False
primary,Retina 1,Amacrine,HLA-W,2,6284,,,,False
primary,Retina 1,Amacrine,HSCB,2,6284,1.0,5.076012896588445,159.13430935709738,True
primary,Retina 1,Amacrine,HTRA3,2,6284,0.0,0.0,0.0,True
primary,Retina 1,Amacrine,IFITM4P,2,6284,,,,False
primary,Retina 1,Amacrine,IFT172,2,6284,0.0,0.0,0.0,True
primary,Retina 1,Amacrine,INPP5B,2,6284,0.0,0.0,0.0,True
primary,Retina 1,Amacrine,ITGB3,2,6284,0.0,0.0,0.0,True
primary,Retina 1,Amacrine,KANSL1,2,6284,2.0,5.76603281338185,318.26861871419476,True
primary,Retina 1,Amacrine,KANSL1-AS1,2,6284,0.0,0.0,0.0,True
primary,Retina 1,Amacrine,KHK,2,6284,1.0,5.076012896588445,159.13430935709738,True
primary,Retina 1,Amacrine,KLF5,2,6284,0.0,0.0,0.0,True
primary,Retina 1,Amacrine,KRT8P26,2,6284,,,,False
primary,Retina 1,Amacrine,LHPP,2,6284,0.0,0.0,0.0,True
primary,Retina 1,Amacrine,LINC01948,2,6284,0.0,0.0,0.0,True
primary,Retina 1,Amacrine,LINC02052,2,6284,,,,False
primary,Retina 1,Amacrine,LINC02210,2,6284,,,,False
primary,Retina 1,Amacrine,LMO4,2,6284,0.0,0.0,0.0,True
primary,Retina 1,Amacrine,LMO7,2,6284,0.0,0.0,0.0,True
primary,Retina 1,Amacrine,LOXL1,2,6284,0.0,0.0,0.0,True
primary,Retina 1,Amacrine,LOXL1-AS1,2,6284,0.0,0.0,0.0,True
primary,Retina 1,Amacrine,LRRC37A,2,6284,0.0,0.0,0.0,True
primary,Retina 1,Amacrine,LRRC37A17P,2,6284,,,,False
primary,Retina 1,Amacrine,LRRC37A2,2,6284,0.0,0.0,0.0,True
primary,Retina 1,Amacrine,LRRC37A4P,2,6284,,,,False
primary,Retina 1,Amacrine,LRWD1,2,6284,0.0,0.0,0.0,True
primary,Retina 1,Amacrine,LTBP2,2,6284,0.0,0.0,0.0,True
primary,Retina 1,Amacrine,LTBP3,2,6284,0.0,0.0,0.0,True
primary,Retina 1,Amacrine,MADD,2,6284,1.0,5.076012896588445,159.13430935709738,True
primary,Retina 1,Amacrine,MAPK8IP1P1,2,6284,,,,False
primary,Retina 1,Amacrine,MAPK8IP1P2,2,6284,,,,False
primary,Retina 1,Amacrine,MAPT,2,6284,0.0,0.0,0.0,True
primary,Retina 1,Amacrine,MAPT-AS1,2,6284,0.0,0.0,0.0,True
primary,Retina 1,Amacrine,MAPT-IT1,2,6284,,,,False
primary,Retina 1,Amacrine,ME3,2,6284,0.0,0.0,0.0,True
primary,Retina 1,Amacrine,MICE,2,6284,,,,False
primary,Retina 1,Amacrine,MOV10,2,6284,0.0,0.0,0.0,True
primary,Retina 1,Amacrine,MRPL33,2,6284,0.0,0.0,0.0,True
primary,Retina 1,Amacrine,MTCH2,2,6284,0.0,0.0,0.0,True
primary,Retina 1,Amacrine,MVB12B,2,6284,0.0,0.0,0.0,True
primary,Retina 1,Amacrine,Metazoa_SRP,2,6284,,,,False
primary,Retina 1,Amacrine,NEAT1,2,6284,0.0,0.0,0.0,True
primary,Retina 1,Amacrine,NMT1,2,6284,0.0,0.0,0.0,True
primary,Retina 1,Amacrine,NPEPPS,2,6284,1.0,5.076012896588445,159.13430935709738,True
primary,Retina 1,Amacrine,NRBP1,2,6284,0.0,0.0,0.0,True
primary,Retina 1,Amacrine,NSF,2,6284,1.0,5.076012896588445,159.13430935709738,True
primary,Retina 1,Amacrine,NUCB2,2,6284,0.0,0.0,0.0,True
primary,Retina 1,Amacrine,NUDT7,2,6284,0.0,0.0,0.0,True
primary,Retina 1,Amacrine,PDE6C,2,6284,0.0,0.0,0.0,True
primary,Retina 1,Amacrine,PGAM1P8,2,6284,,,,False
primary,Retina 1,Amacrine,PIBF1,2,6284,0.0,0.0,0.0,True
primary,Retina 1,Amacrine,PIGC,2,6284,0.0,0.0,0.0,True
primary,Retina 1,Amacrine,PKIB,2,6284,0.0,0.0,0.0,True
primary,Retina 1,Amacrine,PLCE1,2,6284,0.0,0.0,0.0,True
primary,Retina 1,Amacrine,PLCE1-AS1,2,6284,,,,False
primary,Retina 1,Amacrine,PLEKHA7,2,6284,0.0,0.0,0.0,True
primary,Retina 1,Amacrine,PLEKHM1,2,6284,0.0,0.0,0.0,True
primary,Retina 1,Amacrine,PPP1R18,2,6284,0.0,0.0,0.0,True
primary,Retina 1,Amacrine,PRKCE,2,6284,0.0,0.0,0.0,True
primary,Retina 1,Amacrine,PROX2,2,6284,,,,False
primary,Retina 1,Amacrine,PRSS23,2,6284,0.0,0.0,0.0,True
primary,Retina 1,Amacrine,PSORS1C3,2,6284,,,,False
primary,Retina 1,Amacrine,RAPSN,2,6284,0.0,0.0,0.0,True
primary,Retina 1,Amacrine,RERE,2,6284,0.0,0.0,0.0,True
primary,Retina 1,Amacrine,RIC8B,2,6284,0.0,0.0,0.0,True
primary,Retina 1,Amacrine,RORA,2,6284,1.0,5.076012896588445,159.13430935709738,True
primary,Retina 1,Amacrine,RP11-123K19.1,2,6284,,,,False
primary,Retina 1,Amacrine,RP11-136H19.1,2,6284,,,,False
primary,Retina 1,Amacrine,RP11-149I2.4,2,6284,,,,False
primary,Retina 1,Amacrine,RP11-162I7.1,2,6284,,,,False
primary,Retina 1,Amacrine,RP11-17G12.2,2,6284,,,,False
primary,Retina 1,Amacrine,RP11-205K6.1,2,6284,,,,False
primary,Retina 1,Amacrine,RP11-217B7.2,2,6284,0.0,0.0,0.0,True
primary,Retina 1,Amacrine,RP11-259A24.1,2,6284,,,,False
primary,Retina 1,Amacrine,RP11-259G18.1,2,6284,,,,False
primary,Retina 1,Amacrine,RP11-259G18.3,2,6284,,,,False
primary,Retina 1,Amacrine,RP11-293E1.1,2,6284,,,,False
primary,Retina 1,Amacrine,RP11-293E1.2,2,6284,,,,False
primary,Retina 1,Amacrine,RP11-302L19.3,2,6284,0.0,0.0,0.0,True
primary,Retina 1,Amacrine,RP11-403A3.3,2,6284,0.0,0.0,0.0,True
primary,Retina 1,Amacrine,RP11-412D9.4,2,6284,0.0,0.0,0.0,True
primary,Retina 1,Amacrine,RP11-507B12.1,2,6284,,,,False
primary,Retina 1,Amacrine,RP11-507B12.2,2,6284,0.0,0.0,0.0,True
primary,Retina 1,Amacrine,RP11-669E14.6,2,6284,0.0,0.0,0.0,True
primary,Retina 1,Amacrine,RP11-707O23.1,2,6284,,,,False
primary,Retina 1,Amacrine,RP11-750H9.5,2,6284,,,,False
primary,Retina 1,Amacrine,RP11-755F10.1,2,6284,0.0,0.0,0.0,True
primary,Retina 1,Amacrine,RP11-762L8.6,2,6284,,,,False
primary,Retina 1,Amacrine,RP11-770G2.2,2,6284,,,,False
primary,Retina 1,Amacrine,RP11-798G7.6,2,6284,0.0,0.0,0.0,True
primary,Retina 1,Amacrine,RP11-798G7.8,2,6284,,,,False
primary,Retina 1,Amacrine,RP5-1115A15.1,2,6284,0.0,0.0,0.0,True
primary,Retina 1,Amacrine,RPS26P8,2,6284,,,,False
primary,Retina 1,Amacrine,SCRN2,2,6284,0.0,0.0,0.0,True
primary,Retina 1,Amacrine,SEMA3E,2,6284,0.0,0.0,0.0,True
primary,Retina 1,Amacrine,SEPT7,2,6284,6.0,6.862554813079237,954.8058561425844,True
primary,Retina 1,Amacrine,SF3A3,2,6284,0.0,0.0,0.0,True
primary,Retina 1,Amacrine,SFTA1P,2,6284,0.0,0.0,0.0,True
primary,Retina 1,Amacrine,SGSM2,2,6284,0.0,0.0,0.0,True
primary,Retina 1,Amacrine,SLC25A45,2,6284,0.0,0.0,0.0,True
primary,Retina 1,Amacrine,SLC39A13,2,6284,0.0,0.0,0.0,True
primary,Retina 1,Amacrine,SMAD6,2,6284,0.0,0.0,0.0,True
primary,Retina 1,Amacrine,SNORD14A,2,6284,,,,False
primary,Retina 1,Amacrine,SSSCA1-AS1,2,6284,,,,False
primary,Retina 1,Amacrine,TARID,2,6284,0.0,0.0,0.0,True
primary,Retina 1,Amacrine,TBC1D31,2,6284,0.0,0.0,0.0,True
primary,Retina 1,Amacrine,TBKBP1,2,6284,0.0,0.0,0.0,True
primary,Retina 1,Amacrine,TBPL1,2,6284,0.0,0.0,0.0,True
primary,Retina 1,Amacrine,TGFB3,2,6284,0.0,0.0,0.0,True
primary,Retina 1,Amacrine,THCAT158,2,6284,0.0,0.0,0.0,True
primary,Retina 1,Amacrine,THSD7A,2,6284,0.0,0.0,0.0,True
primary,Retina 1,Amacrine,TIGD3,2,6284,0.0,0.0,0.0,True
primary,Retina 1,Amacrine,TMEM116,2,6284,0.0,0.0,0.0,True
primary,Retina 1,Amacrine,TMEM136,2,6284,0.0,0.0,0.0,True
primary,Retina 1,Amacrine,TMEM181,2,6284,1.0,5.076012896588445,159.13430935709738,True
primary,Retina 1,Amacrine,TMEM263,2,6284,0.0,0.0,0.0,True
primary,Retina 1,Amacrine,TRIM26,2,6284,1.0,5.076012896588445,159.13430935709738,True
primary,Retina 1,Amacrine,TRIOBP,2,6284,0.0,0.0,0.0,True
primary,Retina 1,Amacrine,TSC22D2,2,6284,0.0,0.0,0.0,True
primary,Retina 1,Amacrine,TTC28,2,6284,0.0,0.0,0.0,True
primary,Retina 1,Amacrine,TTLL5,2,6284,0.0,0.0,0.0,True
primary,Retina 1,Amacrine,TXNDC8,2,6284,,,,False
primary,Retina 1,Amacrine,TXNRD2,2,6284,0.0,0.0,0.0,True
primary,Retina 1,Amacrine,UTP11,2,6284,0.0,0.0,0.0,True
primary,Retina 1,Amacrine,VARS2,2,6284,0.0,0.0,0.0,True
primary,Retina 1,Amacrine,VCAM1,2,6284,0.0,0.0,0.0,True
primary,Retina 1,Amacrine,WLS,2,6284,0.0,0.0,0.0,True
primary,Retina 1,Amacrine,WNT2B,2,6284,0.0,0.0,0.0,True
primary,Retina 1,Amacrine,XRCC6P1,2,6284,,,,False
primary,Retina 1,Amacrine,XXbac-BPG170G13.32,2,6284,0.0,0.0,0.0,True
primary,Retina 1,Amacrine,XXbac-BPG283O16.9,2,6284,,,,False
primary,Retina 1,Amacrine,YAP1,2,6284,0.0,0.0,0.0,True
primary,Retina 1,Amacrine,YIF1A,2,6284,0.0,0.0,0.0,True
primary,Retina 1,Amacrine,ZNF280D,2,6284,0.0,0.0,0.0,True
primary,Retina 1,Amacrine,ZNF638,2,6284,1.0,5.076012896588445,159.13430935709738,True
primary,Retina 1,Amacrine,ZNF638-IT1,2,6284,,,,False
primary,Retina 1,Horizontal,DGKG,11,52852,2.0,3.659489770243442,37.84151971543177,True
primary,Retina 1,Horizontal,SLC2A12,11,52852,0.0,0.0,0.0,True
primary,Retina 1,Horizontal,COL8A2,11,52852,0.0,0.0,0.0,True
primary,Retina 1,Horizontal,NPC2,11,52852,4.0,4.339680555248738,75.68303943086354,True
primary,Retina 1,Horizontal,PSMC3,11,52852,5.0,4.56021256078002,94.60379928857942,True
primary,Retina 1,Horizontal,RP11-466F5.8,11,52852,0.0,0.0,0.0,True
primary,Retina 1,Horizontal,LPP,11,52852,1.0,2.9917623968965974,18.920759857715886,True
primary,Retina 1,Horizontal,RP11-121M22.1,11,52852,0.0,0.0,0.0,True
primary,Retina 1,Horizontal,ABO,11,52852,0.0,0.0,0.0,True
primary,Retina 1,Horizontal,ADAMTS8,11,52852,0.0,0.0,0.0,True
primary,Retina 1,Horizontal,CALD1,11,52852,4.0,4.339680555248738,75.68303943086354,True
primary,Retina 1,Horizontal,CHEK2,11,52852,0.0,0.0,0.0,True
primary,Retina 1,Horizontal,GAS7,11,52852,0.0,0.0,0.0,True
primary,Retina 1,Horizontal,LMX1B,11,52852,,,,False
primary,Retina 1,Horizontal,TCF12,11,52852,2.0,3.659489770243442,37.84151971543177,True
primary,Retina 1,Horizontal,TMCO1,11,52852,12.0,5.4295610368603455,227.04911829259063,True
primary,Retina 1,Horizontal,TRIB2,11,52852,1.0,2.9917623968965974,18.920759857715886,True
primary,Retina 1,Horizontal,AC000078.5,11,52852,,,,False
primary,Retina 1,Horizontal,AC002066.1,11,52852,,,,False
primary,Retina 1,Horizontal,AC012066.1,11,52852,,,,False
primary,Retina 1,Horizontal,AC091132.1,11,52852,,,,False
primary,Retina 1,Horizontal,ACBD4,11,52852,2.0,3.659489770243442,37.84151971543177,True
primary,Retina 1,Horizontal,AFAP1,11,52852,0.0,0.0,0.0,True
primary,Retina 1,Horizontal,ALDH2,11,52852,5.0,4.56021256078002,94.60379928857942,True
primary,Retina 1,Horizontal,AP003068.23,11,52852,0.0,0.0,0.0,True
primary,Retina 1,Horizontal,AP5B1,11,52852,0.0,0.0,0.0,True
primary,Retina 1,Horizontal,AREL1,11,52852,1.0,2.9917623968965974,18.920759857715886,True
primary,Retina 1,Horizontal,ARHGAP27,11,52852,0.0,0.0,0.0,True
primary,Retina 1,Horizontal,ARHGEF12,11,52852,4.0,4.339680555248738,75.68303943086354,True
primary,Retina 1,Horizontal,ARL17A,11,52852,1.0,2.9917623968965974,18.920759857715886,True
primary,Retina 1,Horizontal,ATP5J,11,52852,24.0,6.120513300229726,454.09823658518127,True
primary,Retina 1,Horizontal,BICC1,11,52852,0.0,0.0,0.0,True
primary,Retina 1,Horizontal,BORA,11,52852,0.0,0.0,0.0,True
primary,Retina 1,Horizontal,C1orf109,11,52852,3.0,4.056335960099905,56.76227957314766,True
primary,Retina 1,Horizontal,C1orf122,11,52852,8.0,5.02628603883056,151.3660788617271,True
primary,Retina 1,Horizontal,C22orf29,11,52852,2.0,3.659489770243442,37.84151971543177,True
primary,Retina 1,Horizontal,C6orf15,11,52852,,,,False
primary,Retina 1,Horizontal,CADM1,11,52852,1.0,2.9917623968965974,18.920759857715886,True
primary,Retina 1,Horizontal,CADM2,11,52852,5.0,4.56021256078002,94.60379928857942,True
primary,Retina 1,Horizontal,CAV2,11,52852,1.0,2.9917623968965974,18.920759857715886,True
primary,Retina 1,Horizontal,CCDC117,11,52852,0.0,0.0,0.0,True
primary,Retina 1,Horizontal,CDC14A,11,52852,0.0,0.0,0.0,True
primary,Retina 1,Horizontal,CDKN2A,11,52852,0.0,0.0,0.0,True
primary,Retina 1,Horizontal,CDKN2B-AS1,11,52852,0.0,0.0,0.0,True
primary,Retina 1,Horizontal,CELF1,11,52852,5.0,4.56021256078002,94.60379928857942,True
primary,Retina 1,Horizontal,CLIC5,11,52852,0.0,0.0,0.0,True
primary,Retina 1,Horizontal,CMB9-22P13.1,11,52852,,,,False
primary,Retina 1,Horizontal,COL11A1,11,52852,0.0,0.0,0.0,True
primary,Retina 1,Horizontal,CRHR1,11,52852,0.0,0.0,0.0,True
primary,Retina 1,Horizontal,CTA-292E10.6,11,52852,0.0,0.0,0.0,True
primary,Retina 1,Horizontal,CTB-39G8.3,11,52852,,,,False
primary,Retina 1,Horizontal,CTD-2005H7.1,11,52852,0.0,0.0,0.0,True
primary,Retina 1,Horizontal,CTD-2020K17.1,11,52852,0.0,0.0,0.0,True
primary,Retina 1,Horizontal,CTD-2020K17.3,11,52852,1.0,2.9917623968965974,18.920759857715886,True
primary,Retina 1,Horizontal,CTTNBP2,11,52852,9.0,5.14333957061796,170.28683871944298,True
primary,Retina 1,Horizontal,DDX39BP2,11,52852,,,,False
primary,Retina 1,Horizontal,DIO1,11,52852,,,,False
primary,Retina 1,Horizontal,DND1P1,11,52852,,,,False
primary,Retina 1,Horizontal,DYSF,11,52852,0.0,0.0,0.0,True
primary,Retina 1,Horizontal,EFCAB13,11,52852,0.0,0.0,0.0,True
primary,Retina 1,Horizontal,EFEMP1,11,52852,0.0,0.0,0.0,True
primary,Retina 1,Horizontal,EHBP1L1,11,52852,0.0,0.0,0.0,True
primary,Retina 1,Horizontal,FAM215B,11,52852,2.0,3.659489770243442,37.84151971543177,True
primary,Retina 1,Horizontal,FAM83A,11,52852,,,,False
primary,Retina 1,Horizontal,FAM83A-AS1,11,52852,,,,False
primary,Retina 1,Horizontal,FAM89B,11,52852,2.0,3.659489770243442,37.84151971543177,True
primary,Retina 1,Horizontal,FHL3,11,52852,0.0,0.0,0.0,True
primary,Retina 1,Horizontal,FLOT1,11,52852,4.0,4.339680555248738,75.68303943086354,True
primary,Retina 1,Horizontal,FLVCR2,11,52852,0.0,0.0,0.0,True
primary,Retina 1,Horizontal,FMNL1,11,52852,0.0,0.0,0.0,True
primary,Retina 1,Horizontal,FNDC4,11,52852,0.0,0.0,0.0,True
primary,Retina 1,Horizontal,GALR3,11,52852,,,,False
primary,Retina 1,Horizontal,GCAT,11,52852,3.0,4.056335960099905,56.76227957314766,True
primary,Retina 1,Horizontal,GLIS1,11,52852,0.0,0.0,0.0,True
primary,Retina 1,Horizontal,H1F0,11,52852,8.0,5.02628603883056,151.3660788617271,True
primary,Retina 1,Horizontal,HCG4,11,52852,,,,False
primary,Retina 1,Horizontal,HCG4B,11,52852,,,,False
primary,Retina 1,Horizontal,HCG4P5,11,52852,,,,False
primary,Retina 1,Horizontal,HCG4P7,11,52852,,,,False
primary,Retina 1,Horizontal,HCG9,11,52852,0.0,0.0,0.0,True
primary,Retina 1,Horizontal,HCP5B,11,52852,0.0,0.0,0.0,True
primary,Retina 1,Horizontal,HECTD4,11,52852,3.0,4.056335960099905,56.76227957314766,True
primary,Retina 1,Horizontal,HLA-A,11,52852,3.0,4.056335960099905,56.76227957314766,True
primary,Retina 1,Horizontal,HLA-C,11,52852,34.0,6.468173512695764,643.3058351623401,True
primary,Retina 1,Horizontal,HLA-F,11,52852,0.0,0.0,0.0,True
primary,Retina 1,Horizontal,HLA-F-AS1,11,52852,,,,False
primary,Retina 1,Horizontal,HLA-G,11,52852,0.0,0.0,0.0,True
primary,Retina 1,Horizontal,HLA-H,11,52852,,,,False
primary,Retina 1,Horizontal,HLA-J,11,52852,,,,False
primary,Retina 1,Horizontal,HLA-L,11,52852,,,,False
primary,Retina 1,Horizontal,HLA-T,11,52852,,,,False
primary,Retina 1,Horizontal,HLA-U,11,52852,,,,False
primary,Retina 1,Horizontal,HLA-V,11,52852,,,,False
primary,Retina 1,Horizontal,HLA-W,11,52852,,,,False
primary,Retina 1,Horizontal,HSCB,11,52852,1.0,2.9917623968965974,18.920759857715886,True
primary,Retina 1,Horizontal,HTRA3,11,52852,0.0,0.0,0.0,True
primary,Retina 1,Horizontal,IFITM4P,11,52852,,,,False
primary,Retina 1,Horizontal,IFT172,11,52852,1.0,2.9917623968965974,18.920759857715886,True
primary,Retina 1,Horizontal,INPP5B,11,52852,1.0,2.9917623968965974,18.920759857715886,True
primary,Retina 1,Horizontal,ITGB3,11,52852,0.0,0.0,0.0,True
primary,Retina 1,Horizontal,KANSL1,11,52852,11.0,5.342948218639481,208.12835843487474,True
primary,Retina 1,Horizontal,KANSL1-AS1,11,52852,0.0,0.0,0.0,True
primary,Retina 1,Horizontal,KHK,11,52852,2.0,3.659489770243442,37.84151971543177,True
primary,Retina 1,Horizontal,KLF5,11,52852,0.0,0.0,0.0,True
primary,Retina 1,Horizontal,KRT8P26,11,52852,,,,False
primary,Retina 1,Horizontal,LHPP,11,52852,2.0,3.659489770243442,37.84151971543177,True
primary,Retina 1,Horizontal,LINC01948,11,52852,0.0,0.0,0.0,True
primary,Retina 1,Horizontal,LINC02052,11,52852,,,,False
primary,Retina 1,Horizontal,LINC02210,11,52852,,,,False
primary,Retina 1,Horizontal,LMO4,11,52852,0.0,0.0,0.0,True
primary,Retina 1,Horizontal,LMO7,11,52852,0.0,0.0,0.0,True
primary,Retina 1,Horizontal,LOXL1,11,52852,1.0,2.9917623968965974,18.920759857715886,True
primary,Retina 1,Horizontal,LOXL1-AS1,11,52852,0.0,0.0,0.0,True
primary,Retina 1,Horizontal,LRRC37A,11,52852,0.0,0.0,0.0,True
primary,Retina 1,Horizontal,LRRC37A17P,11,52852,,,,False
primary,Retina 1,Horizontal,LRRC37A2,11,52852,1.0,2.9917623968965974,18.920759857715886,True
primary,Retina 1,Horizontal,LRRC37A4P,11,52852,,,,False
primary,Retina 1,Horizontal,LRWD1,11,52852,1.0,2.9917623968965974,18.920759857715886,True
primary,Retina 1,Horizontal,LTBP2,11,52852,0.0,0.0,0.0,True
primary,Retina 1,Horizontal,LTBP3,11,52852,4.0,4.339680555248738,75.68303943086354,True
primary,Retina 1,Horizontal,MADD,11,52852,7.0,4.893691798457593,132.4453190040112,True
primary,Retina 1,Horizontal,MAPK8IP1P1,11,52852,,,,False
primary,Retina 1,Horizontal,MAPK8IP1P2,11,52852,,,,False
primary,Retina 1,Horizontal,MAPT,11,52852,18.0,5.833563402267663,340.57367743888597,True
primary,Retina 1,Horizontal,MAPT-AS1,11,52852,1.0,2.9917623968965974,18.920759857715886,True
primary,Retina 1,Horizontal,MAPT-IT1,11,52852,,,,False
primary,Retina 1,Horizontal,ME3,11,52852,5.0,4.56021256078002,94.60379928857942,True
primary,Retina 1,Horizontal,MICE,11,52852,,,,False
primary,Retina 1,Horizontal,MOV10,11,52852,0.0,0.0,0.0,True
primary,Retina 1,Horizontal,MRPL33,11,52852,20.0,5.938631112455998,378.4151971543177,True
primary,Retina 1,Horizontal,MTCH2,11,52852,9.0,5.14333957061796,170.28683871944298,True
primary,Retina 1,Horizontal,MVB12B,11,52852,1.0,2.9917623968965974,18.920759857715886,True
primary,Retina 1,Horizontal,Metazoa_SRP,11,52852,,,,False
primary,Retina 1,Horizontal,NEAT1,11,52852,57.0,6.984237790724489,1078.4833118898055,True
primary,Retina 1,Horizontal,NMT1,11,52852,4.0,4.339680555248738,75.68303943086354,True
primary,Retina 1,Horizontal,NPEPPS,11,52852,6.0,4.740789290355184,113.52455914629532,True
primary,Retina 1,Horizontal,NRBP1,11,52852,3.0,4.056335960099905,56.76227957314766,True
primary,Retina 1,Horizontal,NSF,11,52852,4.0,4.339680555248738,75.68303943086354,True
primary,Retina 1,Horizontal,NUCB2,11,52852,6.0,4.740789290355184,113.52455914629532,True
primary,Retina 1,Horizontal,NUDT7,11,52852,0.0,0.0,0.0,True
primary,Retina 1,Horizontal,PDE6C,11,52852,0.0,0.0,0.0,True
primary,Retina 1,Horizontal,PGAM1P8,11,52852,,,,False
primary,Retina 1,Horizontal,PIBF1,11,52852,3.0,4.056335960099905,56.76227957314766,True
primary,Retina 1,Horizontal,PIGC,11,52852,4.0,4.339680555248738,75.68303943086354,True
primary,Retina 1,Horizontal,PKIB,11,52852,1.0,2.9917623968965974,18.920759857715886,True
primary,Retina 1,Horizontal,PLCE1,11,52852,0.0,0.0,0.0,True
primary,Retina 1,Horizontal,PLCE1-AS1,11,52852,,,,False
primary,Retina 1,Horizontal,PLEKHA7,11,52852,0.0,0.0,0.0,True
primary,Retina 1,Horizontal,PLEKHM1,11,52852,0.0,0.0,0.0,True
primary,Retina 1,Horizontal,PPP1R18,11,52852,0.0,0.0,0.0,True
primary,Retina 1,Horizontal,PRKCE,11,52852,0.0,0.0,0.0,True
primary,Retina 1,Horizontal,PROX2,11,52852,,,,False
primary,Retina 1,Horizontal,PRSS23,11,52852,0.0,0.0,0.0,True
primary,Retina 1,Horizontal,PSORS1C3,11,52852,,,,False
primary,Retina 1,Horizontal,RAPSN,11,52852,0.0,0.0,0.0,True
primary,Retina 1,Horizontal,RERE,11,52852,7.0,4.893691798457593,132.4453190040112,True
primary,Retina 1,Horizontal,RIC8B,11,52852,1.0,2.9917623968965974,18.920759857715886,True
primary,Retina 1,Horizontal,RORA,11,52852,20.0,5.938631112455998,378.4151971543177,True
primary,Retina 1,Horizontal,RP11-123K19.1,11,52852,,,,False
primary,Retina 1,Horizontal,RP11-136H19.1,11,52852,,,,False
primary,Retina 1,Horizontal,RP11-149I2.4,11,52852,,,,False
primary,Retina 1,Horizontal,RP11-162I7.1,11,52852,,,,False
primary,Retina 1,Horizontal,RP11-17G12.2,11,52852,,,,False
primary,Retina 1,Horizontal,RP11-205K6.1,11,52852,,,,False
primary,Retina 1,Horizontal,RP11-217B7.2,11,52852,0.0,0.0,0.0,True
primary,Retina 1,Horizontal,RP11-259A24.1,11,52852,,,,False
primary,Retina 1,Horizontal,RP11-259G18.1,11,52852,,,,False
primary,Retina 1,Horizontal,RP11-259G18.3,11,52852,,,,False
primary,Retina 1,Horizontal,RP11-293E1.1,11,52852,,,,False
primary,Retina 1,Horizontal,RP11-293E1.2,11,52852,,,,False
primary,Retina 1,Horizontal,RP11-302L19.3,11,52852,0.0,0.0,0.0,True
primary,Retina 1,Horizontal,RP11-403A3.3,11,52852,0.0,0.0,0.0,True
primary,Retina 1,Horizontal,RP11-412D9.4,11,52852,2.0,3.659489770243442,37.84151971543177,True
primary,Retina 1,Horizontal,RP11-507B12.1,11,52852,,,,False
primary,Retina 1,Horizontal,RP11-507B12.2,11,52852,0.0,0.0,0.0,True
primary,Retina 1,Horizontal,RP11-669E14.6,11,52852,0.0,0.0,0.0,True
primary,Retina 1,Horizontal,RP11-707O23.1,11,52852,,,,False
primary,Retina 1,Horizontal,RP11-750H9.5,11,52852,,,,False
primary,Retina 1,Horizontal,RP11-755F10.1,11,52852,0.0,0.0,0.0,True
primary,Retina 1,Horizontal,RP11-762L8.6,11,52852,,,,False
primary,Retina 1,Horizontal,RP11-770G2.2,11,52852,,,,False
primary,Retina 1,Horizontal,RP11-798G7.6,11,52852,0.0,0.0,0.0,True
primary,Retina 1,Horizontal,RP11-798G7.8,11,52852,,,,False
primary,Retina 1,Horizontal,RP5-1115A15.1,11,52852,0.0,0.0,0.0,True
primary,Retina 1,Horizontal,RPS26P8,11,52852,,,,False
primary,Retina 1,Horizontal,SCRN2,11,52852,2.0,3.659489770243442,37.84151971543177,True
primary,Retina 1,Horizontal,SEMA3E,11,52852,1.0,2.9917623968965974,18.920759857715886,True
primary,Retina 1,Horizontal,SEPT7,11,52852,165.0,8.046525462192317,3121.925376523121,True
primary,Retina 1,Horizontal,SF3A3,11,52852,3.0,4.056335960099905,56.76227957314766,True
primary,Retina 1,Horizontal,SFTA1P,11,52852,0.0,0.0,0.0,True
primary,Retina 1,Horizontal,SGSM2,11,52852,1.0,2.9917623968965974,18.920759857715886,True
primary,Retina 1,Horizontal,SLC25A45,11,52852,0.0,0.0,0.0,True
primary,Retina 1,Horizontal,SLC39A13,11,52852,3.0,4.056335960099905,56.76227957314766,True
primary,Retina 1,Horizontal,SMAD6,11,52852,0.0,0.0,0.0,True
primary,Retina 1,Horizontal,SNORD14A,11,52852,,,,False
primary,Retina 1,Horizontal,SSSCA1-AS1,11,52852,,,,False
primary,Retina 1,Horizontal,TARID,11,52852,0.0,0.0,0.0,True
primary,Retina 1,Horizontal,TBC1D31,11,52852,0.0,0.0,0.0,True
primary,Retina 1,Horizontal,TBKBP1,11,52852,2.0,3.659489770243442,37.84151971543177,True
primary,Retina 1,Horizontal,TBPL1,11,52852,3.0,4.056335960099905,56.76227957314766,True
primary,Retina 1,Horizontal,TGFB3,11,52852,0.0,0.0,0.0,True
primary,Retina 1,Horizontal,THCAT158,11,52852,0.0,0.0,0.0,True
primary,Retina 1,Horizontal,THSD7A,11,52852,8.0,5.02628603883056,151.3660788617271,True
primary,Retina 1,Horizontal,TIGD3,11,52852,0.0,0.0,0.0,True
primary,Retina 1,Horizontal,TMEM116,11,52852,0.0,0.0,0.0,True
primary,Retina 1,Horizontal,TMEM136,11,52852,2.0,3.659489770243442,37.84151971543177,True
primary,Retina 1,Horizontal,TMEM181,11,52852,1.0,2.9917623968965974,18.920759857715886,True
primary,Retina 1,Horizontal,TMEM263,11,52852,3.0,4.056335960099905,56.76227957314766,True
primary,Retina 1,Horizontal,TRIM26,11,52852,1.0,2.9917623968965974,18.920759857715886,True
primary,Retina 1,Horizontal,TRIOBP,11,52852,1.0,2.9917623968965974,18.920759857715886,True
primary,Retina 1,Horizontal,TSC22D2,11,52852,2.0,3.659489770243442,37.84151971543177,True
primary,Retina 1,Horizontal,TTC28,11,52852,2.0,3.659489770243442,37.84151971543177,True
primary,Retina 1,Horizontal,TTLL5,11,52852,3.0,4.056335960099905,56.76227957314766,True
primary,Retina 1,Horizontal,TXNDC8,11,52852,,,,False
primary,Retina 1,Horizontal,TXNRD2,11,52852,2.0,3.659489770243442,37.84151971543177,True
primary,Retina 1,Horizontal,UTP11,11,52852,6.0,4.740789290355184,113.52455914629532,True
primary,Retina 1,Horizontal,VARS2,11,52852,0.0,0.0,0.0,True
primary,Retina 1,Horizontal,VCAM1,11,52852,0.0,0.0,0.0,True
primary,Retina 1,Horizontal,WLS,11,52852,0.0,0.0,0.0,True
primary,Retina 1,Horizontal,WNT2B,11,52852,0.0,0.0,0.0,True
primary,Retina 1,Horizontal,XRCC6P1,11,52852,,,,False
primary,Retina 1,Horizontal,XXbac-BPG170G13.32,11,52852,0.0,0.0,0.0,True
primary,Retina 1,Horizontal,XXbac-BPG283O16.9,11,52852,,,,False
primary,Retina 1,Horizontal,YAP1,11,52852,0.0,0.0,0.0,True
primary,Retina 1,Horizontal,YIF1A,11,52852,3.0,4.056335960099905,56.76227957314766,True
primary,Retina 1,Horizontal,ZNF280D,11,52852,8.0,5.02628603883056,151.3660788617271,True
primary,Retina 1,Horizontal,ZNF638,11,52852,6.0,4.740789290355184,113.52455914629532,True
primary,Retina 1,Horizontal,ZNF638-IT1,11,52852,,,,False
primary,Retina 1,RGC,DGKG,54,106555,0.0,0.0,0.0,True
primary,Retina 1,RGC,SLC2A12,54,106555,0.0,0.0,0.0,True
primary,Retina 1,RGC,COL8A2,54,106555,0.0,0.0,0.0,True
primary,Retina 1,RGC,NPC2,54,106555,8.0,4.3317669888767805,75.07859790718409,True
primary,Retina 1,RGC,PSMC3,54,106555,15.0,4.954222750797259,140.77237107597017,True
primary,Retina 1,RGC,RP11-466F5.8,54,106555,0.0,0.0,0.0,True
primary,Retina 1,RGC,LPP,54,106555,4.0,3.651678472721973,37.539298953592045,True
primary,Retina 1,RGC,RP11-121M22.1,54,106555,0.0,0.0,0.0,True
primary,Retina 1,RGC,ABO,54,106555,0.0,0.0,0.0,True
primary,Retina 1,RGC,ADAMTS8,54,106555,0.0,0.0,0.0,True
primary,Retina 1,RGC,CALD1,54,106555,7.0,4.200111592773341,65.69377316878607,True
primary,Retina 1,RGC,CHEK2,54,106555,0.0,0.0,0.0,True
primary,Retina 1,RGC,GAS7,54,106555,12.0,4.732841036667011,112.61789686077613,True
primary,Retina 1,RGC,LMX1B,54,106555,,,,False
primary,Retina 1,RGC,TCF12,54,106555,3.0,3.372608390390221,28.154474215194032,True
primary,Retina 1,RGC,TMCO1,54,106555,9.0,4.448088479093085,84.4634226455821,True
primary,Retina 1,RGC,TRIB2,54,106555,4.0,3.651678472721973,37.539298953592045,True
primary,Retina 1,RGC,AC000078.5,54,106555,,,,False
primary,Retina 1,RGC,AC002066.1,54,106555,,,,False
primary,Retina 1,RGC,AC012066.1,54,106555,,,,False
primary,Retina 1,RGC,AC091132.1,54,106555,,,,False
primary,Retina 1,RGC,ACBD4,54,106555,1.0,2.3403455807675653,9.384824738398011,True
primary,Retina 1,RGC,AFAP1,54,106555,2.0,2.9841479069695054,18.769649476796022,True
primary,Retina 1,RGC,ALDH2,54,106555,4.0,3.651678472721973,37.539298953592045,True
primary,Retina 1,RGC,AP003068.23,54,106555,0.0,0.0,0.0,True
primary,Retina 1,RGC,AP5B1,54,106555,0.0,0.0,0.0,True
primary,Retina 1,RGC,AREL1,54,106555,2.0,2.9841479069695054,18.769649476796022,True
primary,Retina 1,RGC,ARHGAP27,54,106555,0.0,0.0,0.0,True
primary,Retina 1,RGC,ARHGEF12,54,106555,19.0,5.189125465105216,178.3116700295622,True
primary,Retina 1,RGC,ARL17A,54,106555,6.0,4.04845677959733,56.308948430388064,True
primary,Retina 1,RGC,ATP5J,54,106555,76.0,6.571228393033225,713.2466801182488,True
primary,Retina 1,RGC,BICC1,54,106555,2.0,2.9841479069695054,18.769649476796022,True
primary,Retina 1,RGC,BORA,54,106555,0.0,0.0,0.0,True
primary,Retina 1,RGC,C1orf109,54,106555,2.0,2.9841479069695054,18.769649476796022,True
primary,Retina 1,RGC,C1orf122,54,106555,25.0,5.462222962633942,234.62061845995026,True
primary,Retina 1,RGC,C22orf29,54,106555,3.0,3.372608390390221,28.154474215194032,True
primary,Retina 1,RGC,C6orf15,54,106555,,,,False
primary,Retina 1,RGC,CADM1,54,106555,11.0,4.64662946977123,103.23307212237812,True
primary,Retina 1,RGC,CADM2,54,106555,26.0,5.501280427434046,244.00544319834827,True
primary,Retina 1,RGC,CAV2,54,106555,6.0,4.04845677959733,56.308948430388064,True
primary,Retina 1,RGC,CCDC117,54,106555,3.0,3.372608390390221,28.154474215194032,True
primary,Retina 1,RGC,CDC14A,54,106555,1.0,2.3403455807675653,9.384824738398011,True
primary,Retina 1,RGC,CDKN2A,54,106555,0.0,0.0,0.0,True
primary,Retina 1,RGC,CDKN2B-AS1,54,106555,0.0,0.0,0.0,True
primary,Retina 1,RGC,CELF1,54,106555,9.0,4.448088479093085,84.4634226455821,True
primary,Retina 1,RGC,CLIC5,54,106555,0.0,0.0,0.0,True
primary,Retina 1,RGC,CMB9-22P13.1,54,106555,,,,False
primary,Retina 1,RGC,COL11A1,54,106555,5.0,3.8696190037773697,46.924123691990054,True
primary,Retina 1,RGC,CRHR1,54,106555,0.0,0.0,0.0,True
primary,Retina 1,RGC,CTA-292E10.6,54,106555,0.0,0.0,0.0,True
primary,Retina 1,RGC,CTB-39G8.3,54,106555,,,,False
primary,Retina 1,RGC,CTD-2005H7.1,54,106555,0.0,0.0,0.0,True
primary,Retina 1,RGC,CTD-2020K17.1,54,106555,1.0,2.3403455807675653,9.384824738398011,True
primary,Retina 1,RGC,CTD-2020K17.3,54,106555,3.0,3.372608390390221,28.154474215194032,True
primary,Retina 1,RGC,CTTNBP2,54,106555,9.0,4.448088479093085,84.4634226455821,True
primary,Retina 1,RGC,DDX39BP2,54,106555,,,,False
primary,Retina 1,RGC,DIO1,54,106555,,,,False
primary,Retina 1,RGC,DND1P1,54,106555,,,,False
primary,Retina 1,RGC,DYSF,54,106555,0.0,0.0,0.0,True
primary,Retina 1,RGC,EFCAB13,54,106555,1.0,2.3403455807675653,9.384824738398011,True
primary,Retina 1,RGC,EFEMP1,54,106555,0.0,0.0,0.0,True
primary,Retina 1,RGC,EHBP1L1,54,106555,0.0,0.0,0.0,True
primary,Retina 1,RGC,FAM215B,54,106555,9.0,4.448088479093085,84.4634226455821,True
primary,Retina 1,RGC,FAM83A,54,106555,,,,False
primary,Retina 1,RGC,FAM83A-AS1,54,106555,,,,False
primary,Retina 1,RGC,FAM89B,54,106555,1.0,2.3403455807675653,9.384824738398011,True
primary,Retina 1,RGC,FHL3,54,106555,0.0,0.0,0.0,True
primary,Retina 1,RGC,FLOT1,54,106555,17.0,5.078555718601344,159.5420205527662,True
primary,Retina 1,RGC,FLVCR2,54,106555,0.0,0.0,0.0,True
primary,Retina 1,RGC,FMNL1,54,106555,1.0,2.3403455807675653,9.384824738398011,True
primary,Retina 1,RGC,FNDC4,54,106555,10.0,4.552278218445205,93.84824738398011,True
primary,Retina 1,RGC,GALR3,54,106555,,,,False
primary,Retina 1,RGC,GCAT,54,106555,1.0,2.3403455807675653,9.384824738398011,True
primary,Retina 1,RGC,GLIS1,54,106555,0.0,0.0,0.0,True
primary,Retina 1,RGC,H1F0,54,106555,18.0,5.135368022618577,168.9268452911642,True
primary,Retina 1,RGC,HCG4,54,106555,,,,False
primary,Retina 1,RGC,HCG4B,54,106555,,,,False
primary,Retina 1,RGC,HCG4P5,54,106555,,,,False
primary,Retina 1,RGC,HCG4P7,54,106555,,,,False
primary,Retina 1,RGC,HCG9,54,106555,0.0,0.0,0.0,True
primary,Retina 1,RGC,HCP5B,54,106555,0.0,0.0,0.0,True
primary,Retina 1,RGC,HECTD4,54,106555,8.0,4.3317669888767805,75.07859790718409,True
primary,Retina 1,RGC,HLA-A,54,106555,32.0,5.708154210109168,300.31439162873636,True
primary,Retina 1,RGC,HLA-C,54,106555,13.0,4.812206481950177,122.00272159917414,True
primary,Retina 1,RGC,HLA-F,54,106555,0.0,0.0,0.0,True
primary,Retina 1,RGC,HLA-F-AS1,54,106555,,,,False
primary,Retina 1,RGC,HLA-G,54,106555,0.0,0.0,0.0,True
primary,Retina 1,RGC,HLA-H,54,106555,,,,False
primary,Retina 1,RGC,HLA-J,54,106555,,,,False
primary,Retina 1,RGC,HLA-L,54,106555,,,,False
primary,Retina 1,RGC,HLA-T,54,106555,,,,False
primary,Retina 1,RGC,HLA-U,54,106555,,,,False
primary,Retina 1,RGC,HLA-V,54,106555,,,,False
primary,Retina 1,RGC,HLA-W,54,106555,,,,False
primary,Retina 1,RGC,HSCB,54,106555,1.0,2.3403455807675653,9.384824738398011,True
primary,Retina 1,RGC,HTRA3,54,106555,0.0,0.0,0.0,True
primary,Retina 1,RGC,IFITM4P,54,106555,,,,False
primary,Retina 1,RGC,IFT172,54,106555,2.0,2.9841479069695054,18.769649476796022,True
primary,Retina 1,RGC,INPP5B,54,106555,3.0,3.372608390390221,28.154474215194032,True
primary,Retina 1,RGC,ITGB3,54,106555,0.0,0.0,0.0,True
primary,Retina 1,RGC,KANSL1,54,106555,11.0,4.64662946977123,103.23307212237812,True
primary,Retina 1,RGC,KANSL1-AS1,54,106555,1.0,2.3403455807675653,9.384824738398011,True
primary,Retina 1,RGC,KHK,54,106555,5.0,3.8696190037773697,46.924123691990054,True
primary,Retina 1,RGC,KLF5,54,106555,0.0,0.0,0.0,True
primary,Retina 1,RGC,KRT8P26,54,106555,,,,False
primary,Retina 1,RGC,LHPP,54,106555,3.0,3.372608390390221,28.154474215194032,True
primary,Retina 1,RGC,LINC01948,54,106555,0.0,0.0,0.0,True
primary,Retina 1,RGC,LINC02052,54,106555,,,,False
primary,Retina 1,RGC,LINC02210,54,106555,,,,False
primary,Retina 1,RGC,LMO4,54,106555,54.0,6.230049338235624,506.78053587349257,True
primary,Retina 1,RGC,LMO7,54,106555,1.0,2.3403455807675653,9.384824738398011,True
primary,Retina 1,RGC,LOXL1,54,106555,3.0,3.372608390390221,28.154474215194032,True
primary,Retina 1,RGC,LOXL1-AS1,54,106555,2.0,2.9841479069695054,18.769649476796022,True
primary,Retina 1,RGC,LRRC37A,54,106555,0.0,0.0,0.0,True
primary,Retina 1,RGC,LRRC37A17P,54,106555,,,,False
primary,Retina 1,RGC,LRRC37A2,54,106555,1.0,2.3403455807675653,9.384824738398011,True
primary,Retina 1,RGC,LRRC37A4P,54,106555,,,,False
primary,Retina 1,RGC,LRWD1,54,106555,2.0,2.9841479069695054,18.769649476796022,True
primary,Retina 1,RGC,LTBP2,54,106555,0.0,0.0,0.0,True
primary,Retina 1,RGC,LTBP3,54,106555,2.0,2.9841479069695054,18.769649476796022,True
primary,Retina 1,RGC,MADD,54,106555,7.0,4.200111592773341,65.69377316878607,True
primary,Retina 1,RGC,MAPK8IP1P1,54,106555,,,,False
primary,Retina 1,RGC,MAPK8IP1P2,54,106555,,,,False
primary,Retina 1,RGC,MAPT,54,106555,19.0,5.189125465105216,178.3116700295622,True
primary,Retina 1,RGC,MAPT-AS1,54,106555,1.0,2.3403455807675653,9.384824738398011,True
primary,Retina 1,RGC,MAPT-IT1,54,106555,,,,False
primary,Retina 1,RGC,ME3,54,106555,0.0,0.0,0.0,True
primary,Retina 1,RGC,MICE,54,106555,,,,False
primary,Retina 1,RGC,MOV10,54,106555,0.0,0.0,0.0,True
primary,Retina 1,RGC,MRPL33,54,106555,24.0,5.421577790427665,225.23579372155226,True
primary,Retina 1,RGC,MTCH2,54,106555,9.0,4.448088479093085,84.4634226455821,True
primary,Retina 1,RGC,MVB12B,54,106555,3.0,3.372608390390221,28.154474215194032,True
primary,Retina 1,RGC,Metazoa_SRP,54,106555,,,,False
primary,Retina 1,RGC,NEAT1,54,106555,82.0,6.647111850140571,769.5556285486368,True
primary,Retina 1,RGC,NMT1,54,106555,8.0,4.3317669888767805,75.07859790718409,True
primary,Retina 1,RGC,NPEPPS,54,106555,15.0,4.954222750797259,140.77237107597017,True
primary,Retina 1,RGC,NRBP1,54,106555,8.0,4.3317669888767805,75.07859790718409,True
primary,Retina 1,RGC,NSF,54,106555,16.0,5.018320327200245,150.15719581436818,True
primary,Retina 1,RGC,NUCB2,54,106555,6.0,4.04845677959733,56.308948430388064,True
primary,Retina 1,RGC,NUDT7,54,106555,0.0,0.0,0.0,True
primary,Retina 1,RGC,PDE6C,54,106555,0.0,0.0,0.0,True
primary,Retina 1,RGC,PGAM1P8,54,106555,,,,False
primary,Retina 1,RGC,PIBF1,54,106555,3.0,3.372608390390221,28.154474215194032,True
primary,Retina 1,RGC,PIGC,54,106555,6.0,4.04845677959733,56.308948430388064,True
primary,Retina 1,RGC,PKIB,54,106555,22.0,5.334968166092434,206.46614424475624,True
primary,Retina 1,RGC,PLCE1,54,106555,4.0,3.651678472721973,37.539298953592045,True
primary,Retina 1,RGC,PLCE1-AS1,54,106555,,,,False
primary,Retina 1,RGC,PLEKHA7,54,106555,0.0,0.0,0.0,True
primary,Retina 1,RGC,PLEKHM1,54,106555,0.0,0.0,0.0,True
primary,Retina 1,RGC,PPP1R18,54,106555,0.0,0.0,0.0,True
primary,Retina 1,RGC,PRKCE,54,106555,1.0,2.3403455807675653,9.384824738398011,True
primary,Retina 1,RGC,PROX2,54,106555,,,,False
primary,Retina 1,RGC,PRSS23,54,106555,0.0,0.0,0.0,True
primary,Retina 1,RGC,PSORS1C3,54,106555,,,,False
primary,Retina 1,RGC,RAPSN,54,106555,0.0,0.0,0.0,True
primary,Retina 1,RGC,RERE,54,106555,11.0,4.64662946977123,103.23307212237812,True
primary,Retina 1,RGC,RIC8B,54,106555,1.0,2.3403455807675653,9.384824738398011,True
primary,Retina 1,RGC,RORA,54,106555,23.0,5.379210338720339,215.85096898315425,True
primary,Retina 1,RGC,RP11-123K19.1,54,106555,,,,False
primary,Retina 1,RGC,RP11-136H19.1,54,106555,,,,False
primary,Retina 1,RGC,RP11-149I2.4,54,106555,,,,False
primary,Retina 1,RGC,RP11-162I7.1,54,106555,,,,False
primary,Retina 1,RGC,RP11-17G12.2,54,106555,,,,False
primary,Retina 1,RGC,RP11-205K6.1,54,106555,,,,False
primary,Retina 1,RGC,RP11-217B7.2,54,106555,0.0,0.0,0.0,True
primary,Retina 1,RGC,RP11-259A24.1,54,106555,,,,False
primary,Retina 1,RGC,RP11-259G18.1,54,106555,,,,False
primary,Retina 1,RGC,RP11-259G18.3,54,106555,,,,False
primary,Retina 1,RGC,RP11-293E1.1,54,106555,,,,False
primary,Retina 1,RGC,RP11-293E1.2,54,106555,,,,False
primary,Retina 1,RGC,RP11-302L19.3,54,106555,0.0,0.0,0.0,True
primary,Retina 1,RGC,RP11-403A3.3,54,106555,0.0,0.0,0.0,True
primary,Retina 1,RGC,RP11-412D9.4,54,106555,2.0,2.9841479069695054,18.769649476796022,True
primary,Retina 1,RGC,RP11-507B12.1,54,106555,,,,False
primary,Retina 1,RGC,RP11-507B12.2,54,106555,0.0,0.0,0.0,True
primary,Retina 1,RGC,RP11-669E14.6,54,106555,1.0,2.3403455807675653,9.384824738398011,True
primary,Retina 1,RGC,RP11-707O23.1,54,106555,,,,False
primary,Retina 1,RGC,RP11-750H9.5,54,106555,,,,False
primary,Retina 1,RGC,RP11-755F10.1,54,106555,0.0,0.0,0.0,True
primary,Retina 1,RGC,RP11-762L8.6,54,106555,,,,False
primary,Retina 1,RGC,RP11-770G2.2,54,106555,,,,False
primary,Retina 1,RGC,RP11-798G7.6,54,106555,0.0,0.0,0.0,True
primary,Retina 1,RGC,RP11-798G7.8,54,106555,,,,False
primary,Retina 1,RGC,RP5-1115A15.1,54,106555,0.0,0.0,0.0,True
primary,Retina 1,RGC,RPS26P8,54,106555,,,,False
primary,Retina 1,RGC,SCRN2,54,106555,2.0,2.9841479069695054,18.769649476796022,True
primary,Retina 1,RGC,SEMA3E,54,106555,3.0,3.372608390390221,28.154474215194032,True
primary,Retina 1,RGC,SEPT7,54,106555,84.0,6.671178502079448,788.3252780254329,True
primary,Retina 1,RGC,SF3A3,54,106555,4.0,3.651678472721973,37.539298953592045,True
primary,Retina 1,RGC,SFTA1P,54,106555,0.0,0.0,0.0,True
primary,Retina 1,RGC,SGSM2,54,106555,1.0,2.3403455807675653,9.384824738398011,True
primary,Retina 1,RGC,SLC25A45,54,106555,1.0,2.3403455807675653,9.384824738398011,True
primary,Retina 1,RGC,SLC39A13,54,106555,2.0,2.9841479069695054,18.769649476796022,True
primary,Retina 1,RGC,SMAD6,54,106555,0.0,0.0,0.0,True
primary,Retina 1,RGC,SNORD14A,54,106555,,,,False
primary,Retina 1,RGC,SSSCA1-AS1,54,106555,,,,False
primary,Retina 1,RGC,TARID,54,106555,0.0,0.0,0.0,True
primary,Retina 1,RGC,TBC1D31,54,106555,1.0,2.3403455807675653,9.384824738398011,True
primary,Retina 1,RGC,TBKBP1,54,106555,5.0,3.8696190037773697,46.924123691990054,True
primary,Retina 1,RGC,TBPL1,54,106555,11.0,4.64662946977123,103.23307212237812,True
primary,Retina 1,RGC,TGFB3,54,106555,0.0,0.0,0.0,True
primary,Retina 1,RGC,THCAT158,54,106555,0.0,0.0,0.0,True
primary,Retina 1,RGC,THSD7A,54,106555,6.0,4.04845677959733,56.308948430388064,True
primary,Retina 1,RGC,TIGD3,54,106555,0.0,0.0,0.0,True
primary,Retina 1,RGC,TMEM116,54,106555,1.0,2.3403455807675653,9.384824738398011,True
primary,Retina 1,RGC,TMEM136,54,106555,3.0,3.372608390390221,28.154474215194032,True
primary,Retina 1,RGC,TMEM181,54,106555,2.0,2.9841479069695054,18.769649476796022,True
primary,Retina 1,RGC,TMEM263,54,106555,6.0,4.04845677959733,56.308948430388064,True
primary,Retina 1,RGC,TRIM26,54,106555,0.0,0.0,0.0,True
primary,Retina 1,RGC,TRIOBP,54,106555,1.0,2.3403455807675653,9.384824738398011,True
primary,Retina 1,RGC,TSC22D2,54,106555,2.0,2.9841479069695054,18.769649476796022,True
primary,Retina 1,RGC,TTC28,54,106555,2.0,2.9841479069695054,18.769649476796022,True
primary,Retina 1,RGC,TTLL5,54,106555,5.0,3.8696190037773697,46.924123691990054,True
primary,Retina 1,RGC,TXNDC8,54,106555,,,,False
primary,Retina 1,RGC,TXNRD2,54,106555,5.0,3.8696190037773697,46.924123691990054,True
primary,Retina 1,RGC,UTP11,54,106555,1.0,2.3403455807675653,9.384824738398011,True
primary,Retina 1,RGC,VARS2,54,106555,0.0,0.0,0.0,True
primary,Retina 1,RGC,VCAM1,54,106555,0.0,0.0,0.0,True
primary,Retina 1,RGC,WLS,54,106555,0.0,0.0,0.0,True
primary,Retina 1,RGC,WNT2B,54,106555,0.0,0.0,0.0,True
primary,Retina 1,RGC,XRCC6P1,54,106555,,,,False
primary,Retina 1,RGC,XXbac-BPG170G13.32,54,106555,0.0,0.0,0.0,True
primary,Retina 1,RGC,XXbac-BPG283O16.9,54,106555,,,,False
primary,Retina 1,RGC,YAP1,54,106555,0.0,0.0,0.0,True
primary,Retina 1,RGC,YIF1A,54,106555,6.0,4.04845677959733,56.308948430388064,True
primary,Retina 1,RGC,ZNF280D,54,106555,11.0,4.64662946977123,103.23307212237812,True
primary,Retina 1,RGC,ZNF638,54,106555,27.0,5.538869575768607,253.39026793674628,True
primary,Retina 1,RGC,ZNF638-IT1,54,106555,,,,False
primary,Retina 1,Muller glia,DGKG,106,326592,7.0,3.1105540627132644,21.43347050754458,True
primary,Retina 1,Muller glia,SLC2A12,106,326592,3.0,2.320991950054224,9.185773074661963,True
primary,Retina 1,Muller glia,COL8A2,106,326592,0.0,0.0,0.0,True
primary,Retina 1,Muller glia,NPC2,106,326592,70.0,5.372193585413609,214.3347050754458,True
primary,Retina 1,Muller glia,PSMC3,106,326592,51.0,5.057252573986985,156.15814226925337,True
primary,Retina 1,Muller glia,RP11-466F5.8,106,326592,0.0,0.0,0.0,True
primary,Retina 1,Muller glia,LPP,106,326592,12.0,3.6308024734848687,36.74309229864785,True
primary,Retina 1,Muller glia,RP11-121M22.1,106,326592,0.0,0.0,0.0,True
primary,Retina 1,Muller glia,ABO,106,326592,0.0,0.0,0.0,True
primary,Retina 1,Muller glia,ADAMTS8,106,326592,0.0,0.0,0.0,True
primary,Retina 1,Muller glia,CALD1,106,326592,71.0,5.386312810755627,217.39662943366648,True
primary,Retina 1,Muller glia,CHEK2,106,326592,0.0,0.0,0.0,True
primary,Retina 1,Muller glia,GAS7,106,326592,6.0,2.9638052960879264,18.371546149323926,True
primary,Retina 1,Muller glia,LMX1B,106,326592,,,,False
primary,Retina 1,Muller glia,TCF12,106,326592,23.0,4.268637590892393,70.42426023907505,True
primary,Retina 1,Muller glia,TMCO1,106,326592,128.0,5.973622107910433,391.92631785224376,True
primary,Retina 1,Muller glia,TRIB2,106,326592,43.0,4.887810173995186,131.66274740348814,True
primary,Retina 1,Muller glia,AC000078.5,106,326592,,,,False
primary,Retina 1,Muller glia,AC002066.1,106,326592,,,,False
primary,Retina 1,Muller glia,AC012066.1,106,326592,,,,False
primary,Retina 1,Muller glia,AC091132.1,106,326592,,,,False
primary,Retina 1,Muller glia,ACBD4,106,326592,8.0,3.2384978423560082,24.495394865765235,True
primary,Retina 1,Muller glia,AFAP1,106,326592,9.0,3.35191326835944,27.55731922398589,True
primary,Retina 1,Muller glia,ALDH2,106,326592,35.0,4.6836795883285625,107.1673525377229,True
primary,Retina 1,Muller glia,AP003068.23,106,326592,0.0,0.0,0.0,True
primary,Retina 1,Muller glia,AP5B1,106,326592,1.0,1.4016568411779744,3.0619243582206543,True
primary,Retina 1,Muller glia,AREL1,106,326592,5.0,2.791755227590501,15.309621791103272,True
primary,Retina 1,Muller glia,ARHGAP27,106,326592,0.0,0.0,0.0,True
primary,Retina 1,Muller glia,ARHGEF12,106,326592,22.0,4.224822027951112,67.3623358808544,True
primary,Retina 1,Muller glia,ARL17A,106,326592,4.0,2.5838237586806034,12.247697432882617,True
primary,Retina 1,Muller glia,ATP5J,106,326592,122.0,5.925738045141656,373.5547717029199,True
primary,Retina 1,Muller glia,BICC1,106,326592,16.0,3.9118387830908627,48.99078973153047,True
primary,Retina 1,Muller glia,BORA,106,326592,1.0,1.4016568411779744,3.0619243582206543,True
primary,Retina 1,Muller glia,C1orf109,106,326592,3.0,2.320991950054224,9.185773074661963,True
primary,Retina 1,Muller glia,C1orf122,106,326592,30.0,4.53106854493177,91.85773074661964,True
primary,Retina 1,Muller glia,C22orf29,106,326592,5.0,2.791755227590501,15.309621791103272,True
primary,Retina 1,Muller glia,C6orf15,106,326592,,,,False
primary,Retina 1,Muller glia,CADM1,106,326592,116.0,5.875445276971805,355.18322555359595,True
primary,Retina 1,Muller glia,CADM2,106,326592,52.0,5.076548286636803,159.22006662747404,True
primary,Retina 1,Muller glia,CAV2,106,326592,84.0,5.553740853646035,257.201646090535,True
primary,Retina 1,Muller glia,CCDC117,106,326592,4.0,2.5838237586806034,12.247697432882617,True
primary,Retina 1,Muller glia,CDC14A,106,326592,12.0,3.6308024734848687,36.74309229864785,True
primary,Retina 1,Muller glia,CDKN2A,106,326592,0.0,0.0,0.0,True
primary,Retina 1,Muller glia,CDKN2B-AS1,106,326592,0.0,0.0,0.0,True
primary,Retina 1,Muller glia,CELF1,106,326592,19.0,4.080525564957394,58.176562806192436,True
primary,Retina 1,Muller glia,CLIC5,106,326592,23.0,4.268637590892393,70.42426023907505,True
primary,Retina 1,Muller glia,CMB9-22P13.1,106,326592,,,,False
primary,Retina 1,Muller glia,COL11A1,106,326592,30.0,4.53106854493177,91.85773074661964,True
primary,Retina 1,Muller glia,CRHR1,106,326592,0.0,0.0,0.0,True
primary,Retina 1,Muller glia,CTA-292E10.6,106,326592,0.0,0.0,0.0,True
primary,Retina 1,Muller glia,CTB-39G8.3,106,326592,,,,False
primary,Retina 1,Muller glia,CTD-2005H7.1,106,326592,0.0,0.0,0.0,True
primary,Retina 1,Muller glia,CTD-2020K17.1,106,326592,2.0,1.9634481294413084,6.123848716441309,True
primary,Retina 1,Muller glia,CTD-2020K17.3,106,326592,0.0,0.0,0.0,True
primary,Retina 1,Muller glia,CTTNBP2,106,326592,37.0,4.738749588434061,113.29120125416422,True
primary,Retina 1,Muller glia,DDX39BP2,106,326592,,,,False
primary,Retina 1,Muller glia,DIO1,106,326592,,,,False
primary,Retina 1,Muller glia,DND1P1,106,326592,,,,False
primary,Retina 1,Muller glia,DYSF,106,326592,0.0,0.0,0.0,True
primary,Retina 1,Muller glia,EFCAB13,106,326592,3.0,2.320991950054224,9.185773074661963,True
primary,Retina 1,Muller glia,EFEMP1,106,326592,20.0,4.130973573090364,61.23848716441309,True
primary,Retina 1,Muller glia,EHBP1L1,106,326592,1.0,1.4016568411779744,3.0619243582206543,True
primary,Retina 1,Muller glia,FAM215B,106,326592,7.0,3.1105540627132644,21.43347050754458,True
primary,Retina 1,Muller glia,FAM83A,106,326592,,,,False
primary,Retina 1,Muller glia,FAM83A-AS1,106,326592,,,,False
primary,Retina 1,Muller glia,FAM89B,106,326592,0.0,0.0,0.0,True
primary,Retina 1,Muller glia,FHL3,106,326592,1.0,1.4016568411779744,3.0619243582206543,True
primary,Retina 1,Muller glia,FLOT1,106,326592,21.0,4.178998338293672,64.30041152263375,True
primary,Retina 1,Muller glia,FLVCR2,106,326592,0.0,0.0,0.0,True
primary,Retina 1,Muller glia,FMNL1,106,326592,0.0,0.0,0.0,True
primary,Retina 1,Muller glia,FNDC4,106,326592,6.0,2.9638052960879264,18.371546149323926,True
primary,Retina 1,Muller glia,GALR3,106,326592,,,,False
primary,Retina 1,Muller glia,GCAT,106,326592,6.0,2.9638052960879264,18.371546149323926,True
primary,Retina 1,Muller glia,GLIS1,106,326592,0.0,0.0,0.0,True
primary,Retina 1,Muller glia,H1F0,106,326592,29.0,4.497538274756664,88.79580638839899,True
primary,Retina 1,Muller glia,HCG4,106,326592,,,,False
primary,Retina 1,Muller glia,HCG4B,106,326592,,,,False
primary,Retina 1,Muller glia,HCG4P5,106,326592,,,,False
primary,Retina 1,Muller glia,HCG4P7,106,326592,,,,False
primary,Retina 1,Muller glia,HCG9,106,326592,0.0,0.0,0.0,True
primary,Retina 1,Muller glia,HCP5B,106,326592,0.0,0.0,0.0,True
primary,Retina 1,Muller glia,HECTD4,106,326592,7.0,3.1105540627132644,21.43347050754458,True
primary,Retina 1,Muller glia,HLA-A,106,326592,71.0,5.386312810755627,217.39662943366648,True
primary,Retina 1,Muller glia,HLA-C,106,326592,87.0,5.588698614814557,266.38741916519695,True
primary,Retina 1,Muller glia,HLA-F,106,326592,3.0,2.320991950054224,9.185773074661963,True
primary,Retina 1,Muller glia,HLA-F-AS1,106,326592,,,,False
primary,Retina 1,Muller glia,HLA-G,106,326592,0.0,0.0,0.0,True
primary,Retina 1,Muller glia,HLA-H,106,326592,,,,False
primary,Retina 1,Muller glia,HLA-J,106,326592,,,,False
primary,Retina 1,Muller glia,HLA-L,106,326592,,,,False
primary,Retina 1,Muller glia,HLA-T,106,326592,,,,False
primary,Retina 1,Muller glia,HLA-U,106,326592,,,,False
primary,Retina 1,Muller glia,HLA-V,106,326592,,,,False
primary,Retina 1,Muller glia,HLA-W,106,326592,,,,False
primary,Retina 1,Muller glia,HSCB,106,326592,8.0,3.2384978423560082,24.495394865765235,True
primary,Retina 1,Muller glia,HTRA3,106,326592,0.0,0.0,0.0,True
primary,Retina 1,Muller glia,IFITM4P,106,326592,,,,False
primary,Retina 1,Muller glia,IFT172,106,326592,8.0,3.2384978423560082,24.495394865765235,True
primary,Retina 1,Muller glia,INPP5B,106,326592,2.0,1.9634481294413084,6.123848716441309,True
primary,Retina 1,Muller glia,ITGB3,106,326592,0.0,0.0,0.0,True
primary,Retina 1,Muller glia,KANSL1,106,326592,22.0,4.224822027951112,67.3623358808544,True
primary,Retina 1,Muller glia,KANSL1-AS1,106,326592,4.0,2.5838237586806034,12.247697432882617,True
primary,Retina 1,Muller glia,KHK,106,326592,3.0,2.320991950054224,9.185773074661963,True
primary,Retina 1,Muller glia,KLF5,106,326592,0.0,0.0,0.0,True
primary,Retina 1,Muller glia,KRT8P26,106,326592,,,,False
primary,Retina 1,Muller glia,LHPP,106,326592,6.0,2.9638052960879264,18.371546149323926,True
primary,Retina 1,Muller glia,LINC01948,106,326592,0.0,0.0,0.0,True
primary,Retina 1,Muller glia,LINC02052,106,326592,,,,False
primary,Retina 1,Muller glia,LINC02210,106,326592,,,,False
primary,Retina 1,Muller glia,LMO4,106,326592,16.0,3.9118387830908627,48.99078973153047,True
primary,Retina 1,Muller glia,LMO7,106,326592,2.0,1.9634481294413084,6.123848716441309,True
primary,Retina 1,Muller glia,LOXL1,106,326592,3.0,2.320991950054224,9.185773074661963,True
primary,Retina 1,Muller glia,LOXL1-AS1,106,326592,4.0,2.5838237586806034,12.247697432882617,True
primary,Retina 1,Muller glia,LRRC37A,106,326592,0.0,0.0,0.0,True
primary,Retina 1,Muller glia,LRRC37A17P,106,326592,,,,False
primary,Retina 1,Muller glia,LRRC37A2,106,326592,3.0,2.320991950054224,9.185773074661963,True
primary,Retina 1,Muller glia,LRRC37A4P,106,326592,,,,False
primary,Retina 1,Muller glia,LRWD1,106,326592,0.0,0.0,0.0,True
primary,Retina 1,Muller glia,LTBP2,106,326592,1.0,1.4016568411779744,3.0619243582206543,True
primary,Retina 1,Muller glia,LTBP3,106,326592,14.0,3.78116098434692,42.86694101508916,True
primary,Retina 1,Muller glia,MADD,106,326592,8.0,3.2384978423560082,24.495394865765235,True
primary,Retina 1,Muller glia,MAPK8IP1P1,106,326592,,,,False
primary,Retina 1,Muller glia,MAPK8IP1P2,106,326592,,,,False
primary,Retina 1,Muller glia,MAPT,106,326592,43.0,4.887810173995186,131.66274740348814,True
primary,Retina 1,Muller glia,MAPT-AS1,106,326592,4.0,2.5838237586806034,12.247697432882617,True
primary,Retina 1,Muller glia,MAPT-IT1,106,326592,,,,False
primary,Retina 1,Muller glia,ME3,106,326592,1.0,1.4016568411779744,3.0619243582206543,True
primary,Retina 1,Muller glia,MICE,106,326592,,,,False
primary,Retina 1,Muller glia,MOV10,106,326592,3.0,2.320991950054224,9.185773074661963,True
primary,Retina 1,Muller glia,MRPL33,106,326592,52.0,5.076548286636803,159.22006662747404,True
primary,Retina 1,Muller glia,MTCH2,106,326592,22.0,4.224822027951112,67.3623358808544,True
primary,Retina 1,Muller glia,MVB12B,106,326592,3.0,2.320991950054224,9.185773074661963,True
primary,Retina 1,Muller glia,Metazoa_SRP,106,326592,,,,False
primary,Retina 1,Muller glia,NEAT1,106,326592,231.0,6.562874123744337,707.3045267489712,True
primary,Retina 1,Muller glia,NMT1,106,326592,10.0,3.453765909363832,30.619243582206543,True
primary,Retina 1,Muller glia,NPEPPS,106,326592,13.0,3.7088050311276786,39.80501665686851,True
primary,Retina 1,Muller glia,NRBP1,106,326592,12.0,3.6308024734848687,36.74309229864785,True
primary,Retina 1,Muller glia,NSF,106,326592,9.0,3.35191326835944,27.55731922398589,True
primary,Retina 1,Muller glia,NUCB2,106,326592,29.0,4.497538274756664,88.79580638839899,True
primary,Retina 1,Muller glia,NUDT7,106,326592,21.0,4.178998338293672,64.30041152263375,True
primary,Retina 1,Muller glia,PDE6C,106,326592,0.0,0.0,0.0,True
primary,Retina 1,Muller glia,PGAM1P8,106,326592,,,,False
primary,Retina 1,Muller glia,PIBF1,106,326592,10.0,3.453765909363832,30.619243582206543,True
primary,Retina 1,Muller glia,PIGC,106,326592,7.0,3.1105540627132644,21.43347050754458,True
primary,Retina 1,Muller glia,PKIB,106,326592,6.0,2.9638052960879264,18.371546149323926,True
primary,Retina 1,Muller glia,PLCE1,106,326592,40.0,4.8160546960038655,122.47697432882617,True
primary,Retina 1,Muller glia,PLCE1-AS1,106,326592,,,,False
primary,Retina 1,Muller glia,PLEKHA7,106,326592,8.0,3.2384978423560082,24.495394865765235,True
primary,Retina 1,Muller glia,PLEKHM1,106,326592,2.0,1.9634481294413084,6.123848716441309,True
primary,Retina 1,Muller glia,PPP1R18,106,326592,0.0,0.0,0.0,True
primary,Retina 1,Muller glia,PRKCE,106,326592,2.0,1.9634481294413084,6.123848716441309,True
primary,Retina 1,Muller glia,PROX2,106,326592,,,,False
primary,Retina 1,Muller glia,PRSS23,106,326592,0.0,0.0,0.0,True
primary,Retina 1,Muller glia,PSORS1C3,106,326592,,,,False
primary,Retina 1,Muller glia,RAPSN,106,326592,2.0,1.9634481294413084,6.123848716441309,True
primary,Retina 1,Muller glia,RERE,106,326592,21.0,4.178998338293672,64.30041152263375,True
primary,Retina 1,Muller glia,RIC8B,106,326592,11.0,3.5461968289815715,33.6811679404272,True
primary,Retina 1,Muller glia,RORA,106,326592,37.0,4.738749588434061,113.29120125416422,True
primary,Retina 1,Muller glia,RP11-123K19.1,106,326592,,,,False
primary,Retina 1,Muller glia,RP11-136H19.1,106,326592,,,,False
primary,Retina 1,Muller glia,RP11-149I2.4,106,326592,,,,False
primary,Retina 1,Muller glia,RP11-162I7.1,106,326592,,,,False
primary,Retina 1,Muller glia,RP11-17G12.2,106,326592,,,,False
primary,Retina 1,Muller glia,RP11-205K6.1,106,326592,,,,False
primary,Retina 1,Muller glia,RP11-217B7.2,106,326592,0.0,0.0,0.0,True
primary,Retina 1,Muller glia,RP11-259A24.1,106,326592,,,,False
primary,Retina 1,Muller glia,RP11-259G18.1,106,326592,,,,False
primary,Retina 1,Muller glia,RP11-259G18.3,106,326592,,,,False
primary,Retina 1,Muller glia,RP11-293E1.1,106,326592,,,,False
primary,Retina 1,Muller glia,RP11-293E1.2,106,326592,,,,False
primary,Retina 1,Muller glia,RP11-302L19.3,106,326592,0.0,0.0,0.0,True
primary,Retina 1,Muller glia,RP11-403A3.3,106,326592,0.0,0.0,0.0,True
primary,Retina 1,Muller glia,RP11-412D9.4,106,326592,8.0,3.2384978423560082,24.495394865765235,True
primary,Retina 1,Muller glia,RP11-507B12.1,106,326592,,,,False
primary,Retina 1,Muller glia,RP11-507B12.2,106,326592,1.0,1.4016568411779744,3.0619243582206543,True
primary,Retina 1,Muller glia,RP11-669E14.6,106,326592,1.0,1.4016568411779744,3.0619243582206543,True
primary,Retina 1,Muller glia,RP11-707O23.1,106,326592,,,,False
primary,Retina 1,Muller glia,RP11-750H9.5,106,326592,,,,False
primary,Retina 1,Muller glia,RP11-755F10.1,106,326592,0.0,0.0,0.0,True
primary,Retina 1,Muller glia,RP11-762L8.6,106,326592,,,,False
primary,Retina 1,Muller glia,RP11-770G2.2,106,326592,,,,False
primary,Retina 1,Muller glia,RP11-798G7.6,106,326592,2.0,1.9634481294413084,6.123848716441309,True
primary,Retina 1,Muller glia,RP11-798G7.8,106,326592,,,,False
primary,Retina 1,Muller glia,RP5-1115A15.1,106,326592,0.0,0.0,0.0,True
primary,Retina 1,Muller glia,RPS26P8,106,326592,,,,False
primary,Retina 1,Muller glia,SCRN2,106,326592,20.0,4.130973573090364,61.23848716441309,True
primary,Retina 1,Muller glia,SEMA3E,106,326592,3.0,2.320991950054224,9.185773074661963,True
primary,Retina 1,Muller glia,SEPT7,106,326592,148.0,6.118460138814995,453.1648050166569,True
primary,Retina 1,Muller glia,SF3A3,106,326592,7.0,3.1105540627132644,21.43347050754458,True
primary,Retina 1,Muller glia,SFTA1P,106,326592,2.0,1.9634481294413084,6.123848716441309,True
primary,Retina 1,Muller glia,SGSM2,106,326592,1.0,1.4016568411779744,3.0619243582206543,True
primary,Retina 1,Muller glia,SLC25A45,106,326592,3.0,2.320991950054224,9.185773074661963,True
primary,Retina 1,Muller glia,SLC39A13,106,326592,3.0,2.320991950054224,9.185773074661963,True
primary,Retina 1,Muller glia,SMAD6,106,326592,0.0,0.0,0.0,True
primary,Retina 1,Muller glia,SNORD14A,106,326592,,,,False
primary,Retina 1,Muller glia,SSSCA1-AS1,106,326592,,,,False
primary,Retina 1,Muller glia,TARID,106,326592,0.0,0.0,0.0,True
primary,Retina 1,Muller glia,TBC1D31,106,326592,2.0,1.9634481294413084,6.123848716441309,True
primary,Retina 1,Muller glia,TBKBP1,106,326592,2.0,1.9634481294413084,6.123848716441309,True
primary,Retina 1,Muller glia,TBPL1,106,326592,11.0,3.5461968289815715,33.6811679404272,True
primary,Retina 1,Muller glia,TGFB3,106,326592,2.0,1.9634481294413084,6.123848716441309,True
primary,Retina 1,Muller glia,THCAT158,106,326592,1.0,1.4016568411779744,3.0619243582206543,True
primary,Retina 1,Muller glia,THSD7A,106,326592,12.0,3.6308024734848687,36.74309229864785,True
primary,Retina 1,Muller glia,TIGD3,106,326592,0.0,0.0,0.0,True
primary,Retina 1,Muller glia,TMEM116,106,326592,7.0,3.1105540627132644,21.43347050754458,True
primary,Retina 1,Muller glia,TMEM136,106,326592,12.0,3.6308024734848687,36.74309229864785,True
primary,Retina 1,Muller glia,TMEM181,106,326592,4.0,2.5838237586806034,12.247697432882617,True
primary,Retina 1,Muller glia,TMEM263,106,326592,22.0,4.224822027951112,67.3623358808544,True
primary,Retina 1,Muller glia,TRIM26,106,326592,5.0,2.791755227590501,15.309621791103272,True
primary,Retina 1,Muller glia,TRIOBP,106,326592,3.0,2.320991950054224,9.185773074661963,True
primary,Retina 1,Muller glia,TSC22D2,106,326592,17.0,3.97128602472683,52.05271408975113,True
primary,Retina 1,Muller glia,TTC28,106,326592,10.0,3.453765909363832,30.619243582206543,True
primary,Retina 1,Muller glia,TTLL5,106,326592,5.0,2.791755227590501,15.309621791103272,True
primary,Retina 1,Muller glia,TXNDC8,106,326592,,,,False
primary,Retina 1,Muller glia,TXNRD2,106,326592,10.0,3.453765909363832,30.619243582206543,True
primary,Retina 1,Muller glia,UTP11,106,326592,5.0,2.791755227590501,15.309621791103272,True
primary,Retina 1,Muller glia,VARS2,106,326592,3.0,2.320991950054224,9.185773074661963,True
primary,Retina 1,Muller glia,VCAM1,106,326592,2.0,1.9634481294413084,6.123848716441309,True
primary,Retina 1,Muller glia,WLS,106,326592,4.0,2.5838237586806034,12.247697432882617,True
primary,Retina 1,Muller glia,WNT2B,106,326592,9.0,3.35191326835944,27.55731922398589,True
primary,Retina 1,Muller glia,XRCC6P1,106,326592,,,,False
primary,Retina 1,Muller glia,XXbac-BPG170G13.32,106,326592,0.0,0.0,0.0,True
primary,Retina 1,Muller glia,XXbac-BPG283O16.9,106,326592,,,,False
primary,Retina 1,Muller glia,YAP1,106,326592,7.0,3.1105540627132644,21.43347050754458,True
primary,Retina 1,Muller glia,YIF1A,106,326592,24.0,4.310613666542048,73.4861845972957,True
primary,Retina 1,Muller glia,ZNF280D,106,326592,6.0,2.9638052960879264,18.371546149323926,True
primary,Retina 1,Muller glia,ZNF638,106,326592,58.0,5.185101706403517,177.59161277679797,True
primary,Retina 1,Muller glia,ZNF638-IT1,106,326592,,,,False
primary,Retina 1,Astrocyte,DGKG,5,13625,2.0,4.995785518768822,146.78899082568807,True
primary,Retina 1,Astrocyte,SLC2A12,5,13625,0.0,0.0,0.0,True
primary,Retina 1,Astrocyte,COL8A2,5,13625,0.0,0.0,0.0,True
primary,Retina 1,Astrocyte,NPC2,5,13625,3.0,5.398992611520156,220.1834862385321,True
primary,Retina 1,Astrocyte,PSMC3,5,13625,2.0,4.995785518768822,146.78899082568807,True
primary,Retina 1,Astrocyte,RP11-466F5.8,5,13625,0.0,0.0,0.0,True
primary,Retina 1,Astrocyte,LPP,5,13625,0.0,0.0,0.0,True
primary,Retina 1,Astrocyte,RP11-121M22.1,5,13625,0.0,0.0,0.0,True
primary,Retina 1,Astrocyte,ABO,5,13625,0.0,0.0,0.0,True
primary,Retina 1,Astrocyte,ADAMTS8,5,13625,0.0,0.0,0.0,True
primary,Retina 1,Astrocyte,CALD1,5,13625,3.0,5.398992611520156,220.1834862385321,True
primary,Retina 1,Astrocyte,CHEK2,5,13625,0.0,0.0,0.0,True
primary,Retina 1,Astrocyte,GAS7,5,13625,0.0,0.0,0.0,True
primary,Retina 1,Astrocyte,LMX1B,5,13625,,,,False
primary,Retina 1,Astrocyte,TCF12,5,13625,0.0,0.0,0.0,True
primary,Retina 1,Astrocyte,TMCO1,5,13625,2.0,4.995785518768822,146.78899082568807,True
primary,Retina 1,Astrocyte,TRIB2,5,13625,1.0,4.309381952715413,73.39449541284404,True
primary,Retina 1,Astrocyte,AC000078.5,5,13625,,,,False
primary,Retina 1,Astrocyte,AC002066.1,5,13625,,,,False
primary,Retina 1,Astrocyte,AC012066.1,5,13625,,,,False
primary,Retina 1,Astrocyte,AC091132.1,5,13625,,,,False
primary,Retina 1,Astrocyte,ACBD4,5,13625,0.0,0.0,0.0,True
primary,Retina 1,Astrocyte,AFAP1,5,13625,0.0,0.0,0.0,True
primary,Retina 1,Astrocyte,ALDH2,5,13625,1.0,4.309381952715413,73.39449541284404,True
primary,Retina 1,Astrocyte,AP003068.23,5,13625,0.0,0.0,0.0,True
primary,Retina 1,Astrocyte,AP5B1,5,13625,0.0,0.0,0.0,True
primary,Retina 1,Astrocyte,AREL1,5,13625,0.0,0.0,0.0,True
primary,Retina 1,Astrocyte,ARHGAP27,5,13625,0.0,0.0,0.0,True
primary,Retina 1,Astrocyte,ARHGEF12,5,13625,0.0,0.0,0.0,True
primary,Retina 1,Astrocyte,ARL17A,5,13625,1.0,4.309381952715413,73.39449541284404,True
primary,Retina 1,Astrocyte,ATP5J,5,13625,4.0,5.685543761423341,293.57798165137615,True
primary,Retina 1,Astrocyte,BICC1,5,13625,0.0,0.0,0.0,True
primary,Retina 1,Astrocyte,BORA,5,13625,0.0,0.0,0.0,True
primary,Retina 1,Astrocyte,C1orf109,5,13625,0.0,0.0,0.0,True
primary,Retina 1,Astrocyte,C1orf122,5,13625,1.0,4.309381952715413,73.39449541284404,True
primary,Retina 1,Astrocyte,C22orf29,5,13625,0.0,0.0,0.0,True
primary,Retina 1,Astrocyte,C6orf15,5,13625,,,,False
primary,Retina 1,Astrocyte,CADM1,5,13625,7.0,6.243703624221966,513.7614678899082,True
primary,Retina 1,Astrocyte,CADM2,5,13625,1.0,4.309381952715413,73.39449541284404,True
primary,Retina 1,Astrocyte,CAV2,5,13625,4.0,5.685543761423341,293.57798165137615,True
primary,Retina 1,Astrocyte,CCDC117,5,13625,1.0,4.309381952715413,73.39449541284404,True
primary,Retina 1,Astrocyte,CDC14A,5,13625,0.0,0.0,0.0,True
primary,Retina 1,Astrocyte,CDKN2A,5,13625,0.0,0.0,0.0,True
primary,Retina 1,Astrocyte,CDKN2B-AS1,5,13625,0.0,0.0,0.0,True
primary,Retina 1,Astrocyte,CELF1,5,13625,2.0,4.995785518768822,146.78899082568807,True
primary,Retina 1,Astrocyte,CLIC5,5,13625,0.0,0.0,0.0,True
primary,Retina 1,Astrocyte,CMB9-22P13.1,5,13625,,,,False
primary,Retina 1,Astrocyte,COL11A1,5,13625,0.0,0.0,0.0,True
primary,Retina 1,Astrocyte,CRHR1,5,13625,0.0,0.0,0.0,True
primary,Retina 1,Astrocyte,CTA-292E10.6,5,13625,0.0,0.0,0.0,True
primary,Retina 1,Astrocyte,CTB-39G8.3,5,13625,,,,False
primary,Retina 1,Astrocyte,CTD-2005H7.1,5,13625,0.0,0.0,0.0,True
primary,Retina 1,Astrocyte,CTD-2020K17.1,5,13625,0.0,0.0,0.0,True
primary,Retina 1,Astrocyte,CTD-2020K17.3,5,13625,0.0,0.0,0.0,True
primary,Retina 1,Astrocyte,CTTNBP2,5,13625,0.0,0.0,0.0,True
primary,Retina 1,Astrocyte,DDX39BP2,5,13625,,,,False
primary,Retina 1,Astrocyte,DIO1,5,13625,,,,False
primary,Retina 1,Astrocyte,DND1P1,5,13625,,,,False
primary,Retina 1,Astrocyte,DYSF,5,13625,0.0,0.0,0.0,True
primary,Retina 1,Astrocyte,EFCAB13,5,13625,0.0,0.0,0.0,True
primary,Retina 1,Astrocyte,EFEMP1,5,13625,0.0,0.0,0.0,True
primary,Retina 1,Astrocyte,EHBP1L1,5,13625,0.0,0.0,0.0,True
primary,Retina 1,Astrocyte,FAM215B,5,13625,2.0,4.995785518768822,146.78899082568807,True
primary,Retina 1,Astrocyte,FAM83A,5,13625,,,,False
primary,Retina 1,Astrocyte,FAM83A-AS1,5,13625,,,,False
primary,Retina 1,Astrocyte,FAM89B,5,13625,0.0,0.0,0.0,True
primary,Retina 1,Astrocyte,FHL3,5,13625,0.0,0.0,0.0,True
primary,Retina 1,Astrocyte,FLOT1,5,13625,0.0,0.0,0.0,True
primary,Retina 1,Astrocyte,FLVCR2,5,13625,0.0,0.0,0.0,True
primary,Retina 1,Astrocyte,FMNL1,5,13625,0.0,0.0,0.0,True
primary,Retina 1,Astrocyte,FNDC4,5,13625,0.0,0.0,0.0,True
primary,Retina 1,Astrocyte,GALR3,5,13625,,,,False
primary,Retina 1,Astrocyte,GCAT,5,13625,0.0,0.0,0.0,True
primary,Retina 1,Astrocyte,GLIS1,5,13625,0.0,0.0,0.0,True
primary,Retina 1,Astrocyte,H1F0,5,13625,0.0,0.0,0.0,True
primary,Retina 1,Astrocyte,HCG4,5,13625,,,,False
primary,Retina 1,Astrocyte,HCG4B,5,13625,,,,False
primary,Retina 1,Astrocyte,HCG4P5,5,13625,,,,False
primary,Retina 1,Astrocyte,HCG4P7,5,13625,,,,False
primary,Retina 1,Astrocyte,HCG9,5,13625,0.0,0.0,0.0,True
primary,Retina 1,Astrocyte,HCP5B,5,13625,0.0,0.0,0.0,True
primary,Retina 1,Astrocyte,HECTD4,5,13625,0.0,0.0,0.0,True
primary,Retina 1,Astrocyte,HLA-A,5,13625,8.0,6.376992156439896,587.1559633027523,True
primary,Retina 1,Astrocyte,HLA-C,5,13625,10.0,6.599795604066007,733.9449541284404,True
primary,Retina 1,Astrocyte,HLA-F,5,13625,0.0,0.0,0.0,True
primary,Retina 1,Astrocyte,HLA-F-AS1,5,13625,,,,False
primary,Retina 1,Astrocyte,HLA-G,5,13625,0.0,0.0,0.0,True
primary,Retina 1,Astrocyte,HLA-H,5,13625,,,,False
primary,Retina 1,Astrocyte,HLA-J,5,13625,,,,False
primary,Retina 1,Astrocyte,HLA-L,5,13625,,,,False
primary,Retina 1,Astrocyte,HLA-T,5,13625,,,,False
primary,Retina 1,Astrocyte,HLA-U,5,13625,,,,False
primary,Retina 1,Astrocyte,HLA-V,5,13625,,,,False
primary,Retina 1,Astrocyte,HLA-W,5,13625,,,,False
primary,Retina 1,Astrocyte,HSCB,5,13625,2.0,4.995785518768822,146.78899082568807,True
primary,Retina 1,Astrocyte,HTRA3,5,13625,0.0,0.0,0.0,True
primary,Retina 1,Astrocyte,IFITM4P,5,13625,,,,False
primary,Retina 1,Astrocyte,IFT172,5,13625,0.0,0.0,0.0,True
primary,Retina 1,Astrocyte,INPP5B,5,13625,0.0,0.0,0.0,True
primary,Retina 1,Astrocyte,ITGB3,5,13625,0.0,0.0,0.0,True
primary,Retina 1,Astrocyte,KANSL1,5,13625,2.0,4.995785518768822,146.78899082568807,True
primary,Retina 1,Astrocyte,KANSL1-AS1,5,13625,0.0,0.0,0.0,True
primary,Retina 1,Astrocyte,KHK,5,13625,0.0,0.0,0.0,True
primary,Retina 1,Astrocyte,KLF5,5,13625,0.0,0.0,0.0,True
primary,Retina 1,Astrocyte,KRT8P26,5,13625,,,,False
primary,Retina 1,Astrocyte,LHPP,5,13625,0.0,0.0,0.0,True
primary,Retina 1,Astrocyte,LINC01948,5,13625,0.0,0.0,0.0,True
primary,Retina 1,Astrocyte,LINC02052,5,13625,,,,False
primary,Retina 1,Astrocyte,LINC02210,5,13625,,,,False
primary,Retina 1,Astrocyte,LMO4,5,13625,3.0,5.398992611520156,220.1834862385321,True
primary,Retina 1,Astrocyte,LMO7,5,13625,0.0,0.0,0.0,True
primary,Retina 1,Astrocyte,LOXL1,5,13625,0.0,0.0,0.0,True
primary,Retina 1,Astrocyte,LOXL1-AS1,5,13625,0.0,0.0,0.0,True
primary,Retina 1,Astrocyte,LRRC37A,5,13625,0.0,0.0,0.0,True
primary,Retina 1,Astrocyte,LRRC37A17P,5,13625,,,,False
primary,Retina 1,Astrocyte,LRRC37A2,5,13625,0.0,0.0,0.0,True
primary,Retina 1,Astrocyte,LRRC37A4P,5,13625,,,,False
primary,Retina 1,Astrocyte,LRWD1,5,13625,0.0,0.0,0.0,True
primary,Retina 1,Astrocyte,LTBP2,5,13625,0.0,0.0,0.0,True
primary,Retina 1,Astrocyte,LTBP3,5,13625,0.0,0.0,0.0,True
primary,Retina 1,Astrocyte,MADD,5,13625,1.0,4.309381952715413,73.39449541284404,True
primary,Retina 1,Astrocyte,MAPK8IP1P1,5,13625,,,,False
primary,Retina 1,Astrocyte,MAPK8IP1P2,5,13625,,,,False
primary,Retina 1,Astrocyte,MAPT,5,13625,0.0,0.0,0.0,True
primary,Retina 1,Astrocyte,MAPT-AS1,5,13625,0.0,0.0,0.0,True
primary,Retina 1,Astrocyte,MAPT-IT1,5,13625,,,,False
primary,Retina 1,Astrocyte,ME3,5,13625,0.0,0.0,0.0,True
primary,Retina 1,Astrocyte,MICE,5,13625,,,,False
primary,Retina 1,Astrocyte,MOV10,5,13625,1.0,4.309381952715413,73.39449541284404,True
primary,Retina 1,Astrocyte,MRPL33,5,13625,4.0,5.685543761423341,293.57798165137615,True
primary,Retina 1,Astrocyte,MTCH2,5,13625,2.0,4.995785518768822,146.78899082568807,True
primary,Retina 1,Astrocyte,MVB12B,5,13625,0.0,0.0,0.0,True
primary,Retina 1,Astrocyte,Metazoa_SRP,5,13625,,,,False
primary,Retina 1,Astrocyte,NEAT1,5,13625,22.0,7.387510518274603,1614.6788990825687,True
primary,Retina 1,Astrocyte,NMT1,5,13625,0.0,0.0,0.0,True
primary,Retina 1,Astrocyte,NPEPPS,5,13625,0.0,0.0,0.0,True
primary,Retina 1,Astrocyte,NRBP1,5,13625,2.0,4.995785518768822,146.78899082568807,True
primary,Retina 1,Astrocyte,NSF,5,13625,0.0,0.0,0.0,True
primary,Retina 1,Astrocyte,NUCB2,5,13625,0.0,0.0,0.0,True
primary,Retina 1,Astrocyte,NUDT7,5,13625,0.0,0.0,0.0,True
primary,Retina 1,Astrocyte,PDE6C,5,13625,0.0,0.0,0.0,True
primary,Retina 1,Astrocyte,PGAM1P8,5,13625,,,,False
primary,Retina 1,Astrocyte,PIBF1,5,13625,1.0,4.309381952715413,73.39449541284404,True
primary,Retina 1,Astrocyte,PIGC,5,13625,0.0,0.0,0.0,True
primary,Retina 1,Astrocyte,PKIB,5,13625,0.0,0.0,0.0,True
primary,Retina 1,Astrocyte,PLCE1,5,13625,2.0,4.995785518768822,146.78899082568807,True
primary,Retina 1,Astrocyte,PLCE1-AS1,5,13625,,,,False
primary,Retina 1,Astrocyte,PLEKHA7,5,13625,1.0,4.309381952715413,73.39449541284404,True
primary,Retina 1,Astrocyte,PLEKHM1,5,13625,1.0,4.309381952715413,73.39449541284404,True
primary,Retina 1,Astrocyte,PPP1R18,5,13625,0.0,0.0,0.0,True
primary,Retina 1,Astrocyte,PRKCE,5,13625,0.0,0.0,0.0,True
primary,Retina 1,Astrocyte,PROX2,5,13625,,,,False
primary,Retina 1,Astrocyte,PRSS23,5,13625,0.0,0.0,0.0,True
primary,Retina 1,Astrocyte,PSORS1C3,5,13625,,,,False
primary,Retina 1,Astrocyte,RAPSN,5,13625,0.0,0.0,0.0,True
primary,Retina 1,Astrocyte,RERE,5,13625,1.0,4.309381952715413,73.39449541284404,True
primary,Retina 1,Astrocyte,RIC8B,5,13625,2.0,4.995785518768822,146.78899082568807,True
primary,Retina 1,Astrocyte,RORA,5,13625,0.0,0.0,0.0,True
primary,Retina 1,Astrocyte,RP11-123K19.1,5,13625,,,,False
primary,Retina 1,Astrocyte,RP11-136H19.1,5,13625,,,,False
primary,Retina 1,Astrocyte,RP11-149I2.4,5,13625,,,,False
primary,Retina 1,Astrocyte,RP11-162I7.1,5,13625,,,,False
primary,Retina 1,Astrocyte,RP11-17G12.2,5,13625,,,,False
primary,Retina 1,Astrocyte,RP11-205K6.1,5,13625,,,,False
primary,Retina 1,Astrocyte,RP11-217B7.2,5,13625,0.0,0.0,0.0,True
primary,Retina 1,Astrocyte,RP11-259A24.1,5,13625,,,,False
primary,Retina 1,Astrocyte,RP11-259G18.1,5,13625,,,,False
primary,Retina 1,Astrocyte,RP11-259G18.3,5,13625,,,,False
primary,Retina 1,Astrocyte,RP11-293E1.1,5,13625,,,,False
primary,Retina 1,Astrocyte,RP11-293E1.2,5,13625,,,,False
primary,Retina 1,Astrocyte,RP11-302L19.3,5,13625,0.0,0.0,0.0,True
primary,Retina 1,Astrocyte,RP11-403A3.3,5,13625,0.0,0.0,0.0,True
primary,Retina 1,Astrocyte,RP11-412D9.4,5,13625,0.0,0.0,0.0,True
primary,Retina 1,Astrocyte,RP11-507B12.1,5,13625,,,,False
primary,Retina 1,Astrocyte,RP11-507B12.2,5,13625,0.0,0.0,0.0,True
primary,Retina 1,Astrocyte,RP11-669E14.6,5,13625,0.0,0.0,0.0,True
primary,Retina 1,Astrocyte,RP11-707O23.1,5,13625,,,,False
primary,Retina 1,Astrocyte,RP11-750H9.5,5,13625,,,,False
primary,Retina 1,Astrocyte,RP11-755F10.1,5,13625,0.0,0.0,0.0,True
primary,Retina 1,Astrocyte,RP11-762L8.6,5,13625,,,,False
primary,Retina 1,Astrocyte,RP11-770G2.2,5,13625,,,,False
primary,Retina 1,Astrocyte,RP11-798G7.6,5,13625,0.0,0.0,0.0,True
primary,Retina 1,Astrocyte,RP11-798G7.8,5,13625,,,,False
primary,Retina 1,Astrocyte,RP5-1115A15.1,5,13625,0.0,0.0,0.0,True
primary,Retina 1,Astrocyte,RPS26P8,5,13625,,,,False
primary,Retina 1,Astrocyte,SCRN2,5,13625,0.0,0.0,0.0,True
primary,Retina 1,Astrocyte,SEMA3E,5,13625,0.0,0.0,0.0,True
primary,Retina 1,Astrocyte,SEPT7,5,13625,6.0,6.089876666548891,440.3669724770642,True
primary,Retina 1,Astrocyte,SF3A3,5,13625,1.0,4.309381952715413,73.39449541284404,True
primary,Retina 1,Astrocyte,SFTA1P,5,13625,0.0,0.0,0.0,True
primary,Retina 1,Astrocyte,SGSM2,5,13625,0.0,0.0,0.0,True
primary,Retina 1,Astrocyte,SLC25A45,5,13625,0.0,0.0,0.0,True
primary,Retina 1,Astrocyte,SLC39A13,5,13625,0.0,0.0,0.0,True
primary,Retina 1,Astrocyte,SMAD6,5,13625,0.0,0.0,0.0,True
primary,Retina 1,Astrocyte,SNORD14A,5,13625,,,,False
primary,Retina 1,Astrocyte,SSSCA1-AS1,5,13625,,,,False
primary,Retina 1,Astrocyte,TARID,5,13625,0.0,0.0,0.0,True
primary,Retina 1,Astrocyte,TBC1D31,5,13625,0.0,0.0,0.0,True
primary,Retina 1,Astrocyte,TBKBP1,5,13625,0.0,0.0,0.0,True
primary,Retina 1,Astrocyte,TBPL1,5,13625,0.0,0.0,0.0,True
primary,Retina 1,Astrocyte,TGFB3,5,13625,0.0,0.0,0.0,True
primary,Retina 1,Astrocyte,THCAT158,5,13625,0.0,0.0,0.0,True
primary,Retina 1,Astrocyte,THSD7A,5,13625,0.0,0.0,0.0,True
primary,Retina 1,Astrocyte,TIGD3,5,13625,0.0,0.0,0.0,True
primary,Retina 1,Astrocyte,TMEM116,5,13625,0.0,0.0,0.0,True
primary,Retina 1,Astrocyte,TMEM136,5,13625,0.0,0.0,0.0,True
primary,Retina 1,Astrocyte,TMEM181,5,13625,0.0,0.0,0.0,True
primary,Retina 1,Astrocyte,TMEM263,5,13625,1.0,4.309381952715413,73.39449541284404,True
primary,Retina 1,Astrocyte,TRIM26,5,13625,0.0,0.0,0.0,True
primary,Retina 1,Astrocyte,TRIOBP,5,13625,0.0,0.0,0.0,True
primary,Retina 1,Astrocyte,TSC22D2,5,13625,1.0,4.309381952715413,73.39449541284404,True
primary,Retina 1,Astrocyte,TTC28,5,13625,0.0,0.0,0.0,True
primary,Retina 1,Astrocyte,TTLL5,5,13625,0.0,0.0,0.0,True
primary,Retina 1,Astrocyte,TXNDC8,5,13625,,,,False
primary,Retina 1,Astrocyte,TXNRD2,5,13625,1.0,4.309381952715413,73.39449541284404,True
primary,Retina 1,Astrocyte,UTP11,5,13625,0.0,0.0,0.0,True
primary,Retina 1,Astrocyte,VARS2,5,13625,0.0,0.0,0.0,True
primary,Retina 1,Astrocyte,VCAM1,5,13625,0.0,0.0,0.0,True
primary,Retina 1,Astrocyte,WLS,5,13625,0.0,0.0,0.0,True
primary,Retina 1,Astrocyte,WNT2B,5,13625,1.0,4.309381952715413,73.39449541284404,True
primary,Retina 1,Astrocyte,XRCC6P1,5,13625,,,,False
primary,Retina 1,Astrocyte,XXbac-BPG170G13.32,5,13625,0.0,0.0,0.0,True
primary,Retina 1,Astrocyte,XXbac-BPG283O16.9,5,13625,,,,False
primary,Retina 1,Astrocyte,YAP1,5,13625,0.0,0.0,0.0,True
primary,Retina 1,Astrocyte,YIF1A,5,13625,2.0,4.995785518768822,146.78899082568807,True
primary,Retina 1,Astrocyte,ZNF280D,5,13625,0.0,0.0,0.0,True
primary,Retina 1,Astrocyte,ZNF638,5,13625,5.0,5.908008144785617,366.9724770642202,True
primary,Retina 1,Astrocyte,ZNF638-IT1,5,13625,,,,False
primary,Retina 1,Microglia,DGKG,18,34656,0.0,0.0,0.0,True
primary,Retina 1,Microglia,SLC2A12,18,34656,0.0,0.0,0.0,True
primary,Retina 1,Microglia,COL8A2,18,34656,0.0,0.0,0.0,True
primary,Retina 1,Microglia,NPC2,18,34656,42.0,7.100778829060854,1211.9113573407203,True
primary,Retina 1,Microglia,PSMC3,18,34656,3.0,4.472382481934757,86.56509695290859,True
primary,Retina 1,Microglia,RP11-466F5.8,18,34656,0.0,0.0,0.0,True
primary,Retina 1,Microglia,LPP,18,34656,0.0,0.0,0.0,True
primary,Retina 1,Microglia,RP11-121M22.1,18,34656,0.0,0.0,0.0,True
primary,Retina 1,Microglia,ABO,18,34656,0.0,0.0,0.0,True
primary,Retina 1,Microglia,ADAMTS8,18,34656,0.0,0.0,0.0,True
primary,Retina 1,Microglia,CALD1,18,34656,0.0,0.0,0.0,True
primary,Retina 1,Microglia,CHEK2,18,34656,0.0,0.0,0.0,True
primary,Retina 1,Microglia,GAS7,18,34656,0.0,0.0,0.0,True
primary,Retina 1,Microglia,LMX1B,18,34656,,,,False
primary,Retina 1,Microglia,TCF12,18,34656,0.0,0.0,0.0,True
primary,Retina 1,Microglia,TMCO1,18,34656,4.0,4.757205452223876,115.42012927054478,True
primary,Retina 1,Microglia,TRIB2,18,34656,0.0,0.0,0.0,True
primary,Retina 1,Microglia,AC000078.5,18,34656,,,,False
primary,Retina 1,Microglia,AC002066.1,18,34656,,,,False
primary,Retina 1,Microglia,AC012066.1,18,34656,,,,False
primary,Retina 1,Microglia,AC091132.1,18,34656,,,,False
primary,Retina 1,Microglia,ACBD4,18,34656,1.0,3.396353412484928,28.855032317636194,True
primary,Retina 1,Microglia,AFAP1,18,34656,0.0,0.0,0.0,True
primary,Retina 1,Microglia,ALDH2,18,34656,10.0,5.668329109804355,288.550323176362,True
primary,Retina 1,Microglia,AP003068.23,18,34656,0.0,0.0,0.0,True
primary,Retina 1,Microglia,AP5B1,18,34656,0.0,0.0,0.0,True
primary,Retina 1,Microglia,AREL1,18,34656,0.0,0.0,0.0,True
primary,Retina 1,Microglia,ARHGAP27,18,34656,0.0,0.0,0.0,True
primary,Retina 1,Microglia,ARHGEF12,18,34656,0.0,0.0,0.0,True
primary,Retina 1,Microglia,ARL17A,18,34656,1.0,3.396353412484928,28.855032317636194,True
primary,Retina 1,Microglia,ATP5J,18,34656,7.0,5.313133199169029,201.98522622345337,True
primary,Retina 1,Microglia,BICC1,18,34656,0.0,0.0,0.0,True
primary,Retina 1,Microglia,BORA,18,34656,0.0,0.0,0.0,True
primary,Retina 1,Microglia,C1orf109,18,34656,1.0,3.396353412484928,28.855032317636194,True
primary,Retina 1,Microglia,C1orf122,18,34656,1.0,3.396353412484928,28.855032317636194,True
primary,Retina 1,Microglia,C22orf29,18,34656,0.0,0.0,0.0,True
primary,Retina 1,Microglia,C6orf15,18,34656,,,,False
primary,Retina 1,Microglia,CADM1,18,34656,2.0,4.072611170999903,57.71006463527239,True
primary,Retina 1,Microglia,CADM2,18,34656,2.0,4.072611170999903,57.71006463527239,True
primary,Retina 1,Microglia,CAV2,18,34656,0.0,0.0,0.0,True
primary,Retina 1,Microglia,CCDC117,18,34656,0.0,0.0,0.0,True
primary,Retina 1,Microglia,CDC14A,18,34656,0.0,0.0,0.0,True
primary,Retina 1,Microglia,CDKN2A,18,34656,0.0,0.0,0.0,True
primary,Retina 1,Microglia,CDKN2B-AS1,18,34656,0.0,0.0,0.0,True
primary,Retina 1,Microglia,CELF1,18,34656,2.0,4.072611170999903,57.71006463527239,True
primary,Retina 1,Microglia,CLIC5,18,34656,0.0,0.0,0.0,True
primary,Retina 1,Microglia,CMB9-22P13.1,18,34656,,,,False
primary,Retina 1,Microglia,COL11A1,18,34656,0.0,0.0,0.0,True
primary,Retina 1,Microglia,CRHR1,18,34656,0.0,0.0,0.0,True
primary,Retina 1,Microglia,CTA-292E10.6,18,34656,2.0,4.072611170999903,57.71006463527239,True
primary,Retina 1,Microglia,CTB-39G8.3,18,34656,,,,False
primary,Retina 1,Microglia,CTD-2005H7.1,18,34656,0.0,0.0,0.0,True
primary,Retina 1,Microglia,CTD-2020K17.1,18,34656,0.0,0.0,0.0,True
primary,Retina 1,Microglia,CTD-2020K17.3,18,34656,0.0,0.0,0.0,True
primary,Retina 1,Microglia,CTTNBP2,18,34656,1.0,3.396353412484928,28.855032317636194,True
primary,Retina 1,Microglia,DDX39BP2,18,34656,,,,False
primary,Retina 1,Microglia,DIO1,18,34656,,,,False
primary,Retina 1,Microglia,DND1P1,18,34656,,,,False
primary,Retina 1,Microglia,DYSF,18,34656,0.0,0.0,0.0,True
primary,Retina 1,Microglia,EFCAB13,18,34656,0.0,0.0,0.0,True
primary,Retina 1,Microglia,EFEMP1,18,34656,0.0,0.0,0.0,True
primary,Retina 1,Microglia,EHBP1L1,18,34656,0.0,0.0,0.0,True
primary,Retina 1,Microglia,FAM215B,18,34656,1.0,3.396353412484928,28.855032317636194,True
primary,Retina 1,Microglia,FAM83A,18,34656,,,,False
primary,Retina 1,Microglia,FAM83A-AS1,18,34656,,,,False
primary,Retina 1,Microglia,FAM89B,18,34656,0.0,0.0,0.0,True
primary,Retina 1,Microglia,FHL3,18,34656,3.0,4.472382481934757,86.56509695290859,True
primary,Retina 1,Microglia,FLOT1,18,34656,5.0,4.9786296102522805,144.275161588181,True
primary,Retina 1,Microglia,FLVCR2,18,34656,0.0,0.0,0.0,True
primary,Retina 1,Microglia,FMNL1,18,34656,3.0,4.472382481934757,86.56509695290859,True
primary,Retina 1,Microglia,FNDC4,18,34656,0.0,0.0,0.0,True
primary,Retina 1,Microglia,GALR3,18,34656,,,,False
primary,Retina 1,Microglia,GCAT,18,34656,0.0,0.0,0.0,True
primary,Retina 1,Microglia,GLIS1,18,34656,0.0,0.0,0.0,True
primary,Retina 1,Microglia,H1F0,18,34656,3.0,4.472382481934757,86.56509695290859,True
primary,Retina 1,Microglia,HCG4,18,34656,,,,False
primary,Retina 1,Microglia,HCG4B,18,34656,,,,False
primary,Retina 1,Microglia,HCG4P5,18,34656,,,,False
primary,Retina 1,Microglia,HCG4P7,18,34656,,,,False
primary,Retina 1,Microglia,HCG9,18,34656,0.0,0.0,0.0,True
primary,Retina 1,Microglia,HCP5B,18,34656,0.0,0.0,0.0,True
primary,Retina 1,Microglia,HECTD4,18,34656,0.0,0.0,0.0,True
primary,Retina 1,Microglia,HLA-A,18,34656,33.0,6.859841600393065,952.2160664819944,True
primary,Retina 1,Microglia,HLA-C,18,34656,32.0,6.829102724941853,923.3610341643582,True
primary,Retina 1,Microglia,HLA-F,18,34656,0.0,0.0,0.0,True
primary,Retina 1,Microglia,HLA-F-AS1,18,34656,,,,False
primary,Retina 1,Microglia,HLA-G,18,34656,0.0,0.0,0.0,True
primary,Retina 1,Microglia,HLA-H,18,34656,,,,False
primary,Retina 1,Microglia,HLA-J,18,34656,,,,False
primary,Retina 1,Microglia,HLA-L,18,34656,,,,False
primary,Retina 1,Microglia,HLA-T,18,34656,,,,False
primary,Retina 1,Microglia,HLA-U,18,34656,,,,False
primary,Retina 1,Microglia,HLA-V,18,34656,,,,False
primary,Retina 1,Microglia,HLA-W,18,34656,,,,False
primary,Retina 1,Microglia,HSCB,18,34656,2.0,4.072611170999903,57.71006463527239,True
primary,Retina 1,Microglia,HTRA3,18,34656,0.0,0.0,0.0,True
primary,Retina 1,Microglia,IFITM4P,18,34656,,,,False
primary,Retina 1,Microglia,IFT172,18,34656,0.0,0.0,0.0,True
primary,Retina 1,Microglia,INPP5B,18,34656,0.0,0.0,0.0,True
primary,Retina 1,Microglia,ITGB3,18,34656,0.0,0.0,0.0,True
primary,Retina 1,Microglia,KANSL1,18,34656,1.0,3.396353412484928,28.855032317636194,True
primary,Retina 1,Microglia,KANSL1-AS1,18,34656,0.0,0.0,0.0,True
primary,Retina 1,Microglia,KHK,18,34656,0.0,0.0,0.0,True
primary,Retina 1,Microglia,KLF5,18,34656,0.0,0.0,0.0,True
primary,Retina 1,Microglia,KRT8P26,18,34656,,,,False
primary,Retina 1,Microglia,LHPP,18,34656,0.0,0.0,0.0,True
primary,Retina 1,Microglia,LINC01948,18,34656,0.0,0.0,0.0,True
primary,Retina 1,Microglia,LINC02052,18,34656,,,,False
primary,Retina 1,Microglia,LINC02210,18,34656,,,,False
primary,Retina 1,Microglia,LMO4,18,34656,3.0,4.472382481934757,86.56509695290859,True
primary,Retina 1,Microglia,LMO7,18,34656,0.0,0.0,0.0,True
primary,Retina 1,Microglia,LOXL1,18,34656,0.0,0.0,0.0,True
primary,Retina 1,Microglia,LOXL1-AS1,18,34656,0.0,0.0,0.0,True
primary,Retina 1,Microglia,LRRC37A,18,34656,0.0,0.0,0.0,True
primary,Retina 1,Microglia,LRRC37A17P,18,34656,,,,False
primary,Retina 1,Microglia,LRRC37A2,18,34656,0.0,0.0,0.0,True
primary,Retina 1,Microglia,LRRC37A4P,18,34656,,,,False
primary,Retina 1,Microglia,LRWD1,18,34656,0.0,0.0,0.0,True
primary,Retina 1,Microglia,LTBP2,18,34656,0.0,0.0,0.0,True
primary,Retina 1,Microglia,LTBP3,18,34656,0.0,0.0,0.0,True
primary,Retina 1,Microglia,MADD,18,34656,0.0,0.0,0.0,True
primary,Retina 1,Microglia,MAPK8IP1P1,18,34656,,,,False
primary,Retina 1,Microglia,MAPK8IP1P2,18,34656,,,,False
primary,Retina 1,Microglia,MAPT,18,34656,0.0,0.0,0.0,True
primary,Retina 1,Microglia,MAPT-AS1,18,34656,0.0,0.0,0.0,True
primary,Retina 1,Microglia,MAPT-IT1,18,34656,,,,False
primary,Retina 1,Microglia,ME3,18,34656,1.0,3.396353412484928,28.855032317636194,True
primary,Retina 1,Microglia,MICE,18,34656,,,,False
primary,Retina 1,Microglia,MOV10,18,34656,0.0,0.0,0.0,True
primary,Retina 1,Microglia,MRPL33,18,34656,4.0,4.757205452223876,115.42012927054478,True
primary,Retina 1,Microglia,MTCH2,18,34656,0.0,0.0,0.0,True
primary,Retina 1,Microglia,MVB12B,18,34656,0.0,0.0,0.0,True
primary,Retina 1,Microglia,Metazoa_SRP,18,34656,,,,False
primary,Retina 1,Microglia,NEAT1,18,34656,62.0,7.489977604786307,1789.012003693444,True
primary,Retina 1,Microglia,NMT1,18,34656,0.0,0.0,0.0,True
primary,Retina 1,Microglia,NPEPPS,18,34656,0.0,0.0,0.0,True
primary,Retina 1,Microglia,NRBP1,18,34656,1.0,3.396353412484928,28.855032317636194,True
primary,Retina 1,Microglia,NSF,18,34656,1.0,3.396353412484928,28.855032317636194,True
primary,Retina 1,Microglia,NUCB2,18,34656,0.0,0.0,0.0,True
primary,Retina 1,Microglia,NUDT7,18,34656,0.0,0.0,0.0,True
primary,Retina 1,Microglia,PDE6C,18,34656,0.0,0.0,0.0,True
primary,Retina 1,Microglia,PGAM1P8,18,34656,,,,False
primary,Retina 1,Microglia,PIBF1,18,34656,1.0,3.396353412484928,28.855032317636194,True
primary,Retina 1,Microglia,PIGC,18,34656,0.0,0.0,0.0,True
primary,Retina 1,Microglia,PKIB,18,34656,3.0,4.472382481934757,86.56509695290859,True
primary,Retina 1,Microglia,PLCE1,18,34656,0.0,0.0,0.0,True
primary,Retina 1,Microglia,PLCE1-AS1,18,34656,,,,False
primary,Retina 1,Microglia,PLEKHA7,18,34656,0.0,0.0,0.0,True
primary,Retina 1,Microglia,PLEKHM1,18,34656,1.0,3.396353412484928,28.855032317636194,True
primary,Retina 1,Microglia,PPP1R18,18,34656,1.0,3.396353412484928,28.855032317636194,True
primary,Retina 1,Microglia,PRKCE,18,34656,0.0,0.0,0.0,True
primary,Retina 1,Microglia,PROX2,18,34656,,,,False
primary,Retina 1,Microglia,PRSS23,18,34656,0.0,0.0,0.0,True
primary,Retina 1,Microglia,PSORS1C3,18,34656,,,,False
primary,Retina 1,Microglia,RAPSN,18,34656,0.0,0.0,0.0,True
primary,Retina 1,Microglia,RERE,18,34656,0.0,0.0,0.0,True
primary,Retina 1,Microglia,RIC8B,18,34656,0.0,0.0,0.0,True
primary,Retina 1,Microglia,RORA,18,34656,0.0,0.0,0.0,True
primary,Retina 1,Microglia,RP11-123K19.1,18,34656,,,,False
primary,Retina 1,Microglia,RP11-136H19.1,18,34656,,,,False
primary,Retina 1,Microglia,RP11-149I2.4,18,34656,,,,False
primary,Retina 1,Microglia,RP11-162I7.1,18,34656,,,,False
primary,Retina 1,Microglia,RP11-17G12.2,18,34656,,,,False
primary,Retina 1,Microglia,RP11-205K6.1,18,34656,,,,False
primary,Retina 1,Microglia,RP11-217B7.2,18,34656,0.0,0.0,0.0,True
primary,Retina 1,Microglia,RP11-259A24.1,18,34656,,,,False
primary,Retina 1,Microglia,RP11-259G18.1,18,34656,,,,False
primary,Retina 1,Microglia,RP11-259G18.3,18,34656,,,,False
primary,Retina 1,Microglia,RP11-293E1.1,18,34656,,,,False
primary,Retina 1,Microglia,RP11-293E1.2,18,34656,,,,False
primary,Retina 1,Microglia,RP11-302L19.3,18,34656,0.0,0.0,0.0,True
primary,Retina 1,Microglia,RP11-403A3.3,18,34656,0.0,0.0,0.0,True
primary,Retina 1,Microglia,RP11-412D9.4,18,34656,0.0,0.0,0.0,True
primary,Retina 1,Microglia,RP11-507B12.1,18,34656,,,,False
primary,Retina 1,Microglia,RP11-507B12.2,18,34656,0.0,0.0,0.0,True
primary,Retina 1,Microglia,RP11-669E14.6,18,34656,0.0,0.0,0.0,True
primary,Retina 1,Microglia,RP11-707O23.1,18,34656,,,,False
primary,Retina 1,Microglia,RP11-750H9.5,18,34656,,,,False
primary,Retina 1,Microglia,RP11-755F10.1,18,34656,0.0,0.0,0.0,True
primary,Retina 1,Microglia,RP11-762L8.6,18,34656,,,,False
primary,Retina 1,Microglia,RP11-770G2.2,18,34656,,,,False
primary,Retina 1,Microglia,RP11-798G7.6,18,34656,0.0,0.0,0.0,True
primary,Retina 1,Microglia,RP11-798G7.8,18,34656,,,,False
primary,Retina 1,Microglia,RP5-1115A15.1,18,34656,0.0,0.0,0.0,True
primary,Retina 1,Microglia,RPS26P8,18,34656,,,,False
primary,Retina 1,Microglia,SCRN2,18,34656,1.0,3.396353412484928,28.855032317636194,True
primary,Retina 1,Microglia,SEMA3E,18,34656,0.0,0.0,0.0,True
primary,Retina 1,Microglia,SEPT7,18,34656,6.0,5.159803260259943,173.13019390581718,True
primary,Retina 1,Microglia,SF3A3,18,34656,1.0,3.396353412484928,28.855032317636194,True
primary,Retina 1,Microglia,SFTA1P,18,34656,0.0,0.0,0.0,True
primary,Retina 1,Microglia,SGSM2,18,34656,1.0,3.396353412484928,28.855032317636194,True
primary,Retina 1,Microglia,SLC25A45,18,34656,2.0,4.072611170999903,57.71006463527239,True
primary,Retina 1,Microglia,SLC39A13,18,34656,1.0,3.396353412484928,28.855032317636194,True
primary,Retina 1,Microglia,SMAD6,18,34656,0.0,0.0,0.0,True
primary,Retina 1,Microglia,SNORD14A,18,34656,,,,False
primary,Retina 1,Microglia,SSSCA1-AS1,18,34656,,,,False
primary,Retina 1,Microglia,TARID,18,34656,0.0,0.0,0.0,True
primary,Retina 1,Microglia,TBC1D31,18,34656,0.0,0.0,0.0,True
primary,Retina 1,Microglia,TBKBP1,18,34656,0.0,0.0,0.0,True
primary,Retina 1,Microglia,TBPL1,18,34656,0.0,0.0,0.0,True
primary,Retina 1,Microglia,TGFB3,18,34656,0.0,0.0,0.0,True
primary,Retina 1,Microglia,THCAT158,18,34656,0.0,0.0,0.0,True
primary,Retina 1,Microglia,THSD7A,18,34656,0.0,0.0,0.0,True
primary,Retina 1,Microglia,TIGD3,18,34656,0.0,0.0,0.0,True
primary,Retina 1,Microglia,TMEM116,18,34656,0.0,0.0,0.0,True
primary,Retina 1,Microglia,TMEM136,18,34656,0.0,0.0,0.0,True
primary,Retina 1,Microglia,TMEM181,18,34656,0.0,0.0,0.0,True
primary,Retina 1,Microglia,TMEM263,18,34656,0.0,0.0,0.0,True
primary,Retina 1,Microglia,TRIM26,18,34656,0.0,0.0,0.0,True
primary,Retina 1,Microglia,TRIOBP,18,34656,0.0,0.0,0.0,True
primary,Retina 1,Microglia,TSC22D2,18,34656,0.0,0.0,0.0,True
primary,Retina 1,Microglia,TTC28,18,34656,0.0,0.0,0.0,True
primary,Retina 1,Microglia,TTLL5,18,34656,0.0,0.0,0.0,True
primary,Retina 1,Microglia,TXNDC8,18,34656,,,,False
primary,Retina 1,Microglia,TXNRD2,18,34656,0.0,0.0,0.0,True
primary,Retina 1,Microglia,UTP11,18,34656,0.0,0.0,0.0,True
primary,Retina 1,Microglia,VARS2,18,34656,0.0,0.0,0.0,True
primary,Retina 1,Microglia,VCAM1,18,34656,0.0,0.0,0.0,True
primary,Retina 1,Microglia,WLS,18,34656,1.0,3.396353412484928,28.855032317636194,True
primary,Retina 1,Microglia,WNT2B,18,34656,0.0,0.0,0.0,True
primary,Retina 1,Microglia,XRCC6P1,18,34656,,,,False
primary,Retina 1,Microglia,XXbac-BPG170G13.32,18,34656,0.0,0.0,0.0,True
primary,Retina 1,Microglia,XXbac-BPG283O16.9,18,34656,,,,False
primary,Retina 1,Microglia,YAP1,18,34656,0.0,0.0,0.0,True
primary,Retina 1,Microglia,YIF1A,18,34656,0.0,0.0,0.0,True
primary,Retina 1,Microglia,ZNF280D,18,34656,1.0,3.396353412484928,28.855032317636194,True
primary,Retina 1,Microglia,ZNF638,18,34656,1.0,3.396353412484928,28.855032317636194,True
primary,Retina 1,Microglia,ZNF638-IT1,18,34656,,,,False
primary,Retina 2,Rod,DGKG,7403,18504244,0.0,0.0,0.0,True
primary,Retina 2,Rod,SLC2A12,7403,18504244,0.0,0.0,0.0,True
primary,Retina 2,Rod,COL8A2,7403,18504244,0.0,0.0,0.0,True
primary,Retina 2,Rod,NPC2,7403,18504244,1076.0,4.080056683344778,58.14882250796088,True
primary,Retina 2,Rod,PSMC3,7403,18504244,1356.0,4.307848284088489,73.28048635761613,True
primary,Retina 2,Rod,RP11-466F5.8,7403,18504244,58.0,1.4193461052375862,3.1344160831428725,True
primary,Retina 2,Rod,LPP,7403,18504244,49.0,1.2941903587957784,2.648041173689668,True
primary,Retina 2,Rod,RP11-121M22.1,7403,18504244,15.0,0.5936720061938313,0.8106248490886739,True
primary,Retina 2,Rod,ABO,7403,18504244,0.0,0.0,0.0,True
primary,Retina 2,Rod,ADAMTS8,7403,18504244,1.0,0.05263197173468181,0.05404165660591159,True
primary,Retina 2,Rod,CALD1,7403,18504244,41.0,1.1680475265586867,2.2157079208423753,True
primary,Retina 2,Rod,CHEK2,7403,18504244,7.0,0.32084475850847693,0.37829159624138115,True
primary,Retina 2,Rod,GAS7,7403,18504244,507.0,3.346358155222089,27.399119899197178,True
primary,Retina 2,Rod,LMX1B,7403,18504244,,,,False
primary,Retina 2,Rod,TCF12,7403,18504244,293.0,2.823412851352482,15.834205385532098,True
primary,Retina 2,Rod,TMCO1,7403,18504244,3124.0,5.1347751798003065,168.82613523686783,True
primary,Retina 2,Rod,TRIB2,7403,18504244,969.0,3.9771806833072727,52.366365251128336,True
primary,Retina 2,Rod,AC000078.5,7403,18504244,,,,False
primary,Retina 2,Rod,AC002066.1,7403,18504244,,,,False
primary,Retina 2,Rod,AC012066.1,7403,18504244,,,,False
primary,Retina 2,Rod,AC091132.1,7403,18504244,,,,False
primary,Retina 2,Rod,ACBD4,7403,18504244,317.0,2.897634494927894,17.131205144073977,True
primary,Retina 2,Rod,AFAP1,7403,18504244,0.0,0.0,0.0,True
primary,Retina 2,Rod,ALDH2,7403,18504244,1313.0,4.276064481451271,70.95669512356193,True
primary,Retina 2,Rod,AP003068.23,7403,18504244,51.0,1.3233877042742839,2.7561244869014914,True
primary,Retina 2,Rod,AP5B1,7403,18504244,79.0,1.6618957940813166,4.269290871867016,True
primary,Retina 2,Rod,AREL1,7403,18504244,121.0,2.020094912557432,6.539040449315303,True
primary,Retina 2,Rod,ARHGAP27,7403,18504244,19.0,0.7064539887257918,1.0267914755123204,True
primary,Retina 2,Rod,ARHGEF12,7403,18504244,812.0,3.8040329280345984,43.88182516400022,True
primary,Retina 2,Rod,ARL17A,7403,18504244,469.0,3.2712988848607454,25.345536948172537,True
primary,Retina 2,Rod,ATP5J,7403,18504244,11194.0,6.406784773692824,604.9423040465743,True
primary,Retina 2,Rod,BICC1,7403,18504244,0.0,0.0,0.0,True
primary,Retina 2,Rod,BORA,7403,18504244,76.0,1.6306446323638928,4.107165902049282,True
primary,Retina 2,Rod,C1orf109,7403,18504244,360.0,3.018227174315992,19.454996378128175,True
primary,Retina 2,Rod,C1orf122,7403,18504244,3071.0,5.117765807004865,165.9619274367545,True
primary,Retina 2,Rod,C22orf29,7403,18504244,199.0,2.4642182518017597,10.754289664576408,True
primary,Retina 2,Rod,C6orf15,7403,18504244,,,,False
primary,Retina 2,Rod,CADM1,7403,18504244,12258.0,6.4974423793104155,662.4426266752644,True
primary,Retina 2,Rod,CADM2,7403,18504244,10655.0,6.357519599441061,575.8138511359881,True
primary,Retina 2,Rod,CAV2,7403,18504244,12.0,0.4998657102939403,0.6484998792709391,True
primary,Retina 2,Rod,CCDC117,7403,18504244,226.0,2.581232555457203,12.21341439293602,True
primary,Retina 2,Rod,CDC14A,7403,18504244,42.0,1.184713400156529,2.269749577448287,True
primary,Retina 2,Rod,CDKN2A,7403,18504244,0.0,0.0,0.0,True
primary,Retina 2,Rod,CDKN2B-AS1,7403,18504244,1.0,0.05263197173468181,0.05404165660591159,True
primary,Retina 2,Rod,CELF1,7403,18504244,581.0,3.478102942494917,31.398202488034638,True
primary,Retina 2,Rod,CLIC5,7403,18504244,3.0,0.15025019982226778,0.16212496981773478,True
primary,Retina 2,Rod,CMB9-22P13.1,7403,18504244,,,,False
primary,Retina 2,Rod,COL11A1,7403,18504244,0.0,0.0,0.0,True
primary,Retina 2,Rod,CRHR1,7403,18504244,0.0,0.0,0.0,True
primary,Retina 2,Rod,CTA-292E10.6,7403,18504244,245.0,2.656069362933284,13.24020586844834,True
primary,Retina 2,Rod,CTB-39G8.3,7403,18504244,,,,False
primary,Retina 2,Rod,CTD-2005H7.1,7403,18504244,2.0,0.10263177792772635,0.10808331321182318,True
primary,Retina 2,Rod,CTD-2020K17.1,7403,18504244,5.0,0.2391808894090576,0.27020828302955796,True
primary,Retina 2,Rod,CTD-2020K17.3,7403,18504244,2.0,0.10263177792772635,0.10808331321182318,True
primary,Retina 2,Rod,CTTNBP2,7403,18504244,4.0,0.1957038024653738,0.21616662642364637,True
primary,Retina 2,Rod,DDX39BP2,7403,18504244,,,,False
primary,Retina 2,Rod,DIO1,7403,18504244,,,,False
primary,Retina 2,Rod,DND1P1,7403,18504244,,,,False
primary,Retina 2,Rod,DYSF,7403,18504244,5.0,0.2391808894090576,0.27020828302955796,True
primary,Retina 2,Rod,EFCAB13,7403,18504244,41.0,1.1680475265586867,2.2157079208423753,True
primary,Retina 2,Rod,EFEMP1,7403,18504244,3.0,0.15025019982226778,0.16212496981773478,True
primary,Retina 2,Rod,EHBP1L1,7403,18504244,1.0,0.05263197173468181,0.05404165660591159,True
primary,Retina 2,Rod,FAM215B,7403,18504244,1345.0,4.299813203678435,72.6860281349511,True
primary,Retina 2,Rod,FAM83A,7403,18504244,,,,False
primary,Retina 2,Rod,FAM83A-AS1,7403,18504244,,,,False
primary,Retina 2,Rod,FAM89B,7403,18504244,29.0,0.94281894323749,1.5672080415714362,True
primary,Retina 2,Rod,FHL3,7403,18504244,0.0,0.0,0.0,True
primary,Retina 2,Rod,FLOT1,7403,18504244,446.0,3.222970583738001,24.10257884623657,True
primary,Retina 2,Rod,FLVCR2,7403,18504244,0.0,0.0,0.0,True
primary,Retina 2,Rod,FMNL1,7403,18504244,2.0,0.10263177792772635,0.10808331321182318,True
primary,Retina 2,Rod,FNDC4,7403,18504244,95.0,1.8138401171125877,5.133957377561601,True
primary,Retina 2,Rod,GALR3,7403,18504244,,,,False
primary,Retina 2,Rod,GCAT,7403,18504244,3.0,0.15025019982226778,0.16212496981773478,True
primary,Retina 2,Rod,GLIS1,7403,18504244,0.0,0.0,0.0,True
primary,Retina 2,Rod,H1F0,7403,18504244,16.0,0.6230822197841173,0.8646665056945855,True
primary,Retina 2,Rod,HCG4,7403,18504244,,,,False
primary,Retina 2,Rod,HCG4B,7403,18504244,,,,False
primary,Retina 2,Rod,HCG4P5,7403,18504244,,,,False
primary,Retina 2,Rod,HCG4P7,7403,18504244,,,,False
primary,Retina 2,Rod,HCG9,7403,18504244,0.0,0.0,0.0,True
primary,Retina 2,Rod,HCP5B,7403,18504244,0.0,0.0,0.0,True
primary,Retina 2,Rod,HECTD4,7403,18504244,317.0,2.897634494927894,17.131205144073977,True
primary,Retina 2,Rod,HLA-A,7403,18504244,24.0,0.831603818588052,1.2969997585418782,True
primary,Retina 2,Rod,HLA-C,7403,18504244,60.0,1.4451525758409534,3.2424993963546958,True
primary,Retina 2,Rod,HLA-F,7403,18504244,1.0,0.05263197173468181,0.05404165660591159,True
primary,Retina 2,Rod,HLA-F-AS1,7403,18504244,,,,False
primary,Retina 2,Rod,HLA-G,7403,18504244,0.0,0.0,0.0,True
primary,Retina 2,Rod,HLA-H,7403,18504244,,,,False
primary,Retina 2,Rod,HLA-J,7403,18504244,,,,False
primary,Retina 2,Rod,HLA-L,7403,18504244,,,,False
primary,Retina 2,Rod,HLA-T,7403,18504244,,,,False
primary,Retina 2,Rod,HLA-U,7403,18504244,,,,False
primary,Retina 2,Rod,HLA-V,7403,18504244,,,,False
primary,Retina 2,Rod,HLA-W,7403,18504244,,,,False
primary,Retina 2,Rod,HSCB,7403,18504244,202.0,2.477916830686921,10.916414634394142,True
primary,Retina 2,Rod,HTRA3,7403,18504244,0.0,0.0,0.0,True
primary,Retina 2,Rod,IFITM4P,7403,18504244,,,,False
primary,Retina 2,Rod,IFT172,7403,18504244,513.0,3.3577110715180947,27.72336983883265,True
primary,Retina 2,Rod,INPP5B,7403,18504244,108.0,1.9222757458316326,5.836498913438453,True
primary,Retina 2,Rod,ITGB3,7403,18504244,0.0,0.0,0.0,True
primary,Retina 2,Rod,KANSL1,7403,18504244,2561.0,4.937352394783156,138.4006825677396,True
primary,Retina 2,Rod,KANSL1-AS1,7403,18504244,565.0,3.451051613870343,30.53353598234005,True
primary,Retina 2,Rod,KHK,7403,18504244,62.0,1.4703097923514474,3.350582709566519,True
primary,Retina 2,Rod,KLF5,7403,18504244,1.0,0.05263197173468181,0.05404165660591159,True
primary,Retina 2,Rod,KRT8P26,7403,18504244,,,,False
primary,Retina 2,Rod,LHPP,7403,18504244,160.0,2.2666122656671273,8.646665056945855,True
primary,Retina 2,Rod,LINC01948,7403,18504244,0.0,0.0,0.0,True
primary,Retina 2,Rod,LINC02052,7403,18504244,,,,False
primary,Retina 2,Rod,LINC02210,7403,18504244,,,,False
primary,Retina 2,Rod,LMO4,7403,18504244,59.0,1.432332584969991,3.188457739748784,True
primary,Retina 2,Rod,LMO7,7403,18504244,140.0,2.1477812578038122,7.565831924827624,True
primary,Retina 2,Rod,LOXL1,7403,18504244,0.0,0.0,0.0,True
primary,Retina 2,Rod,LOXL1-AS1,7403,18504244,2.0,0.10263177792772635,0.10808331321182318,True
primary,Retina 2,Rod,LRRC37A,7403,18504244,73.0,1.598385242539213,3.9450409322315463,True
primary,Retina 2,Rod,LRRC37A17P,7403,18504244,,,,False
primary,Retina 2,Rod,LRRC37A2,7403,18504244,181.0,2.3778353981063165,9.781539845669998,True
primary,Retina 2,Rod,LRRC37A4P,7403,18504244,,,,False
primary,Retina 2,Rod,LRWD1,7403,18504244,288.0,2.807231490755905,15.563997102502539,True
primary,Retina 2,Rod,LTBP2,7403,18504244,6.0,0.28084621585855957,0.32424993963546955,True
primary,Retina 2,Rod,LTBP3,7403,18504244,50.0,1.3088955883730646,2.7020828302955797,True
primary,Retina 2,Rod,MADD,7403,18504244,944.0,3.9515383643225794,51.015323835980546,True
primary,Retina 2,Rod,MAPK8IP1P1,7403,18504244,,,,False
primary,Retina 2,Rod,MAPK8IP1P2,7403,18504244,,,,False
primary,Retina 2,Rod,MAPT,7403,18504244,77.0,1.641170575109554,4.161207558655192,True
primary,Retina 2,Rod,MAPT-AS1,7403,18504244,3.0,0.15025019982226778,0.16212496981773478,True
primary,Retina 2,Rod,MAPT-IT1,7403,18504244,,,,False
primary,Retina 2,Rod,ME3,7403,18504244,9.0,0.39634020885773624,0.48637490945320433,True
primary,Retina 2,Rod,MICE,7403,18504244,,,,False
primary,Retina 2,Rod,MOV10,7403,18504244,3.0,0.15025019982226778,0.16212496981773478,True
primary,Retina 2,Rod,MRPL33,7403,18504244,4970.0,5.596891281929652,268.5870333313806,True
primary,Retina 2,Rod,MTCH2,7403,18504244,1619.0,4.482928448081486,87.49344204497088,True
primary,Retina 2,Rod,MVB12B,7403,18504244,82.0,1.6921998442829507,4.431415841684751,True
primary,Retina 2,Rod,Metazoa_SRP,7403,18504244,,,,False
primary,Retina 2,Rod,NEAT1,7403,18504244,320.0,2.9065365187596197,17.29333011389171,True
primary,Retina 2,Rod,NMT1,7403,18504244,2379.0,4.8641834657530065,128.5651010654637,True
primary,Retina 2,Rod,NPEPPS,7403,18504244,1419.0,4.352663613834685,76.68511072378855,True
primary,Retina 2,Rod,NRBP1,7403,18504244,1038.0,4.044720742905143,56.095239556936235,True
primary,Retina 2,Rod,NSF,7403,18504244,2036.0,4.709789742850461,110.02881284963601,True
primary,Retina 2,Rod,NUCB2,7403,18504244,3949.0,5.367892410910946,213.41050193674488,True
primary,Retina 2,Rod,NUDT7,7403,18504244,236.0,2.6213174005062196,12.753830958995136,True
primary,Retina 2,Rod,PDE6C,7403,18504244,3.0,0.15025019982226778,0.16212496981773478,True
primary,Retina 2,Rod,PGAM1P8,7403,18504244,,,,False
primary,Retina 2,Rod,PIBF1,7403,18504244,587.0,3.4880614608716973,31.722452427670106,True
primary,Retina 2,Rod,PIGC,7403,18504244,779.0,3.763487045094646,42.098450496005135,True
primary,Retina 2,Rod,PKIB,7403,18504244,4956.0,5.594080883999832,267.83045013889785,True
primary,Retina 2,Rod,PLCE1,7403,18504244,215.0,2.535200141352355,11.618956170270993,True
primary,Retina 2,Rod,PLCE1-AS1,7403,18504244,,,,False
primary,Retina 2,Rod,PLEKHA7,7403,18504244,136.0,2.1222214540359023,7.349665298403977,True
primary,Retina 2,Rod,PLEKHM1,7403,18504244,65.0,1.506897345732212,3.5127076793842535,True
primary,Retina 2,Rod,PPP1R18,7403,18504244,112.0,1.9534056361264582,6.052665539862098,True
primary,Retina 2,Rod,PRKCE,7403,18504244,41.0,1.1680475265586867,2.2157079208423753,True
primary,Retina 2,Rod,PROX2,7403,18504244,,,,False
primary,Retina 2,Rod,PRSS23,7403,18504244,0.0,0.0,0.0,True
primary,Retina 2,Rod,PSORS1C3,7403,18504244,,,,False
primary,Retina 2,Rod,RAPSN,7403,18504244,0.0,0.0,0.0,True
primary,Retina 2,Rod,RERE,7403,18504244,1441.0,4.367851986954806,77.8740271691186,True
primary,Retina 2,Rod,RIC8B,7403,18504244,783.0,3.768490155927041,42.31461712242878,True
primary,Retina 2,Rod,RORA,7403,18504244,3139.0,5.1395370871448005,169.6367600859565,True
primary,Retina 2,Rod,RP11-123K19.1,7403,18504244,,,,False
primary,Retina 2,Rod,RP11-136H19.1,7403,18504244,,,,False
primary,Retina 2,Rod,RP11-149I2.4,7403,18504244,,,,False
primary,Retina 2,Rod,RP11-162I7.1,7403,18504244,,,,False
primary,Retina 2,Rod,RP11-17G12.2,7403,18504244,,,,False
primary,Retina 2,Rod,RP11-205K6.1,7403,18504244,,,,False
primary,Retina 2,Rod,RP11-217B7.2,7403,18504244,8.0,0.35930475993249134,0.43233325284729274,True
primary,Retina 2,Rod,RP11-259A24.1,7403,18504244,,,,False
primary,Retina 2,Rod,RP11-259G18.1,7403,18504244,,,,False
primary,Retina 2,Rod,RP11-259G18.3,7403,18504244,,,,False
primary,Retina 2,Rod,RP11-293E1.1,7403,18504244,,,,False
primary,Retina 2,Rod,RP11-293E1.2,7403,18504244,,,,False
primary,Retina 2,Rod,RP11-302L19.3,7403,18504244,1.0,0.05263197173468181,0.05404165660591159,True
primary,Retina 2,Rod,RP11-403A3.3,7403,18504244,0.0,0.0,0.0,True
primary,Retina 2,Rod,RP11-412D9.4,7403,18504244,670.0,3.6165213710943327,36.20790992596077,True
primary,Retina 2,Rod,RP11-507B12.1,7403,18504244,,,,False
primary,Retina 2,Rod,RP11-507B12.2,7403,18504244,0.0,0.0,0.0,True
primary,Retina 2,Rod,RP11-669E14.6,7403,18504244,8.0,0.35930475993249134,0.43233325284729274,True
primary,Retina 2,Rod,RP11-707O23.1,7403,18504244,,,,False
primary,Retina 2,Rod,RP11-750H9.5,7403,18504244,,,,False
primary,Retina 2,Rod,RP11-755F10.1,7403,18504244,1.0,0.05263197173468181,0.05404165660591159,True
primary,Retina 2,Rod,RP11-762L8.6,7403,18504244,,,,False
primary,Retina 2,Rod,RP11-770G2.2,7403,18504244,,,,False
primary,Retina 2,Rod,RP11-798G7.6,7403,18504244,32.0,1.0040572611738567,1.729333011389171,True
primary,Retina 2,Rod,RP11-798G7.8,7403,18504244,,,,False
primary,Retina 2,Rod,RP5-1115A15.1,7403,18504244,1.0,0.05263197173468181,0.05404165660591159,True
primary,Retina 2,Rod,RPS26P8,7403,18504244,,,,False
primary,Retina 2,Rod,SCRN2,7403,18504244,422.0,3.1699199686557775,22.805579087694692,True
primary,Retina 2,Rod,SEMA3E,7403,18504244,7.0,0.32084475850847693,0.37829159624138115,True
primary,Retina 2,Rod,SEPT7,7403,18504244,4417.0,5.479396473605507,238.7019972283115,True
primary,Retina 2,Rod,SF3A3,7403,18504244,1089.0,4.091864222785836,58.85136404383773,True
primary,Retina 2,Rod,SFTA1P,7403,18504244,0.0,0.0,0.0,True
primary,Retina 2,Rod,SGSM2,7403,18504244,213.0,2.526598094791351,11.51087285705917,True
primary,Retina 2,Rod,SLC25A45,7403,18504244,4.0,0.1957038024653738,0.21616662642364637,True
primary,Retina 2,Rod,SLC39A13,7403,18504244,152.0,2.2207600767290967,8.214331804098563,True
primary,Retina 2,Rod,SMAD6,7403,18504244,1.0,0.05263197173468181,0.05404165660591159,True
primary,Retina 2,Rod,SNORD14A,7403,18504244,,,,False
primary,Retina 2,Rod,SSSCA1-AS1,7403,18504244,,,,False
primary,Retina 2,Rod,TARID,7403,18504244,0.0,0.0,0.0,True
primary,Retina 2,Rod,TBC1D31,7403,18504244,106.0,1.9063396924968932,5.728415600226629,True
primary,Retina 2,Rod,TBKBP1,7403,18504244,45.0,1.2331066271306919,2.431874547266022,True
primary,Retina 2,Rod,TBPL1,7403,18504244,690.0,3.645155938052478,37.288743058079,True
primary,Retina 2,Rod,TGFB3,7403,18504244,20.0,0.732768357804389,1.0808331321182318,True
primary,Retina 2,Rod,THCAT158,7403,18504244,2.0,0.10263177792772635,0.10808331321182318,True
primary,Retina 2,Rod,THSD7A,7403,18504244,3.0,0.15025019982226778,0.16212496981773478,True
primary,Retina 2,Rod,TIGD3,7403,18504244,74.0,1.6092544133666677,3.999082588837458,True
primary,Retina 2,Rod,TMEM116,7403,18504244,385.0,3.082186894442184,20.806037793275966,True
primary,Retina 2,Rod,TMEM136,7403,18504244,4207.0,5.430893769181925,227.35324934107007,True
primary,Retina 2,Rod,TMEM181,7403,18504244,159.0,2.2609944073085013,8.592623400339944,True
primary,Retina 2,Rod,TMEM263,7403,18504244,305.0,2.861212121685433,16.482705264803037,True
primary,Retina 2,Rod,TRIM26,7403,18504244,461.0,3.2547526339903756,24.913203695325244,True
primary,Retina 2,Rod,TRIOBP,7403,18504244,32.0,1.0040572611738567,1.729333011389171,True
primary,Retina 2,Rod,TSC22D2,7403,18504244,288.0,2.807231490755905,15.563997102502539,True
primary,Retina 2,Rod,TTC28,7403,18504244,228.0,2.5893790991927848,12.321497706147843,True
primary,Retina 2,Rod,TTLL5,7403,18504244,817.0,3.810035316435317,44.15203344702977,True
primary,Retina 2,Rod,TXNDC8,7403,18504244,,,,False
primary,Retina 2,Rod,TXNRD2,7403,18504244,213.0,2.526598094791351,11.51087285705917,True
primary,Retina 2,Rod,UTP11,7403,18504244,522.0,3.3745023778570475,28.209744748285853,True
primary,Retina 2,Rod,VARS2,7403,18504244,77.0,1.641170575109554,4.161207558655192,True
primary,Retina 2,Rod,VCAM1,7403,18504244,0.0,0.0,0.0,True
primary,Retina 2,Rod,WLS,7403,18504244,3138.0,5.139220331153655,169.5827184293506,True
primary,Retina 2,Rod,WNT2B,7403,18504244,534.0,3.3964610036300815,28.858244627556793,True
primary,Retina 2,Rod,XRCC6P1,7403,18504244,,,,False
primary,Retina 2,Rod,XXbac-BPG170G13.32,7403,18504244,0.0,0.0,0.0,True
primary,Retina 2,Rod,XXbac-BPG283O16.9,7403,18504244,,,,False
primary,Retina 2,Rod,YAP1,7403,18504244,15.0,0.5936720061938313,0.8106248490886739,True
primary,Retina 2,Rod,YIF1A,7403,18504244,1340.0,4.296139441715096,72.41581985192154,True
primary,Retina 2,Rod,ZNF280D,7403,18504244,848.0,3.8464668958283523,45.827324801813035,True
primary,Retina 2,Rod,ZNF638,7403,18504244,2280.0,4.822013750485869,123.21497706147844,True
primary,Retina 2,Rod,ZNF638-IT1,7403,18504244,,,,False
primary,Retina 2,Cone,DGKG,159,1250336,0.0,0.0,0.0,True
primary,Retina 2,Cone,SLC2A12,159,1250336,0.0,0.0,0.0,True
primary,Retina 2,Cone,COL8A2,159,1250336,0.0,0.0,0.0,True
primary,Retina 2,Cone,NPC2,159,1250336,113.0,4.514979655495065,90.37570700995572,True
primary,Retina 2,Cone,PSMC3,159,1250336,110.0,4.4883706260725456,87.97635195659407,True
primary,Retina 2,Cone,RP11-466F5.8,159,1250336,1.0,0.5876672232065875,0.7997850177872188,True
primary,Retina 2,Cone,LPP,159,1250336,20.0,2.8329603918161648,15.995700355744376,True
primary,Retina 2,Cone,RP11-121M22.1,159,1250336,1.0,0.5876672232065875,0.7997850177872188,True
primary,Retina 2,Cone,ABO,159,1250336,0.0,0.0,0.0,True
primary,Retina 2,Cone,ADAMTS8,159,1250336,0.0,0.0,0.0,True
primary,Retina 2,Cone,CALD1,159,1250336,1.0,0.5876672232065875,0.7997850177872188,True
primary,Retina 2,Cone,CHEK2,159,1250336,0.0,0.0,0.0,True
primary,Retina 2,Cone,GAS7,159,1250336,139.0,4.720016624927899,111.17011747242341,True
primary,Retina 2,Cone,LMX1B,159,1250336,,,,False
primary,Retina 2,Cone,TCF12,159,1250336,31.0,3.250116146598197,24.793335551403782,True
primary,Retina 2,Cone,TMCO1,159,1250336,233.0,5.232978040288535,186.34990914442199,True
primary,Retina 2,Cone,TRIB2,159,1250336,46.0,3.632047449831617,36.790110818212064,True
primary,Retina 2,Cone,AC000078.5,159,1250336,,,,False
primary,Retina 2,Cone,AC002066.1,159,1250336,,,,False
primary,Retina 2,Cone,AC012066.1,159,1250336,,,,False
primary,Retina 2,Cone,AC091132.1,159,1250336,,,,False
primary,Retina 2,Cone,ACBD4,159,1250336,19.0,2.784759070813523,15.195915337957157,True
primary,Retina 2,Cone,AFAP1,159,1250336,4.0,1.4348797593616573,3.199140071148875,True
primary,Retina 2,Cone,ALDH2,159,1250336,63.0,3.939374638139677,50.38645612059479,True
primary,Retina 2,Cone,AP003068.23,159,1250336,3.0,1.2235857234409084,2.3993550533616563,True
primary,Retina 2,Cone,AP5B1,159,1250336,3.0,1.2235857234409084,2.3993550533616563,True
primary,Retina 2,Cone,AREL1,159,1250336,12.0,2.360610595407314,9.597420213446625,True
primary,Retina 2,Cone,ARHGAP27,159,1250336,1.0,0.5876672232065875,0.7997850177872188,True
primary,Retina 2,Cone,ARHGEF12,159,1250336,85.0,4.233841636362093,67.98172651191359,True
primary,Retina 2,Cone,ARL17A,159,1250336,20.0,2.8329603918161648,15.995700355744376,True
primary,Retina 2,Cone,ATP5J,159,1250336,1553.0,7.1253362941369,1242.0661326235509,True
primary,Retina 2,Cone,BICC1,159,1250336,0.0,0.0,0.0,True
primary,Retina 2,Cone,BORA,159,1250336,1.0,0.5876672232065875,0.7997850177872188,True
primary,Retina 2,Cone,C1orf109,159,1250336,12.0,2.360610595407314,9.597420213446625,True
primary,Retina 2,Cone,C1orf122,159,1250336,518.0,6.028973794649195,414.28863921377933,True
primary,Retina 2,Cone,C22orf29,159,1250336,18.0,2.7341161999329566,14.396130320169938,True
primary,Retina 2,Cone,C6orf15,159,1250336,,,,False
primary,Retina 2,Cone,CADM1,159,1250336,170.0,4.919714123990243,135.96345302382719,True
primary,Retina 2,Cone,CADM2,159,1250336,559.0,6.104971397219156,447.0798249430553,True
primary,Retina 2,Cone,CAV2,159,1250336,2.0,0.9553460604192473,1.5995700355744376,True
primary,Retina 2,Cone,CCDC117,159,1250336,15.0,2.5647012702910965,11.996775266808282,True
primary,Retina 2,Cone,CDC14A,159,1250336,3.0,1.2235857234409084,2.3993550533616563,True
primary,Retina 2,Cone,CDKN2A,159,1250336,0.0,0.0,0.0,True
primary,Retina 2,Cone,CDKN2B-AS1,159,1250336,0.0,0.0,0.0,True
primary,Retina 2,Cone,CELF1,159,1250336,67.0,3.9997700419359115,53.58559619174366,True
primary,Retina 2,Cone,CLIC5,159,1250336,0.0,0.0,0.0,True
primary,Retina 2,Cone,CMB9-22P13.1,159,1250336,,,,False
primary,Retina 2,Cone,COL11A1,159,1250336,0.0,0.0,0.0,True
primary,Retina 2,Cone,CRHR1,159,1250336,0.0,0.0,0.0,True
primary,Retina 2,Cone,CTA-292E10.6,159,1250336,3.0,1.2235857234409084,2.3993550533616563,True
primary,Retina 2,Cone,CTB-39G8.3,159,1250336,,,,False
primary,Retina 2,Cone,CTD-2005H7.1,159,1250336,0.0,0.0,0.0,True
primary,Retina 2,Cone,CTD-2020K17.1,159,1250336,0.0,0.0,0.0,True
primary,Retina 2,Cone,CTD-2020K17.3,159,1250336,0.0,0.0,0.0,True
primary,Retina 2,Cone,CTTNBP2,159,1250336,37.0,3.420740029353726,29.592045658127095,True
primary,Retina 2,Cone,DDX39BP2,159,1250336,,,,False
primary,Retina 2,Cone,DIO1,159,1250336,,,,False
primary,Retina 2,Cone,DND1P1,159,1250336,,,,False
primary,Retina 2,Cone,DYSF,159,1250336,0.0,0.0,0.0,True
primary,Retina 2,Cone,EFCAB13,159,1250336,2.0,0.9553460604192473,1.5995700355744376,True
primary,Retina 2,Cone,EFEMP1,159,1250336,0.0,0.0,0.0,True
primary,Retina 2,Cone,EHBP1L1,159,1250336,0.0,0.0,0.0,True
primary,Retina 2,Cone,FAM215B,159,1250336,42.0,3.5435926869398764,33.59097074706319,True
primary,Retina 2,Cone,FAM83A,159,1250336,,,,False
primary,Retina 2,Cone,FAM83A-AS1,159,1250336,,,,False
primary,Retina 2,Cone,FAM89B,159,1250336,6.0,1.7576354974263189,4.798710106723313,True
primary,Retina 2,Cone,FHL3,159,1250336,1.0,0.5876672232065875,0.7997850177872188,True
primary,Retina 2,Cone,FLOT1,159,1250336,12.0,2.360610595407314,9.597420213446625,True
primary,Retina 2,Cone,FLVCR2,159,1250336,1.0,0.5876672232065875,0.7997850177872188,True
primary,Retina 2,Cone,FMNL1,159,1250336,0.0,0.0,0.0,True
primary,Retina 2,Cone,FNDC4,159,1250336,7.0,1.8868416115960216,5.598495124510531,True
primary,Retina 2,Cone,GALR3,159,1250336,,,,False
primary,Retina 2,Cone,GCAT,159,1250336,0.0,0.0,0.0,True
primary,Retina 2,Cone,GLIS1,159,1250336,0.0,0.0,0.0,True
primary,Retina 2,Cone,H1F0,159,1250336,0.0,0.0,0.0,True
primary,Retina 2,Cone,HCG4,159,1250336,,,,False
primary,Retina 2,Cone,HCG4B,159,1250336,,,,False
primary,Retina 2,Cone,HCG4P5,159,1250336,,,,False
primary,Retina 2,Cone,HCG4P7,159,1250336,,,,False
primary,Retina 2,Cone,HCG9,159,1250336,0.0,0.0,0.0,True
primary,Retina 2,Cone,HCP5B,159,1250336,0.0,0.0,0.0,True
primary,Retina 2,Cone,HECTD4,159,1250336,34.0,3.3390627459337803,27.19269060476544,True
primary,Retina 2,Cone,HLA-A,159,1250336,0.0,0.0,0.0,True
primary,Retina 2,Cone,HLA-C,159,1250336,2.0,0.9553460604192473,1.5995700355744376,True
primary,Retina 2,Cone,HLA-F,159,1250336,0.0,0.0,0.0,True
primary,Retina 2,Cone,HLA-F-AS1,159,1250336,,,,False
primary,Retina 2,Cone,HLA-G,159,1250336,0.0,0.0,0.0,True
primary,Retina 2,Cone,HLA-H,159,1250336,,,,False
primary,Retina 2,Cone,HLA-J,159,1250336,,,,False
primary,Retina 2,Cone,HLA-L,159,1250336,,,,False
primary,Retina 2,Cone,HLA-T,159,1250336,,,,False
primary,Retina 2,Cone,HLA-U,159,1250336,,,,False
primary,Retina 2,Cone,HLA-V,159,1250336,,,,False
primary,Retina 2,Cone,HLA-W,159,1250336,,,,False
primary,Retina 2,Cone,HSCB,159,1250336,17.0,2.6807711756239625,13.59634530238272,True
primary,Retina 2,Cone,HTRA3,159,1250336,0.0,0.0,0.0,True
primary,Retina 2,Cone,IFITM4P,159,1250336,,,,False
primary,Retina 2,Cone,IFT172,159,1250336,28.0,3.152478745597413,22.393980498042126,True
primary,Retina 2,Cone,INPP5B,159,1250336,7.0,1.8868416115960216,5.598495124510531,True
primary,Retina 2,Cone,ITGB3,159,1250336,0.0,0.0,0.0,True
primary,Retina 2,Cone,KANSL1,159,1250336,96.0,4.353876122311478,76.779361707573,True
primary,Retina 2,Cone,KANSL1-AS1,159,1250336,36.0,3.394248649725153,28.792260640339876,True
primary,Retina 2,Cone,KHK,159,1250336,0.0,0.0,0.0,True
primary,Retina 2,Cone,KLF5,159,1250336,0.0,0.0,0.0,True
primary,Retina 2,Cone,KRT8P26,159,1250336,,,,False
primary,Retina 2,Cone,LHPP,159,1250336,26.0,3.0816535361145028,20.794410462467688,True
primary,Retina 2,Cone,LINC01948,159,1250336,0.0,0.0,0.0,True
primary,Retina 2,Cone,LINC02052,159,1250336,,,,False
primary,Retina 2,Cone,LINC02210,159,1250336,,,,False
primary,Retina 2,Cone,LMO4,159,1250336,50.0,3.713309858900625,39.98925088936094,True
primary,Retina 2,Cone,LMO7,159,1250336,5.0,1.6092229071093307,3.998925088936094,True
primary,Retina 2,Cone,LOXL1,159,1250336,0.0,0.0,0.0,True
primary,Retina 2,Cone,LOXL1-AS1,159,1250336,0.0,0.0,0.0,True
primary,Retina 2,Cone,LRRC37A,159,1250336,6.0,1.7576354974263189,4.798710106723313,True
primary,Retina 2,Cone,LRRC37A17P,159,1250336,,,,False
primary,Retina 2,Cone,LRRC37A2,159,1250336,10.0,2.1969856796771334,7.997850177872188,True
primary,Retina 2,Cone,LRRC37A4P,159,1250336,,,,False
primary,Retina 2,Cone,LRWD1,159,1250336,13.0,2.4333681701900867,10.397205231233844,True
primary,Retina 2,Cone,LTBP2,159,1250336,0.0,0.0,0.0,True
primary,Retina 2,Cone,LTBP3,159,1250336,2.0,0.9553460604192473,1.5995700355744376,True
primary,Retina 2,Cone,MADD,159,1250336,74.0,4.097408053541333,59.18409131625419,True
primary,Retina 2,Cone,MAPK8IP1P1,159,1250336,,,,False
primary,Retina 2,Cone,MAPK8IP1P2,159,1250336,,,,False
primary,Retina 2,Cone,MAPT,159,1250336,52.0,3.75159179923482,41.588820924935376,True
primary,Retina 2,Cone,MAPT-AS1,159,1250336,1.0,0.5876672232065875,0.7997850177872188,True
primary,Retina 2,Cone,MAPT-IT1,159,1250336,,,,False
primary,Retina 2,Cone,ME3,159,1250336,3.0,1.2235857234409084,2.3993550533616563,True
primary,Retina 2,Cone,MICE,159,1250336,,,,False
primary,Retina 2,Cone,MOV10,159,1250336,0.0,0.0,0.0,True
primary,Retina 2,Cone,MRPL33,159,1250336,483.0,5.959189680949382,386.2961635912267,True
primary,Retina 2,Cone,MTCH2,159,1250336,140.0,4.7271214335908205,111.96990249021063,True
primary,Retina 2,Cone,MVB12B,159,1250336,1.0,0.5876672232065875,0.7997850177872188,True
primary,Retina 2,Cone,Metazoa_SRP,159,1250336,,,,False
primary,Retina 2,Cone,NEAT1,159,1250336,15.0,2.5647012702910965,11.996775266808282,True
primary,Retina 2,Cone,NMT1,159,1250336,135.0,4.691081584401396,107.97097740127454,True
primary,Retina 2,Cone,NPEPPS,159,1250336,119.0,4.566163387966799,95.17441711667904,True
primary,Retina 2,Cone,NRBP1,159,1250336,63.0,3.939374638139677,50.38645612059479,True
primary,Retina 2,Cone,NSF,159,1250336,156.0,4.834426717109265,124.76646277480613,True
primary,Retina 2,Cone,NUCB2,159,1250336,204.0,5.10081807016525,163.15614362859264,True
primary,Retina 2,Cone,NUDT7,159,1250336,5.0,1.6092229071093307,3.998925088936094,True
primary,Retina 2,Cone,PDE6C,159,1250336,153.0,4.815164525871172,122.36710772144447,True
primary,Retina 2,Cone,PGAM1P8,159,1250336,,,,False
primary,Retina 2,Cone,PIBF1,159,1250336,14.0,2.5011892204036252,11.196990249021063,True
primary,Retina 2,Cone,PIGC,159,1250336,35.0,3.3670363350292822,27.992475622552657,True
primary,Retina 2,Cone,PKIB,159,1250336,375.0,5.70684239389198,299.91938167020703,True
primary,Retina 2,Cone,PLCE1,159,1250336,10.0,2.1969856796771334,7.997850177872188,True
primary,Retina 2,Cone,PLCE1-AS1,159,1250336,,,,False
primary,Retina 2,Cone,PLEKHA7,159,1250336,28.0,3.152478745597413,22.393980498042126,True
primary,Retina 2,Cone,PLEKHM1,159,1250336,5.0,1.6092229071093307,3.998925088936094,True
primary,Retina 2,Cone,PPP1R18,159,1250336,2.0,0.9553460604192473,1.5995700355744376,True
primary,Retina 2,Cone,PRKCE,159,1250336,3.0,1.2235857234409084,2.3993550533616563,True
primary,Retina 2,Cone,PROX2,159,1250336,,,,False
primary,Retina 2,Cone,PRSS23,159,1250336,0.0,0.0,0.0,True
primary,Retina 2,Cone,PSORS1C3,159,1250336,,,,False
primary,Retina 2,Cone,RAPSN,159,1250336,0.0,0.0,0.0,True
primary,Retina 2,Cone,RERE,159,1250336,151.0,4.8021137982901605,120.76753768587004,True
primary,Retina 2,Cone,RIC8B,159,1250336,7.0,1.8868416115960216,5.598495124510531,True
primary,Retina 2,Cone,RORA,159,1250336,559.0,6.104971397219156,447.0798249430553,True
primary,Retina 2,Cone,RP11-123K19.1,159,1250336,,,,False
primary,Retina 2,Cone,RP11-136H19.1,159,1250336,,,,False
primary,Retina 2,Cone,RP11-149I2.4,159,1250336,,,,False
primary,Retina 2,Cone,RP11-162I7.1,159,1250336,,,,False
primary,Retina 2,Cone,RP11-17G12.2,159,1250336,,,,False
primary,Retina 2,Cone,RP11-205K6.1,159,1250336,,,,False
primary,Retina 2,Cone,RP11-217B7.2,159,1250336,0.0,0.0,0.0,True
primary,Retina 2,Cone,RP11-259A24.1,159,1250336,,,,False
primary,Retina 2,Cone,RP11-259G18.1,159,1250336,,,,False
primary,Retina 2,Cone,RP11-259G18.3,159,1250336,,,,False
primary,Retina 2,Cone,RP11-293E1.1,159,1250336,,,,False
primary,Retina 2,Cone,RP11-293E1.2,159,1250336,,,,False
primary,Retina 2,Cone,RP11-302L19.3,159,1250336,1.0,0.5876672232065875,0.7997850177872188,True
primary,Retina 2,Cone,RP11-403A3.3,159,1250336,0.0,0.0,0.0,True
primary,Retina 2,Cone,RP11-412D9.4,159,1250336,34.0,3.3390627459337803,27.19269060476544,True
primary,Retina 2,Cone,RP11-507B12.1,159,1250336,,,,False
primary,Retina 2,Cone,RP11-507B12.2,159,1250336,0.0,0.0,0.0,True
primary,Retina 2,Cone,RP11-669E14.6,159,1250336,1.0,0.5876672232065875,0.7997850177872188,True
primary,Retina 2,Cone,RP11-707O23.1,159,1250336,,,,False
primary,Retina 2,Cone,RP11-750H9.5,159,1250336,,,,False
primary,Retina 2,Cone,RP11-755F10.1,159,1250336,1.0,0.5876672232065875,0.7997850177872188,True
primary,Retina 2,Cone,RP11-762L8.6,159,1250336,,,,False
primary,Retina 2,Cone,RP11-770G2.2,159,1250336,,,,False
primary,Retina 2,Cone,RP11-798G7.6,159,1250336,0.0,0.0,0.0,True
primary,Retina 2,Cone,RP11-798G7.8,159,1250336,,,,False
primary,Retina 2,Cone,RP5-1115A15.1,159,1250336,0.0,0.0,0.0,True
primary,Retina 2,Cone,RPS26P8,159,1250336,,,,False
primary,Retina 2,Cone,SCRN2,159,1250336,14.0,2.5011892204036252,11.196990249021063,True
primary,Retina 2,Cone,SEMA3E,159,1250336,0.0,0.0,0.0,True
primary,Retina 2,Cone,SEPT7,159,1250336,154.0,4.821626569868491,123.1668927392317,True
primary,Retina 2,Cone,SF3A3,159,1250336,27.0,3.1176930361330664,21.594195480254907,True
primary,Retina 2,Cone,SFTA1P,159,1250336,0.0,0.0,0.0,True
primary,Retina 2,Cone,SGSM2,159,1250336,22.0,2.9229072683478825,17.595270391318813,True
primary,Retina 2,Cone,SLC25A45,159,1250336,0.0,0.0,0.0,True
primary,Retina 2,Cone,SLC39A13,159,1250336,10.0,2.1969856796771334,7.997850177872188,True
primary,Retina 2,Cone,SMAD6,159,1250336,1.0,0.5876672232065875,0.7997850177872188,True
primary,Retina 2,Cone,SNORD14A,159,1250336,,,,False
primary,Retina 2,Cone,SSSCA1-AS1,159,1250336,,,,False
primary,Retina 2,Cone,TARID,159,1250336,0.0,0.0,0.0,True
primary,Retina 2,Cone,TBC1D31,159,1250336,3.0,1.2235857234409084,2.3993550533616563,True
primary,Retina 2,Cone,TBKBP1,159,1250336,11.0,2.282141049992046,8.797635195659407,True
primary,Retina 2,Cone,TBPL1,159,1250336,35.0,3.3670363350292822,27.992475622552657,True
primary,Retina 2,Cone,TGFB3,159,1250336,0.0,0.0,0.0,True
primary,Retina 2,Cone,THCAT158,159,1250336,0.0,0.0,0.0,True
primary,Retina 2,Cone,THSD7A,159,1250336,76.0,4.1236389500889965,60.78366135182863,True
primary,Retina 2,Cone,TIGD3,159,1250336,2.0,0.9553460604192473,1.5995700355744376,True
primary,Retina 2,Cone,TMEM116,159,1250336,12.0,2.360610595407314,9.597420213446625,True
primary,Retina 2,Cone,TMEM136,159,1250336,168.0,4.907966581825403,134.36388298825275,True
primary,Retina 2,Cone,TMEM181,159,1250336,12.0,2.360610595407314,9.597420213446625,True
primary,Retina 2,Cone,TMEM263,159,1250336,25.0,3.044266473761751,19.99462544468047,True
primary,Retina 2,Cone,TRIM26,159,1250336,18.0,2.7341161999329566,14.396130320169938,True
primary,Retina 2,Cone,TRIOBP,159,1250336,0.0,0.0,0.0,True
primary,Retina 2,Cone,TSC22D2,159,1250336,23.0,2.965018157763644,18.395055409106032,True
primary,Retina 2,Cone,TTC28,159,1250336,16.0,2.624419306354577,12.7965602845955,True
primary,Retina 2,Cone,TTLL5,159,1250336,44.0,3.588797780338769,35.190540782637626,True
primary,Retina 2,Cone,TXNDC8,159,1250336,,,,False
primary,Retina 2,Cone,TXNRD2,159,1250336,22.0,2.9229072683478825,17.595270391318813,True
primary,Retina 2,Cone,UTP11,159,1250336,35.0,3.3670363350292822,27.992475622552657,True
primary,Retina 2,Cone,VARS2,159,1250336,4.0,1.4348797593616573,3.199140071148875,True
primary,Retina 2,Cone,VCAM1,159,1250336,0.0,0.0,0.0,True
primary,Retina 2,Cone,WLS,159,1250336,161.0,4.8657281112663675,128.76538786374223,True
primary,Retina 2,Cone,WNT2B,159,1250336,17.0,2.6807711756239625,13.59634530238272,True
primary,Retina 2,Cone,XRCC6P1,159,1250336,,,,False
primary,Retina 2,Cone,XXbac-BPG170G13.32,159,1250336,0.0,0.0,0.0,True
primary,Retina 2,Cone,XXbac-BPG283O16.9,159,1250336,,,,False
primary,Retina 2,Cone,YAP1,159,1250336,0.0,0.0,0.0,True
primary,Retina 2,Cone,YIF1A,159,1250336,85.0,4.233841636362093,67.98172651191359,True
primary,Retina 2,Cone,ZNF280D,159,1250336,70.0,4.042787219733152,55.984951245105314,True
primary,Retina 2,Cone,ZNF638,159,1250336,109.0,4.4793412467473965,87.17656693880684,True
primary,Retina 2,Cone,ZNF638-IT1,159,1250336,,,,False
primary,Retina 2,Bipolar,DGKG,674,2636566,0.0,0.0,0.0,True
primary,Retina 2,Bipolar,SLC2A12,674,2636566,0.0,0.0,0.0,True
primary,Retina 2,Bipolar,COL8A2,674,2636566,0.0,0.0,0.0,True
primary,Retina 2,Bipolar,NPC2,674,2636566,150.0,4.058582397204451,56.892184758507845,True
primary,Retina 2,Bipolar,PSMC3,674,2636566,293.0,4.7196535695079405,111.129400894952,True
primary,Retina 2,Bipolar,RP11-466F5.8,674,2636566,4.0,0.9231173481727979,1.5171249268935425,True
primary,Retina 2,Bipolar,LPP,674,2636566,20.0,2.150089250522413,7.585624634467713,True
primary,Retina 2,Bipolar,RP11-121M22.1,674,2636566,2.0,0.5644966931692726,0.7585624634467713,True
primary,Retina 2,Bipolar,ABO,674,2636566,0.0,0.0,0.0,True
primary,Retina 2,Bipolar,ADAMTS8,674,2636566,0.0,0.0,0.0,True
primary,Retina 2,Bipolar,CALD1,674,2636566,476.0,5.2014642616986375,180.53786630033156,True
primary,Retina 2,Bipolar,CHEK2,674,2636566,4.0,0.9231173481727979,1.5171249268935425,True
primary,Retina 2,Bipolar,GAS7,674,2636566,178.0,4.2270097771716495,67.51205924676265,True
primary,Retina 2,Bipolar,LMX1B,674,2636566,,,,False
primary,Retina 2,Bipolar,TCF12,674,2636566,29.0,2.484836290644369,10.999155719978184,True
primary,Retina 2,Bipolar,TMCO1,674,2636566,473.0,5.195176732934288,179.4000226051614,True
primary,Retina 2,Bipolar,TRIB2,674,2636566,188.0,4.280891506756437,71.3048715639965,True
primary,Retina 2,Bipolar,AC000078.5,674,2636566,,,,False
primary,Retina 2,Bipolar,AC002066.1,674,2636566,,,,False
primary,Retina 2,Bipolar,AC012066.1,674,2636566,,,,False
primary,Retina 2,Bipolar,AC091132.1,674,2636566,,,,False
primary,Retina 2,Bipolar,ACBD4,674,2636566,44.0,2.8729075986812704,16.688374195828967,True
primary,Retina 2,Bipolar,AFAP1,674,2636566,5.0,1.0634707128308234,1.8964061586169283,True
primary,Retina 2,Bipolar,ALDH2,674,2636566,243.0,4.53437575669263,92.1653393087827,True
primary,Retina 2,Bipolar,AP003068.23,674,2636566,1.0,0.321562516904161,0.3792812317233856,True
primary,Retina 2,Bipolar,AP5B1,674,2636566,6.0,1.1865277372436016,2.275687390340314,True
primary,Retina 2,Bipolar,AREL1,674,2636566,17.0,2.007916127525247,6.447780939297556,True
primary,Retina 2,Bipolar,ARHGAP27,674,2636566,1.0,0.321562516904161,0.3792812317233856,True
primary,Retina 2,Bipolar,ARHGEF12,674,2636566,325.0,4.822427650713725,123.26640031010034,True
primary,Retina 2,Bipolar,ARL17A,674,2636566,38.0,2.7351909888055697,14.412686805488654,True
primary,Retina 2,Bipolar,ATP5J,674,2636566,1510.0,6.352132164536205,572.7146599023123,True
primary,Retina 2,Bipolar,BICC1,674,2636566,0.0,0.0,0.0,True
primary,Retina 2,Bipolar,BORA,674,2636566,7.0,1.2960875082301988,2.6549686220636994,True
primary,Retina 2,Bipolar,C1orf109,674,2636566,39.0,2.7595014587030113,14.79196803721204,True
primary,Retina 2,Bipolar,C1orf122,674,2636566,685.0,5.563783138405669,259.80764373051915,True
primary,Retina 2,Bipolar,C22orf29,674,2636566,33.0,2.6038949326843968,12.516280646871726,True
primary,Retina 2,Bipolar,C6orf15,674,2636566,,,,False
primary,Retina 2,Bipolar,CADM1,674,2636566,2193.0,6.724749977891579,831.7637411693847,True
primary,Retina 2,Bipolar,CADM2,674,2636566,720.0,5.613429107946926,273.08248684083765,True
primary,Retina 2,Bipolar,CAV2,674,2636566,2.0,0.5644966931692726,0.7585624634467713,True
primary,Retina 2,Bipolar,CCDC117,674,2636566,29.0,2.484836290644369,10.999155719978184,True
primary,Retina 2,Bipolar,CDC14A,674,2636566,3.0,0.7597977019650212,1.137843695170157,True
primary,Retina 2,Bipolar,CDKN2A,674,2636566,3.0,0.7597977019650212,1.137843695170157,True
primary,Retina 2,Bipolar,CDKN2B-AS1,674,2636566,0.0,0.0,0.0,True
primary,Retina 2,Bipolar,CELF1,674,2636566,238.0,4.513810457517398,90.26893315016578,True
primary,Retina 2,Bipolar,CLIC5,674,2636566,0.0,0.0,0.0,True
primary,Retina 2,Bipolar,CMB9-22P13.1,674,2636566,,,,False
primary,Retina 2,Bipolar,COL11A1,674,2636566,0.0,0.0,0.0,True
primary,Retina 2,Bipolar,CRHR1,674,2636566,0.0,0.0,0.0,True
primary,Retina 2,Bipolar,CTA-292E10.6,674,2636566,14.0,1.8421257310404955,5.309937244127399,True
primary,Retina 2,Bipolar,CTB-39G8.3,674,2636566,,,,False
primary,Retina 2,Bipolar,CTD-2005H7.1,674,2636566,2.0,0.5644966931692726,0.7585624634467713,True
primary,Retina 2,Bipolar,CTD-2020K17.1,674,2636566,1.0,0.321562516904161,0.3792812317233856,True
primary,Retina 2,Bipolar,CTD-2020K17.3,674,2636566,15.0,1.9004970475629324,5.689218475850785,True
primary,Retina 2,Bipolar,CTTNBP2,674,2636566,126.0,3.8875137975596052,47.78943519714659,True
primary,Retina 2,Bipolar,DDX39BP2,674,2636566,,,,False
primary,Retina 2,Bipolar,DIO1,674,2636566,,,,False
primary,Retina 2,Bipolar,DND1P1,674,2636566,,,,False
primary,Retina 2,Bipolar,DYSF,674,2636566,0.0,0.0,0.0,True
primary,Retina 2,Bipolar,EFCAB13,674,2636566,10.0,1.5671173617295806,3.7928123172338566,True
primary,Retina 2,Bipolar,EFEMP1,674,2636566,0.0,0.0,0.0,True
primary,Retina 2,Bipolar,EHBP1L1,674,2636566,0.0,0.0,0.0,True
primary,Retina 2,Bipolar,FAM215B,674,2636566,321.0,4.810143863465408,121.7492753832068,True
primary,Retina 2,Bipolar,FAM83A,674,2636566,,,,False
primary,Retina 2,Bipolar,FAM83A-AS1,674,2636566,,,,False
primary,Retina 2,Bipolar,FAM89B,674,2636566,12.0,1.7140456053144686,4.551374780680628,True
primary,Retina 2,Bipolar,FHL3,674,2636566,2.0,0.5644966931692726,0.7585624634467713,True
primary,Retina 2,Bipolar,FLOT1,674,2636566,83.0,3.480635051969524,31.480342233041007,True
primary,Retina 2,Bipolar,FLVCR2,674,2636566,0.0,0.0,0.0,True
primary,Retina 2,Bipolar,FMNL1,674,2636566,9.0,1.4846750687320305,3.413531085510471,True
primary,Retina 2,Bipolar,FNDC4,674,2636566,20.0,2.150089250522413,7.585624634467713,True
primary,Retina 2,Bipolar,GALR3,674,2636566,,,,False
primary,Retina 2,Bipolar,GCAT,674,2636566,33.0,2.6038949326843968,12.516280646871726,True
primary,Retina 2,Bipolar,GLIS1,674,2636566,0.0,0.0,0.0,True
primary,Retina 2,Bipolar,H1F0,674,2636566,367.0,4.943042955993568,139.19621204248253,True
primary,Retina 2,Bipolar,HCG4,674,2636566,,,,False
primary,Retina 2,Bipolar,HCG4B,674,2636566,,,,False
primary,Retina 2,Bipolar,HCG4P5,674,2636566,,,,False
primary,Retina 2,Bipolar,HCG4P7,674,2636566,,,,False
primary,Retina 2,Bipolar,HCG9,674,2636566,1.0,0.321562516904161,0.3792812317233856,True
primary,Retina 2,Bipolar,HCP5B,674,2636566,0.0,0.0,0.0,True
primary,Retina 2,Bipolar,HECTD4,674,2636566,77.0,3.407996046367682,29.204654842700695,True
primary,Retina 2,Bipolar,HLA-A,674,2636566,164.0,4.146337876580215,62.20212200263525,True
primary,Retina 2,Bipolar,HLA-C,674,2636566,122.0,3.85592471753201,46.27231027025305,True
primary,Retina 2,Bipolar,HLA-F,674,2636566,4.0,0.9231173481727979,1.5171249268935425,True
primary,Retina 2,Bipolar,HLA-F-AS1,674,2636566,,,,False
primary,Retina 2,Bipolar,HLA-G,674,2636566,1.0,0.321562516904161,0.3792812317233856,True
primary,Retina 2,Bipolar,HLA-H,674,2636566,,,,False
primary,Retina 2,Bipolar,HLA-J,674,2636566,,,,False
primary,Retina 2,Bipolar,HLA-L,674,2636566,,,,False
primary,Retina 2,Bipolar,HLA-T,674,2636566,,,,False
primary,Retina 2,Bipolar,HLA-U,674,2636566,,,,False
primary,Retina 2,Bipolar,HLA-V,674,2636566,,,,False
primary,Retina 2,Bipolar,HLA-W,674,2636566,,,,False
primary,Retina 2,Bipolar,HSCB,674,2636566,45.0,2.8941233467422505,17.067655427552353,True
primary,Retina 2,Bipolar,HTRA3,674,2636566,0.0,0.0,0.0,True
primary,Retina 2,Bipolar,IFITM4P,674,2636566,,,,False
primary,Retina 2,Bipolar,IFT172,674,2636566,28.0,2.452716950010421,10.619874488254798,True
primary,Retina 2,Bipolar,INPP5B,674,2636566,25.0,2.349662438086463,9.482030793084641,True
primary,Retina 2,Bipolar,ITGB3,674,2636566,0.0,0.0,0.0,True
primary,Retina 2,Bipolar,KANSL1,674,2636566,333.0,4.846551612886433,126.30065016388743,True
primary,Retina 2,Bipolar,KANSL1-AS1,674,2636566,89.0,3.5483530713008373,33.75602962338132,True
primary,Retina 2,Bipolar,KHK,674,2636566,15.0,1.9004970475629324,5.689218475850785,True
primary,Retina 2,Bipolar,KLF5,674,2636566,1.0,0.321562516904161,0.3792812317233856,True
primary,Retina 2,Bipolar,KRT8P26,674,2636566,,,,False
primary,Retina 2,Bipolar,LHPP,674,2636566,25.0,2.349662438086463,9.482030793084641,True
primary,Retina 2,Bipolar,LINC01948,674,2636566,2.0,0.5644966931692726,0.7585624634467713,True
primary,Retina 2,Bipolar,LINC02052,674,2636566,,,,False
primary,Retina 2,Bipolar,LINC02210,674,2636566,,,,False
primary,Retina 2,Bipolar,LMO4,674,2636566,925.0,5.863162711750052,350.83513934413173,True
primary,Retina 2,Bipolar,LMO7,674,2636566,14.0,1.8421257310404955,5.309937244127399,True
primary,Retina 2,Bipolar,LOXL1,674,2636566,3.0,0.7597977019650212,1.137843695170157,True
primary,Retina 2,Bipolar,LOXL1-AS1,674,2636566,0.0,0.0,0.0,True
primary,Retina 2,Bipolar,LRRC37A,674,2636566,8.0,1.394820374596425,3.034249853787085,True
primary,Retina 2,Bipolar,LRRC37A17P,674,2636566,,,,False
primary,Retina 2,Bipolar,LRRC37A2,674,2636566,23.0,2.2745423788626087,8.72346832963787,True
primary,Retina 2,Bipolar,LRRC37A4P,674,2636566,,,,False
primary,Retina 2,Bipolar,LRWD1,674,2636566,35.0,2.6584987649610823,13.274843110318498,True
primary,Retina 2,Bipolar,LTBP2,674,2636566,3.0,0.7597977019650212,1.137843695170157,True
primary,Retina 2,Bipolar,LTBP3,674,2636566,37.0,2.710274763179217,14.033405573765268,True
primary,Retina 2,Bipolar,MADD,674,2636566,127.0,3.895257576321469,48.16871642886998,True
primary,Retina 2,Bipolar,MAPK8IP1P1,674,2636566,,,,False
primary,Retina 2,Bipolar,MAPK8IP1P2,674,2636566,,,,False
primary,Retina 2,Bipolar,MAPT,674,2636566,810.0,5.730806668447594,307.21779769594235,True
primary,Retina 2,Bipolar,MAPT-AS1,674,2636566,41.0,2.806418155729812,15.550530500658812,True
primary,Retina 2,Bipolar,MAPT-IT1,674,2636566,,,,False
primary,Retina 2,Bipolar,ME3,674,2636566,71.0,3.3296644101494848,26.928967452360382,True
primary,Retina 2,Bipolar,MICE,674,2636566,,,,False
primary,Retina 2,Bipolar,MOV10,674,2636566,0.0,0.0,0.0,True
primary,Retina 2,Bipolar,MRPL33,674,2636566,766.0,5.675140938947442,290.5294235001134,True
primary,Retina 2,Bipolar,MTCH2,674,2636566,210.0,4.390107132611111,79.64905866191098,True
primary,Retina 2,Bipolar,MVB12B,674,2636566,14.0,1.8421257310404955,5.309937244127399,True
primary,Retina 2,Bipolar,Metazoa_SRP,674,2636566,,,,False
primary,Retina 2,Bipolar,NEAT1,674,2636566,876.0,5.808894036296605,332.2503589896858,True
primary,Retina 2,Bipolar,NMT1,674,2636566,184.0,4.2596859156239,69.78774663710296,True
primary,Retina 2,Bipolar,NPEPPS,674,2636566,293.0,4.7196535695079405,111.129400894952,True
primary,Retina 2,Bipolar,NRBP1,674,2636566,124.0,3.8718439861071072,47.03087273369982,True
primary,Retina 2,Bipolar,NSF,674,2636566,318.0,4.800830975705754,120.61143168803663,True
primary,Retina 2,Bipolar,NUCB2,674,2636566,419.0,5.074666412102244,158.9188360920986,True
primary,Retina 2,Bipolar,NUDT7,674,2636566,19.0,2.104907440907541,7.206343402744327,True
primary,Retina 2,Bipolar,PDE6C,674,2636566,0.0,0.0,0.0,True
primary,Retina 2,Bipolar,PGAM1P8,674,2636566,,,,False
primary,Retina 2,Bipolar,PIBF1,674,2636566,58.0,3.1354207975800175,21.998311439956368,True
primary,Retina 2,Bipolar,PIGC,674,2636566,89.0,3.5483530713008373,33.75602962338132,True
primary,Retina 2,Bipolar,PKIB,674,2636566,166.0,4.1582685893794435,62.960684466082014,True
primary,Retina 2,Bipolar,PLCE1,674,2636566,21.0,2.193317606855968,7.964905866191098,True
primary,Retina 2,Bipolar,PLCE1-AS1,674,2636566,,,,False
primary,Retina 2,Bipolar,PLEKHA7,674,2636566,13.0,1.7801348329288016,4.930656012404014,True
primary,Retina 2,Bipolar,PLEKHM1,674,2636566,10.0,1.5671173617295806,3.7928123172338566,True
primary,Retina 2,Bipolar,PPP1R18,674,2636566,6.0,1.1865277372436016,2.275687390340314,True
primary,Retina 2,Bipolar,PRKCE,674,2636566,217.0,4.422496894750526,82.30402728397469,True
primary,Retina 2,Bipolar,PROX2,674,2636566,,,,False
primary,Retina 2,Bipolar,PRSS23,674,2636566,23.0,2.2745423788626087,8.72346832963787,True
primary,Retina 2,Bipolar,PSORS1C3,674,2636566,,,,False
primary,Retina 2,Bipolar,RAPSN,674,2636566,0.0,0.0,0.0,True
primary,Retina 2,Bipolar,RERE,674,2636566,351.0,4.89879242318746,133.12771233490835,True
primary,Retina 2,Bipolar,RIC8B,674,2636566,39.0,2.7595014587030113,14.79196803721204,True
primary,Retina 2,Bipolar,RORA,674,2636566,440.0,5.12327172769929,166.88374195828968,True
primary,Retina 2,Bipolar,RP11-123K19.1,674,2636566,,,,False
primary,Retina 2,Bipolar,RP11-136H19.1,674,2636566,,,,False
primary,Retina 2,Bipolar,RP11-149I2.4,674,2636566,,,,False
primary,Retina 2,Bipolar,RP11-162I7.1,674,2636566,,,,False
primary,Retina 2,Bipolar,RP11-17G12.2,674,2636566,,,,False
primary,Retina 2,Bipolar,RP11-205K6.1,674,2636566,,,,False
primary,Retina 2,Bipolar,RP11-217B7.2,674,2636566,0.0,0.0,0.0,True
primary,Retina 2,Bipolar,RP11-259A24.1,674,2636566,,,,False
primary,Retina 2,Bipolar,RP11-259G18.1,674,2636566,,,,False
primary,Retina 2,Bipolar,RP11-259G18.3,674,2636566,,,,False
primary,Retina 2,Bipolar,RP11-293E1.1,674,2636566,,,,False
primary,Retina 2,Bipolar,RP11-293E1.2,674,2636566,,,,False
primary,Retina 2,Bipolar,RP11-302L19.3,674,2636566,0.0,0.0,0.0,True
primary,Retina 2,Bipolar,RP11-403A3.3,674,2636566,0.0,0.0,0.0,True
primary,Retina 2,Bipolar,RP11-412D9.4,674,2636566,111.0,3.7635280254333896,42.10021672129581,True
primary,Retina 2,Bipolar,RP11-507B12.1,674,2636566,,,,False
primary,Retina 2,Bipolar,RP11-507B12.2,674,2636566,0.0,0.0,0.0,True
primary,Retina 2,Bipolar,RP11-669E14.6,674,2636566,2.0,0.5644966931692726,0.7585624634467713,True
primary,Retina 2,Bipolar,RP11-707O23.1,674,2636566,,,,False
primary,Retina 2,Bipolar,RP11-750H9.5,674,2636566,,,,False
primary,Retina 2,Bipolar,RP11-755F10.1,674,2636566,0.0,0.0,0.0,True
primary,Retina 2,Bipolar,RP11-762L8.6,674,2636566,,,,False
primary,Retina 2,Bipolar,RP11-770G2.2,674,2636566,,,,False
primary,Retina 2,Bipolar,RP11-798G7.6,674,2636566,3.0,0.7597977019650212,1.137843695170157,True
primary,Retina 2,Bipolar,RP11-798G7.8,674,2636566,,,,False
primary,Retina 2,Bipolar,RP5-1115A15.1,674,2636566,0.0,0.0,0.0,True
primary,Retina 2,Bipolar,RPS26P8,674,2636566,,,,False
primary,Retina 2,Bipolar,SCRN2,674,2636566,50.0,2.993933736463819,18.964061586169283,True
primary,Retina 2,Bipolar,SEMA3E,674,2636566,429.0,5.0981066388970575,162.71164840933244,True
primary,Retina 2,Bipolar,SEPT7,674,2636566,1378.0,6.260822638641614,522.6495373148255,True
primary,Retina 2,Bipolar,SF3A3,674,2636566,164.0,4.146337876580215,62.20212200263525,True
primary,Retina 2,Bipolar,SFTA1P,674,2636566,0.0,0.0,0.0,True
primary,Retina 2,Bipolar,SGSM2,674,2636566,58.0,3.1354207975800175,21.998311439956368,True
primary,Retina 2,Bipolar,SLC25A45,674,2636566,10.0,1.5671173617295806,3.7928123172338566,True
primary,Retina 2,Bipolar,SLC39A13,674,2636566,34.0,2.6315694998432577,12.895561878595112,True
primary,Retina 2,Bipolar,SMAD6,674,2636566,0.0,0.0,0.0,True
primary,Retina 2,Bipolar,SNORD14A,674,2636566,,,,False
primary,Retina 2,Bipolar,SSSCA1-AS1,674,2636566,,,,False
primary,Retina 2,Bipolar,TARID,674,2636566,1.0,0.321562516904161,0.3792812317233856,True
primary,Retina 2,Bipolar,TBC1D31,674,2636566,10.0,1.5671173617295806,3.7928123172338566,True
primary,Retina 2,Bipolar,TBKBP1,674,2636566,29.0,2.484836290644369,10.999155719978184,True
primary,Retina 2,Bipolar,TBPL1,674,2636566,166.0,4.1582685893794435,62.960684466082014,True
primary,Retina 2,Bipolar,TGFB3,674,2636566,0.0,0.0,0.0,True
primary,Retina 2,Bipolar,THCAT158,674,2636566,0.0,0.0,0.0,True
primary,Retina 2,Bipolar,THSD7A,674,2636566,410.0,5.0530899072113655,155.50530500658812,True
primary,Retina 2,Bipolar,TIGD3,674,2636566,23.0,2.2745423788626087,8.72346832963787,True
primary,Retina 2,Bipolar,TMEM116,674,2636566,26.0,2.3852071198059597,9.861312024808027,True
primary,Retina 2,Bipolar,TMEM136,674,2636566,95.0,3.611774762030989,36.03171701372164,True
primary,Retina 2,Bipolar,TMEM181,674,2636566,25.0,2.349662438086463,9.482030793084641,True
primary,Retina 2,Bipolar,TMEM263,674,2636566,76.0,3.395359494677601,28.82537361097731,True
primary,Retina 2,Bipolar,TRIM26,674,2636566,58.0,3.1354207975800175,21.998311439956368,True
primary,Retina 2,Bipolar,TRIOBP,674,2636566,35.0,2.6584987649610823,13.274843110318498,True
primary,Retina 2,Bipolar,TSC22D2,674,2636566,45.0,2.8941233467422505,17.067655427552353,True
primary,Retina 2,Bipolar,TTC28,674,2636566,81.0,3.4570035039440046,30.72177976959424,True
primary,Retina 2,Bipolar,TTLL5,674,2636566,24.0,2.312807620596461,9.102749561361255,True
primary,Retina 2,Bipolar,TXNDC8,674,2636566,,,,False
primary,Retina 2,Bipolar,TXNRD2,674,2636566,76.0,3.395359494677601,28.82537361097731,True
primary,Retina 2,Bipolar,UTP11,674,2636566,67.0,3.2738124900802195,25.411842525466838,True
primary,Retina 2,Bipolar,VARS2,674,2636566,10.0,1.5671173617295806,3.7928123172338566,True
primary,Retina 2,Bipolar,VCAM1,674,2636566,0.0,0.0,0.0,True
primary,Retina 2,Bipolar,WLS,674,2636566,19.0,2.104907440907541,7.206343402744327,True
primary,Retina 2,Bipolar,WNT2B,674,2636566,23.0,2.2745423788626087,8.72346832963787,True
primary,Retina 2,Bipolar,XRCC6P1,674,2636566,,,,False
primary,Retina 2,Bipolar,XXbac-BPG170G13.32,674,2636566,0.0,0.0,0.0,True
primary,Retina 2,Bipolar,XXbac-BPG283O16.9,674,2636566,,,,False
primary,Retina 2,Bipolar,YAP1,674,2636566,0.0,0.0,0.0,True
primary,Retina 2,Bipolar,YIF1A,674,2636566,149.0,4.052009331788804,56.51290352678446,True
primary,Retina 2,Bipolar,ZNF280D,674,2636566,184.0,4.2596859156239,69.78774663710296,True
primary,Retina 2,Bipolar,ZNF638,674,2636566,454.0,5.154410501250032,172.1936792024171,True
primary,Retina 2,Bipolar,ZNF638-IT1,674,2636566,,,,False
primary,Retina 2,Amacrine,DGKG,34,181849,0.0,0.0,0.0,True
primary,Retina 2,Amacrine,SLC2A12,34,181849,0.0,0.0,0.0,True
primary,Retina 2,Amacrine,COL8A2,34,181849,0.0,0.0,0.0,True
primary,Retina 2,Amacrine,NPC2,34,181849,1.0,1.8716587678481733,5.499067907989596,True
primary,Retina 2,Amacrine,PSMC3,34,181849,22.0,4.803852948440055,120.9794939757711,True
primary,Retina 2,Amacrine,RP11-466F5.8,34,181849,0.0,0.0,0.0,True
primary,Retina 2,Amacrine,LPP,34,181849,7.0,3.676135477400612,38.49347535592717,True
primary,Retina 2,Amacrine,RP11-121M22.1,34,181849,0.0,0.0,0.0,True
primary,Retina 2,Amacrine,ABO,34,181849,0.0,0.0,0.0,True
primary,Retina 2,Amacrine,ADAMTS8,34,181849,0.0,0.0,0.0,True
primary,Retina 2,Amacrine,CALD1,34,181849,7.0,3.676135477400612,38.49347535592717,True
primary,Retina 2,Amacrine,CHEK2,34,181849,0.0,0.0,0.0,True
primary,Retina 2,Amacrine,GAS7,34,181849,0.0,0.0,0.0,True
primary,Retina 2,Amacrine,LMX1B,34,181849,,,,False
primary,Retina 2,Amacrine,TCF12,34,181849,5.0,3.349740548988842,27.495339539947977,True
primary,Retina 2,Amacrine,TMCO1,34,181849,29.0,5.078125513007781,159.47296933169827,True
primary,Retina 2,Amacrine,TRIB2,34,181849,7.0,3.676135477400612,38.49347535592717,True
primary,Retina 2,Amacrine,AC000078.5,34,181849,,,,False
primary,Retina 2,Amacrine,AC002066.1,34,181849,,,,False
primary,Retina 2,Amacrine,AC012066.1,34,181849,,,,False
primary,Retina 2,Amacrine,AC091132.1,34,181849,,,,False
primary,Retina 2,Amacrine,ACBD4,34,181849,3.0,2.86204108096035,16.497203723968788,True
primary,Retina 2,Amacrine,AFAP1,34,181849,0.0,0.0,0.0,True
primary,Retina 2,Amacrine,ALDH2,34,181849,10.0,4.025185231879784,54.990679079895955,True
primary,Retina 2,Amacrine,AP003068.23,34,181849,1.0,1.8716587678481733,5.499067907989596,True
primary,Retina 2,Amacrine,AP5B1,34,181849,0.0,0.0,0.0,True
primary,Retina 2,Amacrine,AREL1,34,181849,3.0,2.86204108096035,16.497203723968788,True
primary,Retina 2,Amacrine,ARHGAP27,34,181849,0.0,0.0,0.0,True
primary,Retina 2,Amacrine,ARHGEF12,34,181849,27.0,5.007128040972865,148.4748335157191,True
primary,Retina 2,Amacrine,ARL17A,34,181849,4.0,3.135332099830714,21.996271631958383,True
primary,Retina 2,Amacrine,ATP5J,34,181849,124.0,6.5263256221041,681.8844205907099,True
primary,Retina 2,Amacrine,BICC1,34,181849,2.0,2.4847512890517454,10.998135815979191,True
primary,Retina 2,Amacrine,BORA,34,181849,2.0,2.4847512890517454,10.998135815979191,True
primary,Retina 2,Amacrine,C1orf109,34,181849,7.0,3.676135477400612,38.49347535592717,True
primary,Retina 2,Amacrine,C1orf122,34,181849,29.0,5.078125513007781,159.47296933169827,True
primary,Retina 2,Amacrine,C22orf29,34,181849,4.0,3.135332099830714,21.996271631958383,True
primary,Retina 2,Amacrine,C6orf15,34,181849,,,,False
primary,Retina 2,Amacrine,CADM1,34,181849,8.0,3.8064967707933945,43.992543263916765,True
primary,Retina 2,Amacrine,CADM2,34,181849,45.0,5.515274041992508,247.4580558595318,True
primary,Retina 2,Amacrine,CAV2,34,181849,0.0,0.0,0.0,True
primary,Retina 2,Amacrine,CCDC117,34,181849,1.0,1.8716587678481733,5.499067907989596,True
primary,Retina 2,Amacrine,CDC14A,34,181849,0.0,0.0,0.0,True
primary,Retina 2,Amacrine,CDKN2A,34,181849,0.0,0.0,0.0,True
primary,Retina 2,Amacrine,CDKN2B-AS1,34,181849,0.0,0.0,0.0,True
primary,Retina 2,Amacrine,CELF1,34,181849,32.0,5.175981204563991,175.97017305566706,True
primary,Retina 2,Amacrine,CLIC5,34,181849,1.0,1.8716587678481733,5.499067907989596,True
primary,Retina 2,Amacrine,CMB9-22P13.1,34,181849,,,,False
primary,Retina 2,Amacrine,COL11A1,34,181849,0.0,0.0,0.0,True
primary,Retina 2,Amacrine,CRHR1,34,181849,0.0,0.0,0.0,True
primary,Retina 2,Amacrine,CTA-292E10.6,34,181849,2.0,2.4847512890517454,10.998135815979191,True
primary,Retina 2,Amacrine,CTB-39G8.3,34,181849,,,,False
primary,Retina 2,Amacrine,CTD-2005H7.1,34,181849,0.0,0.0,0.0,True
primary,Retina 2,Amacrine,CTD-2020K17.1,34,181849,1.0,1.8716587678481733,5.499067907989596,True
primary,Retina 2,Amacrine,CTD-2020K17.3,34,181849,0.0,0.0,0.0,True
primary,Retina 2,Amacrine,CTTNBP2,34,181849,52.0,5.659313320715283,285.951531215459,True
primary,Retina 2,Amacrine,DDX39BP2,34,181849,,,,False
primary,Retina 2,Amacrine,DIO1,34,181849,,,,False
primary,Retina 2,Amacrine,DND1P1,34,181849,,,,False
primary,Retina 2,Amacrine,DYSF,34,181849,0.0,0.0,0.0,True
primary,Retina 2,Amacrine,EFCAB13,34,181849,0.0,0.0,0.0,True
primary,Retina 2,Amacrine,EFEMP1,34,181849,0.0,0.0,0.0,True
primary,Retina 2,Amacrine,EHBP1L1,34,181849,0.0,0.0,0.0,True
primary,Retina 2,Amacrine,FAM215B,34,181849,38.0,5.346938852223502,208.96458050360465,True
primary,Retina 2,Amacrine,FAM83A,34,181849,,,,False
primary,Retina 2,Amacrine,FAM83A-AS1,34,181849,,,,False
primary,Retina 2,Amacrine,FAM89B,34,181849,7.0,3.676135477400612,38.49347535592717,True
primary,Retina 2,Amacrine,FHL3,34,181849,0.0,0.0,0.0,True
primary,Retina 2,Amacrine,FLOT1,34,181849,33.0,5.20658161615274,181.46924096365666,True
primary,Retina 2,Amacrine,FLVCR2,34,181849,0.0,0.0,0.0,True
primary,Retina 2,Amacrine,FMNL1,34,181849,0.0,0.0,0.0,True
primary,Retina 2,Amacrine,FNDC4,34,181849,2.0,2.4847512890517454,10.998135815979191,True
primary,Retina 2,Amacrine,GALR3,34,181849,,,,False
primary,Retina 2,Amacrine,GCAT,34,181849,5.0,3.349740548988842,27.495339539947977,True
primary,Retina 2,Amacrine,GLIS1,34,181849,0.0,0.0,0.0,True
primary,Retina 2,Amacrine,H1F0,34,181849,20.0,4.7093622427016975,109.98135815979191,True
primary,Retina 2,Amacrine,HCG4,34,181849,,,,False
primary,Retina 2,Amacrine,HCG4B,34,181849,,,,False
primary,Retina 2,Amacrine,HCG4P5,34,181849,,,,False
primary,Retina 2,Amacrine,HCG4P7,34,181849,,,,False
primary,Retina 2,Amacrine,HCG9,34,181849,0.0,0.0,0.0,True
primary,Retina 2,Amacrine,HCP5B,34,181849,0.0,0.0,0.0,True
primary,Retina 2,Amacrine,HECTD4,34,181849,8.0,3.8064967707933945,43.992543263916765,True
primary,Retina 2,Amacrine,HLA-A,34,181849,11.0,4.118870445269737,60.48974698788555,True
primary,Retina 2,Amacrine,HLA-C,34,181849,19.0,4.658543073913403,104.48229025180233,True
primary,Retina 2,Amacrine,HLA-F,34,181849,0.0,0.0,0.0,True
primary,Retina 2,Amacrine,HLA-F-AS1,34,181849,,,,False
primary,Retina 2,Amacrine,HLA-G,34,181849,0.0,0.0,0.0,True
primary,Retina 2,Amacrine,HLA-H,34,181849,,,,False
primary,Retina 2,Amacrine,HLA-J,34,181849,,,,False
primary,Retina 2,Amacrine,HLA-L,34,181849,,,,False
primary,Retina 2,Amacrine,HLA-T,34,181849,,,,False
primary,Retina 2,Amacrine,HLA-U,34,181849,,,,False
primary,Retina 2,Amacrine,HLA-V,34,181849,,,,False
primary,Retina 2,Amacrine,HLA-W,34,181849,,,,False
primary,Retina 2,Amacrine,HSCB,34,181849,6.0,3.5261960242613544,32.994407447937576,True
primary,Retina 2,Amacrine,HTRA3,34,181849,0.0,0.0,0.0,True
primary,Retina 2,Amacrine,IFITM4P,34,181849,,,,False
primary,Retina 2,Amacrine,IFT172,34,181849,1.0,1.8716587678481733,5.499067907989596,True
primary,Retina 2,Amacrine,INPP5B,34,181849,4.0,3.135332099830714,21.996271631958383,True
primary,Retina 2,Amacrine,ITGB3,34,181849,0.0,0.0,0.0,True
primary,Retina 2,Amacrine,KANSL1,34,181849,49.0,5.600103239267217,269.4543274914902,True
primary,Retina 2,Amacrine,KANSL1-AS1,34,181849,2.0,2.4847512890517454,10.998135815979191,True
primary,Retina 2,Amacrine,KHK,34,181849,5.0,3.349740548988842,27.495339539947977,True
primary,Retina 2,Amacrine,KLF5,34,181849,0.0,0.0,0.0,True
primary,Retina 2,Amacrine,KRT8P26,34,181849,,,,False
primary,Retina 2,Amacrine,LHPP,34,181849,3.0,2.86204108096035,16.497203723968788,True
primary,Retina 2,Amacrine,LINC01948,34,181849,0.0,0.0,0.0,True
primary,Retina 2,Amacrine,LINC02052,34,181849,,,,False
primary,Retina 2,Amacrine,LINC02210,34,181849,,,,False
primary,Retina 2,Amacrine,LMO4,34,181849,6.0,3.5261960242613544,32.994407447937576,True
primary,Retina 2,Amacrine,LMO7,34,181849,1.0,1.8716587678481733,5.499067907989596,True
primary,Retina 2,Amacrine,LOXL1,34,181849,0.0,0.0,0.0,True
primary,Retina 2,Amacrine,LOXL1-AS1,34,181849,0.0,0.0,0.0,True
primary,Retina 2,Amacrine,LRRC37A,34,181849,0.0,0.0,0.0,True
primary,Retina 2,Amacrine,LRRC37A17P,34,181849,,,,False
primary,Retina 2,Amacrine,LRRC37A2,34,181849,3.0,2.86204108096035,16.497203723968788,True
primary,Retina 2,Amacrine,LRRC37A4P,34,181849,,,,False
primary,Retina 2,Amacrine,LRWD1,34,181849,2.0,2.4847512890517454,10.998135815979191,True
primary,Retina 2,Amacrine,LTBP2,34,181849,0.0,0.0,0.0,True
primary,Retina 2,Amacrine,LTBP3,34,181849,3.0,2.86204108096035,16.497203723968788,True
primary,Retina 2,Amacrine,MADD,34,181849,24.0,4.890180917020534,131.9776297917503,True
primary,Retina 2,Amacrine,MAPK8IP1P1,34,181849,,,,False
primary,Retina 2,Amacrine,MAPK8IP1P2,34,181849,,,,False
primary,Retina 2,Amacrine,MAPT,34,181849,24.0,4.890180917020534,131.9776297917503,True
primary,Retina 2,Amacrine,MAPT-AS1,34,181849,0.0,0.0,0.0,True
primary,Retina 2,Amacrine,MAPT-IT1,34,181849,,,,False
primary,Retina 2,Amacrine,ME3,34,181849,1.0,1.8716587678481733,5.499067907989596,True
primary,Retina 2,Amacrine,MICE,34,181849,,,,False
primary,Retina 2,Amacrine,MOV10,34,181849,1.0,1.8716587678481733,5.499067907989596,True
primary,Retina 2,Amacrine,MRPL33,34,181849,54.0,5.696924569660691,296.9496670314382,True
primary,Retina 2,Amacrine,MTCH2,34,181849,12.0,4.2045256636020145,65.98881489587515,True
primary,Retina 2,Amacrine,MVB12B,34,181849,5.0,3.349740548988842,27.495339539947977,True
primary,Retina 2,Amacrine,Metazoa_SRP,34,181849,,,,False
primary,Retina 2,Amacrine,NEAT1,34,181849,37.0,5.320399318696871,203.46551259561505,True
primary,Retina 2,Amacrine,NMT1,34,181849,11.0,4.118870445269737,60.48974698788555,True
primary,Retina 2,Amacrine,NPEPPS,34,181849,24.0,4.890180917020534,131.9776297917503,True
primary,Retina 2,Amacrine,NRBP1,34,181849,8.0,3.8064967707933945,43.992543263916765,True
primary,Retina 2,Amacrine,NSF,34,181849,11.0,4.118870445269737,60.48974698788555,True
primary,Retina 2,Amacrine,NUCB2,34,181849,11.0,4.118870445269737,60.48974698788555,True
primary,Retina 2,Amacrine,NUDT7,34,181849,1.0,1.8716587678481733,5.499067907989596,True
primary,Retina 2,Amacrine,PDE6C,34,181849,0.0,0.0,0.0,True
primary,Retina 2,Amacrine,PGAM1P8,34,181849,,,,False
primary,Retina 2,Amacrine,PIBF1,34,181849,6.0,3.5261960242613544,32.994407447937576,True
primary,Retina 2,Amacrine,PIGC,34,181849,12.0,4.2045256636020145,65.98881489587515,True
primary,Retina 2,Amacrine,PKIB,34,181849,12.0,4.2045256636020145,65.98881489587515,True
primary,Retina 2,Amacrine,PLCE1,34,181849,0.0,0.0,0.0,True
primary,Retina 2,Amacrine,PLCE1-AS1,34,181849,,,,False
primary,Retina 2,Amacrine,PLEKHA7,34,181849,0.0,0.0,0.0,True
primary,Retina 2,Amacrine,PLEKHM1,34,181849,1.0,1.8716587678481733,5.499067907989596,True
primary,Retina 2,Amacrine,PPP1R18,34,181849,1.0,1.8716587678481733,5.499067907989596,True
primary,Retina 2,Amacrine,PRKCE,34,181849,1.0,1.8716587678481733,5.499067907989596,True
primary,Retina 2,Amacrine,PROX2,34,181849,,,,False
primary,Retina 2,Amacrine,PRSS23,34,181849,0.0,0.0,0.0,True
primary,Retina 2,Amacrine,PSORS1C3,34,181849,,,,False
primary,Retina 2,Amacrine,RAPSN,34,181849,0.0,0.0,0.0,True
primary,Retina 2,Amacrine,RERE,34,181849,47.0,5.558587870148423,258.456191675511,True
primary,Retina 2,Amacrine,RIC8B,34,181849,6.0,3.5261960242613544,32.994407447937576,True
primary,Retina 2,Amacrine,RORA,34,181849,26.0,4.969644991022143,142.9757656077295,True
primary,Retina 2,Amacrine,RP11-123K19.1,34,181849,,,,False
primary,Retina 2,Amacrine,RP11-136H19.1,34,181849,,,,False
primary,Retina 2,Amacrine,RP11-149I2.4,34,181849,,,,False
primary,Retina 2,Amacrine,RP11-162I7.1,34,181849,,,,False
primary,Retina 2,Amacrine,RP11-17G12.2,34,181849,,,,False
primary,Retina 2,Amacrine,RP11-205K6.1,34,181849,,,,False
primary,Retina 2,Amacrine,RP11-217B7.2,34,181849,0.0,0.0,0.0,True
primary,Retina 2,Amacrine,RP11-259A24.1,34,181849,,,,False
primary,Retina 2,Amacrine,RP11-259G18.1,34,181849,,,,False
primary,Retina 2,Amacrine,RP11-259G18.3,34,181849,,,,False
primary,Retina 2,Amacrine,RP11-293E1.1,34,181849,,,,False
primary,Retina 2,Amacrine,RP11-293E1.2,34,181849,,,,False
primary,Retina 2,Amacrine,RP11-302L19.3,34,181849,0.0,0.0,0.0,True
primary,Retina 2,Amacrine,RP11-403A3.3,34,181849,0.0,0.0,0.0,True
primary,Retina 2,Amacrine,RP11-412D9.4,34,181849,5.0,3.349740548988842,27.495339539947977,True
primary,Retina 2,Amacrine,RP11-507B12.1,34,181849,,,,False
primary,Retina 2,Amacrine,RP11-507B12.2,34,181849,0.0,0.0,0.0,True
primary,Retina 2,Amacrine,RP11-669E14.6,34,181849,0.0,0.0,0.0,True
primary,Retina 2,Amacrine,RP11-707O23.1,34,181849,,,,False
primary,Retina 2,Amacrine,RP11-750H9.5,34,181849,,,,False
primary,Retina 2,Amacrine,RP11-755F10.1,34,181849,0.0,0.0,0.0,True
primary,Retina 2,Amacrine,RP11-762L8.6,34,181849,,,,False
primary,Retina 2,Amacrine,RP11-770G2.2,34,181849,,,,False
primary,Retina 2,Amacrine,RP11-798G7.6,34,181849,0.0,0.0,0.0,True
primary,Retina 2,Amacrine,RP11-798G7.8,34,181849,,,,False
primary,Retina 2,Amacrine,RP5-1115A15.1,34,181849,0.0,0.0,0.0,True
primary,Retina 2,Amacrine,RPS26P8,34,181849,,,,False
primary,Retina 2,Amacrine,SCRN2,34,181849,4.0,3.135332099830714,21.996271631958383,True
primary,Retina 2,Amacrine,SEMA3E,34,181849,0.0,0.0,0.0,True
primary,Retina 2,Amacrine,SEPT7,34,181849,124.0,6.5263256221041,681.8844205907099,True
primary,Retina 2,Amacrine,SF3A3,34,181849,10.0,4.025185231879784,54.990679079895955,True
primary,Retina 2,Amacrine,SFTA1P,34,181849,0.0,0.0,0.0,True
primary,Retina 2,Amacrine,SGSM2,34,181849,0.0,0.0,0.0,True
primary,Retina 2,Amacrine,SLC25A45,34,181849,2.0,2.4847512890517454,10.998135815979191,True
primary,Retina 2,Amacrine,SLC39A13,34,181849,9.0,3.921807207074827,49.491611171906364,True
primary,Retina 2,Amacrine,SMAD6,34,181849,0.0,0.0,0.0,True
primary,Retina 2,Amacrine,SNORD14A,34,181849,,,,False
primary,Retina 2,Amacrine,SSSCA1-AS1,34,181849,,,,False
primary,Retina 2,Amacrine,TARID,34,181849,0.0,0.0,0.0,True
primary,Retina 2,Amacrine,TBC1D31,34,181849,2.0,2.4847512890517454,10.998135815979191,True
primary,Retina 2,Amacrine,TBKBP1,34,181849,3.0,2.86204108096035,16.497203723968788,True
primary,Retina 2,Amacrine,TBPL1,34,181849,12.0,4.2045256636020145,65.98881489587515,True
primary,Retina 2,Amacrine,TGFB3,34,181849,2.0,2.4847512890517454,10.998135815979191,True
primary,Retina 2,Amacrine,THCAT158,34,181849,0.0,0.0,0.0,True
primary,Retina 2,Amacrine,THSD7A,34,181849,2.0,2.4847512890517454,10.998135815979191,True
primary,Retina 2,Amacrine,TIGD3,34,181849,6.0,3.5261960242613544,32.994407447937576,True
primary,Retina 2,Amacrine,TMEM116,34,181849,5.0,3.349740548988842,27.495339539947977,True
primary,Retina 2,Amacrine,TMEM136,34,181849,4.0,3.135332099830714,21.996271631958383,True
primary,Retina 2,Amacrine,TMEM181,34,181849,9.0,3.921807207074827,49.491611171906364,True
primary,Retina 2,Amacrine,TMEM263,34,181849,4.0,3.135332099830714,21.996271631958383,True
primary,Retina 2,Amacrine,TRIM26,34,181849,1.0,1.8716587678481733,5.499067907989596,True
primary,Retina 2,Amacrine,TRIOBP,34,181849,1.0,1.8716587678481733,5.499067907989596,True
primary,Retina 2,Amacrine,TSC22D2,34,181849,6.0,3.5261960242613544,32.994407447937576,True
primary,Retina 2,Amacrine,TTC28,34,181849,15.0,4.424679176158371,82.48601861984393,True
primary,Retina 2,Amacrine,TTLL5,34,181849,2.0,2.4847512890517454,10.998135815979191,True
primary,Retina 2,Amacrine,TXNDC8,34,181849,,,,False
primary,Retina 2,Amacrine,TXNRD2,34,181849,3.0,2.86204108096035,16.497203723968788,True
primary,Retina 2,Amacrine,UTP11,34,181849,8.0,3.8064967707933945,43.992543263916765,True
primary,Retina 2,Amacrine,VARS2,34,181849,3.0,2.86204108096035,16.497203723968788,True
primary,Retina 2,Amacrine,VCAM1,34,181849,0.0,0.0,0.0,True
primary,Retina 2,Amacrine,WLS,34,181849,0.0,0.0,0.0,True
primary,Retina 2,Amacrine,WNT2B,34,181849,5.0,3.349740548988842,27.495339539947977,True
primary,Retina 2,Amacrine,XRCC6P1,34,181849,,,,False
primary,Retina 2,Amacrine,XXbac-BPG170G13.32,34,181849,0.0,0.0,0.0,True
primary,Retina 2,Amacrine,XXbac-BPG283O16.9,34,181849,,,,False
primary,Retina 2,Amacrine,YAP1,34,181849,0.0,0.0,0.0,True
primary,Retina 2,Amacrine,YIF1A,34,181849,7.0,3.676135477400612,38.49347535592717,True
primary,Retina 2,Amacrine,ZNF280D,34,181849,17.0,4.548432142512384,93.48415443582313,True
primary,Retina 2,Amacrine,ZNF638,34,181849,30.0,5.111819323803862,164.97203723968786,True
primary,Retina 2,Amacrine,ZNF638-IT1,34,181849,,,,False
primary,Retina 2,Horizontal,DGKG,16,83851,0.0,0.0,0.0,True
primary,Retina 2,Horizontal,SLC2A12,16,83851,0.0,0.0,0.0,True
primary,Retina 2,Horizontal,COL8A2,16,83851,0.0,0.0,0.0,True
primary,Retina 2,Horizontal,NPC2,16,83851,3.0,3.604893005381446,35.77774862553816,True
primary,Retina 2,Horizontal,PSMC3,16,83851,7.0,4.436531551110469,83.48141345958904,True
primary,Retina 2,Horizontal,RP11-466F5.8,16,83851,0.0,0.0,0.0,True
primary,Retina 2,Horizontal,LPP,16,83851,0.0,0.0,0.0,True
primary,Retina 2,Horizontal,RP11-121M22.1,16,83851,0.0,0.0,0.0,True
primary,Retina 2,Horizontal,ABO,16,83851,0.0,0.0,0.0,True
primary,Retina 2,Horizontal,ADAMTS8,16,83851,0.0,0.0,0.0,True
primary,Retina 2,Horizontal,CALD1,16,83851,8.0,4.56858223262754,95.40732966810175,True
primary,Retina 2,Horizontal,CHEK2,16,83851,0.0,0.0,0.0,True
primary,Retina 2,Horizontal,GAS7,16,83851,1.0,2.5592343044208627,11.925916208512719,True
primary,Retina 2,Horizontal,LMX1B,16,83851,,,,False
primary,Retina 2,Horizontal,TCF12,16,83851,1.0,2.5592343044208627,11.925916208512719,True
primary,Retina 2,Horizontal,TMCO1,16,83851,11.0,4.88420304883554,131.18507829363992,True
primary,Retina 2,Horizontal,TRIB2,16,83851,1.0,2.5592343044208627,11.925916208512719,True
primary,Retina 2,Horizontal,AC000078.5,16,83851,,,,False
primary,Retina 2,Horizontal,AC002066.1,16,83851,,,,False
primary,Retina 2,Horizontal,AC012066.1,16,83851,,,,False
primary,Retina 2,Horizontal,AC091132.1,16,83851,,,,False
primary,Retina 2,Horizontal,ACBD4,16,83851,1.0,2.5592343044208627,11.925916208512719,True
primary,Retina 2,Horizontal,AFAP1,16,83851,1.0,2.5592343044208627,11.925916208512719,True
primary,Retina 2,Horizontal,ALDH2,16,83851,4.0,3.885754280523091,47.703664834050876,True
primary,Retina 2,Horizontal,AP003068.23,16,83851,0.0,0.0,0.0,True
primary,Retina 2,Horizontal,AP5B1,16,83851,0.0,0.0,0.0,True
primary,Retina 2,Horizontal,AREL1,16,83851,0.0,0.0,0.0,True
primary,Retina 2,Horizontal,ARHGAP27,16,83851,0.0,0.0,0.0,True
primary,Retina 2,Horizontal,ARHGEF12,16,83851,6.0,4.284351748355948,71.55549725107632,True
primary,Retina 2,Horizontal,ARL17A,16,83851,3.0,3.604893005381446,35.77774862553816,True
primary,Retina 2,Horizontal,ATP5J,16,83851,44.0,6.264807389638102,524.7403131745597,True
primary,Retina 2,Horizontal,BICC1,16,83851,0.0,0.0,0.0,True
primary,Retina 2,Horizontal,BORA,16,83851,1.0,2.5592343044208627,11.925916208512719,True
primary,Retina 2,Horizontal,C1orf109,16,83851,2.0,3.2129314889397547,23.851832417025438,True
primary,Retina 2,Horizontal,C1orf122,16,83851,8.0,4.56858223262754,95.40732966810175,True
primary,Retina 2,Horizontal,C22orf29,16,83851,2.0,3.2129314889397547,23.851832417025438,True
primary,Retina 2,Horizontal,C6orf15,16,83851,,,,False
primary,Retina 2,Horizontal,CADM1,16,83851,6.0,4.284351748355948,71.55549725107632,True
primary,Retina 2,Horizontal,CADM2,16,83851,10.0,4.789649098059519,119.25916208512719,True
primary,Retina 2,Horizontal,CAV2,16,83851,0.0,0.0,0.0,True
primary,Retina 2,Horizontal,CCDC117,16,83851,1.0,2.5592343044208627,11.925916208512719,True
primary,Retina 2,Horizontal,CDC14A,16,83851,0.0,0.0,0.0,True
primary,Retina 2,Horizontal,CDKN2A,16,83851,0.0,0.0,0.0,True
primary,Retina 2,Horizontal,CDKN2B-AS1,16,83851,0.0,0.0,0.0,True
primary,Retina 2,Horizontal,CELF1,16,83851,7.0,4.436531551110469,83.48141345958904,True
primary,Retina 2,Horizontal,CLIC5,16,83851,0.0,0.0,0.0,True
primary,Retina 2,Horizontal,CMB9-22P13.1,16,83851,,,,False
primary,Retina 2,Horizontal,COL11A1,16,83851,0.0,0.0,0.0,True
primary,Retina 2,Horizontal,CRHR1,16,83851,0.0,0.0,0.0,True
primary,Retina 2,Horizontal,CTA-292E10.6,16,83851,0.0,0.0,0.0,True
primary,Retina 2,Horizontal,CTB-39G8.3,16,83851,,,,False
primary,Retina 2,Horizontal,CTD-2005H7.1,16,83851,0.0,0.0,0.0,True
primary,Retina 2,Horizontal,CTD-2020K17.1,16,83851,0.0,0.0,0.0,True
primary,Retina 2,Horizontal,CTD-2020K17.3,16,83851,0.0,0.0,0.0,True
primary,Retina 2,Horizontal,CTTNBP2,16,83851,24.0,5.660255397628707,286.22198900430527,True
primary,Retina 2,Horizontal,DDX39BP2,16,83851,,,,False
primary,Retina 2,Horizontal,DIO1,16,83851,,,,False
primary,Retina 2,Horizontal,DND1P1,16,83851,,,,False
primary,Retina 2,Horizontal,DYSF,16,83851,0.0,0.0,0.0,True
primary,Retina 2,Horizontal,EFCAB13,16,83851,1.0,2.5592343044208627,11.925916208512719,True
primary,Retina 2,Horizontal,EFEMP1,16,83851,0.0,0.0,0.0,True
primary,Retina 2,Horizontal,EHBP1L1,16,83851,0.0,0.0,0.0,True
primary,Retina 2,Horizontal,FAM215B,16,83851,11.0,4.88420304883554,131.18507829363992,True
primary,Retina 2,Horizontal,FAM83A,16,83851,,,,False
primary,Retina 2,Horizontal,FAM83A-AS1,16,83851,,,,False
primary,Retina 2,Horizontal,FAM89B,16,83851,2.0,3.2129314889397547,23.851832417025438,True
primary,Retina 2,Horizontal,FHL3,16,83851,0.0,0.0,0.0,True
primary,Retina 2,Horizontal,FLOT1,16,83851,5.0,4.104782909991541,59.62958104256359,True
primary,Retina 2,Horizontal,FLVCR2,16,83851,0.0,0.0,0.0,True
primary,Retina 2,Horizontal,FMNL1,16,83851,0.0,0.0,0.0,True
primary,Retina 2,Horizontal,FNDC4,16,83851,1.0,2.5592343044208627,11.925916208512719,True
primary,Retina 2,Horizontal,GALR3,16,83851,,,,False
primary,Retina 2,Horizontal,GCAT,16,83851,0.0,0.0,0.0,True
primary,Retina 2,Horizontal,GLIS1,16,83851,0.0,0.0,0.0,True
primary,Retina 2,Horizontal,H1F0,16,83851,15.0,5.192338566056478,178.8887431276908,True
primary,Retina 2,Horizontal,HCG4,16,83851,,,,False
primary,Retina 2,Horizontal,HCG4B,16,83851,,,,False
primary,Retina 2,Horizontal,HCG4P5,16,83851,,,,False
primary,Retina 2,Horizontal,HCG4P7,16,83851,,,,False
primary,Retina 2,Horizontal,HCG9,16,83851,0.0,0.0,0.0,True
primary,Retina 2,Horizontal,HCP5B,16,83851,0.0,0.0,0.0,True
primary,Retina 2,Horizontal,HECTD4,16,83851,0.0,0.0,0.0,True
primary,Retina 2,Horizontal,HLA-A,16,83851,2.0,3.2129314889397547,23.851832417025438,True
primary,Retina 2,Horizontal,HLA-C,16,83851,32.0,5.947066684160147,381.629318672407,True
primary,Retina 2,Horizontal,HLA-F,16,83851,1.0,2.5592343044208627,11.925916208512719,True
primary,Retina 2,Horizontal,HLA-F-AS1,16,83851,,,,False
primary,Retina 2,Horizontal,HLA-G,16,83851,0.0,0.0,0.0,True
primary,Retina 2,Horizontal,HLA-H,16,83851,,,,False
primary,Retina 2,Horizontal,HLA-J,16,83851,,,,False
primary,Retina 2,Horizontal,HLA-L,16,83851,,,,False
primary,Retina 2,Horizontal,HLA-T,16,83851,,,,False
primary,Retina 2,Horizontal,HLA-U,16,83851,,,,False
primary,Retina 2,Horizontal,HLA-V,16,83851,,,,False
primary,Retina 2,Horizontal,HLA-W,16,83851,,,,False
primary,Retina 2,Horizontal,HSCB,16,83851,0.0,0.0,0.0,True
primary,Retina 2,Horizontal,HTRA3,16,83851,0.0,0.0,0.0,True
primary,Retina 2,Horizontal,IFITM4P,16,83851,,,,False
primary,Retina 2,Horizontal,IFT172,16,83851,0.0,0.0,0.0,True
primary,Retina 2,Horizontal,INPP5B,16,83851,2.0,3.2129314889397547,23.851832417025438,True
primary,Retina 2,Horizontal,ITGB3,16,83851,0.0,0.0,0.0,True
primary,Retina 2,Horizontal,KANSL1,16,83851,11.0,4.88420304883554,131.18507829363992,True
primary,Retina 2,Horizontal,KANSL1-AS1,16,83851,5.0,4.104782909991541,59.62958104256359,True
primary,Retina 2,Horizontal,KHK,16,83851,1.0,2.5592343044208627,11.925916208512719,True
primary,Retina 2,Horizontal,KLF5,16,83851,2.0,3.2129314889397547,23.851832417025438,True
primary,Retina 2,Horizontal,KRT8P26,16,83851,,,,False
primary,Retina 2,Horizontal,LHPP,16,83851,5.0,4.104782909991541,59.62958104256359,True
primary,Retina 2,Horizontal,LINC01948,16,83851,0.0,0.0,0.0,True
primary,Retina 2,Horizontal,LINC02052,16,83851,,,,False
primary,Retina 2,Horizontal,LINC02210,16,83851,,,,False
primary,Retina 2,Horizontal,LMO4,16,83851,8.0,4.56858223262754,95.40732966810175,True
primary,Retina 2,Horizontal,LMO7,16,83851,0.0,0.0,0.0,True
primary,Retina 2,Horizontal,LOXL1,16,83851,0.0,0.0,0.0,True
primary,Retina 2,Horizontal,LOXL1-AS1,16,83851,0.0,0.0,0.0,True
primary,Retina 2,Horizontal,LRRC37A,16,83851,0.0,0.0,0.0,True
primary,Retina 2,Horizontal,LRRC37A17P,16,83851,,,,False
primary,Retina 2,Horizontal,LRRC37A2,16,83851,2.0,3.2129314889397547,23.851832417025438,True
primary,Retina 2,Horizontal,LRRC37A4P,16,83851,,,,False
primary,Retina 2,Horizontal,LRWD1,16,83851,1.0,2.5592343044208627,11.925916208512719,True
primary,Retina 2,Horizontal,LTBP2,16,83851,0.0,0.0,0.0,True
primary,Retina 2,Horizontal,LTBP3,16,83851,2.0,3.2129314889397547,23.851832417025438,True
primary,Retina 2,Horizontal,MADD,16,83851,6.0,4.284351748355948,71.55549725107632,True
primary,Retina 2,Horizontal,MAPK8IP1P1,16,83851,,,,False
primary,Retina 2,Horizontal,MAPK8IP1P2,16,83851,,,,False
primary,Retina 2,Horizontal,MAPT,16,83851,32.0,5.947066684160147,381.629318672407,True
primary,Retina 2,Horizontal,MAPT-AS1,16,83851,1.0,2.5592343044208627,11.925916208512719,True
primary,Retina 2,Horizontal,MAPT-IT1,16,83851,,,,False
primary,Retina 2,Horizontal,ME3,16,83851,1.0,2.5592343044208627,11.925916208512719,True
primary,Retina 2,Horizontal,MICE,16,83851,,,,False
primary,Retina 2,Horizontal,MOV10,16,83851,0.0,0.0,0.0,True
primary,Retina 2,Horizontal,MRPL33,16,83851,43.0,6.241862104847728,512.814396966047,True
primary,Retina 2,Horizontal,MTCH2,16,83851,4.0,3.885754280523091,47.703664834050876,True
primary,Retina 2,Horizontal,MVB12B,16,83851,0.0,0.0,0.0,True
primary,Retina 2,Horizontal,Metazoa_SRP,16,83851,,,,False
primary,Retina 2,Horizontal,NEAT1,16,83851,108.0,7.161621188756834,1287.9989505193737,True
primary,Retina 2,Horizontal,NMT1,16,83851,8.0,4.56858223262754,95.40732966810175,True
primary,Retina 2,Horizontal,NPEPPS,16,83851,10.0,4.789649098059519,119.25916208512719,True
primary,Retina 2,Horizontal,NRBP1,16,83851,9.0,4.685212086368512,107.33324587661447,True
primary,Retina 2,Horizontal,NSF,16,83851,3.0,3.604893005381446,35.77774862553816,True
primary,Retina 2,Horizontal,NUCB2,16,83851,7.0,4.436531551110469,83.48141345958904,True
primary,Retina 2,Horizontal,NUDT7,16,83851,0.0,0.0,0.0,True
primary,Retina 2,Horizontal,PDE6C,16,83851,0.0,0.0,0.0,True
primary,Retina 2,Horizontal,PGAM1P8,16,83851,,,,False
primary,Retina 2,Horizontal,PIBF1,16,83851,1.0,2.5592343044208627,11.925916208512719,True
primary,Retina 2,Horizontal,PIGC,16,83851,7.0,4.436531551110469,83.48141345958904,True
primary,Retina 2,Horizontal,PKIB,16,83851,2.0,3.2129314889397547,23.851832417025438,True
primary,Retina 2,Horizontal,PLCE1,16,83851,0.0,0.0,0.0,True
primary,Retina 2,Horizontal,PLCE1-AS1,16,83851,,,,False
primary,Retina 2,Horizontal,PLEKHA7,16,83851,0.0,0.0,0.0,True
primary,Retina 2,Horizontal,PLEKHM1,16,83851,0.0,0.0,0.0,True
primary,Retina 2,Horizontal,PPP1R18,16,83851,0.0,0.0,0.0,True
primary,Retina 2,Horizontal,PRKCE,16,83851,0.0,0.0,0.0,True
primary,Retina 2,Horizontal,PROX2,16,83851,,,,False
primary,Retina 2,Horizontal,PRSS23,16,83851,1.0,2.5592343044208627,11.925916208512719,True
primary,Retina 2,Horizontal,PSORS1C3,16,83851,,,,False
primary,Retina 2,Horizontal,RAPSN,16,83851,0.0,0.0,0.0,True
primary,Retina 2,Horizontal,RERE,16,83851,8.0,4.56858223262754,95.40732966810175,True
primary,Retina 2,Horizontal,RIC8B,16,83851,1.0,2.5592343044208627,11.925916208512719,True
primary,Retina 2,Horizontal,RORA,16,83851,38.0,6.118504198737228,453.1848159234833,True
primary,Retina 2,Horizontal,RP11-123K19.1,16,83851,,,,False
primary,Retina 2,Horizontal,RP11-136H19.1,16,83851,,,,False
primary,Retina 2,Horizontal,RP11-149I2.4,16,83851,,,,False
primary,Retina 2,Horizontal,RP11-162I7.1,16,83851,,,,False
primary,Retina 2,Horizontal,RP11-17G12.2,16,83851,,,,False
primary,Retina 2,Horizontal,RP11-205K6.1,16,83851,,,,False
primary,Retina 2,Horizontal,RP11-217B7.2,16,83851,0.0,0.0,0.0,True
primary,Retina 2,Horizontal,RP11-259A24.1,16,83851,,,,False
primary,Retina 2,Horizontal,RP11-259G18.1,16,83851,,,,False
primary,Retina 2,Horizontal,RP11-259G18.3,16,83851,,,,False
primary,Retina 2,Horizontal,RP11-293E1.1,16,83851,,,,False
primary,Retina 2,Horizontal,RP11-293E1.2,16,83851,,,,False
primary,Retina 2,Horizontal,RP11-302L19.3,16,83851,0.0,0.0,0.0,True
primary,Retina 2,Horizontal,RP11-403A3.3,16,83851,0.0,0.0,0.0,True
primary,Retina 2,Horizontal,RP11-412D9.4,16,83851,5.0,4.104782909991541,59.62958104256359,True
primary,Retina 2,Horizontal,RP11-507B12.1,16,83851,,,,False
primary,Retina 2,Horizontal,RP11-507B12.2,16,83851,0.0,0.0,0.0,True
primary,Retina 2,Horizontal,RP11-669E14.6,16,83851,0.0,0.0,0.0,True
primary,Retina 2,Horizontal,RP11-707O23.1,16,83851,,,,False
primary,Retina 2,Horizontal,RP11-750H9.5,16,83851,,,,False
primary,Retina 2,Horizontal,RP11-755F10.1,16,83851,0.0,0.0,0.0,True
primary,Retina 2,Horizontal,RP11-762L8.6,16,83851,,,,False
primary,Retina 2,Horizontal,RP11-770G2.2,16,83851,,,,False
primary,Retina 2,Horizontal,RP11-798G7.6,16,83851,0.0,0.0,0.0,True
primary,Retina 2,Horizontal,RP11-798G7.8,16,83851,,,,False
primary,Retina 2,Horizontal,RP5-1115A15.1,16,83851,0.0,0.0,0.0,True
primary,Retina 2,Horizontal,RPS26P8,16,83851,,,,False
primary,Retina 2,Horizontal,SCRN2,16,83851,3.0,3.604893005381446,35.77774862553816,True
primary,Retina 2,Horizontal,SEMA3E,16,83851,0.0,0.0,0.0,True
primary,Retina 2,Horizontal,SEPT7,16,83851,178.0,7.660968377131321,2122.813085115264,True
primary,Retina 2,Horizontal,SF3A3,16,83851,10.0,4.789649098059519,119.25916208512719,True
primary,Retina 2,Horizontal,SFTA1P,16,83851,0.0,0.0,0.0,True
primary,Retina 2,Horizontal,SGSM2,16,83851,1.0,2.5592343044208627,11.925916208512719,True
primary,Retina 2,Horizontal,SLC25A45,16,83851,0.0,0.0,0.0,True
primary,Retina 2,Horizontal,SLC39A13,16,83851,5.0,4.104782909991541,59.62958104256359,True
primary,Retina 2,Horizontal,SMAD6,16,83851,0.0,0.0,0.0,True
primary,Retina 2,Horizontal,SNORD14A,16,83851,,,,False
primary,Retina 2,Horizontal,SSSCA1-AS1,16,83851,,,,False
primary,Retina 2,Horizontal,TARID,16,83851,0.0,0.0,0.0,True
primary,Retina 2,Horizontal,TBC1D31,16,83851,0.0,0.0,0.0,True
primary,Retina 2,Horizontal,TBKBP1,16,83851,0.0,0.0,0.0,True
primary,Retina 2,Horizontal,TBPL1,16,83851,4.0,3.885754280523091,47.703664834050876,True
primary,Retina 2,Horizontal,TGFB3,16,83851,0.0,0.0,0.0,True
primary,Retina 2,Horizontal,THCAT158,16,83851,0.0,0.0,0.0,True
primary,Retina 2,Horizontal,THSD7A,16,83851,15.0,5.192338566056478,178.8887431276908,True
primary,Retina 2,Horizontal,TIGD3,16,83851,0.0,0.0,0.0,True
primary,Retina 2,Horizontal,TMEM116,16,83851,0.0,0.0,0.0,True
primary,Retina 2,Horizontal,TMEM136,16,83851,3.0,3.604893005381446,35.77774862553816,True
primary,Retina 2,Horizontal,TMEM181,16,83851,2.0,3.2129314889397547,23.851832417025438,True
primary,Retina 2,Horizontal,TMEM263,16,83851,1.0,2.5592343044208627,11.925916208512719,True
primary,Retina 2,Horizontal,TRIM26,16,83851,2.0,3.2129314889397547,23.851832417025438,True
primary,Retina 2,Horizontal,TRIOBP,16,83851,0.0,0.0,0.0,True
primary,Retina 2,Horizontal,TSC22D2,16,83851,2.0,3.2129314889397547,23.851832417025438,True
primary,Retina 2,Horizontal,TTC28,16,83851,0.0,0.0,0.0,True
primary,Retina 2,Horizontal,TTLL5,16,83851,1.0,2.5592343044208627,11.925916208512719,True
primary,Retina 2,Horizontal,TXNDC8,16,83851,,,,False
primary,Retina 2,Horizontal,TXNRD2,16,83851,2.0,3.2129314889397547,23.851832417025438,True
primary,Retina 2,Horizontal,UTP11,16,83851,5.0,4.104782909991541,59.62958104256359,True
primary,Retina 2,Horizontal,VARS2,16,83851,0.0,0.0,0.0,True
primary,Retina 2,Horizontal,VCAM1,16,83851,0.0,0.0,0.0,True
primary,Retina 2,Horizontal,WLS,16,83851,0.0,0.0,0.0,True
primary,Retina 2,Horizontal,WNT2B,16,83851,0.0,0.0,0.0,True
primary,Retina 2,Horizontal,XRCC6P1,16,83851,,,,False
primary,Retina 2,Horizontal,XXbac-BPG170G13.32,16,83851,0.0,0.0,0.0,True
primary,Retina 2,Horizontal,XXbac-BPG283O16.9,16,83851,,,,False
primary,Retina 2,Horizontal,YAP1,16,83851,0.0,0.0,0.0,True
primary,Retina 2,Horizontal,YIF1A,16,83851,5.0,4.104782909991541,59.62958104256359,True
primary,Retina 2,Horizontal,ZNF280D,16,83851,8.0,4.56858223262754,95.40732966810175,True
primary,Retina 2,Horizontal,ZNF638,16,83851,15.0,5.192338566056478,178.8887431276908,True
primary,Retina 2,Horizontal,ZNF638-IT1,16,83851,,,,False
primary,Retina 2,RGC,DGKG,70,285450,1.0,1.5047972481677807,3.5032404974601508,True
primary,Retina 2,RGC,SLC2A12,70,285450,0.0,0.0,0.0,True
primary,Retina 2,RGC,COL8A2,70,285450,1.0,1.5047972481677807,3.5032404974601508,True
primary,Retina 2,RGC,NPC2,70,285450,9.0,3.482137055468694,31.529164477141357,True
primary,Retina 2,RGC,PSMC3,70,285450,27.0,4.560041989652403,94.58749343142406,True
primary,Retina 2,RGC,RP11-466F5.8,70,285450,1.0,1.5047972481677807,3.5032404974601508,True
primary,Retina 2,RGC,LPP,70,285450,6.0,3.0919258350963363,21.019442984760904,True
primary,Retina 2,RGC,RP11-121M22.1,70,285450,1.0,1.5047972481677807,3.5032404974601508,True
primary,Retina 2,RGC,ABO,70,285450,0.0,0.0,0.0,True
primary,Retina 2,RGC,ADAMTS8,70,285450,0.0,0.0,0.0,True
primary,Retina 2,RGC,CALD1,70,285450,45.0,5.066674185414661,157.64582238570677,True
primary,Retina 2,RGC,CHEK2,70,285450,2.0,2.080251338071251,7.0064809949203015,True
primary,Retina 2,RGC,GAS7,70,285450,46.0,5.08851605341604,161.14906288316692,True
primary,Retina 2,RGC,LMX1B,70,285450,,,,False
primary,Retina 2,RGC,TCF12,70,285450,10.0,3.5844186717580584,35.032404974601505,True
primary,Retina 2,RGC,TMCO1,70,285450,50.0,5.171404167419023,175.16202487300754,True
primary,Retina 2,RGC,TRIB2,70,285450,10.0,3.5844186717580584,35.032404974601505,True
primary,Retina 2,RGC,AC000078.5,70,285450,,,,False
primary,Retina 2,RGC,AC002066.1,70,285450,,,,False
primary,Retina 2,RGC,AC012066.1,70,285450,,,,False
primary,Retina 2,RGC,AC091132.1,70,285450,,,,False
primary,Retina 2,RGC,ACBD4,70,285450,6.0,3.0919258350963363,21.019442984760904,True
primary,Retina 2,RGC,AFAP1,70,285450,1.0,1.5047972481677807,3.5032404974601508,True
primary,Retina 2,RGC,ALDH2,70,285450,10.0,3.5844186717580584,35.032404974601505,True
primary,Retina 2,RGC,AP003068.23,70,285450,0.0,0.0,0.0,True
primary,Retina 2,RGC,AP5B1,70,285450,0.0,0.0,0.0,True
primary,Retina 2,RGC,AREL1,70,285450,4.0,2.708913960610577,14.012961989840603,True
primary,Retina 2,RGC,ARHGAP27,70,285450,0.0,0.0,0.0,True
primary,Retina 2,RGC,ARHGEF12,70,285450,56.0,5.284124461371993,196.18146785776844,True
primary,Retina 2,RGC,ARL17A,70,285450,11.0,3.677202681987859,38.53564547206166,True
primary,Retina 2,RGC,ATP5J,70,285450,179.0,6.4426676249777675,627.080049045367,True
primary,Retina 2,RGC,BICC1,70,285450,2.0,2.080251338071251,7.0064809949203015,True
primary,Retina 2,RGC,BORA,70,285450,0.0,0.0,0.0,True
primary,Retina 2,RGC,C1orf109,70,285450,7.0,3.2395676050731415,24.522683482221055,True
primary,Retina 2,RGC,C1orf122,70,285450,60.0,5.352779177656702,210.19442984760903,True
primary,Retina 2,RGC,C22orf29,70,285450,5.0,2.918646158910738,17.516202487300752,True
primary,Retina 2,RGC,C6orf15,70,285450,,,,False
primary,Retina 2,RGC,CADM1,70,285450,47.0,5.109891033754132,164.65230338062707,True
primary,Retina 2,RGC,CADM2,70,285450,93.0,5.789352543710873,325.801366263794,True
primary,Retina 2,RGC,CAV2,70,285450,19.0,4.2130393221573845,66.56156945174286,True
primary,Retina 2,RGC,CCDC117,70,285450,4.0,2.708913960610577,14.012961989840603,True
primary,Retina 2,RGC,CDC14A,70,285450,1.0,1.5047972481677807,3.5032404974601508,True
primary,Retina 2,RGC,CDKN2A,70,285450,0.0,0.0,0.0,True
primary,Retina 2,RGC,CDKN2B-AS1,70,285450,0.0,0.0,0.0,True
primary,Retina 2,RGC,CELF1,70,285450,29.0,4.630779202224,101.59397442634437,True
primary,Retina 2,RGC,CLIC5,70,285450,0.0,0.0,0.0,True
primary,Retina 2,RGC,CMB9-22P13.1,70,285450,,,,False
primary,Retina 2,RGC,COL11A1,70,285450,18.0,4.159794058206725,63.058328954282715,True
primary,Retina 2,RGC,CRHR1,70,285450,0.0,0.0,0.0,True
primary,Retina 2,RGC,CTA-292E10.6,70,285450,3.0,2.443192025428046,10.509721492380452,True
primary,Retina 2,RGC,CTB-39G8.3,70,285450,,,,False
primary,Retina 2,RGC,CTD-2005H7.1,70,285450,0.0,0.0,0.0,True
primary,Retina 2,RGC,CTD-2020K17.1,70,285450,3.0,2.443192025428046,10.509721492380452,True
primary,Retina 2,RGC,CTD-2020K17.3,70,285450,1.0,1.5047972481677807,3.5032404974601508,True
primary,Retina 2,RGC,CTTNBP2,70,285450,37.0,4.872291566691523,129.61989840602558,True
primary,Retina 2,RGC,DDX39BP2,70,285450,,,,False
primary,Retina 2,RGC,DIO1,70,285450,,,,False
primary,Retina 2,RGC,DND1P1,70,285450,,,,False
primary,Retina 2,RGC,DYSF,70,285450,0.0,0.0,0.0,True
primary,Retina 2,RGC,EFCAB13,70,285450,2.0,2.080251338071251,7.0064809949203015,True
primary,Retina 2,RGC,EFEMP1,70,285450,0.0,0.0,0.0,True
primary,Retina 2,RGC,EHBP1L1,70,285450,3.0,2.443192025428046,10.509721492380452,True
primary,Retina 2,RGC,FAM215B,70,285450,24.0,4.443565802154663,84.07777193904361,True
primary,Retina 2,RGC,FAM83A,70,285450,,,,False
primary,Retina 2,RGC,FAM83A-AS1,70,285450,,,,False
primary,Retina 2,RGC,FAM89B,70,285450,16.0,4.043960467709199,56.05184795936241,True
primary,Retina 2,RGC,FHL3,70,285450,0.0,0.0,0.0,True
primary,Retina 2,RGC,FLOT1,70,285450,37.0,4.872291566691523,129.61989840602558,True
primary,Retina 2,RGC,FLVCR2,70,285450,0.0,0.0,0.0,True
primary,Retina 2,RGC,FMNL1,70,285450,1.0,1.5047972481677807,3.5032404974601508,True
primary,Retina 2,RGC,FNDC4,70,285450,10.0,3.5844186717580584,35.032404974601505,True
primary,Retina 2,RGC,GALR3,70,285450,,,,False
primary,Retina 2,RGC,GCAT,70,285450,8.0,3.368189361002545,28.025923979681206,True
primary,Retina 2,RGC,GLIS1,70,285450,0.0,0.0,0.0,True
primary,Retina 2,RGC,H1F0,70,285450,17.0,4.103553503740216,59.55508845682256,True
primary,Retina 2,RGC,HCG4,70,285450,,,,False
primary,Retina 2,RGC,HCG4B,70,285450,,,,False
primary,Retina 2,RGC,HCG4P5,70,285450,,,,False
primary,Retina 2,RGC,HCG4P7,70,285450,,,,False
primary,Retina 2,RGC,HCG9,70,285450,1.0,1.5047972481677807,3.5032404974601508,True
primary,Retina 2,RGC,HCP5B,70,285450,0.0,0.0,0.0,True
primary,Retina 2,RGC,HECTD4,70,285450,17.0,4.103553503740216,59.55508845682256,True
primary,Retina 2,RGC,HLA-A,70,285450,40.0,4.949678758149463,140.12961989840602,True
primary,Retina 2,RGC,HLA-C,70,285450,47.0,5.109891033754132,164.65230338062707,True
primary,Retina 2,RGC,HLA-F,70,285450,0.0,0.0,0.0,True
primary,Retina 2,RGC,HLA-F-AS1,70,285450,,,,False
primary,Retina 2,RGC,HLA-G,70,285450,0.0,0.0,0.0,True
primary,Retina 2,RGC,HLA-H,70,285450,,,,False
primary,Retina 2,RGC,HLA-J,70,285450,,,,False
primary,Retina 2,RGC,HLA-L,70,285450,,,,False
primary,Retina 2,RGC,HLA-T,70,285450,,,,False
primary,Retina 2,RGC,HLA-U,70,285450,,,,False
primary,Retina 2,RGC,HLA-V,70,285450,,,,False
primary,Retina 2,RGC,HLA-W,70,285450,,,,False
primary,Retina 2,RGC,HSCB,70,285450,12.0,3.762104031910778,42.03888596952181,True
primary,Retina 2,RGC,HTRA3,70,285450,0.0,0.0,0.0,True
primary,Retina 2,RGC,IFITM4P,70,285450,,,,False
primary,Retina 2,RGC,IFT172,70,285450,1.0,1.5047972481677807,3.5032404974601508,True
primary,Retina 2,RGC,INPP5B,70,285450,5.0,2.918646158910738,17.516202487300752,True
primary,Retina 2,RGC,ITGB3,70,285450,0.0,0.0,0.0,True
primary,Retina 2,RGC,KANSL1,70,285450,55.0,5.266198160173154,192.67822736030828,True
primary,Retina 2,RGC,KANSL1-AS1,70,285450,8.0,3.368189361002545,28.025923979681206,True
primary,Retina 2,RGC,KHK,70,285450,4.0,2.708913960610577,14.012961989840603,True
primary,Retina 2,RGC,KLF5,70,285450,0.0,0.0,0.0,True
primary,Retina 2,RGC,KRT8P26,70,285450,,,,False
primary,Retina 2,RGC,LHPP,70,285450,5.0,2.918646158910738,17.516202487300752,True
primary,Retina 2,RGC,LINC01948,70,285450,0.0,0.0,0.0,True
primary,Retina 2,RGC,LINC02052,70,285450,,,,False
primary,Retina 2,RGC,LINC02210,70,285450,,,,False
primary,Retina 2,RGC,LMO4,70,285450,279.0,6.885922773644014,977.404098791382,True
primary,Retina 2,RGC,LMO7,70,285450,0.0,0.0,0.0,True
primary,Retina 2,RGC,LOXL1,70,285450,6.0,3.0919258350963363,21.019442984760904,True
primary,Retina 2,RGC,LOXL1-AS1,70,285450,4.0,2.708913960610577,14.012961989840603,True
primary,Retina 2,RGC,LRRC37A,70,285450,3.0,2.443192025428046,10.509721492380452,True
primary,Retina 2,RGC,LRRC37A17P,70,285450,,,,False
primary,Retina 2,RGC,LRRC37A2,70,285450,7.0,3.2395676050731415,24.522683482221055,True
primary,Retina 2,RGC,LRRC37A4P,70,285450,,,,False
primary,Retina 2,RGC,LRWD1,70,285450,6.0,3.0919258350963363,21.019442984760904,True
primary,Retina 2,RGC,LTBP2,70,285450,0.0,0.0,0.0,True
primary,Retina 2,RGC,LTBP3,70,285450,6.0,3.0919258350963363,21.019442984760904,True
primary,Retina 2,RGC,MADD,70,285450,20.0,4.2635922768639345,70.06480994920301,True
primary,Retina 2,RGC,MAPK8IP1P1,70,285450,,,,False
primary,Retina 2,RGC,MAPK8IP1P2,70,285450,,,,False
primary,Retina 2,RGC,MAPT,70,285450,82.0,5.663882696401734,287.26572079173235,True
primary,Retina 2,RGC,MAPT-AS1,70,285450,0.0,0.0,0.0,True
primary,Retina 2,RGC,MAPT-IT1,70,285450,,,,False
primary,Retina 2,RGC,ME3,70,285450,1.0,1.5047972481677807,3.5032404974601508,True
primary,Retina 2,RGC,MICE,70,285450,,,,False
primary,Retina 2,RGC,MOV10,70,285450,2.0,2.080251338071251,7.0064809949203015,True
primary,Retina 2,RGC,MRPL33,70,285450,51.0,5.191095482788214,178.6652653704677,True
primary,Retina 2,RGC,MTCH2,70,285450,17.0,4.103553503740216,59.55508845682256,True
primary,Retina 2,RGC,MVB12B,70,285450,7.0,3.2395676050731415,24.522683482221055,True
primary,Retina 2,RGC,Metazoa_SRP,70,285450,,,,False
primary,Retina 2,RGC,NEAT1,70,285450,233.0,6.705951207602117,816.2550359082151,True
primary,Retina 2,RGC,NMT1,70,285450,32.0,4.7283050609146295,112.10369591872482,True
primary,Retina 2,RGC,NPEPPS,70,285450,27.0,4.560041989652403,94.58749343142406,True
primary,Retina 2,RGC,NRBP1,70,285450,18.0,4.159794058206725,63.058328954282715,True
primary,Retina 2,RGC,NSF,70,285450,38.0,4.898758325018512,133.1231389034857,True
primary,Retina 2,RGC,NUCB2,70,285450,40.0,4.949678758149463,140.12961989840602,True
primary,Retina 2,RGC,NUDT7,70,285450,0.0,0.0,0.0,True
primary,Retina 2,RGC,PDE6C,70,285450,0.0,0.0,0.0,True
primary,Retina 2,RGC,PGAM1P8,70,285450,,,,False
primary,Retina 2,RGC,PIBF1,70,285450,10.0,3.5844186717580584,35.032404974601505,True
primary,Retina 2,RGC,PIGC,70,285450,16.0,4.043960467709199,56.05184795936241,True
primary,Retina 2,RGC,PKIB,70,285450,22.0,4.357622395721416,77.07129094412332,True
primary,Retina 2,RGC,PLCE1,70,285450,8.0,3.368189361002545,28.025923979681206,True
primary,Retina 2,RGC,PLCE1-AS1,70,285450,,,,False
primary,Retina 2,RGC,PLEKHA7,70,285450,0.0,0.0,0.0,True
primary,Retina 2,RGC,PLEKHM1,70,285450,5.0,2.918646158910738,17.516202487300752,True
primary,Retina 2,RGC,PPP1R18,70,285450,2.0,2.080251338071251,7.0064809949203015,True
primary,Retina 2,RGC,PRKCE,70,285450,3.0,2.443192025428046,10.509721492380452,True
primary,Retina 2,RGC,PROX2,70,285450,,,,False
primary,Retina 2,RGC,PRSS23,70,285450,0.0,0.0,0.0,True
primary,Retina 2,RGC,PSORS1C3,70,285450,,,,False
primary,Retina 2,RGC,RAPSN,70,285450,0.0,0.0,0.0,True
primary,Retina 2,RGC,RERE,70,285450,53.0,5.229351707362548,185.67174636538797,True
primary,Retina 2,RGC,RIC8B,70,285450,8.0,3.368189361002545,28.025923979681206,True
primary,Retina 2,RGC,RORA,70,285450,56.0,5.284124461371993,196.18146785776844,True
primary,Retina 2,RGC,RP11-123K19.1,70,285450,,,,False
primary,Retina 2,RGC,RP11-136H19.1,70,285450,,,,False
primary,Retina 2,RGC,RP11-149I2.4,70,285450,,,,False
primary,Retina 2,RGC,RP11-162I7.1,70,285450,,,,False
primary,Retina 2,RGC,RP11-17G12.2,70,285450,,,,False
primary,Retina 2,RGC,RP11-205K6.1,70,285450,,,,False
primary,Retina 2,RGC,RP11-217B7.2,70,285450,0.0,0.0,0.0,True
primary,Retina 2,RGC,RP11-259A24.1,70,285450,,,,False
primary,Retina 2,RGC,RP11-259G18.1,70,285450,,,,False
primary,Retina 2,RGC,RP11-259G18.3,70,285450,,,,False
primary,Retina 2,RGC,RP11-293E1.1,70,285450,,,,False
primary,Retina 2,RGC,RP11-293E1.2,70,285450,,,,False
primary,Retina 2,RGC,RP11-302L19.3,70,285450,0.0,0.0,0.0,True
primary,Retina 2,RGC,RP11-403A3.3,70,285450,0.0,0.0,0.0,True
primary,Retina 2,RGC,RP11-412D9.4,70,285450,9.0,3.482137055468694,31.529164477141357,True
primary,Retina 2,RGC,RP11-507B12.1,70,285450,,,,False
primary,Retina 2,RGC,RP11-507B12.2,70,285450,0.0,0.0,0.0,True
primary,Retina 2,RGC,RP11-669E14.6,70,285450,0.0,0.0,0.0,True
primary,Retina 2,RGC,RP11-707O23.1,70,285450,,,,False
primary,Retina 2,RGC,RP11-750H9.5,70,285450,,,,False
primary,Retina 2,RGC,RP11-755F10.1,70,285450,0.0,0.0,0.0,True
primary,Retina 2,RGC,RP11-762L8.6,70,285450,,,,False
primary,Retina 2,RGC,RP11-770G2.2,70,285450,,,,False
primary,Retina 2,RGC,RP11-798G7.6,70,285450,0.0,0.0,0.0,True
primary,Retina 2,RGC,RP11-798G7.8,70,285450,,,,False
primary,Retina 2,RGC,RP5-1115A15.1,70,285450,0.0,0.0,0.0,True
primary,Retina 2,RGC,RPS26P8,70,285450,,,,False
primary,Retina 2,RGC,SCRN2,70,285450,9.0,3.482137055468694,31.529164477141357,True
primary,Retina 2,RGC,SEMA3E,70,285450,2.0,2.080251338071251,7.0064809949203015,True
primary,Retina 2,RGC,SEPT7,70,285450,177.0,6.431449541986772,620.0735680504466,True
primary,Retina 2,RGC,SF3A3,70,285450,15.0,3.9805897921093667,52.54860746190226,True
primary,Retina 2,RGC,SFTA1P,70,285450,0.0,0.0,0.0,True
primary,Retina 2,RGC,SGSM2,70,285450,7.0,3.2395676050731415,24.522683482221055,True
primary,Retina 2,RGC,SLC25A45,70,285450,4.0,2.708913960610577,14.012961989840603,True
primary,Retina 2,RGC,SLC39A13,70,285450,5.0,2.918646158910738,17.516202487300752,True
primary,Retina 2,RGC,SMAD6,70,285450,0.0,0.0,0.0,True
primary,Retina 2,RGC,SNORD14A,70,285450,,,,False
primary,Retina 2,RGC,SSSCA1-AS1,70,285450,,,,False
primary,Retina 2,RGC,TARID,70,285450,0.0,0.0,0.0,True
primary,Retina 2,RGC,TBC1D31,70,285450,3.0,2.443192025428046,10.509721492380452,True
primary,Retina 2,RGC,TBKBP1,70,285450,2.0,2.080251338071251,7.0064809949203015,True
primary,Retina 2,RGC,TBPL1,70,285450,19.0,4.2130393221573845,66.56156945174286,True
primary,Retina 2,RGC,TGFB3,70,285450,0.0,0.0,0.0,True
primary,Retina 2,RGC,THCAT158,70,285450,0.0,0.0,0.0,True
primary,Retina 2,RGC,THSD7A,70,285450,33.0,4.758808761136572,115.60693641618496,True
primary,Retina 2,RGC,TIGD3,70,285450,2.0,2.080251338071251,7.0064809949203015,True
primary,Retina 2,RGC,TMEM116,70,285450,1.0,1.5047972481677807,3.5032404974601508,True
primary,Retina 2,RGC,TMEM136,70,285450,4.0,2.708913960610577,14.012961989840603,True
primary,Retina 2,RGC,TMEM181,70,285450,4.0,2.708913960610577,14.012961989840603,True
primary,Retina 2,RGC,TMEM263,70,285450,7.0,3.2395676050731415,24.522683482221055,True
primary,Retina 2,RGC,TRIM26,70,285450,7.0,3.2395676050731415,24.522683482221055,True
primary,Retina 2,RGC,TRIOBP,70,285450,2.0,2.080251338071251,7.0064809949203015,True
primary,Retina 2,RGC,TSC22D2,70,285450,3.0,2.443192025428046,10.509721492380452,True
primary,Retina 2,RGC,TTC28,70,285450,12.0,3.762104031910778,42.03888596952181,True
primary,Retina 2,RGC,TTLL5,70,285450,5.0,2.918646158910738,17.516202487300752,True
primary,Retina 2,RGC,TXNDC8,70,285450,,,,False
primary,Retina 2,RGC,TXNRD2,70,285450,4.0,2.708913960610577,14.012961989840603,True
primary,Retina 2,RGC,UTP11,70,285450,20.0,4.2635922768639345,70.06480994920301,True
primary,Retina 2,RGC,VARS2,70,285450,1.0,1.5047972481677807,3.5032404974601508,True
primary,Retina 2,RGC,VCAM1,70,285450,0.0,0.0,0.0,True
primary,Retina 2,RGC,WLS,70,285450,3.0,2.443192025428046,10.509721492380452,True
primary,Retina 2,RGC,WNT2B,70,285450,7.0,3.2395676050731415,24.522683482221055,True
primary,Retina 2,RGC,XRCC6P1,70,285450,,,,False
primary,Retina 2,RGC,XXbac-BPG170G13.32,70,285450,0.0,0.0,0.0,True
primary,Retina 2,RGC,XXbac-BPG283O16.9,70,285450,,,,False
primary,Retina 2,RGC,YAP1,70,285450,0.0,0.0,0.0,True
primary,Retina 2,RGC,YIF1A,70,285450,15.0,3.9805897921093667,52.54860746190226,True
primary,Retina 2,RGC,ZNF280D,70,285450,33.0,4.758808761136572,115.60693641618496,True
primary,Retina 2,RGC,ZNF638,70,285450,52.0,5.210406526260338,182.16850586792782,True
primary,Retina 2,RGC,ZNF638-IT1,70,285450,,,,False
primary,Retina 2,Muller glia,DGKG,373,1359213,8.0,1.929455349978375,5.8857588913584555,True
primary,Retina 2,Muller glia,SLC2A12,373,1359213,8.0,1.929455349978375,5.8857588913584555,True
primary,Retina 2,Muller glia,COL8A2,373,1359213,0.0,0.0,0.0,True
primary,Retina 2,Muller glia,NPC2,373,1359213,470.0,5.848714607856554,345.78833486730923,True
primary,Retina 2,Muller glia,PSMC3,373,1359213,119.0,4.483574857243763,87.55066350895702,True
primary,Retina 2,Muller glia,RP11-466F5.8,373,1359213,2.0,0.904800864569876,1.4714397228396139,True
primary,Retina 2,Muller glia,LPP,373,1359213,40.0,3.415389346193194,29.428794456792275,True
primary,Retina 2,Muller glia,RP11-121M22.1,373,1359213,2.0,0.904800864569876,1.4714397228396139,True
primary,Retina 2,Muller glia,ABO,373,1359213,0.0,0.0,0.0,True
primary,Retina 2,Muller glia,ADAMTS8,373,1359213,0.0,0.0,0.0,True
primary,Retina 2,Muller glia,CALD1,373,1359213,293.0,5.377894978678346,215.5659193960034,True
primary,Retina 2,Muller glia,CHEK2,373,1359213,2.0,0.904800864569876,1.4714397228396139,True
primary,Retina 2,Muller glia,GAS7,373,1359213,29.0,3.1061941741457795,21.3358759811744,True
primary,Retina 2,Muller glia,LMX1B,373,1359213,,,,False
primary,Retina 2,Muller glia,TCF12,373,1359213,55.0,3.724839867349346,40.46459237808938,True
primary,Retina 2,Muller glia,TMCO1,373,1359213,580.0,6.058462976805635,426.717519623488,True
primary,Retina 2,Muller glia,TRIB2,373,1359213,103.0,4.340933063257044,75.77914572624012,True
primary,Retina 2,Muller glia,AC000078.5,373,1359213,,,,False
primary,Retina 2,Muller glia,AC002066.1,373,1359213,,,,False
primary,Retina 2,Muller glia,AC012066.1,373,1359213,,,,False
primary,Retina 2,Muller glia,AC091132.1,373,1359213,,,,False
primary,Retina 2,Muller glia,ACBD4,373,1359213,29.0,3.1061941741457795,21.3358759811744,True
primary,Retina 2,Muller glia,AFAP1,373,1359213,7.0,1.8164584281297762,5.1500390299386485,True
primary,Retina 2,Muller glia,ALDH2,373,1359213,141.0,4.651447676608919,103.73650046019277,True
primary,Retina 2,Muller glia,AP003068.23,373,1359213,0.0,0.0,0.0,True
primary,Retina 2,Muller glia,AP5B1,373,1359213,1.0,0.5514222330667141,0.7357198614198069,True
primary,Retina 2,Muller glia,AREL1,373,1359213,7.0,1.8164584281297762,5.1500390299386485,True
primary,Retina 2,Muller glia,ARHGAP27,373,1359213,5.0,1.5429987717774534,3.6785993070990344,True
primary,Retina 2,Muller glia,ARHGEF12,373,1359213,60.0,3.8098394752519837,44.14319168518841,True
primary,Retina 2,Muller glia,ARL17A,373,1359213,15.0,2.487885369103515,11.035797921297103,True
primary,Retina 2,Muller glia,ATP5J,373,1359213,616.0,6.118545191586066,453.203434634601,True
primary,Retina 2,Muller glia,BICC1,373,1359213,31.0,3.1699929159666977,22.807315704014012,True
primary,Retina 2,Muller glia,BORA,373,1359213,4.0,1.3719112801646407,2.9428794456792278,True
primary,Retina 2,Muller glia,C1orf109,373,1359213,22.0,2.8440856115444877,16.185836951235753,True
primary,Retina 2,Muller glia,C1orf122,373,1359213,178.0,4.882484715711329,130.95813533272562,True
primary,Retina 2,Muller glia,C22orf29,373,1359213,12.0,2.285300403408252,8.828638337037683,True
primary,Retina 2,Muller glia,C6orf15,373,1359213,,,,False
primary,Retina 2,Muller glia,CADM1,373,1359213,668.0,6.19941500045716,491.460867428431,True
primary,Retina 2,Muller glia,CADM2,373,1359213,187.0,4.93144499141764,137.5796140855039,True
primary,Retina 2,Muller glia,CAV2,373,1359213,324.0,5.478023986957411,238.37323510001744,True
primary,Retina 2,Muller glia,CCDC117,373,1359213,7.0,1.8164584281297762,5.1500390299386485,True
primary,Retina 2,Muller glia,CDC14A,373,1359213,16.0,2.5472175183236776,11.771517782716911,True
primary,Retina 2,Muller glia,CDKN2A,373,1359213,0.0,0.0,0.0,True
primary,Retina 2,Muller glia,CDKN2B-AS1,373,1359213,0.0,0.0,0.0,True
primary,Retina 2,Muller glia,CELF1,373,1359213,111.0,4.414795142160007,81.66490461759857,True
primary,Retina 2,Muller glia,CLIC5,373,1359213,128.0,4.555687275673668,94.17214226173529,True
primary,Retina 2,Muller glia,CMB9-22P13.1,373,1359213,,,,False
primary,Retina 2,Muller glia,COL11A1,373,1359213,82.0,4.116253281202082,60.32902863642417,True
primary,Retina 2,Muller glia,CRHR1,373,1359213,0.0,0.0,0.0,True
primary,Retina 2,Muller glia,CTA-292E10.6,373,1359213,8.0,1.929455349978375,5.8857588913584555,True
primary,Retina 2,Muller glia,CTB-39G8.3,373,1359213,,,,False
primary,Retina 2,Muller glia,CTD-2005H7.1,373,1359213,1.0,0.5514222330667141,0.7357198614198069,True
primary,Retina 2,Muller glia,CTD-2020K17.1,373,1359213,1.0,0.5514222330667141,0.7357198614198069,True
primary,Retina 2,Muller glia,CTD-2020K17.3,373,1359213,0.0,0.0,0.0,True
primary,Retina 2,Muller glia,CTTNBP2,373,1359213,235.0,5.158446881025798,172.89416743365462,True
primary,Retina 2,Muller glia,DDX39BP2,373,1359213,,,,False
primary,Retina 2,Muller glia,DIO1,373,1359213,,,,False
primary,Retina 2,Muller glia,DND1P1,373,1359213,,,,False
primary,Retina 2,Muller glia,DYSF,373,1359213,0.0,0.0,0.0,True
primary,Retina 2,Muller glia,EFCAB13,373,1359213,3.0,1.165385680701351,2.2071595842594207,True
primary,Retina 2,Muller glia,EFEMP1,373,1359213,164.0,4.801214300269651,120.65805727284834,True
primary,Retina 2,Muller glia,EHBP1L1,373,1359213,2.0,0.904800864569876,1.4714397228396139,True
primary,Retina 2,Muller glia,FAM215B,373,1359213,132.0,4.5861404813258675,97.11502170741451,True
primary,Retina 2,Muller glia,FAM83A,373,1359213,,,,False
primary,Retina 2,Muller glia,FAM83A-AS1,373,1359213,,,,False
primary,Retina 2,Muller glia,FAM89B,373,1359213,4.0,1.3719112801646407,2.9428794456792278,True
primary,Retina 2,Muller glia,FHL3,373,1359213,0.0,0.0,0.0,True
primary,Retina 2,Muller glia,FLOT1,373,1359213,93.0,4.2402030583266965,68.42194711204205,True
primary,Retina 2,Muller glia,FLVCR2,373,1359213,2.0,0.904800864569876,1.4714397228396139,True
primary,Retina 2,Muller glia,FMNL1,373,1359213,1.0,0.5514222330667141,0.7357198614198069,True
primary,Retina 2,Muller glia,FNDC4,373,1359213,20.0,2.7545773130644053,14.714397228396138,True
primary,Retina 2,Muller glia,GALR3,373,1359213,,,,False
primary,Retina 2,Muller glia,GCAT,373,1359213,26.0,3.0021474719412344,19.128716396914978,True
primary,Retina 2,Muller glia,GLIS1,373,1359213,1.0,0.5514222330667141,0.7357198614198069,True
primary,Retina 2,Muller glia,H1F0,373,1359213,120.0,4.491848994401231,88.28638337037683,True
primary,Retina 2,Muller glia,HCG4,373,1359213,,,,False
primary,Retina 2,Muller glia,HCG4B,373,1359213,,,,False
primary,Retina 2,Muller glia,HCG4P5,373,1359213,,,,False
primary,Retina 2,Muller glia,HCG4P7,373,1359213,,,,False
primary,Retina 2,Muller glia,HCG9,373,1359213,0.0,0.0,0.0,True
primary,Retina 2,Muller glia,HCP5B,373,1359213,0.0,0.0,0.0,True
primary,Retina 2,Muller glia,HECTD4,373,1359213,19.0,2.7066276809317373,13.978677366976331,True
primary,Retina 2,Muller glia,HLA-A,373,1359213,282.0,5.339809540865486,207.47300092038554,True
primary,Retina 2,Muller glia,HLA-C,373,1359213,336.0,5.514242420836521,247.20187343705513,True
primary,Retina 2,Muller glia,HLA-F,373,1359213,5.0,1.5429987717774534,3.6785993070990344,True
primary,Retina 2,Muller glia,HLA-F-AS1,373,1359213,,,,False
primary,Retina 2,Muller glia,HLA-G,373,1359213,0.0,0.0,0.0,True
primary,Retina 2,Muller glia,HLA-H,373,1359213,,,,False
primary,Retina 2,Muller glia,HLA-J,373,1359213,,,,False
primary,Retina 2,Muller glia,HLA-L,373,1359213,,,,False
primary,Retina 2,Muller glia,HLA-T,373,1359213,,,,False
primary,Retina 2,Muller glia,HLA-U,373,1359213,,,,False
primary,Retina 2,Muller glia,HLA-V,373,1359213,,,,False
primary,Retina 2,Muller glia,HLA-W,373,1359213,,,,False
primary,Retina 2,Muller glia,HSCB,373,1359213,44.0,3.5077074534012764,32.37167390247151,True
primary,Retina 2,Muller glia,HTRA3,373,1359213,1.0,0.5514222330667141,0.7357198614198069,True
primary,Retina 2,Muller glia,IFITM4P,373,1359213,,,,False
primary,Retina 2,Muller glia,IFT172,373,1359213,17.0,2.6032256635703477,12.507237644136717,True
primary,Retina 2,Muller glia,INPP5B,373,1359213,8.0,1.929455349978375,5.8857588913584555,True
primary,Retina 2,Muller glia,ITGB3,373,1359213,0.0,0.0,0.0,True
primary,Retina 2,Muller glia,KANSL1,373,1359213,107.0,4.378545898583386,78.72202517191934,True
primary,Retina 2,Muller glia,KANSL1-AS1,373,1359213,38.0,3.36582422128593,27.957354733952663,True
primary,Retina 2,Muller glia,KHK,373,1359213,9.0,2.0309704129153436,6.621478752778262,True
primary,Retina 2,Muller glia,KLF5,373,1359213,0.0,0.0,0.0,True
primary,Retina 2,Muller glia,KRT8P26,373,1359213,,,,False
primary,Retina 2,Muller glia,LHPP,373,1359213,16.0,2.5472175183236776,11.771517782716911,True
primary,Retina 2,Muller glia,LINC01948,373,1359213,0.0,0.0,0.0,True
primary,Retina 2,Muller glia,LINC02052,373,1359213,,,,False
primary,Retina 2,Muller glia,LINC02210,373,1359213,,,,False
primary,Retina 2,Muller glia,LMO4,373,1359213,119.0,4.483574857243763,87.55066350895702,True
primary,Retina 2,Muller glia,LMO7,373,1359213,3.0,1.165385680701351,2.2071595842594207,True
primary,Retina 2,Muller glia,LOXL1,373,1359213,18.0,2.656262574416195,13.242957505556523,True
primary,Retina 2,Muller glia,LOXL1-AS1,373,1359213,0.0,0.0,0.0,True
primary,Retina 2,Muller glia,LRRC37A,373,1359213,0.0,0.0,0.0,True
primary,Retina 2,Muller glia,LRRC37A17P,373,1359213,,,,False
primary,Retina 2,Muller glia,LRRC37A2,373,1359213,6.0,1.689047141896086,4.414319168518841,True
primary,Retina 2,Muller glia,LRRC37A4P,373,1359213,,,,False
primary,Retina 2,Muller glia,LRWD1,373,1359213,12.0,2.285300403408252,8.828638337037683,True
primary,Retina 2,Muller glia,LTBP2,373,1359213,0.0,0.0,0.0,True
primary,Retina 2,Muller glia,LTBP3,373,1359213,54.0,3.7069372393883806,39.728872516669576,True
primary,Retina 2,Muller glia,MADD,373,1359213,15.0,2.487885369103515,11.035797921297103,True
primary,Retina 2,Muller glia,MAPK8IP1P1,373,1359213,,,,False
primary,Retina 2,Muller glia,MAPK8IP1P2,373,1359213,,,,False
primary,Retina 2,Muller glia,MAPT,373,1359213,205.0,5.022712546866065,150.8225715910604,True
primary,Retina 2,Muller glia,MAPT-AS1,373,1359213,16.0,2.5472175183236776,11.771517782716911,True
primary,Retina 2,Muller glia,MAPT-IT1,373,1359213,,,,False
primary,Retina 2,Muller glia,ME3,373,1359213,4.0,1.3719112801646407,2.9428794456792278,True
primary,Retina 2,Muller glia,MICE,373,1359213,,,,False
primary,Retina 2,Muller glia,MOV10,373,1359213,22.0,2.8440856115444877,16.185836951235753,True
primary,Retina 2,Muller glia,MRPL33,373,1359213,323.0,5.4749457279774525,237.63751523859764,True
primary,Retina 2,Muller glia,MTCH2,373,1359213,114.0,4.4411449956117925,83.87206420185798,True
primary,Retina 2,Muller glia,MVB12B,373,1359213,21.0,2.8003325951079905,15.450117089815945,True
primary,Retina 2,Muller glia,Metazoa_SRP,373,1359213,,,,False
primary,Retina 2,Muller glia,NEAT1,373,1359213,1029.0,6.630756915130281,757.0557374009813,True
primary,Retina 2,Muller glia,NMT1,373,1359213,73.0,4.002001723370592,53.7075498836459,True
primary,Retina 2,Muller glia,NPEPPS,373,1359213,49.0,3.612275725792385,36.05027320957054,True
primary,Retina 2,Muller glia,NRBP1,373,1359213,53.0,3.6887082558415925,38.993152655249766,True
primary,Retina 2,Muller glia,NSF,373,1359213,39.0,3.390913840011308,28.69307459537247,True
primary,Retina 2,Muller glia,NUCB2,373,1359213,198.0,4.98820243217935,145.67253256112176,True
primary,Retina 2,Muller glia,NUDT7,373,1359213,53.0,3.6887082558415925,38.993152655249766,True
primary,Retina 2,Muller glia,PDE6C,373,1359213,0.0,0.0,0.0,True
primary,Retina 2,Muller glia,PGAM1P8,373,1359213,,,,False
primary,Retina 2,Muller glia,PIBF1,373,1359213,33.0,3.2299643365340565,24.27875542685363,True
primary,Retina 2,Muller glia,PIGC,373,1359213,51.0,3.651222054591539,37.52171293241015,True
primary,Retina 2,Muller glia,PKIB,373,1359213,45.0,3.529514186706695,33.10739376389131,True
primary,Retina 2,Muller glia,PLCE1,373,1359213,140.0,4.644398404870637,103.00078059877296,True
primary,Retina 2,Muller glia,PLCE1-AS1,373,1359213,,,,False
primary,Retina 2,Muller glia,PLEKHA7,373,1359213,15.0,2.487885369103515,11.035797921297103,True
primary,Retina 2,Muller glia,PLEKHM1,373,1359213,8.0,1.929455349978375,5.8857588913584555,True
primary,Retina 2,Muller glia,PPP1R18,373,1359213,4.0,1.3719112801646407,2.9428794456792278,True
primary,Retina 2,Muller glia,PRKCE,373,1359213,6.0,1.689047141896086,4.414319168518841,True
primary,Retina 2,Muller glia,PROX2,373,1359213,,,,False
primary,Retina 2,Muller glia,PRSS23,373,1359213,0.0,0.0,0.0,True
primary,Retina 2,Muller glia,PSORS1C3,373,1359213,,,,False
primary,Retina 2,Muller glia,RAPSN,373,1359213,0.0,0.0,0.0,True
primary,Retina 2,Muller glia,RERE,373,1359213,100.0,4.311764915799114,73.57198614198069,True
primary,Retina 2,Muller glia,RIC8B,373,1359213,31.0,3.1699929159666977,22.807315704014012,True
primary,Retina 2,Muller glia,RORA,373,1359213,156.0,4.751625317017804,114.77229838148988,True
primary,Retina 2,Muller glia,RP11-123K19.1,373,1359213,,,,False
primary,Retina 2,Muller glia,RP11-136H19.1,373,1359213,,,,False
primary,Retina 2,Muller glia,RP11-149I2.4,373,1359213,,,,False
primary,Retina 2,Muller glia,RP11-162I7.1,373,1359213,,,,False
primary,Retina 2,Muller glia,RP11-17G12.2,373,1359213,,,,False
primary,Retina 2,Muller glia,RP11-205K6.1,373,1359213,,,,False
primary,Retina 2,Muller glia,RP11-217B7.2,373,1359213,0.0,0.0,0.0,True
primary,Retina 2,Muller glia,RP11-259A24.1,373,1359213,,,,False
primary,Retina 2,Muller glia,RP11-259G18.1,373,1359213,,,,False
primary,Retina 2,Muller glia,RP11-259G18.3,373,1359213,,,,False
primary,Retina 2,Muller glia,RP11-293E1.1,373,1359213,,,,False
primary,Retina 2,Muller glia,RP11-293E1.2,373,1359213,,,,False
primary,Retina 2,Muller glia,RP11-302L19.3,373,1359213,0.0,0.0,0.0,True
primary,Retina 2,Muller glia,RP11-403A3.3,373,1359213,0.0,0.0,0.0,True
primary,Retina 2,Muller glia,RP11-412D9.4,373,1359213,22.0,2.8440856115444877,16.185836951235753,True
primary,Retina 2,Muller glia,RP11-507B12.1,373,1359213,,,,False
primary,Retina 2,Muller glia,RP11-507B12.2,373,1359213,0.0,0.0,0.0,True
primary,Retina 2,Muller glia,RP11-669E14.6,373,1359213,0.0,0.0,0.0,True
primary,Retina 2,Muller glia,RP11-707O23.1,373,1359213,,,,False
primary,Retina 2,Muller glia,RP11-750H9.5,373,1359213,,,,False
primary,Retina 2,Muller glia,RP11-755F10.1,373,1359213,0.0,0.0,0.0,True
primary,Retina 2,Muller glia,RP11-762L8.6,373,1359213,,,,False
primary,Retina 2,Muller glia,RP11-770G2.2,373,1359213,,,,False
primary,Retina 2,Muller glia,RP11-798G7.6,373,1359213,9.0,2.0309704129153436,6.621478752778262,True
primary,Retina 2,Muller glia,RP11-798G7.8,373,1359213,,,,False
primary,Retina 2,Muller glia,RP5-1115A15.1,373,1359213,0.0,0.0,0.0,True
primary,Retina 2,Muller glia,RPS26P8,373,1359213,,,,False
primary,Retina 2,Muller glia,SCRN2,373,1359213,57.0,3.759711382520256,41.93603210092899,True
primary,Retina 2,Muller glia,SEMA3E,373,1359213,27.0,3.038046095146747,19.864436258334788,True
primary,Retina 2,Muller glia,SEPT7,373,1359213,581.0,6.060181606026928,427.4532394849078,True
primary,Retina 2,Muller glia,SF3A3,373,1359213,45.0,3.529514186706695,33.10739376389131,True
primary,Retina 2,Muller glia,SFTA1P,373,1359213,0.0,0.0,0.0,True
primary,Retina 2,Muller glia,SGSM2,373,1359213,13.0,2.3574859013247784,9.564358198457489,True
primary,Retina 2,Muller glia,SLC25A45,373,1359213,5.0,1.5429987717774534,3.6785993070990344,True
primary,Retina 2,Muller glia,SLC39A13,373,1359213,26.0,3.0021474719412344,19.128716396914978,True
primary,Retina 2,Muller glia,SMAD6,373,1359213,9.0,2.0309704129153436,6.621478752778262,True
primary,Retina 2,Muller glia,SNORD14A,373,1359213,,,,False
primary,Retina 2,Muller glia,SSSCA1-AS1,373,1359213,,,,False
primary,Retina 2,Muller glia,TARID,373,1359213,0.0,0.0,0.0,True
primary,Retina 2,Muller glia,TBC1D31,373,1359213,6.0,1.689047141896086,4.414319168518841,True
primary,Retina 2,Muller glia,TBKBP1,373,1359213,3.0,1.165385680701351,2.2071595842594207,True
primary,Retina 2,Muller glia,TBPL1,373,1359213,44.0,3.5077074534012764,32.37167390247151,True
primary,Retina 2,Muller glia,TGFB3,373,1359213,1.0,0.5514222330667141,0.7357198614198069,True
primary,Retina 2,Muller glia,THCAT158,373,1359213,0.0,0.0,0.0,True
primary,Retina 2,Muller glia,THSD7A,373,1359213,68.0,3.9323931300309285,50.02895057654687,True
primary,Retina 2,Muller glia,TIGD3,373,1359213,2.0,0.904800864569876,1.4714397228396139,True
primary,Retina 2,Muller glia,TMEM116,373,1359213,23.0,2.8860042794795344,16.92155681265556,True
primary,Retina 2,Muller glia,TMEM136,373,1359213,52.0,3.670140796843518,38.257432793829956,True
primary,Retina 2,Muller glia,TMEM181,373,1359213,11.0,2.2074959210836433,8.092918475617877,True
primary,Retina 2,Muller glia,TMEM263,373,1359213,79.0,4.079600890689688,58.12186905216475,True
primary,Retina 2,Muller glia,TRIM26,373,1359213,8.0,1.929455349978375,5.8857588913584555,True
primary,Retina 2,Muller glia,TRIOBP,373,1359213,28.0,3.0727005424304155,20.600156119754594,True
primary,Retina 2,Muller glia,TSC22D2,373,1359213,45.0,3.529514186706695,33.10739376389131,True
primary,Retina 2,Muller glia,TTC28,373,1359213,33.0,3.2299643365340565,24.27875542685363,True
primary,Retina 2,Muller glia,TTLL5,373,1359213,12.0,2.285300403408252,8.828638337037683,True
primary,Retina 2,Muller glia,TXNDC8,373,1359213,,,,False
primary,Retina 2,Muller glia,TXNRD2,373,1359213,23.0,2.8860042794795344,16.92155681265556,True
primary,Retina 2,Muller glia,UTP11,373,1359213,36.0,3.31367369204875,26.485915011113047,True
primary,Retina 2,Muller glia,VARS2,373,1359213,12.0,2.285300403408252,8.828638337037683,True
primary,Retina 2,Muller glia,VCAM1,373,1359213,5.0,1.5429987717774534,3.6785993070990344,True
primary,Retina 2,Muller glia,WLS,373,1359213,18.0,2.656262574416195,13.242957505556523,True
primary,Retina 2,Muller glia,WNT2B,373,1359213,33.0,3.2299643365340565,24.27875542685363,True
primary,Retina 2,Muller glia,XRCC6P1,373,1359213,,,,False
primary,Retina 2,Muller glia,XXbac-BPG170G13.32,373,1359213,0.0,0.0,0.0,True
primary,Retina 2,Muller glia,XXbac-BPG283O16.9,373,1359213,,,,False
primary,Retina 2,Muller glia,YAP1,373,1359213,30.0,3.138602243724518,22.071595842594206,True
primary,Retina 2,Muller glia,YIF1A,373,1359213,140.0,4.644398404870637,103.00078059877296,True
primary,Retina 2,Muller glia,ZNF280D,373,1359213,32.0,3.2004281303056503,23.543035565433822,True
primary,Retina 2,Muller glia,ZNF638,373,1359213,177.0,4.8768937115457085,130.22241547130582,True
primary,Retina 2,Muller glia,ZNF638-IT1,373,1359213,,,,False
primary,Retina 2,Astrocyte,DGKG,19,61727,3.0,3.9040129783410005,48.601098384823494,True
primary,Retina 2,Astrocyte,SLC2A12,19,61727,0.0,0.0,0.0,True
primary,Retina 2,Astrocyte,COL8A2,19,61727,1.0,2.8449306701204398,16.2003661282745,True
primary,Retina 2,Astrocyte,NPC2,19,61727,19.0,5.732716345219473,307.8069564372155,True
primary,Retina 2,Astrocyte,PSMC3,19,61727,6.0,4.587028585473211,97.20219676964699,True
primary,Retina 2,Astrocyte,RP11-466F5.8,19,61727,0.0,0.0,0.0,True
primary,Retina 2,Astrocyte,LPP,19,61727,1.0,2.8449306701204398,16.2003661282745,True
primary,Retina 2,Astrocyte,RP11-121M22.1,19,61727,0.0,0.0,0.0,True
primary,Retina 2,Astrocyte,ABO,19,61727,0.0,0.0,0.0,True
primary,Retina 2,Astrocyte,ADAMTS8,19,61727,0.0,0.0,0.0,True
primary,Retina 2,Astrocyte,CALD1,19,61727,11.0,5.188524974680135,178.2040274110195,True
primary,Retina 2,Astrocyte,CHEK2,19,61727,0.0,0.0,0.0,True
primary,Retina 2,Astrocyte,GAS7,19,61727,1.0,2.8449306701204398,16.2003661282745,True
primary,Retina 2,Astrocyte,LMX1B,19,61727,,,,False
primary,Retina 2,Astrocyte,TCF12,19,61727,4.0,4.186642095121551,64.801464513098,True
primary,Retina 2,Astrocyte,TMCO1,19,61727,16.0,5.561473079477521,259.205858052392,True
primary,Retina 2,Astrocyte,TRIB2,19,61727,2.0,3.508577823591103,32.400732256549,True
primary,Retina 2,Astrocyte,AC000078.5,19,61727,,,,False
primary,Retina 2,Astrocyte,AC002066.1,19,61727,,,,False
primary,Retina 2,Astrocyte,AC012066.1,19,61727,,,,False
primary,Retina 2,Astrocyte,AC091132.1,19,61727,,,,False
primary,Retina 2,Astrocyte,ACBD4,19,61727,2.0,3.508577823591103,32.400732256549,True
primary,Retina 2,Astrocyte,AFAP1,19,61727,1.0,2.8449306701204398,16.2003661282745,True
primary,Retina 2,Astrocyte,ALDH2,19,61727,4.0,4.186642095121551,64.801464513098,True
primary,Retina 2,Astrocyte,AP003068.23,19,61727,0.0,0.0,0.0,True
primary,Retina 2,Astrocyte,AP5B1,19,61727,1.0,2.8449306701204398,16.2003661282745,True
primary,Retina 2,Astrocyte,AREL1,19,61727,0.0,0.0,0.0,True
primary,Retina 2,Astrocyte,ARHGAP27,19,61727,0.0,0.0,0.0,True
primary,Retina 2,Astrocyte,ARHGEF12,19,61727,2.0,3.508577823591103,32.400732256549,True
primary,Retina 2,Astrocyte,ARL17A,19,61727,2.0,3.508577823591103,32.400732256549,True
primary,Retina 2,Astrocyte,ATP5J,19,61727,26.0,6.045501682140469,421.209519335137,True
primary,Retina 2,Astrocyte,BICC1,19,61727,0.0,0.0,0.0,True
primary,Retina 2,Astrocyte,BORA,19,61727,0.0,0.0,0.0,True
primary,Retina 2,Astrocyte,C1orf109,19,61727,1.0,2.8449306701204398,16.2003661282745,True
primary,Retina 2,Astrocyte,C1orf122,19,61727,6.0,4.587028585473211,97.20219676964699,True
primary,Retina 2,Astrocyte,C22orf29,19,61727,0.0,0.0,0.0,True
primary,Retina 2,Astrocyte,C6orf15,19,61727,,,,False
primary,Retina 2,Astrocyte,CADM1,19,61727,23.0,5.923208246117564,372.6084209503135,True
primary,Retina 2,Astrocyte,CADM2,19,61727,2.0,3.508577823591103,32.400732256549,True
primary,Retina 2,Astrocyte,CAV2,19,61727,15.0,5.49719073292563,243.00549192411748,True
primary,Retina 2,Astrocyte,CCDC117,19,61727,0.0,0.0,0.0,True
primary,Retina 2,Astrocyte,CDC14A,19,61727,0.0,0.0,0.0,True
primary,Retina 2,Astrocyte,CDKN2A,19,61727,0.0,0.0,0.0,True
primary,Retina 2,Astrocyte,CDKN2B-AS1,19,61727,0.0,0.0,0.0,True
primary,Retina 2,Astrocyte,CELF1,19,61727,4.0,4.186642095121551,64.801464513098,True
primary,Retina 2,Astrocyte,CLIC5,19,61727,0.0,0.0,0.0,True
primary,Retina 2,Astrocyte,CMB9-22P13.1,19,61727,,,,False
primary,Retina 2,Astrocyte,COL11A1,19,61727,2.0,3.508577823591103,32.400732256549,True
primary,Retina 2,Astrocyte,CRHR1,19,61727,0.0,0.0,0.0,True
primary,Retina 2,Astrocyte,CTA-292E10.6,19,61727,2.0,3.508577823591103,32.400732256549,True
primary,Retina 2,Astrocyte,CTB-39G8.3,19,61727,,,,False
primary,Retina 2,Astrocyte,CTD-2005H7.1,19,61727,0.0,0.0,0.0,True
primary,Retina 2,Astrocyte,CTD-2020K17.1,19,61727,0.0,0.0,0.0,True
primary,Retina 2,Astrocyte,CTD-2020K17.3,19,61727,0.0,0.0,0.0,True
primary,Retina 2,Astrocyte,CTTNBP2,19,61727,11.0,5.188524974680135,178.2040274110195,True
primary,Retina 2,Astrocyte,DDX39BP2,19,61727,,,,False
primary,Retina 2,Astrocyte,DIO1,19,61727,,,,False
primary,Retina 2,Astrocyte,DND1P1,19,61727,,,,False
primary,Retina 2,Astrocyte,DYSF,19,61727,0.0,0.0,0.0,True
primary,Retina 2,Astrocyte,EFCAB13,19,61727,1.0,2.8449306701204398,16.2003661282745,True
primary,Retina 2,Astrocyte,EFEMP1,19,61727,0.0,0.0,0.0,True
primary,Retina 2,Astrocyte,EHBP1L1,19,61727,0.0,0.0,0.0,True
primary,Retina 2,Astrocyte,FAM215B,19,61727,4.0,4.186642095121551,64.801464513098,True
primary,Retina 2,Astrocyte,FAM83A,19,61727,,,,False
primary,Retina 2,Astrocyte,FAM83A-AS1,19,61727,,,,False
primary,Retina 2,Astrocyte,FAM89B,19,61727,0.0,0.0,0.0,True
primary,Retina 2,Astrocyte,FHL3,19,61727,1.0,2.8449306701204398,16.2003661282745,True
primary,Retina 2,Astrocyte,FLOT1,19,61727,11.0,5.188524974680135,178.2040274110195,True
primary,Retina 2,Astrocyte,FLVCR2,19,61727,2.0,3.508577823591103,32.400732256549,True
primary,Retina 2,Astrocyte,FMNL1,19,61727,0.0,0.0,0.0,True
primary,Retina 2,Astrocyte,FNDC4,19,61727,0.0,0.0,0.0,True
primary,Retina 2,Astrocyte,GALR3,19,61727,,,,False
primary,Retina 2,Astrocyte,GCAT,19,61727,2.0,3.508577823591103,32.400732256549,True
primary,Retina 2,Astrocyte,GLIS1,19,61727,0.0,0.0,0.0,True
primary,Retina 2,Astrocyte,H1F0,19,61727,4.0,4.186642095121551,64.801464513098,True
primary,Retina 2,Astrocyte,HCG4,19,61727,,,,False
primary,Retina 2,Astrocyte,HCG4B,19,61727,,,,False
primary,Retina 2,Astrocyte,HCG4P5,19,61727,,,,False
primary,Retina 2,Astrocyte,HCG4P7,19,61727,,,,False
primary,Retina 2,Astrocyte,HCG9,19,61727,0.0,0.0,0.0,True
primary,Retina 2,Astrocyte,HCP5B,19,61727,0.0,0.0,0.0,True
primary,Retina 2,Astrocyte,HECTD4,19,61727,2.0,3.508577823591103,32.400732256549,True
primary,Retina 2,Astrocyte,HLA-A,19,61727,37.0,6.397618662373118,599.4135467461565,True
primary,Retina 2,Astrocyte,HLA-C,19,61727,34.0,6.3132082210817,550.8124483613329,True
primary,Retina 2,Astrocyte,HLA-F,19,61727,0.0,0.0,0.0,True
primary,Retina 2,Astrocyte,HLA-F-AS1,19,61727,,,,False
primary,Retina 2,Astrocyte,HLA-G,19,61727,0.0,0.0,0.0,True
primary,Retina 2,Astrocyte,HLA-H,19,61727,,,,False
primary,Retina 2,Astrocyte,HLA-J,19,61727,,,,False
primary,Retina 2,Astrocyte,HLA-L,19,61727,,,,False
primary,Retina 2,Astrocyte,HLA-T,19,61727,,,,False
primary,Retina 2,Astrocyte,HLA-U,19,61727,,,,False
primary,Retina 2,Astrocyte,HLA-V,19,61727,,,,False
primary,Retina 2,Astrocyte,HLA-W,19,61727,,,,False
primary,Retina 2,Astrocyte,HSCB,19,61727,1.0,2.8449306701204398,16.2003661282745,True
primary,Retina 2,Astrocyte,HTRA3,19,61727,2.0,3.508577823591103,32.400732256549,True
primary,Retina 2,Astrocyte,IFITM4P,19,61727,,,,False
primary,Retina 2,Astrocyte,IFT172,19,61727,0.0,0.0,0.0,True
primary,Retina 2,Astrocyte,INPP5B,19,61727,1.0,2.8449306701204398,16.2003661282745,True
primary,Retina 2,Astrocyte,ITGB3,19,61727,1.0,2.8449306701204398,16.2003661282745,True
primary,Retina 2,Astrocyte,KANSL1,19,61727,6.0,4.587028585473211,97.20219676964699,True
primary,Retina 2,Astrocyte,KANSL1-AS1,19,61727,1.0,2.8449306701204398,16.2003661282745,True
primary,Retina 2,Astrocyte,KHK,19,61727,1.0,2.8449306701204398,16.2003661282745,True
primary,Retina 2,Astrocyte,KLF5,19,61727,0.0,0.0,0.0,True
primary,Retina 2,Astrocyte,KRT8P26,19,61727,,,,False
primary,Retina 2,Astrocyte,LHPP,19,61727,1.0,2.8449306701204398,16.2003661282745,True
primary,Retina 2,Astrocyte,LINC01948,19,61727,0.0,0.0,0.0,True
primary,Retina 2,Astrocyte,LINC02052,19,61727,,,,False
primary,Retina 2,Astrocyte,LINC02210,19,61727,,,,False
primary,Retina 2,Astrocyte,LMO4,19,61727,13.0,5.35472019343423,210.6047596675685,True
primary,Retina 2,Astrocyte,LMO7,19,61727,0.0,0.0,0.0,True
primary,Retina 2,Astrocyte,LOXL1,19,61727,3.0,3.9040129783410005,48.601098384823494,True
primary,Retina 2,Astrocyte,LOXL1-AS1,19,61727,0.0,0.0,0.0,True
primary,Retina 2,Astrocyte,LRRC37A,19,61727,0.0,0.0,0.0,True
primary,Retina 2,Astrocyte,LRRC37A17P,19,61727,,,,False
primary,Retina 2,Astrocyte,LRRC37A2,19,61727,0.0,0.0,0.0,True
primary,Retina 2,Astrocyte,LRRC37A4P,19,61727,,,,False
primary,Retina 2,Astrocyte,LRWD1,19,61727,1.0,2.8449306701204398,16.2003661282745,True
primary,Retina 2,Astrocyte,LTBP2,19,61727,0.0,0.0,0.0,True
primary,Retina 2,Astrocyte,LTBP3,19,61727,8.0,4.872161644050227,129.602929026196,True
primary,Retina 2,Astrocyte,MADD,19,61727,0.0,0.0,0.0,True
primary,Retina 2,Astrocyte,MAPK8IP1P1,19,61727,,,,False
primary,Retina 2,Astrocyte,MAPK8IP1P2,19,61727,,,,False
primary,Retina 2,Astrocyte,MAPT,19,61727,2.0,3.508577823591103,32.400732256549,True
primary,Retina 2,Astrocyte,MAPT-AS1,19,61727,0.0,0.0,0.0,True
primary,Retina 2,Astrocyte,MAPT-IT1,19,61727,,,,False
primary,Retina 2,Astrocyte,ME3,19,61727,0.0,0.0,0.0,True
primary,Retina 2,Astrocyte,MICE,19,61727,,,,False
primary,Retina 2,Astrocyte,MOV10,19,61727,1.0,2.8449306701204398,16.2003661282745,True
primary,Retina 2,Astrocyte,MRPL33,19,61727,21.0,5.832491349636094,340.20768869376445,True
primary,Retina 2,Astrocyte,MTCH2,19,61727,3.0,3.9040129783410005,48.601098384823494,True
primary,Retina 2,Astrocyte,MVB12B,19,61727,0.0,0.0,0.0,True
primary,Retina 2,Astrocyte,Metazoa_SRP,19,61727,,,,False
primary,Retina 2,Astrocyte,NEAT1,19,61727,44.0,6.570625379649914,712.816109644078,True
primary,Retina 2,Astrocyte,NMT1,19,61727,6.0,4.587028585473211,97.20219676964699,True
primary,Retina 2,Astrocyte,NPEPPS,19,61727,3.0,3.9040129783410005,48.601098384823494,True
primary,Retina 2,Astrocyte,NRBP1,19,61727,3.0,3.9040129783410005,48.601098384823494,True
primary,Retina 2,Astrocyte,NSF,19,61727,0.0,0.0,0.0,True
primary,Retina 2,Astrocyte,NUCB2,19,61727,5.0,4.406741571909843,81.00183064137249,True
primary,Retina 2,Astrocyte,NUDT7,19,61727,0.0,0.0,0.0,True
primary,Retina 2,Astrocyte,PDE6C,19,61727,0.0,0.0,0.0,True
primary,Retina 2,Astrocyte,PGAM1P8,19,61727,,,,False
primary,Retina 2,Astrocyte,PIBF1,19,61727,1.0,2.8449306701204398,16.2003661282745,True
primary,Retina 2,Astrocyte,PIGC,19,61727,2.0,3.508577823591103,32.400732256549,True
primary,Retina 2,Astrocyte,PKIB,19,61727,3.0,3.9040129783410005,48.601098384823494,True
primary,Retina 2,Astrocyte,PLCE1,19,61727,4.0,4.186642095121551,64.801464513098,True
primary,Retina 2,Astrocyte,PLCE1-AS1,19,61727,,,,False
primary,Retina 2,Astrocyte,PLEKHA7,19,61727,0.0,0.0,0.0,True
primary,Retina 2,Astrocyte,PLEKHM1,19,61727,0.0,0.0,0.0,True
primary,Retina 2,Astrocyte,PPP1R18,19,61727,2.0,3.508577823591103,32.400732256549,True
primary,Retina 2,Astrocyte,PRKCE,19,61727,0.0,0.0,0.0,True
primary,Retina 2,Astrocyte,PROX2,19,61727,,,,False
primary,Retina 2,Astrocyte,PRSS23,19,61727,0.0,0.0,0.0,True
primary,Retina 2,Astrocyte,PSORS1C3,19,61727,,,,False
primary,Retina 2,Astrocyte,RAPSN,19,61727,0.0,0.0,0.0,True
primary,Retina 2,Astrocyte,RERE,19,61727,5.0,4.406741571909843,81.00183064137249,True
primary,Retina 2,Astrocyte,RIC8B,19,61727,2.0,3.508577823591103,32.400732256549,True
primary,Retina 2,Astrocyte,RORA,19,61727,7.0,4.739723481648614,113.4025628979215,True
primary,Retina 2,Astrocyte,RP11-123K19.1,19,61727,,,,False
primary,Retina 2,Astrocyte,RP11-136H19.1,19,61727,,,,False
primary,Retina 2,Astrocyte,RP11-149I2.4,19,61727,,,,False
primary,Retina 2,Astrocyte,RP11-162I7.1,19,61727,,,,False
primary,Retina 2,Astrocyte,RP11-17G12.2,19,61727,,,,False
primary,Retina 2,Astrocyte,RP11-205K6.1,19,61727,,,,False
primary,Retina 2,Astrocyte,RP11-217B7.2,19,61727,0.0,0.0,0.0,True
primary,Retina 2,Astrocyte,RP11-259A24.1,19,61727,,,,False
primary,Retina 2,Astrocyte,RP11-259G18.1,19,61727,,,,False
primary,Retina 2,Astrocyte,RP11-259G18.3,19,61727,,,,False
primary,Retina 2,Astrocyte,RP11-293E1.1,19,61727,,,,False
primary,Retina 2,Astrocyte,RP11-293E1.2,19,61727,,,,False
primary,Retina 2,Astrocyte,RP11-302L19.3,19,61727,0.0,0.0,0.0,True
primary,Retina 2,Astrocyte,RP11-403A3.3,19,61727,4.0,4.186642095121551,64.801464513098,True
primary,Retina 2,Astrocyte,RP11-412D9.4,19,61727,0.0,0.0,0.0,True
primary,Retina 2,Astrocyte,RP11-507B12.1,19,61727,,,,False
primary,Retina 2,Astrocyte,RP11-507B12.2,19,61727,0.0,0.0,0.0,True
primary,Retina 2,Astrocyte,RP11-669E14.6,19,61727,0.0,0.0,0.0,True
primary,Retina 2,Astrocyte,RP11-707O23.1,19,61727,,,,False
primary,Retina 2,Astrocyte,RP11-750H9.5,19,61727,,,,False
primary,Retina 2,Astrocyte,RP11-755F10.1,19,61727,0.0,0.0,0.0,True
primary,Retina 2,Astrocyte,RP11-762L8.6,19,61727,,,,False
primary,Retina 2,Astrocyte,RP11-770G2.2,19,61727,,,,False
primary,Retina 2,Astrocyte,RP11-798G7.6,19,61727,0.0,0.0,0.0,True
primary,Retina 2,Astrocyte,RP11-798G7.8,19,61727,,,,False
primary,Retina 2,Astrocyte,RP5-1115A15.1,19,61727,0.0,0.0,0.0,True
primary,Retina 2,Astrocyte,RPS26P8,19,61727,,,,False
primary,Retina 2,Astrocyte,SCRN2,19,61727,3.0,3.9040129783410005,48.601098384823494,True
primary,Retina 2,Astrocyte,SEMA3E,19,61727,4.0,4.186642095121551,64.801464513098,True
primary,Retina 2,Astrocyte,SEPT7,19,61727,57.0,6.829167454207319,923.4208693116465,True
primary,Retina 2,Astrocyte,SF3A3,19,61727,3.0,3.9040129783410005,48.601098384823494,True
primary,Retina 2,Astrocyte,SFTA1P,19,61727,0.0,0.0,0.0,True
primary,Retina 2,Astrocyte,SGSM2,19,61727,1.0,2.8449306701204398,16.2003661282745,True
primary,Retina 2,Astrocyte,SLC25A45,19,61727,1.0,2.8449306701204398,16.2003661282745,True
primary,Retina 2,Astrocyte,SLC39A13,19,61727,2.0,3.508577823591103,32.400732256549,True
primary,Retina 2,Astrocyte,SMAD6,19,61727,0.0,0.0,0.0,True
primary,Retina 2,Astrocyte,SNORD14A,19,61727,,,,False
primary,Retina 2,Astrocyte,SSSCA1-AS1,19,61727,,,,False
primary,Retina 2,Astrocyte,TARID,19,61727,0.0,0.0,0.0,True
primary,Retina 2,Astrocyte,TBC1D31,19,61727,0.0,0.0,0.0,True
primary,Retina 2,Astrocyte,TBKBP1,19,61727,0.0,0.0,0.0,True
primary,Retina 2,Astrocyte,TBPL1,19,61727,2.0,3.508577823591103,32.400732256549,True
primary,Retina 2,Astrocyte,TGFB3,19,61727,0.0,0.0,0.0,True
primary,Retina 2,Astrocyte,THCAT158,19,61727,0.0,0.0,0.0,True
primary,Retina 2,Astrocyte,THSD7A,19,61727,0.0,0.0,0.0,True
primary,Retina 2,Astrocyte,TIGD3,19,61727,0.0,0.0,0.0,True
primary,Retina 2,Astrocyte,TMEM116,19,61727,1.0,2.8449306701204398,16.2003661282745,True
primary,Retina 2,Astrocyte,TMEM136,19,61727,1.0,2.8449306701204398,16.2003661282745,True
primary,Retina 2,Astrocyte,TMEM181,19,61727,1.0,2.8449306701204398,16.2003661282745,True
primary,Retina 2,Astrocyte,TMEM263,19,61727,1.0,2.8449306701204398,16.2003661282745,True
primary,Retina 2,Astrocyte,TRIM26,19,61727,0.0,0.0,0.0,True
primary,Retina 2,Astrocyte,TRIOBP,19,61727,2.0,3.508577823591103,32.400732256549,True
primary,Retina 2,Astrocyte,TSC22D2,19,61727,0.0,0.0,0.0,True
primary,Retina 2,Astrocyte,TTC28,19,61727,2.0,3.508577823591103,32.400732256549,True
primary,Retina 2,Astrocyte,TTLL5,19,61727,0.0,0.0,0.0,True
primary,Retina 2,Astrocyte,TXNDC8,19,61727,,,,False
primary,Retina 2,Astrocyte,TXNRD2,19,61727,2.0,3.508577823591103,32.400732256549,True
primary,Retina 2,Astrocyte,UTP11,19,61727,3.0,3.9040129783410005,48.601098384823494,True
primary,Retina 2,Astrocyte,VARS2,19,61727,0.0,0.0,0.0,True
primary,Retina 2,Astrocyte,VCAM1,19,61727,0.0,0.0,0.0,True
primary,Retina 2,Astrocyte,WLS,19,61727,1.0,2.8449306701204398,16.2003661282745,True
primary,Retina 2,Astrocyte,WNT2B,19,61727,2.0,3.508577823591103,32.400732256549,True
primary,Retina 2,Astrocyte,XRCC6P1,19,61727,,,,False
primary,Retina 2,Astrocyte,XXbac-BPG170G13.32,19,61727,0.0,0.0,0.0,True
primary,Retina 2,Astrocyte,XXbac-BPG283O16.9,19,61727,,,,False
primary,Retina 2,Astrocyte,YAP1,19,61727,3.0,3.9040129783410005,48.601098384823494,True
primary,Retina 2,Astrocyte,YIF1A,19,61727,14.0,5.428490552058627,226.805125795843,True
primary,Retina 2,Astrocyte,ZNF280D,19,61727,2.0,3.508577823591103,32.400732256549,True
primary,Retina 2,Astrocyte,ZNF638,19,61727,7.0,4.739723481648614,113.4025628979215,True
primary,Retina 2,Astrocyte,ZNF638-IT1,19,61727,,,,False
primary,Retina 2,Microglia,DGKG,60,269539,0.0,0.0,0.0,True
primary,Retina 2,Microglia,SLC2A12,60,269539,0.0,0.0,0.0,True
primary,Retina 2,Microglia,COL8A2,60,269539,3.0,2.495691183049966,11.130114751483088,True
primary,Retina 2,Microglia,NPC2,60,269539,344.0,7.152467080840507,1276.2531581700607,True
primary,Retina 2,Microglia,PSMC3,60,269539,18.0,4.2162773241222755,66.78068850889852,True
primary,Retina 2,Microglia,RP11-466F5.8,60,269539,0.0,0.0,0.0,True
primary,Retina 2,Microglia,LPP,60,269539,7.0,3.29473506492811,25.97026775346054,True
primary,Retina 2,Microglia,RP11-121M22.1,60,269539,0.0,0.0,0.0,True
primary,Retina 2,Microglia,ABO,60,269539,0.0,0.0,0.0,True
primary,Retina 2,Microglia,ADAMTS8,60,269539,0.0,0.0,0.0,True
primary,Retina 2,Microglia,CALD1,60,269539,0.0,0.0,0.0,True
primary,Retina 2,Microglia,CHEK2,60,269539,1.0,1.5496960291194186,3.7100382504943625,True
primary,Retina 2,Microglia,GAS7,60,269539,3.0,2.495691183049966,11.130114751483088,True
primary,Retina 2,Microglia,LMX1B,60,269539,,,,False
primary,Retina 2,Microglia,TCF12,60,269539,3.0,2.495691183049966,11.130114751483088,True
primary,Retina 2,Microglia,TMCO1,60,269539,27.0,4.616812478363262,100.1710327633478,True
primary,Retina 2,Microglia,TRIB2,60,269539,1.0,1.5496960291194186,3.7100382504943625,True
primary,Retina 2,Microglia,AC000078.5,60,269539,,,,False
primary,Retina 2,Microglia,AC002066.1,60,269539,,,,False
primary,Retina 2,Microglia,AC012066.1,60,269539,,,,False
primary,Retina 2,Microglia,AC091132.1,60,269539,,,,False
primary,Retina 2,Microglia,ACBD4,60,269539,1.0,1.5496960291194186,3.7100382504943625,True
primary,Retina 2,Microglia,AFAP1,60,269539,0.0,0.0,0.0,True
primary,Retina 2,Microglia,ALDH2,60,269539,36.0,4.902020429657688,133.56137701779704,True
primary,Retina 2,Microglia,AP003068.23,60,269539,0.0,0.0,0.0,True
primary,Retina 2,Microglia,AP5B1,60,269539,2.0,2.130618913841076,7.420076500988725,True
primary,Retina 2,Microglia,AREL1,60,269539,0.0,0.0,0.0,True
primary,Retina 2,Microglia,ARHGAP27,60,269539,12.0,3.8181618733773495,44.52045900593235,True
primary,Retina 2,Microglia,ARHGEF12,60,269539,3.0,2.495691183049966,11.130114751483088,True
primary,Retina 2,Microglia,ARL17A,60,269539,1.0,1.5496960291194186,3.7100382504943625,True
primary,Retina 2,Microglia,ATP5J,60,269539,78.0,5.671200684603489,289.38298353856027,True
primary,Retina 2,Microglia,BICC1,60,269539,0.0,0.0,0.0,True
primary,Retina 2,Microglia,BORA,60,269539,2.0,2.130618913841076,7.420076500988725,True
primary,Retina 2,Microglia,C1orf109,60,269539,0.0,0.0,0.0,True
primary,Retina 2,Microglia,C1orf122,60,269539,11.0,3.7331456088298673,40.81042075543799,True
primary,Retina 2,Microglia,C22orf29,60,269539,1.0,1.5496960291194186,3.7100382504943625,True
primary,Retina 2,Microglia,C6orf15,60,269539,,,,False
primary,Retina 2,Microglia,CADM1,60,269539,17.0,4.159986384786319,63.070650258404164,True
primary,Retina 2,Microglia,CADM2,60,269539,15.0,4.036902115532443,55.65057375741544,True
primary,Retina 2,Microglia,CAV2,60,269539,1.0,1.5496960291194186,3.7100382504943625,True
primary,Retina 2,Microglia,CCDC117,60,269539,2.0,2.130618913841076,7.420076500988725,True
primary,Retina 2,Microglia,CDC14A,60,269539,0.0,0.0,0.0,True
primary,Retina 2,Microglia,CDKN2A,60,269539,1.0,1.5496960291194186,3.7100382504943625,True
primary,Retina 2,Microglia,CDKN2B-AS1,60,269539,0.0,0.0,0.0,True
primary,Retina 2,Microglia,CELF1,60,269539,15.0,4.036902115532443,55.65057375741544,True
primary,Retina 2,Microglia,CLIC5,60,269539,0.0,0.0,0.0,True
primary,Retina 2,Microglia,CMB9-22P13.1,60,269539,,,,False
primary,Retina 2,Microglia,COL11A1,60,269539,0.0,0.0,0.0,True
primary,Retina 2,Microglia,CRHR1,60,269539,0.0,0.0,0.0,True
primary,Retina 2,Microglia,CTA-292E10.6,60,269539,15.0,4.036902115532443,55.65057375741544,True
primary,Retina 2,Microglia,CTB-39G8.3,60,269539,,,,False
primary,Retina 2,Microglia,CTD-2005H7.1,60,269539,0.0,0.0,0.0,True
primary,Retina 2,Microglia,CTD-2020K17.1,60,269539,0.0,0.0,0.0,True
primary,Retina 2,Microglia,CTD-2020K17.3,60,269539,0.0,0.0,0.0,True
primary,Retina 2,Microglia,CTTNBP2,60,269539,15.0,4.036902115532443,55.65057375741544,True
primary,Retina 2,Microglia,DDX39BP2,60,269539,,,,False
primary,Retina 2,Microglia,DIO1,60,269539,,,,False
primary,Retina 2,Microglia,DND1P1,60,269539,,,,False
primary,Retina 2,Microglia,DYSF,60,269539,0.0,0.0,0.0,True
primary,Retina 2,Microglia,EFCAB13,60,269539,0.0,0.0,0.0,True
primary,Retina 2,Microglia,EFEMP1,60,269539,0.0,0.0,0.0,True
primary,Retina 2,Microglia,EHBP1L1,60,269539,2.0,2.130618913841076,7.420076500988725,True
primary,Retina 2,Microglia,FAM215B,60,269539,7.0,3.29473506492811,25.97026775346054,True
primary,Retina 2,Microglia,FAM83A,60,269539,,,,False
primary,Retina 2,Microglia,FAM83A-AS1,60,269539,,,,False
primary,Retina 2,Microglia,FAM89B,60,269539,4.0,2.762548045555378,14.84015300197745,True
primary,Retina 2,Microglia,FHL3,60,269539,4.0,2.762548045555378,14.84015300197745,True
primary,Retina 2,Microglia,FLOT1,60,269539,38.0,4.955696440048524,140.98145351878577,True
primary,Retina 2,Microglia,FLVCR2,60,269539,1.0,1.5496960291194186,3.7100382504943625,True
primary,Retina 2,Microglia,FMNL1,60,269539,20.0,4.3201614039078695,74.20076500988725,True
primary,Retina 2,Microglia,FNDC4,60,269539,0.0,0.0,0.0,True
primary,Retina 2,Microglia,GALR3,60,269539,,,,False
primary,Retina 2,Microglia,GCAT,60,269539,1.0,1.5496960291194186,3.7100382504943625,True
primary,Retina 2,Microglia,GLIS1,60,269539,0.0,0.0,0.0,True
primary,Retina 2,Microglia,H1F0,60,269539,44.0,5.101339019989835,163.24168302175195,True
primary,Retina 2,Microglia,HCG4,60,269539,,,,False
primary,Retina 2,Microglia,HCG4B,60,269539,,,,False
primary,Retina 2,Microglia,HCG4P5,60,269539,,,,False
primary,Retina 2,Microglia,HCG4P7,60,269539,,,,False
primary,Retina 2,Microglia,HCG9,60,269539,0.0,0.0,0.0,True
primary,Retina 2,Microglia,HCP5B,60,269539,0.0,0.0,0.0,True
primary,Retina 2,Microglia,HECTD4,60,269539,3.0,2.495691183049966,11.130114751483088,True
primary,Retina 2,Microglia,HLA-A,60,269539,422.0,7.356686014824451,1565.636141708621,True
primary,Retina 2,Microglia,HLA-C,60,269539,522.0,7.569225999525638,1936.6399667580572,True
primary,Retina 2,Microglia,HLA-F,60,269539,16.0,4.100336773144299,59.3606120079098,True
primary,Retina 2,Microglia,HLA-F-AS1,60,269539,,,,False
primary,Retina 2,Microglia,HLA-G,60,269539,1.0,1.5496960291194186,3.7100382504943625,True
primary,Retina 2,Microglia,HLA-H,60,269539,,,,False
primary,Retina 2,Microglia,HLA-J,60,269539,,,,False
primary,Retina 2,Microglia,HLA-L,60,269539,,,,False
primary,Retina 2,Microglia,HLA-T,60,269539,,,,False
primary,Retina 2,Microglia,HLA-U,60,269539,,,,False
primary,Retina 2,Microglia,HLA-V,60,269539,,,,False
primary,Retina 2,Microglia,HLA-W,60,269539,,,,False
primary,Retina 2,Microglia,HSCB,60,269539,14.0,3.9691693121033125,51.94053550692108,True
primary,Retina 2,Microglia,HTRA3,60,269539,0.0,0.0,0.0,True
primary,Retina 2,Microglia,IFITM4P,60,269539,,,,False
primary,Retina 2,Microglia,IFT172,60,269539,2.0,2.130618913841076,7.420076500988725,True
primary,Retina 2,Microglia,INPP5B,60,269539,2.0,2.130618913841076,7.420076500988725,True
primary,Retina 2,Microglia,ITGB3,60,269539,1.0,1.5496960291194186,3.7100382504943625,True
primary,Retina 2,Microglia,KANSL1,60,269539,12.0,3.8181618733773495,44.52045900593235,True
primary,Retina 2,Microglia,KANSL1-AS1,60,269539,6.0,3.1467450138933537,22.260229502966176,True
primary,Retina 2,Microglia,KHK,60,269539,0.0,0.0,0.0,True
primary,Retina 2,Microglia,KLF5,60,269539,0.0,0.0,0.0,True
primary,Retina 2,Microglia,KRT8P26,60,269539,,,,False
primary,Retina 2,Microglia,LHPP,60,269539,2.0,2.130618913841076,7.420076500988725,True
primary,Retina 2,Microglia,LINC01948,60,269539,0.0,0.0,0.0,True
primary,Retina 2,Microglia,LINC02052,60,269539,,,,False
primary,Retina 2,Microglia,LINC02210,60,269539,,,,False
primary,Retina 2,Microglia,LMO4,60,269539,16.0,4.100336773144299,59.3606120079098,True
primary,Retina 2,Microglia,LMO7,60,269539,3.0,2.495691183049966,11.130114751483088,True
primary,Retina 2,Microglia,LOXL1,60,269539,0.0,0.0,0.0,True
primary,Retina 2,Microglia,LOXL1-AS1,60,269539,1.0,1.5496960291194186,3.7100382504943625,True
primary,Retina 2,Microglia,LRRC37A,60,269539,0.0,0.0,0.0,True
primary,Retina 2,Microglia,LRRC37A17P,60,269539,,,,False
primary,Retina 2,Microglia,LRRC37A2,60,269539,2.0,2.130618913841076,7.420076500988725,True
primary,Retina 2,Microglia,LRRC37A4P,60,269539,,,,False
primary,Retina 2,Microglia,LRWD1,60,269539,2.0,2.130618913841076,7.420076500988725,True
primary,Retina 2,Microglia,LTBP2,60,269539,0.0,0.0,0.0,True
primary,Retina 2,Microglia,LTBP3,60,269539,0.0,0.0,0.0,True
primary,Retina 2,Microglia,MADD,60,269539,2.0,2.130618913841076,7.420076500988725,True
primary,Retina 2,Microglia,MAPK8IP1P1,60,269539,,,,False
primary,Retina 2,Microglia,MAPK8IP1P2,60,269539,,,,False
primary,Retina 2,Microglia,MAPT,60,269539,0.0,0.0,0.0,True
primary,Retina 2,Microglia,MAPT-AS1,60,269539,0.0,0.0,0.0,True
primary,Retina 2,Microglia,MAPT-IT1,60,269539,,,,False
primary,Retina 2,Microglia,ME3,60,269539,0.0,0.0,0.0,True
primary,Retina 2,Microglia,MICE,60,269539,,,,False
primary,Retina 2,Microglia,MOV10,60,269539,1.0,1.5496960291194186,3.7100382504943625,True
primary,Retina 2,Microglia,MRPL33,60,269539,24.0,4.500264211587009,89.0409180118647,True
primary,Retina 2,Microglia,MTCH2,60,269539,15.0,4.036902115532443,55.65057375741544,True
primary,Retina 2,Microglia,MVB12B,60,269539,4.0,2.762548045555378,14.84015300197745,True
primary,Retina 2,Microglia,Metazoa_SRP,60,269539,,,,False
primary,Retina 2,Microglia,NEAT1,60,269539,431.0,7.37777546181778,1599.0264859630702,True
primary,Retina 2,Microglia,NMT1,60,269539,14.0,3.9691693121033125,51.94053550692108,True
primary,Retina 2,Microglia,NPEPPS,60,269539,11.0,3.7331456088298673,40.81042075543799,True
primary,Retina 2,Microglia,NRBP1,60,269539,7.0,3.29473506492811,25.97026775346054,True
primary,Retina 2,Microglia,NSF,60,269539,6.0,3.1467450138933537,22.260229502966176,True
primary,Retina 2,Microglia,NUCB2,60,269539,18.0,4.2162773241222755,66.78068850889852,True
primary,Retina 2,Microglia,NUDT7,60,269539,4.0,2.762548045555378,14.84015300197745,True
primary,Retina 2,Microglia,PDE6C,60,269539,0.0,0.0,0.0,True
primary,Retina 2,Microglia,PGAM1P8,60,269539,,,,False
primary,Retina 2,Microglia,PIBF1,60,269539,4.0,2.762548045555378,14.84015300197745,True
primary,Retina 2,Microglia,PIGC,60,269539,8.0,3.423620950502604,29.6803060039549,True
primary,Retina 2,Microglia,PKIB,60,269539,6.0,3.1467450138933537,22.260229502966176,True
primary,Retina 2,Microglia,PLCE1,60,269539,0.0,0.0,0.0,True
primary,Retina 2,Microglia,PLCE1-AS1,60,269539,,,,False
primary,Retina 2,Microglia,PLEKHA7,60,269539,0.0,0.0,0.0,True
primary,Retina 2,Microglia,PLEKHM1,60,269539,3.0,2.495691183049966,11.130114751483088,True
primary,Retina 2,Microglia,PPP1R18,60,269539,23.0,4.458187352875112,85.33087976137034,True
primary,Retina 2,Microglia,PRKCE,60,269539,0.0,0.0,0.0,True
primary,Retina 2,Microglia,PROX2,60,269539,,,,False
primary,Retina 2,Microglia,PRSS23,60,269539,0.0,0.0,0.0,True
primary,Retina 2,Microglia,PSORS1C3,60,269539,,,,False
primary,Retina 2,Microglia,RAPSN,60,269539,0.0,0.0,0.0,True
primary,Retina 2,Microglia,RERE,60,269539,7.0,3.29473506492811,25.97026775346054,True
primary,Retina 2,Microglia,RIC8B,60,269539,1.0,1.5496960291194186,3.7100382504943625,True
primary,Retina 2,Microglia,RORA,60,269539,3.0,2.495691183049966,11.130114751483088,True
primary,Retina 2,Microglia,RP11-123K19.1,60,269539,,,,False
primary,Retina 2,Microglia,RP11-136H19.1,60,269539,,,,False
primary,Retina 2,Microglia,RP11-149I2.4,60,269539,,,,False
primary,Retina 2,Microglia,RP11-162I7.1,60,269539,,,,False
primary,Retina 2,Microglia,RP11-17G12.2,60,269539,,,,False
primary,Retina 2,Microglia,RP11-205K6.1,60,269539,,,,False
primary,Retina 2,Microglia,RP11-217B7.2,60,269539,0.0,0.0,0.0,True
primary,Retina 2,Microglia,RP11-259A24.1,60,269539,,,,False
primary,Retina 2,Microglia,RP11-259G18.1,60,269539,,,,False
primary,Retina 2,Microglia,RP11-259G18.3,60,269539,,,,False
primary,Retina 2,Microglia,RP11-293E1.1,60,269539,,,,False
primary,Retina 2,Microglia,RP11-293E1.2,60,269539,,,,False
primary,Retina 2,Microglia,RP11-302L19.3,60,269539,0.0,0.0,0.0,True
primary,Retina 2,Microglia,RP11-403A3.3,60,269539,0.0,0.0,0.0,True
primary,Retina 2,Microglia,RP11-412D9.4,60,269539,2.0,2.130618913841076,7.420076500988725,True
primary,Retina 2,Microglia,RP11-507B12.1,60,269539,,,,False
primary,Retina 2,Microglia,RP11-507B12.2,60,269539,0.0,0.0,0.0,True
primary,Retina 2,Microglia,RP11-669E14.6,60,269539,0.0,0.0,0.0,True
primary,Retina 2,Microglia,RP11-707O23.1,60,269539,,,,False
primary,Retina 2,Microglia,RP11-750H9.5,60,269539,,,,False
primary,Retina 2,Microglia,RP11-755F10.1,60,269539,0.0,0.0,0.0,True
primary,Retina 2,Microglia,RP11-762L8.6,60,269539,,,,False
primary,Retina 2,Microglia,RP11-770G2.2,60,269539,,,,False
primary,Retina 2,Microglia,RP11-798G7.6,60,269539,0.0,0.0,0.0,True
primary,Retina 2,Microglia,RP11-798G7.8,60,269539,,,,False
primary,Retina 2,Microglia,RP5-1115A15.1,60,269539,0.0,0.0,0.0,True
primary,Retina 2,Microglia,RPS26P8,60,269539,,,,False
primary,Retina 2,Microglia,SCRN2,60,269539,5.0,2.9729850691186552,18.550191252471812,True
primary,Retina 2,Microglia,SEMA3E,60,269539,0.0,0.0,0.0,True
primary,Retina 2,Microglia,SEPT7,60,269539,52.0,5.267455959767843,192.92198902570686,True
primary,Retina 2,Microglia,SF3A3,60,269539,12.0,3.8181618733773495,44.52045900593235,True
primary,Retina 2,Microglia,SFTA1P,60,269539,0.0,0.0,0.0,True
primary,Retina 2,Microglia,SGSM2,60,269539,0.0,0.0,0.0,True
primary,Retina 2,Microglia,SLC25A45,60,269539,9.0,3.5377758347008257,33.39034425444926,True
primary,Retina 2,Microglia,SLC39A13,60,269539,7.0,3.29473506492811,25.97026775346054,True
primary,Retina 2,Microglia,SMAD6,60,269539,0.0,0.0,0.0,True
primary,Retina 2,Microglia,SNORD14A,60,269539,,,,False
primary,Retina 2,Microglia,SSSCA1-AS1,60,269539,,,,False
primary,Retina 2,Microglia,TARID,60,269539,0.0,0.0,0.0,True
primary,Retina 2,Microglia,TBC1D31,60,269539,5.0,2.9729850691186552,18.550191252471812,True
primary,Retina 2,Microglia,TBKBP1,60,269539,0.0,0.0,0.0,True
primary,Retina 2,Microglia,TBPL1,60,269539,5.0,2.9729850691186552,18.550191252471812,True
primary,Retina 2,Microglia,TGFB3,60,269539,0.0,0.0,0.0,True
primary,Retina 2,Microglia,THCAT158,60,269539,0.0,0.0,0.0,True
primary,Retina 2,Microglia,THSD7A,60,269539,0.0,0.0,0.0,True
primary,Retina 2,Microglia,TIGD3,60,269539,0.0,0.0,0.0,True
primary,Retina 2,Microglia,TMEM116,60,269539,1.0,1.5496960291194186,3.7100382504943625,True
primary,Retina 2,Microglia,TMEM136,60,269539,3.0,2.495691183049966,11.130114751483088,True
primary,Retina 2,Microglia,TMEM181,60,269539,4.0,2.762548045555378,14.84015300197745,True
primary,Retina 2,Microglia,TMEM263,60,269539,3.0,2.495691183049966,11.130114751483088,True
primary,Retina 2,Microglia,TRIM26,60,269539,1.0,1.5496960291194186,3.7100382504943625,True
primary,Retina 2,Microglia,TRIOBP,60,269539,2.0,2.130618913841076,7.420076500988725,True
primary,Retina 2,Microglia,TSC22D2,60,269539,4.0,2.762548045555378,14.84015300197745,True
primary,Retina 2,Microglia,TTC28,60,269539,2.0,2.130618913841076,7.420076500988725,True
primary,Retina 2,Microglia,TTLL5,60,269539,4.0,2.762548045555378,14.84015300197745,True
primary,Retina 2,Microglia,TXNDC8,60,269539,,,,False
primary,Retina 2,Microglia,TXNRD2,60,269539,1.0,1.5496960291194186,3.7100382504943625,True
primary,Retina 2,Microglia,UTP11,60,269539,10.0,3.6402243215820924,37.100382504943624,True
primary,Retina 2,Microglia,VARS2,60,269539,5.0,2.9729850691186552,18.550191252471812,True
primary,Retina 2,Microglia,VCAM1,60,269539,0.0,0.0,0.0,True
primary,Retina 2,Microglia,WLS,60,269539,9.0,3.5377758347008257,33.39034425444926,True
primary,Retina 2,Microglia,WNT2B,60,269539,3.0,2.495691183049966,11.130114751483088,True
primary,Retina 2,Microglia,XRCC6P1,60,269539,,,,False
primary,Retina 2,Microglia,XXbac-BPG170G13.32,60,269539,0.0,0.0,0.0,True
primary,Retina 2,Microglia,XXbac-BPG283O16.9,60,269539,,,,False
primary,Retina 2,Microglia,YAP1,60,269539,0.0,0.0,0.0,True
primary,Retina 2,Microglia,YIF1A,60,269539,23.0,4.458187352875112,85.33087976137034,True
primary,Retina 2,Microglia,ZNF280D,60,269539,5.0,2.9729850691186552,18.550191252471812,True
primary,Retina 2,Microglia,ZNF638,60,269539,11.0,3.7331456088298673,40.81042075543799,True
primary,Retina 2,Microglia,ZNF638-IT1,60,269539,,,,False
primary,Retina 3,Rod,DGKG,5957,7604540,1.0,0.12354453358249108,0.13150039318617562,True
primary,Retina 3,Rod,SLC2A12,5957,7604540,2.0,0.23349046599076612,0.26300078637235125,True
primary,Retina 3,Rod,COL8A2,5957,7604540,0.0,0.0,0.0,True
primary,Retina 3,Rod,NPC2,5957,7604540,526.0,4.2509095654512485,69.16920681592838,True
primary,Retina 3,Rod,PSMC3,5957,7604540,676.0,4.498634155170243,88.89426579385473,True
primary,Retina 3,Rod,RP11-466F5.8,5957,7604540,17.0,1.1741855413962163,2.2355066841649855,True
primary,Retina 3,Rod,LPP,5957,7604540,18.0,1.214024242152125,2.367007077351161,True
primary,Retina 3,Rod,RP11-121M22.1,5957,7604540,10.0,0.8394113859651595,1.3150039318617563,True
primary,Retina 3,Rod,ABO,5957,7604540,0.0,0.0,0.0,True
primary,Retina 3,Rod,ADAMTS8,5957,7604540,0.0,0.0,0.0,True
primary,Retina 3,Rod,CALD1,5957,7604540,25.0,1.4557061051201918,3.2875098296543905,True
primary,Retina 3,Rod,CHEK2,5957,7604540,6.0,0.5816581232048931,0.7890023591170537,True
primary,Retina 3,Rod,GAS7,5957,7604540,287.0,3.656888477276347,37.740612844432405,True
primary,Retina 3,Rod,LMX1B,5957,7604540,,,,False
primary,Retina 3,Rod,TCF12,5957,7604540,156.0,3.0687067370350047,20.514061337043398,True
primary,Retina 3,Rod,TMCO1,5957,7604540,1184.0,5.054310593475378,155.69646553243194,True
primary,Retina 3,Rod,TRIB2,5957,7604540,336.0,3.810745965701378,44.18413211055501,True
primary,Retina 3,Rod,AC000078.5,5957,7604540,,,,False
primary,Retina 3,Rod,AC002066.1,5957,7604540,,,,False
primary,Retina 3,Rod,AC012066.1,5957,7604540,,,,False
primary,Retina 3,Rod,AC091132.1,5957,7604540,,,,False
primary,Retina 3,Rod,ACBD4,5957,7604540,174.0,3.1730860284948506,22.88106841439456,True
primary,Retina 3,Rod,AFAP1,5957,7604540,2.0,0.23349046599076612,0.26300078637235125,True
primary,Retina 3,Rod,ALDH2,5957,7604540,320.0,3.763061772886899,42.0801258195762,True
primary,Retina 3,Rod,AP003068.23,5957,7604540,20.0,1.2892348145894301,2.6300078637235127,True
primary,Retina 3,Rod,AP5B1,5957,7604540,22.0,1.3591822905872843,2.893008650095864,True
primary,Retina 3,Rod,AREL1,5957,7604540,49.0,2.007343756646612,6.443519266122606,True
primary,Retina 3,Rod,ARHGAP27,5957,7604540,13.0,0.9967660025032574,1.709505111420283,True
primary,Retina 3,Rod,ARHGEF12,5957,7604540,367.0,3.8971254721709325,48.26064429932646,True
primary,Retina 3,Rod,ARL17A,5957,7604540,153.0,3.050199632744536,20.11956015748487,True
primary,Retina 3,Rod,ATP5J,5957,7604540,3989.0,6.264454977252266,524.5550684196546,True
primary,Retina 3,Rod,BICC1,5957,7604540,6.0,0.5816581232048931,0.7890023591170537,True
primary,Retina 3,Rod,BORA,5957,7604540,33.0,1.6751344456562502,4.339512975143796,True
primary,Retina 3,Rod,C1orf109,5957,7604540,124.0,2.8510560794165536,16.30604875508578,True
primary,Retina 3,Rod,C1orf122,5957,7604540,1976.0,5.563925506020409,259.84477693588303,True
primary,Retina 3,Rod,C22orf29,5957,7604540,49.0,2.007343756646612,6.443519266122606,True
primary,Retina 3,Rod,C6orf15,5957,7604540,,,,False
primary,Retina 3,Rod,CADM1,5957,7604540,3751.0,6.20305759715848,493.2579748413448,True
primary,Retina 3,Rod,CADM2,5957,7604540,4989.0,6.4877684313689725,656.0554616058301,True
primary,Retina 3,Rod,CAV2,5957,7604540,33.0,1.6751344456562502,4.339512975143796,True
primary,Retina 3,Rod,CCDC117,5957,7604540,105.0,2.6951365972487324,13.80754128454844,True
primary,Retina 3,Rod,CDC14A,5957,7604540,11.0,0.8946601995966668,1.446504325047932,True
primary,Retina 3,Rod,CDKN2A,5957,7604540,0.0,0.0,0.0,True
primary,Retina 3,Rod,CDKN2B-AS1,5957,7604540,0.0,0.0,0.0,True
primary,Retina 3,Rod,CELF1,5957,7604540,201.0,3.311694869111887,26.4315790304213,True
primary,Retina 3,Rod,CLIC5,5957,7604540,3.0,0.3325367739498942,0.39450117955852687,True
primary,Retina 3,Rod,CMB9-22P13.1,5957,7604540,,,,False
primary,Retina 3,Rod,COL11A1,5957,7604540,1.0,0.12354453358249108,0.13150039318617562,True
primary,Retina 3,Rod,CRHR1,5957,7604540,1.0,0.12354453358249108,0.13150039318617562,True
primary,Retina 3,Rod,CTA-292E10.6,5957,7604540,132.0,2.910068273929584,17.358051900575184,True
primary,Retina 3,Rod,CTB-39G8.3,5957,7604540,,,,False
primary,Retina 3,Rod,CTD-2005H7.1,5957,7604540,0.0,0.0,0.0,True
primary,Retina 3,Rod,CTD-2020K17.1,5957,7604540,2.0,0.23349046599076612,0.26300078637235125,True
primary,Retina 3,Rod,CTD-2020K17.3,5957,7604540,3.0,0.3325367739498942,0.39450117955852687,True
primary,Retina 3,Rod,CTTNBP2,5957,7604540,7.0,0.6525870019208531,0.9205027523032294,True
primary,Retina 3,Rod,DDX39BP2,5957,7604540,,,,False
primary,Retina 3,Rod,DIO1,5957,7604540,,,,False
primary,Retina 3,Rod,DND1P1,5957,7604540,,,,False
primary,Retina 3,Rod,DYSF,5957,7604540,3.0,0.3325367739498942,0.39450117955852687,True
primary,Retina 3,Rod,EFCAB13,5957,7604540,10.0,0.8394113859651595,1.3150039318617563,True
primary,Retina 3,Rod,EFEMP1,5957,7604540,4.0,0.4226509634939114,0.5260015727447025,True
primary,Retina 3,Rod,EHBP1L1,5957,7604540,1.0,0.12354453358249108,0.13150039318617562,True
primary,Retina 3,Rod,FAM215B,5957,7604540,113.0,2.7637714913324722,14.859544430037845,True
primary,Retina 3,Rod,FAM83A,5957,7604540,,,,False
primary,Retina 3,Rod,FAM83A-AS1,5957,7604540,,,,False
primary,Retina 3,Rod,FAM89B,5957,7604540,13.0,0.9967660025032574,1.709505111420283,True
primary,Retina 3,Rod,FHL3,5957,7604540,0.0,0.0,0.0,True
primary,Retina 3,Rod,FLOT1,5957,7604540,196.0,3.287434145692664,25.774077064490424,True
primary,Retina 3,Rod,FLVCR2,5957,7604540,0.0,0.0,0.0,True
primary,Retina 3,Rod,FMNL1,5957,7604540,1.0,0.12354453358249108,0.13150039318617562,True
primary,Retina 3,Rod,FNDC4,5957,7604540,143.0,2.9859120236338987,18.804556225623113,True
primary,Retina 3,Rod,GALR3,5957,7604540,,,,False
primary,Retina 3,Rod,GCAT,5957,7604540,7.0,0.6525870019208531,0.9205027523032294,True
primary,Retina 3,Rod,GLIS1,5957,7604540,0.0,0.0,0.0,True
primary,Retina 3,Rod,H1F0,5957,7604540,22.0,1.3591822905872843,2.893008650095864,True
primary,Retina 3,Rod,HCG4,5957,7604540,,,,False
primary,Retina 3,Rod,HCG4B,5957,7604540,,,,False
primary,Retina 3,Rod,HCG4P5,5957,7604540,,,,False
primary,Retina 3,Rod,HCG4P7,5957,7604540,,,,False
primary,Retina 3,Rod,HCG9,5957,7604540,0.0,0.0,0.0,True
primary,Retina 3,Rod,HCP5B,5957,7604540,0.0,0.0,0.0,True
primary,Retina 3,Rod,HECTD4,5957,7604540,120.0,2.820190512855195,15.780047182341075,True
primary,Retina 3,Rod,HLA-A,5957,7604540,50.0,2.024855946680353,6.575019659308781,True
primary,Retina 3,Rod,HLA-C,5957,7604540,51.0,2.042066730624863,6.706520052494957,True
primary,Retina 3,Rod,HLA-F,5957,7604540,4.0,0.4226509634939114,0.5260015727447025,True
primary,Retina 3,Rod,HLA-F-AS1,5957,7604540,,,,False
primary,Retina 3,Rod,HLA-G,5957,7604540,0.0,0.0,0.0,True
primary,Retina 3,Rod,HLA-H,5957,7604540,,,,False
primary,Retina 3,Rod,HLA-J,5957,7604540,,,,False
primary,Retina 3,Rod,HLA-L,5957,7604540,,,,False
primary,Retina 3,Rod,HLA-T,5957,7604540,,,,False
primary,Retina 3,Rod,HLA-U,5957,7604540,,,,False
primary,Retina 3,Rod,HLA-V,5957,7604540,,,,False
primary,Retina 3,Rod,HLA-W,5957,7604540,,,,False
primary,Retina 3,Rod,HSCB,5957,7604540,106.0,2.7039780329173646,13.939041677734616,True
primary,Retina 3,Rod,HTRA3,5957,7604540,0.0,0.0,0.0,True
primary,Retina 3,Rod,IFITM4P,5957,7604540,,,,False
primary,Retina 3,Rod,IFT172,5957,7604540,188.0,3.2473495306054536,24.72207391900102,True
primary,Retina 3,Rod,INPP5B,5957,7604540,32.0,1.6501983207938298,4.20801258195762,True
primary,Retina 3,Rod,ITGB3,5957,7604540,0.0,0.0,0.0,True
primary,Retina 3,Rod,KANSL1,5957,7604540,761.0,4.615831147597063,100.07179921467966,True
primary,Retina 3,Rod,KANSL1-AS1,5957,7604540,90.0,2.5521785713707876,11.835035386755806,True
primary,Retina 3,Rod,KHK,5957,7604540,32.0,1.6501983207938298,4.20801258195762,True
primary,Retina 3,Rod,KLF5,5957,7604540,1.0,0.12354453358249108,0.13150039318617562,True
primary,Retina 3,Rod,KRT8P26,5957,7604540,,,,False
primary,Retina 3,Rod,LHPP,5957,7604540,137.0,2.9452572688290655,18.01555386650606,True
primary,Retina 3,Rod,LINC01948,5957,7604540,0.0,0.0,0.0,True
primary,Retina 3,Rod,LINC02052,5957,7604540,,,,False
primary,Retina 3,Rod,LINC02210,5957,7604540,,,,False
primary,Retina 3,Rod,LMO4,5957,7604540,41.0,1.8549715048214914,5.3915161206332005,True
primary,Retina 3,Rod,LMO7,5957,7604540,23.0,1.3924029266064109,3.0245090432820394,True
primary,Retina 3,Rod,LOXL1,5957,7604540,0.0,0.0,0.0,True
primary,Retina 3,Rod,LOXL1-AS1,5957,7604540,0.0,0.0,0.0,True
primary,Retina 3,Rod,LRRC37A,5957,7604540,22.0,1.3591822905872843,2.893008650095864,True
primary,Retina 3,Rod,LRRC37A17P,5957,7604540,,,,False
primary,Retina 3,Rod,LRRC37A2,5957,7604540,37.0,1.7690902102075143,4.865514547888498,True
primary,Retina 3,Rod,LRRC37A4P,5957,7604540,,,,False
primary,Retina 3,Rod,LRWD1,5957,7604540,114.0,2.7720288670015814,14.991044823224021,True
primary,Retina 3,Rod,LTBP2,5957,7604540,2.0,0.23349046599076612,0.26300078637235125,True
primary,Retina 3,Rod,LTBP3,5957,7604540,45.0,1.9340569904462406,5.917517693377903,True
primary,Retina 3,Rod,MADD,5957,7604540,348.0,3.845073833352508,45.76213682878912,True
primary,Retina 3,Rod,MAPK8IP1P1,5957,7604540,,,,False
primary,Retina 3,Rod,MAPK8IP1P2,5957,7604540,,,,False
primary,Retina 3,Rod,MAPT,5957,7604540,45.0,1.9340569904462406,5.917517693377903,True
primary,Retina 3,Rod,MAPT-AS1,5957,7604540,8.0,0.7188164601969218,1.052003145489405,True
primary,Retina 3,Rod,MAPT-IT1,5957,7604540,,,,False
primary,Retina 3,Rod,ME3,5957,7604540,1.0,0.12354453358249108,0.13150039318617562,True
primary,Retina 3,Rod,MICE,5957,7604540,,,,False
primary,Retina 3,Rod,MOV10,5957,7604540,3.0,0.3325367739498942,0.39450117955852687,True
primary,Retina 3,Rod,MRPL33,5957,7604540,2955.0,5.965078635224653,388.583661865149,True
primary,Retina 3,Rod,MTCH2,5957,7604540,524.0,4.247154429698607,68.90620602955603,True
primary,Retina 3,Rod,MVB12B,5957,7604540,20.0,1.2892348145894301,2.6300078637235127,True
primary,Retina 3,Rod,Metazoa_SRP,5957,7604540,,,,False
primary,Retina 3,Rod,NEAT1,5957,7604540,109.0,2.7300427723336997,14.333542857293143,True
primary,Retina 3,Rod,NMT1,5957,7604540,1304.0,5.150261069025819,171.476512714773,True
primary,Retina 3,Rod,NPEPPS,5957,7604540,549.0,4.293109568364146,72.19371585921041,True
primary,Retina 3,Rod,NRBP1,5957,7604540,393.0,3.9642293188081514,51.67965452216702,True
primary,Retina 3,Rod,NSF,5957,7604540,643.0,4.449156554829049,84.55475281871092,True
primary,Retina 3,Rod,NUCB2,5957,7604540,942.0,4.827300186884586,123.87337038137744,True
primary,Retina 3,Rod,NUDT7,5957,7604540,93.0,2.5824519485121504,12.229536566314334,True
primary,Retina 3,Rod,PDE6C,5957,7604540,2.0,0.23349046599076612,0.26300078637235125,True
primary,Retina 3,Rod,PGAM1P8,5957,7604540,,,,False
primary,Retina 3,Rod,PIBF1,5957,7604540,138.0,2.952148879235292,18.147054259692236,True
primary,Retina 3,Rod,PIGC,5957,7604540,229.0,3.4376447025041457,30.113590039634218,True
primary,Retina 3,Rod,PKIB,5957,7604540,2062.0,5.6063673871701765,271.15381074989415,True
primary,Retina 3,Rod,PLCE1,5957,7604540,91.0,2.562371867813467,11.966535779941982,True
primary,Retina 3,Rod,PLCE1-AS1,5957,7604540,,,,False
primary,Retina 3,Rod,PLEKHA7,5957,7604540,68.0,2.2967708969325886,8.942026736659942,True
primary,Retina 3,Rod,PLEKHM1,5957,7604540,31.0,1.6246244487749608,4.076512188771445,True
primary,Retina 3,Rod,PPP1R18,5957,7604540,44.0,1.9148642157533846,5.786017300191728,True
primary,Retina 3,Rod,PRKCE,5957,7604540,21.0,1.32482000912664,2.7615082569096883,True
primary,Retina 3,Rod,PROX2,5957,7604540,,,,False
primary,Retina 3,Rod,PRSS23,5957,7604540,0.0,0.0,0.0,True
primary,Retina 3,Rod,PSORS1C3,5957,7604540,,,,False
primary,Retina 3,Rod,RAPSN,5957,7604540,0.0,0.0,0.0,True
primary,Retina 3,Rod,RERE,5957,7604540,553.0,4.3002702998039775,72.71971743195512,True
primary,Retina 3,Rod,RIC8B,5957,7604540,414.0,4.0153223283102735,54.44116277907671,True
primary,Retina 3,Rod,RORA,5957,7604540,852.0,4.727727008920851,112.03833499462164,True
primary,Retina 3,Rod,RP11-123K19.1,5957,7604540,,,,False
primary,Retina 3,Rod,RP11-136H19.1,5957,7604540,,,,False
primary,Retina 3,Rod,RP11-149I2.4,5957,7604540,,,,False
primary,Retina 3,Rod,RP11-162I7.1,5957,7604540,,,,False
primary,Retina 3,Rod,RP11-17G12.2,5957,7604540,,,,False
primary,Retina 3,Rod,RP11-205K6.1,5957,7604540,,,,False
primary,Retina 3,Rod,RP11-217B7.2,5957,7604540,0.0,0.0,0.0,True
primary,Retina 3,Rod,RP11-259A24.1,5957,7604540,,,,False
primary,Retina 3,Rod,RP11-259G18.1,5957,7604540,,,,False
primary,Retina 3,Rod,RP11-259G18.3,5957,7604540,,,,False
primary,Retina 3,Rod,RP11-293E1.1,5957,7604540,,,,False
primary,Retina 3,Rod,RP11-293E1.2,5957,7604540,,,,False
primary,Retina 3,Rod,RP11-302L19.3,5957,7604540,0.0,0.0,0.0,True
primary,Retina 3,Rod,RP11-403A3.3,5957,7604540,0.0,0.0,0.0,True
primary,Retina 3,Rod,RP11-412D9.4,5957,7604540,208.0,3.3447004589672025,27.35208178272453,True
primary,Retina 3,Rod,RP11-507B12.1,5957,7604540,,,,False
primary,Retina 3,Rod,RP11-507B12.2,5957,7604540,0.0,0.0,0.0,True
primary,Retina 3,Rod,RP11-669E14.6,5957,7604540,0.0,0.0,0.0,True
primary,Retina 3,Rod,RP11-707O23.1,5957,7604540,,,,False
primary,Retina 3,Rod,RP11-750H9.5,5957,7604540,,,,False
primary,Retina 3,Rod,RP11-755F10.1,5957,7604540,3.0,0.3325367739498942,0.39450117955852687,True
primary,Retina 3,Rod,RP11-762L8.6,5957,7604540,,,,False
primary,Retina 3,Rod,RP11-770G2.2,5957,7604540,,,,False
primary,Retina 3,Rod,RP11-798G7.6,5957,7604540,12.0,0.947015734706984,1.5780047182341075,True
primary,Retina 3,Rod,RP11-798G7.8,5957,7604540,,,,False
primary,Retina 3,Rod,RP5-1115A15.1,5957,7604540,0.0,0.0,0.0,True
primary,Retina 3,Rod,RPS26P8,5957,7604540,,,,False
primary,Retina 3,Rod,SCRN2,5957,7604540,204.0,3.3259737179706885,26.82608020997983,True
primary,Retina 3,Rod,SEMA3E,5957,7604540,10.0,0.8394113859651595,1.3150039318617563,True
primary,Retina 3,Rod,SEPT7,5957,7604540,1409.0,5.227272680811238,185.28405399932146,True
primary,Retina 3,Rod,SF3A3,5957,7604540,230.0,3.4418622576901994,30.245090432820394,True
primary,Retina 3,Rod,SFTA1P,5957,7604540,0.0,0.0,0.0,True
primary,Retina 3,Rod,SGSM2,5957,7604540,99.0,2.6403806625832047,13.018538925431388,True
primary,Retina 3,Rod,SLC25A45,5957,7604540,1.0,0.12354453358249108,0.13150039318617562,True
primary,Retina 3,Rod,SLC39A13,5957,7604540,78.0,2.420992881764594,10.257030668521699,True
primary,Retina 3,Rod,SMAD6,5957,7604540,1.0,0.12354453358249108,0.13150039318617562,True
primary,Retina 3,Rod,SNORD14A,5957,7604540,,,,False
primary,Retina 3,Rod,SSSCA1-AS1,5957,7604540,,,,False
primary,Retina 3,Rod,TARID,5957,7604540,0.0,0.0,0.0,True
primary,Retina 3,Rod,TBC1D31,5957,7604540,51.0,2.042066730624863,6.706520052494957,True
primary,Retina 3,Rod,TBKBP1,5957,7604540,16.0,1.1326936290517826,2.10400629097881,True
primary,Retina 3,Rod,TBPL1,5957,7604540,334.0,3.804908314864377,43.92113132418266,True
primary,Retina 3,Rod,TGFB3,5957,7604540,10.0,0.8394113859651595,1.3150039318617563,True
primary,Retina 3,Rod,THCAT158,5957,7604540,0.0,0.0,0.0,True
primary,Retina 3,Rod,THSD7A,5957,7604540,9.0,0.7809307145858936,1.1835035386755806,True
primary,Retina 3,Rod,TIGD3,5957,7604540,36.0,1.746415836014518,4.734014154702322,True
primary,Retina 3,Rod,TMEM116,5957,7604540,170.0,3.1508139559345554,22.355066841649858,True
primary,Retina 3,Rod,TMEM136,5957,7604540,1022.0,4.908184628391757,134.3934018362715,True
primary,Retina 3,Rod,TMEM181,5957,7604540,78.0,2.420992881764594,10.257030668521699,True
primary,Retina 3,Rod,TMEM263,5957,7604540,217.0,3.3855958184534685,28.53558532140011,True
primary,Retina 3,Rod,TRIM26,5957,7604540,102.0,2.668133359653808,13.413040104989914,True
primary,Retina 3,Rod,TRIOBP,5957,7604540,16.0,1.1326936290517826,2.10400629097881,True
primary,Retina 3,Rod,TSC22D2,5957,7604540,133.0,2.917205831680322,17.48955229376136,True
primary,Retina 3,Rod,TTC28,5957,7604540,117.0,2.796399604926819,15.385546002782549,True
primary,Retina 3,Rod,TTLL5,5957,7604540,260.0,3.56076485637064,34.190102228405664,True
primary,Retina 3,Rod,TXNDC8,5957,7604540,,,,False
primary,Retina 3,Rod,TXNRD2,5957,7604540,63.0,2.228349011020818,8.284524770729064,True
primary,Retina 3,Rod,UTP11,5957,7604540,180.0,3.2055907993458903,23.67007077351161,True
primary,Retina 3,Rod,VARS2,5957,7604540,21.0,1.32482000912664,2.7615082569096883,True
primary,Retina 3,Rod,VCAM1,5957,7604540,0.0,0.0,0.0,True
primary,Retina 3,Rod,WLS,5957,7604540,1271.0,5.124779121725117,167.13699973962923,True
primary,Retina 3,Rod,WNT2B,5957,7604540,151.0,3.037668496904087,19.85655937111252,True
primary,Retina 3,Rod,XRCC6P1,5957,7604540,,,,False
primary,Retina 3,Rod,XXbac-BPG170G13.32,5957,7604540,0.0,0.0,0.0,True
primary,Retina 3,Rod,XXbac-BPG283O16.9,5957,7604540,,,,False
primary,Retina 3,Rod,YAP1,5957,7604540,7.0,0.6525870019208531,0.9205027523032294,True
primary,Retina 3,Rod,YIF1A,5957,7604540,473.0,4.146299332423079,62.19968597706107,True
primary,Retina 3,Rod,ZNF280D,5957,7604540,370.0,3.9051020201443034,48.65514547888498,True
primary,Retina 3,Rod,ZNF638,5957,7604540,782.0,4.642786800489602,102.83330747158934,True
primary,Retina 3,Rod,ZNF638-IT1,5957,7604540,,,,False
primary,Retina 3,Cone,DGKG,348,1385156,0.0,0.0,0.0,True
primary,Retina 3,Cone,SLC2A12,348,1385156,0.0,0.0,0.0,True
primary,Retina 3,Cone,COL8A2,348,1385156,0.0,0.0,0.0,True
primary,Retina 3,Cone,NPC2,348,1385156,142.0,4.639721639487683,102.5155289368129,True
primary,Retina 3,Cone,PSMC3,348,1385156,136.0,4.5969755703420825,98.18388686906023,True
primary,Retina 3,Cone,RP11-466F5.8,348,1385156,4.0,1.3578335108726043,2.8877613785017715,True
primary,Retina 3,Cone,LPP,348,1385156,22.0,2.826288693423036,15.882687581759743,True
primary,Retina 3,Cone,RP11-121M22.1,348,1385156,10.0,2.1064976329861422,7.219403446254429,True
primary,Retina 3,Cone,ABO,348,1385156,0.0,0.0,0.0,True
primary,Retina 3,Cone,ADAMTS8,348,1385156,0.0,0.0,0.0,True
primary,Retina 3,Cone,CALD1,348,1385156,4.0,1.3578335108726043,2.8877613785017715,True
primary,Retina 3,Cone,CHEK2,348,1385156,0.0,0.0,0.0,True
primary,Retina 3,Cone,GAS7,348,1385156,168.0,4.80636238278448,121.2859778970744,True
primary,Retina 3,Cone,LMX1B,348,1385156,,,,False
primary,Retina 3,Cone,TCF12,348,1385156,70.0,3.9422771798963736,50.535824123781005,True
primary,Retina 3,Cone,TMCO1,348,1385156,268.0,5.270329393559998,193.4800123596187,True
primary,Retina 3,Cone,TRIB2,348,1385156,49.0,3.593883839211669,35.3750768866467,True
primary,Retina 3,Cone,AC000078.5,348,1385156,,,,False
primary,Retina 3,Cone,AC002066.1,348,1385156,,,,False
primary,Retina 3,Cone,AC012066.1,348,1385156,,,,False
primary,Retina 3,Cone,AC091132.1,348,1385156,,,,False
primary,Retina 3,Cone,ACBD4,348,1385156,38.0,3.3475762253707875,27.43373309576683,True
primary,Retina 3,Cone,AFAP1,348,1385156,0.0,0.0,0.0,True
primary,Retina 3,Cone,ALDH2,348,1385156,58.0,3.7582315274732694,41.87253998827569,True
primary,Retina 3,Cone,AP003068.23,348,1385156,3.0,1.1524124323425484,2.1658210338763286,True
primary,Retina 3,Cone,AP5B1,348,1385156,2.0,0.8935872222989338,1.4438806892508858,True
primary,Retina 3,Cone,AREL1,348,1385156,14.0,2.4075903797936293,10.1071648247562,True
primary,Retina 3,Cone,ARHGAP27,348,1385156,3.0,1.1524124323425484,2.1658210338763286,True
primary,Retina 3,Cone,ARHGEF12,348,1385156,146.0,4.667236500445521,105.40329031531466,True
primary,Retina 3,Cone,ARL17A,348,1385156,25.0,2.9469888106149336,18.048508615636074,True
primary,Retina 3,Cone,ATP5J,348,1385156,1266.0,6.818898355978713,913.9764762958107,True
primary,Retina 3,Cone,BICC1,348,1385156,0.0,0.0,0.0,True
primary,Retina 3,Cone,BORA,348,1385156,2.0,0.8935872222989338,1.4438806892508858,True
primary,Retina 3,Cone,C1orf109,348,1385156,23.0,2.8681618178415134,16.604627926385188,True
primary,Retina 3,Cone,C1orf122,348,1385156,637.0,6.133129025310096,459.87599952640716,True
primary,Retina 3,Cone,C22orf29,348,1385156,15.0,2.4705630343332445,10.829105169381643,True
primary,Retina 3,Cone,C6orf15,348,1385156,,,,False
primary,Retina 3,Cone,CADM1,348,1385156,281.0,5.317459171822713,202.86523683974946,True
primary,Retina 3,Cone,CADM2,348,1385156,831.0,6.398482492912293,599.9324263837431,True
primary,Retina 3,Cone,CAV2,348,1385156,3.0,1.1524124323425484,2.1658210338763286,True
primary,Retina 3,Cone,CCDC117,348,1385156,20.0,2.736884267809616,14.438806892508858,True
primary,Retina 3,Cone,CDC14A,348,1385156,14.0,2.4075903797936293,10.1071648247562,True
primary,Retina 3,Cone,CDKN2A,348,1385156,0.0,0.0,0.0,True
primary,Retina 3,Cone,CDKN2B-AS1,348,1385156,2.0,0.8935872222989338,1.4438806892508858,True
primary,Retina 3,Cone,CELF1,348,1385156,78.0,4.048498629958827,56.31134688078455,True
primary,Retina 3,Cone,CLIC5,348,1385156,0.0,0.0,0.0,True
primary,Retina 3,Cone,CMB9-22P13.1,348,1385156,,,,False
primary,Retina 3,Cone,COL11A1,348,1385156,0.0,0.0,0.0,True
primary,Retina 3,Cone,CRHR1,348,1385156,0.0,0.0,0.0,True
primary,Retina 3,Cone,CTA-292E10.6,348,1385156,14.0,2.4075903797936293,10.1071648247562,True
primary,Retina 3,Cone,CTB-39G8.3,348,1385156,,,,False
primary,Retina 3,Cone,CTD-2005H7.1,348,1385156,0.0,0.0,0.0,True
primary,Retina 3,Cone,CTD-2020K17.1,348,1385156,1.0,0.5434517623307982,0.7219403446254429,True
primary,Retina 3,Cone,CTD-2020K17.3,348,1385156,1.0,0.5434517623307982,0.7219403446254429,True
primary,Retina 3,Cone,CTTNBP2,348,1385156,36.0,3.2954609585642736,25.989852406515944,True
primary,Retina 3,Cone,DDX39BP2,348,1385156,,,,False
primary,Retina 3,Cone,DIO1,348,1385156,,,,False
primary,Retina 3,Cone,DND1P1,348,1385156,,,,False
primary,Retina 3,Cone,DYSF,348,1385156,0.0,0.0,0.0,True
primary,Retina 3,Cone,EFCAB13,348,1385156,3.0,1.1524124323425484,2.1658210338763286,True
primary,Retina 3,Cone,EFEMP1,348,1385156,1.0,0.5434517623307982,0.7219403446254429,True
primary,Retina 3,Cone,EHBP1L1,348,1385156,0.0,0.0,0.0,True
primary,Retina 3,Cone,FAM215B,348,1385156,25.0,2.9469888106149336,18.048508615636074,True
primary,Retina 3,Cone,FAM83A,348,1385156,,,,False
primary,Retina 3,Cone,FAM83A-AS1,348,1385156,,,,False
primary,Retina 3,Cone,FAM89B,348,1385156,0.0,0.0,0.0,True
primary,Retina 3,Cone,FHL3,348,1385156,0.0,0.0,0.0,True
primary,Retina 3,Cone,FLOT1,348,1385156,37.0,3.3218580536836626,26.711792751141388,True
primary,Retina 3,Cone,FLVCR2,348,1385156,0.0,0.0,0.0,True
primary,Retina 3,Cone,FMNL1,348,1385156,0.0,0.0,0.0,True
primary,Retina 3,Cone,FNDC4,348,1385156,37.0,3.3218580536836626,26.711792751141388,True
primary,Retina 3,Cone,GALR3,348,1385156,,,,False
primary,Retina 3,Cone,GCAT,348,1385156,0.0,0.0,0.0,True
primary,Retina 3,Cone,GLIS1,348,1385156,0.0,0.0,0.0,True
primary,Retina 3,Cone,H1F0,348,1385156,4.0,1.3578335108726043,2.8877613785017715,True
primary,Retina 3,Cone,HCG4,348,1385156,,,,False
primary,Retina 3,Cone,HCG4B,348,1385156,,,,False
primary,Retina 3,Cone,HCG4P5,348,1385156,,,,False
primary,Retina 3,Cone,HCG4P7,348,1385156,,,,False
primary,Retina 3,Cone,HCG9,348,1385156,0.0,0.0,0.0,True
primary,Retina 3,Cone,HCP5B,348,1385156,0.0,0.0,0.0,True
primary,Retina 3,Cone,HECTD4,348,1385156,50.0,3.613536568302373,36.09701723127215,True
primary,Retina 3,Cone,HLA-A,348,1385156,7.0,1.8006502310777954,5.0535824123781,True
primary,Retina 3,Cone,HLA-C,348,1385156,7.0,1.8006502310777954,5.0535824123781,True
primary,Retina 3,Cone,HLA-F,348,1385156,1.0,0.5434517623307982,0.7219403446254429,True
primary,Retina 3,Cone,HLA-F-AS1,348,1385156,,,,False
primary,Retina 3,Cone,HLA-G,348,1385156,0.0,0.0,0.0,True
primary,Retina 3,Cone,HLA-H,348,1385156,,,,False
primary,Retina 3,Cone,HLA-J,348,1385156,,,,False
primary,Retina 3,Cone,HLA-L,348,1385156,,,,False
primary,Retina 3,Cone,HLA-T,348,1385156,,,,False
primary,Retina 3,Cone,HLA-U,348,1385156,,,,False
primary,Retina 3,Cone,HLA-V,348,1385156,,,,False
primary,Retina 3,Cone,HLA-W,348,1385156,,,,False
primary,Retina 3,Cone,HSCB,348,1385156,20.0,2.736884267809616,14.438806892508858,True
primary,Retina 3,Cone,HTRA3,348,1385156,0.0,0.0,0.0,True
primary,Retina 3,Cone,IFITM4P,348,1385156,,,,False
primary,Retina 3,Cone,IFT172,348,1385156,56.0,3.7239728949339006,40.4286592990248,True
primary,Retina 3,Cone,INPP5B,348,1385156,7.0,1.8006502310777954,5.0535824123781,True
primary,Retina 3,Cone,ITGB3,348,1385156,0.0,0.0,0.0,True
primary,Retina 3,Cone,KANSL1,348,1385156,159.0,4.751765378833614,114.78851479544542,True
primary,Retina 3,Cone,KANSL1-AS1,348,1385156,18.0,2.6386948498744123,12.994926203257972,True
primary,Retina 3,Cone,KHK,348,1385156,0.0,0.0,0.0,True
primary,Retina 3,Cone,KLF5,348,1385156,0.0,0.0,0.0,True
primary,Retina 3,Cone,KRT8P26,348,1385156,,,,False
primary,Retina 3,Cone,LHPP,348,1385156,35.0,3.2683481205954883,25.267912061890502,True
primary,Retina 3,Cone,LINC01948,348,1385156,0.0,0.0,0.0,True
primary,Retina 3,Cone,LINC02052,348,1385156,,,,False
primary,Retina 3,Cone,LINC02210,348,1385156,,,,False
primary,Retina 3,Cone,LMO4,348,1385156,130.0,4.552320362957136,93.85224480130758,True
primary,Retina 3,Cone,LMO7,348,1385156,5.0,1.5281631527736812,3.6097017231272144,True
primary,Retina 3,Cone,LOXL1,348,1385156,0.0,0.0,0.0,True
primary,Retina 3,Cone,LOXL1-AS1,348,1385156,0.0,0.0,0.0,True
primary,Retina 3,Cone,LRRC37A,348,1385156,9.0,2.0145647102056405,6.497463101628986,True
primary,Retina 3,Cone,LRRC37A17P,348,1385156,,,,False
primary,Retina 3,Cone,LRRC37A2,348,1385156,8.0,1.9133165234944276,5.775522757003543,True
primary,Retina 3,Cone,LRRC37A4P,348,1385156,,,,False
primary,Retina 3,Cone,LRWD1,348,1385156,19.0,2.6889942202522583,13.716866547883415,True
primary,Retina 3,Cone,LTBP2,348,1385156,1.0,0.5434517623307982,0.7219403446254429,True
primary,Retina 3,Cone,LTBP3,348,1385156,0.0,0.0,0.0,True
primary,Retina 3,Cone,MADD,348,1385156,114.0,4.422462946275647,82.30119928730049,True
primary,Retina 3,Cone,MAPK8IP1P1,348,1385156,,,,False
primary,Retina 3,Cone,MAPK8IP1P2,348,1385156,,,,False
primary,Retina 3,Cone,MAPT,348,1385156,67.0,3.8993430148574553,48.37000308990468,True
primary,Retina 3,Cone,MAPT-AS1,348,1385156,2.0,0.8935872222989338,1.4438806892508858,True
primary,Retina 3,Cone,MAPT-IT1,348,1385156,,,,False
primary,Retina 3,Cone,ME3,348,1385156,4.0,1.3578335108726043,2.8877613785017715,True
primary,Retina 3,Cone,MICE,348,1385156,,,,False
primary,Retina 3,Cone,MOV10,348,1385156,3.0,1.1524124323425484,2.1658210338763286,True
primary,Retina 3,Cone,MRPL33,348,1385156,690.0,6.2128842890993665,498.1388377915556,True
primary,Retina 3,Cone,MTCH2,348,1385156,118.0,4.456542102946415,85.18896066580227,True
primary,Retina 3,Cone,MVB12B,348,1385156,0.0,0.0,0.0,True
primary,Retina 3,Cone,Metazoa_SRP,348,1385156,,,,False
primary,Retina 3,Cone,NEAT1,348,1385156,14.0,2.4075903797936293,10.1071648247562,True
primary,Retina 3,Cone,NMT1,348,1385156,268.0,5.270329393559998,193.4800123596187,True
primary,Retina 3,Cone,NPEPPS,348,1385156,205.0,5.003931343741015,147.9977706482158,True
primary,Retina 3,Cone,NRBP1,348,1385156,57.0,3.7412489107677906,41.150599643650246,True
primary,Retina 3,Cone,NSF,348,1385156,240.0,5.160581046796542,173.2656827101063,True
primary,Retina 3,Cone,NUCB2,348,1385156,120.0,4.4731558289977995,86.63284135505315,True
primary,Retina 3,Cone,NUDT7,348,1385156,4.0,1.3578335108726043,2.8877613785017715,True
primary,Retina 3,Cone,PDE6C,348,1385156,143.0,4.646671654715263,103.23746928143834,True
primary,Retina 3,Cone,PGAM1P8,348,1385156,,,,False
primary,Retina 3,Cone,PIBF1,348,1385156,35.0,3.2683481205954883,25.267912061890502,True
primary,Retina 3,Cone,PIGC,348,1385156,29.0,3.0881414310108903,20.936269994137845,True
primary,Retina 3,Cone,PKIB,348,1385156,479.0,5.848775421802337,345.80942507558717,True
primary,Retina 3,Cone,PLCE1,348,1385156,18.0,2.6386948498744123,12.994926203257972,True
primary,Retina 3,Cone,PLCE1-AS1,348,1385156,,,,False
primary,Retina 3,Cone,PLEKHA7,348,1385156,33.0,3.2118121909480366,23.824031372639617,True
primary,Retina 3,Cone,PLEKHM1,348,1385156,2.0,0.8935872222989338,1.4438806892508858,True
primary,Retina 3,Cone,PPP1R18,348,1385156,5.0,1.5281631527736812,3.6097017231272144,True
primary,Retina 3,Cone,PRKCE,348,1385156,5.0,1.5281631527736812,3.6097017231272144,True
primary,Retina 3,Cone,PROX2,348,1385156,,,,False
primary,Retina 3,Cone,PRSS23,348,1385156,0.0,0.0,0.0,True
primary,Retina 3,Cone,PSORS1C3,348,1385156,,,,False
primary,Retina 3,Cone,RAPSN,348,1385156,0.0,0.0,0.0,True
primary,Retina 3,Cone,RERE,348,1385156,210.0,5.0278690846983185,151.60747237134302,True
primary,Retina 3,Cone,RIC8B,348,1385156,16.0,2.529803969996894,11.551045514007086,True
primary,Retina 3,Cone,RORA,348,1385156,696.0,6.221525080567542,502.4704798593083,True
primary,Retina 3,Cone,RP11-123K19.1,348,1385156,,,,False
primary,Retina 3,Cone,RP11-136H19.1,348,1385156,,,,False
primary,Retina 3,Cone,RP11-149I2.4,348,1385156,,,,False
primary,Retina 3,Cone,RP11-162I7.1,348,1385156,,,,False
primary,Retina 3,Cone,RP11-17G12.2,348,1385156,,,,False
primary,Retina 3,Cone,RP11-205K6.1,348,1385156,,,,False
primary,Retina 3,Cone,RP11-217B7.2,348,1385156,0.0,0.0,0.0,True
primary,Retina 3,Cone,RP11-259A24.1,348,1385156,,,,False
primary,Retina 3,Cone,RP11-259G18.1,348,1385156,,,,False
primary,Retina 3,Cone,RP11-259G18.3,348,1385156,,,,False
primary,Retina 3,Cone,RP11-293E1.1,348,1385156,,,,False
primary,Retina 3,Cone,RP11-293E1.2,348,1385156,,,,False
primary,Retina 3,Cone,RP11-302L19.3,348,1385156,0.0,0.0,0.0,True
primary,Retina 3,Cone,RP11-403A3.3,348,1385156,0.0,0.0,0.0,True
primary,Retina 3,Cone,RP11-412D9.4,348,1385156,40.0,3.3971094971364755,28.877613785017715,True
primary,Retina 3,Cone,RP11-507B12.1,348,1385156,,,,False
primary,Retina 3,Cone,RP11-507B12.2,348,1385156,0.0,0.0,0.0,True
primary,Retina 3,Cone,RP11-669E14.6,348,1385156,1.0,0.5434517623307982,0.7219403446254429,True
primary,Retina 3,Cone,RP11-707O23.1,348,1385156,,,,False
primary,Retina 3,Cone,RP11-750H9.5,348,1385156,,,,False
primary,Retina 3,Cone,RP11-755F10.1,348,1385156,1.0,0.5434517623307982,0.7219403446254429,True
primary,Retina 3,Cone,RP11-762L8.6,348,1385156,,,,False
primary,Retina 3,Cone,RP11-770G2.2,348,1385156,,,,False
primary,Retina 3,Cone,RP11-798G7.6,348,1385156,0.0,0.0,0.0,True
primary,Retina 3,Cone,RP11-798G7.8,348,1385156,,,,False
primary,Retina 3,Cone,RP5-1115A15.1,348,1385156,0.0,0.0,0.0,True
primary,Retina 3,Cone,RPS26P8,348,1385156,,,,False
primary,Retina 3,Cone,SCRN2,348,1385156,43.0,3.4670923205395434,31.043434818894045,True
primary,Retina 3,Cone,SEMA3E,348,1385156,0.0,0.0,0.0,True
primary,Retina 3,Cone,SEPT7,348,1385156,168.0,4.80636238278448,121.2859778970744,True
primary,Retina 3,Cone,SF3A3,348,1385156,28.0,3.054676880206083,20.2143296495124,True
primary,Retina 3,Cone,SFTA1P,348,1385156,0.0,0.0,0.0,True
primary,Retina 3,Cone,SGSM2,348,1385156,42.0,3.444304586276317,30.3214944742686,True
primary,Retina 3,Cone,SLC25A45,348,1385156,0.0,0.0,0.0,True
primary,Retina 3,Cone,SLC39A13,348,1385156,21.0,2.782585291945594,15.1607472371343,True
primary,Retina 3,Cone,SMAD6,348,1385156,0.0,0.0,0.0,True
primary,Retina 3,Cone,SNORD14A,348,1385156,,,,False
primary,Retina 3,Cone,SSSCA1-AS1,348,1385156,,,,False
primary,Retina 3,Cone,TARID,348,1385156,0.0,0.0,0.0,True
primary,Retina 3,Cone,TBC1D31,348,1385156,12.0,2.2683335630664283,8.663284135505315,True
primary,Retina 3,Cone,TBKBP1,348,1385156,12.0,2.2683335630664283,8.663284135505315,True
primary,Retina 3,Cone,TBPL1,348,1385156,55.0,3.706393163698218,39.70671895439936,True
primary,Retina 3,Cone,TGFB3,348,1385156,2.0,0.8935872222989338,1.4438806892508858,True
primary,Retina 3,Cone,THCAT158,348,1385156,0.0,0.0,0.0,True
primary,Retina 3,Cone,THSD7A,348,1385156,81.0,4.08559250638071,58.477167914660875,True
primary,Retina 3,Cone,TIGD3,348,1385156,3.0,1.1524124323425484,2.1658210338763286,True
primary,Retina 3,Cone,TMEM116,348,1385156,21.0,2.782585291945594,15.1607472371343,True
primary,Retina 3,Cone,TMEM136,348,1385156,129.0,4.544680039981627,93.13030445668214,True
primary,Retina 3,Cone,TMEM181,348,1385156,15.0,2.4705630343332445,10.829105169381643,True
primary,Retina 3,Cone,TMEM263,348,1385156,40.0,3.3971094971364755,28.877613785017715,True
primary,Retina 3,Cone,TRIM26,348,1385156,16.0,2.529803969996894,11.551045514007086,True
primary,Retina 3,Cone,TRIOBP,348,1385156,6.0,1.6736592709845584,4.331642067752657,True
primary,Retina 3,Cone,TSC22D2,348,1385156,39.0,3.372649523031678,28.155673440392274,True
primary,Retina 3,Cone,TTC28,348,1385156,34.0,3.2404796414902868,24.545971717265058,True
primary,Retina 3,Cone,TTLL5,348,1385156,51.0,3.632810500076723,36.818957575897585,True
primary,Retina 3,Cone,TXNDC8,348,1385156,,,,False
primary,Retina 3,Cone,TXNRD2,348,1385156,20.0,2.736884267809616,14.438806892508858,True
primary,Retina 3,Cone,UTP11,348,1385156,48.0,3.5738371245335294,34.65313654202126,True
primary,Retina 3,Cone,VARS2,348,1385156,6.0,1.6736592709845584,4.331642067752657,True
primary,Retina 3,Cone,VCAM1,348,1385156,0.0,0.0,0.0,True
primary,Retina 3,Cone,WLS,348,1385156,187.0,4.9126758005537905,135.00284444495782,True
primary,Retina 3,Cone,WNT2B,348,1385156,28.0,3.054676880206083,20.2143296495124,True
primary,Retina 3,Cone,XRCC6P1,348,1385156,,,,False
primary,Retina 3,Cone,XXbac-BPG170G13.32,348,1385156,0.0,0.0,0.0,True
primary,Retina 3,Cone,XXbac-BPG283O16.9,348,1385156,,,,False
primary,Retina 3,Cone,YAP1,348,1385156,1.0,0.5434517623307982,0.7219403446254429,True
primary,Retina 3,Cone,YIF1A,348,1385156,116.0,4.4396476912013725,83.74507997655138,True
primary,Retina 3,Cone,ZNF280D,348,1385156,91.0,4.200153547716025,65.6965713609153,True
primary,Retina 3,Cone,ZNF638,348,1385156,198.0,4.96942564275123,142.9441882358377,True
primary,Retina 3,Cone,ZNF638-IT1,348,1385156,,,,False
primary,Retina 3,Bipolar,DGKG,1097,2915273,1.0,0.29492158987884975,0.3430210481145334,True
primary,Retina 3,Bipolar,SLC2A12,1097,2915273,0.0,0.0,0.0,True
primary,Retina 3,Bipolar,COL8A2,1097,2915273,0.0,0.0,0.0,True
primary,Retina 3,Bipolar,NPC2,1097,2915273,134.0,3.8493988203229663,45.96482044734747,True
primary,Retina 3,Bipolar,PSMC3,1097,2915273,336.0,4.755786675055278,115.2550721664832,True
primary,Retina 3,Bipolar,RP11-466F5.8,1097,2915273,6.0,1.1178024044589794,2.0581262886872,True
primary,Retina 3,Bipolar,LPP,1097,2915273,37.0,2.6167955636748483,12.691778780237733,True
primary,Retina 3,Bipolar,RP11-121M22.1,1097,2915273,9.0,1.4078575536501148,3.0871894330308,True
primary,Retina 3,Bipolar,ABO,1097,2915273,0.0,0.0,0.0,True
primary,Retina 3,Bipolar,ADAMTS8,1097,2915273,0.0,0.0,0.0,True
primary,Retina 3,Bipolar,CALD1,1097,2915273,428.0,4.995948019478778,146.81300859302027,True
primary,Retina 3,Bipolar,CHEK2,1097,2915273,4.0,0.8637689747965216,1.3720841924581335,True
primary,Retina 3,Bipolar,GAS7,1097,2915273,164.0,4.04752286743364,56.25545189078347,True
primary,Retina 3,Bipolar,LMX1B,1097,2915273,,,,False
primary,Retina 3,Bipolar,TCF12,1097,2915273,62.0,3.103119458369339,21.267304983101067,True
primary,Retina 3,Bipolar,TMCO1,1097,2915273,470.0,5.088952776663374,161.21989261383067,True
primary,Retina 3,Bipolar,TRIB2,1097,2915273,150.0,3.959920527829147,51.45315721718001,True
primary,Retina 3,Bipolar,AC000078.5,1097,2915273,,,,False
primary,Retina 3,Bipolar,AC002066.1,1097,2915273,,,,False
primary,Retina 3,Bipolar,AC012066.1,1097,2915273,,,,False
primary,Retina 3,Bipolar,AC091132.1,1097,2915273,,,,False
primary,Retina 3,Bipolar,ACBD4,1097,2915273,79.0,3.3357219880560836,27.098662801048135,True
primary,Retina 3,Bipolar,AFAP1,1097,2915273,7.0,1.224112826698505,2.4011473368017335,True
primary,Retina 3,Bipolar,ALDH2,1097,2915273,197.0,4.227930172855845,67.57514647856307,True
primary,Retina 3,Bipolar,AP003068.23,1097,2915273,0.0,0.0,0.0,True
primary,Retina 3,Bipolar,AP5B1,1097,2915273,6.0,1.1178024044589794,2.0581262886872,True
primary,Retina 3,Bipolar,AREL1,1097,2915273,27.0,2.3284056837234144,9.261568299092401,True
primary,Retina 3,Bipolar,ARHGAP27,1097,2915273,19.0,2.0172203220807297,6.517399914176134,True
primary,Retina 3,Bipolar,ARHGEF12,1097,2915273,495.0,5.140466459078444,169.79541881669402,True
primary,Retina 3,Bipolar,ARL17A,1097,2915273,71.0,3.2329560088443428,24.354494416131867,True
primary,Retina 3,Bipolar,ATP5J,1097,2915273,1178.0,6.004081602945982,404.0787946789203,True
primary,Retina 3,Bipolar,BICC1,1097,2915273,5.0,0.9988307152765132,1.7151052405726668,True
primary,Retina 3,Bipolar,BORA,1097,2915273,10.0,1.488447095602243,3.4302104811453336,True
primary,Retina 3,Bipolar,C1orf109,1097,2915273,47.0,2.840363559137704,16.121989261383067,True
primary,Retina 3,Bipolar,C1orf122,1097,2915273,995.0,5.835704906980406,341.3059428739607,True
primary,Retina 3,Bipolar,C22orf29,1097,2915273,42.0,2.7348144238767764,14.4068840208104,True
primary,Retina 3,Bipolar,C6orf15,1097,2915273,,,,False
primary,Retina 3,Bipolar,CADM1,1097,2915273,1676.0,6.355939724095257,574.9032766399579,True
primary,Retina 3,Bipolar,CADM2,1097,2915273,1225.0,6.043109641464887,420.2007839403034,True
primary,Retina 3,Bipolar,CAV2,1097,2915273,40.0,2.6892643076285094,13.720841924581334,True
primary,Retina 3,Bipolar,CCDC117,1097,2915273,49.0,2.8796495554038386,16.808031357612133,True
primary,Retina 3,Bipolar,CDC14A,1097,2915273,5.0,0.9988307152765132,1.7151052405726668,True
primary,Retina 3,Bipolar,CDKN2A,1097,2915273,7.0,1.224112826698505,2.4011473368017335,True
primary,Retina 3,Bipolar,CDKN2B-AS1,1097,2915273,2.0,0.52238382737536,0.6860420962290668,True
primary,Retina 3,Bipolar,CELF1,1097,2915273,259.0,4.498057597031014,88.84245146166414,True
primary,Retina 3,Bipolar,CLIC5,1097,2915273,7.0,1.224112826698505,2.4011473368017335,True
primary,Retina 3,Bipolar,CMB9-22P13.1,1097,2915273,,,,False
primary,Retina 3,Bipolar,COL11A1,1097,2915273,0.0,0.0,0.0,True
primary,Retina 3,Bipolar,CRHR1,1097,2915273,1.0,0.29492158987884975,0.3430210481145334,True
primary,Retina 3,Bipolar,CTA-292E10.6,1097,2915273,32.0,2.4829608863228696,10.976673539665068,True
primary,Retina 3,Bipolar,CTB-39G8.3,1097,2915273,,,,False
primary,Retina 3,Bipolar,CTD-2005H7.1,1097,2915273,2.0,0.52238382737536,0.6860420962290668,True
primary,Retina 3,Bipolar,CTD-2020K17.1,1097,2915273,1.0,0.29492158987884975,0.3430210481145334,True
primary,Retina 3,Bipolar,CTD-2020K17.3,1097,2915273,24.0,2.2227304260708594,8.2325051547488,True
primary,Retina 3,Bipolar,CTTNBP2,1097,2915273,55.0,2.9890176632443795,18.866157646299335,True
primary,Retina 3,Bipolar,DDX39BP2,1097,2915273,,,,False
primary,Retina 3,Bipolar,DIO1,1097,2915273,,,,False
primary,Retina 3,Bipolar,DND1P1,1097,2915273,,,,False
primary,Retina 3,Bipolar,DYSF,1097,2915273,1.0,0.29492158987884975,0.3430210481145334,True
primary,Retina 3,Bipolar,EFCAB13,1097,2915273,16.0,1.8700062220369948,5.488336769832534,True
primary,Retina 3,Bipolar,EFEMP1,1097,2915273,4.0,0.8637689747965216,1.3720841924581335,True
primary,Retina 3,Bipolar,EHBP1L1,1097,2915273,1.0,0.29492158987884975,0.3430210481145334,True
primary,Retina 3,Bipolar,FAM215B,1097,2915273,75.0,3.285658523776169,25.726578608590003,True
primary,Retina 3,Bipolar,FAM83A,1097,2915273,,,,False
primary,Retina 3,Bipolar,FAM83A-AS1,1097,2915273,,,,False
primary,Retina 3,Bipolar,FAM89B,1097,2915273,7.0,1.224112826698505,2.4011473368017335,True
primary,Retina 3,Bipolar,FHL3,1097,2915273,4.0,0.8637689747965216,1.3720841924581335,True
primary,Retina 3,Bipolar,FLOT1,1097,2915273,83.0,3.3833981440193415,28.470746993506268,True
primary,Retina 3,Bipolar,FLVCR2,1097,2915273,0.0,0.0,0.0,True
primary,Retina 3,Bipolar,FMNL1,1097,2915273,8.0,1.3201995322077222,2.744168384916267,True
primary,Retina 3,Bipolar,FNDC4,1097,2915273,63.0,3.1184067059654637,21.610326031215603,True
primary,Retina 3,Bipolar,GALR3,1097,2915273,,,,False
primary,Retina 3,Bipolar,GCAT,1097,2915273,21.0,2.1045538235632173,7.2034420104052,True
primary,Retina 3,Bipolar,GLIS1,1097,2915273,3.0,0.7075741812779139,1.0290631443436,True
primary,Retina 3,Bipolar,H1F0,1097,2915273,507.0,5.1642811116109435,173.9116713940684,True
primary,Retina 3,Bipolar,HCG4,1097,2915273,,,,False
primary,Retina 3,Bipolar,HCG4B,1097,2915273,,,,False
primary,Retina 3,Bipolar,HCG4P5,1097,2915273,,,,False
primary,Retina 3,Bipolar,HCG4P7,1097,2915273,,,,False
primary,Retina 3,Bipolar,HCG9,1097,2915273,1.0,0.29492158987884975,0.3430210481145334,True
primary,Retina 3,Bipolar,HCP5B,1097,2915273,1.0,0.29492158987884975,0.3430210481145334,True
primary,Retina 3,Bipolar,HECTD4,1097,2915273,87.0,3.4289043468798734,29.842831185964403,True
primary,Retina 3,Bipolar,HLA-A,1097,2915273,327.0,4.728872404076609,112.1678827334524,True
primary,Retina 3,Bipolar,HLA-C,1097,2915273,195.0,4.217875556038204,66.88910438233401,True
primary,Retina 3,Bipolar,HLA-F,1097,2915273,3.0,0.7075741812779139,1.0290631443436,True
primary,Retina 3,Bipolar,HLA-F-AS1,1097,2915273,,,,False
primary,Retina 3,Bipolar,HLA-G,1097,2915273,0.0,0.0,0.0,True
primary,Retina 3,Bipolar,HLA-H,1097,2915273,,,,False
primary,Retina 3,Bipolar,HLA-J,1097,2915273,,,,False
primary,Retina 3,Bipolar,HLA-L,1097,2915273,,,,False
primary,Retina 3,Bipolar,HLA-T,1097,2915273,,,,False
primary,Retina 3,Bipolar,HLA-U,1097,2915273,,,,False
primary,Retina 3,Bipolar,HLA-V,1097,2915273,,,,False
primary,Retina 3,Bipolar,HLA-W,1097,2915273,,,,False
primary,Retina 3,Bipolar,HSCB,1097,2915273,35.0,2.56539054350994,12.005736684008667,True
primary,Retina 3,Bipolar,HTRA3,1097,2915273,0.0,0.0,0.0,True
primary,Retina 3,Bipolar,IFITM4P,1097,2915273,,,,False
primary,Retina 3,Bipolar,IFT172,1097,2915273,41.0,2.712298694970932,14.063862972695867,True
primary,Retina 3,Bipolar,INPP5B,1097,2915273,22.0,2.1455175199944696,7.546463058519734,True
primary,Retina 3,Bipolar,ITGB3,1097,2915273,0.0,0.0,0.0,True
primary,Retina 3,Bipolar,KANSL1,1097,2915273,450.0,5.045741603736125,154.35947165154002,True
primary,Retina 3,Bipolar,KANSL1-AS1,1097,2915273,26.0,2.294406464098444,8.918547250977868,True
primary,Retina 3,Bipolar,KHK,1097,2915273,33.0,2.5111991678451435,11.319694587779601,True
primary,Retina 3,Bipolar,KLF5,1097,2915273,0.0,0.0,0.0,True
primary,Retina 3,Bipolar,KRT8P26,1097,2915273,,,,False
primary,Retina 3,Bipolar,LHPP,1097,2915273,71.0,3.2329560088443428,24.354494416131867,True
primary,Retina 3,Bipolar,LINC01948,1097,2915273,1.0,0.29492158987884975,0.3430210481145334,True
primary,Retina 3,Bipolar,LINC02052,1097,2915273,,,,False
primary,Retina 3,Bipolar,LINC02210,1097,2915273,,,,False
primary,Retina 3,Bipolar,LMO4,1097,2915273,632.0,5.383528092710347,216.78930240838508,True
primary,Retina 3,Bipolar,LMO7,1097,2915273,9.0,1.4078575536501148,3.0871894330308,True
primary,Retina 3,Bipolar,LOXL1,1097,2915273,0.0,0.0,0.0,True
primary,Retina 3,Bipolar,LOXL1-AS1,1097,2915273,0.0,0.0,0.0,True
primary,Retina 3,Bipolar,LRRC37A,1097,2915273,7.0,1.224112826698505,2.4011473368017335,True
primary,Retina 3,Bipolar,LRRC37A17P,1097,2915273,,,,False
primary,Retina 3,Bipolar,LRRC37A2,1097,2915273,17.0,1.9215234558662218,5.831357817947067,True
primary,Retina 3,Bipolar,LRRC37A4P,1097,2915273,,,,False
primary,Retina 3,Bipolar,LRWD1,1097,2915273,26.0,2.294406464098444,8.918547250977868,True
primary,Retina 3,Bipolar,LTBP2,1097,2915273,4.0,0.8637689747965216,1.3720841924581335,True
primary,Retina 3,Bipolar,LTBP3,1097,2915273,58.0,3.039520462517559,19.895220790642934,True
primary,Retina 3,Bipolar,MADD,1097,2915273,119.0,3.7333628509277155,40.81950472562947,True
primary,Retina 3,Bipolar,MAPK8IP1P1,1097,2915273,,,,False
primary,Retina 3,Bipolar,MAPK8IP1P2,1097,2915273,,,,False
primary,Retina 3,Bipolar,MAPT,1097,2915273,574.0,5.287731946237844,196.89408161774216,True
primary,Retina 3,Bipolar,MAPT-AS1,1097,2915273,71.0,3.2329560088443428,24.354494416131867,True
primary,Retina 3,Bipolar,MAPT-IT1,1097,2915273,,,,False
primary,Retina 3,Bipolar,ME3,1097,2915273,78.0,3.323439125940517,26.755641752933602,True
primary,Retina 3,Bipolar,MICE,1097,2915273,,,,False
primary,Retina 3,Bipolar,MOV10,1097,2915273,6.0,1.1178024044589794,2.0581262886872,True
primary,Retina 3,Bipolar,MRPL33,1097,2915273,1091.0,5.927555064065674,374.2359634929559,True
primary,Retina 3,Bipolar,MTCH2,1097,2915273,148.0,3.946755104442265,50.76711512095093,True
primary,Retina 3,Bipolar,MVB12B,1097,2915273,9.0,1.4078575536501148,3.0871894330308,True
primary,Retina 3,Bipolar,Metazoa_SRP,1097,2915273,,,,False
primary,Retina 3,Bipolar,NEAT1,1097,2915273,1545.0,6.274700850514088,529.9675193369541,True
primary,Retina 3,Bipolar,NMT1,1097,2915273,289.0,4.606500130271008,99.13308290510014,True
primary,Retina 3,Bipolar,NPEPPS,1097,2915273,362.0,4.829701728935782,124.17361941746107,True
primary,Retina 3,Bipolar,NRBP1,1097,2915273,116.0,3.708447778994965,39.79044158128587,True
primary,Retina 3,Bipolar,NSF,1097,2915273,406.0,4.943544509170183,139.26654553450055,True
primary,Retina 3,Bipolar,NUCB2,1097,2915273,243.0,4.435023588973899,83.35411469183161,True
primary,Retina 3,Bipolar,NUDT7,1097,2915273,16.0,1.8700062220369948,5.488336769832534,True
primary,Retina 3,Bipolar,PDE6C,1097,2915273,0.0,0.0,0.0,True
primary,Retina 3,Bipolar,PGAM1P8,1097,2915273,,,,False
primary,Retina 3,Bipolar,PIBF1,1097,2915273,55.0,2.9890176632443795,18.866157646299335,True
primary,Retina 3,Bipolar,PIGC,1097,2915273,98.0,3.5443178146618792,33.61606271522427,True
primary,Retina 3,Bipolar,PKIB,1097,2915273,227.0,4.367747393860852,77.86577792199907,True
primary,Retina 3,Bipolar,PLCE1,1097,2915273,29.0,2.3931212037093883,9.947610395321467,True
primary,Retina 3,Bipolar,PLCE1-AS1,1097,2915273,,,,False
primary,Retina 3,Bipolar,PLEKHA7,1097,2915273,15.0,1.8156901203341254,5.145315721718,True
primary,Retina 3,Bipolar,PLEKHM1,1097,2915273,19.0,2.0172203220807297,6.517399914176134,True
primary,Retina 3,Bipolar,PPP1R18,1097,2915273,2.0,0.52238382737536,0.6860420962290668,True
primary,Retina 3,Bipolar,PRKCE,1097,2915273,244.0,4.439081784556655,83.69713573994613,True
primary,Retina 3,Bipolar,PROX2,1097,2915273,,,,False
primary,Retina 3,Bipolar,PRSS23,1097,2915273,18.0,1.9705161887083353,6.1743788660616,True
primary,Retina 3,Bipolar,PSORS1C3,1097,2915273,,,,False
primary,Retina 3,Bipolar,RAPSN,1097,2915273,0.0,0.0,0.0,True
primary,Retina 3,Bipolar,RERE,1097,2915273,476.0,5.101560229741953,163.27801890251789,True
primary,Retina 3,Bipolar,RIC8B,1097,2915273,64.0,3.133463768109216,21.953347079330136,True
primary,Retina 3,Bipolar,RORA,1097,2915273,555.0,5.254243641417049,190.37668170356602,True
primary,Retina 3,Bipolar,RP11-123K19.1,1097,2915273,,,,False
primary,Retina 3,Bipolar,RP11-136H19.1,1097,2915273,,,,False
primary,Retina 3,Bipolar,RP11-149I2.4,1097,2915273,,,,False
primary,Retina 3,Bipolar,RP11-162I7.1,1097,2915273,,,,False
primary,Retina 3,Bipolar,RP11-17G12.2,1097,2915273,,,,False
primary,Retina 3,Bipolar,RP11-205K6.1,1097,2915273,,,,False
primary,Retina 3,Bipolar,RP11-217B7.2,1097,2915273,0.0,0.0,0.0,True
primary,Retina 3,Bipolar,RP11-259A24.1,1097,2915273,,,,False
primary,Retina 3,Bipolar,RP11-259G18.1,1097,2915273,,,,False
primary,Retina 3,Bipolar,RP11-259G18.3,1097,2915273,,,,False
primary,Retina 3,Bipolar,RP11-293E1.1,1097,2915273,,,,False
primary,Retina 3,Bipolar,RP11-293E1.2,1097,2915273,,,,False
primary,Retina 3,Bipolar,RP11-302L19.3,1097,2915273,0.0,0.0,0.0,True
primary,Retina 3,Bipolar,RP11-403A3.3,1097,2915273,0.0,0.0,0.0,True
primary,Retina 3,Bipolar,RP11-412D9.4,1097,2915273,81.0,3.3598441661133385,27.7847048972772,True
primary,Retina 3,Bipolar,RP11-507B12.1,1097,2915273,,,,False
primary,Retina 3,Bipolar,RP11-507B12.2,1097,2915273,0.0,0.0,0.0,True
primary,Retina 3,Bipolar,RP11-669E14.6,1097,2915273,1.0,0.29492158987884975,0.3430210481145334,True
primary,Retina 3,Bipolar,RP11-707O23.1,1097,2915273,,,,False
primary,Retina 3,Bipolar,RP11-750H9.5,1097,2915273,,,,False
primary,Retina 3,Bipolar,RP11-755F10.1,1097,2915273,1.0,0.29492158987884975,0.3430210481145334,True
primary,Retina 3,Bipolar,RP11-762L8.6,1097,2915273,,,,False
primary,Retina 3,Bipolar,RP11-770G2.2,1097,2915273,,,,False
primary,Retina 3,Bipolar,RP11-798G7.6,1097,2915273,3.0,0.7075741812779139,1.0290631443436,True
primary,Retina 3,Bipolar,RP11-798G7.8,1097,2915273,,,,False
primary,Retina 3,Bipolar,RP5-1115A15.1,1097,2915273,0.0,0.0,0.0,True
primary,Retina 3,Bipolar,RPS26P8,1097,2915273,,,,False
primary,Retina 3,Bipolar,SCRN2,1097,2915273,75.0,3.285658523776169,25.726578608590003,True
primary,Retina 3,Bipolar,SEMA3E,1097,2915273,373.0,4.859400311298034,127.94685094672094,True
primary,Retina 3,Bipolar,SEPT7,1097,2915273,999.0,5.839705251251825,342.67802706641885,True
primary,Retina 3,Bipolar,SF3A3,1097,2915273,109.0,3.6477786250063717,37.389294244484134,True
primary,Retina 3,Bipolar,SFTA1P,1097,2915273,0.0,0.0,0.0,True
primary,Retina 3,Bipolar,SGSM2,1097,2915273,80.0,3.347855810255601,27.44168384916267,True
primary,Retina 3,Bipolar,SLC25A45,1097,2915273,12.0,1.6324222525867529,4.1162525773744,True
primary,Retina 3,Bipolar,SLC39A13,1097,2915273,45.0,2.7994708364354417,15.435947165154001,True
primary,Retina 3,Bipolar,SMAD6,1097,2915273,0.0,0.0,0.0,True
primary,Retina 3,Bipolar,SNORD14A,1097,2915273,,,,False
primary,Retina 3,Bipolar,SSSCA1-AS1,1097,2915273,,,,False
primary,Retina 3,Bipolar,TARID,1097,2915273,0.0,0.0,0.0,True
primary,Retina 3,Bipolar,TBC1D31,1097,2915273,14.0,1.7582534726900323,4.802294673603467,True
primary,Retina 3,Bipolar,TBKBP1,1097,2915273,33.0,2.5111991678451435,11.319694587779601,True
primary,Retina 3,Bipolar,TBPL1,1097,2915273,220.0,4.336828288626412,75.46463058519734,True
primary,Retina 3,Bipolar,TGFB3,1097,2915273,0.0,0.0,0.0,True
primary,Retina 3,Bipolar,THCAT158,1097,2915273,0.0,0.0,0.0,True
primary,Retina 3,Bipolar,THSD7A,1097,2915273,396.0,4.918785577036295,135.8363350533552,True
primary,Retina 3,Bipolar,TIGD3,1097,2915273,14.0,1.7582534726900323,4.802294673603467,True
primary,Retina 3,Bipolar,TMEM116,1097,2915273,77.0,3.3110035170108856,26.41262070481907,True
primary,Retina 3,Bipolar,TMEM136,1097,2915273,92.0,3.4830211615625393,31.55793642653707,True
primary,Retina 3,Bipolar,TMEM181,1097,2915273,44.0,2.7783798038259726,15.092926117039468,True
primary,Retina 3,Bipolar,TMEM263,1097,2915273,157.0,4.004680662292484,53.854304553981734,True
primary,Retina 3,Bipolar,TRIM26,1097,2915273,35.0,2.56539054350994,12.005736684008667,True
primary,Retina 3,Bipolar,TRIOBP,1097,2915273,64.0,3.133463768109216,21.953347079330136,True
primary,Retina 3,Bipolar,TSC22D2,1097,2915273,53.0,2.953874093945501,18.18011555007027,True
primary,Retina 3,Bipolar,TTC28,1097,2915273,119.0,3.7333628509277155,40.81950472562947,True
primary,Retina 3,Bipolar,TTLL5,1097,2915273,31.0,2.453901974967715,10.633652491550533,True
primary,Retina 3,Bipolar,TXNDC8,1097,2915273,,,,False
primary,Retina 3,Bipolar,TXNRD2,1097,2915273,90.0,3.4617245659570584,30.871894330308002,True
primary,Retina 3,Bipolar,UTP11,1097,2915273,63.0,3.1184067059654637,21.610326031215603,True
primary,Retina 3,Bipolar,VARS2,1097,2915273,19.0,2.0172203220807297,6.517399914176134,True
primary,Retina 3,Bipolar,VCAM1,1097,2915273,0.0,0.0,0.0,True
primary,Retina 3,Bipolar,WLS,1097,2915273,39.0,2.6656868023165146,13.377820876466801,True
primary,Retina 3,Bipolar,WNT2B,1097,2915273,28.0,2.361286864702734,9.604589347206934,True
primary,Retina 3,Bipolar,XRCC6P1,1097,2915273,,,,False
primary,Retina 3,Bipolar,XXbac-BPG170G13.32,1097,2915273,0.0,0.0,0.0,True
primary,Retina 3,Bipolar,XXbac-BPG283O16.9,1097,2915273,,,,False
primary,Retina 3,Bipolar,YAP1,1097,2915273,1.0,0.29492158987884975,0.3430210481145334,True
primary,Retina 3,Bipolar,YIF1A,1097,2915273,120.0,3.7415318116830223,41.162525773744,True
primary,Retina 3,Bipolar,ZNF280D,1097,2915273,349.0,4.793426975986713,119.71434579197214,True
primary,Retina 3,Bipolar,ZNF638,1097,2915273,521.0,5.191366509565735,178.7139660676719,True
primary,Retina 3,Bipolar,ZNF638-IT1,1097,2915273,,,,False
primary,Retina 3,Amacrine,DGKG,5,16137,0.0,0.0,0.0,True
primary,Retina 3,Amacrine,SLC2A12,5,16137,0.0,0.0,0.0,True
primary,Retina 3,Amacrine,COL8A2,5,16137,0.0,0.0,0.0,True
primary,Retina 3,Amacrine,NPC2,5,16137,0.0,0.0,0.0,True
primary,Retina 3,Amacrine,PSMC3,5,16137,1.0,4.142648689608461,61.969387122761354,True
primary,Retina 3,Amacrine,RP11-466F5.8,5,16137,0.0,0.0,0.0,True
primary,Retina 3,Amacrine,LPP,5,16137,1.0,4.142648689608461,61.969387122761354,True
primary,Retina 3,Amacrine,RP11-121M22.1,5,16137,0.0,0.0,0.0,True
primary,Retina 3,Amacrine,ABO,5,16137,0.0,0.0,0.0,True
primary,Retina 3,Amacrine,ADAMTS8,5,16137,0.0,0.0,0.0,True
primary,Retina 3,Amacrine,CALD1,5,16137,0.0,0.0,0.0,True
primary,Retina 3,Amacrine,CHEK2,5,16137,0.0,0.0,0.0,True
primary,Retina 3,Amacrine,GAS7,5,16137,0.0,0.0,0.0,True
primary,Retina 3,Amacrine,LMX1B,5,16137,,,,False
primary,Retina 3,Amacrine,TCF12,5,16137,0.0,0.0,0.0,True
primary,Retina 3,Amacrine,TMCO1,5,16137,0.0,0.0,0.0,True
primary,Retina 3,Amacrine,TRIB2,5,16137,0.0,0.0,0.0,True
primary,Retina 3,Amacrine,AC000078.5,5,16137,,,,False
primary,Retina 3,Amacrine,AC002066.1,5,16137,,,,False
primary,Retina 3,Amacrine,AC012066.1,5,16137,,,,False
primary,Retina 3,Amacrine,AC091132.1,5,16137,,,,False
primary,Retina 3,Amacrine,ACBD4,5,16137,0.0,0.0,0.0,True
primary,Retina 3,Amacrine,AFAP1,5,16137,0.0,0.0,0.0,True
primary,Retina 3,Amacrine,ALDH2,5,16137,0.0,0.0,0.0,True
primary,Retina 3,Amacrine,AP003068.23,5,16137,0.0,0.0,0.0,True
primary,Retina 3,Amacrine,AP5B1,5,16137,0.0,0.0,0.0,True
primary,Retina 3,Amacrine,AREL1,5,16137,0.0,0.0,0.0,True
primary,Retina 3,Amacrine,ARHGAP27,5,16137,0.0,0.0,0.0,True
primary,Retina 3,Amacrine,ARHGEF12,5,16137,4.0,5.516961002376313,247.87754849104542,True
primary,Retina 3,Amacrine,ARL17A,5,16137,1.0,4.142648689608461,61.969387122761354,True
primary,Retina 3,Amacrine,ATP5J,5,16137,7.0,6.074853288698053,433.7857098593295,True
primary,Retina 3,Amacrine,BICC1,5,16137,0.0,0.0,0.0,True
primary,Retina 3,Amacrine,BORA,5,16137,0.0,0.0,0.0,True
primary,Retina 3,Amacrine,C1orf109,5,16137,1.0,4.142648689608461,61.969387122761354,True
primary,Retina 3,Amacrine,C1orf122,5,16137,4.0,5.516961002376313,247.87754849104542,True
primary,Retina 3,Amacrine,C22orf29,5,16137,1.0,4.142648689608461,61.969387122761354,True
primary,Retina 3,Amacrine,C6orf15,5,16137,,,,False
primary,Retina 3,Amacrine,CADM1,5,16137,1.0,4.142648689608461,61.969387122761354,True
primary,Retina 3,Amacrine,CADM2,5,16137,12.0,6.612891003444418,743.6326454731362,True
primary,Retina 3,Amacrine,CAV2,5,16137,0.0,0.0,0.0,True
primary,Retina 3,Amacrine,CCDC117,5,16137,0.0,0.0,0.0,True
primary,Retina 3,Amacrine,CDC14A,5,16137,0.0,0.0,0.0,True
primary,Retina 3,Amacrine,CDKN2A,5,16137,0.0,0.0,0.0,True
primary,Retina 3,Amacrine,CDKN2B-AS1,5,16137,0.0,0.0,0.0,True
primary,Retina 3,Amacrine,CELF1,5,16137,4.0,5.516961002376313,247.87754849104542,True
primary,Retina 3,Amacrine,CLIC5,5,16137,0.0,0.0,0.0,True
primary,Retina 3,Amacrine,CMB9-22P13.1,5,16137,,,,False
primary,Retina 3,Amacrine,COL11A1,5,16137,0.0,0.0,0.0,True
primary,Retina 3,Amacrine,CRHR1,5,16137,0.0,0.0,0.0,True
primary,Retina 3,Amacrine,CTA-292E10.6,5,16137,1.0,4.142648689608461,61.969387122761354,True
primary,Retina 3,Amacrine,CTB-39G8.3,5,16137,,,,False
primary,Retina 3,Amacrine,CTD-2005H7.1,5,16137,0.0,0.0,0.0,True
primary,Retina 3,Amacrine,CTD-2020K17.1,5,16137,0.0,0.0,0.0,True
primary,Retina 3,Amacrine,CTD-2020K17.3,5,16137,1.0,4.142648689608461,61.969387122761354,True
primary,Retina 3,Amacrine,CTTNBP2,5,16137,6.0,5.921085866017552,371.8163227365681,True
primary,Retina 3,Amacrine,DDX39BP2,5,16137,,,,False
primary,Retina 3,Amacrine,DIO1,5,16137,,,,False
primary,Retina 3,Amacrine,DND1P1,5,16137,,,,False
primary,Retina 3,Amacrine,DYSF,5,16137,0.0,0.0,0.0,True
primary,Retina 3,Amacrine,EFCAB13,5,16137,0.0,0.0,0.0,True
primary,Retina 3,Amacrine,EFEMP1,5,16137,0.0,0.0,0.0,True
primary,Retina 3,Amacrine,EHBP1L1,5,16137,0.0,0.0,0.0,True
primary,Retina 3,Amacrine,FAM215B,5,16137,1.0,4.142648689608461,61.969387122761354,True
primary,Retina 3,Amacrine,FAM83A,5,16137,,,,False
primary,Retina 3,Amacrine,FAM83A-AS1,5,16137,,,,False
primary,Retina 3,Amacrine,FAM89B,5,16137,0.0,0.0,0.0,True
primary,Retina 3,Amacrine,FHL3,5,16137,0.0,0.0,0.0,True
primary,Retina 3,Amacrine,FLOT1,5,16137,2.0,4.827823811272323,123.93877424552271,True
primary,Retina 3,Amacrine,FLVCR2,5,16137,0.0,0.0,0.0,True
primary,Retina 3,Amacrine,FMNL1,5,16137,0.0,0.0,0.0,True
primary,Retina 3,Amacrine,FNDC4,5,16137,1.0,4.142648689608461,61.969387122761354,True
primary,Retina 3,Amacrine,GALR3,5,16137,,,,False
primary,Retina 3,Amacrine,GCAT,5,16137,1.0,4.142648689608461,61.969387122761354,True
primary,Retina 3,Amacrine,GLIS1,5,16137,0.0,0.0,0.0,True
primary,Retina 3,Amacrine,H1F0,5,16137,2.0,4.827823811272323,123.93877424552271,True
primary,Retina 3,Amacrine,HCG4,5,16137,,,,False
primary,Retina 3,Amacrine,HCG4B,5,16137,,,,False
primary,Retina 3,Amacrine,HCG4P5,5,16137,,,,False
primary,Retina 3,Amacrine,HCG4P7,5,16137,,,,False
primary,Retina 3,Amacrine,HCG9,5,16137,0.0,0.0,0.0,True
primary,Retina 3,Amacrine,HCP5B,5,16137,0.0,0.0,0.0,True
primary,Retina 3,Amacrine,HECTD4,5,16137,1.0,4.142648689608461,61.969387122761354,True
primary,Retina 3,Amacrine,HLA-A,5,16137,2.0,4.827823811272323,123.93877424552271,True
primary,Retina 3,Amacrine,HLA-C,5,16137,4.0,5.516961002376313,247.87754849104542,True
primary,Retina 3,Amacrine,HLA-F,5,16137,0.0,0.0,0.0,True
primary,Retina 3,Amacrine,HLA-F-AS1,5,16137,,,,False
primary,Retina 3,Amacrine,HLA-G,5,16137,0.0,0.0,0.0,True
primary,Retina 3,Amacrine,HLA-H,5,16137,,,,False
primary,Retina 3,Amacrine,HLA-J,5,16137,,,,False
primary,Retina 3,Amacrine,HLA-L,5,16137,,,,False
primary,Retina 3,Amacrine,HLA-T,5,16137,,,,False
primary,Retina 3,Amacrine,HLA-U,5,16137,,,,False
primary,Retina 3,Amacrine,HLA-V,5,16137,,,,False
primary,Retina 3,Amacrine,HLA-W,5,16137,,,,False
primary,Retina 3,Amacrine,HSCB,5,16137,1.0,4.142648689608461,61.969387122761354,True
primary,Retina 3,Amacrine,HTRA3,5,16137,0.0,0.0,0.0,True
primary,Retina 3,Amacrine,IFITM4P,5,16137,,,,False
primary,Retina 3,Amacrine,IFT172,5,16137,1.0,4.142648689608461,61.969387122761354,True
primary,Retina 3,Amacrine,INPP5B,5,16137,0.0,0.0,0.0,True
primary,Retina 3,Amacrine,ITGB3,5,16137,0.0,0.0,0.0,True
primary,Retina 3,Amacrine,KANSL1,5,16137,1.0,4.142648689608461,61.969387122761354,True
primary,Retina 3,Amacrine,KANSL1-AS1,5,16137,0.0,0.0,0.0,True
primary,Retina 3,Amacrine,KHK,5,16137,0.0,0.0,0.0,True
primary,Retina 3,Amacrine,KLF5,5,16137,0.0,0.0,0.0,True
primary,Retina 3,Amacrine,KRT8P26,5,16137,,,,False
primary,Retina 3,Amacrine,LHPP,5,16137,2.0,4.827823811272323,123.93877424552271,True
primary,Retina 3,Amacrine,LINC01948,5,16137,0.0,0.0,0.0,True
primary,Retina 3,Amacrine,LINC02052,5,16137,,,,False
primary,Retina 3,Amacrine,LINC02210,5,16137,,,,False
primary,Retina 3,Amacrine,LMO4,5,16137,0.0,0.0,0.0,True
primary,Retina 3,Amacrine,LMO7,5,16137,0.0,0.0,0.0,True
primary,Retina 3,Amacrine,LOXL1,5,16137,0.0,0.0,0.0,True
primary,Retina 3,Amacrine,LOXL1-AS1,5,16137,0.0,0.0,0.0,True
primary,Retina 3,Amacrine,LRRC37A,5,16137,0.0,0.0,0.0,True
primary,Retina 3,Amacrine,LRRC37A17P,5,16137,,,,False
primary,Retina 3,Amacrine,LRRC37A2,5,16137,0.0,0.0,0.0,True
primary,Retina 3,Amacrine,LRRC37A4P,5,16137,,,,False
primary,Retina 3,Amacrine,LRWD1,5,16137,0.0,0.0,0.0,True
primary,Retina 3,Amacrine,LTBP2,5,16137,0.0,0.0,0.0,True
primary,Retina 3,Amacrine,LTBP3,5,16137,0.0,0.0,0.0,True
primary,Retina 3,Amacrine,MADD,5,16137,1.0,4.142648689608461,61.969387122761354,True
primary,Retina 3,Amacrine,MAPK8IP1P1,5,16137,,,,False
primary,Retina 3,Amacrine,MAPK8IP1P2,5,16137,,,,False
primary,Retina 3,Amacrine,MAPT,5,16137,4.0,5.516961002376313,247.87754849104542,True
primary,Retina 3,Amacrine,MAPT-AS1,5,16137,0.0,0.0,0.0,True
primary,Retina 3,Amacrine,MAPT-IT1,5,16137,,,,False
primary,Retina 3,Amacrine,ME3,5,16137,0.0,0.0,0.0,True
primary,Retina 3,Amacrine,MICE,5,16137,,,,False
primary,Retina 3,Amacrine,MOV10,5,16137,0.0,0.0,0.0,True
primary,Retina 3,Amacrine,MRPL33,5,16137,6.0,5.921085866017552,371.8163227365681,True
primary,Retina 3,Amacrine,MTCH2,5,16137,1.0,4.142648689608461,61.969387122761354,True
primary,Retina 3,Amacrine,MVB12B,5,16137,0.0,0.0,0.0,True
primary,Retina 3,Amacrine,Metazoa_SRP,5,16137,,,,False
primary,Retina 3,Amacrine,NEAT1,5,16137,7.0,6.074853288698053,433.7857098593295,True
primary,Retina 3,Amacrine,NMT1,5,16137,0.0,0.0,0.0,True
primary,Retina 3,Amacrine,NPEPPS,5,16137,0.0,0.0,0.0,True
primary,Retina 3,Amacrine,NRBP1,5,16137,1.0,4.142648689608461,61.969387122761354,True
primary,Retina 3,Amacrine,NSF,5,16137,1.0,4.142648689608461,61.969387122761354,True
primary,Retina 3,Amacrine,NUCB2,5,16137,0.0,0.0,0.0,True
primary,Retina 3,Amacrine,NUDT7,5,16137,0.0,0.0,0.0,True
primary,Retina 3,Amacrine,PDE6C,5,16137,0.0,0.0,0.0,True
primary,Retina 3,Amacrine,PGAM1P8,5,16137,,,,False
primary,Retina 3,Amacrine,PIBF1,5,16137,0.0,0.0,0.0,True
primary,Retina 3,Amacrine,PIGC,5,16137,0.0,0.0,0.0,True
primary,Retina 3,Amacrine,PKIB,5,16137,0.0,0.0,0.0,True
primary,Retina 3,Amacrine,PLCE1,5,16137,0.0,0.0,0.0,True
primary,Retina 3,Amacrine,PLCE1-AS1,5,16137,,,,False
primary,Retina 3,Amacrine,PLEKHA7,5,16137,0.0,0.0,0.0,True
primary,Retina 3,Amacrine,PLEKHM1,5,16137,0.0,0.0,0.0,True
primary,Retina 3,Amacrine,PPP1R18,5,16137,0.0,0.0,0.0,True
primary,Retina 3,Amacrine,PRKCE,5,16137,0.0,0.0,0.0,True
primary,Retina 3,Amacrine,PROX2,5,16137,,,,False
primary,Retina 3,Amacrine,PRSS23,5,16137,0.0,0.0,0.0,True
primary,Retina 3,Amacrine,PSORS1C3,5,16137,,,,False
primary,Retina 3,Amacrine,RAPSN,5,16137,0.0,0.0,0.0,True
primary,Retina 3,Amacrine,RERE,5,16137,10.0,6.430837999402136,619.6938712276136,True
primary,Retina 3,Amacrine,RIC8B,5,16137,0.0,0.0,0.0,True
primary,Retina 3,Amacrine,RORA,5,16137,4.0,5.516961002376313,247.87754849104542,True
primary,Retina 3,Amacrine,RP11-123K19.1,5,16137,,,,False
primary,Retina 3,Amacrine,RP11-136H19.1,5,16137,,,,False
primary,Retina 3,Amacrine,RP11-149I2.4,5,16137,,,,False
primary,Retina 3,Amacrine,RP11-162I7.1,5,16137,,,,False
primary,Retina 3,Amacrine,RP11-17G12.2,5,16137,,,,False
primary,Retina 3,Amacrine,RP11-205K6.1,5,16137,,,,False
primary,Retina 3,Amacrine,RP11-217B7.2,5,16137,0.0,0.0,0.0,True
primary,Retina 3,Amacrine,RP11-259A24.1,5,16137,,,,False
primary,Retina 3,Amacrine,RP11-259G18.1,5,16137,,,,False
primary,Retina 3,Amacrine,RP11-259G18.3,5,16137,,,,False
primary,Retina 3,Amacrine,RP11-293E1.1,5,16137,,,,False
primary,Retina 3,Amacrine,RP11-293E1.2,5,16137,,,,False
primary,Retina 3,Amacrine,RP11-302L19.3,5,16137,0.0,0.0,0.0,True
primary,Retina 3,Amacrine,RP11-403A3.3,5,16137,0.0,0.0,0.0,True
primary,Retina 3,Amacrine,RP11-412D9.4,5,16137,2.0,4.827823811272323,123.93877424552271,True
primary,Retina 3,Amacrine,RP11-507B12.1,5,16137,,,,False
primary,Retina 3,Amacrine,RP11-507B12.2,5,16137,0.0,0.0,0.0,True
primary,Retina 3,Amacrine,RP11-669E14.6,5,16137,0.0,0.0,0.0,True
primary,Retina 3,Amacrine,RP11-707O23.1,5,16137,,,,False
primary,Retina 3,Amacrine,RP11-750H9.5,5,16137,,,,False
primary,Retina 3,Amacrine,RP11-755F10.1,5,16137,0.0,0.0,0.0,True
primary,Retina 3,Amacrine,RP11-762L8.6,5,16137,,,,False
primary,Retina 3,Amacrine,RP11-770G2.2,5,16137,,,,False
primary,Retina 3,Amacrine,RP11-798G7.6,5,16137,0.0,0.0,0.0,True
primary,Retina 3,Amacrine,RP11-798G7.8,5,16137,,,,False
primary,Retina 3,Amacrine,RP5-1115A15.1,5,16137,0.0,0.0,0.0,True
primary,Retina 3,Amacrine,RPS26P8,5,16137,,,,False
primary,Retina 3,Amacrine,SCRN2,5,16137,0.0,0.0,0.0,True
primary,Retina 3,Amacrine,SEMA3E,5,16137,0.0,0.0,0.0,True
primary,Retina 3,Amacrine,SEPT7,5,16137,9.0,6.325656478853469,557.7244841048522,True
primary,Retina 3,Amacrine,SF3A3,5,16137,0.0,0.0,0.0,True
primary,Retina 3,Amacrine,SFTA1P,5,16137,0.0,0.0,0.0,True
primary,Retina 3,Amacrine,SGSM2,5,16137,0.0,0.0,0.0,True
primary,Retina 3,Amacrine,SLC25A45,5,16137,0.0,0.0,0.0,True
primary,Retina 3,Amacrine,SLC39A13,5,16137,0.0,0.0,0.0,True
primary,Retina 3,Amacrine,SMAD6,5,16137,0.0,0.0,0.0,True
primary,Retina 3,Amacrine,SNORD14A,5,16137,,,,False
primary,Retina 3,Amacrine,SSSCA1-AS1,5,16137,,,,False
primary,Retina 3,Amacrine,TARID,5,16137,0.0,0.0,0.0,True
primary,Retina 3,Amacrine,TBC1D31,5,16137,0.0,0.0,0.0,True
primary,Retina 3,Amacrine,TBKBP1,5,16137,0.0,0.0,0.0,True
primary,Retina 3,Amacrine,TBPL1,5,16137,2.0,4.827823811272323,123.93877424552271,True
primary,Retina 3,Amacrine,TGFB3,5,16137,0.0,0.0,0.0,True
primary,Retina 3,Amacrine,THCAT158,5,16137,0.0,0.0,0.0,True
primary,Retina 3,Amacrine,THSD7A,5,16137,0.0,0.0,0.0,True
primary,Retina 3,Amacrine,TIGD3,5,16137,0.0,0.0,0.0,True
primary,Retina 3,Amacrine,TMEM116,5,16137,0.0,0.0,0.0,True
primary,Retina 3,Amacrine,TMEM136,5,16137,0.0,0.0,0.0,True
primary,Retina 3,Amacrine,TMEM181,5,16137,0.0,0.0,0.0,True
primary,Retina 3,Amacrine,TMEM263,5,16137,1.0,4.142648689608461,61.969387122761354,True
primary,Retina 3,Amacrine,TRIM26,5,16137,0.0,0.0,0.0,True
primary,Retina 3,Amacrine,TRIOBP,5,16137,0.0,0.0,0.0,True
primary,Retina 3,Amacrine,TSC22D2,5,16137,2.0,4.827823811272323,123.93877424552271,True
primary,Retina 3,Amacrine,TTC28,5,16137,1.0,4.142648689608461,61.969387122761354,True
primary,Retina 3,Amacrine,TTLL5,5,16137,0.0,0.0,0.0,True
primary,Retina 3,Amacrine,TXNDC8,5,16137,,,,False
primary,Retina 3,Amacrine,TXNRD2,5,16137,0.0,0.0,0.0,True
primary,Retina 3,Amacrine,UTP11,5,16137,1.0,4.142648689608461,61.969387122761354,True
primary,Retina 3,Amacrine,VARS2,5,16137,0.0,0.0,0.0,True
primary,Retina 3,Amacrine,VCAM1,5,16137,0.0,0.0,0.0,True
primary,Retina 3,Amacrine,WLS,5,16137,0.0,0.0,0.0,True
primary,Retina 3,Amacrine,WNT2B,5,16137,0.0,0.0,0.0,True
primary,Retina 3,Amacrine,XRCC6P1,5,16137,,,,False
primary,Retina 3,Amacrine,XXbac-BPG170G13.32,5,16137,0.0,0.0,0.0,True
primary,Retina 3,Amacrine,XXbac-BPG283O16.9,5,16137,,,,False
primary,Retina 3,Amacrine,YAP1,5,16137,0.0,0.0,0.0,True
primary,Retina 3,Amacrine,YIF1A,5,16137,1.0,4.142648689608461,61.969387122761354,True
primary,Retina 3,Amacrine,ZNF280D,5,16137,3.0,5.230617380540157,185.90816136828406,True
primary,Retina 3,Amacrine,ZNF638,5,16137,1.0,4.142648689608461,61.969387122761354,True
primary,Retina 3,Amacrine,ZNF638-IT1,5,16137,,,,False
primary,Retina 3,Horizontal,DGKG,19,68839,0.0,0.0,0.0,True
primary,Retina 3,Horizontal,SLC2A12,19,68839,0.0,0.0,0.0,True
primary,Retina 3,Horizontal,COL8A2,19,68839,0.0,0.0,0.0,True
primary,Retina 3,Horizontal,NPC2,19,68839,3.0,3.797284148359228,43.57994741353012,True
primary,Retina 3,Horizontal,PSMC3,19,68839,15.0,5.388613803375289,217.8997370676506,True
primary,Retina 3,Horizontal,RP11-466F5.8,19,68839,0.0,0.0,0.0,True
primary,Retina 3,Horizontal,LPP,19,68839,0.0,0.0,0.0,True
primary,Retina 3,Horizontal,RP11-121M22.1,19,68839,0.0,0.0,0.0,True
primary,Retina 3,Horizontal,ABO,19,68839,0.0,0.0,0.0,True
primary,Retina 3,Horizontal,ADAMTS8,19,68839,0.0,0.0,0.0,True
primary,Retina 3,Horizontal,CALD1,19,68839,0.0,0.0,0.0,True
primary,Retina 3,Horizontal,CHEK2,19,68839,0.0,0.0,0.0,True
primary,Retina 3,Horizontal,GAS7,19,68839,2.0,3.4029724145483145,29.053298275686746,True
primary,Retina 3,Horizontal,LMX1B,19,68839,,,,False
primary,Retina 3,Horizontal,TCF12,19,68839,0.0,0.0,0.0,True
primary,Retina 3,Horizontal,TMCO1,19,68839,7.0,4.631681085613221,101.68654396490362,True
primary,Retina 3,Horizontal,TRIB2,19,68839,3.0,3.797284148359228,43.57994741353012,True
primary,Retina 3,Horizontal,AC000078.5,19,68839,,,,False
primary,Retina 3,Horizontal,AC002066.1,19,68839,,,,False
primary,Retina 3,Horizontal,AC012066.1,19,68839,,,,False
primary,Retina 3,Horizontal,AC091132.1,19,68839,,,,False
primary,Retina 3,Horizontal,ACBD4,19,68839,1.0,2.7425578468379013,14.526649137843373,True
primary,Retina 3,Horizontal,AFAP1,19,68839,1.0,2.7425578468379013,14.526649137843373,True
primary,Retina 3,Horizontal,ALDH2,19,68839,4.0,4.079342534957873,58.10659655137349,True
primary,Retina 3,Horizontal,AP003068.23,19,68839,0.0,0.0,0.0,True
primary,Retina 3,Horizontal,AP5B1,19,68839,0.0,0.0,0.0,True
primary,Retina 3,Horizontal,AREL1,19,68839,0.0,0.0,0.0,True
primary,Retina 3,Horizontal,ARHGAP27,19,68839,0.0,0.0,0.0,True
primary,Retina 3,Horizontal,ARHGEF12,19,68839,7.0,4.631681085613221,101.68654396490362,True
primary,Retina 3,Horizontal,ARL17A,19,68839,3.0,3.797284148359228,43.57994741353012,True
primary,Retina 3,Horizontal,ATP5J,19,68839,33.0,6.1745762532118,479.3794215488313,True
primary,Retina 3,Horizontal,BICC1,19,68839,0.0,0.0,0.0,True
primary,Retina 3,Horizontal,BORA,19,68839,0.0,0.0,0.0,True
primary,Retina 3,Horizontal,C1orf109,19,68839,2.0,3.4029724145483145,29.053298275686746,True
primary,Retina 3,Horizontal,C1orf122,19,68839,21.0,5.7237799584395335,305.05963189471083,True
primary,Retina 3,Horizontal,C22orf29,19,68839,2.0,3.4029724145483145,29.053298275686746,True
primary,Retina 3,Horizontal,C6orf15,19,68839,,,,False
primary,Retina 3,Horizontal,CADM1,19,68839,0.0,0.0,0.0,True
primary,Retina 3,Horizontal,CADM2,19,68839,16.0,5.452866764900044,232.42638620549397,True
primary,Retina 3,Horizontal,CAV2,19,68839,0.0,0.0,0.0,True
primary,Retina 3,Horizontal,CCDC117,19,68839,6.0,4.479152152425901,87.15989482706024,True
primary,Retina 3,Horizontal,CDC14A,19,68839,0.0,0.0,0.0,True
primary,Retina 3,Horizontal,CDKN2A,19,68839,0.0,0.0,0.0,True
primary,Retina 3,Horizontal,CDKN2B-AS1,19,68839,0.0,0.0,0.0,True
primary,Retina 3,Horizontal,CELF1,19,68839,12.0,5.166611675767323,174.31978965412048,True
primary,Retina 3,Horizontal,CLIC5,19,68839,0.0,0.0,0.0,True
primary,Retina 3,Horizontal,CMB9-22P13.1,19,68839,,,,False
primary,Retina 3,Horizontal,COL11A1,19,68839,0.0,0.0,0.0,True
primary,Retina 3,Horizontal,CRHR1,19,68839,0.0,0.0,0.0,True
primary,Retina 3,Horizontal,CTA-292E10.6,19,68839,0.0,0.0,0.0,True
primary,Retina 3,Horizontal,CTB-39G8.3,19,68839,,,,False
primary,Retina 3,Horizontal,CTD-2005H7.1,19,68839,1.0,2.7425578468379013,14.526649137843373,True
primary,Retina 3,Horizontal,CTD-2020K17.1,19,68839,0.0,0.0,0.0,True
primary,Retina 3,Horizontal,CTD-2020K17.3,19,68839,1.0,2.7425578468379013,14.526649137843373,True
primary,Retina 3,Horizontal,CTTNBP2,19,68839,9.0,4.880829085706064,130.73984224059035,True
primary,Retina 3,Horizontal,DDX39BP2,19,68839,,,,False
primary,Retina 3,Horizontal,DIO1,19,68839,,,,False
primary,Retina 3,Horizontal,DND1P1,19,68839,,,,False
primary,Retina 3,Horizontal,DYSF,19,68839,0.0,0.0,0.0,True
primary,Retina 3,Horizontal,EFCAB13,19,68839,0.0,0.0,0.0,True
primary,Retina 3,Horizontal,EFEMP1,19,68839,1.0,2.7425578468379013,14.526649137843373,True
primary,Retina 3,Horizontal,EHBP1L1,19,68839,0.0,0.0,0.0,True
primary,Retina 3,Horizontal,FAM215B,19,68839,4.0,4.079342534957873,58.10659655137349,True
primary,Retina 3,Horizontal,FAM83A,19,68839,,,,False
primary,Retina 3,Horizontal,FAM83A-AS1,19,68839,,,,False
primary,Retina 3,Horizontal,FAM89B,19,68839,1.0,2.7425578468379013,14.526649137843373,True
primary,Retina 3,Horizontal,FHL3,19,68839,0.0,0.0,0.0,True
primary,Retina 3,Horizontal,FLOT1,19,68839,4.0,4.079342534957873,58.10659655137349,True
primary,Retina 3,Horizontal,FLVCR2,19,68839,0.0,0.0,0.0,True
primary,Retina 3,Horizontal,FMNL1,19,68839,0.0,0.0,0.0,True
primary,Retina 3,Horizontal,FNDC4,19,68839,0.0,0.0,0.0,True
primary,Retina 3,Horizontal,GALR3,19,68839,,,,False
primary,Retina 3,Horizontal,GCAT,19,68839,1.0,2.7425578468379013,14.526649137843373,True
primary,Retina 3,Horizontal,GLIS1,19,68839,0.0,0.0,0.0,True
primary,Retina 3,Horizontal,H1F0,19,68839,23.0,5.814467580004209,334.1129301703976,True
primary,Retina 3,Horizontal,HCG4,19,68839,,,,False
primary,Retina 3,Horizontal,HCG4B,19,68839,,,,False
primary,Retina 3,Horizontal,HCG4P5,19,68839,,,,False
primary,Retina 3,Horizontal,HCG4P7,19,68839,,,,False
primary,Retina 3,Horizontal,HCG9,19,68839,0.0,0.0,0.0,True
primary,Retina 3,Horizontal,HCP5B,19,68839,0.0,0.0,0.0,True
primary,Retina 3,Horizontal,HECTD4,19,68839,1.0,2.7425578468379013,14.526649137843373,True
primary,Retina 3,Horizontal,HLA-A,19,68839,1.0,2.7425578468379013,14.526649137843373,True
primary,Retina 3,Horizontal,HLA-C,19,68839,14.0,5.31994718591262,203.37308792980724,True
primary,Retina 3,Horizontal,HLA-F,19,68839,0.0,0.0,0.0,True
primary,Retina 3,Horizontal,HLA-F-AS1,19,68839,,,,False
primary,Retina 3,Horizontal,HLA-G,19,68839,0.0,0.0,0.0,True
primary,Retina 3,Horizontal,HLA-H,19,68839,,,,False
primary,Retina 3,Horizontal,HLA-J,19,68839,,,,False
primary,Retina 3,Horizontal,HLA-L,19,68839,,,,False
primary,Retina 3,Horizontal,HLA-T,19,68839,,,,False
primary,Retina 3,Horizontal,HLA-U,19,68839,,,,False
primary,Retina 3,Horizontal,HLA-V,19,68839,,,,False
primary,Retina 3,Horizontal,HLA-W,19,68839,,,,False
primary,Retina 3,Horizontal,HSCB,19,68839,1.0,2.7425578468379013,14.526649137843373,True
primary,Retina 3,Horizontal,HTRA3,19,68839,0.0,0.0,0.0,True
primary,Retina 3,Horizontal,IFITM4P,19,68839,,,,False
primary,Retina 3,Horizontal,IFT172,19,68839,1.0,2.7425578468379013,14.526649137843373,True
primary,Retina 3,Horizontal,INPP5B,19,68839,2.0,3.4029724145483145,29.053298275686746,True
primary,Retina 3,Horizontal,ITGB3,19,68839,0.0,0.0,0.0,True
primary,Retina 3,Horizontal,KANSL1,19,68839,6.0,4.479152152425901,87.15989482706024,True
primary,Retina 3,Horizontal,KANSL1-AS1,19,68839,2.0,3.4029724145483145,29.053298275686746,True
primary,Retina 3,Horizontal,KHK,19,68839,1.0,2.7425578468379013,14.526649137843373,True
primary,Retina 3,Horizontal,KLF5,19,68839,0.0,0.0,0.0,True
primary,Retina 3,Horizontal,KRT8P26,19,68839,,,,False
primary,Retina 3,Horizontal,LHPP,19,68839,2.0,3.4029724145483145,29.053298275686746,True
primary,Retina 3,Horizontal,LINC01948,19,68839,0.0,0.0,0.0,True
primary,Retina 3,Horizontal,LINC02052,19,68839,,,,False
primary,Retina 3,Horizontal,LINC02210,19,68839,,,,False
primary,Retina 3,Horizontal,LMO4,19,68839,16.0,5.452866764900044,232.42638620549397,True
primary,Retina 3,Horizontal,LMO7,19,68839,2.0,3.4029724145483145,29.053298275686746,True
primary,Retina 3,Horizontal,LOXL1,19,68839,0.0,0.0,0.0,True
primary,Retina 3,Horizontal,LOXL1-AS1,19,68839,0.0,0.0,0.0,True
primary,Retina 3,Horizontal,LRRC37A,19,68839,0.0,0.0,0.0,True
primary,Retina 3,Horizontal,LRRC37A17P,19,68839,,,,False
primary,Retina 3,Horizontal,LRRC37A2,19,68839,0.0,0.0,0.0,True
primary,Retina 3,Horizontal,LRRC37A4P,19,68839,,,,False
primary,Retina 3,Horizontal,LRWD1,19,68839,0.0,0.0,0.0,True
primary,Retina 3,Horizontal,LTBP2,19,68839,0.0,0.0,0.0,True
primary,Retina 3,Horizontal,LTBP3,19,68839,0.0,0.0,0.0,True
primary,Retina 3,Horizontal,MADD,19,68839,4.0,4.079342534957873,58.10659655137349,True
primary,Retina 3,Horizontal,MAPK8IP1P1,19,68839,,,,False
primary,Retina 3,Horizontal,MAPK8IP1P2,19,68839,,,,False
primary,Retina 3,Horizontal,MAPT,19,68839,21.0,5.7237799584395335,305.05963189471083,True
primary,Retina 3,Horizontal,MAPT-AS1,19,68839,6.0,4.479152152425901,87.15989482706024,True
primary,Retina 3,Horizontal,MAPT-IT1,19,68839,,,,False
primary,Retina 3,Horizontal,ME3,19,68839,1.0,2.7425578468379013,14.526649137843373,True
primary,Retina 3,Horizontal,MICE,19,68839,,,,False
primary,Retina 3,Horizontal,MOV10,19,68839,0.0,0.0,0.0,True
primary,Retina 3,Horizontal,MRPL33,19,68839,35.0,6.233297792568387,508.4327198245181,True
primary,Retina 3,Horizontal,MTCH2,19,68839,3.0,3.797284148359228,43.57994741353012,True
primary,Retina 3,Horizontal,MVB12B,19,68839,3.0,3.797284148359228,43.57994741353012,True
primary,Retina 3,Horizontal,Metazoa_SRP,19,68839,,,,False
primary,Retina 3,Horizontal,NEAT1,19,68839,77.0,7.020683869631535,1118.5519836139397,True
primary,Retina 3,Horizontal,NMT1,19,68839,11.0,5.080118697354103,159.7931405162771,True
primary,Retina 3,Horizontal,NPEPPS,19,68839,7.0,4.631681085613221,101.68654396490362,True
primary,Retina 3,Horizontal,NRBP1,19,68839,2.0,3.4029724145483145,29.053298275686746,True
primary,Retina 3,Horizontal,NSF,19,68839,1.0,2.7425578468379013,14.526649137843373,True
primary,Retina 3,Horizontal,NUCB2,19,68839,5.0,4.299096631479529,72.63324568921686,True
primary,Retina 3,Horizontal,NUDT7,19,68839,1.0,2.7425578468379013,14.526649137843373,True
primary,Retina 3,Horizontal,PDE6C,19,68839,0.0,0.0,0.0,True
primary,Retina 3,Horizontal,PGAM1P8,19,68839,,,,False
primary,Retina 3,Horizontal,PIBF1,19,68839,2.0,3.4029724145483145,29.053298275686746,True
primary,Retina 3,Horizontal,PIGC,19,68839,1.0,2.7425578468379013,14.526649137843373,True
primary,Retina 3,Horizontal,PKIB,19,68839,1.0,2.7425578468379013,14.526649137843373,True
primary,Retina 3,Horizontal,PLCE1,19,68839,0.0,0.0,0.0,True
primary,Retina 3,Horizontal,PLCE1-AS1,19,68839,,,,False
primary,Retina 3,Horizontal,PLEKHA7,19,68839,0.0,0.0,0.0,True
primary,Retina 3,Horizontal,PLEKHM1,19,68839,0.0,0.0,0.0,True
primary,Retina 3,Horizontal,PPP1R18,19,68839,0.0,0.0,0.0,True
primary,Retina 3,Horizontal,PRKCE,19,68839,0.0,0.0,0.0,True
primary,Retina 3,Horizontal,PROX2,19,68839,,,,False
primary,Retina 3,Horizontal,PRSS23,19,68839,0.0,0.0,0.0,True
primary,Retina 3,Horizontal,PSORS1C3,19,68839,,,,False
primary,Retina 3,Horizontal,RAPSN,19,68839,0.0,0.0,0.0,True
primary,Retina 3,Horizontal,RERE,19,68839,8.0,4.7639944399435485,116.21319310274698,True
primary,Retina 3,Horizontal,RIC8B,19,68839,1.0,2.7425578468379013,14.526649137843373,True
primary,Retina 3,Horizontal,RORA,19,68839,23.0,5.814467580004209,334.1129301703976,True
primary,Retina 3,Horizontal,RP11-123K19.1,19,68839,,,,False
primary,Retina 3,Horizontal,RP11-136H19.1,19,68839,,,,False
primary,Retina 3,Horizontal,RP11-149I2.4,19,68839,,,,False
primary,Retina 3,Horizontal,RP11-162I7.1,19,68839,,,,False
primary,Retina 3,Horizontal,RP11-17G12.2,19,68839,,,,False
primary,Retina 3,Horizontal,RP11-205K6.1,19,68839,,,,False
primary,Retina 3,Horizontal,RP11-217B7.2,19,68839,0.0,0.0,0.0,True
primary,Retina 3,Horizontal,RP11-259A24.1,19,68839,,,,False
primary,Retina 3,Horizontal,RP11-259G18.1,19,68839,,,,False
primary,Retina 3,Horizontal,RP11-259G18.3,19,68839,,,,False
primary,Retina 3,Horizontal,RP11-293E1.1,19,68839,,,,False
primary,Retina 3,Horizontal,RP11-293E1.2,19,68839,,,,False
primary,Retina 3,Horizontal,RP11-302L19.3,19,68839,0.0,0.0,0.0,True
primary,Retina 3,Horizontal,RP11-403A3.3,19,68839,0.0,0.0,0.0,True
primary,Retina 3,Horizontal,RP11-412D9.4,19,68839,3.0,3.797284148359228,43.57994741353012,True
primary,Retina 3,Horizontal,RP11-507B12.1,19,68839,,,,False
primary,Retina 3,Horizontal,RP11-507B12.2,19,68839,0.0,0.0,0.0,True
primary,Retina 3,Horizontal,RP11-669E14.6,19,68839,0.0,0.0,0.0,True
primary,Retina 3,Horizontal,RP11-707O23.1,19,68839,,,,False
primary,Retina 3,Horizontal,RP11-750H9.5,19,68839,,,,False
primary,Retina 3,Horizontal,RP11-755F10.1,19,68839,0.0,0.0,0.0,True
primary,Retina 3,Horizontal,RP11-762L8.6,19,68839,,,,False
primary,Retina 3,Horizontal,RP11-770G2.2,19,68839,,,,False
primary,Retina 3,Horizontal,RP11-798G7.6,19,68839,1.0,2.7425578468379013,14.526649137843373,True
primary,Retina 3,Horizontal,RP11-798G7.8,19,68839,,,,False
primary,Retina 3,Horizontal,RP5-1115A15.1,19,68839,0.0,0.0,0.0,True
primary,Retina 3,Horizontal,RPS26P8,19,68839,,,,False
primary,Retina 3,Horizontal,SCRN2,19,68839,1.0,2.7425578468379013,14.526649137843373,True
primary,Retina 3,Horizontal,SEMA3E,19,68839,0.0,0.0,0.0,True
primary,Retina 3,Horizontal,SEPT7,19,68839,119.0,7.455686639031079,1728.6712474033616,True
primary,Retina 3,Horizontal,SF3A3,19,68839,4.0,4.079342534957873,58.10659655137349,True
primary,Retina 3,Horizontal,SFTA1P,19,68839,0.0,0.0,0.0,True
primary,Retina 3,Horizontal,SGSM2,19,68839,2.0,3.4029724145483145,29.053298275686746,True
primary,Retina 3,Horizontal,SLC25A45,19,68839,0.0,0.0,0.0,True
primary,Retina 3,Horizontal,SLC39A13,19,68839,4.0,4.079342534957873,58.10659655137349,True
primary,Retina 3,Horizontal,SMAD6,19,68839,0.0,0.0,0.0,True
primary,Retina 3,Horizontal,SNORD14A,19,68839,,,,False
primary,Retina 3,Horizontal,SSSCA1-AS1,19,68839,,,,False
primary,Retina 3,Horizontal,TARID,19,68839,0.0,0.0,0.0,True
primary,Retina 3,Horizontal,TBC1D31,19,68839,0.0,0.0,0.0,True
primary,Retina 3,Horizontal,TBKBP1,19,68839,1.0,2.7425578468379013,14.526649137843373,True
primary,Retina 3,Horizontal,TBPL1,19,68839,3.0,3.797284148359228,43.57994741353012,True
primary,Retina 3,Horizontal,TGFB3,19,68839,0.0,0.0,0.0,True
primary,Retina 3,Horizontal,THCAT158,19,68839,0.0,0.0,0.0,True
primary,Retina 3,Horizontal,THSD7A,19,68839,17.0,5.513239354615959,246.95303534333735,True
primary,Retina 3,Horizontal,TIGD3,19,68839,1.0,2.7425578468379013,14.526649137843373,True
primary,Retina 3,Horizontal,TMEM116,19,68839,1.0,2.7425578468379013,14.526649137843373,True
primary,Retina 3,Horizontal,TMEM136,19,68839,2.0,3.4029724145483145,29.053298275686746,True
primary,Retina 3,Horizontal,TMEM181,19,68839,3.0,3.797284148359228,43.57994741353012,True
primary,Retina 3,Horizontal,TMEM263,19,68839,2.0,3.4029724145483145,29.053298275686746,True
primary,Retina 3,Horizontal,TRIM26,19,68839,1.0,2.7425578468379013,14.526649137843373,True
primary,Retina 3,Horizontal,TRIOBP,19,68839,2.0,3.4029724145483145,29.053298275686746,True
primary,Retina 3,Horizontal,TSC22D2,19,68839,2.0,3.4029724145483145,29.053298275686746,True
primary,Retina 3,Horizontal,TTC28,19,68839,3.0,3.797284148359228,43.57994741353012,True
primary,Retina 3,Horizontal,TTLL5,19,68839,2.0,3.4029724145483145,29.053298275686746,True
primary,Retina 3,Horizontal,TXNDC8,19,68839,,,,False
primary,Retina 3,Horizontal,TXNRD2,19,68839,1.0,2.7425578468379013,14.526649137843373,True
primary,Retina 3,Horizontal,UTP11,19,68839,2.0,3.4029724145483145,29.053298275686746,True
primary,Retina 3,Horizontal,VARS2,19,68839,0.0,0.0,0.0,True
primary,Retina 3,Horizontal,VCAM1,19,68839,0.0,0.0,0.0,True
primary,Retina 3,Horizontal,WLS,19,68839,0.0,0.0,0.0,True
primary,Retina 3,Horizontal,WNT2B,19,68839,1.0,2.7425578468379013,14.526649137843373,True
primary,Retina 3,Horizontal,XRCC6P1,19,68839,,,,False
primary,Retina 3,Horizontal,XXbac-BPG170G13.32,19,68839,0.0,0.0,0.0,True
primary,Retina 3,Horizontal,XXbac-BPG283O16.9,19,68839,,,,False
primary,Retina 3,Horizontal,YAP1,19,68839,0.0,0.0,0.0,True
primary,Retina 3,Horizontal,YIF1A,19,68839,2.0,3.4029724145483145,29.053298275686746,True
primary,Retina 3,Horizontal,ZNF280D,19,68839,9.0,4.880829085706064,130.73984224059035,True
primary,Retina 3,Horizontal,ZNF638,19,68839,17.0,5.513239354615959,246.95303534333735,True
primary,Retina 3,Horizontal,ZNF638-IT1,19,68839,,,,False
primary,Retina 3,RGC,DGKG,180,424450,2.0,1.7425657603399505,4.711980209683119,True
primary,Retina 3,RGC,SLC2A12,180,424450,2.0,1.7425657603399505,4.711980209683119,True
primary,Retina 3,RGC,COL8A2,180,424450,0.0,0.0,0.0,True
primary,Retina 3,RGC,NPC2,180,424450,17.0,3.714835458101549,40.051831782306515,True
primary,Retina 3,RGC,PSMC3,180,424450,53.0,4.835229572144577,124.86747555660266,True
primary,Retina 3,RGC,RP11-466F5.8,180,424450,0.0,0.0,0.0,True
primary,Retina 3,RGC,LPP,180,424450,5.0,2.5478775775966525,11.779950524207798,True
primary,Retina 3,RGC,RP11-121M22.1,180,424450,1.0,1.2107468401028656,2.3559901048415597,True
primary,Retina 3,RGC,ABO,180,424450,1.0,1.2107468401028656,2.3559901048415597,True
primary,Retina 3,RGC,ADAMTS8,180,424450,1.0,1.2107468401028656,2.3559901048415597,True
primary,Retina 3,RGC,CALD1,180,424450,38.0,4.505655041522461,89.52762398397927,True
primary,Retina 3,RGC,CHEK2,180,424450,0.0,0.0,0.0,True
primary,Retina 3,RGC,GAS7,180,424450,53.0,4.835229572144577,124.86747555660266,True
primary,Retina 3,RGC,LMX1B,180,424450,,,,False
primary,Retina 3,RGC,TCF12,180,424450,9.0,3.1002684419918243,21.203910943574037,True
primary,Retina 3,RGC,TMCO1,180,424450,39.0,4.531347248010954,91.88361408882082,True
primary,Retina 3,RGC,TRIB2,180,424450,18.0,3.7706396526817496,42.407821887148074,True
primary,Retina 3,RGC,AC000078.5,180,424450,,,,False
primary,Retina 3,RGC,AC002066.1,180,424450,,,,False
primary,Retina 3,RGC,AC012066.1,180,424450,,,,False
primary,Retina 3,RGC,AC091132.1,180,424450,,,,False
primary,Retina 3,RGC,ACBD4,180,424450,14.0,3.5258857492158566,32.983861467781836,True
primary,Retina 3,RGC,AFAP1,180,424450,2.0,1.7425657603399505,4.711980209683119,True
primary,Retina 3,RGC,ALDH2,180,424450,17.0,3.714835458101549,40.051831782306515,True
primary,Retina 3,RGC,AP003068.23,180,424450,2.0,1.7425657603399505,4.711980209683119,True
primary,Retina 3,RGC,AP5B1,180,424450,3.0,2.0879019406757613,7.067970314524679,True
primary,Retina 3,RGC,AREL1,180,424450,2.0,1.7425657603399505,4.711980209683119,True
primary,Retina 3,RGC,ARHGAP27,180,424450,3.0,2.0879019406757613,7.067970314524679,True
primary,Retina 3,RGC,ARHGEF12,180,424450,49.0,4.757406306821251,115.44351513723642,True
primary,Retina 3,RGC,ARL17A,180,424450,3.0,2.0879019406757613,7.067970314524679,True
primary,Retina 3,RGC,ATP5J,180,424450,297.0,6.552121308953358,699.7290611379432,True
primary,Retina 3,RGC,BICC1,180,424450,2.0,1.7425657603399505,4.711980209683119,True
primary,Retina 3,RGC,BORA,180,424450,0.0,0.0,0.0,True
primary,Retina 3,RGC,C1orf109,180,424450,9.0,3.1002684419918243,21.203910943574037,True
primary,Retina 3,RGC,C1orf122,180,424450,119.0,5.6396450196627015,280.3628224761456,True
primary,Retina 3,RGC,C22orf29,180,424450,8.0,2.9880992580065198,18.847920838732477,True
primary,Retina 3,RGC,C6orf15,180,424450,,,,False
primary,Retina 3,RGC,CADM1,180,424450,73.0,5.153218052218085,171.98727765343386,True
primary,Retina 3,RGC,CADM2,180,424450,148.0,5.857037140372827,348.6865355165508,True
primary,Retina 3,RGC,CAV2,180,424450,13.0,3.454038737011219,30.627871362940276,True
primary,Retina 3,RGC,CCDC117,180,424450,10.0,3.201115074297519,23.559901048415597,True
primary,Retina 3,RGC,CDC14A,180,424450,0.0,0.0,0.0,True
primary,Retina 3,RGC,CDKN2A,180,424450,0.0,0.0,0.0,True
primary,Retina 3,RGC,CDKN2B-AS1,180,424450,0.0,0.0,0.0,True
primary,Retina 3,RGC,CELF1,180,424450,48.0,4.736965917256973,113.08752503239486,True
primary,Retina 3,RGC,CLIC5,180,424450,0.0,0.0,0.0,True
primary,Retina 3,RGC,CMB9-22P13.1,180,424450,,,,False
primary,Retina 3,RGC,COL11A1,180,424450,17.0,3.714835458101549,40.051831782306515,True
primary,Retina 3,RGC,CRHR1,180,424450,0.0,0.0,0.0,True
primary,Retina 3,RGC,CTA-292E10.6,180,424450,3.0,2.0879019406757613,7.067970314524679,True
primary,Retina 3,RGC,CTB-39G8.3,180,424450,,,,False
primary,Retina 3,RGC,CTD-2005H7.1,180,424450,0.0,0.0,0.0,True
primary,Retina 3,RGC,CTD-2020K17.1,180,424450,2.0,1.7425657603399505,4.711980209683119,True
primary,Retina 3,RGC,CTD-2020K17.3,180,424450,8.0,2.9880992580065198,18.847920838732477,True
primary,Retina 3,RGC,CTTNBP2,180,424450,23.0,4.010741414458105,54.18777241135587,True
primary,Retina 3,RGC,DDX39BP2,180,424450,,,,False
primary,Retina 3,RGC,DIO1,180,424450,,,,False
primary,Retina 3,RGC,DND1P1,180,424450,,,,False
primary,Retina 3,RGC,DYSF,180,424450,0.0,0.0,0.0,True
primary,Retina 3,RGC,EFCAB13,180,424450,2.0,1.7425657603399505,4.711980209683119,True
primary,Retina 3,RGC,EFEMP1,180,424450,0.0,0.0,0.0,True
primary,Retina 3,RGC,EHBP1L1,180,424450,2.0,1.7425657603399505,4.711980209683119,True
primary,Retina 3,RGC,FAM215B,180,424450,4.0,2.3441070427476296,9.423960419366239,True
primary,Retina 3,RGC,FAM83A,180,424450,,,,False
primary,Retina 3,RGC,FAM83A-AS1,180,424450,,,,False
primary,Retina 3,RGC,FAM89B,180,424450,9.0,3.1002684419918243,21.203910943574037,True
primary,Retina 3,RGC,FHL3,180,424450,1.0,1.2107468401028656,2.3559901048415597,True
primary,Retina 3,RGC,FLOT1,180,424450,52.0,4.816334151353238,122.5114854517611,True
primary,Retina 3,RGC,FLVCR2,180,424450,0.0,0.0,0.0,True
primary,Retina 3,RGC,FMNL1,180,424450,2.0,1.7425657603399505,4.711980209683119,True
primary,Retina 3,RGC,FNDC4,180,424450,32.0,4.335873833636299,75.39168335492991,True
primary,Retina 3,RGC,GALR3,180,424450,,,,False
primary,Retina 3,RGC,GCAT,180,424450,8.0,2.9880992580065198,18.847920838732477,True
primary,Retina 3,RGC,GLIS1,180,424450,0.0,0.0,0.0,True
primary,Retina 3,RGC,H1F0,180,424450,46.0,4.6947873259015935,108.37554482271175,True
primary,Retina 3,RGC,HCG4,180,424450,,,,False
primary,Retina 3,RGC,HCG4B,180,424450,,,,False
primary,Retina 3,RGC,HCG4P5,180,424450,,,,False
primary,Retina 3,RGC,HCG4P7,180,424450,,,,False
primary,Retina 3,RGC,HCG9,180,424450,0.0,0.0,0.0,True
primary,Retina 3,RGC,HCP5B,180,424450,1.0,1.2107468401028656,2.3559901048415597,True
primary,Retina 3,RGC,HECTD4,180,424450,18.0,3.7706396526817496,42.407821887148074,True
primary,Retina 3,RGC,HLA-A,180,424450,48.0,4.736965917256973,113.08752503239486,True
primary,Retina 3,RGC,HLA-C,180,424450,42.0,4.6046859127802025,98.9515844033455,True
primary,Retina 3,RGC,HLA-F,180,424450,3.0,2.0879019406757613,7.067970314524679,True
primary,Retina 3,RGC,HLA-F-AS1,180,424450,,,,False
primary,Retina 3,RGC,HLA-G,180,424450,0.0,0.0,0.0,True
primary,Retina 3,RGC,HLA-H,180,424450,,,,False
primary,Retina 3,RGC,HLA-J,180,424450,,,,False
primary,Retina 3,RGC,HLA-L,180,424450,,,,False
primary,Retina 3,RGC,HLA-T,180,424450,,,,False
primary,Retina 3,RGC,HLA-U,180,424450,,,,False
primary,Retina 3,RGC,HLA-V,180,424450,,,,False
primary,Retina 3,RGC,HLA-W,180,424450,,,,False
primary,Retina 3,RGC,HSCB,180,424450,10.0,3.201115074297519,23.559901048415597,True
primary,Retina 3,RGC,HTRA3,180,424450,0.0,0.0,0.0,True
primary,Retina 3,RGC,IFITM4P,180,424450,,,,False
primary,Retina 3,RGC,IFT172,180,424450,5.0,2.5478775775966525,11.779950524207798,True
primary,Retina 3,RGC,INPP5B,180,424450,3.0,2.0879019406757613,7.067970314524679,True
primary,Retina 3,RGC,ITGB3,180,424450,0.0,0.0,0.0,True
primary,Retina 3,RGC,KANSL1,180,424450,52.0,4.816334151353238,122.5114854517611,True
primary,Retina 3,RGC,KANSL1-AS1,180,424450,3.0,2.0879019406757613,7.067970314524679,True
primary,Retina 3,RGC,KHK,180,424450,10.0,3.201115074297519,23.559901048415597,True
primary,Retina 3,RGC,KLF5,180,424450,0.0,0.0,0.0,True
primary,Retina 3,RGC,KRT8P26,180,424450,,,,False
primary,Retina 3,RGC,LHPP,180,424450,13.0,3.454038737011219,30.627871362940276,True
primary,Retina 3,RGC,LINC01948,180,424450,0.0,0.0,0.0,True
primary,Retina 3,RGC,LINC02052,180,424450,,,,False
primary,Retina 3,RGC,LINC02210,180,424450,,,,False
primary,Retina 3,RGC,LMO4,180,424450,229.0,6.292534847202772,539.5217340087172,True
primary,Retina 3,RGC,LMO7,180,424450,3.0,2.0879019406757613,7.067970314524679,True
primary,Retina 3,RGC,LOXL1,180,424450,3.0,2.0879019406757613,7.067970314524679,True
primary,Retina 3,RGC,LOXL1-AS1,180,424450,2.0,1.7425657603399505,4.711980209683119,True
primary,Retina 3,RGC,LRRC37A,180,424450,5.0,2.5478775775966525,11.779950524207798,True
primary,Retina 3,RGC,LRRC37A17P,180,424450,,,,False
primary,Retina 3,RGC,LRRC37A2,180,424450,1.0,1.2107468401028656,2.3559901048415597,True
primary,Retina 3,RGC,LRRC37A4P,180,424450,,,,False
primary,Retina 3,RGC,LRWD1,180,424450,6.0,2.7170720898024476,14.135940629049358,True
primary,Retina 3,RGC,LTBP2,180,424450,0.0,0.0,0.0,True
primary,Retina 3,RGC,LTBP3,180,424450,10.0,3.201115074297519,23.559901048415597,True
primary,Retina 3,RGC,MADD,180,424450,26.0,4.131250783714393,61.25574272588055,True
primary,Retina 3,RGC,MAPK8IP1P1,180,424450,,,,False
primary,Retina 3,RGC,MAPK8IP1P2,180,424450,,,,False
primary,Retina 3,RGC,MAPT,180,424450,68.0,5.082691282694791,160.20732712922606,True
primary,Retina 3,RGC,MAPT-AS1,180,424450,4.0,2.3441070427476296,9.423960419366239,True
primary,Retina 3,RGC,MAPT-IT1,180,424450,,,,False
primary,Retina 3,RGC,ME3,180,424450,7.0,2.8617396736692298,16.491930733890918,True
primary,Retina 3,RGC,MICE,180,424450,,,,False
primary,Retina 3,RGC,MOV10,180,424450,2.0,1.7425657603399505,4.711980209683119,True
primary,Retina 3,RGC,MRPL33,180,424450,144.0,5.8297175992532875,339.2625750971846,True
primary,Retina 3,RGC,MTCH2,180,424450,26.0,4.131250783714393,61.25574272588055,True
primary,Retina 3,RGC,MVB12B,180,424450,4.0,2.3441070427476296,9.423960419366239,True
primary,Retina 3,RGC,Metazoa_SRP,180,424450,,,,False
primary,Retina 3,RGC,NEAT1,180,424450,278.0,6.486107813678049,654.9652491459536,True
primary,Retina 3,RGC,NMT1,180,424450,48.0,4.736965917256973,113.08752503239486,True
primary,Retina 3,RGC,NPEPPS,180,424450,47.0,4.7160989842931595,110.7315349275533,True
primary,Retina 3,RGC,NRBP1,180,424450,21.0,3.921493859007342,49.47579220167275,True
primary,Retina 3,RGC,NSF,180,424450,67.0,5.067968777578967,157.8513370243845,True
primary,Retina 3,RGC,NUCB2,180,424450,38.0,4.505655041522461,89.52762398397927,True
primary,Retina 3,RGC,NUDT7,180,424450,6.0,2.7170720898024476,14.135940629049358,True
primary,Retina 3,RGC,PDE6C,180,424450,1.0,1.2107468401028656,2.3559901048415597,True
primary,Retina 3,RGC,PGAM1P8,180,424450,,,,False
primary,Retina 3,RGC,PIBF1,180,424450,6.0,2.7170720898024476,14.135940629049358,True
primary,Retina 3,RGC,PIGC,180,424450,20.0,3.8736937783970897,47.119802096831194,True
primary,Retina 3,RGC,PKIB,180,424450,96.0,5.425720865961225,226.17505006478973,True
primary,Retina 3,RGC,PLCE1,180,424450,6.0,2.7170720898024476,14.135940629049358,True
primary,Retina 3,RGC,PLCE1-AS1,180,424450,,,,False
primary,Retina 3,RGC,PLEKHA7,180,424450,1.0,1.2107468401028656,2.3559901048415597,True
primary,Retina 3,RGC,PLEKHM1,180,424450,5.0,2.5478775775966525,11.779950524207798,True
primary,Retina 3,RGC,PPP1R18,180,424450,2.0,1.7425657603399505,4.711980209683119,True
primary,Retina 3,RGC,PRKCE,180,424450,9.0,3.1002684419918243,21.203910943574037,True
primary,Retina 3,RGC,PROX2,180,424450,,,,False
primary,Retina 3,RGC,PRSS23,180,424450,0.0,0.0,0.0,True
primary,Retina 3,RGC,PSORS1C3,180,424450,,,,False
primary,Retina 3,RGC,RAPSN,180,424450,0.0,0.0,0.0,True
primary,Retina 3,RGC,RERE,180,424450,58.0,4.924695532400424,136.64742608081045,True
primary,Retina 3,RGC,RIC8B,180,424450,16.0,3.6557321440678465,37.695841677464955,True
primary,Retina 3,RGC,RORA,180,424450,56.0,4.889863641001883,131.93544587112734,True
primary,Retina 3,RGC,RP11-123K19.1,180,424450,,,,False
primary,Retina 3,RGC,RP11-136H19.1,180,424450,,,,False
primary,Retina 3,RGC,RP11-149I2.4,180,424450,,,,False
primary,Retina 3,RGC,RP11-162I7.1,180,424450,,,,False
primary,Retina 3,RGC,RP11-17G12.2,180,424450,,,,False
primary,Retina 3,RGC,RP11-205K6.1,180,424450,,,,False
primary,Retina 3,RGC,RP11-217B7.2,180,424450,0.0,0.0,0.0,True
primary,Retina 3,RGC,RP11-259A24.1,180,424450,,,,False
primary,Retina 3,RGC,RP11-259G18.1,180,424450,,,,False
primary,Retina 3,RGC,RP11-259G18.3,180,424450,,,,False
primary,Retina 3,RGC,RP11-293E1.1,180,424450,,,,False
primary,Retina 3,RGC,RP11-293E1.2,180,424450,,,,False
primary,Retina 3,RGC,RP11-302L19.3,180,424450,0.0,0.0,0.0,True
primary,Retina 3,RGC,RP11-403A3.3,180,424450,1.0,1.2107468401028656,2.3559901048415597,True
primary,Retina 3,RGC,RP11-412D9.4,180,424450,4.0,2.3441070427476296,9.423960419366239,True
primary,Retina 3,RGC,RP11-507B12.1,180,424450,,,,False
primary,Retina 3,RGC,RP11-507B12.2,180,424450,0.0,0.0,0.0,True
primary,Retina 3,RGC,RP11-669E14.6,180,424450,1.0,1.2107468401028656,2.3559901048415597,True
primary,Retina 3,RGC,RP11-707O23.1,180,424450,,,,False
primary,Retina 3,RGC,RP11-750H9.5,180,424450,,,,False
primary,Retina 3,RGC,RP11-755F10.1,180,424450,1.0,1.2107468401028656,2.3559901048415597,True
primary,Retina 3,RGC,RP11-762L8.6,180,424450,,,,False
primary,Retina 3,RGC,RP11-770G2.2,180,424450,,,,False
primary,Retina 3,RGC,RP11-798G7.6,180,424450,0.0,0.0,0.0,True
primary,Retina 3,RGC,RP11-798G7.8,180,424450,,,,False
primary,Retina 3,RGC,RP5-1115A15.1,180,424450,0.0,0.0,0.0,True
primary,Retina 3,RGC,RPS26P8,180,424450,,,,False
primary,Retina 3,RGC,SCRN2,180,424450,11.0,3.292716861375896,25.915891153257157,True
primary,Retina 3,RGC,SEMA3E,180,424450,4.0,2.3441070427476296,9.423960419366239,True
primary,Retina 3,RGC,SEPT7,180,424450,215.0,6.229571333828008,506.5378725409353,True
primary,Retina 3,RGC,SF3A3,180,424450,12.0,3.376627371207541,28.271881258098716,True
primary,Retina 3,RGC,SFTA1P,180,424450,0.0,0.0,0.0,True
primary,Retina 3,RGC,SGSM2,180,424450,9.0,3.1002684419918243,21.203910943574037,True
primary,Retina 3,RGC,SLC25A45,180,424450,2.0,1.7425657603399505,4.711980209683119,True
primary,Retina 3,RGC,SLC39A13,180,424450,7.0,2.8617396736692298,16.491930733890918,True
primary,Retina 3,RGC,SMAD6,180,424450,0.0,0.0,0.0,True
primary,Retina 3,RGC,SNORD14A,180,424450,,,,False
primary,Retina 3,RGC,SSSCA1-AS1,180,424450,,,,False
primary,Retina 3,RGC,TARID,180,424450,0.0,0.0,0.0,True
primary,Retina 3,RGC,TBC1D31,180,424450,3.0,2.0879019406757613,7.067970314524679,True
primary,Retina 3,RGC,TBKBP1,180,424450,3.0,2.0879019406757613,7.067970314524679,True
primary,Retina 3,RGC,TBPL1,180,424450,29.0,4.238787027181026,68.32371304040522,True
primary,Retina 3,RGC,TGFB3,180,424450,0.0,0.0,0.0,True
primary,Retina 3,RGC,THCAT158,180,424450,0.0,0.0,0.0,True
primary,Retina 3,RGC,THSD7A,180,424450,26.0,4.131250783714393,61.25574272588055,True
primary,Retina 3,RGC,TIGD3,180,424450,3.0,2.0879019406757613,7.067970314524679,True
primary,Retina 3,RGC,TMEM116,180,424450,2.0,1.7425657603399505,4.711980209683119,True
primary,Retina 3,RGC,TMEM136,180,424450,11.0,3.292716861375896,25.915891153257157,True
primary,Retina 3,RGC,TMEM181,180,424450,8.0,2.9880992580065198,18.847920838732477,True
primary,Retina 3,RGC,TMEM263,180,424450,18.0,3.7706396526817496,42.407821887148074,True
primary,Retina 3,RGC,TRIM26,180,424450,5.0,2.5478775775966525,11.779950524207798,True
primary,Retina 3,RGC,TRIOBP,180,424450,3.0,2.0879019406757613,7.067970314524679,True
primary,Retina 3,RGC,TSC22D2,180,424450,9.0,3.1002684419918243,21.203910943574037,True
primary,Retina 3,RGC,TTC28,180,424450,18.0,3.7706396526817496,42.407821887148074,True
primary,Retina 3,RGC,TTLL5,180,424450,5.0,2.5478775775966525,11.779950524207798,True
primary,Retina 3,RGC,TXNDC8,180,424450,,,,False
primary,Retina 3,RGC,TXNRD2,180,424450,6.0,2.7170720898024476,14.135940629049358,True
primary,Retina 3,RGC,UTP11,180,424450,16.0,3.6557321440678465,37.695841677464955,True
primary,Retina 3,RGC,VARS2,180,424450,6.0,2.7170720898024476,14.135940629049358,True
primary,Retina 3,RGC,VCAM1,180,424450,0.0,0.0,0.0,True
primary,Retina 3,RGC,WLS,180,424450,7.0,2.8617396736692298,16.491930733890918,True
primary,Retina 3,RGC,WNT2B,180,424450,2.0,1.7425657603399505,4.711980209683119,True
primary,Retina 3,RGC,XRCC6P1,180,424450,,,,False
primary,Retina 3,RGC,XXbac-BPG170G13.32,180,424450,0.0,0.0,0.0,True
primary,Retina 3,RGC,XXbac-BPG283O16.9,180,424450,,,,False
primary,Retina 3,RGC,YAP1,180,424450,0.0,0.0,0.0,True
primary,Retina 3,RGC,YIF1A,180,424450,12.0,3.376627371207541,28.271881258098716,True
primary,Retina 3,RGC,ZNF280D,180,424450,28.0,4.204210756083095,65.96772293556367,True
primary,Retina 3,RGC,ZNF638,180,424450,62.0,4.990918091352497,146.0713865001767,True
primary,Retina 3,RGC,ZNF638-IT1,180,424450,,,,False
primary,Retina 3,Muller glia,DGKG,179,453474,3.0,2.0301980238581363,6.615594278834068,True
primary,Retina 3,Muller glia,SLC2A12,179,453474,4.0,2.2845018087016493,8.820792371778756,True
primary,Retina 3,Muller glia,COL8A2,179,453474,0.0,0.0,0.0,True
primary,Retina 3,Muller glia,NPC2,179,453474,93.0,5.328281051104237,205.0834226438561,True
primary,Retina 3,Muller glia,PSMC3,179,453474,46.0,4.629268595493851,101.4391122754557,True
primary,Retina 3,Muller glia,RP11-466F5.8,179,453474,0.0,0.0,0.0,True
primary,Retina 3,Muller glia,LPP,179,453474,15.0,3.528651175370497,33.07797139417034,True
primary,Retina 3,Muller glia,RP11-121M22.1,179,453474,1.0,1.1647738959336722,2.205198092944689,True
primary,Retina 3,Muller glia,ABO,179,453474,0.0,0.0,0.0,True
primary,Retina 3,Muller glia,ADAMTS8,179,453474,0.0,0.0,0.0,True
primary,Retina 3,Muller glia,CALD1,179,453474,69.0,5.031474432481352,152.15866841318356,True
primary,Retina 3,Muller glia,CHEK2,179,453474,0.0,0.0,0.0,True
primary,Retina 3,Muller glia,GAS7,179,453474,11.0,3.2291104330292244,24.257179022391583,True
primary,Retina 3,Muller glia,LMX1B,179,453474,,,,False
primary,Retina 3,Muller glia,TCF12,179,453474,20.0,3.808970088745596,44.10396185889378,True
primary,Retina 3,Muller glia,TMCO1,179,453474,192.0,6.050671773942528,423.3980338453803,True
primary,Retina 3,Muller glia,TRIB2,179,453474,37.0,4.413916812279623,81.5923294389535,True
primary,Retina 3,Muller glia,AC000078.5,179,453474,,,,False
primary,Retina 3,Muller glia,AC002066.1,179,453474,,,,False
primary,Retina 3,Muller glia,AC012066.1,179,453474,,,,False
primary,Retina 3,Muller glia,AC091132.1,179,453474,,,,False
primary,Retina 3,Muller glia,ACBD4,179,453474,16.0,3.5913539832589807,35.283169487115025,True
primary,Retina 3,Muller glia,AFAP1,179,453474,5.0,2.487070179728608,11.025990464723446,True
primary,Retina 3,Muller glia,ALDH2,179,453474,45.0,4.607506596279762,99.23391418251101,True
primary,Retina 3,Muller glia,AP003068.23,179,453474,2.0,1.6883223223192618,4.410396185889378,True
primary,Retina 3,Muller glia,AP5B1,179,453474,3.0,2.0301980238581363,6.615594278834068,True
primary,Retina 3,Muller glia,AREL1,179,453474,2.0,1.6883223223192618,4.410396185889378,True
primary,Retina 3,Muller glia,ARHGAP27,179,453474,0.0,0.0,0.0,True
primary,Retina 3,Muller glia,ARHGEF12,179,453474,26.0,4.066204834768458,57.33515041656192,True
primary,Retina 3,Muller glia,ARL17A,179,453474,10.0,3.137751706289976,22.05198092944689,True
primary,Retina 3,Muller glia,ATP5J,179,453474,163.0,5.887345730084297,359.44728914998433,True
primary,Retina 3,Muller glia,BICC1,179,453474,12.0,3.312816963065716,26.46237711533627,True
primary,Retina 3,Muller glia,BORA,179,453474,2.0,1.6883223223192618,4.410396185889378,True
primary,Retina 3,Muller glia,C1orf109,179,453474,4.0,2.2845018087016493,8.820792371778756,True
primary,Retina 3,Muller glia,C1orf122,179,453474,77.0,5.1404947635356955,169.80025315674106,True
primary,Retina 3,Muller glia,C22orf29,179,453474,2.0,1.6883223223192618,4.410396185889378,True
primary,Retina 3,Muller glia,C6orf15,179,453474,,,,False
primary,Retina 3,Muller glia,CADM1,179,453474,194.0,6.061010269151194,427.8084300312697,True
primary,Retina 3,Muller glia,CADM2,179,453474,83.0,5.215106621893511,183.0314417144092,True
primary,Retina 3,Muller glia,CAV2,179,453474,81.0,5.190849329005953,178.62104552851983,True
primary,Retina 3,Muller glia,CCDC117,179,453474,6.0,2.6554359333971855,13.231188557668135,True
primary,Retina 3,Muller glia,CDC14A,179,453474,11.0,3.2291104330292244,24.257179022391583,True
primary,Retina 3,Muller glia,CDKN2A,179,453474,1.0,1.1647738959336722,2.205198092944689,True
primary,Retina 3,Muller glia,CDKN2B-AS1,179,453474,0.0,0.0,0.0,True
primary,Retina 3,Muller glia,CELF1,179,453474,28.0,4.139087605014506,61.7455466024513,True
primary,Retina 3,Muller glia,CLIC5,179,453474,25.0,4.0276695795615725,55.12995232361723,True
primary,Retina 3,Muller glia,CMB9-22P13.1,179,453474,,,,False
primary,Retina 3,Muller glia,COL11A1,179,453474,26.0,4.066204834768458,57.33515041656192,True
primary,Retina 3,Muller glia,CRHR1,179,453474,0.0,0.0,0.0,True
primary,Retina 3,Muller glia,CTA-292E10.6,179,453474,3.0,2.0301980238581363,6.615594278834068,True
primary,Retina 3,Muller glia,CTB-39G8.3,179,453474,,,,False
primary,Retina 3,Muller glia,CTD-2005H7.1,179,453474,0.0,0.0,0.0,True
primary,Retina 3,Muller glia,CTD-2020K17.1,179,453474,1.0,1.1647738959336722,2.205198092944689,True
primary,Retina 3,Muller glia,CTD-2020K17.3,179,453474,1.0,1.1647738959336722,2.205198092944689,True
primary,Retina 3,Muller glia,CTTNBP2,179,453474,48.0,4.671421381486397,105.84950846134508,True
primary,Retina 3,Muller glia,DDX39BP2,179,453474,,,,False
primary,Retina 3,Muller glia,DIO1,179,453474,,,,False
primary,Retina 3,Muller glia,DND1P1,179,453474,,,,False
primary,Retina 3,Muller glia,DYSF,179,453474,1.0,1.1647738959336722,2.205198092944689,True
primary,Retina 3,Muller glia,EFCAB13,179,453474,0.0,0.0,0.0,True
primary,Retina 3,Muller glia,EFEMP1,179,453474,40.0,4.4909698665576325,88.20792371778757,True
primary,Retina 3,Muller glia,EHBP1L1,179,453474,1.0,1.1647738959336722,2.205198092944689,True
primary,Retina 3,Muller glia,FAM215B,179,453474,10.0,3.137751706289976,22.05198092944689,True
primary,Retina 3,Muller glia,FAM83A,179,453474,,,,False
primary,Retina 3,Muller glia,FAM83A-AS1,179,453474,,,,False
primary,Retina 3,Muller glia,FAM89B,179,453474,1.0,1.1647738959336722,2.205198092944689,True
primary,Retina 3,Muller glia,FHL3,179,453474,1.0,1.1647738959336722,2.205198092944689,True
primary,Retina 3,Muller glia,FLOT1,179,453474,29.0,4.173629208722872,63.95074469539599,True
primary,Retina 3,Muller glia,FLVCR2,179,453474,0.0,0.0,0.0,True
primary,Retina 3,Muller glia,FMNL1,179,453474,1.0,1.1647738959336722,2.205198092944689,True
primary,Retina 3,Muller glia,FNDC4,179,453474,10.0,3.137751706289976,22.05198092944689,True
primary,Retina 3,Muller glia,GALR3,179,453474,,,,False
primary,Retina 3,Muller glia,GCAT,179,453474,9.0,3.0371996359317097,19.846782836502204,True
primary,Retina 3,Muller glia,GLIS1,179,453474,1.0,1.1647738959336722,2.205198092944689,True
primary,Retina 3,Muller glia,H1F0,179,453474,55.0,4.806361705804617,121.28589511195791,True
primary,Retina 3,Muller glia,HCG4,179,453474,,,,False
primary,Retina 3,Muller glia,HCG4B,179,453474,,,,False
primary,Retina 3,Muller glia,HCG4P5,179,453474,,,,False
primary,Retina 3,Muller glia,HCG4P7,179,453474,,,,False
primary,Retina 3,Muller glia,HCG9,179,453474,0.0,0.0,0.0,True
primary,Retina 3,Muller glia,HCP5B,179,453474,0.0,0.0,0.0,True
primary,Retina 3,Muller glia,HECTD4,179,453474,8.0,2.9253948240747802,17.641584743557512,True
primary,Retina 3,Muller glia,HLA-A,179,453474,98.0,5.380401434344019,216.10941310857953,True
primary,Retina 3,Muller glia,HLA-C,179,453474,119.0,5.573744299581124,262.418573060418,True
primary,Retina 3,Muller glia,HLA-F,179,453474,3.0,2.0301980238581363,6.615594278834068,True
primary,Retina 3,Muller glia,HLA-F-AS1,179,453474,,,,False
primary,Retina 3,Muller glia,HLA-G,179,453474,0.0,0.0,0.0,True
primary,Retina 3,Muller glia,HLA-H,179,453474,,,,False
primary,Retina 3,Muller glia,HLA-J,179,453474,,,,False
primary,Retina 3,Muller glia,HLA-L,179,453474,,,,False
primary,Retina 3,Muller glia,HLA-T,179,453474,,,,False
primary,Retina 3,Muller glia,HLA-U,179,453474,,,,False
primary,Retina 3,Muller glia,HLA-V,179,453474,,,,False
primary,Retina 3,Muller glia,HLA-W,179,453474,,,,False
primary,Retina 3,Muller glia,HSCB,179,453474,16.0,3.5913539832589807,35.283169487115025,True
primary,Retina 3,Muller glia,HTRA3,179,453474,0.0,0.0,0.0,True
primary,Retina 3,Muller glia,IFITM4P,179,453474,,,,False
primary,Retina 3,Muller glia,IFT172,179,453474,9.0,3.0371996359317097,19.846782836502204,True
primary,Retina 3,Muller glia,INPP5B,179,453474,6.0,2.6554359333971855,13.231188557668135,True
primary,Retina 3,Muller glia,ITGB3,179,453474,0.0,0.0,0.0,True
primary,Retina 3,Muller glia,KANSL1,179,453474,46.0,4.629268595493851,101.4391122754557,True
primary,Retina 3,Muller glia,KANSL1-AS1,179,453474,2.0,1.6883223223192618,4.410396185889378,True
primary,Retina 3,Muller glia,KHK,179,453474,6.0,2.6554359333971855,13.231188557668135,True
primary,Retina 3,Muller glia,KLF5,179,453474,0.0,0.0,0.0,True
primary,Retina 3,Muller glia,KRT8P26,179,453474,,,,False
primary,Retina 3,Muller glia,LHPP,179,453474,9.0,3.0371996359317097,19.846782836502204,True
primary,Retina 3,Muller glia,LINC01948,179,453474,0.0,0.0,0.0,True
primary,Retina 3,Muller glia,LINC02052,179,453474,,,,False
primary,Retina 3,Muller glia,LINC02210,179,453474,,,,False
primary,Retina 3,Muller glia,LMO4,179,453474,48.0,4.671421381486397,105.84950846134508,True
primary,Retina 3,Muller glia,LMO7,179,453474,3.0,2.0301980238581363,6.615594278834068,True
primary,Retina 3,Muller glia,LOXL1,179,453474,3.0,2.0301980238581363,6.615594278834068,True
primary,Retina 3,Muller glia,LOXL1-AS1,179,453474,1.0,1.1647738959336722,2.205198092944689,True
primary,Retina 3,Muller glia,LRRC37A,179,453474,0.0,0.0,0.0,True
primary,Retina 3,Muller glia,LRRC37A17P,179,453474,,,,False
primary,Retina 3,Muller glia,LRRC37A2,179,453474,2.0,1.6883223223192618,4.410396185889378,True
primary,Retina 3,Muller glia,LRRC37A4P,179,453474,,,,False
primary,Retina 3,Muller glia,LRWD1,179,453474,8.0,2.9253948240747802,17.641584743557512,True
primary,Retina 3,Muller glia,LTBP2,179,453474,0.0,0.0,0.0,True
primary,Retina 3,Muller glia,LTBP3,179,453474,18.0,3.706069988378386,39.69356567300441,True
primary,Retina 3,Muller glia,MADD,179,453474,6.0,2.6554359333971855,13.231188557668135,True
primary,Retina 3,Muller glia,MAPK8IP1P1,179,453474,,,,False
primary,Retina 3,Muller glia,MAPK8IP1P2,179,453474,,,,False
primary,Retina 3,Muller glia,MAPT,179,453474,65.0,4.972156912567071,143.3378760414048,True
primary,Retina 3,Muller glia,MAPT-AS1,179,453474,4.0,2.2845018087016493,8.820792371778756,True
primary,Retina 3,Muller glia,MAPT-IT1,179,453474,,,,False
primary,Retina 3,Muller glia,ME3,179,453474,7.0,2.799497575361939,15.436386650612825,True
primary,Retina 3,Muller glia,MICE,179,453474,,,,False
primary,Retina 3,Muller glia,MOV10,179,453474,8.0,2.9253948240747802,17.641584743557512,True
primary,Retina 3,Muller glia,MRPL33,179,453474,106.0,5.458525368780667,233.75099785213706,True
primary,Retina 3,Muller glia,MTCH2,179,453474,23.0,3.9458359718430076,50.71955613772785,True
primary,Retina 3,Muller glia,MVB12B,179,453474,5.0,2.487070179728608,11.025990464723446,True
primary,Retina 3,Muller glia,Metazoa_SRP,179,453474,,,,False
primary,Retina 3,Muller glia,NEAT1,179,453474,373.0,6.713610772143701,822.538888668369,True
primary,Retina 3,Muller glia,NMT1,179,453474,49.0,4.6918496513154615,108.05470655428977,True
primary,Retina 3,Muller glia,NPEPPS,179,453474,31.0,4.239326781029127,68.36114088128537,True
primary,Retina 3,Muller glia,NRBP1,179,453474,22.0,3.902262689025709,48.514358044783165,True
primary,Retina 3,Muller glia,NSF,179,453474,18.0,3.706069988378386,39.69356567300441,True
primary,Retina 3,Muller glia,NUCB2,179,453474,47.0,4.650567079219073,103.6443103684004,True
primary,Retina 3,Muller glia,NUDT7,179,453474,27.0,4.103310060258645,59.54034850950661,True
primary,Retina 3,Muller glia,PDE6C,179,453474,0.0,0.0,0.0,True
primary,Retina 3,Muller glia,PGAM1P8,179,453474,,,,False
primary,Retina 3,Muller glia,PIBF1,179,453474,10.0,3.137751706289976,22.05198092944689,True
primary,Retina 3,Muller glia,PIGC,179,453474,11.0,3.2291104330292244,24.257179022391583,True
primary,Retina 3,Muller glia,PKIB,179,453474,17.0,3.650356054862348,37.488367580059716,True
primary,Retina 3,Muller glia,PLCE1,179,453474,27.0,4.103310060258645,59.54034850950661,True
primary,Retina 3,Muller glia,PLCE1-AS1,179,453474,,,,False
primary,Retina 3,Muller glia,PLEKHA7,179,453474,5.0,2.487070179728608,11.025990464723446,True
primary,Retina 3,Muller glia,PLEKHM1,179,453474,5.0,2.487070179728608,11.025990464723446,True
primary,Retina 3,Muller glia,PPP1R18,179,453474,1.0,1.1647738959336722,2.205198092944689,True
primary,Retina 3,Muller glia,PRKCE,179,453474,6.0,2.6554359333971855,13.231188557668135,True
primary,Retina 3,Muller glia,PROX2,179,453474,,,,False
primary,Retina 3,Muller glia,PRSS23,179,453474,0.0,0.0,0.0,True
primary,Retina 3,Muller glia,PSORS1C3,179,453474,,,,False
primary,Retina 3,Muller glia,RAPSN,179,453474,0.0,0.0,0.0,True
primary,Retina 3,Muller glia,RERE,179,453474,39.0,4.465939447185023,86.00272562484288,True
primary,Retina 3,Muller glia,RIC8B,179,453474,10.0,3.137751706289976,22.05198092944689,True
primary,Retina 3,Muller glia,RORA,179,453474,71.0,5.059863867541235,156.56906459907293,True
primary,Retina 3,Muller glia,RP11-123K19.1,179,453474,,,,False
primary,Retina 3,Muller glia,RP11-136H19.1,179,453474,,,,False
primary,Retina 3,Muller glia,RP11-149I2.4,179,453474,,,,False
primary,Retina 3,Muller glia,RP11-162I7.1,179,453474,,,,False
primary,Retina 3,Muller glia,RP11-17G12.2,179,453474,,,,False
primary,Retina 3,Muller glia,RP11-205K6.1,179,453474,,,,False
primary,Retina 3,Muller glia,RP11-217B7.2,179,453474,0.0,0.0,0.0,True
primary,Retina 3,Muller glia,RP11-259A24.1,179,453474,,,,False
primary,Retina 3,Muller glia,RP11-259G18.1,179,453474,,,,False
primary,Retina 3,Muller glia,RP11-259G18.3,179,453474,,,,False
primary,Retina 3,Muller glia,RP11-293E1.1,179,453474,,,,False
primary,Retina 3,Muller glia,RP11-293E1.2,179,453474,,,,False
primary,Retina 3,Muller glia,RP11-302L19.3,179,453474,0.0,0.0,0.0,True
primary,Retina 3,Muller glia,RP11-403A3.3,179,453474,0.0,0.0,0.0,True
primary,Retina 3,Muller glia,RP11-412D9.4,179,453474,8.0,2.9253948240747802,17.641584743557512,True
primary,Retina 3,Muller glia,RP11-507B12.1,179,453474,,,,False
primary,Retina 3,Muller glia,RP11-507B12.2,179,453474,0.0,0.0,0.0,True
primary,Retina 3,Muller glia,RP11-669E14.6,179,453474,0.0,0.0,0.0,True
primary,Retina 3,Muller glia,RP11-707O23.1,179,453474,,,,False
primary,Retina 3,Muller glia,RP11-750H9.5,179,453474,,,,False
primary,Retina 3,Muller glia,RP11-755F10.1,179,453474,0.0,0.0,0.0,True
primary,Retina 3,Muller glia,RP11-762L8.6,179,453474,,,,False
primary,Retina 3,Muller glia,RP11-770G2.2,179,453474,,,,False
primary,Retina 3,Muller glia,RP11-798G7.6,179,453474,0.0,0.0,0.0,True
primary,Retina 3,Muller glia,RP11-798G7.8,179,453474,,,,False
primary,Retina 3,Muller glia,RP5-1115A15.1,179,453474,0.0,0.0,0.0,True
primary,Retina 3,Muller glia,RPS26P8,179,453474,,,,False
primary,Retina 3,Muller glia,SCRN2,179,453474,17.0,3.650356054862348,37.488367580059716,True
primary,Retina 3,Muller glia,SEMA3E,179,453474,18.0,3.706069988378386,39.69356567300441,True
primary,Retina 3,Muller glia,SEPT7,179,453474,166.0,5.905533177869472,366.0628834288184,True
primary,Retina 3,Muller glia,SF3A3,179,453474,10.0,3.137751706289976,22.05198092944689,True
primary,Retina 3,Muller glia,SFTA1P,179,453474,0.0,0.0,0.0,True
primary,Retina 3,Muller glia,SGSM2,179,453474,7.0,2.799497575361939,15.436386650612825,True
primary,Retina 3,Muller glia,SLC25A45,179,453474,4.0,2.2845018087016493,8.820792371778756,True
primary,Retina 3,Muller glia,SLC39A13,179,453474,13.0,3.390054705593329,28.66757520828096,True
primary,Retina 3,Muller glia,SMAD6,179,453474,5.0,2.487070179728608,11.025990464723446,True
primary,Retina 3,Muller glia,SNORD14A,179,453474,,,,False
primary,Retina 3,Muller glia,SSSCA1-AS1,179,453474,,,,False
primary,Retina 3,Muller glia,TARID,179,453474,0.0,0.0,0.0,True
primary,Retina 3,Muller glia,TBC1D31,179,453474,3.0,2.0301980238581363,6.615594278834068,True
primary,Retina 3,Muller glia,TBKBP1,179,453474,3.0,2.0301980238581363,6.615594278834068,True
primary,Retina 3,Muller glia,TBPL1,179,453474,18.0,3.706069988378386,39.69356567300441,True
primary,Retina 3,Muller glia,TGFB3,179,453474,1.0,1.1647738959336722,2.205198092944689,True
primary,Retina 3,Muller glia,THCAT158,179,453474,0.0,0.0,0.0,True
primary,Retina 3,Muller glia,THSD7A,179,453474,23.0,3.9458359718430076,50.71955613772785,True
primary,Retina 3,Muller glia,TIGD3,179,453474,0.0,0.0,0.0,True
primary,Retina 3,Muller glia,TMEM116,179,453474,9.0,3.0371996359317097,19.846782836502204,True
primary,Retina 3,Muller glia,TMEM136,179,453474,14.0,3.461752143822011,30.87277330122565,True
primary,Retina 3,Muller glia,TMEM181,179,453474,3.0,2.0301980238581363,6.615594278834068,True
primary,Retina 3,Muller glia,TMEM263,179,453474,25.0,4.0276695795615725,55.12995232361723,True
primary,Retina 3,Muller glia,TRIM26,179,453474,5.0,2.487070179728608,11.025990464723446,True
primary,Retina 3,Muller glia,TRIOBP,179,453474,8.0,2.9253948240747802,17.641584743557512,True
primary,Retina 3,Muller glia,TSC22D2,179,453474,20.0,3.808970088745596,44.10396185889378,True
primary,Retina 3,Muller glia,TTC28,179,453474,11.0,3.2291104330292244,24.257179022391583,True
primary,Retina 3,Muller glia,TTLL5,179,453474,5.0,2.487070179728608,11.025990464723446,True
primary,Retina 3,Muller glia,TXNDC8,179,453474,,,,False
primary,Retina 3,Muller glia,TXNRD2,179,453474,8.0,2.9253948240747802,17.641584743557512,True
primary,Retina 3,Muller glia,UTP11,179,453474,9.0,3.0371996359317097,19.846782836502204,True
primary,Retina 3,Muller glia,VARS2,179,453474,4.0,2.2845018087016493,8.820792371778756,True
primary,Retina 3,Muller glia,VCAM1,179,453474,2.0,1.6883223223192618,4.410396185889378,True
primary,Retina 3,Muller glia,WLS,179,453474,8.0,2.9253948240747802,17.641584743557512,True
primary,Retina 3,Muller glia,WNT2B,179,453474,17.0,3.650356054862348,37.488367580059716,True
primary,Retina 3,Muller glia,XRCC6P1,179,453474,,,,False
primary,Retina 3,Muller glia,XXbac-BPG170G13.32,179,453474,1.0,1.1647738959336722,2.205198092944689,True
primary,Retina 3,Muller glia,XXbac-BPG283O16.9,179,453474,,,,False
primary,Retina 3,Muller glia,YAP1,179,453474,13.0,3.390054705593329,28.66757520828096,True
primary,Retina 3,Muller glia,YIF1A,179,453474,44.0,4.585260457070314,97.02871608956633,True
primary,Retina 3,Muller glia,ZNF280D,179,453474,25.0,4.0276695795615725,55.12995232361723,True
primary,Retina 3,Muller glia,ZNF638,179,453474,58.0,4.859048464500513,127.90148939079198,True
primary,Retina 3,Muller glia,ZNF638-IT1,179,453474,,,,False
primary,Retina 3,Astrocyte,DGKG,18,27756,0.0,0.0,0.0,True
primary,Retina 3,Astrocyte,SLC2A12,18,27756,0.0,0.0,0.0,True
primary,Retina 3,Astrocyte,COL8A2,18,27756,0.0,0.0,0.0,True
primary,Retina 3,Astrocyte,NPC2,18,27756,8.0,5.667208282794709,288.2259691598213,True
primary,Retina 3,Astrocyte,PSMC3,18,27756,2.0,4.291233008853417,72.05649228995533,True
primary,Retina 3,Astrocyte,RP11-466F5.8,18,27756,0.0,0.0,0.0,True
primary,Retina 3,Astrocyte,LPP,18,27756,1.0,3.6116810307192657,36.028246144977665,True
primary,Retina 3,Astrocyte,RP11-121M22.1,18,27756,0.0,0.0,0.0,True
primary,Retina 3,Astrocyte,ABO,18,27756,0.0,0.0,0.0,True
primary,Retina 3,Astrocyte,ADAMTS8,18,27756,0.0,0.0,0.0,True
primary,Retina 3,Astrocyte,CALD1,18,27756,5.0,5.199277007253457,180.14123072488832,True
primary,Retina 3,Astrocyte,CHEK2,18,27756,0.0,0.0,0.0,True
primary,Retina 3,Astrocyte,GAS7,18,27756,2.0,4.291233008853417,72.05649228995533,True
primary,Retina 3,Astrocyte,LMX1B,18,27756,,,,False
primary,Retina 3,Astrocyte,TCF12,18,27756,0.0,0.0,0.0,True
primary,Retina 3,Astrocyte,TMCO1,18,27756,7.0,5.534170697397214,252.19772301484363,True
primary,Retina 3,Astrocyte,TRIB2,18,27756,1.0,3.6116810307192657,36.028246144977665,True
primary,Retina 3,Astrocyte,AC000078.5,18,27756,,,,False
primary,Retina 3,Astrocyte,AC002066.1,18,27756,,,,False
primary,Retina 3,Astrocyte,AC012066.1,18,27756,,,,False
primary,Retina 3,Astrocyte,AC091132.1,18,27756,,,,False
primary,Retina 3,Astrocyte,ACBD4,18,27756,1.0,3.6116810307192657,36.028246144977665,True
primary,Retina 3,Astrocyte,AFAP1,18,27756,0.0,0.0,0.0,True
primary,Retina 3,Astrocyte,ALDH2,18,27756,4.0,4.97751264299813,144.11298457991066,True
primary,Retina 3,Astrocyte,AP003068.23,18,27756,0.0,0.0,0.0,True
primary,Retina 3,Astrocyte,AP5B1,18,27756,1.0,3.6116810307192657,36.028246144977665,True
primary,Retina 3,Astrocyte,AREL1,18,27756,0.0,0.0,0.0,True
primary,Retina 3,Astrocyte,ARHGAP27,18,27756,0.0,0.0,0.0,True
primary,Retina 3,Astrocyte,ARHGEF12,18,27756,4.0,4.97751264299813,144.11298457991066,True
primary,Retina 3,Astrocyte,ARL17A,18,27756,1.0,3.6116810307192657,36.028246144977665,True
primary,Retina 3,Astrocyte,ATP5J,18,27756,7.0,5.534170697397214,252.19772301484363,True
primary,Retina 3,Astrocyte,BICC1,18,27756,1.0,3.6116810307192657,36.028246144977665,True
primary,Retina 3,Astrocyte,BORA,18,27756,0.0,0.0,0.0,True
primary,Retina 3,Astrocyte,C1orf109,18,27756,0.0,0.0,0.0,True
primary,Retina 3,Astrocyte,C1orf122,18,27756,1.0,3.6116810307192657,36.028246144977665,True
primary,Retina 3,Astrocyte,C22orf29,18,27756,0.0,0.0,0.0,True
primary,Retina 3,Astrocyte,C6orf15,18,27756,,,,False
primary,Retina 3,Astrocyte,CADM1,18,27756,4.0,4.97751264299813,144.11298457991066,True
primary,Retina 3,Astrocyte,CADM2,18,27756,1.0,3.6116810307192657,36.028246144977665,True
primary,Retina 3,Astrocyte,CAV2,18,27756,4.0,4.97751264299813,144.11298457991066,True
primary,Retina 3,Astrocyte,CCDC117,18,27756,1.0,3.6116810307192657,36.028246144977665,True
primary,Retina 3,Astrocyte,CDC14A,18,27756,0.0,0.0,0.0,True
primary,Retina 3,Astrocyte,CDKN2A,18,27756,0.0,0.0,0.0,True
primary,Retina 3,Astrocyte,CDKN2B-AS1,18,27756,0.0,0.0,0.0,True
primary,Retina 3,Astrocyte,CELF1,18,27756,1.0,3.6116810307192657,36.028246144977665,True
primary,Retina 3,Astrocyte,CLIC5,18,27756,0.0,0.0,0.0,True
primary,Retina 3,Astrocyte,CMB9-22P13.1,18,27756,,,,False
primary,Retina 3,Astrocyte,COL11A1,18,27756,2.0,4.291233008853417,72.05649228995533,True
primary,Retina 3,Astrocyte,CRHR1,18,27756,0.0,0.0,0.0,True
primary,Retina 3,Astrocyte,CTA-292E10.6,18,27756,1.0,3.6116810307192657,36.028246144977665,True
primary,Retina 3,Astrocyte,CTB-39G8.3,18,27756,,,,False
primary,Retina 3,Astrocyte,CTD-2005H7.1,18,27756,0.0,0.0,0.0,True
primary,Retina 3,Astrocyte,CTD-2020K17.1,18,27756,0.0,0.0,0.0,True
primary,Retina 3,Astrocyte,CTD-2020K17.3,18,27756,0.0,0.0,0.0,True
primary,Retina 3,Astrocyte,CTTNBP2,18,27756,3.0,4.692124997031451,108.08473843493299,True
primary,Retina 3,Astrocyte,DDX39BP2,18,27756,,,,False
primary,Retina 3,Astrocyte,DIO1,18,27756,,,,False
primary,Retina 3,Astrocyte,DND1P1,18,27756,,,,False
primary,Retina 3,Astrocyte,DYSF,18,27756,0.0,0.0,0.0,True
primary,Retina 3,Astrocyte,EFCAB13,18,27756,0.0,0.0,0.0,True
primary,Retina 3,Astrocyte,EFEMP1,18,27756,1.0,3.6116810307192657,36.028246144977665,True
primary,Retina 3,Astrocyte,EHBP1L1,18,27756,0.0,0.0,0.0,True
primary,Retina 3,Astrocyte,FAM215B,18,27756,0.0,0.0,0.0,True
primary,Retina 3,Astrocyte,FAM83A,18,27756,,,,False
primary,Retina 3,Astrocyte,FAM83A-AS1,18,27756,,,,False
primary,Retina 3,Astrocyte,FAM89B,18,27756,0.0,0.0,0.0,True
primary,Retina 3,Astrocyte,FHL3,18,27756,0.0,0.0,0.0,True
primary,Retina 3,Astrocyte,FLOT1,18,27756,2.0,4.291233008853417,72.05649228995533,True
primary,Retina 3,Astrocyte,FLVCR2,18,27756,1.0,3.6116810307192657,36.028246144977665,True
primary,Retina 3,Astrocyte,FMNL1,18,27756,0.0,0.0,0.0,True
primary,Retina 3,Astrocyte,FNDC4,18,27756,3.0,4.692124997031451,108.08473843493299,True
primary,Retina 3,Astrocyte,GALR3,18,27756,,,,False
primary,Retina 3,Astrocyte,GCAT,18,27756,0.0,0.0,0.0,True
primary,Retina 3,Astrocyte,GLIS1,18,27756,0.0,0.0,0.0,True
primary,Retina 3,Astrocyte,H1F0,18,27756,1.0,3.6116810307192657,36.028246144977665,True
primary,Retina 3,Astrocyte,HCG4,18,27756,,,,False
primary,Retina 3,Astrocyte,HCG4B,18,27756,,,,False
primary,Retina 3,Astrocyte,HCG4P5,18,27756,,,,False
primary,Retina 3,Astrocyte,HCG4P7,18,27756,,,,False
primary,Retina 3,Astrocyte,HCG9,18,27756,0.0,0.0,0.0,True
primary,Retina 3,Astrocyte,HCP5B,18,27756,0.0,0.0,0.0,True
primary,Retina 3,Astrocyte,HECTD4,18,27756,0.0,0.0,0.0,True
primary,Retina 3,Astrocyte,HLA-A,18,27756,10.0,5.889660094074095,360.28246144977663,True
primary,Retina 3,Astrocyte,HLA-C,18,27756,10.0,5.889660094074095,360.28246144977663,True
primary,Retina 3,Astrocyte,HLA-F,18,27756,0.0,0.0,0.0,True
primary,Retina 3,Astrocyte,HLA-F-AS1,18,27756,,,,False
primary,Retina 3,Astrocyte,HLA-G,18,27756,0.0,0.0,0.0,True
primary,Retina 3,Astrocyte,HLA-H,18,27756,,,,False
primary,Retina 3,Astrocyte,HLA-J,18,27756,,,,False
primary,Retina 3,Astrocyte,HLA-L,18,27756,,,,False
primary,Retina 3,Astrocyte,HLA-T,18,27756,,,,False
primary,Retina 3,Astrocyte,HLA-U,18,27756,,,,False
primary,Retina 3,Astrocyte,HLA-V,18,27756,,,,False
primary,Retina 3,Astrocyte,HLA-W,18,27756,,,,False
primary,Retina 3,Astrocyte,HSCB,18,27756,0.0,0.0,0.0,True
primary,Retina 3,Astrocyte,HTRA3,18,27756,0.0,0.0,0.0,True
primary,Retina 3,Astrocyte,IFITM4P,18,27756,,,,False
primary,Retina 3,Astrocyte,IFT172,18,27756,0.0,0.0,0.0,True
primary,Retina 3,Astrocyte,INPP5B,18,27756,2.0,4.291233008853417,72.05649228995533,True
primary,Retina 3,Astrocyte,ITGB3,18,27756,1.0,3.6116810307192657,36.028246144977665,True
primary,Retina 3,Astrocyte,KANSL1,18,27756,2.0,4.291233008853417,72.05649228995533,True
primary,Retina 3,Astrocyte,KANSL1-AS1,18,27756,0.0,0.0,0.0,True
primary,Retina 3,Astrocyte,KHK,18,27756,0.0,0.0,0.0,True
primary,Retina 3,Astrocyte,KLF5,18,27756,0.0,0.0,0.0,True
primary,Retina 3,Astrocyte,KRT8P26,18,27756,,,,False
primary,Retina 3,Astrocyte,LHPP,18,27756,0.0,0.0,0.0,True
primary,Retina 3,Astrocyte,LINC01948,18,27756,0.0,0.0,0.0,True
primary,Retina 3,Astrocyte,LINC02052,18,27756,,,,False
primary,Retina 3,Astrocyte,LINC02210,18,27756,,,,False
primary,Retina 3,Astrocyte,LMO4,18,27756,12.0,6.071520224866019,432.33895373973195,True
primary,Retina 3,Astrocyte,LMO7,18,27756,0.0,0.0,0.0,True
primary,Retina 3,Astrocyte,LOXL1,18,27756,0.0,0.0,0.0,True
primary,Retina 3,Astrocyte,LOXL1-AS1,18,27756,0.0,0.0,0.0,True
primary,Retina 3,Astrocyte,LRRC37A,18,27756,0.0,0.0,0.0,True
primary,Retina 3,Astrocyte,LRRC37A17P,18,27756,,,,False
primary,Retina 3,Astrocyte,LRRC37A2,18,27756,0.0,0.0,0.0,True
primary,Retina 3,Astrocyte,LRRC37A4P,18,27756,,,,False
primary,Retina 3,Astrocyte,LRWD1,18,27756,0.0,0.0,0.0,True
primary,Retina 3,Astrocyte,LTBP2,18,27756,0.0,0.0,0.0,True
primary,Retina 3,Astrocyte,LTBP3,18,27756,4.0,4.97751264299813,144.11298457991066,True
primary,Retina 3,Astrocyte,MADD,18,27756,1.0,3.6116810307192657,36.028246144977665,True
primary,Retina 3,Astrocyte,MAPK8IP1P1,18,27756,,,,False
primary,Retina 3,Astrocyte,MAPK8IP1P2,18,27756,,,,False
primary,Retina 3,Astrocyte,MAPT,18,27756,2.0,4.291233008853417,72.05649228995533,True
primary,Retina 3,Astrocyte,MAPT-AS1,18,27756,0.0,0.0,0.0,True
primary,Retina 3,Astrocyte,MAPT-IT1,18,27756,,,,False
primary,Retina 3,Astrocyte,ME3,18,27756,0.0,0.0,0.0,True
primary,Retina 3,Astrocyte,MICE,18,27756,,,,False
primary,Retina 3,Astrocyte,MOV10,18,27756,3.0,4.692124997031451,108.08473843493299,True
primary,Retina 3,Astrocyte,MRPL33,18,27756,7.0,5.534170697397214,252.19772301484363,True
primary,Retina 3,Astrocyte,MTCH2,18,27756,1.0,3.6116810307192657,36.028246144977665,True
primary,Retina 3,Astrocyte,MVB12B,18,27756,0.0,0.0,0.0,True
primary,Retina 3,Astrocyte,Metazoa_SRP,18,27756,,,,False
primary,Retina 3,Astrocyte,NEAT1,18,27756,36.0,7.168592887333127,1297.0168612191958,True
primary,Retina 3,Astrocyte,NMT1,18,27756,6.0,5.380678048119432,216.16947686986597,True
primary,Retina 3,Astrocyte,NPEPPS,18,27756,3.0,4.692124997031451,108.08473843493299,True
primary,Retina 3,Astrocyte,NRBP1,18,27756,0.0,0.0,0.0,True
primary,Retina 3,Astrocyte,NSF,18,27756,0.0,0.0,0.0,True
primary,Retina 3,Astrocyte,NUCB2,18,27756,0.0,0.0,0.0,True
primary,Retina 3,Astrocyte,NUDT7,18,27756,0.0,0.0,0.0,True
primary,Retina 3,Astrocyte,PDE6C,18,27756,0.0,0.0,0.0,True
primary,Retina 3,Astrocyte,PGAM1P8,18,27756,,,,False
primary,Retina 3,Astrocyte,PIBF1,18,27756,0.0,0.0,0.0,True
primary,Retina 3,Astrocyte,PIGC,18,27756,0.0,0.0,0.0,True
primary,Retina 3,Astrocyte,PKIB,18,27756,0.0,0.0,0.0,True
primary,Retina 3,Astrocyte,PLCE1,18,27756,4.0,4.97751264299813,144.11298457991066,True
primary,Retina 3,Astrocyte,PLCE1-AS1,18,27756,,,,False
primary,Retina 3,Astrocyte,PLEKHA7,18,27756,1.0,3.6116810307192657,36.028246144977665,True
primary,Retina 3,Astrocyte,PLEKHM1,18,27756,0.0,0.0,0.0,True
primary,Retina 3,Astrocyte,PPP1R18,18,27756,1.0,3.6116810307192657,36.028246144977665,True
primary,Retina 3,Astrocyte,PRKCE,18,27756,0.0,0.0,0.0,True
primary,Retina 3,Astrocyte,PROX2,18,27756,,,,False
primary,Retina 3,Astrocyte,PRSS23,18,27756,0.0,0.0,0.0,True
primary,Retina 3,Astrocyte,PSORS1C3,18,27756,,,,False
primary,Retina 3,Astrocyte,RAPSN,18,27756,0.0,0.0,0.0,True
primary,Retina 3,Astrocyte,RERE,18,27756,3.0,4.692124997031451,108.08473843493299,True
primary,Retina 3,Astrocyte,RIC8B,18,27756,0.0,0.0,0.0,True
primary,Retina 3,Astrocyte,RORA,18,27756,3.0,4.692124997031451,108.08473843493299,True
primary,Retina 3,Astrocyte,RP11-123K19.1,18,27756,,,,False
primary,Retina 3,Astrocyte,RP11-136H19.1,18,27756,,,,False
primary,Retina 3,Astrocyte,RP11-149I2.4,18,27756,,,,False
primary,Retina 3,Astrocyte,RP11-162I7.1,18,27756,,,,False
primary,Retina 3,Astrocyte,RP11-17G12.2,18,27756,,,,False
primary,Retina 3,Astrocyte,RP11-205K6.1,18,27756,,,,False
primary,Retina 3,Astrocyte,RP11-217B7.2,18,27756,0.0,0.0,0.0,True
primary,Retina 3,Astrocyte,RP11-259A24.1,18,27756,,,,False
primary,Retina 3,Astrocyte,RP11-259G18.1,18,27756,,,,False
primary,Retina 3,Astrocyte,RP11-259G18.3,18,27756,,,,False
primary,Retina 3,Astrocyte,RP11-293E1.1,18,27756,,,,False
primary,Retina 3,Astrocyte,RP11-293E1.2,18,27756,,,,False
primary,Retina 3,Astrocyte,RP11-302L19.3,18,27756,0.0,0.0,0.0,True
primary,Retina 3,Astrocyte,RP11-403A3.3,18,27756,2.0,4.291233008853417,72.05649228995533,True
primary,Retina 3,Astrocyte,RP11-412D9.4,18,27756,0.0,0.0,0.0,True
primary,Retina 3,Astrocyte,RP11-507B12.1,18,27756,,,,False
primary,Retina 3,Astrocyte,RP11-507B12.2,18,27756,0.0,0.0,0.0,True
primary,Retina 3,Astrocyte,RP11-669E14.6,18,27756,0.0,0.0,0.0,True
primary,Retina 3,Astrocyte,RP11-707O23.1,18,27756,,,,False
primary,Retina 3,Astrocyte,RP11-750H9.5,18,27756,,,,False
primary,Retina 3,Astrocyte,RP11-755F10.1,18,27756,0.0,0.0,0.0,True
primary,Retina 3,Astrocyte,RP11-762L8.6,18,27756,,,,False
primary,Retina 3,Astrocyte,RP11-770G2.2,18,27756,,,,False
primary,Retina 3,Astrocyte,RP11-798G7.6,18,27756,0.0,0.0,0.0,True
primary,Retina 3,Astrocyte,RP11-798G7.8,18,27756,,,,False
primary,Retina 3,Astrocyte,RP5-1115A15.1,18,27756,0.0,0.0,0.0,True
primary,Retina 3,Astrocyte,RPS26P8,18,27756,,,,False
primary,Retina 3,Astrocyte,SCRN2,18,27756,1.0,3.6116810307192657,36.028246144977665,True
primary,Retina 3,Astrocyte,SEMA3E,18,27756,2.0,4.291233008853417,72.05649228995533,True
primary,Retina 3,Astrocyte,SEPT7,18,27756,13.0,6.1513854042918155,468.36719988470963,True
primary,Retina 3,Astrocyte,SF3A3,18,27756,0.0,0.0,0.0,True
primary,Retina 3,Astrocyte,SFTA1P,18,27756,0.0,0.0,0.0,True
primary,Retina 3,Astrocyte,SGSM2,18,27756,1.0,3.6116810307192657,36.028246144977665,True
primary,Retina 3,Astrocyte,SLC25A45,18,27756,0.0,0.0,0.0,True
primary,Retina 3,Astrocyte,SLC39A13,18,27756,1.0,3.6116810307192657,36.028246144977665,True
primary,Retina 3,Astrocyte,SMAD6,18,27756,0.0,0.0,0.0,True
primary,Retina 3,Astrocyte,SNORD14A,18,27756,,,,False
primary,Retina 3,Astrocyte,SSSCA1-AS1,18,27756,,,,False
primary,Retina 3,Astrocyte,TARID,18,27756,0.0,0.0,0.0,True
primary,Retina 3,Astrocyte,TBC1D31,18,27756,0.0,0.0,0.0,True
primary,Retina 3,Astrocyte,TBKBP1,18,27756,0.0,0.0,0.0,True
primary,Retina 3,Astrocyte,TBPL1,18,27756,0.0,0.0,0.0,True
primary,Retina 3,Astrocyte,TGFB3,18,27756,0.0,0.0,0.0,True
primary,Retina 3,Astrocyte,THCAT158,18,27756,0.0,0.0,0.0,True
primary,Retina 3,Astrocyte,THSD7A,18,27756,0.0,0.0,0.0,True
primary,Retina 3,Astrocyte,TIGD3,18,27756,0.0,0.0,0.0,True
primary,Retina 3,Astrocyte,TMEM116,18,27756,0.0,0.0,0.0,True
primary,Retina 3,Astrocyte,TMEM136,18,27756,1.0,3.6116810307192657,36.028246144977665,True
primary,Retina 3,Astrocyte,TMEM181,18,27756,0.0,0.0,0.0,True
primary,Retina 3,Astrocyte,TMEM263,18,27756,0.0,0.0,0.0,True
primary,Retina 3,Astrocyte,TRIM26,18,27756,0.0,0.0,0.0,True
primary,Retina 3,Astrocyte,TRIOBP,18,27756,0.0,0.0,0.0,True
primary,Retina 3,Astrocyte,TSC22D2,18,27756,0.0,0.0,0.0,True
primary,Retina 3,Astrocyte,TTC28,18,27756,1.0,3.6116810307192657,36.028246144977665,True
primary,Retina 3,Astrocyte,TTLL5,18,27756,0.0,0.0,0.0,True
primary,Retina 3,Astrocyte,TXNDC8,18,27756,,,,False
primary,Retina 3,Astrocyte,TXNRD2,18,27756,0.0,0.0,0.0,True
primary,Retina 3,Astrocyte,UTP11,18,27756,0.0,0.0,0.0,True
primary,Retina 3,Astrocyte,VARS2,18,27756,1.0,3.6116810307192657,36.028246144977665,True
primary,Retina 3,Astrocyte,VCAM1,18,27756,0.0,0.0,0.0,True
primary,Retina 3,Astrocyte,WLS,18,27756,0.0,0.0,0.0,True
primary,Retina 3,Astrocyte,WNT2B,18,27756,4.0,4.97751264299813,144.11298457991066,True
primary,Retina 3,Astrocyte,XRCC6P1,18,27756,,,,False
primary,Retina 3,Astrocyte,XXbac-BPG170G13.32,18,27756,0.0,0.0,0.0,True
primary,Retina 3,Astrocyte,XXbac-BPG283O16.9,18,27756,,,,False
primary,Retina 3,Astrocyte,YAP1,18,27756,3.0,4.692124997031451,108.08473843493299,True
primary,Retina 3,Astrocyte,YIF1A,18,27756,4.0,4.97751264299813,144.11298457991066,True
primary,Retina 3,Astrocyte,ZNF280D,18,27756,3.0,4.692124997031451,108.08473843493299,True
primary,Retina 3,Astrocyte,ZNF638,18,27756,3.0,4.692124997031451,108.08473843493299,True
primary,Retina 3,Astrocyte,ZNF638-IT1,18,27756,,,,False
primary,Retina 3,Microglia,DGKG,107,225576,1.0,1.6925090855630514,4.433095719402774,True
primary,Retina 3,Microglia,SLC2A12,107,225576,0.0,0.0,0.0,True
primary,Retina 3,Microglia,COL8A2,107,225576,1.0,1.6925090855630514,4.433095719402774,True
primary,Retina 3,Microglia,NPC2,107,225576,229.0,6.9238047147437545,1015.178919743235,True
primary,Retina 3,Microglia,PSMC3,107,225576,14.0,4.144139619280027,62.06334007163883,True
primary,Retina 3,Microglia,RP11-466F5.8,107,225576,0.0,0.0,0.0,True
primary,Retina 3,Microglia,LPP,107,225576,1.0,1.6925090855630514,4.433095719402774,True
primary,Retina 3,Microglia,RP11-121M22.1,107,225576,0.0,0.0,0.0,True
primary,Retina 3,Microglia,ABO,107,225576,0.0,0.0,0.0,True
primary,Retina 3,Microglia,ADAMTS8,107,225576,0.0,0.0,0.0,True
primary,Retina 3,Microglia,CALD1,107,225576,0.0,0.0,0.0,True
primary,Retina 3,Microglia,CHEK2,107,225576,2.0,2.2891139065160107,8.866191438805547,True
primary,Retina 3,Microglia,GAS7,107,225576,6.0,3.3177641161866327,26.59857431641664,True
primary,Retina 3,Microglia,LMX1B,107,225576,,,,False
primary,Retina 3,Microglia,TCF12,107,225576,3.0,2.660209686947014,13.29928715820832,True
primary,Retina 3,Microglia,TMCO1,107,225576,19.0,4.44533962392721,84.22881866865269,True
primary,Retina 3,Microglia,TRIB2,107,225576,1.0,1.6925090855630514,4.433095719402774,True
primary,Retina 3,Microglia,AC000078.5,107,225576,,,,False
primary,Retina 3,Microglia,AC002066.1,107,225576,,,,False
primary,Retina 3,Microglia,AC012066.1,107,225576,,,,False
primary,Retina 3,Microglia,AC091132.1,107,225576,,,,False
primary,Retina 3,Microglia,ACBD4,107,225576,1.0,1.6925090855630514,4.433095719402774,True
primary,Retina 3,Microglia,AFAP1,107,225576,1.0,1.6925090855630514,4.433095719402774,True
primary,Retina 3,Microglia,ALDH2,107,225576,35.0,5.050870557669789,155.15835017909706,True
primary,Retina 3,Microglia,AP003068.23,107,225576,0.0,0.0,0.0,True
primary,Retina 3,Microglia,AP5B1,107,225576,0.0,0.0,0.0,True
primary,Retina 3,Microglia,AREL1,107,225576,0.0,0.0,0.0,True
primary,Retina 3,Microglia,ARHGAP27,107,225576,13.0,4.071250678667184,57.630244352236055,True
primary,Retina 3,Microglia,ARHGEF12,107,225576,5.0,3.1426631790054538,22.165478597013866,True
primary,Retina 3,Microglia,ARL17A,107,225576,2.0,2.2891139065160107,8.866191438805547,True
primary,Retina 3,Microglia,ATP5J,107,225576,26.0,4.755833265812211,115.26048870447211,True
primary,Retina 3,Microglia,BICC1,107,225576,0.0,0.0,0.0,True
primary,Retina 3,Microglia,BORA,107,225576,0.0,0.0,0.0,True
primary,Retina 3,Microglia,C1orf109,107,225576,2.0,2.2891139065160107,8.866191438805547,True
primary,Retina 3,Microglia,C1orf122,107,225576,15.0,4.2120747933886715,66.4964357910416,True
primary,Retina 3,Microglia,C22orf29,107,225576,2.0,2.2891139065160107,8.866191438805547,True
primary,Retina 3,Microglia,C6orf15,107,225576,,,,False
primary,Retina 3,Microglia,CADM1,107,225576,14.0,4.144139619280027,62.06334007163883,True
primary,Retina 3,Microglia,CADM2,107,225576,16.0,4.275686910726459,70.92953151044438,True
primary,Retina 3,Microglia,CAV2,107,225576,0.0,0.0,0.0,True
primary,Retina 3,Microglia,CCDC117,107,225576,1.0,1.6925090855630514,4.433095719402774,True
primary,Retina 3,Microglia,CDC14A,107,225576,0.0,0.0,0.0,True
primary,Retina 3,Microglia,CDKN2A,107,225576,8.0,3.596346472590586,35.46476575522219,True
primary,Retina 3,Microglia,CDKN2B-AS1,107,225576,1.0,1.6925090855630514,4.433095719402774,True
primary,Retina 3,Microglia,CELF1,107,225576,15.0,4.2120747933886715,66.4964357910416,True
primary,Retina 3,Microglia,CLIC5,107,225576,0.0,0.0,0.0,True
primary,Retina 3,Microglia,CMB9-22P13.1,107,225576,,,,False
primary,Retina 3,Microglia,COL11A1,107,225576,0.0,0.0,0.0,True
primary,Retina 3,Microglia,CRHR1,107,225576,0.0,0.0,0.0,True
primary,Retina 3,Microglia,CTA-292E10.6,107,225576,6.0,3.3177641161866327,26.59857431641664,True
primary,Retina 3,Microglia,CTB-39G8.3,107,225576,,,,False
primary,Retina 3,Microglia,CTD-2005H7.1,107,225576,0.0,0.0,0.0,True
primary,Retina 3,Microglia,CTD-2020K17.1,107,225576,4.0,2.9302537308738357,17.732382877611094,True
primary,Retina 3,Microglia,CTD-2020K17.3,107,225576,0.0,0.0,0.0,True
primary,Retina 3,Microglia,CTTNBP2,107,225576,2.0,2.2891139065160107,8.866191438805547,True
primary,Retina 3,Microglia,DDX39BP2,107,225576,,,,False
primary,Retina 3,Microglia,DIO1,107,225576,,,,False
primary,Retina 3,Microglia,DND1P1,107,225576,,,,False
primary,Retina 3,Microglia,DYSF,107,225576,0.0,0.0,0.0,True
primary,Retina 3,Microglia,EFCAB13,107,225576,1.0,1.6925090855630514,4.433095719402774,True
primary,Retina 3,Microglia,EFEMP1,107,225576,0.0,0.0,0.0,True
primary,Retina 3,Microglia,EHBP1L1,107,225576,6.0,3.3177641161866327,26.59857431641664,True
primary,Retina 3,Microglia,FAM215B,107,225576,1.0,1.6925090855630514,4.433095719402774,True
primary,Retina 3,Microglia,FAM83A,107,225576,,,,False
primary,Retina 3,Microglia,FAM83A-AS1,107,225576,,,,False
primary,Retina 3,Microglia,FAM89B,107,225576,1.0,1.6925090855630514,4.433095719402774,True
primary,Retina 3,Microglia,FHL3,107,225576,7.0,3.46672510200019,31.031670035819413,True
primary,Retina 3,Microglia,FLOT1,107,225576,35.0,5.050870557669789,155.15835017909706,True
primary,Retina 3,Microglia,FLVCR2,107,225576,2.0,2.2891139065160107,8.866191438805547,True
primary,Retina 3,Microglia,FMNL1,107,225576,11.0,3.9072928943390055,48.764052913430504,True
primary,Retina 3,Microglia,FNDC4,107,225576,0.0,0.0,0.0,True
primary,Retina 3,Microglia,GALR3,107,225576,,,,False
primary,Retina 3,Microglia,GCAT,107,225576,0.0,0.0,0.0,True
primary,Retina 3,Microglia,GLIS1,107,225576,0.0,0.0,0.0,True
primary,Retina 3,Microglia,H1F0,107,225576,36.0,5.078863536697478,159.59144589849984,True
primary,Retina 3,Microglia,HCG4,107,225576,,,,False
primary,Retina 3,Microglia,HCG4B,107,225576,,,,False
primary,Retina 3,Microglia,HCG4P5,107,225576,,,,False
primary,Retina 3,Microglia,HCG4P7,107,225576,,,,False
primary,Retina 3,Microglia,HCG9,107,225576,0.0,0.0,0.0,True
primary,Retina 3,Microglia,HCP5B,107,225576,0.0,0.0,0.0,True
primary,Retina 3,Microglia,HECTD4,107,225576,1.0,1.6925090855630514,4.433095719402774,True
primary,Retina 3,Microglia,HLA-A,107,225576,298.0,7.186948314589785,1321.0625243820264,True
primary,Retina 3,Microglia,HLA-C,107,225576,496.0,7.696128761657761,2198.8154768237755,True
primary,Retina 3,Microglia,HLA-F,107,225576,14.0,4.144139619280027,62.06334007163883,True
primary,Retina 3,Microglia,HLA-F-AS1,107,225576,,,,False
primary,Retina 3,Microglia,HLA-G,107,225576,0.0,0.0,0.0,True
primary,Retina 3,Microglia,HLA-H,107,225576,,,,False
primary,Retina 3,Microglia,HLA-J,107,225576,,,,False
primary,Retina 3,Microglia,HLA-L,107,225576,,,,False
primary,Retina 3,Microglia,HLA-T,107,225576,,,,False
primary,Retina 3,Microglia,HLA-U,107,225576,,,,False
primary,Retina 3,Microglia,HLA-V,107,225576,,,,False
primary,Retina 3,Microglia,HLA-W,107,225576,,,,False
primary,Retina 3,Microglia,HSCB,107,225576,8.0,3.596346472590586,35.46476575522219,True
primary,Retina 3,Microglia,HTRA3,107,225576,0.0,0.0,0.0,True
primary,Retina 3,Microglia,IFITM4P,107,225576,,,,False
primary,Retina 3,Microglia,IFT172,107,225576,0.0,0.0,0.0,True
primary,Retina 3,Microglia,INPP5B,107,225576,1.0,1.6925090855630514,4.433095719402774,True
primary,Retina 3,Microglia,ITGB3,107,225576,1.0,1.6925090855630514,4.433095719402774,True
primary,Retina 3,Microglia,KANSL1,107,225576,12.0,3.9926282988114297,53.19714863283328,True
primary,Retina 3,Microglia,KANSL1-AS1,107,225576,2.0,2.2891139065160107,8.866191438805547,True
primary,Retina 3,Microglia,KHK,107,225576,1.0,1.6925090855630514,4.433095719402774,True
primary,Retina 3,Microglia,KLF5,107,225576,0.0,0.0,0.0,True
primary,Retina 3,Microglia,KRT8P26,107,225576,,,,False
primary,Retina 3,Microglia,LHPP,107,225576,1.0,1.6925090855630514,4.433095719402774,True
primary,Retina 3,Microglia,LINC01948,107,225576,0.0,0.0,0.0,True
primary,Retina 3,Microglia,LINC02052,107,225576,,,,False
primary,Retina 3,Microglia,LINC02210,107,225576,,,,False
primary,Retina 3,Microglia,LMO4,107,225576,10.0,3.8139901808566132,44.33095719402773,True
primary,Retina 3,Microglia,LMO7,107,225576,0.0,0.0,0.0,True
primary,Retina 3,Microglia,LOXL1,107,225576,0.0,0.0,0.0,True
primary,Retina 3,Microglia,LOXL1-AS1,107,225576,0.0,0.0,0.0,True
primary,Retina 3,Microglia,LRRC37A,107,225576,0.0,0.0,0.0,True
primary,Retina 3,Microglia,LRRC37A17P,107,225576,,,,False
primary,Retina 3,Microglia,LRRC37A2,107,225576,1.0,1.6925090855630514,4.433095719402774,True
primary,Retina 3,Microglia,LRRC37A4P,107,225576,,,,False
primary,Retina 3,Microglia,LRWD1,107,225576,2.0,2.2891139065160107,8.866191438805547,True
primary,Retina 3,Microglia,LTBP2,107,225576,0.0,0.0,0.0,True
primary,Retina 3,Microglia,LTBP3,107,225576,0.0,0.0,0.0,True
primary,Retina 3,Microglia,MADD,107,225576,1.0,1.6925090855630514,4.433095719402774,True
primary,Retina 3,Microglia,MAPK8IP1P1,107,225576,,,,False
primary,Retina 3,Microglia,MAPK8IP1P2,107,225576,,,,False
primary,Retina 3,Microglia,MAPT,107,225576,1.0,1.6925090855630514,4.433095719402774,True
primary,Retina 3,Microglia,MAPT-AS1,107,225576,0.0,0.0,0.0,True
primary,Retina 3,Microglia,MAPT-IT1,107,225576,,,,False
primary,Retina 3,Microglia,ME3,107,225576,0.0,0.0,0.0,True
primary,Retina 3,Microglia,MICE,107,225576,,,,False
primary,Retina 3,Microglia,MOV10,107,225576,0.0,0.0,0.0,True
primary,Retina 3,Microglia,MRPL33,107,225576,29.0,4.864142364313059,128.55977586268043,True
primary,Retina 3,Microglia,MTCH2,107,225576,5.0,3.1426631790054538,22.165478597013866,True
primary,Retina 3,Microglia,MVB12B,107,225576,0.0,0.0,0.0,True
primary,Retina 3,Microglia,Metazoa_SRP,107,225576,,,,False
primary,Retina 3,Microglia,NEAT1,107,225576,366.0,7.392347619414228,1622.5130333014151,True
primary,Retina 3,Microglia,NMT1,107,225576,13.0,4.071250678667184,57.630244352236055,True
primary,Retina 3,Microglia,NPEPPS,107,225576,6.0,3.3177641161866327,26.59857431641664,True
primary,Retina 3,Microglia,NRBP1,107,225576,6.0,3.3177641161866327,26.59857431641664,True
primary,Retina 3,Microglia,NSF,107,225576,6.0,3.3177641161866327,26.59857431641664,True
primary,Retina 3,Microglia,NUCB2,107,225576,8.0,3.596346472590586,35.46476575522219,True
primary,Retina 3,Microglia,NUDT7,107,225576,2.0,2.2891139065160107,8.866191438805547,True
primary,Retina 3,Microglia,PDE6C,107,225576,0.0,0.0,0.0,True
primary,Retina 3,Microglia,PGAM1P8,107,225576,,,,False
primary,Retina 3,Microglia,PIBF1,107,225576,5.0,3.1426631790054538,22.165478597013866,True
primary,Retina 3,Microglia,PIGC,107,225576,7.0,3.46672510200019,31.031670035819413,True
primary,Retina 3,Microglia,PKIB,107,225576,17.0,4.335493404104432,75.36262722984715,True
primary,Retina 3,Microglia,PLCE1,107,225576,0.0,0.0,0.0,True
primary,Retina 3,Microglia,PLCE1-AS1,107,225576,,,,False
primary,Retina 3,Microglia,PLEKHA7,107,225576,0.0,0.0,0.0,True
primary,Retina 3,Microglia,PLEKHM1,107,225576,1.0,1.6925090855630514,4.433095719402774,True
primary,Retina 3,Microglia,PPP1R18,107,225576,15.0,4.2120747933886715,66.4964357910416,True
primary,Retina 3,Microglia,PRKCE,107,225576,0.0,0.0,0.0,True
primary,Retina 3,Microglia,PROX2,107,225576,,,,False
primary,Retina 3,Microglia,PRSS23,107,225576,0.0,0.0,0.0,True
primary,Retina 3,Microglia,PSORS1C3,107,225576,,,,False
primary,Retina 3,Microglia,RAPSN,107,225576,0.0,0.0,0.0,True
primary,Retina 3,Microglia,RERE,107,225576,1.0,1.6925090855630514,4.433095719402774,True
primary,Retina 3,Microglia,RIC8B,107,225576,3.0,2.660209686947014,13.29928715820832,True
primary,Retina 3,Microglia,RORA,107,225576,4.0,2.9302537308738357,17.732382877611094,True
primary,Retina 3,Microglia,RP11-123K19.1,107,225576,,,,False
primary,Retina 3,Microglia,RP11-136H19.1,107,225576,,,,False
primary,Retina 3,Microglia,RP11-149I2.4,107,225576,,,,False
primary,Retina 3,Microglia,RP11-162I7.1,107,225576,,,,False
primary,Retina 3,Microglia,RP11-17G12.2,107,225576,,,,False
primary,Retina 3,Microglia,RP11-205K6.1,107,225576,,,,False
primary,Retina 3,Microglia,RP11-217B7.2,107,225576,0.0,0.0,0.0,True
primary,Retina 3,Microglia,RP11-259A24.1,107,225576,,,,False
primary,Retina 3,Microglia,RP11-259G18.1,107,225576,,,,False
primary,Retina 3,Microglia,RP11-259G18.3,107,225576,,,,False
primary,Retina 3,Microglia,RP11-293E1.1,107,225576,,,,False
primary,Retina 3,Microglia,RP11-293E1.2,107,225576,,,,False
primary,Retina 3,Microglia,RP11-302L19.3,107,225576,0.0,0.0,0.0,True
primary,Retina 3,Microglia,RP11-403A3.3,107,225576,0.0,0.0,0.0,True
primary,Retina 3,Microglia,RP11-412D9.4,107,225576,2.0,2.2891139065160107,8.866191438805547,True
primary,Retina 3,Microglia,RP11-507B12.1,107,225576,,,,False
primary,Retina 3,Microglia,RP11-507B12.2,107,225576,0.0,0.0,0.0,True
primary,Retina 3,Microglia,RP11-669E14.6,107,225576,0.0,0.0,0.0,True
primary,Retina 3,Microglia,RP11-707O23.1,107,225576,,,,False
primary,Retina 3,Microglia,RP11-750H9.5,107,225576,,,,False
primary,Retina 3,Microglia,RP11-755F10.1,107,225576,0.0,0.0,0.0,True
primary,Retina 3,Microglia,RP11-762L8.6,107,225576,,,,False
primary,Retina 3,Microglia,RP11-770G2.2,107,225576,,,,False
primary,Retina 3,Microglia,RP11-798G7.6,107,225576,0.0,0.0,0.0,True
primary,Retina 3,Microglia,RP11-798G7.8,107,225576,,,,False
primary,Retina 3,Microglia,RP5-1115A15.1,107,225576,0.0,0.0,0.0,True
primary,Retina 3,Microglia,RPS26P8,107,225576,,,,False
primary,Retina 3,Microglia,SCRN2,107,225576,4.0,2.9302537308738357,17.732382877611094,True
primary,Retina 3,Microglia,SEMA3E,107,225576,0.0,0.0,0.0,True
primary,Retina 3,Microglia,SEPT7,107,225576,38.0,5.132602968369957,168.45763733730539,True
primary,Retina 3,Microglia,SF3A3,107,225576,3.0,2.660209686947014,13.29928715820832,True
primary,Retina 3,Microglia,SFTA1P,107,225576,0.0,0.0,0.0,True
primary,Retina 3,Microglia,SGSM2,107,225576,1.0,1.6925090855630514,4.433095719402774,True
primary,Retina 3,Microglia,SLC25A45,107,225576,1.0,1.6925090855630514,4.433095719402774,True
primary,Retina 3,Microglia,SLC39A13,107,225576,0.0,0.0,0.0,True
primary,Retina 3,Microglia,SMAD6,107,225576,0.0,0.0,0.0,True
primary,Retina 3,Microglia,SNORD14A,107,225576,,,,False
primary,Retina 3,Microglia,SSSCA1-AS1,107,225576,,,,False
primary,Retina 3,Microglia,TARID,107,225576,0.0,0.0,0.0,True
primary,Retina 3,Microglia,TBC1D31,107,225576,5.0,3.1426631790054538,22.165478597013866,True
primary,Retina 3,Microglia,TBKBP1,107,225576,0.0,0.0,0.0,True
primary,Retina 3,Microglia,TBPL1,107,225576,8.0,3.596346472590586,35.46476575522219,True
primary,Retina 3,Microglia,TGFB3,107,225576,0.0,0.0,0.0,True
primary,Retina 3,Microglia,THCAT158,107,225576,0.0,0.0,0.0,True
primary,Retina 3,Microglia,THSD7A,107,225576,0.0,0.0,0.0,True
primary,Retina 3,Microglia,TIGD3,107,225576,0.0,0.0,0.0,True
primary,Retina 3,Microglia,TMEM116,107,225576,0.0,0.0,0.0,True
primary,Retina 3,Microglia,TMEM136,107,225576,2.0,2.2891139065160107,8.866191438805547,True
primary,Retina 3,Microglia,TMEM181,107,225576,2.0,2.2891139065160107,8.866191438805547,True
primary,Retina 3,Microglia,TMEM263,107,225576,5.0,3.1426631790054538,22.165478597013866,True
primary,Retina 3,Microglia,TRIM26,107,225576,1.0,1.6925090855630514,4.433095719402774,True
primary,Retina 3,Microglia,TRIOBP,107,225576,2.0,2.2891139065160107,8.866191438805547,True
primary,Retina 3,Microglia,TSC22D2,107,225576,0.0,0.0,0.0,True
primary,Retina 3,Microglia,TTC28,107,225576,1.0,1.6925090855630514,4.433095719402774,True
primary,Retina 3,Microglia,TTLL5,107,225576,4.0,2.9302537308738357,17.732382877611094,True
primary,Retina 3,Microglia,TXNDC8,107,225576,,,,False
primary,Retina 3,Microglia,TXNRD2,107,225576,0.0,0.0,0.0,True
primary,Retina 3,Microglia,UTP11,107,225576,5.0,3.1426631790054538,22.165478597013866,True
primary,Retina 3,Microglia,VARS2,107,225576,0.0,0.0,0.0,True
primary,Retina 3,Microglia,VCAM1,107,225576,0.0,0.0,0.0,True
primary,Retina 3,Microglia,WLS,107,225576,4.0,2.9302537308738357,17.732382877611094,True
primary,Retina 3,Microglia,WNT2B,107,225576,0.0,0.0,0.0,True
primary,Retina 3,Microglia,XRCC6P1,107,225576,,,,False
primary,Retina 3,Microglia,XXbac-BPG170G13.32,107,225576,1.0,1.6925090855630514,4.433095719402774,True
primary,Retina 3,Microglia,XXbac-BPG283O16.9,107,225576,,,,False
primary,Retina 3,Microglia,YAP1,107,225576,0.0,0.0,0.0,True
primary,Retina 3,Microglia,YIF1A,107,225576,9.0,3.7110777749977735,39.89786147462496,True
primary,Retina 3,Microglia,ZNF280D,107,225576,4.0,2.9302537308738357,17.732382877611094,True
primary,Retina 3,Microglia,ZNF638,107,225576,13.0,4.071250678667184,57.630244352236055,True
primary,Retina 3,Microglia,ZNF638-IT1,107,225576,,,,False
strict,Retina 1,Rod,DGKG,931,2094286,0.0,0.0,0.0,True
strict,Retina 1,Rod,SLC2A12,931,2094286,0.0,0.0,0.0,True
strict,Retina 1,Rod,COL8A2,931,2094286,0.0,0.0,0.0,True
strict,Retina 1,Rod,NPC2,931,2094286,103.0,3.9156452253068537,49.181439402259294,True
strict,Retina 1,Rod,PSMC3,931,2094286,222.0,4.672854199107244,106.00271405147149,True
strict,Retina 1,Rod,RP11-466F5.8,931,2094286,9.0,1.6672175171726602,4.2974073264110055,True
strict,Retina 1,Rod,LPP,931,2094286,17.0,2.2101764441621197,8.117324949887456,True
strict,Retina 1,Rod,RP11-121M22.1,931,2094286,1.0,0.39034450102479956,0.4774897029345562,True
strict,Retina 1,Rod,ABO,931,2094286,0.0,0.0,0.0,True
strict,Retina 1,Rod,ADAMTS8,931,2094286,0.0,0.0,0.0,True
strict,Retina 1,Rod,CALD1,931,2094286,14.0,2.039251618334953,6.684855841083787,True
strict,Retina 1,Rod,CHEK2,931,2094286,0.0,0.0,0.0,True
strict,Retina 1,Rod,GAS7,931,2094286,57.0,3.339921552321922,27.216913067269704,True
strict,Retina 1,Rod,LMX1B,931,2094286,,,,False
strict,Retina 1,Rod,TCF12,931,2094286,62.0,3.421142534158734,29.604361581942484,True
strict,Retina 1,Rod,TMCO1,931,2094286,350.0,5.124686313856275,167.12139602709468,True
strict,Retina 1,Rod,TRIB2,931,2094286,266.0,4.852126048243027,127.01226098059195,True
strict,Retina 1,Rod,AC000078.5,931,2094286,,,,False
strict,Retina 1,Rod,AC002066.1,931,2094286,,,,False
strict,Retina 1,Rod,AC012066.1,931,2094286,,,,False
strict,Retina 1,Rod,AC091132.1,931,2094286,,,,False
strict,Retina 1,Rod,ACBD4,931,2094286,50.0,3.2138425852114754,23.87448514672781,True
strict,Retina 1,Rod,AFAP1,931,2094286,0.0,0.0,0.0,True
strict,Retina 1,Rod,ALDH2,931,2094286,106.0,3.943791180954889,50.61390851106296,True
strict,Retina 1,Rod,AP003068.23,931,2094286,6.0,1.3519456968164962,2.8649382176073375,True
strict,Retina 1,Rod,AP5B1,931,2094286,15.0,2.0995315717917644,7.1623455440183434,True
strict,Retina 1,Rod,AREL1,931,2094286,5.0,1.220076987469738,2.3874485146727813,True
strict,Retina 1,Rod,ARHGAP27,931,2094286,3.0,0.8889068356360983,1.4324691088036687,True
strict,Retina 1,Rod,ARHGEF12,931,2094286,122.0,4.0818289638084,58.25374375801586,True
strict,Retina 1,Rod,ARL17A,931,2094286,60.0,3.3894412879947096,28.649382176073374,True
strict,Retina 1,Rod,ATP5J,931,2094286,1053.0,6.222172728704134,502.79665719008767,True
strict,Retina 1,Rod,BICC1,931,2094286,1.0,0.39034450102479956,0.4774897029345562,True
strict,Retina 1,Rod,BORA,931,2094286,6.0,1.3519456968164962,2.8649382176073375,True
strict,Retina 1,Rod,C1orf109,931,2094286,41.0,3.024177729085943,19.577077820316806,True
strict,Retina 1,Rod,C1orf122,931,2094286,314.0,5.016827858671307,149.93176672145066,True
strict,Retina 1,Rod,C22orf29,931,2094286,31.0,2.7601479552533976,14.802180790971242,True
strict,Retina 1,Rod,C6orf15,931,2094286,,,,False
strict,Retina 1,Rod,CADM1,931,2094286,1238.0,6.383730008976352,591.1322522329806,True
strict,Retina 1,Rod,CADM2,931,2094286,1597.0,6.637979992870223,762.5510555864863,True
strict,Retina 1,Rod,CAV2,931,2094286,8.0,1.5727568373514116,3.81991762347645,True
strict,Retina 1,Rod,CCDC117,931,2094286,40.0,3.000699323182548,19.09958811738225,True
strict,Retina 1,Rod,CDC14A,931,2094286,18.0,2.2612228122144113,8.594814652822011,True
strict,Retina 1,Rod,CDKN2A,931,2094286,0.0,0.0,0.0,True
strict,Retina 1,Rod,CDKN2B-AS1,931,2094286,0.0,0.0,0.0,True
strict,Retina 1,Rod,CELF1,931,2094286,65.0,3.4668862000399248,31.036830690746154,True
strict,Retina 1,Rod,CLIC5,931,2094286,0.0,0.0,0.0,True
strict,Retina 1,Rod,CMB9-22P13.1,931,2094286,,,,False
strict,Retina 1,Rod,COL11A1,931,2094286,2.0,0.6703796592995498,0.9549794058691125,True
strict,Retina 1,Rod,CRHR1,931,2094286,0.0,0.0,0.0,True
strict,Retina 1,Rod,CTA-292E10.6,931,2094286,36.0,2.9008516133033555,17.189629305644022,True
strict,Retina 1,Rod,CTB-39G8.3,931,2094286,,,,False
strict,Retina 1,Rod,CTD-2005H7.1,931,2094286,0.0,0.0,0.0,True
strict,Retina 1,Rod,CTD-2020K17.1,931,2094286,2.0,0.6703796592995498,0.9549794058691125,True
strict,Retina 1,Rod,CTD-2020K17.3,931,2094286,0.0,0.0,0.0,True
strict,Retina 1,Rod,CTTNBP2,931,2094286,6.0,1.3519456968164962,2.8649382176073375,True
strict,Retina 1,Rod,DDX39BP2,931,2094286,,,,False
strict,Retina 1,Rod,DIO1,931,2094286,,,,False
strict,Retina 1,Rod,DND1P1,931,2094286,,,,False
strict,Retina 1,Rod,DYSF,931,2094286,0.0,0.0,0.0,True
strict,Retina 1,Rod,EFCAB13,931,2094286,4.0,1.0681389270413846,1.909958811738225,True
strict,Retina 1,Rod,EFEMP1,931,2094286,0.0,0.0,0.0,True
strict,Retina 1,Rod,EHBP1L1,931,2094286,0.0,0.0,0.0,True
strict,Retina 1,Rod,FAM215B,931,2094286,63.0,3.4366240888759974,30.081851284877043,True
strict,Retina 1,Rod,FAM83A,931,2094286,,,,False
strict,Retina 1,Rod,FAM83A-AS1,931,2094286,,,,False
strict,Retina 1,Rod,FAM89B,931,2094286,7.0,1.4684336203867046,3.3424279205418936,True
strict,Retina 1,Rod,FHL3,931,2094286,0.0,0.0,0.0,True
strict,Retina 1,Rod,FLOT1,931,2094286,93.0,3.8156561997954137,44.40654237291373,True
strict,Retina 1,Rod,FLVCR2,931,2094286,1.0,0.39034450102479956,0.4774897029345562,True
strict,Retina 1,Rod,FMNL1,931,2094286,0.0,0.0,0.0,True
strict,Retina 1,Rod,FNDC4,931,2094286,36.0,2.9008516133033555,17.189629305644022,True
strict,Retina 1,Rod,GALR3,931,2094286,,,,False
strict,Retina 1,Rod,GCAT,931,2094286,0.0,0.0,0.0,True
strict,Retina 1,Rod,GLIS1,931,2094286,0.0,0.0,0.0,True
strict,Retina 1,Rod,H1F0,931,2094286,6.0,1.3519456968164962,2.8649382176073375,True
strict,Retina 1,Rod,HCG4,931,2094286,,,,False
strict,Retina 1,Rod,HCG4B,931,2094286,,,,False
strict,Retina 1,Rod,HCG4P5,931,2094286,,,,False
strict,Retina 1,Rod,HCG4P7,931,2094286,,,,False
strict,Retina 1,Rod,HCG9,931,2094286,0.0,0.0,0.0,True
strict,Retina 1,Rod,HCP5B,931,2094286,0.0,0.0,0.0,True
strict,Retina 1,Rod,HECTD4,931,2094286,39.0,2.9766564012442513,18.62209841444769,True
strict,Retina 1,Rod,HLA-A,931,2094286,79.0,3.6563998185834996,37.72168653182994,True
strict,Retina 1,Rod,HLA-C,931,2094286,75.0,3.605816482450607,35.81172772009172,True
strict,Retina 1,Rod,HLA-F,931,2094286,4.0,1.0681389270413846,1.909958811738225,True
strict,Retina 1,Rod,HLA-F-AS1,931,2094286,,,,False
strict,Retina 1,Rod,HLA-G,931,2094286,2.0,0.6703796592995498,0.9549794058691125,True
strict,Retina 1,Rod,HLA-H,931,2094286,,,,False
strict,Retina 1,Rod,HLA-J,931,2094286,,,,False
strict,Retina 1,Rod,HLA-L,931,2094286,,,,False
strict,Retina 1,Rod,HLA-T,931,2094286,,,,False
strict,Retina 1,Rod,HLA-U,931,2094286,,,,False
strict,Retina 1,Rod,HLA-V,931,2094286,,,,False
strict,Retina 1,Rod,HLA-W,931,2094286,,,,False
strict,Retina 1,Rod,HSCB,931,2094286,33.0,2.8188256413681376,15.757160196840355,True
strict,Retina 1,Rod,HTRA3,931,2094286,0.0,0.0,0.0,True
strict,Retina 1,Rod,IFITM4P,931,2094286,,,,False
strict,Retina 1,Rod,IFT172,931,2094286,115.0,4.023766789683343,54.911315837473964,True
strict,Retina 1,Rod,INPP5B,931,2094286,19.0,2.309789514291505,9.072304355756568,True
strict,Retina 1,Rod,ITGB3,931,2094286,0.0,0.0,0.0,True
strict,Retina 1,Rod,KANSL1,931,2094286,191.0,4.523965914282267,91.20053326050024,True
strict,Retina 1,Rod,KANSL1-AS1,931,2094286,20.0,2.356106339228337,9.549794058691125,True
strict,Retina 1,Rod,KHK,931,2094286,11.0,1.8329632680166024,5.252386732280119,True
strict,Retina 1,Rod,KLF5,931,2094286,1.0,0.39034450102479956,0.4774897029345562,True
strict,Retina 1,Rod,KRT8P26,931,2094286,,,,False
strict,Retina 1,Rod,LHPP,931,2094286,23.0,2.4834274869904585,10.982263167494793,True
strict,Retina 1,Rod,LINC01948,931,2094286,0.0,0.0,0.0,True
strict,Retina 1,Rod,LINC02052,931,2094286,,,,False
strict,Retina 1,Rod,LINC02210,931,2094286,,,,False
strict,Retina 1,Rod,LMO4,931,2094286,35.0,2.8742502577503433,16.712139602709467,True
strict,Retina 1,Rod,LMO7,931,2094286,26.0,2.5963535266377025,12.414732276298462,True
strict,Retina 1,Rod,LOXL1,931,2094286,0.0,0.0,0.0,True
strict,Retina 1,Rod,LOXL1-AS1,931,2094286,0.0,0.0,0.0,True
strict,Retina 1,Rod,LRRC37A,931,2094286,1.0,0.39034450102479956,0.4774897029345562,True
strict,Retina 1,Rod,LRRC37A17P,931,2094286,,,,False
strict,Retina 1,Rod,LRRC37A2,931,2094286,37.0,2.9267636343758587,17.66711900857858,True
strict,Retina 1,Rod,LRRC37A4P,931,2094286,,,,False
strict,Retina 1,Rod,LRWD1,931,2094286,41.0,3.024177729085943,19.577077820316806,True
strict,Retina 1,Rod,LTBP2,931,2094286,2.0,0.6703796592995498,0.9549794058691125,True
strict,Retina 1,Rod,LTBP3,931,2094286,7.0,1.4684336203867046,3.3424279205418936,True
strict,Retina 1,Rod,MADD,931,2094286,107.0,3.9529998336697942,51.091398213997515,True
strict,Retina 1,Rod,MAPK8IP1P1,931,2094286,,,,False
strict,Retina 1,Rod,MAPK8IP1P2,931,2094286,,,,False
strict,Retina 1,Rod,MAPT,931,2094286,28.0,2.665122636018223,13.369711682167575,True
strict,Retina 1,Rod,MAPT-AS1,931,2094286,0.0,0.0,0.0,True
strict,Retina 1,Rod,MAPT-IT1,931,2094286,,,,False
strict,Retina 1,Rod,ME3,931,2094286,5.0,1.220076987469738,2.3874485146727813,True
strict,Retina 1,Rod,MICE,931,2094286,,,,False
strict,Retina 1,Rod,MOV10,931,2094286,1.0,0.39034450102479956,0.4774897029345562,True
strict,Retina 1,Rod,MRPL33,931,2094286,431.0,5.331742771046811,205.79806196479373,True
strict,Retina 1,Rod,MTCH2,931,2094286,168.0,4.397140223004058,80.21827009300544,True
strict,Retina 1,Rod,MVB12B,931,2094286,7.0,1.4684336203867046,3.3424279205418936,True
strict,Retina 1,Rod,Metazoa_SRP,931,2094286,,,,False
strict,Retina 1,Rod,NEAT1,931,2094286,52.0,3.251515877221842,24.829464552596924,True
strict,Retina 1,Rod,NMT1,931,2094286,158.0,4.336550245343299,75.44337306365988,True
strict,Retina 1,Rod,NPEPPS,931,2094286,247.0,4.778618799597327,117.93995662483539,True
strict,Retina 1,Rod,NRBP1,931,2094286,129.0,4.136704120941387,61.59617167855775,True
strict,Retina 1,Rod,NSF,931,2094286,276.0,4.888747530634022,131.7871580099375,True
strict,Retina 1,Rod,NUCB2,931,2094286,281.0,4.9065673244046515,134.17460652461028,True
strict,Retina 1,Rod,NUDT7,931,2094286,40.0,3.000699323182548,19.09958811738225,True
strict,Retina 1,Rod,PDE6C,931,2094286,0.0,0.0,0.0,True
strict,Retina 1,Rod,PGAM1P8,931,2094286,,,,False
strict,Retina 1,Rod,PIBF1,931,2094286,68.0,3.510628594763885,32.46929979954982,True
strict,Retina 1,Rod,PIGC,931,2094286,70.0,3.538762106281321,33.424279205418934,True
strict,Retina 1,Rod,PKIB,931,2094286,450.0,5.374678071595132,214.8703663205503,True
strict,Retina 1,Rod,PLCE1,931,2094286,55.0,3.3054913577732523,26.26193366140059,True
strict,Retina 1,Rod,PLCE1-AS1,931,2094286,,,,False
strict,Retina 1,Rod,PLEKHA7,931,2094286,33.0,2.8188256413681376,15.757160196840355,True
strict,Retina 1,Rod,PLEKHM1,931,2094286,13.0,1.9751035777806645,6.207366138149231,True
strict,Retina 1,Rod,PPP1R18,931,2094286,15.0,2.0995315717917644,7.1623455440183434,True
strict,Retina 1,Rod,PRKCE,931,2094286,4.0,1.0681389270413846,1.909958811738225,True
strict,Retina 1,Rod,PROX2,931,2094286,,,,False
strict,Retina 1,Rod,PRSS23,931,2094286,0.0,0.0,0.0,True
strict,Retina 1,Rod,PSORS1C3,931,2094286,,,,False
strict,Retina 1,Rod,RAPSN,931,2094286,0.0,0.0,0.0,True
strict,Retina 1,Rod,RERE,931,2094286,127.0,4.12133035278089,60.64119227268864,True
strict,Retina 1,Rod,RIC8B,931,2094286,149.0,4.278691368718936,71.14596573724887,True
strict,Retina 1,Rod,RORA,931,2094286,384.0,5.21686892005705,183.3560459268696,True
strict,Retina 1,Rod,RP11-123K19.1,931,2094286,,,,False
strict,Retina 1,Rod,RP11-136H19.1,931,2094286,,,,False
strict,Retina 1,Rod,RP11-149I2.4,931,2094286,,,,False
strict,Retina 1,Rod,RP11-162I7.1,931,2094286,,,,False
strict,Retina 1,Rod,RP11-17G12.2,931,2094286,,,,False
strict,Retina 1,Rod,RP11-205K6.1,931,2094286,,,,False
strict,Retina 1,Rod,RP11-217B7.2,931,2094286,2.0,0.6703796592995498,0.9549794058691125,True
strict,Retina 1,Rod,RP11-259A24.1,931,2094286,,,,False
strict,Retina 1,Rod,RP11-259G18.1,931,2094286,,,,False
strict,Retina 1,Rod,RP11-259G18.3,931,2094286,,,,False
strict,Retina 1,Rod,RP11-293E1.1,931,2094286,,,,False
strict,Retina 1,Rod,RP11-293E1.2,931,2094286,,,,False
strict,Retina 1,Rod,RP11-302L19.3,931,2094286,0.0,0.0,0.0,True
strict,Retina 1,Rod,RP11-403A3.3,931,2094286,0.0,0.0,0.0,True
strict,Retina 1,Rod,RP11-412D9.4,931,2094286,55.0,3.3054913577732523,26.26193366140059,True
strict,Retina 1,Rod,RP11-507B12.1,931,2094286,,,,False
strict,Retina 1,Rod,RP11-507B12.2,931,2094286,0.0,0.0,0.0,True
strict,Retina 1,Rod,RP11-669E14.6,931,2094286,5.0,1.220076987469738,2.3874485146727813,True
strict,Retina 1,Rod,RP11-707O23.1,931,2094286,,,,False
strict,Retina 1,Rod,RP11-750H9.5,931,2094286,,,,False
strict,Retina 1,Rod,RP11-755F10.1,931,2094286,0.0,0.0,0.0,True
strict,Retina 1,Rod,RP11-762L8.6,931,2094286,,,,False
strict,Retina 1,Rod,RP11-770G2.2,931,2094286,,,,False
strict,Retina 1,Rod,RP11-798G7.6,931,2094286,19.0,2.309789514291505,9.072304355756568,True
strict,Retina 1,Rod,RP11-798G7.8,931,2094286,,,,False
strict,Retina 1,Rod,RP5-1115A15.1,931,2094286,0.0,0.0,0.0,True
strict,Retina 1,Rod,RPS26P8,931,2094286,,,,False
strict,Retina 1,Rod,SCRN2,931,2094286,61.0,3.4054175269428955,29.12687187900793,True
strict,Retina 1,Rod,SEMA3E,931,2094286,2.0,0.6703796592995498,0.9549794058691125,True
strict,Retina 1,Rod,SEPT7,931,2094286,470.0,5.417966040282233,224.42016037924142,True
strict,Retina 1,Rod,SF3A3,931,2094286,101.0,3.8964312837377664,48.226459996390176,True
strict,Retina 1,Rod,SFTA1P,931,2094286,0.0,0.0,0.0,True
strict,Retina 1,Rod,SGSM2,931,2094286,33.0,2.8188256413681376,15.757160196840355,True
strict,Retina 1,Rod,SLC25A45,931,2094286,0.0,0.0,0.0,True
strict,Retina 1,Rod,SLC39A13,931,2094286,15.0,2.0995315717917644,7.1623455440183434,True
strict,Retina 1,Rod,SMAD6,931,2094286,0.0,0.0,0.0,True
strict,Retina 1,Rod,SNORD14A,931,2094286,,,,False
strict,Retina 1,Rod,SSSCA1-AS1,931,2094286,,,,False
strict,Retina 1,Rod,TARID,931,2094286,0.0,0.0,0.0,True
strict,Retina 1,Rod,TBC1D31,931,2094286,13.0,1.9751035777806645,6.207366138149231,True
strict,Retina 1,Rod,TBKBP1,931,2094286,11.0,1.8329632680166024,5.252386732280119,True
strict,Retina 1,Rod,TBPL1,931,2094286,75.0,3.605816482450607,35.81172772009172,True
strict,Retina 1,Rod,TGFB3,931,2094286,1.0,0.39034450102479956,0.4774897029345562,True
strict,Retina 1,Rod,THCAT158,931,2094286,0.0,0.0,0.0,True
strict,Retina 1,Rod,THSD7A,931,2094286,1.0,0.39034450102479956,0.4774897029345562,True
strict,Retina 1,Rod,TIGD3,931,2094286,4.0,1.0681389270413846,1.909958811738225,True
strict,Retina 1,Rod,TMEM116,931,2094286,57.0,3.339921552321922,27.216913067269704,True
strict,Retina 1,Rod,TMEM136,931,2094286,528.0,5.533842205008551,252.11456314944567,True
strict,Retina 1,Rod,TMEM181,931,2094286,33.0,2.8188256413681376,15.757160196840355,True
strict,Retina 1,Rod,TMEM263,931,2094286,29.0,2.6978113885724144,13.84720138510213,True
strict,Retina 1,Rod,TRIM26,931,2094286,42.0,3.047117521068163,20.05456752325136,True
strict,Retina 1,Rod,TRIOBP,931,2094286,6.0,1.3519456968164962,2.8649382176073375,True
strict,Retina 1,Rod,TSC22D2,931,2094286,52.0,3.251515877221842,24.829464552596924,True
strict,Retina 1,Rod,TTC28,931,2094286,51.0,3.232856630342623,24.351974849662366,True
strict,Retina 1,Rod,TTLL5,931,2094286,112.0,3.997812492907033,53.4788467286703,True
strict,Retina 1,Rod,TXNDC8,931,2094286,,,,False
strict,Retina 1,Rod,TXNRD2,931,2094286,23.0,2.4834274869904585,10.982263167494793,True
strict,Retina 1,Rod,UTP11,931,2094286,59.0,3.373205659153957,28.17189247313882,True
strict,Retina 1,Rod,VARS2,931,2094286,14.0,2.039251618334953,6.684855841083787,True
strict,Retina 1,Rod,VCAM1,931,2094286,0.0,0.0,0.0,True
strict,Retina 1,Rod,WLS,931,2094286,346.0,5.113260696030511,165.21143721535645,True
strict,Retina 1,Rod,WNT2B,931,2094286,59.0,3.373205659153957,28.17189247313882,True
strict,Retina 1,Rod,XRCC6P1,931,2094286,,,,False
strict,Retina 1,Rod,XXbac-BPG170G13.32,931,2094286,0.0,0.0,0.0,True
strict,Retina 1,Rod,XXbac-BPG283O16.9,931,2094286,,,,False
strict,Retina 1,Rod,YAP1,931,2094286,2.0,0.6703796592995498,0.9549794058691125,True
strict,Retina 1,Rod,YIF1A,931,2094286,153.0,4.304820544927121,73.05592454898711,True
strict,Retina 1,Rod,ZNF280D,931,2094286,134.0,4.174135241111829,63.983620193230536,True
strict,Retina 1,Rod,ZNF638,931,2094286,323.0,5.044902567196146,154.22917404786165,True
strict,Retina 1,Rod,ZNF638-IT1,931,2094286,,,,False
strict,Retina 1,Cone,DGKG,21,109455,0.0,0.0,0.0,True
strict,Retina 1,Cone,SLC2A12,21,109455,0.0,0.0,0.0,True
strict,Retina 1,Cone,COL8A2,21,109455,0.0,0.0,0.0,True
strict,Retina 1,Cone,NPC2,21,109455,12.0,4.706228325519909,109.63409620391941,True
strict,Retina 1,Cone,PSMC3,21,109455,17.0,5.051873007775528,155.31496962221917,True
strict,Retina 1,Cone,RP11-466F5.8,21,109455,1.0,2.3161106768541497,9.136174683659952,True
strict,Retina 1,Cone,LPP,21,109455,0.0,0.0,0.0,True
strict,Retina 1,Cone,RP11-121M22.1,21,109455,0.0,0.0,0.0,True
strict,Retina 1,Cone,ABO,21,109455,0.0,0.0,0.0,True
strict,Retina 1,Cone,ADAMTS8,21,109455,0.0,0.0,0.0,True
strict,Retina 1,Cone,CALD1,21,109455,0.0,0.0,0.0,True
strict,Retina 1,Cone,CHEK2,21,109455,0.0,0.0,0.0,True
strict,Retina 1,Cone,GAS7,21,109455,30.0,5.61708101512737,274.08524050979855,True
strict,Retina 1,Cone,LMX1B,21,109455,,,,False
strict,Retina 1,Cone,TCF12,21,109455,3.0,3.3466892427735044,27.408524050979853,True
strict,Retina 1,Cone,TMCO1,21,109455,29.0,5.5833048085900865,264.9490658261386,True
strict,Retina 1,Cone,TRIB2,21,109455,9.0,4.421554658209937,82.22557215293956,True
strict,Retina 1,Cone,AC000078.5,21,109455,,,,False
strict,Retina 1,Cone,AC002066.1,21,109455,,,,False
strict,Retina 1,Cone,AC012066.1,21,109455,,,,False
strict,Retina 1,Cone,AC091132.1,21,109455,,,,False
strict,Retina 1,Cone,ACBD4,21,109455,0.0,0.0,0.0,True
strict,Retina 1,Cone,AFAP1,21,109455,1.0,2.3161106768541497,9.136174683659952,True
strict,Retina 1,Cone,ALDH2,21,109455,7.0,4.173667361371663,63.95322278561966,True
strict,Retina 1,Cone,AP003068.23,21,109455,0.0,0.0,0.0,True
strict,Retina 1,Cone,AP5B1,21,109455,1.0,2.3161106768541497,9.136174683659952,True
strict,Retina 1,Cone,AREL1,21,109455,0.0,0.0,0.0,True
strict,Retina 1,Cone,ARHGAP27,21,109455,0.0,0.0,0.0,True
strict,Retina 1,Cone,ARHGEF12,21,109455,8.0,4.305272437979242,73.08939746927962,True
strict,Retina 1,Cone,ARL17A,21,109455,3.0,3.3466892427735044,27.408524050979853,True
strict,Retina 1,Cone,ATP5J,21,109455,114.0,6.949399892438383,1041.5239139372345,True
strict,Retina 1,Cone,BICC1,21,109455,0.0,0.0,0.0,True
strict,Retina 1,Cone,BORA,21,109455,2.0,2.958671393381958,18.272349367319904,True
strict,Retina 1,Cone,C1orf109,21,109455,3.0,3.3466892427735044,27.408524050979853,True
strict,Retina 1,Cone,C1orf122,21,109455,49.0,6.106293355549876,447.67255949933764,True
strict,Retina 1,Cone,C22orf29,21,109455,3.0,3.3466892427735044,27.408524050979853,True
strict,Retina 1,Cone,C6orf15,21,109455,,,,False
strict,Retina 1,Cone,CADM1,21,109455,19.0,5.162425011842001,173.58731898953909,True
strict,Retina 1,Cone,CADM2,21,109455,75.0,6.531188222743542,685.2131012744964,True
strict,Retina 1,Cone,CAV2,21,109455,0.0,0.0,0.0,True
strict,Retina 1,Cone,CCDC117,21,109455,1.0,2.3161106768541497,9.136174683659952,True
strict,Retina 1,Cone,CDC14A,21,109455,3.0,3.3466892427735044,27.408524050979853,True
strict,Retina 1,Cone,CDKN2A,21,109455,0.0,0.0,0.0,True
strict,Retina 1,Cone,CDKN2B-AS1,21,109455,0.0,0.0,0.0,True
strict,Retina 1,Cone,CELF1,21,109455,11.0,4.620038320639261,100.49792152025947,True
strict,Retina 1,Cone,CLIC5,21,109455,0.0,0.0,0.0,True
strict,Retina 1,Cone,CMB9-22P13.1,21,109455,,,,False
strict,Retina 1,Cone,COL11A1,21,109455,1.0,2.3161106768541497,9.136174683659952,True
strict,Retina 1,Cone,CRHR1,21,109455,0.0,0.0,0.0,True
strict,Retina 1,Cone,CTA-292E10.6,21,109455,0.0,0.0,0.0,True
strict,Retina 1,Cone,CTB-39G8.3,21,109455,,,,False
strict,Retina 1,Cone,CTD-2005H7.1,21,109455,0.0,0.0,0.0,True
strict,Retina 1,Cone,CTD-2020K17.1,21,109455,0.0,0.0,0.0,True
strict,Retina 1,Cone,CTD-2020K17.3,21,109455,0.0,0.0,0.0,True
strict,Retina 1,Cone,CTTNBP2,21,109455,0.0,0.0,0.0,True
strict,Retina 1,Cone,DDX39BP2,21,109455,,,,False
strict,Retina 1,Cone,DIO1,21,109455,,,,False
strict,Retina 1,Cone,DND1P1,21,109455,,,,False
strict,Retina 1,Cone,DYSF,21,109455,0.0,0.0,0.0,True
strict,Retina 1,Cone,EFCAB13,21,109455,0.0,0.0,0.0,True
strict,Retina 1,Cone,EFEMP1,21,109455,0.0,0.0,0.0,True
strict,Retina 1,Cone,EHBP1L1,21,109455,0.0,0.0,0.0,True
strict,Retina 1,Cone,FAM215B,21,109455,2.0,2.958671393381958,18.272349367319904,True
strict,Retina 1,Cone,FAM83A,21,109455,,,,False
strict,Retina 1,Cone,FAM83A-AS1,21,109455,,,,False
strict,Retina 1,Cone,FAM89B,21,109455,0.0,0.0,0.0,True
strict,Retina 1,Cone,FHL3,21,109455,0.0,0.0,0.0,True
strict,Retina 1,Cone,FLOT1,21,109455,3.0,3.3466892427735044,27.408524050979853,True
strict,Retina 1,Cone,FLVCR2,21,109455,0.0,0.0,0.0,True
strict,Retina 1,Cone,FMNL1,21,109455,0.0,0.0,0.0,True
strict,Retina 1,Cone,FNDC4,21,109455,4.0,3.6255321894056523,36.54469873463981,True
strict,Retina 1,Cone,GALR3,21,109455,,,,False
strict,Retina 1,Cone,GCAT,21,109455,0.0,0.0,0.0,True
strict,Retina 1,Cone,GLIS1,21,109455,0.0,0.0,0.0,True
strict,Retina 1,Cone,H1F0,21,109455,0.0,0.0,0.0,True
strict,Retina 1,Cone,HCG4,21,109455,,,,False
strict,Retina 1,Cone,HCG4B,21,109455,,,,False
strict,Retina 1,Cone,HCG4P5,21,109455,,,,False
strict,Retina 1,Cone,HCG4P7,21,109455,,,,False
strict,Retina 1,Cone,HCG9,21,109455,0.0,0.0,0.0,True
strict,Retina 1,Cone,HCP5B,21,109455,0.0,0.0,0.0,True
strict,Retina 1,Cone,HECTD4,21,109455,5.0,3.843334518003803,45.68087341829976,True
strict,Retina 1,Cone,HLA-A,21,109455,3.0,3.3466892427735044,27.408524050979853,True
strict,Retina 1,Cone,HLA-C,21,109455,2.0,2.958671393381958,18.272349367319904,True
strict,Retina 1,Cone,HLA-F,21,109455,0.0,0.0,0.0,True
strict,Retina 1,Cone,HLA-F-AS1,21,109455,,,,False
strict,Retina 1,Cone,HLA-G,21,109455,0.0,0.0,0.0,True
strict,Retina 1,Cone,HLA-H,21,109455,,,,False
strict,Retina 1,Cone,HLA-J,21,109455,,,,False
strict,Retina 1,Cone,HLA-L,21,109455,,,,False
strict,Retina 1,Cone,HLA-T,21,109455,,,,False
strict,Retina 1,Cone,HLA-U,21,109455,,,,False
strict,Retina 1,Cone,HLA-V,21,109455,,,,False
strict,Retina 1,Cone,HLA-W,21,109455,,,,False
strict,Retina 1,Cone,HSCB,21,109455,0.0,0.0,0.0,True
strict,Retina 1,Cone,HTRA3,21,109455,0.0,0.0,0.0,True
strict,Retina 1,Cone,IFITM4P,21,109455,,,,False
strict,Retina 1,Cone,IFT172,21,109455,3.0,3.3466892427735044,27.408524050979853,True
strict,Retina 1,Cone,INPP5B,21,109455,0.0,0.0,0.0,True
strict,Retina 1,Cone,ITGB3,21,109455,0.0,0.0,0.0,True
strict,Retina 1,Cone,KANSL1,21,109455,12.0,4.706228325519909,109.63409620391941,True
strict,Retina 1,Cone,KANSL1-AS1,21,109455,0.0,0.0,0.0,True
strict,Retina 1,Cone,KHK,21,109455,2.0,2.958671393381958,18.272349367319904,True
strict,Retina 1,Cone,KLF5,21,109455,0.0,0.0,0.0,True
strict,Retina 1,Cone,KRT8P26,21,109455,,,,False
strict,Retina 1,Cone,LHPP,21,109455,3.0,3.3466892427735044,27.408524050979853,True
strict,Retina 1,Cone,LINC01948,21,109455,0.0,0.0,0.0,True
strict,Retina 1,Cone,LINC02052,21,109455,,,,False
strict,Retina 1,Cone,LINC02210,21,109455,,,,False
strict,Retina 1,Cone,LMO4,21,109455,11.0,4.620038320639261,100.49792152025947,True
strict,Retina 1,Cone,LMO7,21,109455,1.0,2.3161106768541497,9.136174683659952,True
strict,Retina 1,Cone,LOXL1,21,109455,0.0,0.0,0.0,True
strict,Retina 1,Cone,LOXL1-AS1,21,109455,0.0,0.0,0.0,True
strict,Retina 1,Cone,LRRC37A,21,109455,0.0,0.0,0.0,True
strict,Retina 1,Cone,LRRC37A17P,21,109455,,,,False
strict,Retina 1,Cone,LRRC37A2,21,109455,0.0,0.0,0.0,True
strict,Retina 1,Cone,LRRC37A4P,21,109455,,,,False
strict,Retina 1,Cone,LRWD1,21,109455,1.0,2.3161106768541497,9.136174683659952,True
strict,Retina 1,Cone,LTBP2,21,109455,0.0,0.0,0.0,True
strict,Retina 1,Cone,LTBP3,21,109455,0.0,0.0,0.0,True
strict,Retina 1,Cone,MADD,21,109455,7.0,4.173667361371663,63.95322278561966,True
strict,Retina 1,Cone,MAPK8IP1P1,21,109455,,,,False
strict,Retina 1,Cone,MAPK8IP1P2,21,109455,,,,False
strict,Retina 1,Cone,MAPT,21,109455,4.0,3.6255321894056523,36.54469873463981,True
strict,Retina 1,Cone,MAPT-AS1,21,109455,0.0,0.0,0.0,True
strict,Retina 1,Cone,MAPT-IT1,21,109455,,,,False
strict,Retina 1,Cone,ME3,21,109455,0.0,0.0,0.0,True
strict,Retina 1,Cone,MICE,21,109455,,,,False
strict,Retina 1,Cone,MOV10,21,109455,0.0,0.0,0.0,True
strict,Retina 1,Cone,MRPL33,21,109455,25.0,5.435486241530192,228.40436709149878,True
strict,Retina 1,Cone,MTCH2,21,109455,12.0,4.706228325519909,109.63409620391941,True
strict,Retina 1,Cone,MVB12B,21,109455,0.0,0.0,0.0,True
strict,Retina 1,Cone,Metazoa_SRP,21,109455,,,,False
strict,Retina 1,Cone,NEAT1,21,109455,3.0,3.3466892427735044,27.408524050979853,True
strict,Retina 1,Cone,NMT1,21,109455,10.0,4.5257128976530385,91.36174683659952,True
strict,Retina 1,Cone,NPEPPS,21,109455,18.0,5.108675950668147,164.45114430587913,True
strict,Retina 1,Cone,NRBP1,21,109455,3.0,3.3466892427735044,27.408524050979853,True
strict,Retina 1,Cone,NSF,21,109455,22.0,5.3082471181821225,200.99584304051893,True
strict,Retina 1,Cone,NUCB2,21,109455,9.0,4.421554658209937,82.22557215293956,True
strict,Retina 1,Cone,NUDT7,21,109455,1.0,2.3161106768541497,9.136174683659952,True
strict,Retina 1,Cone,PDE6C,21,109455,23.0,5.352483614240092,210.1320177241789,True
strict,Retina 1,Cone,PGAM1P8,21,109455,,,,False
strict,Retina 1,Cone,PIBF1,21,109455,0.0,0.0,0.0,True
strict,Retina 1,Cone,PIGC,21,109455,5.0,3.843334518003803,45.68087341829976,True
strict,Retina 1,Cone,PKIB,21,109455,29.0,5.5833048085900865,264.9490658261386,True
strict,Retina 1,Cone,PLCE1,21,109455,2.0,2.958671393381958,18.272349367319904,True
strict,Retina 1,Cone,PLCE1-AS1,21,109455,,,,False
strict,Retina 1,Cone,PLEKHA7,21,109455,6.0,4.02207934426556,54.817048101959706,True
strict,Retina 1,Cone,PLEKHM1,21,109455,0.0,0.0,0.0,True
strict,Retina 1,Cone,PPP1R18,21,109455,2.0,2.958671393381958,18.272349367319904,True
strict,Retina 1,Cone,PRKCE,21,109455,0.0,0.0,0.0,True
strict,Retina 1,Cone,PROX2,21,109455,,,,False
strict,Retina 1,Cone,PRSS23,21,109455,0.0,0.0,0.0,True
strict,Retina 1,Cone,PSORS1C3,21,109455,,,,False
strict,Retina 1,Cone,RAPSN,21,109455,0.0,0.0,0.0,True
strict,Retina 1,Cone,RERE,21,109455,12.0,4.706228325519909,109.63409620391941,True
strict,Retina 1,Cone,RIC8B,21,109455,0.0,0.0,0.0,True
strict,Retina 1,Cone,RORA,21,109455,57.0,6.257211462740464,520.7619569686173,True
strict,Retina 1,Cone,RP11-123K19.1,21,109455,,,,False
strict,Retina 1,Cone,RP11-136H19.1,21,109455,,,,False
strict,Retina 1,Cone,RP11-149I2.4,21,109455,,,,False
strict,Retina 1,Cone,RP11-162I7.1,21,109455,,,,False
strict,Retina 1,Cone,RP11-17G12.2,21,109455,,,,False
strict,Retina 1,Cone,RP11-205K6.1,21,109455,,,,False
strict,Retina 1,Cone,RP11-217B7.2,21,109455,0.0,0.0,0.0,True
strict,Retina 1,Cone,RP11-259A24.1,21,109455,,,,False
strict,Retina 1,Cone,RP11-259G18.1,21,109455,,,,False
strict,Retina 1,Cone,RP11-259G18.3,21,109455,,,,False
strict,Retina 1,Cone,RP11-293E1.1,21,109455,,,,False
strict,Retina 1,Cone,RP11-293E1.2,21,109455,,,,False
strict,Retina 1,Cone,RP11-302L19.3,21,109455,0.0,0.0,0.0,True
strict,Retina 1,Cone,RP11-403A3.3,21,109455,0.0,0.0,0.0,True
strict,Retina 1,Cone,RP11-412D9.4,21,109455,1.0,2.3161106768541497,9.136174683659952,True
strict,Retina 1,Cone,RP11-507B12.1,21,109455,,,,False
strict,Retina 1,Cone,RP11-507B12.2,21,109455,0.0,0.0,0.0,True
strict,Retina 1,Cone,RP11-669E14.6,21,109455,0.0,0.0,0.0,True
strict,Retina 1,Cone,RP11-707O23.1,21,109455,,,,False
strict,Retina 1,Cone,RP11-750H9.5,21,109455,,,,False
strict,Retina 1,Cone,RP11-755F10.1,21,109455,0.0,0.0,0.0,True
strict,Retina 1,Cone,RP11-762L8.6,21,109455,,,,False
strict,Retina 1,Cone,RP11-770G2.2,21,109455,,,,False
strict,Retina 1,Cone,RP11-798G7.6,21,109455,0.0,0.0,0.0,True
strict,Retina 1,Cone,RP11-798G7.8,21,109455,,,,False
strict,Retina 1,Cone,RP5-1115A15.1,21,109455,0.0,0.0,0.0,True
strict,Retina 1,Cone,RPS26P8,21,109455,,,,False
strict,Retina 1,Cone,SCRN2,21,109455,1.0,2.3161106768541497,9.136174683659952,True
strict,Retina 1,Cone,SEMA3E,21,109455,0.0,0.0,0.0,True
strict,Retina 1,Cone,SEPT7,21,109455,22.0,5.3082471181821225,200.99584304051893,True
strict,Retina 1,Cone,SF3A3,21,109455,2.0,2.958671393381958,18.272349367319904,True
strict,Retina 1,Cone,SFTA1P,21,109455,0.0,0.0,0.0,True
strict,Retina 1,Cone,SGSM2,21,109455,1.0,2.3161106768541497,9.136174683659952,True
strict,Retina 1,Cone,SLC25A45,21,109455,0.0,0.0,0.0,True
strict,Retina 1,Cone,SLC39A13,21,109455,3.0,3.3466892427735044,27.408524050979853,True
strict,Retina 1,Cone,SMAD6,21,109455,0.0,0.0,0.0,True
strict,Retina 1,Cone,SNORD14A,21,109455,,,,False
strict,Retina 1,Cone,SSSCA1-AS1,21,109455,,,,False
strict,Retina 1,Cone,TARID,21,109455,0.0,0.0,0.0,True
strict,Retina 1,Cone,TBC1D31,21,109455,2.0,2.958671393381958,18.272349367319904,True
strict,Retina 1,Cone,TBKBP1,21,109455,1.0,2.3161106768541497,9.136174683659952,True
strict,Retina 1,Cone,TBPL1,21,109455,3.0,3.3466892427735044,27.408524050979853,True
strict,Retina 1,Cone,TGFB3,21,109455,0.0,0.0,0.0,True
strict,Retina 1,Cone,THCAT158,21,109455,0.0,0.0,0.0,True
strict,Retina 1,Cone,THSD7A,21,109455,9.0,4.421554658209937,82.22557215293956,True
strict,Retina 1,Cone,TIGD3,21,109455,0.0,0.0,0.0,True
strict,Retina 1,Cone,TMEM116,21,109455,1.0,2.3161106768541497,9.136174683659952,True
strict,Retina 1,Cone,TMEM136,21,109455,9.0,4.421554658209937,82.22557215293956,True
strict,Retina 1,Cone,TMEM181,21,109455,2.0,2.958671393381958,18.272349367319904,True
strict,Retina 1,Cone,TMEM263,21,109455,3.0,3.3466892427735044,27.408524050979853,True
strict,Retina 1,Cone,TRIM26,21,109455,2.0,2.958671393381958,18.272349367319904,True
strict,Retina 1,Cone,TRIOBP,21,109455,0.0,0.0,0.0,True
strict,Retina 1,Cone,TSC22D2,21,109455,3.0,3.3466892427735044,27.408524050979853,True
strict,Retina 1,Cone,TTC28,21,109455,4.0,3.6255321894056523,36.54469873463981,True
strict,Retina 1,Cone,TTLL5,21,109455,3.0,3.3466892427735044,27.408524050979853,True
strict,Retina 1,Cone,TXNDC8,21,109455,,,,False
strict,Retina 1,Cone,TXNRD2,21,109455,1.0,2.3161106768541497,9.136174683659952,True
strict,Retina 1,Cone,UTP11,21,109455,3.0,3.3466892427735044,27.408524050979853,True
strict,Retina 1,Cone,VARS2,21,109455,0.0,0.0,0.0,True
strict,Retina 1,Cone,VCAM1,21,109455,0.0,0.0,0.0,True
strict,Retina 1,Cone,WLS,21,109455,24.0,5.394845860305704,219.26819240783882,True
strict,Retina 1,Cone,WNT2B,21,109455,2.0,2.958671393381958,18.272349367319904,True
strict,Retina 1,Cone,XRCC6P1,21,109455,,,,False
strict,Retina 1,Cone,XXbac-BPG170G13.32,21,109455,0.0,0.0,0.0,True
strict,Retina 1,Cone,XXbac-BPG283O16.9,21,109455,,,,False
strict,Retina 1,Cone,YAP1,21,109455,0.0,0.0,0.0,True
strict,Retina 1,Cone,YIF1A,21,109455,5.0,3.843334518003803,45.68087341829976,True
strict,Retina 1,Cone,ZNF280D,21,109455,8.0,4.305272437979242,73.08939746927962,True
strict,Retina 1,Cone,ZNF638,21,109455,11.0,4.620038320639261,100.49792152025947,True
strict,Retina 1,Cone,ZNF638-IT1,21,109455,,,,False
strict,Retina 1,Bipolar,DGKG,277,885735,0.0,0.0,0.0,True
strict,Retina 1,Bipolar,SLC2A12,277,885735,0.0,0.0,0.0,True
strict,Retina 1,Bipolar,COL8A2,277,885735,0.0,0.0,0.0,True
strict,Retina 1,Bipolar,NPC2,277,885735,44.0,3.9254575084365655,49.67625757139551,True
strict,Retina 1,Bipolar,PSMC3,277,885735,98.0,4.715302461803906,110.64257368174454,True
strict,Retina 1,Bipolar,RP11-466F5.8,277,885735,0.0,0.0,0.0,True
strict,Retina 1,Bipolar,LPP,277,885735,8.0,2.305784652057781,9.03204683116282,True
strict,Retina 1,Bipolar,RP11-121M22.1,277,885735,0.0,0.0,0.0,True
strict,Retina 1,Bipolar,ABO,277,885735,0.0,0.0,0.0,True
strict,Retina 1,Bipolar,ADAMTS8,277,885735,1.0,0.7556551355061308,1.1290058538953525,True
strict,Retina 1,Bipolar,CALD1,277,885735,129.0,4.987992572584892,145.64175515250048,True
strict,Retina 1,Bipolar,CHEK2,277,885735,0.0,0.0,0.0,True
strict,Retina 1,Bipolar,GAS7,277,885735,168.0,5.250559832168597,189.6729834544192,True
strict,Retina 1,Bipolar,LMX1B,277,885735,,,,False
strict,Retina 1,Bipolar,TCF12,277,885735,12.0,2.6774583557317424,13.54807024674423,True
strict,Retina 1,Bipolar,TMCO1,277,885735,156.0,5.176855208004655,176.12491320767498,True
strict,Retina 1,Bipolar,TRIB2,277,885735,76.0,4.463657828834997,85.80444489604679,True
strict,Retina 1,Bipolar,AC000078.5,277,885735,,,,False
strict,Retina 1,Bipolar,AC002066.1,277,885735,,,,False
strict,Retina 1,Bipolar,AC012066.1,277,885735,,,,False
strict,Retina 1,Bipolar,AC091132.1,277,885735,,,,False
strict,Retina 1,Bipolar,ACBD4,277,885735,15.0,2.88675900689812,16.935087808430286,True
strict,Retina 1,Bipolar,AFAP1,277,885735,3.0,1.4786496252957493,3.3870175616860574,True
strict,Retina 1,Bipolar,ALDH2,277,885735,94.0,4.674010848376015,106.12655026616314,True
strict,Retina 1,Bipolar,AP003068.23,277,885735,0.0,0.0,0.0,True
strict,Retina 1,Bipolar,AP5B1,277,885735,2.0,1.1811171037248713,2.258011707790705,True
strict,Retina 1,Bipolar,AREL1,277,885735,12.0,2.6774583557317424,13.54807024674423,True
strict,Retina 1,Bipolar,ARHGAP27,277,885735,1.0,0.7556551355061308,1.1290058538953525,True
strict,Retina 1,Bipolar,ARHGEF12,277,885735,145.0,5.104161148482788,163.7058488148261,True
strict,Retina 1,Bipolar,ARL17A,277,885735,25.0,3.375029514954963,28.225146347383813,True
strict,Retina 1,Bipolar,ATP5J,277,885735,463.0,6.260975731304196,522.7297103535482,True
strict,Retina 1,Bipolar,BICC1,277,885735,0.0,0.0,0.0,True
strict,Retina 1,Bipolar,BORA,277,885735,7.0,2.1863929012168475,7.903040977267467,True
strict,Retina 1,Bipolar,C1orf109,277,885735,23.0,3.2946188890007595,25.967134639593105,True
strict,Retina 1,Bipolar,C1orf122,277,885735,299.0,5.824738988949354,337.5727503147104,True
strict,Retina 1,Bipolar,C22orf29,277,885735,29.0,3.5187187464328162,32.74116976296522,True
strict,Retina 1,Bipolar,C6orf15,277,885735,,,,False
strict,Retina 1,Bipolar,CADM1,277,885735,541.0,6.416392628361526,610.7921669573857,True
strict,Retina 1,Bipolar,CADM2,277,885735,271.0,5.726719356301873,305.9605864056405,True
strict,Retina 1,Bipolar,CAV2,277,885735,2.0,1.1811171037248713,2.258011707790705,True
strict,Retina 1,Bipolar,CCDC117,277,885735,12.0,2.6774583557317424,13.54807024674423,True
strict,Retina 1,Bipolar,CDC14A,277,885735,2.0,1.1811171037248713,2.258011707790705,True
strict,Retina 1,Bipolar,CDKN2A,277,885735,1.0,0.7556551355061308,1.1290058538953525,True
strict,Retina 1,Bipolar,CDKN2B-AS1,277,885735,0.0,0.0,0.0,True
strict,Retina 1,Bipolar,CELF1,277,885735,92.0,4.652707552003739,103.86853855837242,True
strict,Retina 1,Bipolar,CLIC5,277,885735,1.0,0.7556551355061308,1.1290058538953525,True
strict,Retina 1,Bipolar,CMB9-22P13.1,277,885735,,,,False
strict,Retina 1,Bipolar,COL11A1,277,885735,0.0,0.0,0.0,True
strict,Retina 1,Bipolar,CRHR1,277,885735,0.0,0.0,0.0,True
strict,Retina 1,Bipolar,CTA-292E10.6,277,885735,5.0,1.893869096892417,5.645029269476762,True
strict,Retina 1,Bipolar,CTB-39G8.3,277,885735,,,,False
strict,Retina 1,Bipolar,CTD-2005H7.1,277,885735,2.0,1.1811171037248713,2.258011707790705,True
strict,Retina 1,Bipolar,CTD-2020K17.1,277,885735,2.0,1.1811171037248713,2.258011707790705,True
strict,Retina 1,Bipolar,CTD-2020K17.3,277,885735,5.0,1.893869096892417,5.645029269476762,True
strict,Retina 1,Bipolar,CTTNBP2,277,885735,12.0,2.6774583557317424,13.54807024674423,True
strict,Retina 1,Bipolar,DDX39BP2,277,885735,,,,False
strict,Retina 1,Bipolar,DIO1,277,885735,,,,False
strict,Retina 1,Bipolar,DND1P1,277,885735,,,,False
strict,Retina 1,Bipolar,DYSF,277,885735,2.0,1.1811171037248713,2.258011707790705,True
strict,Retina 1,Bipolar,EFCAB13,277,885735,4.0,1.7076572049513075,4.51602341558141,True
strict,Retina 1,Bipolar,EFEMP1,277,885735,1.0,0.7556551355061308,1.1290058538953525,True
strict,Retina 1,Bipolar,EHBP1L1,277,885735,1.0,0.7556551355061308,1.1290058538953525,True
strict,Retina 1,Bipolar,FAM215B,277,885735,31.0,3.583496201274176,34.99918147075593,True
strict,Retina 1,Bipolar,FAM83A,277,885735,,,,False
strict,Retina 1,Bipolar,FAM83A-AS1,277,885735,,,,False
strict,Retina 1,Bipolar,FAM89B,277,885735,4.0,1.7076572049513075,4.51602341558141,True
strict,Retina 1,Bipolar,FHL3,277,885735,0.0,0.0,0.0,True
strict,Retina 1,Bipolar,FLOT1,277,885735,49.0,4.031072560325837,55.32128684087227,True
strict,Retina 1,Bipolar,FLVCR2,277,885735,0.0,0.0,0.0,True
strict,Retina 1,Bipolar,FMNL1,277,885735,1.0,0.7556551355061308,1.1290058538953525,True
strict,Retina 1,Bipolar,FNDC4,277,885735,26.0,3.412933318733597,29.354152201279163,True
strict,Retina 1,Bipolar,GALR3,277,885735,,,,False
strict,Retina 1,Bipolar,GCAT,277,885735,12.0,2.6774583557317424,13.54807024674423,True
strict,Retina 1,Bipolar,GLIS1,277,885735,0.0,0.0,0.0,True
strict,Retina 1,Bipolar,H1F0,277,885735,164.0,5.226590189030652,185.1569600388378,True
strict,Retina 1,Bipolar,HCG4,277,885735,,,,False
strict,Retina 1,Bipolar,HCG4B,277,885735,,,,False
strict,Retina 1,Bipolar,HCG4P5,277,885735,,,,False
strict,Retina 1,Bipolar,HCG4P7,277,885735,,,,False
strict,Retina 1,Bipolar,HCG9,277,885735,0.0,0.0,0.0,True
strict,Retina 1,Bipolar,HCP5B,277,885735,0.0,0.0,0.0,True
strict,Retina 1,Bipolar,HECTD4,277,885735,21.0,3.2071725249068925,23.7091229318024,True
strict,Retina 1,Bipolar,HLA-A,277,885735,125.0,4.9567121006021715,141.12573173691905,True
strict,Retina 1,Bipolar,HLA-C,277,885735,95.0,4.684494692309616,107.25555612005849,True
strict,Retina 1,Bipolar,HLA-F,277,885735,0.0,0.0,0.0,True
strict,Retina 1,Bipolar,HLA-F-AS1,277,885735,,,,False
strict,Retina 1,Bipolar,HLA-G,277,885735,1.0,0.7556551355061308,1.1290058538953525,True
strict,Retina 1,Bipolar,HLA-H,277,885735,,,,False
strict,Retina 1,Bipolar,HLA-J,277,885735,,,,False
strict,Retina 1,Bipolar,HLA-L,277,885735,,,,False
strict,Retina 1,Bipolar,HLA-T,277,885735,,,,False
strict,Retina 1,Bipolar,HLA-U,277,885735,,,,False
strict,Retina 1,Bipolar,HLA-V,277,885735,,,,False
strict,Retina 1,Bipolar,HLA-W,277,885735,,,,False
strict,Retina 1,Bipolar,HSCB,277,885735,14.0,2.8217408419986545,15.806081954534934,True
strict,Retina 1,Bipolar,HTRA3,277,885735,0.0,0.0,0.0,True
strict,Retina 1,Bipolar,IFITM4P,277,885735,,,,False
strict,Retina 1,Bipolar,IFT172,277,885735,17.0,3.0053409379379463,19.193099516220993,True
strict,Retina 1,Bipolar,INPP5B,277,885735,3.0,1.4786496252957493,3.3870175616860574,True
strict,Retina 1,Bipolar,ITGB3,277,885735,0.0,0.0,0.0,True
strict,Retina 1,Bipolar,KANSL1,277,885735,87.0,4.5973749750127695,98.22350928889567,True
strict,Retina 1,Bipolar,KANSL1-AS1,277,885735,5.0,1.893869096892417,5.645029269476762,True
strict,Retina 1,Bipolar,KHK,277,885735,14.0,2.8217408419986545,15.806081954534934,True
strict,Retina 1,Bipolar,KLF5,277,885735,0.0,0.0,0.0,True
strict,Retina 1,Bipolar,KRT8P26,277,885735,,,,False
strict,Retina 1,Bipolar,LHPP,277,885735,9.0,2.412430279122805,10.161052685058172,True
strict,Retina 1,Bipolar,LINC01948,277,885735,0.0,0.0,0.0,True
strict,Retina 1,Bipolar,LINC02052,277,885735,,,,False
strict,Retina 1,Bipolar,LINC02210,277,885735,,,,False
strict,Retina 1,Bipolar,LMO4,277,885735,229.0,5.558919851308168,258.54234054203573,True
strict,Retina 1,Bipolar,LMO7,277,885735,2.0,1.1811171037248713,2.258011707790705,True
strict,Retina 1,Bipolar,LOXL1,277,885735,1.0,0.7556551355061308,1.1290058538953525,True
strict,Retina 1,Bipolar,LOXL1-AS1,277,885735,0.0,0.0,0.0,True
strict,Retina 1,Bipolar,LRRC37A,277,885735,0.0,0.0,0.0,True
strict,Retina 1,Bipolar,LRRC37A17P,277,885735,,,,False
strict,Retina 1,Bipolar,LRRC37A2,277,885735,24.0,3.3356322179202884,27.09614049348846,True
strict,Retina 1,Bipolar,LRRC37A4P,277,885735,,,,False
strict,Retina 1,Bipolar,LRWD1,277,885735,13.0,2.7521995243604818,14.677076100639582,True
strict,Retina 1,Bipolar,LTBP2,277,885735,3.0,1.4786496252957493,3.3870175616860574,True
strict,Retina 1,Bipolar,LTBP3,277,885735,15.0,2.88675900689812,16.935087808430286,True
strict,Retina 1,Bipolar,MADD,277,885735,36.0,3.7291623611182088,40.64421074023269,True
strict,Retina 1,Bipolar,MAPK8IP1P1,277,885735,,,,False
strict,Retina 1,Bipolar,MAPK8IP1P2,277,885735,,,,False
strict,Retina 1,Bipolar,MAPT,277,885735,221.0,5.523500012338815,249.5102937108729,True
strict,Retina 1,Bipolar,MAPT-AS1,277,885735,23.0,3.2946188890007595,25.967134639593105,True
strict,Retina 1,Bipolar,MAPT-IT1,277,885735,,,,False
strict,Retina 1,Bipolar,ME3,277,885735,40.0,3.83211869488659,45.160234155814095,True
strict,Retina 1,Bipolar,MICE,277,885735,,,,False
strict,Retina 1,Bipolar,MOV10,277,885735,0.0,0.0,0.0,True
strict,Retina 1,Bipolar,MRPL33,277,885735,292.0,5.80112002019976,329.6697093374429,True
strict,Retina 1,Bipolar,MTCH2,277,885735,55.0,4.144646629940644,62.095321964244384,True
strict,Retina 1,Bipolar,MVB12B,277,885735,8.0,2.305784652057781,9.03204683116282,True
strict,Retina 1,Bipolar,Metazoa_SRP,277,885735,,,,False
strict,Retina 1,Bipolar,NEAT1,277,885735,259.0,5.6815795238272875,292.41251615889627,True
strict,Retina 1,Bipolar,NMT1,277,885735,45.0,3.947491754630288,50.80526342529086,True
strict,Retina 1,Bipolar,NPEPPS,277,885735,126.0,4.9646244272351625,142.25473759081441,True
strict,Retina 1,Bipolar,NRBP1,277,885735,49.0,4.031072560325837,55.32128684087227,True
strict,Retina 1,Bipolar,NSF,277,885735,130.0,4.995662160840671,146.77076100639582,True
strict,Retina 1,Bipolar,NUCB2,277,885735,98.0,4.715302461803906,110.64257368174454,True
strict,Retina 1,Bipolar,NUDT7,277,885735,9.0,2.412430279122805,10.161052685058172,True
strict,Retina 1,Bipolar,PDE6C,277,885735,1.0,0.7556551355061308,1.1290058538953525,True
strict,Retina 1,Bipolar,PGAM1P8,277,885735,,,,False
strict,Retina 1,Bipolar,PIBF1,277,885735,27.0,3.449452737932239,30.483158055174517,True
strict,Retina 1,Bipolar,PIGC,277,885735,27.0,3.449452737932239,30.483158055174517,True
strict,Retina 1,Bipolar,PKIB,277,885735,49.0,4.031072560325837,55.32128684087227,True
strict,Retina 1,Bipolar,PLCE1,277,885735,14.0,2.8217408419986545,15.806081954534934,True
strict,Retina 1,Bipolar,PLCE1-AS1,277,885735,,,,False
strict,Retina 1,Bipolar,PLEKHA7,277,885735,5.0,1.893869096892417,5.645029269476762,True
strict,Retina 1,Bipolar,PLEKHM1,277,885735,5.0,1.893869096892417,5.645029269476762,True
strict,Retina 1,Bipolar,PPP1R18,277,885735,1.0,0.7556551355061308,1.1290058538953525,True
strict,Retina 1,Bipolar,PRKCE,277,885735,80.0,4.514374949896673,90.32046831162819,True
strict,Retina 1,Bipolar,PROX2,277,885735,,,,False
strict,Retina 1,Bipolar,PRSS23,277,885735,14.0,2.8217408419986545,15.806081954534934,True
strict,Retina 1,Bipolar,PSORS1C3,277,885735,,,,False
strict,Retina 1,Bipolar,RAPSN,277,885735,0.0,0.0,0.0,True
strict,Retina 1,Bipolar,RERE,277,885735,126.0,4.9646244272351625,142.25473759081441,True
strict,Retina 1,Bipolar,RIC8B,277,885735,15.0,2.88675900689812,16.935087808430286,True
strict,Retina 1,Bipolar,RORA,277,885735,192.0,5.383435437124915,216.76912394790767,True
strict,Retina 1,Bipolar,RP11-123K19.1,277,885735,,,,False
strict,Retina 1,Bipolar,RP11-136H19.1,277,885735,,,,False
strict,Retina 1,Bipolar,RP11-149I2.4,277,885735,,,,False
strict,Retina 1,Bipolar,RP11-162I7.1,277,885735,,,,False
strict,Retina 1,Bipolar,RP11-17G12.2,277,885735,,,,False
strict,Retina 1,Bipolar,RP11-205K6.1,277,885735,,,,False
strict,Retina 1,Bipolar,RP11-217B7.2,277,885735,0.0,0.0,0.0,True
strict,Retina 1,Bipolar,RP11-259A24.1,277,885735,,,,False
strict,Retina 1,Bipolar,RP11-259G18.1,277,885735,,,,False
strict,Retina 1,Bipolar,RP11-259G18.3,277,885735,,,,False
strict,Retina 1,Bipolar,RP11-293E1.1,277,885735,,,,False
strict,Retina 1,Bipolar,RP11-293E1.2,277,885735,,,,False
strict,Retina 1,Bipolar,RP11-302L19.3,277,885735,0.0,0.0,0.0,True
strict,Retina 1,Bipolar,RP11-403A3.3,277,885735,0.0,0.0,0.0,True
strict,Retina 1,Bipolar,RP11-412D9.4,277,885735,29.0,3.5187187464328162,32.74116976296522,True
strict,Retina 1,Bipolar,RP11-507B12.1,277,885735,,,,False
strict,Retina 1,Bipolar,RP11-507B12.2,277,885735,0.0,0.0,0.0,True
strict,Retina 1,Bipolar,RP11-669E14.6,277,885735,3.0,1.4786496252957493,3.3870175616860574,True
strict,Retina 1,Bipolar,RP11-707O23.1,277,885735,,,,False
strict,Retina 1,Bipolar,RP11-750H9.5,277,885735,,,,False
strict,Retina 1,Bipolar,RP11-755F10.1,277,885735,0.0,0.0,0.0,True
strict,Retina 1,Bipolar,RP11-762L8.6,277,885735,,,,False
strict,Retina 1,Bipolar,RP11-770G2.2,277,885735,,,,False
strict,Retina 1,Bipolar,RP11-798G7.6,277,885735,4.0,1.7076572049513075,4.51602341558141,True
strict,Retina 1,Bipolar,RP11-798G7.8,277,885735,,,,False
strict,Retina 1,Bipolar,RP5-1115A15.1,277,885735,0.0,0.0,0.0,True
strict,Retina 1,Bipolar,RPS26P8,277,885735,,,,False
strict,Retina 1,Bipolar,SCRN2,277,885735,16.0,2.9478066528312477,18.06409366232564,True
strict,Retina 1,Bipolar,SEMA3E,277,885735,123.0,4.940697119015819,138.86772002912835,True
strict,Retina 1,Bipolar,SEPT7,277,885735,456.0,6.245770796988997,514.8266693762807,True
strict,Retina 1,Bipolar,SF3A3,277,885735,49.0,4.031072560325837,55.32128684087227,True
strict,Retina 1,Bipolar,SFTA1P,277,885735,0.0,0.0,0.0,True
strict,Retina 1,Bipolar,SGSM2,277,885735,18.0,3.0597443453656337,20.322105370116343,True
strict,Retina 1,Bipolar,SLC25A45,277,885735,6.0,2.0507893504764385,6.774035123372115,True
strict,Retina 1,Bipolar,SLC39A13,277,885735,10.0,2.508790686703583,11.290058538953524,True
strict,Retina 1,Bipolar,SMAD6,277,885735,0.0,0.0,0.0,True
strict,Retina 1,Bipolar,SNORD14A,277,885735,,,,False
strict,Retina 1,Bipolar,SSSCA1-AS1,277,885735,,,,False
strict,Retina 1,Bipolar,TARID,277,885735,0.0,0.0,0.0,True
strict,Retina 1,Bipolar,TBC1D31,277,885735,9.0,2.412430279122805,10.161052685058172,True
strict,Retina 1,Bipolar,TBKBP1,277,885735,19.0,3.111340110692097,21.451111224011697,True
strict,Retina 1,Bipolar,TBPL1,277,885735,87.0,4.5973749750127695,98.22350928889567,True
strict,Retina 1,Bipolar,TGFB3,277,885735,0.0,0.0,0.0,True
strict,Retina 1,Bipolar,THCAT158,277,885735,0.0,0.0,0.0,True
strict,Retina 1,Bipolar,THSD7A,277,885735,126.0,4.9646244272351625,142.25473759081441,True
strict,Retina 1,Bipolar,TIGD3,277,885735,6.0,2.0507893504764385,6.774035123372115,True
strict,Retina 1,Bipolar,TMEM116,277,885735,17.0,3.0053409379379463,19.193099516220993,True
strict,Retina 1,Bipolar,TMEM136,277,885735,30.0,3.5516318970058376,33.87017561686057,True
strict,Retina 1,Bipolar,TMEM181,277,885735,10.0,2.508790686703583,11.290058538953524,True
strict,Retina 1,Bipolar,TMEM263,277,885735,39.0,3.8073562113547106,44.031228301918745,True
strict,Retina 1,Bipolar,TRIM26,277,885735,11.0,2.5966764117397596,12.419064392848878,True
strict,Retina 1,Bipolar,TRIOBP,277,885735,11.0,2.5966764117397596,12.419064392848878,True
strict,Retina 1,Bipolar,TSC22D2,277,885735,16.0,2.9478066528312477,18.06409366232564,True
strict,Retina 1,Bipolar,TTC28,277,885735,39.0,3.8073562113547106,44.031228301918745,True
strict,Retina 1,Bipolar,TTLL5,277,885735,6.0,2.0507893504764385,6.774035123372115,True
strict,Retina 1,Bipolar,TXNDC8,277,885735,,,,False
strict,Retina 1,Bipolar,TXNRD2,277,885735,32.0,3.6143764473002924,36.12818732465128,True
strict,Retina 1,Bipolar,UTP11,277,885735,32.0,3.6143764473002924,36.12818732465128,True
strict,Retina 1,Bipolar,VARS2,277,885735,6.0,2.0507893504764385,6.774035123372115,True
strict,Retina 1,Bipolar,VCAM1,277,885735,0.0,0.0,0.0,True
strict,Retina 1,Bipolar,WLS,277,885735,8.0,2.305784652057781,9.03204683116282,True
strict,Retina 1,Bipolar,WNT2B,277,885735,9.0,2.412430279122805,10.161052685058172,True
strict,Retina 1,Bipolar,XRCC6P1,277,885735,,,,False
strict,Retina 1,Bipolar,XXbac-BPG170G13.32,277,885735,0.0,0.0,0.0,True
strict,Retina 1,Bipolar,XXbac-BPG283O16.9,277,885735,,,,False
strict,Retina 1,Bipolar,YAP1,277,885735,0.0,0.0,0.0,True
strict,Retina 1,Bipolar,YIF1A,277,885735,46.0,3.969050941585325,51.93426927918621,True
strict,Retina 1,Bipolar,ZNF280D,277,885735,88.0,4.608689138633201,99.35251514279102,True
strict,Retina 1,Bipolar,ZNF638,277,885735,183.0,5.3356520294514285,206.6080712628495,True
strict,Retina 1,Bipolar,ZNF638-IT1,277,885735,,,,False
strict,Retina 1,Amacrine,DGKG,2,6284,0.0,0.0,0.0,True
strict,Retina 1,Amacrine,SLC2A12,2,6284,0.0,0.0,0.0,True
strict,Retina 1,Amacrine,COL8A2,2,6284,0.0,0.0,0.0,True
strict,Retina 1,Amacrine,NPC2,2,6284,0.0,0.0,0.0,True
strict,Retina 1,Amacrine,PSMC3,2,6284,0.0,0.0,0.0,True
strict,Retina 1,Amacrine,RP11-466F5.8,2,6284,0.0,0.0,0.0,True
strict,Retina 1,Amacrine,LPP,2,6284,0.0,0.0,0.0,True
strict,Retina 1,Amacrine,RP11-121M22.1,2,6284,0.0,0.0,0.0,True
strict,Retina 1,Amacrine,ABO,2,6284,0.0,0.0,0.0,True
strict,Retina 1,Amacrine,ADAMTS8,2,6284,0.0,0.0,0.0,True
strict,Retina 1,Amacrine,CALD1,2,6284,0.0,0.0,0.0,True
strict,Retina 1,Amacrine,CHEK2,2,6284,0.0,0.0,0.0,True
strict,Retina 1,Amacrine,GAS7,2,6284,0.0,0.0,0.0,True
strict,Retina 1,Amacrine,LMX1B,2,6284,,,,False
strict,Retina 1,Amacrine,TCF12,2,6284,0.0,0.0,0.0,True
strict,Retina 1,Amacrine,TMCO1,2,6284,1.0,5.076012896588445,159.13430935709738,True
strict,Retina 1,Amacrine,TRIB2,2,6284,1.0,5.076012896588445,159.13430935709738,True
strict,Retina 1,Amacrine,AC000078.5,2,6284,,,,False
strict,Retina 1,Amacrine,AC002066.1,2,6284,,,,False
strict,Retina 1,Amacrine,AC012066.1,2,6284,,,,False
strict,Retina 1,Amacrine,AC091132.1,2,6284,,,,False
strict,Retina 1,Amacrine,ACBD4,2,6284,0.0,0.0,0.0,True
strict,Retina 1,Amacrine,AFAP1,2,6284,0.0,0.0,0.0,True
strict,Retina 1,Amacrine,ALDH2,2,6284,2.0,5.76603281338185,318.26861871419476,True
strict,Retina 1,Amacrine,AP003068.23,2,6284,0.0,0.0,0.0,True
strict,Retina 1,Amacrine,AP5B1,2,6284,0.0,0.0,0.0,True
strict,Retina 1,Amacrine,AREL1,2,6284,0.0,0.0,0.0,True
strict,Retina 1,Amacrine,ARHGAP27,2,6284,0.0,0.0,0.0,True
strict,Retina 1,Amacrine,ARHGEF12,2,6284,2.0,5.76603281338185,318.26861871419476,True
strict,Retina 1,Amacrine,ARL17A,2,6284,0.0,0.0,0.0,True
strict,Retina 1,Amacrine,ATP5J,2,6284,4.0,6.457612686979063,636.5372374283895,True
strict,Retina 1,Amacrine,BICC1,2,6284,0.0,0.0,0.0,True
strict,Retina 1,Amacrine,BORA,2,6284,0.0,0.0,0.0,True
strict,Retina 1,Amacrine,C1orf109,2,6284,0.0,0.0,0.0,True
strict,Retina 1,Amacrine,C1orf122,2,6284,0.0,0.0,0.0,True
strict,Retina 1,Amacrine,C22orf29,2,6284,0.0,0.0,0.0,True
strict,Retina 1,Amacrine,C6orf15,2,6284,,,,False
strict,Retina 1,Amacrine,CADM1,2,6284,2.0,5.76603281338185,318.26861871419476,True
strict,Retina 1,Amacrine,CADM2,2,6284,0.0,0.0,0.0,True
strict,Retina 1,Amacrine,CAV2,2,6284,0.0,0.0,0.0,True
strict,Retina 1,Amacrine,CCDC117,2,6284,0.0,0.0,0.0,True
strict,Retina 1,Amacrine,CDC14A,2,6284,0.0,0.0,0.0,True
strict,Retina 1,Amacrine,CDKN2A,2,6284,0.0,0.0,0.0,True
strict,Retina 1,Amacrine,CDKN2B-AS1,2,6284,0.0,0.0,0.0,True
strict,Retina 1,Amacrine,CELF1,2,6284,0.0,0.0,0.0,True
strict,Retina 1,Amacrine,CLIC5,2,6284,0.0,0.0,0.0,True
strict,Retina 1,Amacrine,CMB9-22P13.1,2,6284,,,,False
strict,Retina 1,Amacrine,COL11A1,2,6284,0.0,0.0,0.0,True
strict,Retina 1,Amacrine,CRHR1,2,6284,0.0,0.0,0.0,True
strict,Retina 1,Amacrine,CTA-292E10.6,2,6284,0.0,0.0,0.0,True
strict,Retina 1,Amacrine,CTB-39G8.3,2,6284,,,,False
strict,Retina 1,Amacrine,CTD-2005H7.1,2,6284,0.0,0.0,0.0,True
strict,Retina 1,Amacrine,CTD-2020K17.1,2,6284,0.0,0.0,0.0,True
strict,Retina 1,Amacrine,CTD-2020K17.3,2,6284,1.0,5.076012896588445,159.13430935709738,True
strict,Retina 1,Amacrine,CTTNBP2,2,6284,4.0,6.457612686979063,636.5372374283895,True
strict,Retina 1,Amacrine,DDX39BP2,2,6284,,,,False
strict,Retina 1,Amacrine,DIO1,2,6284,,,,False
strict,Retina 1,Amacrine,DND1P1,2,6284,,,,False
strict,Retina 1,Amacrine,DYSF,2,6284,0.0,0.0,0.0,True
strict,Retina 1,Amacrine,EFCAB13,2,6284,0.0,0.0,0.0,True
strict,Retina 1,Amacrine,EFEMP1,2,6284,0.0,0.0,0.0,True
strict,Retina 1,Amacrine,EHBP1L1,2,6284,0.0,0.0,0.0,True
strict,Retina 1,Amacrine,FAM215B,2,6284,0.0,0.0,0.0,True
strict,Retina 1,Amacrine,FAM83A,2,6284,,,,False
strict,Retina 1,Amacrine,FAM83A-AS1,2,6284,,,,False
strict,Retina 1,Amacrine,FAM89B,2,6284,0.0,0.0,0.0,True
strict,Retina 1,Amacrine,FHL3,2,6284,0.0,0.0,0.0,True
strict,Retina 1,Amacrine,FLOT1,2,6284,0.0,0.0,0.0,True
strict,Retina 1,Amacrine,FLVCR2,2,6284,0.0,0.0,0.0,True
strict,Retina 1,Amacrine,FMNL1,2,6284,1.0,5.076012896588445,159.13430935709738,True
strict,Retina 1,Amacrine,FNDC4,2,6284,1.0,5.076012896588445,159.13430935709738,True
strict,Retina 1,Amacrine,GALR3,2,6284,,,,False
strict,Retina 1,Amacrine,GCAT,2,6284,0.0,0.0,0.0,True
strict,Retina 1,Amacrine,GLIS1,2,6284,0.0,0.0,0.0,True
strict,Retina 1,Amacrine,H1F0,2,6284,2.0,5.76603281338185,318.26861871419476,True
strict,Retina 1,Amacrine,HCG4,2,6284,,,,False
strict,Retina 1,Amacrine,HCG4B,2,6284,,,,False
strict,Retina 1,Amacrine,HCG4P5,2,6284,,,,False
strict,Retina 1,Amacrine,HCG4P7,2,6284,,,,False
strict,Retina 1,Amacrine,HCG9,2,6284,0.0,0.0,0.0,True
strict,Retina 1,Amacrine,HCP5B,2,6284,0.0,0.0,0.0,True
strict,Retina 1,Amacrine,HECTD4,2,6284,0.0,0.0,0.0,True
strict,Retina 1,Amacrine,HLA-A,2,6284,0.0,0.0,0.0,True
strict,Retina 1,Amacrine,HLA-C,2,6284,0.0,0.0,0.0,True
strict,Retina 1,Amacrine,HLA-F,2,6284,0.0,0.0,0.0,True
strict,Retina 1,Amacrine,HLA-F-AS1,2,6284,,,,False
strict,Retina 1,Amacrine,HLA-G,2,6284,0.0,0.0,0.0,True
strict,Retina 1,Amacrine,HLA-H,2,6284,,,,False
strict,Retina 1,Amacrine,HLA-J,2,6284,,,,False
strict,Retina 1,Amacrine,HLA-L,2,6284,,,,False
strict,Retina 1,Amacrine,HLA-T,2,6284,,,,False
strict,Retina 1,Amacrine,HLA-U,2,6284,,,,False
strict,Retina 1,Amacrine,HLA-V,2,6284,,,,False
strict,Retina 1,Amacrine,HLA-W,2,6284,,,,False
strict,Retina 1,Amacrine,HSCB,2,6284,1.0,5.076012896588445,159.13430935709738,True
strict,Retina 1,Amacrine,HTRA3,2,6284,0.0,0.0,0.0,True
strict,Retina 1,Amacrine,IFITM4P,2,6284,,,,False
strict,Retina 1,Amacrine,IFT172,2,6284,0.0,0.0,0.0,True
strict,Retina 1,Amacrine,INPP5B,2,6284,0.0,0.0,0.0,True
strict,Retina 1,Amacrine,ITGB3,2,6284,0.0,0.0,0.0,True
strict,Retina 1,Amacrine,KANSL1,2,6284,2.0,5.76603281338185,318.26861871419476,True
strict,Retina 1,Amacrine,KANSL1-AS1,2,6284,0.0,0.0,0.0,True
strict,Retina 1,Amacrine,KHK,2,6284,1.0,5.076012896588445,159.13430935709738,True
strict,Retina 1,Amacrine,KLF5,2,6284,0.0,0.0,0.0,True
strict,Retina 1,Amacrine,KRT8P26,2,6284,,,,False
strict,Retina 1,Amacrine,LHPP,2,6284,0.0,0.0,0.0,True
strict,Retina 1,Amacrine,LINC01948,2,6284,0.0,0.0,0.0,True
strict,Retina 1,Amacrine,LINC02052,2,6284,,,,False
strict,Retina 1,Amacrine,LINC02210,2,6284,,,,False
strict,Retina 1,Amacrine,LMO4,2,6284,0.0,0.0,0.0,True
strict,Retina 1,Amacrine,LMO7,2,6284,0.0,0.0,0.0,True
strict,Retina 1,Amacrine,LOXL1,2,6284,0.0,0.0,0.0,True
strict,Retina 1,Amacrine,LOXL1-AS1,2,6284,0.0,0.0,0.0,True
strict,Retina 1,Amacrine,LRRC37A,2,6284,0.0,0.0,0.0,True
strict,Retina 1,Amacrine,LRRC37A17P,2,6284,,,,False
strict,Retina 1,Amacrine,LRRC37A2,2,6284,0.0,0.0,0.0,True
strict,Retina 1,Amacrine,LRRC37A4P,2,6284,,,,False
strict,Retina 1,Amacrine,LRWD1,2,6284,0.0,0.0,0.0,True
strict,Retina 1,Amacrine,LTBP2,2,6284,0.0,0.0,0.0,True
strict,Retina 1,Amacrine,LTBP3,2,6284,0.0,0.0,0.0,True
strict,Retina 1,Amacrine,MADD,2,6284,1.0,5.076012896588445,159.13430935709738,True
strict,Retina 1,Amacrine,MAPK8IP1P1,2,6284,,,,False
strict,Retina 1,Amacrine,MAPK8IP1P2,2,6284,,,,False
strict,Retina 1,Amacrine,MAPT,2,6284,0.0,0.0,0.0,True
strict,Retina 1,Amacrine,MAPT-AS1,2,6284,0.0,0.0,0.0,True
strict,Retina 1,Amacrine,MAPT-IT1,2,6284,,,,False
strict,Retina 1,Amacrine,ME3,2,6284,0.0,0.0,0.0,True
strict,Retina 1,Amacrine,MICE,2,6284,,,,False
strict,Retina 1,Amacrine,MOV10,2,6284,0.0,0.0,0.0,True
strict,Retina 1,Amacrine,MRPL33,2,6284,0.0,0.0,0.0,True
strict,Retina 1,Amacrine,MTCH2,2,6284,0.0,0.0,0.0,True
strict,Retina 1,Amacrine,MVB12B,2,6284,0.0,0.0,0.0,True
strict,Retina 1,Amacrine,Metazoa_SRP,2,6284,,,,False
strict,Retina 1,Amacrine,NEAT1,2,6284,0.0,0.0,0.0,True
strict,Retina 1,Amacrine,NMT1,2,6284,0.0,0.0,0.0,True
strict,Retina 1,Amacrine,NPEPPS,2,6284,1.0,5.076012896588445,159.13430935709738,True
strict,Retina 1,Amacrine,NRBP1,2,6284,0.0,0.0,0.0,True
strict,Retina 1,Amacrine,NSF,2,6284,1.0,5.076012896588445,159.13430935709738,True
strict,Retina 1,Amacrine,NUCB2,2,6284,0.0,0.0,0.0,True
strict,Retina 1,Amacrine,NUDT7,2,6284,0.0,0.0,0.0,True
strict,Retina 1,Amacrine,PDE6C,2,6284,0.0,0.0,0.0,True
strict,Retina 1,Amacrine,PGAM1P8,2,6284,,,,False
strict,Retina 1,Amacrine,PIBF1,2,6284,0.0,0.0,0.0,True
strict,Retina 1,Amacrine,PIGC,2,6284,0.0,0.0,0.0,True
strict,Retina 1,Amacrine,PKIB,2,6284,0.0,0.0,0.0,True
strict,Retina 1,Amacrine,PLCE1,2,6284,0.0,0.0,0.0,True
strict,Retina 1,Amacrine,PLCE1-AS1,2,6284,,,,False
strict,Retina 1,Amacrine,PLEKHA7,2,6284,0.0,0.0,0.0,True
strict,Retina 1,Amacrine,PLEKHM1,2,6284,0.0,0.0,0.0,True
strict,Retina 1,Amacrine,PPP1R18,2,6284,0.0,0.0,0.0,True
strict,Retina 1,Amacrine,PRKCE,2,6284,0.0,0.0,0.0,True
strict,Retina 1,Amacrine,PROX2,2,6284,,,,False
strict,Retina 1,Amacrine,PRSS23,2,6284,0.0,0.0,0.0,True
strict,Retina 1,Amacrine,PSORS1C3,2,6284,,,,False
strict,Retina 1,Amacrine,RAPSN,2,6284,0.0,0.0,0.0,True
strict,Retina 1,Amacrine,RERE,2,6284,0.0,0.0,0.0,True
strict,Retina 1,Amacrine,RIC8B,2,6284,0.0,0.0,0.0,True
strict,Retina 1,Amacrine,RORA,2,6284,1.0,5.076012896588445,159.13430935709738,True
strict,Retina 1,Amacrine,RP11-123K19.1,2,6284,,,,False
strict,Retina 1,Amacrine,RP11-136H19.1,2,6284,,,,False
strict,Retina 1,Amacrine,RP11-149I2.4,2,6284,,,,False
strict,Retina 1,Amacrine,RP11-162I7.1,2,6284,,,,False
strict,Retina 1,Amacrine,RP11-17G12.2,2,6284,,,,False
strict,Retina 1,Amacrine,RP11-205K6.1,2,6284,,,,False
strict,Retina 1,Amacrine,RP11-217B7.2,2,6284,0.0,0.0,0.0,True
strict,Retina 1,Amacrine,RP11-259A24.1,2,6284,,,,False
strict,Retina 1,Amacrine,RP11-259G18.1,2,6284,,,,False
strict,Retina 1,Amacrine,RP11-259G18.3,2,6284,,,,False
strict,Retina 1,Amacrine,RP11-293E1.1,2,6284,,,,False
strict,Retina 1,Amacrine,RP11-293E1.2,2,6284,,,,False
strict,Retina 1,Amacrine,RP11-302L19.3,2,6284,0.0,0.0,0.0,True
strict,Retina 1,Amacrine,RP11-403A3.3,2,6284,0.0,0.0,0.0,True
strict,Retina 1,Amacrine,RP11-412D9.4,2,6284,0.0,0.0,0.0,True
strict,Retina 1,Amacrine,RP11-507B12.1,2,6284,,,,False
strict,Retina 1,Amacrine,RP11-507B12.2,2,6284,0.0,0.0,0.0,True
strict,Retina 1,Amacrine,RP11-669E14.6,2,6284,0.0,0.0,0.0,True
strict,Retina 1,Amacrine,RP11-707O23.1,2,6284,,,,False
strict,Retina 1,Amacrine,RP11-750H9.5,2,6284,,,,False
strict,Retina 1,Amacrine,RP11-755F10.1,2,6284,0.0,0.0,0.0,True
strict,Retina 1,Amacrine,RP11-762L8.6,2,6284,,,,False
strict,Retina 1,Amacrine,RP11-770G2.2,2,6284,,,,False
strict,Retina 1,Amacrine,RP11-798G7.6,2,6284,0.0,0.0,0.0,True
strict,Retina 1,Amacrine,RP11-798G7.8,2,6284,,,,False
strict,Retina 1,Amacrine,RP5-1115A15.1,2,6284,0.0,0.0,0.0,True
strict,Retina 1,Amacrine,RPS26P8,2,6284,,,,False
strict,Retina 1,Amacrine,SCRN2,2,6284,0.0,0.0,0.0,True
strict,Retina 1,Amacrine,SEMA3E,2,6284,0.0,0.0,0.0,True
strict,Retina 1,Amacrine,SEPT7,2,6284,6.0,6.862554813079237,954.8058561425844,True
strict,Retina 1,Amacrine,SF3A3,2,6284,0.0,0.0,0.0,True
strict,Retina 1,Amacrine,SFTA1P,2,6284,0.0,0.0,0.0,True
strict,Retina 1,Amacrine,SGSM2,2,6284,0.0,0.0,0.0,True
strict,Retina 1,Amacrine,SLC25A45,2,6284,0.0,0.0,0.0,True
strict,Retina 1,Amacrine,SLC39A13,2,6284,0.0,0.0,0.0,True
strict,Retina 1,Amacrine,SMAD6,2,6284,0.0,0.0,0.0,True
strict,Retina 1,Amacrine,SNORD14A,2,6284,,,,False
strict,Retina 1,Amacrine,SSSCA1-AS1,2,6284,,,,False
strict,Retina 1,Amacrine,TARID,2,6284,0.0,0.0,0.0,True
strict,Retina 1,Amacrine,TBC1D31,2,6284,0.0,0.0,0.0,True
strict,Retina 1,Amacrine,TBKBP1,2,6284,0.0,0.0,0.0,True
strict,Retina 1,Amacrine,TBPL1,2,6284,0.0,0.0,0.0,True
strict,Retina 1,Amacrine,TGFB3,2,6284,0.0,0.0,0.0,True
strict,Retina 1,Amacrine,THCAT158,2,6284,0.0,0.0,0.0,True
strict,Retina 1,Amacrine,THSD7A,2,6284,0.0,0.0,0.0,True
strict,Retina 1,Amacrine,TIGD3,2,6284,0.0,0.0,0.0,True
strict,Retina 1,Amacrine,TMEM116,2,6284,0.0,0.0,0.0,True
strict,Retina 1,Amacrine,TMEM136,2,6284,0.0,0.0,0.0,True
strict,Retina 1,Amacrine,TMEM181,2,6284,1.0,5.076012896588445,159.13430935709738,True
strict,Retina 1,Amacrine,TMEM263,2,6284,0.0,0.0,0.0,True
strict,Retina 1,Amacrine,TRIM26,2,6284,1.0,5.076012896588445,159.13430935709738,True
strict,Retina 1,Amacrine,TRIOBP,2,6284,0.0,0.0,0.0,True
strict,Retina 1,Amacrine,TSC22D2,2,6284,0.0,0.0,0.0,True
strict,Retina 1,Amacrine,TTC28,2,6284,0.0,0.0,0.0,True
strict,Retina 1,Amacrine,TTLL5,2,6284,0.0,0.0,0.0,True
strict,Retina 1,Amacrine,TXNDC8,2,6284,,,,False
strict,Retina 1,Amacrine,TXNRD2,2,6284,0.0,0.0,0.0,True
strict,Retina 1,Amacrine,UTP11,2,6284,0.0,0.0,0.0,True
strict,Retina 1,Amacrine,VARS2,2,6284,0.0,0.0,0.0,True
strict,Retina 1,Amacrine,VCAM1,2,6284,0.0,0.0,0.0,True
strict,Retina 1,Amacrine,WLS,2,6284,0.0,0.0,0.0,True
strict,Retina 1,Amacrine,WNT2B,2,6284,0.0,0.0,0.0,True
strict,Retina 1,Amacrine,XRCC6P1,2,6284,,,,False
strict,Retina 1,Amacrine,XXbac-BPG170G13.32,2,6284,0.0,0.0,0.0,True
strict,Retina 1,Amacrine,XXbac-BPG283O16.9,2,6284,,,,False
strict,Retina 1,Amacrine,YAP1,2,6284,0.0,0.0,0.0,True
strict,Retina 1,Amacrine,YIF1A,2,6284,0.0,0.0,0.0,True
strict,Retina 1,Amacrine,ZNF280D,2,6284,0.0,0.0,0.0,True
strict,Retina 1,Amacrine,ZNF638,2,6284,1.0,5.076012896588445,159.13430935709738,True
strict,Retina 1,Amacrine,ZNF638-IT1,2,6284,,,,False
strict,Retina 1,Horizontal,DGKG,10,51880,2.0,3.6775783656002585,38.55050115651503,True
strict,Retina 1,Horizontal,SLC2A12,10,51880,0.0,0.0,0.0,True
strict,Retina 1,Horizontal,COL8A2,10,51880,0.0,0.0,0.0,True
strict,Retina 1,Horizontal,NPC2,10,51880,4.0,4.358002890476862,77.10100231303007,True
strict,Retina 1,Horizontal,PSMC3,10,51880,5.0,4.578582370770912,96.37625289128759,True
strict,Retina 1,Horizontal,RP11-466F5.8,10,51880,0.0,0.0,0.0,True
strict,Retina 1,Horizontal,LPP,10,51880,1.0,3.009400958902048,19.275250578257516,True
strict,Retina 1,Horizontal,RP11-121M22.1,10,51880,0.0,0.0,0.0,True
strict,Retina 1,Horizontal,ABO,10,51880,0.0,0.0,0.0,True
strict,Retina 1,Horizontal,ADAMTS8,10,51880,0.0,0.0,0.0,True
strict,Retina 1,Horizontal,CALD1,10,51880,4.0,4.358002890476862,77.10100231303007,True
strict,Retina 1,Horizontal,CHEK2,10,51880,0.0,0.0,0.0,True
strict,Retina 1,Horizontal,GAS7,10,51880,0.0,0.0,0.0,True
strict,Retina 1,Horizontal,LMX1B,10,51880,,,,False
strict,Retina 1,Horizontal,TCF12,10,51880,2.0,3.6775783656002585,38.55050115651503,True
strict,Retina 1,Horizontal,TMCO1,10,51880,12.0,5.4480425838987445,231.3030069390902,True
strict,Retina 1,Horizontal,TRIB2,10,51880,1.0,3.009400958902048,19.275250578257516,True
strict,Retina 1,Horizontal,AC000078.5,10,51880,,,,False
strict,Retina 1,Horizontal,AC002066.1,10,51880,,,,False
strict,Retina 1,Horizontal,AC012066.1,10,51880,,,,False
strict,Retina 1,Horizontal,AC091132.1,10,51880,,,,False
strict,Retina 1,Horizontal,ACBD4,10,51880,2.0,3.6775783656002585,38.55050115651503,True
strict,Retina 1,Horizontal,AFAP1,10,51880,0.0,0.0,0.0,True
strict,Retina 1,Horizontal,ALDH2,10,51880,5.0,4.578582370770912,96.37625289128759,True
strict,Retina 1,Horizontal,AP003068.23,10,51880,0.0,0.0,0.0,True
strict,Retina 1,Horizontal,AP5B1,10,51880,0.0,0.0,0.0,True
strict,Retina 1,Horizontal,AREL1,10,51880,1.0,3.009400958902048,19.275250578257516,True
strict,Retina 1,Horizontal,ARHGAP27,10,51880,0.0,0.0,0.0,True
strict,Retina 1,Horizontal,ARHGEF12,10,51880,4.0,4.358002890476862,77.10100231303007,True
strict,Retina 1,Horizontal,ARL17A,10,51880,1.0,3.009400958902048,19.275250578257516,True
strict,Retina 1,Horizontal,ATP5J,10,51880,24.0,6.1390350835086815,462.6060138781804,True
strict,Retina 1,Horizontal,BICC1,10,51880,0.0,0.0,0.0,True
strict,Retina 1,Horizontal,BORA,10,51880,0.0,0.0,0.0,True
strict,Retina 1,Horizontal,C1orf109,10,51880,2.0,3.6775783656002585,38.55050115651503,True
strict,Retina 1,Horizontal,C1orf122,10,51880,8.0,5.044727524070729,154.20200462606013,True
strict,Retina 1,Horizontal,C22orf29,10,51880,2.0,3.6775783656002585,38.55050115651503,True
strict,Retina 1,Horizontal,C6orf15,10,51880,,,,False
strict,Retina 1,Horizontal,CADM1,10,51880,1.0,3.009400958902048,19.275250578257516,True
strict,Retina 1,Horizontal,CADM2,10,51880,5.0,4.578582370770912,96.37625289128759,True
strict,Retina 1,Horizontal,CAV2,10,51880,1.0,3.009400958902048,19.275250578257516,True
strict,Retina 1,Horizontal,CCDC117,10,51880,0.0,0.0,0.0,True
strict,Retina 1,Horizontal,CDC14A,10,51880,0.0,0.0,0.0,True
strict,Retina 1,Horizontal,CDKN2A,10,51880,0.0,0.0,0.0,True
strict,Retina 1,Horizontal,CDKN2B-AS1,10,51880,0.0,0.0,0.0,True
strict,Retina 1,Horizontal,CELF1,10,51880,3.0,4.074579713703427,57.82575173477255,True
strict,Retina 1,Horizontal,CLIC5,10,51880,0.0,0.0,0.0,True
strict,Retina 1,Horizontal,CMB9-22P13.1,10,51880,,,,False
strict,Retina 1,Horizontal,COL11A1,10,51880,0.0,0.0,0.0,True
strict,Retina 1,Horizontal,CRHR1,10,51880,0.0,0.0,0.0,True
strict,Retina 1,Horizontal,CTA-292E10.6,10,51880,0.0,0.0,0.0,True
strict,Retina 1,Horizontal,CTB-39G8.3,10,51880,,,,False
strict,Retina 1,Horizontal,CTD-2005H7.1,10,51880,0.0,0.0,0.0,True
strict,Retina 1,Horizontal,CTD-2020K17.1,10,51880,0.0,0.0,0.0,True
strict,Retina 1,Horizontal,CTD-2020K17.3,10,51880,1.0,3.009400958902048,19.275250578257516,True
strict,Retina 1,Horizontal,CTTNBP2,10,51880,9.0,5.161794390478471,173.47725520431766,True
strict,Retina 1,Horizontal,DDX39BP2,10,51880,,,,False
strict,Retina 1,Horizontal,DIO1,10,51880,,,,False
strict,Retina 1,Horizontal,DND1P1,10,51880,,,,False
strict,Retina 1,Horizontal,DYSF,10,51880,0.0,0.0,0.0,True
strict,Retina 1,Horizontal,EFCAB13,10,51880,0.0,0.0,0.0,True
strict,Retina 1,Horizontal,EFEMP1,10,51880,0.0,0.0,0.0,True
strict,Retina 1,Horizontal,EHBP1L1,10,51880,0.0,0.0,0.0,True
strict,Retina 1,Horizontal,FAM215B,10,51880,2.0,3.6775783656002585,38.55050115651503,True
strict,Retina 1,Horizontal,FAM83A,10,51880,,,,False
strict,Retina 1,Horizontal,FAM83A-AS1,10,51880,,,,False
strict,Retina 1,Horizontal,FAM89B,10,51880,2.0,3.6775783656002585,38.55050115651503,True
strict,Retina 1,Horizontal,FHL3,10,51880,0.0,0.0,0.0,True
strict,Retina 1,Horizontal,FLOT1,10,51880,4.0,4.358002890476862,77.10100231303007,True
strict,Retina 1,Horizontal,FLVCR2,10,51880,0.0,0.0,0.0,True
strict,Retina 1,Horizontal,FMNL1,10,51880,0.0,0.0,0.0,True
strict,Retina 1,Horizontal,FNDC4,10,51880,0.0,0.0,0.0,True
strict,Retina 1,Horizontal,GALR3,10,51880,,,,False
strict,Retina 1,Horizontal,GCAT,10,51880,3.0,4.074579713703427,57.82575173477255,True
strict,Retina 1,Horizontal,GLIS1,10,51880,0.0,0.0,0.0,True
strict,Retina 1,Horizontal,H1F0,10,51880,8.0,5.044727524070729,154.20200462606013,True
strict,Retina 1,Horizontal,HCG4,10,51880,,,,False
strict,Retina 1,Horizontal,HCG4B,10,51880,,,,False
strict,Retina 1,Horizontal,HCG4P5,10,51880,,,,False
strict,Retina 1,Horizontal,HCG4P7,10,51880,,,,False
strict,Retina 1,Horizontal,HCG9,10,51880,0.0,0.0,0.0,True
strict,Retina 1,Horizontal,HCP5B,10,51880,0.0,0.0,0.0,True
strict,Retina 1,Horizontal,HECTD4,10,51880,3.0,4.074579713703427,57.82575173477255,True
strict,Retina 1,Horizontal,HLA-A,10,51880,3.0,4.074579713703427,57.82575173477255,True
strict,Retina 1,Horizontal,HLA-C,10,51880,34.0,6.486707163527411,655.3585196607556,True
strict,Retina 1,Horizontal,HLA-F,10,51880,0.0,0.0,0.0,True
strict,Retina 1,Horizontal,HLA-F-AS1,10,51880,,,,False
strict,Retina 1,Horizontal,HLA-G,10,51880,0.0,0.0,0.0,True
strict,Retina 1,Horizontal,HLA-H,10,51880,,,,False
strict,Retina 1,Horizontal,HLA-J,10,51880,,,,False
strict,Retina 1,Horizontal,HLA-L,10,51880,,,,False
strict,Retina 1,Horizontal,HLA-T,10,51880,,,,False
strict,Retina 1,Horizontal,HLA-U,10,51880,,,,False
strict,Retina 1,Horizontal,HLA-V,10,51880,,,,False
strict,Retina 1,Horizontal,HLA-W,10,51880,,,,False
strict,Retina 1,Horizontal,HSCB,10,51880,1.0,3.009400958902048,19.275250578257516,True
strict,Retina 1,Horizontal,HTRA3,10,51880,0.0,0.0,0.0,True
strict,Retina 1,Horizontal,IFITM4P,10,51880,,,,False
strict,Retina 1,Horizontal,IFT172,10,51880,1.0,3.009400958902048,19.275250578257516,True
strict,Retina 1,Horizontal,INPP5B,10,51880,1.0,3.009400958902048,19.275250578257516,True
strict,Retina 1,Horizontal,ITGB3,10,51880,0.0,0.0,0.0,True
strict,Retina 1,Horizontal,KANSL1,10,51880,10.0,5.266581601221181,192.75250578257518,True
strict,Retina 1,Horizontal,KANSL1-AS1,10,51880,0.0,0.0,0.0,True
strict,Retina 1,Horizontal,KHK,10,51880,2.0,3.6775783656002585,38.55050115651503,True
strict,Retina 1,Horizontal,KLF5,10,51880,0.0,0.0,0.0,True
strict,Retina 1,Horizontal,KRT8P26,10,51880,,,,False
strict,Retina 1,Horizontal,LHPP,10,51880,2.0,3.6775783656002585,38.55050115651503,True
strict,Retina 1,Horizontal,LINC01948,10,51880,0.0,0.0,0.0,True
strict,Retina 1,Horizontal,LINC02052,10,51880,,,,False
strict,Retina 1,Horizontal,LINC02210,10,51880,,,,False
strict,Retina 1,Horizontal,LMO4,10,51880,0.0,0.0,0.0,True
strict,Retina 1,Horizontal,LMO7,10,51880,0.0,0.0,0.0,True
strict,Retina 1,Horizontal,LOXL1,10,51880,1.0,3.009400958902048,19.275250578257516,True
strict,Retina 1,Horizontal,LOXL1-AS1,10,51880,0.0,0.0,0.0,True
strict,Retina 1,Horizontal,LRRC37A,10,51880,0.0,0.0,0.0,True
strict,Retina 1,Horizontal,LRRC37A17P,10,51880,,,,False
strict,Retina 1,Horizontal,LRRC37A2,10,51880,1.0,3.009400958902048,19.275250578257516,True
strict,Retina 1,Horizontal,LRRC37A4P,10,51880,,,,False
strict,Retina 1,Horizontal,LRWD1,10,51880,1.0,3.009400958902048,19.275250578257516,True
strict,Retina 1,Horizontal,LTBP2,10,51880,0.0,0.0,0.0,True
strict,Retina 1,Horizontal,LTBP3,10,51880,4.0,4.358002890476862,77.10100231303007,True
strict,Retina 1,Horizontal,MADD,10,51880,7.0,4.912116167475502,134.92675404780263,True
strict,Retina 1,Horizontal,MAPK8IP1P1,10,51880,,,,False
strict,Retina 1,Horizontal,MAPK8IP1P2,10,51880,,,,False
strict,Retina 1,Horizontal,MAPT,10,51880,18.0,5.852071754013669,346.9545104086353,True
strict,Retina 1,Horizontal,MAPT-AS1,10,51880,1.0,3.009400958902048,19.275250578257516,True
strict,Retina 1,Horizontal,MAPT-IT1,10,51880,,,,False
strict,Retina 1,Horizontal,ME3,10,51880,5.0,4.578582370770912,96.37625289128759,True
strict,Retina 1,Horizontal,MICE,10,51880,,,,False
strict,Retina 1,Horizontal,MOV10,10,51880,0.0,0.0,0.0,True
strict,Retina 1,Horizontal,MRPL33,10,51880,20.0,5.957144834476789,385.50501156515037,True
strict,Retina 1,Horizontal,MTCH2,10,51880,9.0,5.161794390478471,173.47725520431766,True
strict,Retina 1,Horizontal,MVB12B,10,51880,1.0,3.009400958902048,19.275250578257516,True
strict,Retina 1,Horizontal,Metazoa_SRP,10,51880,,,,False
strict,Retina 1,Horizontal,NEAT1,10,51880,53.0,6.930092222231752,1021.5882806476484,True
strict,Retina 1,Horizontal,NMT1,10,51880,4.0,4.358002890476862,77.10100231303007,True
strict,Retina 1,Horizontal,NPEPPS,10,51880,6.0,4.759190887107441,115.6515034695451,True
strict,Retina 1,Horizontal,NRBP1,10,51880,3.0,4.074579713703427,57.82575173477255,True
strict,Retina 1,Horizontal,NSF,10,51880,4.0,4.358002890476862,77.10100231303007,True
strict,Retina 1,Horizontal,NUCB2,10,51880,6.0,4.759190887107441,115.6515034695451,True
strict,Retina 1,Horizontal,NUDT7,10,51880,0.0,0.0,0.0,True
strict,Retina 1,Horizontal,PDE6C,10,51880,0.0,0.0,0.0,True
strict,Retina 1,Horizontal,PGAM1P8,10,51880,,,,False
strict,Retina 1,Horizontal,PIBF1,10,51880,3.0,4.074579713703427,57.82575173477255,True
strict,Retina 1,Horizontal,PIGC,10,51880,4.0,4.358002890476862,77.10100231303007,True
strict,Retina 1,Horizontal,PKIB,10,51880,1.0,3.009400958902048,19.275250578257516,True
strict,Retina 1,Horizontal,PLCE1,10,51880,0.0,0.0,0.0,True
strict,Retina 1,Horizontal,PLCE1-AS1,10,51880,,,,False
strict,Retina 1,Horizontal,PLEKHA7,10,51880,0.0,0.0,0.0,True
strict,Retina 1,Horizontal,PLEKHM1,10,51880,0.0,0.0,0.0,True
strict,Retina 1,Horizontal,PPP1R18,10,51880,0.0,0.0,0.0,True
strict,Retina 1,Horizontal,PRKCE,10,51880,0.0,0.0,0.0,True
strict,Retina 1,Horizontal,PROX2,10,51880,,,,False
strict,Retina 1,Horizontal,PRSS23,10,51880,0.0,0.0,0.0,True
strict,Retina 1,Horizontal,PSORS1C3,10,51880,,,,False
strict,Retina 1,Horizontal,RAPSN,10,51880,0.0,0.0,0.0,True
strict,Retina 1,Horizontal,RERE,10,51880,7.0,4.912116167475502,134.92675404780263,True
strict,Retina 1,Horizontal,RIC8B,10,51880,1.0,3.009400958902048,19.275250578257516,True
strict,Retina 1,Horizontal,RORA,10,51880,19.0,5.905987703901339,366.2297609868928,True
strict,Retina 1,Horizontal,RP11-123K19.1,10,51880,,,,False
strict,Retina 1,Horizontal,RP11-136H19.1,10,51880,,,,False
strict,Retina 1,Horizontal,RP11-149I2.4,10,51880,,,,False
strict,Retina 1,Horizontal,RP11-162I7.1,10,51880,,,,False
strict,Retina 1,Horizontal,RP11-17G12.2,10,51880,,,,False
strict,Retina 1,Horizontal,RP11-205K6.1,10,51880,,,,False
strict,Retina 1,Horizontal,RP11-217B7.2,10,51880,0.0,0.0,0.0,True
strict,Retina 1,Horizontal,RP11-259A24.1,10,51880,,,,False
strict,Retina 1,Horizontal,RP11-259G18.1,10,51880,,,,False
strict,Retina 1,Horizontal,RP11-259G18.3,10,51880,,,,False
strict,Retina 1,Horizontal,RP11-293E1.1,10,51880,,,,False
strict,Retina 1,Horizontal,RP11-293E1.2,10,51880,,,,False
strict,Retina 1,Horizontal,RP11-302L19.3,10,51880,0.0,0.0,0.0,True
strict,Retina 1,Horizontal,RP11-403A3.3,10,51880,0.0,0.0,0.0,True
strict,Retina 1,Horizontal,RP11-412D9.4,10,51880,2.0,3.6775783656002585,38.55050115651503,True
strict,Retina 1,Horizontal,RP11-507B12.1,10,51880,,,,False
strict,Retina 1,Horizontal,RP11-507B12.2,10,51880,0.0,0.0,0.0,True
strict,Retina 1,Horizontal,RP11-669E14.6,10,51880,0.0,0.0,0.0,True
strict,Retina 1,Horizontal,RP11-707O23.1,10,51880,,,,False
strict,Retina 1,Horizontal,RP11-750H9.5,10,51880,,,,False
strict,Retina 1,Horizontal,RP11-755F10.1,10,51880,0.0,0.0,0.0,True
strict,Retina 1,Horizontal,RP11-762L8.6,10,51880,,,,False
strict,Retina 1,Horizontal,RP11-770G2.2,10,51880,,,,False
strict,Retina 1,Horizontal,RP11-798G7.6,10,51880,0.0,0.0,0.0,True
strict,Retina 1,Horizontal,RP11-798G7.8,10,51880,,,,False
strict,Retina 1,Horizontal,RP5-1115A15.1,10,51880,0.0,0.0,0.0,True
strict,Retina 1,Horizontal,RPS26P8,10,51880,,,,False
strict,Retina 1,Horizontal,SCRN2,10,51880,2.0,3.6775783656002585,38.55050115651503,True
strict,Retina 1,Horizontal,SEMA3E,10,51880,1.0,3.009400958902048,19.275250578257516,True
strict,Retina 1,Horizontal,SEPT7,10,51880,164.0,8.059004638796097,3161.1410948342327,True
strict,Retina 1,Horizontal,SF3A3,10,51880,3.0,4.074579713703427,57.82575173477255,True
strict,Retina 1,Horizontal,SFTA1P,10,51880,0.0,0.0,0.0,True
strict,Retina 1,Horizontal,SGSM2,10,51880,1.0,3.009400958902048,19.275250578257516,True
strict,Retina 1,Horizontal,SLC25A45,10,51880,0.0,0.0,0.0,True
strict,Retina 1,Horizontal,SLC39A13,10,51880,3.0,4.074579713703427,57.82575173477255,True
strict,Retina 1,Horizontal,SMAD6,10,51880,0.0,0.0,0.0,True
strict,Retina 1,Horizontal,SNORD14A,10,51880,,,,False
strict,Retina 1,Horizontal,SSSCA1-AS1,10,51880,,,,False
strict,Retina 1,Horizontal,TARID,10,51880,0.0,0.0,0.0,True
strict,Retina 1,Horizontal,TBC1D31,10,51880,0.0,0.0,0.0,True
strict,Retina 1,Horizontal,TBKBP1,10,51880,2.0,3.6775783656002585,38.55050115651503,True
strict,Retina 1,Horizontal,TBPL1,10,51880,3.0,4.074579713703427,57.82575173477255,True
strict,Retina 1,Horizontal,TGFB3,10,51880,0.0,0.0,0.0,True
strict,Retina 1,Horizontal,THCAT158,10,51880,0.0,0.0,0.0,True
strict,Retina 1,Horizontal,THSD7A,10,51880,7.0,4.912116167475502,134.92675404780263,True
strict,Retina 1,Horizontal,TIGD3,10,51880,0.0,0.0,0.0,True
strict,Retina 1,Horizontal,TMEM116,10,51880,0.0,0.0,0.0,True
strict,Retina 1,Horizontal,TMEM136,10,51880,2.0,3.6775783656002585,38.55050115651503,True
strict,Retina 1,Horizontal,TMEM181,10,51880,1.0,3.009400958902048,19.275250578257516,True
strict,Retina 1,Horizontal,TMEM263,10,51880,3.0,4.074579713703427,57.82575173477255,True
strict,Retina 1,Horizontal,TRIM26,10,51880,1.0,3.009400958902048,19.275250578257516,True
strict,Retina 1,Horizontal,TRIOBP,10,51880,1.0,3.009400958902048,19.275250578257516,True
strict,Retina 1,Horizontal,TSC22D2,10,51880,2.0,3.6775783656002585,38.55050115651503,True
strict,Retina 1,Horizontal,TTC28,10,51880,1.0,3.009400958902048,19.275250578257516,True
strict,Retina 1,Horizontal,TTLL5,10,51880,3.0,4.074579713703427,57.82575173477255,True
strict,Retina 1,Horizontal,TXNDC8,10,51880,,,,False
strict,Retina 1,Horizontal,TXNRD2,10,51880,2.0,3.6775783656002585,38.55050115651503,True
strict,Retina 1,Horizontal,UTP11,10,51880,6.0,4.759190887107441,115.6515034695451,True
strict,Retina 1,Horizontal,VARS2,10,51880,0.0,0.0,0.0,True
strict,Retina 1,Horizontal,VCAM1,10,51880,0.0,0.0,0.0,True
strict,Retina 1,Horizontal,WLS,10,51880,0.0,0.0,0.0,True
strict,Retina 1,Horizontal,WNT2B,10,51880,0.0,0.0,0.0,True
strict,Retina 1,Horizontal,XRCC6P1,10,51880,,,,False
strict,Retina 1,Horizontal,XXbac-BPG170G13.32,10,51880,0.0,0.0,0.0,True
strict,Retina 1,Horizontal,XXbac-BPG283O16.9,10,51880,,,,False
strict,Retina 1,Horizontal,YAP1,10,51880,0.0,0.0,0.0,True
strict,Retina 1,Horizontal,YIF1A,10,51880,3.0,4.074579713703427,57.82575173477255,True
strict,Retina 1,Horizontal,ZNF280D,10,51880,8.0,5.044727524070729,154.20200462606013,True
strict,Retina 1,Horizontal,ZNF638,10,51880,6.0,4.759190887107441,115.6515034695451,True
strict,Retina 1,Horizontal,ZNF638-IT1,10,51880,,,,False
strict,Retina 1,RGC,DGKG,35,96798,0.0,0.0,0.0,True
strict,Retina 1,RGC,SLC2A12,35,96798,0.0,0.0,0.0,True
strict,Retina 1,RGC,COL8A2,35,96798,0.0,0.0,0.0,True
strict,Retina 1,RGC,NPC2,35,96798,6.0,4.142892661398853,61.98475175106924,True
strict,Retina 1,RGC,PSMC3,35,96798,15.0,5.049611614424409,154.96187937767309,True
strict,Retina 1,RGC,RP11-466F5.8,35,96798,0.0,0.0,0.0,True
strict,Retina 1,RGC,LPP,35,96798,3.0,3.4654976205232164,30.99237587553462,True
strict,Retina 1,RGC,RP11-121M22.1,35,96798,0.0,0.0,0.0,True
strict,Retina 1,RGC,ABO,35,96798,0.0,0.0,0.0,True
strict,Retina 1,RGC,ADAMTS8,35,96798,0.0,0.0,0.0,True
strict,Retina 1,RGC,CALD1,35,96798,7.0,4.294772642477119,72.31554370958078,True
strict,Retina 1,RGC,CHEK2,35,96798,0.0,0.0,0.0,True
strict,Retina 1,RGC,GAS7,35,96798,10.0,4.647347289949779,103.3079195851154,True
strict,Retina 1,RGC,LMX1B,35,96798,,,,False
strict,Retina 1,RGC,TCF12,35,96798,3.0,3.4654976205232164,30.99237587553462,True
strict,Retina 1,RGC,TMCO1,35,96798,7.0,4.294772642477119,72.31554370958078,True
strict,Retina 1,RGC,TRIB2,35,96798,4.0,3.745334639050258,41.32316783404616,True
strict,Retina 1,RGC,AC000078.5,35,96798,,,,False
strict,Retina 1,RGC,AC002066.1,35,96798,,,,False
strict,Retina 1,RGC,AC012066.1,35,96798,,,,False
strict,Retina 1,RGC,AC091132.1,35,96798,,,,False
strict,Retina 1,RGC,ACBD4,35,96798,1.0,2.427523971847874,10.33079195851154,True
strict,Retina 1,RGC,AFAP1,35,96798,2.0,3.0755403652622655,20.66158391702308,True
strict,Retina 1,RGC,ALDH2,35,96798,4.0,3.745334639050258,41.32316783404616,True
strict,Retina 1,RGC,AP003068.23,35,96798,0.0,0.0,0.0,True
strict,Retina 1,RGC,AP5B1,35,96798,0.0,0.0,0.0,True
strict,Retina 1,RGC,AREL1,35,96798,2.0,3.0755403652622655,20.66158391702308,True
strict,Retina 1,RGC,ARHGAP27,35,96798,0.0,0.0,0.0,True
strict,Retina 1,RGC,ARHGEF12,35,96798,18.0,5.230863962614781,185.95425525320772,True
strict,Retina 1,RGC,ARL17A,35,96798,6.0,4.142892661398853,61.98475175106924,True
strict,Retina 1,RGC,ATP5J,35,96798,73.0,6.626913508856853,754.1478129713424,True
strict,Retina 1,RGC,BICC1,35,96798,2.0,3.0755403652622655,20.66158391702308,True
strict,Retina 1,RGC,BORA,35,96798,0.0,0.0,0.0,True
strict,Retina 1,RGC,C1orf109,35,96798,2.0,3.0755403652622655,20.66158391702308,True
strict,Retina 1,RGC,C1orf122,35,96798,25.0,5.557869214348989,258.2697989627885,True
strict,Retina 1,RGC,C22orf29,35,96798,3.0,3.4654976205232164,30.99237587553462,True
strict,Retina 1,RGC,C6orf15,35,96798,,,,False
strict,Retina 1,RGC,CADM1,35,96798,10.0,4.647347289949779,103.3079195851154,True
strict,Retina 1,RGC,CADM2,35,96798,25.0,5.557869214348989,258.2697989627885,True
strict,Retina 1,RGC,CAV2,35,96798,6.0,4.142892661398853,61.98475175106924,True
strict,Retina 1,RGC,CCDC117,35,96798,3.0,3.4654976205232164,30.99237587553462,True
strict,Retina 1,RGC,CDC14A,35,96798,1.0,2.427523971847874,10.33079195851154,True
strict,Retina 1,RGC,CDKN2A,35,96798,0.0,0.0,0.0,True
strict,Retina 1,RGC,CDKN2B-AS1,35,96798,0.0,0.0,0.0,True
strict,Retina 1,RGC,CELF1,35,96798,9.0,4.543051429540895,92.97712762660386,True
strict,Retina 1,RGC,CLIC5,35,96798,0.0,0.0,0.0,True
strict,Retina 1,RGC,CMB9-22P13.1,35,96798,,,,False
strict,Retina 1,RGC,COL11A1,35,96798,5.0,3.963741445487063,51.6539597925577,True
strict,Retina 1,RGC,CRHR1,35,96798,0.0,0.0,0.0,True
strict,Retina 1,RGC,CTA-292E10.6,35,96798,0.0,0.0,0.0,True
strict,Retina 1,RGC,CTB-39G8.3,35,96798,,,,False
strict,Retina 1,RGC,CTD-2005H7.1,35,96798,0.0,0.0,0.0,True
strict,Retina 1,RGC,CTD-2020K17.1,35,96798,0.0,0.0,0.0,True
strict,Retina 1,RGC,CTD-2020K17.3,35,96798,2.0,3.0755403652622655,20.66158391702308,True
strict,Retina 1,RGC,CTTNBP2,35,96798,9.0,4.543051429540895,92.97712762660386,True
strict,Retina 1,RGC,DDX39BP2,35,96798,,,,False
strict,Retina 1,RGC,DIO1,35,96798,,,,False
strict,Retina 1,RGC,DND1P1,35,96798,,,,False
strict,Retina 1,RGC,DYSF,35,96798,0.0,0.0,0.0,True
strict,Retina 1,RGC,EFCAB13,35,96798,1.0,2.427523971847874,10.33079195851154,True
strict,Retina 1,RGC,EFEMP1,35,96798,0.0,0.0,0.0,True
strict,Retina 1,RGC,EHBP1L1,35,96798,0.0,0.0,0.0,True
strict,Retina 1,RGC,FAM215B,35,96798,9.0,4.543051429540895,92.97712762660386,True
strict,Retina 1,RGC,FAM83A,35,96798,,,,False
strict,Retina 1,RGC,FAM83A-AS1,35,96798,,,,False
strict,Retina 1,RGC,FAM89B,35,96798,1.0,2.427523971847874,10.33079195851154,True
strict,Retina 1,RGC,FHL3,35,96798,0.0,0.0,0.0,True
strict,Retina 1,RGC,FLOT1,35,96798,15.0,5.049611614424409,154.96187937767309,True
strict,Retina 1,RGC,FLVCR2,35,96798,0.0,0.0,0.0,True
strict,Retina 1,RGC,FMNL1,35,96798,1.0,2.427523971847874,10.33079195851154,True
strict,Retina 1,RGC,FNDC4,35,96798,9.0,4.543051429540895,92.97712762660386,True
strict,Retina 1,RGC,GALR3,35,96798,,,,False
strict,Retina 1,RGC,GCAT,35,96798,1.0,2.427523971847874,10.33079195851154,True
strict,Retina 1,RGC,GLIS1,35,96798,0.0,0.0,0.0,True
strict,Retina 1,RGC,H1F0,35,96798,18.0,5.230863962614781,185.95425525320772,True
strict,Retina 1,RGC,HCG4,35,96798,,,,False
strict,Retina 1,RGC,HCG4B,35,96798,,,,False
strict,Retina 1,RGC,HCG4P5,35,96798,,,,False
strict,Retina 1,RGC,HCG4P7,35,96798,,,,False
strict,Retina 1,RGC,HCG9,35,96798,0.0,0.0,0.0,True
strict,Retina 1,RGC,HCP5B,35,96798,0.0,0.0,0.0,True
strict,Retina 1,RGC,HECTD4,35,96798,8.0,4.426597620951434,82.64633566809232,True
strict,Retina 1,RGC,HLA-A,35,96798,30.0,5.739547733428744,309.92375875534617,True
strict,Retina 1,RGC,HLA-C,35,96798,13.0,4.907496718919,134.30029546065,True
strict,Retina 1,RGC,HLA-F,35,96798,0.0,0.0,0.0,True
strict,Retina 1,RGC,HLA-F-AS1,35,96798,,,,False
strict,Retina 1,RGC,HLA-G,35,96798,0.0,0.0,0.0,True
strict,Retina 1,RGC,HLA-H,35,96798,,,,False
strict,Retina 1,RGC,HLA-J,35,96798,,,,False
strict,Retina 1,RGC,HLA-L,35,96798,,,,False
strict,Retina 1,RGC,HLA-T,35,96798,,,,False
strict,Retina 1,RGC,HLA-U,35,96798,,,,False
strict,Retina 1,RGC,HLA-V,35,96798,,,,False
strict,Retina 1,RGC,HLA-W,35,96798,,,,False
strict,Retina 1,RGC,HSCB,35,96798,1.0,2.427523971847874,10.33079195851154,True
strict,Retina 1,RGC,HTRA3,35,96798,0.0,0.0,0.0,True
strict,Retina 1,RGC,IFITM4P,35,96798,,,,False
strict,Retina 1,RGC,IFT172,35,96798,2.0,3.0755403652622655,20.66158391702308,True
strict,Retina 1,RGC,INPP5B,35,96798,3.0,3.4654976205232164,30.99237587553462,True
strict,Retina 1,RGC,ITGB3,35,96798,0.0,0.0,0.0,True
strict,Retina 1,RGC,KANSL1,35,96798,11.0,4.7417855443048635,113.63871154362694,True
strict,Retina 1,RGC,KANSL1-AS1,35,96798,1.0,2.427523971847874,10.33079195851154,True
strict,Retina 1,RGC,KHK,35,96798,5.0,3.963741445487063,51.6539597925577,True
strict,Retina 1,RGC,KLF5,35,96798,0.0,0.0,0.0,True
strict,Retina 1,RGC,KRT8P26,35,96798,,,,False
strict,Retina 1,RGC,LHPP,35,96798,3.0,3.4654976205232164,30.99237587553462,True
strict,Retina 1,RGC,LINC01948,35,96798,0.0,0.0,0.0,True
strict,Retina 1,RGC,LINC02052,35,96798,,,,False
strict,Retina 1,RGC,LINC02210,35,96798,,,,False
strict,Retina 1,RGC,LMO4,35,96798,54.0,6.325903943479597,557.8627657596231,True
strict,Retina 1,RGC,LMO7,35,96798,1.0,2.427523971847874,10.33079195851154,True
strict,Retina 1,RGC,LOXL1,35,96798,3.0,3.4654976205232164,30.99237587553462,True
strict,Retina 1,RGC,LOXL1-AS1,35,96798,2.0,3.0755403652622655,20.66158391702308,True
strict,Retina 1,RGC,LRRC37A,35,96798,0.0,0.0,0.0,True
strict,Retina 1,RGC,LRRC37A17P,35,96798,,,,False
strict,Retina 1,RGC,LRRC37A2,35,96798,1.0,2.427523971847874,10.33079195851154,True
strict,Retina 1,RGC,LRRC37A4P,35,96798,,,,False
strict,Retina 1,RGC,LRWD1,35,96798,2.0,3.0755403652622655,20.66158391702308,True
strict,Retina 1,RGC,LTBP2,35,96798,0.0,0.0,0.0,True
strict,Retina 1,RGC,LTBP3,35,96798,1.0,2.427523971847874,10.33079195851154,True
strict,Retina 1,RGC,MADD,35,96798,7.0,4.294772642477119,72.31554370958078,True
strict,Retina 1,RGC,MAPK8IP1P1,35,96798,,,,False
strict,Retina 1,RGC,MAPK8IP1P2,35,96798,,,,False
strict,Retina 1,RGC,MAPT,35,96798,17.0,5.174020140582957,175.62346329469617,True
strict,Retina 1,RGC,MAPT-AS1,35,96798,1.0,2.427523971847874,10.33079195851154,True
strict,Retina 1,RGC,MAPT-IT1,35,96798,,,,False
strict,Retina 1,RGC,ME3,35,96798,0.0,0.0,0.0,True
strict,Retina 1,RGC,MICE,35,96798,,,,False
strict,Retina 1,RGC,MOV10,35,96798,0.0,0.0,0.0,True
strict,Retina 1,RGC,MRPL33,35,96798,22.0,5.430561657218837,227.27742308725388,True
strict,Retina 1,RGC,MTCH2,35,96798,6.0,4.142892661398853,61.98475175106924,True
strict,Retina 1,RGC,MVB12B,35,96798,3.0,3.4654976205232164,30.99237587553462,True
strict,Retina 1,RGC,Metazoa_SRP,35,96798,,,,False
strict,Retina 1,RGC,NEAT1,35,96798,79.0,6.705801339619779,816.1325647224116,True
strict,Retina 1,RGC,NMT1,35,96798,6.0,4.142892661398853,61.98475175106924,True
strict,Retina 1,RGC,NPEPPS,35,96798,15.0,5.049611614424409,154.96187937767309,True
strict,Retina 1,RGC,NRBP1,35,96798,8.0,4.426597620951434,82.64633566809232,True
strict,Retina 1,RGC,NSF,35,96798,15.0,5.049611614424409,154.96187937767309,True
strict,Retina 1,RGC,NUCB2,35,96798,6.0,4.142892661398853,61.98475175106924,True
strict,Retina 1,RGC,NUDT7,35,96798,0.0,0.0,0.0,True
strict,Retina 1,RGC,PDE6C,35,96798,0.0,0.0,0.0,True
strict,Retina 1,RGC,PGAM1P8,35,96798,,,,False
strict,Retina 1,RGC,PIBF1,35,96798,2.0,3.0755403652622655,20.66158391702308,True
strict,Retina 1,RGC,PIGC,35,96798,6.0,4.142892661398853,61.98475175106924,True
strict,Retina 1,RGC,PKIB,35,96798,17.0,5.174020140582957,175.62346329469617,True
strict,Retina 1,RGC,PLCE1,35,96798,4.0,3.745334639050258,41.32316783404616,True
strict,Retina 1,RGC,PLCE1-AS1,35,96798,,,,False
strict,Retina 1,RGC,PLEKHA7,35,96798,0.0,0.0,0.0,True
strict,Retina 1,RGC,PLEKHM1,35,96798,0.0,0.0,0.0,True
strict,Retina 1,RGC,PPP1R18,35,96798,0.0,0.0,0.0,True
strict,Retina 1,RGC,PRKCE,35,96798,1.0,2.427523971847874,10.33079195851154,True
strict,Retina 1,RGC,PROX2,35,96798,,,,False
strict,Retina 1,RGC,PRSS23,35,96798,0.0,0.0,0.0,True
strict,Retina 1,RGC,PSORS1C3,35,96798,,,,False
strict,Retina 1,RGC,RAPSN,35,96798,0.0,0.0,0.0,True
strict,Retina 1,RGC,RERE,35,96798,10.0,4.647347289949779,103.3079195851154,True
strict,Retina 1,RGC,RIC8B,35,96798,1.0,2.427523971847874,10.33079195851154,True
strict,Retina 1,RGC,RORA,35,96798,22.0,5.430561657218837,227.27742308725388,True
strict,Retina 1,RGC,RP11-123K19.1,35,96798,,,,False
strict,Retina 1,RGC,RP11-136H19.1,35,96798,,,,False
strict,Retina 1,RGC,RP11-149I2.4,35,96798,,,,False
strict,Retina 1,RGC,RP11-162I7.1,35,96798,,,,False
strict,Retina 1,RGC,RP11-17G12.2,35,96798,,,,False
strict,Retina 1,RGC,RP11-205K6.1,35,96798,,,,False
strict,Retina 1,RGC,RP11-217B7.2,35,96798,0.0,0.0,0.0,True
strict,Retina 1,RGC,RP11-259A24.1,35,96798,,,,False
strict,Retina 1,RGC,RP11-259G18.1,35,96798,,,,False
strict,Retina 1,RGC,RP11-259G18.3,35,96798,,,,False
strict,Retina 1,RGC,RP11-293E1.1,35,96798,,,,False
strict,Retina 1,RGC,RP11-293E1.2,35,96798,,,,False
strict,Retina 1,RGC,RP11-302L19.3,35,96798,0.0,0.0,0.0,True
strict,Retina 1,RGC,RP11-403A3.3,35,96798,0.0,0.0,0.0,True
strict,Retina 1,RGC,RP11-412D9.4,35,96798,2.0,3.0755403652622655,20.66158391702308,True
strict,Retina 1,RGC,RP11-507B12.1,35,96798,,,,False
strict,Retina 1,RGC,RP11-507B12.2,35,96798,0.0,0.0,0.0,True
strict,Retina 1,RGC,RP11-669E14.6,35,96798,1.0,2.427523971847874,10.33079195851154,True
strict,Retina 1,RGC,RP11-707O23.1,35,96798,,,,False
strict,Retina 1,RGC,RP11-750H9.5,35,96798,,,,False
strict,Retina 1,RGC,RP11-755F10.1,35,96798,0.0,0.0,0.0,True
strict,Retina 1,RGC,RP11-762L8.6,35,96798,,,,False
strict,Retina 1,RGC,RP11-770G2.2,35,96798,,,,False
strict,Retina 1,RGC,RP11-798G7.6,35,96798,0.0,0.0,0.0,True
strict,Retina 1,RGC,RP11-798G7.8,35,96798,,,,False
strict,Retina 1,RGC,RP5-1115A15.1,35,96798,0.0,0.0,0.0,True
strict,Retina 1,RGC,RPS26P8,35,96798,,,,False
strict,Retina 1,RGC,SCRN2,35,96798,2.0,3.0755403652622655,20.66158391702308,True
strict,Retina 1,RGC,SEMA3E,35,96798,3.0,3.4654976205232164,30.99237587553462,True
strict,Retina 1,RGC,SEPT7,35,96798,80.0,6.718364824314155,826.4633566809232,True
strict,Retina 1,RGC,SF3A3,35,96798,4.0,3.745334639050258,41.32316783404616,True
strict,Retina 1,RGC,SFTA1P,35,96798,0.0,0.0,0.0,True
strict,Retina 1,RGC,SGSM2,35,96798,1.0,2.427523971847874,10.33079195851154,True
strict,Retina 1,RGC,SLC25A45,35,96798,1.0,2.427523971847874,10.33079195851154,True
strict,Retina 1,RGC,SLC39A13,35,96798,2.0,3.0755403652622655,20.66158391702308,True
strict,Retina 1,RGC,SMAD6,35,96798,0.0,0.0,0.0,True
strict,Retina 1,RGC,SNORD14A,35,96798,,,,False
strict,Retina 1,RGC,SSSCA1-AS1,35,96798,,,,False
strict,Retina 1,RGC,TARID,35,96798,0.0,0.0,0.0,True
strict,Retina 1,RGC,TBC1D31,35,96798,1.0,2.427523971847874,10.33079195851154,True
strict,Retina 1,RGC,TBKBP1,35,96798,5.0,3.963741445487063,51.6539597925577,True
strict,Retina 1,RGC,TBPL1,35,96798,9.0,4.543051429540895,92.97712762660386,True
strict,Retina 1,RGC,TGFB3,35,96798,0.0,0.0,0.0,True
strict,Retina 1,RGC,THCAT158,35,96798,0.0,0.0,0.0,True
strict,Retina 1,RGC,THSD7A,35,96798,5.0,3.963741445487063,51.6539597925577,True
strict,Retina 1,RGC,TIGD3,35,96798,0.0,0.0,0.0,True
strict,Retina 1,RGC,TMEM116,35,96798,0.0,0.0,0.0,True
strict,Retina 1,RGC,TMEM136,35,96798,3.0,3.4654976205232164,30.99237587553462,True
strict,Retina 1,RGC,TMEM181,35,96798,2.0,3.0755403652622655,20.66158391702308,True
strict,Retina 1,RGC,TMEM263,35,96798,6.0,4.142892661398853,61.98475175106924,True
strict,Retina 1,RGC,TRIM26,35,96798,0.0,0.0,0.0,True
strict,Retina 1,RGC,TRIOBP,35,96798,1.0,2.427523971847874,10.33079195851154,True
strict,Retina 1,RGC,TSC22D2,35,96798,2.0,3.0755403652622655,20.66158391702308,True
strict,Retina 1,RGC,TTC28,35,96798,2.0,3.0755403652622655,20.66158391702308,True
strict,Retina 1,RGC,TTLL5,35,96798,5.0,3.963741445487063,51.6539597925577,True
strict,Retina 1,RGC,TXNDC8,35,96798,,,,False
strict,Retina 1,RGC,TXNRD2,35,96798,5.0,3.963741445487063,51.6539597925577,True
strict,Retina 1,RGC,UTP11,35,96798,1.0,2.427523971847874,10.33079195851154,True
strict,Retina 1,RGC,VARS2,35,96798,0.0,0.0,0.0,True
strict,Retina 1,RGC,VCAM1,35,96798,0.0,0.0,0.0,True
strict,Retina 1,RGC,WLS,35,96798,0.0,0.0,0.0,True
strict,Retina 1,RGC,WNT2B,35,96798,0.0,0.0,0.0,True
strict,Retina 1,RGC,XRCC6P1,35,96798,,,,False
strict,Retina 1,RGC,XXbac-BPG170G13.32,35,96798,0.0,0.0,0.0,True
strict,Retina 1,RGC,XXbac-BPG283O16.9,35,96798,,,,False
strict,Retina 1,RGC,YAP1,35,96798,0.0,0.0,0.0,True
strict,Retina 1,RGC,YIF1A,35,96798,6.0,4.142892661398853,61.98475175106924,True
strict,Retina 1,RGC,ZNF280D,35,96798,10.0,4.647347289949779,103.3079195851154,True
strict,Retina 1,RGC,ZNF638,35,96798,25.0,5.557869214348989,258.2697989627885,True
strict,Retina 1,RGC,ZNF638-IT1,35,96798,,,,False
strict,Retina 1,Muller glia,DGKG,99,322763,7.0,3.1218246869828348,21.68773992062287,True
strict,Retina 1,Muller glia,SLC2A12,99,322763,3.0,2.331633636946546,9.294745680266946,True
strict,Retina 1,Muller glia,COL8A2,99,322763,0.0,0.0,0.0,True
strict,Retina 1,Muller glia,NPC2,99,322763,68.0,5.355079961912983,210.68090208605076,True
strict,Retina 1,Muller glia,PSMC3,99,322763,50.0,5.049294490682774,154.91242800444908,True
strict,Retina 1,Muller glia,RP11-466F5.8,99,322763,0.0,0.0,0.0,True
strict,Retina 1,Muller glia,LPP,99,322763,12.0,3.6422851736542072,37.17898272106778,True
strict,Retina 1,Muller glia,RP11-121M22.1,99,322763,0.0,0.0,0.0,True
strict,Retina 1,Muller glia,ABO,99,322763,0.0,0.0,0.0,True
strict,Retina 1,Muller glia,ADAMTS8,99,322763,0.0,0.0,0.0,True
strict,Retina 1,Muller glia,CALD1,99,322763,69.0,5.369610293892685,213.77915064613973,True
strict,Retina 1,Muller glia,CHEK2,99,322763,0.0,0.0,0.0,True
strict,Retina 1,Muller glia,GAS7,99,322763,6.0,2.9749932673791424,18.58949136053389,True
strict,Retina 1,Muller glia,LMX1B,99,322763,,,,False
strict,Retina 1,Muller glia,TCF12,99,322763,23.0,4.280266807666518,71.25971688204658,True
strict,Retina 1,Muller glia,TMCO1,99,322763,127.0,5.977562274616638,393.4775671313007,True
strict,Retina 1,Muller glia,TRIB2,99,322763,43.0,4.8995151724752475,133.2246880838262,True
strict,Retina 1,Muller glia,AC000078.5,99,322763,,,,False
strict,Retina 1,Muller glia,AC002066.1,99,322763,,,,False
strict,Retina 1,Muller glia,AC012066.1,99,322763,,,,False
strict,Retina 1,Muller glia,AC091132.1,99,322763,,,,False
strict,Retina 1,Muller glia,ACBD4,99,322763,8.0,3.2498312622620995,24.785988480711854,True
strict,Retina 1,Muller glia,AFAP1,99,322763,9.0,3.3632960152025686,27.884237040800834,True
strict,Retina 1,Muller glia,ALDH2,99,322763,35.0,4.695364571522161,108.43869960311436,True
strict,Retina 1,Muller glia,AP003068.23,99,322763,0.0,0.0,0.0,True
strict,Retina 1,Muller glia,AP5B1,99,322763,1.0,1.410559701976592,3.0982485600889818,True
strict,Retina 1,Muller glia,AREL1,99,322763,5.0,2.8028295006475683,15.491242800444908,True
strict,Retina 1,Muller glia,ARHGAP27,99,322763,0.0,0.0,0.0,True
strict,Retina 1,Muller glia,ARHGEF12,99,322763,22.0,4.236443891387256,68.1614683219576,True
strict,Retina 1,Muller glia,ARL17A,99,322763,4.0,2.5947317523560556,12.392994240355927,True
strict,Retina 1,Muller glia,ATP5J,99,322763,121.0,5.929291428254713,374.88807577076676,True
strict,Retina 1,Muller glia,BICC1,99,322763,16.0,3.923397607889627,49.57197696142371,True
strict,Retina 1,Muller glia,BORA,99,322763,1.0,1.410559701976592,3.0982485600889818,True
strict,Retina 1,Muller glia,C1orf109,99,322763,3.0,2.331633636946546,9.294745680266946,True
strict,Retina 1,Muller glia,C1orf122,99,322763,30.0,4.542735655803562,92.94745680266945,True
strict,Retina 1,Muller glia,C22orf29,99,322763,5.0,2.8028295006475683,15.491242800444908,True
strict,Retina 1,Muller glia,C6orf15,99,322763,,,,False
strict,Retina 1,Muller glia,CADM1,99,322763,112.0,5.8522135105468704,347.00383872996593,True
strict,Retina 1,Muller glia,CADM2,99,322763,51.0,5.068971348170534,158.01067656453807,True
strict,Retina 1,Muller glia,CAV2,99,322763,84.0,5.565488823495712,260.25287904747444,True
strict,Retina 1,Muller glia,CCDC117,99,322763,4.0,2.5947317523560556,12.392994240355927,True
strict,Retina 1,Muller glia,CDC14A,99,322763,12.0,3.6422851736542072,37.17898272106778,True
strict,Retina 1,Muller glia,CDKN2A,99,322763,0.0,0.0,0.0,True
strict,Retina 1,Muller glia,CDKN2B-AS1,99,322763,0.0,0.0,0.0,True
strict,Retina 1,Muller glia,CELF1,99,322763,19.0,4.092120802194385,58.86672264169065,True
strict,Retina 1,Muller glia,CLIC5,99,322763,23.0,4.280266807666518,71.25971688204658,True
strict,Retina 1,Muller glia,CMB9-22P13.1,99,322763,,,,False
strict,Retina 1,Muller glia,COL11A1,99,322763,29.0,4.509201079807842,89.84920824258047,True
strict,Retina 1,Muller glia,CRHR1,99,322763,0.0,0.0,0.0,True
strict,Retina 1,Muller glia,CTA-292E10.6,99,322763,0.0,0.0,0.0,True
strict,Retina 1,Muller glia,CTB-39G8.3,99,322763,,,,False
strict,Retina 1,Muller glia,CTD-2005H7.1,99,322763,0.0,0.0,0.0,True
strict,Retina 1,Muller glia,CTD-2020K17.1,99,322763,2.0,1.9735943965506986,6.1964971201779635,True
strict,Retina 1,Muller glia,CTD-2020K17.3,99,322763,0.0,0.0,0.0,True
strict,Retina 1,Muller glia,CTTNBP2,99,322763,37.0,4.75044037982139,114.63519672329232,True
strict,Retina 1,Muller glia,DDX39BP2,99,322763,,,,False
strict,Retina 1,Muller glia,DIO1,99,322763,,,,False
strict,Retina 1,Muller glia,DND1P1,99,322763,,,,False
strict,Retina 1,Muller glia,DYSF,99,322763,0.0,0.0,0.0,True
strict,Retina 1,Muller glia,EFCAB13,99,322763,2.0,1.9735943965506986,6.1964971201779635,True
strict,Retina 1,Muller glia,EFEMP1,99,322763,20.0,4.142578559089002,61.96497120177963,True
strict,Retina 1,Muller glia,EHBP1L1,99,322763,1.0,1.410559701976592,3.0982485600889818,True
strict,Retina 1,Muller glia,FAM215B,99,322763,7.0,3.1218246869828348,21.68773992062287,True
strict,Retina 1,Muller glia,FAM83A,99,322763,,,,False
strict,Retina 1,Muller glia,FAM83A-AS1,99,322763,,,,False
strict,Retina 1,Muller glia,FAM89B,99,322763,0.0,0.0,0.0,True
strict,Retina 1,Muller glia,FHL3,99,322763,1.0,1.410559701976592,3.0982485600889818,True
strict,Retina 1,Muller glia,FLOT1,99,322763,19.0,4.092120802194385,58.86672264169065,True
strict,Retina 1,Muller glia,FLVCR2,99,322763,0.0,0.0,0.0,True
strict,Retina 1,Muller glia,FMNL1,99,322763,0.0,0.0,0.0,True
strict,Retina 1,Muller glia,FNDC4,99,322763,6.0,2.9749932673791424,18.58949136053389,True
strict,Retina 1,Muller glia,GALR3,99,322763,,,,False
strict,Retina 1,Muller glia,GCAT,99,322763,6.0,2.9749932673791424,18.58949136053389,True
strict,Retina 1,Muller glia,GLIS1,99,322763,0.0,0.0,0.0,True
strict,Retina 1,Muller glia,H1F0,99,322763,29.0,4.509201079807842,89.84920824258047,True
strict,Retina 1,Muller glia,HCG4,99,322763,,,,False
strict,Retina 1,Muller glia,HCG4B,99,322763,,,,False
strict,Retina 1,Muller glia,HCG4P5,99,322763,,,,False
strict,Retina 1,Muller glia,HCG4P7,99,322763,,,,False
strict,Retina 1,Muller glia,HCG9,99,322763,0.0,0.0,0.0,True
strict,Retina 1,Muller glia,HCP5B,99,322763,0.0,0.0,0.0,True
strict,Retina 1,Muller glia,HECTD4,99,322763,6.0,2.9749932673791424,18.58949136053389,True
strict,Retina 1,Muller glia,HLA-A,99,322763,69.0,5.369610293892685,213.77915064613973,True
strict,Retina 1,Muller glia,HLA-C,99,322763,87.0,5.600448144629548,269.54762472774144,True
strict,Retina 1,Muller glia,HLA-F,99,322763,3.0,2.331633636946546,9.294745680266946,True
strict,Retina 1,Muller glia,HLA-F-AS1,99,322763,,,,False
strict,Retina 1,Muller glia,HLA-G,99,322763,0.0,0.0,0.0,True
strict,Retina 1,Muller glia,HLA-H,99,322763,,,,False
strict,Retina 1,Muller glia,HLA-J,99,322763,,,,False
strict,Retina 1,Muller glia,HLA-L,99,322763,,,,False
strict,Retina 1,Muller glia,HLA-T,99,322763,,,,False
strict,Retina 1,Muller glia,HLA-U,99,322763,,,,False
strict,Retina 1,Muller glia,HLA-V,99,322763,,,,False
strict,Retina 1,Muller glia,HLA-W,99,322763,,,,False
strict,Retina 1,Muller glia,HSCB,99,322763,7.0,3.1218246869828348,21.68773992062287,True
strict,Retina 1,Muller glia,HTRA3,99,322763,0.0,0.0,0.0,True
strict,Retina 1,Muller glia,IFITM4P,99,322763,,,,False
strict,Retina 1,Muller glia,IFT172,99,322763,8.0,3.2498312622620995,24.785988480711854,True
strict,Retina 1,Muller glia,INPP5B,99,322763,2.0,1.9735943965506986,6.1964971201779635,True
strict,Retina 1,Muller glia,ITGB3,99,322763,0.0,0.0,0.0,True
strict,Retina 1,Muller glia,KANSL1,99,322763,22.0,4.236443891387256,68.1614683219576,True
strict,Retina 1,Muller glia,KANSL1-AS1,99,322763,4.0,2.5947317523560556,12.392994240355927,True
strict,Retina 1,Muller glia,KHK,99,322763,3.0,2.331633636946546,9.294745680266946,True
strict,Retina 1,Muller glia,KLF5,99,322763,0.0,0.0,0.0,True
strict,Retina 1,Muller glia,KRT8P26,99,322763,,,,False
strict,Retina 1,Muller glia,LHPP,99,322763,5.0,2.8028295006475683,15.491242800444908,True
strict,Retina 1,Muller glia,LINC01948,99,322763,0.0,0.0,0.0,True
strict,Retina 1,Muller glia,LINC02052,99,322763,,,,False
strict,Retina 1,Muller glia,LINC02210,99,322763,,,,False
strict,Retina 1,Muller glia,LMO4,99,322763,16.0,3.923397607889627,49.57197696142371,True
strict,Retina 1,Muller glia,LMO7,99,322763,2.0,1.9735943965506986,6.1964971201779635,True
strict,Retina 1,Muller glia,LOXL1,99,322763,3.0,2.331633636946546,9.294745680266946,True
strict,Retina 1,Muller glia,LOXL1-AS1,99,322763,4.0,2.5947317523560556,12.392994240355927,True
strict,Retina 1,Muller glia,LRRC37A,99,322763,0.0,0.0,0.0,True
strict,Retina 1,Muller glia,LRRC37A17P,99,322763,,,,False
strict,Retina 1,Muller glia,LRRC37A2,99,322763,3.0,2.331633636946546,9.294745680266946,True
strict,Retina 1,Muller glia,LRRC37A4P,99,322763,,,,False
strict,Retina 1,Muller glia,LRWD1,99,322763,0.0,0.0,0.0,True
strict,Retina 1,Muller glia,LTBP2,99,322763,1.0,1.410559701976592,3.0982485600889818,True
strict,Retina 1,Muller glia,LTBP3,99,322763,14.0,3.792687061060964,43.37547984124574,True
strict,Retina 1,Muller glia,MADD,99,322763,7.0,3.1218246869828348,21.68773992062287,True
strict,Retina 1,Muller glia,MAPK8IP1P1,99,322763,,,,False
strict,Retina 1,Muller glia,MAPK8IP1P2,99,322763,,,,False
strict,Retina 1,Muller glia,MAPT,99,322763,43.0,4.8995151724752475,133.2246880838262,True
strict,Retina 1,Muller glia,MAPT-AS1,99,322763,4.0,2.5947317523560556,12.392994240355927,True
strict,Retina 1,Muller glia,MAPT-IT1,99,322763,,,,False
strict,Retina 1,Muller glia,ME3,99,322763,1.0,1.410559701976592,3.0982485600889818,True
strict,Retina 1,Muller glia,MICE,99,322763,,,,False
strict,Retina 1,Muller glia,MOV10,99,322763,3.0,2.331633636946546,9.294745680266946,True
strict,Retina 1,Muller glia,MRPL33,99,322763,52.0,5.088268486600546,161.10892512462704,True
strict,Retina 1,Muller glia,MTCH2,99,322763,22.0,4.236443891387256,68.1614683219576,True
strict,Retina 1,Muller glia,MVB12B,99,322763,3.0,2.331633636946546,9.294745680266946,True
strict,Retina 1,Muller glia,Metazoa_SRP,99,322763,,,,False
strict,Retina 1,Muller glia,NEAT1,99,322763,219.0,6.521381419699723,678.516434659487,True
strict,Retina 1,Muller glia,NMT1,99,322763,9.0,3.3632960152025686,27.884237040800834,True
strict,Retina 1,Muller glia,NPEPPS,99,322763,13.0,3.7203110472464975,40.27723128115676,True
strict,Retina 1,Muller glia,NRBP1,99,322763,12.0,3.6422851736542072,37.17898272106778,True
strict,Retina 1,Muller glia,NSF,99,322763,9.0,3.3632960152025686,27.884237040800834,True
strict,Retina 1,Muller glia,NUCB2,99,322763,29.0,4.509201079807842,89.84920824258047,True
strict,Retina 1,Muller glia,NUDT7,99,322763,21.0,4.19061215873657,65.06321976186861,True
strict,Retina 1,Muller glia,PDE6C,99,322763,0.0,0.0,0.0,True
strict,Retina 1,Muller glia,PGAM1P8,99,322763,,,,False
strict,Retina 1,Muller glia,PIBF1,99,322763,10.0,3.465188427990545,30.982485600889817,True
strict,Retina 1,Muller glia,PIGC,99,322763,7.0,3.1218246869828348,21.68773992062287,True
strict,Retina 1,Muller glia,PKIB,99,322763,6.0,2.9749932673791424,18.58949136053389,True
strict,Retina 1,Muller glia,PLCE1,99,322763,40.0,4.827753119413929,123.92994240355927,True
strict,Retina 1,Muller glia,PLCE1-AS1,99,322763,,,,False
strict,Retina 1,Muller glia,PLEKHA7,99,322763,8.0,3.2498312622620995,24.785988480711854,True
strict,Retina 1,Muller glia,PLEKHM1,99,322763,2.0,1.9735943965506986,6.1964971201779635,True
strict,Retina 1,Muller glia,PPP1R18,99,322763,0.0,0.0,0.0,True
strict,Retina 1,Muller glia,PRKCE,99,322763,2.0,1.9735943965506986,6.1964971201779635,True
strict,Retina 1,Muller glia,PROX2,99,322763,,,,False
strict,Retina 1,Muller glia,PRSS23,99,322763,0.0,0.0,0.0,True
strict,Retina 1,Muller glia,PSORS1C3,99,322763,,,,False
strict,Retina 1,Muller glia,RAPSN,99,322763,2.0,1.9735943965506986,6.1964971201779635,True
strict,Retina 1,Muller glia,RERE,99,322763,21.0,4.19061215873657,65.06321976186861,True
strict,Retina 1,Muller glia,RIC8B,99,322763,11.0,3.557652095477089,34.0807341609788,True
strict,Retina 1,Muller glia,RORA,99,322763,37.0,4.75044037982139,114.63519672329232,True
strict,Retina 1,Muller glia,RP11-123K19.1,99,322763,,,,False
strict,Retina 1,Muller glia,RP11-136H19.1,99,322763,,,,False
strict,Retina 1,Muller glia,RP11-149I2.4,99,322763,,,,False
strict,Retina 1,Muller glia,RP11-162I7.1,99,322763,,,,False
strict,Retina 1,Muller glia,RP11-17G12.2,99,322763,,,,False
strict,Retina 1,Muller glia,RP11-205K6.1,99,322763,,,,False
strict,Retina 1,Muller glia,RP11-217B7.2,99,322763,0.0,0.0,0.0,True
strict,Retina 1,Muller glia,RP11-259A24.1,99,322763,,,,False
strict,Retina 1,Muller glia,RP11-259G18.1,99,322763,,,,False
strict,Retina 1,Muller glia,RP11-259G18.3,99,322763,,,,False
strict,Retina 1,Muller glia,RP11-293E1.1,99,322763,,,,False
strict,Retina 1,Muller glia,RP11-293E1.2,99,322763,,,,False
strict,Retina 1,Muller glia,RP11-302L19.3,99,322763,0.0,0.0,0.0,True
strict,Retina 1,Muller glia,RP11-403A3.3,99,322763,0.0,0.0,0.0,True
strict,Retina 1,Muller glia,RP11-412D9.4,99,322763,8.0,3.2498312622620995,24.785988480711854,True
strict,Retina 1,Muller glia,RP11-507B12.1,99,322763,,,,False
strict,Retina 1,Muller glia,RP11-507B12.2,99,322763,1.0,1.410559701976592,3.0982485600889818,True
strict,Retina 1,Muller glia,RP11-669E14.6,99,322763,1.0,1.410559701976592,3.0982485600889818,True
strict,Retina 1,Muller glia,RP11-707O23.1,99,322763,,,,False
strict,Retina 1,Muller glia,RP11-750H9.5,99,322763,,,,False
strict,Retina 1,Muller glia,RP11-755F10.1,99,322763,0.0,0.0,0.0,True
strict,Retina 1,Muller glia,RP11-762L8.6,99,322763,,,,False
strict,Retina 1,Muller glia,RP11-770G2.2,99,322763,,,,False
strict,Retina 1,Muller glia,RP11-798G7.6,99,322763,2.0,1.9735943965506986,6.1964971201779635,True
strict,Retina 1,Muller glia,RP11-798G7.8,99,322763,,,,False
strict,Retina 1,Muller glia,RP5-1115A15.1,99,322763,0.0,0.0,0.0,True
strict,Retina 1,Muller glia,RPS26P8,99,322763,,,,False
strict,Retina 1,Muller glia,SCRN2,99,322763,20.0,4.142578559089002,61.96497120177963,True
strict,Retina 1,Muller glia,SEMA3E,99,322763,3.0,2.331633636946546,9.294745680266946,True
strict,Retina 1,Muller glia,SEPT7,99,322763,148.0,6.130227701497765,458.5407868931693,True
strict,Retina 1,Muller glia,SF3A3,99,322763,7.0,3.1218246869828348,21.68773992062287,True
strict,Retina 1,Muller glia,SFTA1P,99,322763,2.0,1.9735943965506986,6.1964971201779635,True
strict,Retina 1,Muller glia,SGSM2,99,322763,1.0,1.410559701976592,3.0982485600889818,True
strict,Retina 1,Muller glia,SLC25A45,99,322763,3.0,2.331633636946546,9.294745680266946,True
strict,Retina 1,Muller glia,SLC39A13,99,322763,3.0,2.331633636946546,9.294745680266946,True
strict,Retina 1,Muller glia,SMAD6,99,322763,0.0,0.0,0.0,True
strict,Retina 1,Muller glia,SNORD14A,99,322763,,,,False
strict,Retina 1,Muller glia,SSSCA1-AS1,99,322763,,,,False
strict,Retina 1,Muller glia,TARID,99,322763,0.0,0.0,0.0,True
strict,Retina 1,Muller glia,TBC1D31,99,322763,2.0,1.9735943965506986,6.1964971201779635,True
strict,Retina 1,Muller glia,TBKBP1,99,322763,2.0,1.9735943965506986,6.1964971201779635,True
strict,Retina 1,Muller glia,TBPL1,99,322763,11.0,3.557652095477089,34.0807341609788,True
strict,Retina 1,Muller glia,TGFB3,99,322763,2.0,1.9735943965506986,6.1964971201779635,True
strict,Retina 1,Muller glia,THCAT158,99,322763,1.0,1.410559701976592,3.0982485600889818,True
strict,Retina 1,Muller glia,THSD7A,99,322763,12.0,3.6422851736542072,37.17898272106778,True
strict,Retina 1,Muller glia,TIGD3,99,322763,0.0,0.0,0.0,True
strict,Retina 1,Muller glia,TMEM116,99,322763,7.0,3.1218246869828348,21.68773992062287,True
strict,Retina 1,Muller glia,TMEM136,99,322763,12.0,3.6422851736542072,37.17898272106778,True
strict,Retina 1,Muller glia,TMEM181,99,322763,4.0,2.5947317523560556,12.392994240355927,True
strict,Retina 1,Muller glia,TMEM263,99,322763,22.0,4.236443891387256,68.1614683219576,True
strict,Retina 1,Muller glia,TRIM26,99,322763,5.0,2.8028295006475683,15.491242800444908,True
strict,Retina 1,Muller glia,TRIOBP,99,322763,3.0,2.331633636946546,9.294745680266946,True
strict,Retina 1,Muller glia,TSC22D2,99,322763,17.0,3.9828583881831268,52.67022552151269,True
strict,Retina 1,Muller glia,TTC28,99,322763,10.0,3.465188427990545,30.982485600889817,True
strict,Retina 1,Muller glia,TTLL5,99,322763,5.0,2.8028295006475683,15.491242800444908,True
strict,Retina 1,Muller glia,TXNDC8,99,322763,,,,False
strict,Retina 1,Muller glia,TXNRD2,99,322763,9.0,3.3632960152025686,27.884237040800834,True
strict,Retina 1,Muller glia,UTP11,99,322763,4.0,2.5947317523560556,12.392994240355927,True
strict,Retina 1,Muller glia,VARS2,99,322763,3.0,2.331633636946546,9.294745680266946,True
strict,Retina 1,Muller glia,VCAM1,99,322763,2.0,1.9735943965506986,6.1964971201779635,True
strict,Retina 1,Muller glia,WLS,99,322763,4.0,2.5947317523560556,12.392994240355927,True
strict,Retina 1,Muller glia,WNT2B,99,322763,9.0,3.3632960152025686,27.884237040800834,True
strict,Retina 1,Muller glia,XRCC6P1,99,322763,,,,False
strict,Retina 1,Muller glia,XXbac-BPG170G13.32,99,322763,0.0,0.0,0.0,True
strict,Retina 1,Muller glia,XXbac-BPG283O16.9,99,322763,,,,False
strict,Retina 1,Muller glia,YAP1,99,322763,7.0,3.1218246869828348,21.68773992062287,True
strict,Retina 1,Muller glia,YIF1A,99,322763,24.0,4.32224963205514,74.35796544213557,True
strict,Retina 1,Muller glia,ZNF280D,99,322763,6.0,2.9749932673791424,18.58949136053389,True
strict,Retina 1,Muller glia,ZNF638,99,322763,58.0,5.196829434334334,179.69841648516095,True
strict,Retina 1,Muller glia,ZNF638-IT1,99,322763,,,,False
strict,Retina 1,Astrocyte,DGKG,5,13625,2.0,4.995785518768822,146.78899082568807,True
strict,Retina 1,Astrocyte,SLC2A12,5,13625,0.0,0.0,0.0,True
strict,Retina 1,Astrocyte,COL8A2,5,13625,0.0,0.0,0.0,True
strict,Retina 1,Astrocyte,NPC2,5,13625,3.0,5.398992611520156,220.1834862385321,True
strict,Retina 1,Astrocyte,PSMC3,5,13625,2.0,4.995785518768822,146.78899082568807,True
strict,Retina 1,Astrocyte,RP11-466F5.8,5,13625,0.0,0.0,0.0,True
strict,Retina 1,Astrocyte,LPP,5,13625,0.0,0.0,0.0,True
strict,Retina 1,Astrocyte,RP11-121M22.1,5,13625,0.0,0.0,0.0,True
strict,Retina 1,Astrocyte,ABO,5,13625,0.0,0.0,0.0,True
strict,Retina 1,Astrocyte,ADAMTS8,5,13625,0.0,0.0,0.0,True
strict,Retina 1,Astrocyte,CALD1,5,13625,3.0,5.398992611520156,220.1834862385321,True
strict,Retina 1,Astrocyte,CHEK2,5,13625,0.0,0.0,0.0,True
strict,Retina 1,Astrocyte,GAS7,5,13625,0.0,0.0,0.0,True
strict,Retina 1,Astrocyte,LMX1B,5,13625,,,,False
strict,Retina 1,Astrocyte,TCF12,5,13625,0.0,0.0,0.0,True
strict,Retina 1,Astrocyte,TMCO1,5,13625,2.0,4.995785518768822,146.78899082568807,True
strict,Retina 1,Astrocyte,TRIB2,5,13625,1.0,4.309381952715413,73.39449541284404,True
strict,Retina 1,Astrocyte,AC000078.5,5,13625,,,,False
strict,Retina 1,Astrocyte,AC002066.1,5,13625,,,,False
strict,Retina 1,Astrocyte,AC012066.1,5,13625,,,,False
strict,Retina 1,Astrocyte,AC091132.1,5,13625,,,,False
strict,Retina 1,Astrocyte,ACBD4,5,13625,0.0,0.0,0.0,True
strict,Retina 1,Astrocyte,AFAP1,5,13625,0.0,0.0,0.0,True
strict,Retina 1,Astrocyte,ALDH2,5,13625,1.0,4.309381952715413,73.39449541284404,True
strict,Retina 1,Astrocyte,AP003068.23,5,13625,0.0,0.0,0.0,True
strict,Retina 1,Astrocyte,AP5B1,5,13625,0.0,0.0,0.0,True
strict,Retina 1,Astrocyte,AREL1,5,13625,0.0,0.0,0.0,True
strict,Retina 1,Astrocyte,ARHGAP27,5,13625,0.0,0.0,0.0,True
strict,Retina 1,Astrocyte,ARHGEF12,5,13625,0.0,0.0,0.0,True
strict,Retina 1,Astrocyte,ARL17A,5,13625,1.0,4.309381952715413,73.39449541284404,True
strict,Retina 1,Astrocyte,ATP5J,5,13625,4.0,5.685543761423341,293.57798165137615,True
strict,Retina 1,Astrocyte,BICC1,5,13625,0.0,0.0,0.0,True
strict,Retina 1,Astrocyte,BORA,5,13625,0.0,0.0,0.0,True
strict,Retina 1,Astrocyte,C1orf109,5,13625,0.0,0.0,0.0,True
strict,Retina 1,Astrocyte,C1orf122,5,13625,1.0,4.309381952715413,73.39449541284404,True
strict,Retina 1,Astrocyte,C22orf29,5,13625,0.0,0.0,0.0,True
strict,Retina 1,Astrocyte,C6orf15,5,13625,,,,False
strict,Retina 1,Astrocyte,CADM1,5,13625,7.0,6.243703624221966,513.7614678899082,True
strict,Retina 1,Astrocyte,CADM2,5,13625,1.0,4.309381952715413,73.39449541284404,True
strict,Retina 1,Astrocyte,CAV2,5,13625,4.0,5.685543761423341,293.57798165137615,True
strict,Retina 1,Astrocyte,CCDC117,5,13625,1.0,4.309381952715413,73.39449541284404,True
strict,Retina 1,Astrocyte,CDC14A,5,13625,0.0,0.0,0.0,True
strict,Retina 1,Astrocyte,CDKN2A,5,13625,0.0,0.0,0.0,True
strict,Retina 1,Astrocyte,CDKN2B-AS1,5,13625,0.0,0.0,0.0,True
strict,Retina 1,Astrocyte,CELF1,5,13625,2.0,4.995785518768822,146.78899082568807,True
strict,Retina 1,Astrocyte,CLIC5,5,13625,0.0,0.0,0.0,True
strict,Retina 1,Astrocyte,CMB9-22P13.1,5,13625,,,,False
strict,Retina 1,Astrocyte,COL11A1,5,13625,0.0,0.0,0.0,True
strict,Retina 1,Astrocyte,CRHR1,5,13625,0.0,0.0,0.0,True
strict,Retina 1,Astrocyte,CTA-292E10.6,5,13625,0.0,0.0,0.0,True
strict,Retina 1,Astrocyte,CTB-39G8.3,5,13625,,,,False
strict,Retina 1,Astrocyte,CTD-2005H7.1,5,13625,0.0,0.0,0.0,True
strict,Retina 1,Astrocyte,CTD-2020K17.1,5,13625,0.0,0.0,0.0,True
strict,Retina 1,Astrocyte,CTD-2020K17.3,5,13625,0.0,0.0,0.0,True
strict,Retina 1,Astrocyte,CTTNBP2,5,13625,0.0,0.0,0.0,True
strict,Retina 1,Astrocyte,DDX39BP2,5,13625,,,,False
strict,Retina 1,Astrocyte,DIO1,5,13625,,,,False
strict,Retina 1,Astrocyte,DND1P1,5,13625,,,,False
strict,Retina 1,Astrocyte,DYSF,5,13625,0.0,0.0,0.0,True
strict,Retina 1,Astrocyte,EFCAB13,5,13625,0.0,0.0,0.0,True
strict,Retina 1,Astrocyte,EFEMP1,5,13625,0.0,0.0,0.0,True
strict,Retina 1,Astrocyte,EHBP1L1,5,13625,0.0,0.0,0.0,True
strict,Retina 1,Astrocyte,FAM215B,5,13625,2.0,4.995785518768822,146.78899082568807,True
strict,Retina 1,Astrocyte,FAM83A,5,13625,,,,False
strict,Retina 1,Astrocyte,FAM83A-AS1,5,13625,,,,False
strict,Retina 1,Astrocyte,FAM89B,5,13625,0.0,0.0,0.0,True
strict,Retina 1,Astrocyte,FHL3,5,13625,0.0,0.0,0.0,True
strict,Retina 1,Astrocyte,FLOT1,5,13625,0.0,0.0,0.0,True
strict,Retina 1,Astrocyte,FLVCR2,5,13625,0.0,0.0,0.0,True
strict,Retina 1,Astrocyte,FMNL1,5,13625,0.0,0.0,0.0,True
strict,Retina 1,Astrocyte,FNDC4,5,13625,0.0,0.0,0.0,True
strict,Retina 1,Astrocyte,GALR3,5,13625,,,,False
strict,Retina 1,Astrocyte,GCAT,5,13625,0.0,0.0,0.0,True
strict,Retina 1,Astrocyte,GLIS1,5,13625,0.0,0.0,0.0,True
strict,Retina 1,Astrocyte,H1F0,5,13625,0.0,0.0,0.0,True
strict,Retina 1,Astrocyte,HCG4,5,13625,,,,False
strict,Retina 1,Astrocyte,HCG4B,5,13625,,,,False
strict,Retina 1,Astrocyte,HCG4P5,5,13625,,,,False
strict,Retina 1,Astrocyte,HCG4P7,5,13625,,,,False
strict,Retina 1,Astrocyte,HCG9,5,13625,0.0,0.0,0.0,True
strict,Retina 1,Astrocyte,HCP5B,5,13625,0.0,0.0,0.0,True
strict,Retina 1,Astrocyte,HECTD4,5,13625,0.0,0.0,0.0,True
strict,Retina 1,Astrocyte,HLA-A,5,13625,8.0,6.376992156439896,587.1559633027523,True
strict,Retina 1,Astrocyte,HLA-C,5,13625,10.0,6.599795604066007,733.9449541284404,True
strict,Retina 1,Astrocyte,HLA-F,5,13625,0.0,0.0,0.0,True
strict,Retina 1,Astrocyte,HLA-F-AS1,5,13625,,,,False
strict,Retina 1,Astrocyte,HLA-G,5,13625,0.0,0.0,0.0,True
strict,Retina 1,Astrocyte,HLA-H,5,13625,,,,False
strict,Retina 1,Astrocyte,HLA-J,5,13625,,,,False
strict,Retina 1,Astrocyte,HLA-L,5,13625,,,,False
strict,Retina 1,Astrocyte,HLA-T,5,13625,,,,False
strict,Retina 1,Astrocyte,HLA-U,5,13625,,,,False
strict,Retina 1,Astrocyte,HLA-V,5,13625,,,,False
strict,Retina 1,Astrocyte,HLA-W,5,13625,,,,False
strict,Retina 1,Astrocyte,HSCB,5,13625,2.0,4.995785518768822,146.78899082568807,True
strict,Retina 1,Astrocyte,HTRA3,5,13625,0.0,0.0,0.0,True
strict,Retina 1,Astrocyte,IFITM4P,5,13625,,,,False
strict,Retina 1,Astrocyte,IFT172,5,13625,0.0,0.0,0.0,True
strict,Retina 1,Astrocyte,INPP5B,5,13625,0.0,0.0,0.0,True
strict,Retina 1,Astrocyte,ITGB3,5,13625,0.0,0.0,0.0,True
strict,Retina 1,Astrocyte,KANSL1,5,13625,2.0,4.995785518768822,146.78899082568807,True
strict,Retina 1,Astrocyte,KANSL1-AS1,5,13625,0.0,0.0,0.0,True
strict,Retina 1,Astrocyte,KHK,5,13625,0.0,0.0,0.0,True
strict,Retina 1,Astrocyte,KLF5,5,13625,0.0,0.0,0.0,True
strict,Retina 1,Astrocyte,KRT8P26,5,13625,,,,False
strict,Retina 1,Astrocyte,LHPP,5,13625,0.0,0.0,0.0,True
strict,Retina 1,Astrocyte,LINC01948,5,13625,0.0,0.0,0.0,True
strict,Retina 1,Astrocyte,LINC02052,5,13625,,,,False
strict,Retina 1,Astrocyte,LINC02210,5,13625,,,,False
strict,Retina 1,Astrocyte,LMO4,5,13625,3.0,5.398992611520156,220.1834862385321,True
strict,Retina 1,Astrocyte,LMO7,5,13625,0.0,0.0,0.0,True
strict,Retina 1,Astrocyte,LOXL1,5,13625,0.0,0.0,0.0,True
strict,Retina 1,Astrocyte,LOXL1-AS1,5,13625,0.0,0.0,0.0,True
strict,Retina 1,Astrocyte,LRRC37A,5,13625,0.0,0.0,0.0,True
strict,Retina 1,Astrocyte,LRRC37A17P,5,13625,,,,False
strict,Retina 1,Astrocyte,LRRC37A2,5,13625,0.0,0.0,0.0,True
strict,Retina 1,Astrocyte,LRRC37A4P,5,13625,,,,False
strict,Retina 1,Astrocyte,LRWD1,5,13625,0.0,0.0,0.0,True
strict,Retina 1,Astrocyte,LTBP2,5,13625,0.0,0.0,0.0,True
strict,Retina 1,Astrocyte,LTBP3,5,13625,0.0,0.0,0.0,True
strict,Retina 1,Astrocyte,MADD,5,13625,1.0,4.309381952715413,73.39449541284404,True
strict,Retina 1,Astrocyte,MAPK8IP1P1,5,13625,,,,False
strict,Retina 1,Astrocyte,MAPK8IP1P2,5,13625,,,,False
strict,Retina 1,Astrocyte,MAPT,5,13625,0.0,0.0,0.0,True
strict,Retina 1,Astrocyte,MAPT-AS1,5,13625,0.0,0.0,0.0,True
strict,Retina 1,Astrocyte,MAPT-IT1,5,13625,,,,False
strict,Retina 1,Astrocyte,ME3,5,13625,0.0,0.0,0.0,True
strict,Retina 1,Astrocyte,MICE,5,13625,,,,False
strict,Retina 1,Astrocyte,MOV10,5,13625,1.0,4.309381952715413,73.39449541284404,True
strict,Retina 1,Astrocyte,MRPL33,5,13625,4.0,5.685543761423341,293.57798165137615,True
strict,Retina 1,Astrocyte,MTCH2,5,13625,2.0,4.995785518768822,146.78899082568807,True
strict,Retina 1,Astrocyte,MVB12B,5,13625,0.0,0.0,0.0,True
strict,Retina 1,Astrocyte,Metazoa_SRP,5,13625,,,,False
strict,Retina 1,Astrocyte,NEAT1,5,13625,22.0,7.387510518274603,1614.6788990825687,True
strict,Retina 1,Astrocyte,NMT1,5,13625,0.0,0.0,0.0,True
strict,Retina 1,Astrocyte,NPEPPS,5,13625,0.0,0.0,0.0,True
strict,Retina 1,Astrocyte,NRBP1,5,13625,2.0,4.995785518768822,146.78899082568807,True
strict,Retina 1,Astrocyte,NSF,5,13625,0.0,0.0,0.0,True
strict,Retina 1,Astrocyte,NUCB2,5,13625,0.0,0.0,0.0,True
strict,Retina 1,Astrocyte,NUDT7,5,13625,0.0,0.0,0.0,True
strict,Retina 1,Astrocyte,PDE6C,5,13625,0.0,0.0,0.0,True
strict,Retina 1,Astrocyte,PGAM1P8,5,13625,,,,False
strict,Retina 1,Astrocyte,PIBF1,5,13625,1.0,4.309381952715413,73.39449541284404,True
strict,Retina 1,Astrocyte,PIGC,5,13625,0.0,0.0,0.0,True
strict,Retina 1,Astrocyte,PKIB,5,13625,0.0,0.0,0.0,True
strict,Retina 1,Astrocyte,PLCE1,5,13625,2.0,4.995785518768822,146.78899082568807,True
strict,Retina 1,Astrocyte,PLCE1-AS1,5,13625,,,,False
strict,Retina 1,Astrocyte,PLEKHA7,5,13625,1.0,4.309381952715413,73.39449541284404,True
strict,Retina 1,Astrocyte,PLEKHM1,5,13625,1.0,4.309381952715413,73.39449541284404,True
strict,Retina 1,Astrocyte,PPP1R18,5,13625,0.0,0.0,0.0,True
strict,Retina 1,Astrocyte,PRKCE,5,13625,0.0,0.0,0.0,True
strict,Retina 1,Astrocyte,PROX2,5,13625,,,,False
strict,Retina 1,Astrocyte,PRSS23,5,13625,0.0,0.0,0.0,True
strict,Retina 1,Astrocyte,PSORS1C3,5,13625,,,,False
strict,Retina 1,Astrocyte,RAPSN,5,13625,0.0,0.0,0.0,True
strict,Retina 1,Astrocyte,RERE,5,13625,1.0,4.309381952715413,73.39449541284404,True
strict,Retina 1,Astrocyte,RIC8B,5,13625,2.0,4.995785518768822,146.78899082568807,True
strict,Retina 1,Astrocyte,RORA,5,13625,0.0,0.0,0.0,True
strict,Retina 1,Astrocyte,RP11-123K19.1,5,13625,,,,False
strict,Retina 1,Astrocyte,RP11-136H19.1,5,13625,,,,False
strict,Retina 1,Astrocyte,RP11-149I2.4,5,13625,,,,False
strict,Retina 1,Astrocyte,RP11-162I7.1,5,13625,,,,False
strict,Retina 1,Astrocyte,RP11-17G12.2,5,13625,,,,False
strict,Retina 1,Astrocyte,RP11-205K6.1,5,13625,,,,False
strict,Retina 1,Astrocyte,RP11-217B7.2,5,13625,0.0,0.0,0.0,True
strict,Retina 1,Astrocyte,RP11-259A24.1,5,13625,,,,False
strict,Retina 1,Astrocyte,RP11-259G18.1,5,13625,,,,False
strict,Retina 1,Astrocyte,RP11-259G18.3,5,13625,,,,False
strict,Retina 1,Astrocyte,RP11-293E1.1,5,13625,,,,False
strict,Retina 1,Astrocyte,RP11-293E1.2,5,13625,,,,False
strict,Retina 1,Astrocyte,RP11-302L19.3,5,13625,0.0,0.0,0.0,True
strict,Retina 1,Astrocyte,RP11-403A3.3,5,13625,0.0,0.0,0.0,True
strict,Retina 1,Astrocyte,RP11-412D9.4,5,13625,0.0,0.0,0.0,True
strict,Retina 1,Astrocyte,RP11-507B12.1,5,13625,,,,False
strict,Retina 1,Astrocyte,RP11-507B12.2,5,13625,0.0,0.0,0.0,True
strict,Retina 1,Astrocyte,RP11-669E14.6,5,13625,0.0,0.0,0.0,True
strict,Retina 1,Astrocyte,RP11-707O23.1,5,13625,,,,False
strict,Retina 1,Astrocyte,RP11-750H9.5,5,13625,,,,False
strict,Retina 1,Astrocyte,RP11-755F10.1,5,13625,0.0,0.0,0.0,True
strict,Retina 1,Astrocyte,RP11-762L8.6,5,13625,,,,False
strict,Retina 1,Astrocyte,RP11-770G2.2,5,13625,,,,False
strict,Retina 1,Astrocyte,RP11-798G7.6,5,13625,0.0,0.0,0.0,True
strict,Retina 1,Astrocyte,RP11-798G7.8,5,13625,,,,False
strict,Retina 1,Astrocyte,RP5-1115A15.1,5,13625,0.0,0.0,0.0,True
strict,Retina 1,Astrocyte,RPS26P8,5,13625,,,,False
strict,Retina 1,Astrocyte,SCRN2,5,13625,0.0,0.0,0.0,True
strict,Retina 1,Astrocyte,SEMA3E,5,13625,0.0,0.0,0.0,True
strict,Retina 1,Astrocyte,SEPT7,5,13625,6.0,6.089876666548891,440.3669724770642,True
strict,Retina 1,Astrocyte,SF3A3,5,13625,1.0,4.309381952715413,73.39449541284404,True
strict,Retina 1,Astrocyte,SFTA1P,5,13625,0.0,0.0,0.0,True
strict,Retina 1,Astrocyte,SGSM2,5,13625,0.0,0.0,0.0,True
strict,Retina 1,Astrocyte,SLC25A45,5,13625,0.0,0.0,0.0,True
strict,Retina 1,Astrocyte,SLC39A13,5,13625,0.0,0.0,0.0,True
strict,Retina 1,Astrocyte,SMAD6,5,13625,0.0,0.0,0.0,True
strict,Retina 1,Astrocyte,SNORD14A,5,13625,,,,False
strict,Retina 1,Astrocyte,SSSCA1-AS1,5,13625,,,,False
strict,Retina 1,Astrocyte,TARID,5,13625,0.0,0.0,0.0,True
strict,Retina 1,Astrocyte,TBC1D31,5,13625,0.0,0.0,0.0,True
strict,Retina 1,Astrocyte,TBKBP1,5,13625,0.0,0.0,0.0,True
strict,Retina 1,Astrocyte,TBPL1,5,13625,0.0,0.0,0.0,True
strict,Retina 1,Astrocyte,TGFB3,5,13625,0.0,0.0,0.0,True
strict,Retina 1,Astrocyte,THCAT158,5,13625,0.0,0.0,0.0,True
strict,Retina 1,Astrocyte,THSD7A,5,13625,0.0,0.0,0.0,True
strict,Retina 1,Astrocyte,TIGD3,5,13625,0.0,0.0,0.0,True
strict,Retina 1,Astrocyte,TMEM116,5,13625,0.0,0.0,0.0,True
strict,Retina 1,Astrocyte,TMEM136,5,13625,0.0,0.0,0.0,True
strict,Retina 1,Astrocyte,TMEM181,5,13625,0.0,0.0,0.0,True
strict,Retina 1,Astrocyte,TMEM263,5,13625,1.0,4.309381952715413,73.39449541284404,True
strict,Retina 1,Astrocyte,TRIM26,5,13625,0.0,0.0,0.0,True
strict,Retina 1,Astrocyte,TRIOBP,5,13625,0.0,0.0,0.0,True
strict,Retina 1,Astrocyte,TSC22D2,5,13625,1.0,4.309381952715413,73.39449541284404,True
strict,Retina 1,Astrocyte,TTC28,5,13625,0.0,0.0,0.0,True
strict,Retina 1,Astrocyte,TTLL5,5,13625,0.0,0.0,0.0,True
strict,Retina 1,Astrocyte,TXNDC8,5,13625,,,,False
strict,Retina 1,Astrocyte,TXNRD2,5,13625,1.0,4.309381952715413,73.39449541284404,True
strict,Retina 1,Astrocyte,UTP11,5,13625,0.0,0.0,0.0,True
strict,Retina 1,Astrocyte,VARS2,5,13625,0.0,0.0,0.0,True
strict,Retina 1,Astrocyte,VCAM1,5,13625,0.0,0.0,0.0,True
strict,Retina 1,Astrocyte,WLS,5,13625,0.0,0.0,0.0,True
strict,Retina 1,Astrocyte,WNT2B,5,13625,1.0,4.309381952715413,73.39449541284404,True
strict,Retina 1,Astrocyte,XRCC6P1,5,13625,,,,False
strict,Retina 1,Astrocyte,XXbac-BPG170G13.32,5,13625,0.0,0.0,0.0,True
strict,Retina 1,Astrocyte,XXbac-BPG283O16.9,5,13625,,,,False
strict,Retina 1,Astrocyte,YAP1,5,13625,0.0,0.0,0.0,True
strict,Retina 1,Astrocyte,YIF1A,5,13625,2.0,4.995785518768822,146.78899082568807,True
strict,Retina 1,Astrocyte,ZNF280D,5,13625,0.0,0.0,0.0,True
strict,Retina 1,Astrocyte,ZNF638,5,13625,5.0,5.908008144785617,366.9724770642202,True
strict,Retina 1,Astrocyte,ZNF638-IT1,5,13625,,,,False
strict,Retina 1,Microglia,DGKG,10,30673,0.0,0.0,0.0,True
strict,Retina 1,Microglia,SLC2A12,10,30673,0.0,0.0,0.0,True
strict,Retina 1,Microglia,COL8A2,10,30673,0.0,0.0,0.0,True
strict,Retina 1,Microglia,NPC2,10,30673,40.0,7.174018475438618,1304.0785055260326,True
strict,Retina 1,Microglia,PSMC3,10,30673,3.0,4.593157197253988,97.80588791445246,True
strict,Retina 1,Microglia,RP11-466F5.8,10,30673,0.0,0.0,0.0,True
strict,Retina 1,Microglia,LPP,10,30673,0.0,0.0,0.0,True
strict,Retina 1,Microglia,RP11-121M22.1,10,30673,0.0,0.0,0.0,True
strict,Retina 1,Microglia,ABO,10,30673,0.0,0.0,0.0,True
strict,Retina 1,Microglia,ADAMTS8,10,30673,0.0,0.0,0.0,True
strict,Retina 1,Microglia,CALD1,10,30673,0.0,0.0,0.0,True
strict,Retina 1,Microglia,CHEK2,10,30673,0.0,0.0,0.0,True
strict,Retina 1,Microglia,GAS7,10,30673,0.0,0.0,0.0,True
strict,Retina 1,Microglia,LMX1B,10,30673,,,,False
strict,Retina 1,Microglia,TCF12,10,30673,0.0,0.0,0.0,True
strict,Retina 1,Microglia,TMCO1,10,30673,4.0,4.878305849719423,130.40785055260326,True
strict,Retina 1,Microglia,TRIB2,10,30673,0.0,0.0,0.0,True
strict,Retina 1,Microglia,AC000078.5,10,30673,,,,False
strict,Retina 1,Microglia,AC002066.1,10,30673,,,,False
strict,Retina 1,Microglia,AC012066.1,10,30673,,,,False
strict,Retina 1,Microglia,AC091132.1,10,30673,,,,False
strict,Retina 1,Microglia,ACBD4,10,30673,0.0,0.0,0.0,True
strict,Retina 1,Microglia,AFAP1,10,30673,0.0,0.0,0.0,True
strict,Retina 1,Microglia,ALDH2,10,30673,10.0,5.79002018861147,326.01962638150815,True
strict,Retina 1,Microglia,AP003068.23,10,30673,0.0,0.0,0.0,True
strict,Retina 1,Microglia,AP5B1,10,30673,0.0,0.0,0.0,True
strict,Retina 1,Microglia,AREL1,10,30673,0.0,0.0,0.0,True
strict,Retina 1,Microglia,ARHGAP27,10,30673,0.0,0.0,0.0,True
strict,Retina 1,Microglia,ARHGEF12,10,30673,0.0,0.0,0.0,True
strict,Retina 1,Microglia,ARL17A,10,30673,1.0,3.5145844771129795,32.601962638150816,True
strict,Retina 1,Microglia,ATP5J,10,30673,5.0,5.099926262563053,163.00981319075407,True
strict,Retina 1,Microglia,BICC1,10,30673,0.0,0.0,0.0,True
strict,Retina 1,Microglia,BORA,10,30673,0.0,0.0,0.0,True
strict,Retina 1,Microglia,C1orf109,10,30673,1.0,3.5145844771129795,32.601962638150816,True
strict,Retina 1,Microglia,C1orf122,10,30673,1.0,3.5145844771129795,32.601962638150816,True
strict,Retina 1,Microglia,C22orf29,10,30673,0.0,0.0,0.0,True
strict,Retina 1,Microglia,C6orf15,10,30673,,,,False
strict,Retina 1,Microglia,CADM1,10,30673,2.0,4.192739755389083,65.20392527630163,True
strict,Retina 1,Microglia,CADM2,10,30673,2.0,4.192739755389083,65.20392527630163,True
strict,Retina 1,Microglia,CAV2,10,30673,0.0,0.0,0.0,True
strict,Retina 1,Microglia,CCDC117,10,30673,0.0,0.0,0.0,True
strict,Retina 1,Microglia,CDC14A,10,30673,0.0,0.0,0.0,True
strict,Retina 1,Microglia,CDKN2A,10,30673,0.0,0.0,0.0,True
strict,Retina 1,Microglia,CDKN2B-AS1,10,30673,0.0,0.0,0.0,True
strict,Retina 1,Microglia,CELF1,10,30673,2.0,4.192739755389083,65.20392527630163,True
strict,Retina 1,Microglia,CLIC5,10,30673,0.0,0.0,0.0,True
strict,Retina 1,Microglia,CMB9-22P13.1,10,30673,,,,False
strict,Retina 1,Microglia,COL11A1,10,30673,0.0,0.0,0.0,True
strict,Retina 1,Microglia,CRHR1,10,30673,0.0,0.0,0.0,True
strict,Retina 1,Microglia,CTA-292E10.6,10,30673,2.0,4.192739755389083,65.20392527630163,True
strict,Retina 1,Microglia,CTB-39G8.3,10,30673,,,,False
strict,Retina 1,Microglia,CTD-2005H7.1,10,30673,0.0,0.0,0.0,True
strict,Retina 1,Microglia,CTD-2020K17.1,10,30673,0.0,0.0,0.0,True
strict,Retina 1,Microglia,CTD-2020K17.3,10,30673,0.0,0.0,0.0,True
strict,Retina 1,Microglia,CTTNBP2,10,30673,1.0,3.5145844771129795,32.601962638150816,True
strict,Retina 1,Microglia,DDX39BP2,10,30673,,,,False
strict,Retina 1,Microglia,DIO1,10,30673,,,,False
strict,Retina 1,Microglia,DND1P1,10,30673,,,,False
strict,Retina 1,Microglia,DYSF,10,30673,0.0,0.0,0.0,True
strict,Retina 1,Microglia,EFCAB13,10,30673,0.0,0.0,0.0,True
strict,Retina 1,Microglia,EFEMP1,10,30673,0.0,0.0,0.0,True
strict,Retina 1,Microglia,EHBP1L1,10,30673,0.0,0.0,0.0,True
strict,Retina 1,Microglia,FAM215B,10,30673,1.0,3.5145844771129795,32.601962638150816,True
strict,Retina 1,Microglia,FAM83A,10,30673,,,,False
strict,Retina 1,Microglia,FAM83A-AS1,10,30673,,,,False
strict,Retina 1,Microglia,FAM89B,10,30673,0.0,0.0,0.0,True
strict,Retina 1,Microglia,FHL3,10,30673,3.0,4.593157197253988,97.80588791445246,True
strict,Retina 1,Microglia,FLOT1,10,30673,5.0,5.099926262563053,163.00981319075407,True
strict,Retina 1,Microglia,FLVCR2,10,30673,0.0,0.0,0.0,True
strict,Retina 1,Microglia,FMNL1,10,30673,3.0,4.593157197253988,97.80588791445246,True
strict,Retina 1,Microglia,FNDC4,10,30673,0.0,0.0,0.0,True
strict,Retina 1,Microglia,GALR3,10,30673,,,,False
strict,Retina 1,Microglia,GCAT,10,30673,0.0,0.0,0.0,True
strict,Retina 1,Microglia,GLIS1,10,30673,0.0,0.0,0.0,True
strict,Retina 1,Microglia,H1F0,10,30673,3.0,4.593157197253988,97.80588791445246,True
strict,Retina 1,Microglia,HCG4,10,30673,,,,False
strict,Retina 1,Microglia,HCG4B,10,30673,,,,False
strict,Retina 1,Microglia,HCG4P5,10,30673,,,,False
strict,Retina 1,Microglia,HCG4P7,10,30673,,,,False
strict,Retina 1,Microglia,HCG9,10,30673,0.0,0.0,0.0,True
strict,Retina 1,Microglia,HCP5B,10,30673,0.0,0.0,0.0,True
strict,Retina 1,Microglia,HECTD4,10,30673,0.0,0.0,0.0,True
strict,Retina 1,Microglia,HLA-A,10,30673,33.0,6.981809104796165,1075.864767058977,True
strict,Retina 1,Microglia,HLA-C,10,30673,28.0,6.817671865062514,912.8549538682229,True
strict,Retina 1,Microglia,HLA-F,10,30673,0.0,0.0,0.0,True
strict,Retina 1,Microglia,HLA-F-AS1,10,30673,,,,False
strict,Retina 1,Microglia,HLA-G,10,30673,0.0,0.0,0.0,True
strict,Retina 1,Microglia,HLA-H,10,30673,,,,False
strict,Retina 1,Microglia,HLA-J,10,30673,,,,False
strict,Retina 1,Microglia,HLA-L,10,30673,,,,False
strict,Retina 1,Microglia,HLA-T,10,30673,,,,False
strict,Retina 1,Microglia,HLA-U,10,30673,,,,False
strict,Retina 1,Microglia,HLA-V,10,30673,,,,False
strict,Retina 1,Microglia,HLA-W,10,30673,,,,False
strict,Retina 1,Microglia,HSCB,10,30673,1.0,3.5145844771129795,32.601962638150816,True
strict,Retina 1,Microglia,HTRA3,10,30673,0.0,0.0,0.0,True
strict,Retina 1,Microglia,IFITM4P,10,30673,,,,False
strict,Retina 1,Microglia,IFT172,10,30673,0.0,0.0,0.0,True
strict,Retina 1,Microglia,INPP5B,10,30673,0.0,0.0,0.0,True
strict,Retina 1,Microglia,ITGB3,10,30673,0.0,0.0,0.0,True
strict,Retina 1,Microglia,KANSL1,10,30673,1.0,3.5145844771129795,32.601962638150816,True
strict,Retina 1,Microglia,KANSL1-AS1,10,30673,0.0,0.0,0.0,True
strict,Retina 1,Microglia,KHK,10,30673,0.0,0.0,0.0,True
strict,Retina 1,Microglia,KLF5,10,30673,0.0,0.0,0.0,True
strict,Retina 1,Microglia,KRT8P26,10,30673,,,,False
strict,Retina 1,Microglia,LHPP,10,30673,0.0,0.0,0.0,True
strict,Retina 1,Microglia,LINC01948,10,30673,0.0,0.0,0.0,True
strict,Retina 1,Microglia,LINC02052,10,30673,,,,False
strict,Retina 1,Microglia,LINC02210,10,30673,,,,False
strict,Retina 1,Microglia,LMO4,10,30673,3.0,4.593157197253988,97.80588791445246,True
strict,Retina 1,Microglia,LMO7,10,30673,0.0,0.0,0.0,True
strict,Retina 1,Microglia,LOXL1,10,30673,0.0,0.0,0.0,True
strict,Retina 1,Microglia,LOXL1-AS1,10,30673,0.0,0.0,0.0,True
strict,Retina 1,Microglia,LRRC37A,10,30673,0.0,0.0,0.0,True
strict,Retina 1,Microglia,LRRC37A17P,10,30673,,,,False
strict,Retina 1,Microglia,LRRC37A2,10,30673,0.0,0.0,0.0,True
strict,Retina 1,Microglia,LRRC37A4P,10,30673,,,,False
strict,Retina 1,Microglia,LRWD1,10,30673,0.0,0.0,0.0,True
strict,Retina 1,Microglia,LTBP2,10,30673,0.0,0.0,0.0,True
strict,Retina 1,Microglia,LTBP3,10,30673,0.0,0.0,0.0,True
strict,Retina 1,Microglia,MADD,10,30673,0.0,0.0,0.0,True
strict,Retina 1,Microglia,MAPK8IP1P1,10,30673,,,,False
strict,Retina 1,Microglia,MAPK8IP1P2,10,30673,,,,False
strict,Retina 1,Microglia,MAPT,10,30673,0.0,0.0,0.0,True
strict,Retina 1,Microglia,MAPT-AS1,10,30673,0.0,0.0,0.0,True
strict,Retina 1,Microglia,MAPT-IT1,10,30673,,,,False
strict,Retina 1,Microglia,ME3,10,30673,1.0,3.5145844771129795,32.601962638150816,True
strict,Retina 1,Microglia,MICE,10,30673,,,,False
strict,Retina 1,Microglia,MOV10,10,30673,0.0,0.0,0.0,True
strict,Retina 1,Microglia,MRPL33,10,30673,3.0,4.593157197253988,97.80588791445246,True
strict,Retina 1,Microglia,MTCH2,10,30673,0.0,0.0,0.0,True
strict,Retina 1,Microglia,MVB12B,10,30673,0.0,0.0,0.0,True
strict,Retina 1,Microglia,Metazoa_SRP,10,30673,,,,False
strict,Retina 1,Microglia,NEAT1,10,30673,59.0,7.562429680354914,1923.515795650898,True
strict,Retina 1,Microglia,NMT1,10,30673,0.0,0.0,0.0,True
strict,Retina 1,Microglia,NPEPPS,10,30673,0.0,0.0,0.0,True
strict,Retina 1,Microglia,NRBP1,10,30673,1.0,3.5145844771129795,32.601962638150816,True
strict,Retina 1,Microglia,NSF,10,30673,1.0,3.5145844771129795,32.601962638150816,True
strict,Retina 1,Microglia,NUCB2,10,30673,0.0,0.0,0.0,True
strict,Retina 1,Microglia,NUDT7,10,30673,0.0,0.0,0.0,True
strict,Retina 1,Microglia,PDE6C,10,30673,0.0,0.0,0.0,True
strict,Retina 1,Microglia,PGAM1P8,10,30673,,,,False
strict,Retina 1,Microglia,PIBF1,10,30673,1.0,3.5145844771129795,32.601962638150816,True
strict,Retina 1,Microglia,PIGC,10,30673,0.0,0.0,0.0,True
strict,Retina 1,Microglia,PKIB,10,30673,2.0,4.192739755389083,65.20392527630163,True
strict,Retina 1,Microglia,PLCE1,10,30673,0.0,0.0,0.0,True
strict,Retina 1,Microglia,PLCE1-AS1,10,30673,,,,False
strict,Retina 1,Microglia,PLEKHA7,10,30673,0.0,0.0,0.0,True
strict,Retina 1,Microglia,PLEKHM1,10,30673,0.0,0.0,0.0,True
strict,Retina 1,Microglia,PPP1R18,10,30673,1.0,3.5145844771129795,32.601962638150816,True
strict,Retina 1,Microglia,PRKCE,10,30673,0.0,0.0,0.0,True
strict,Retina 1,Microglia,PROX2,10,30673,,,,False
strict,Retina 1,Microglia,PRSS23,10,30673,0.0,0.0,0.0,True
strict,Retina 1,Microglia,PSORS1C3,10,30673,,,,False
strict,Retina 1,Microglia,RAPSN,10,30673,0.0,0.0,0.0,True
strict,Retina 1,Microglia,RERE,10,30673,0.0,0.0,0.0,True
strict,Retina 1,Microglia,RIC8B,10,30673,0.0,0.0,0.0,True
strict,Retina 1,Microglia,RORA,10,30673,0.0,0.0,0.0,True
strict,Retina 1,Microglia,RP11-123K19.1,10,30673,,,,False
strict,Retina 1,Microglia,RP11-136H19.1,10,30673,,,,False
strict,Retina 1,Microglia,RP11-149I2.4,10,30673,,,,False
strict,Retina 1,Microglia,RP11-162I7.1,10,30673,,,,False
strict,Retina 1,Microglia,RP11-17G12.2,10,30673,,,,False
strict,Retina 1,Microglia,RP11-205K6.1,10,30673,,,,False
strict,Retina 1,Microglia,RP11-217B7.2,10,30673,0.0,0.0,0.0,True
strict,Retina 1,Microglia,RP11-259A24.1,10,30673,,,,False
strict,Retina 1,Microglia,RP11-259G18.1,10,30673,,,,False
strict,Retina 1,Microglia,RP11-259G18.3,10,30673,,,,False
strict,Retina 1,Microglia,RP11-293E1.1,10,30673,,,,False
strict,Retina 1,Microglia,RP11-293E1.2,10,30673,,,,False
strict,Retina 1,Microglia,RP11-302L19.3,10,30673,0.0,0.0,0.0,True
strict,Retina 1,Microglia,RP11-403A3.3,10,30673,0.0,0.0,0.0,True
strict,Retina 1,Microglia,RP11-412D9.4,10,30673,0.0,0.0,0.0,True
strict,Retina 1,Microglia,RP11-507B12.1,10,30673,,,,False
strict,Retina 1,Microglia,RP11-507B12.2,10,30673,0.0,0.0,0.0,True
strict,Retina 1,Microglia,RP11-669E14.6,10,30673,0.0,0.0,0.0,True
strict,Retina 1,Microglia,RP11-707O23.1,10,30673,,,,False
strict,Retina 1,Microglia,RP11-750H9.5,10,30673,,,,False
strict,Retina 1,Microglia,RP11-755F10.1,10,30673,0.0,0.0,0.0,True
strict,Retina 1,Microglia,RP11-762L8.6,10,30673,,,,False
strict,Retina 1,Microglia,RP11-770G2.2,10,30673,,,,False
strict,Retina 1,Microglia,RP11-798G7.6,10,30673,0.0,0.0,0.0,True
strict,Retina 1,Microglia,RP11-798G7.8,10,30673,,,,False
strict,Retina 1,Microglia,RP5-1115A15.1,10,30673,0.0,0.0,0.0,True
strict,Retina 1,Microglia,RPS26P8,10,30673,,,,False
strict,Retina 1,Microglia,SCRN2,10,30673,1.0,3.5145844771129795,32.601962638150816,True
strict,Retina 1,Microglia,SEMA3E,10,30673,0.0,0.0,0.0,True
strict,Retina 1,Microglia,SEPT7,10,30673,4.0,4.878305849719423,130.40785055260326,True
strict,Retina 1,Microglia,SF3A3,10,30673,1.0,3.5145844771129795,32.601962638150816,True
strict,Retina 1,Microglia,SFTA1P,10,30673,0.0,0.0,0.0,True
strict,Retina 1,Microglia,SGSM2,10,30673,1.0,3.5145844771129795,32.601962638150816,True
strict,Retina 1,Microglia,SLC25A45,10,30673,2.0,4.192739755389083,65.20392527630163,True
strict,Retina 1,Microglia,SLC39A13,10,30673,1.0,3.5145844771129795,32.601962638150816,True
strict,Retina 1,Microglia,SMAD6,10,30673,0.0,0.0,0.0,True
strict,Retina 1,Microglia,SNORD14A,10,30673,,,,False
strict,Retina 1,Microglia,SSSCA1-AS1,10,30673,,,,False
strict,Retina 1,Microglia,TARID,10,30673,0.0,0.0,0.0,True
strict,Retina 1,Microglia,TBC1D31,10,30673,0.0,0.0,0.0,True
strict,Retina 1,Microglia,TBKBP1,10,30673,0.0,0.0,0.0,True
strict,Retina 1,Microglia,TBPL1,10,30673,0.0,0.0,0.0,True
strict,Retina 1,Microglia,TGFB3,10,30673,0.0,0.0,0.0,True
strict,Retina 1,Microglia,THCAT158,10,30673,0.0,0.0,0.0,True
strict,Retina 1,Microglia,THSD7A,10,30673,0.0,0.0,0.0,True
strict,Retina 1,Microglia,TIGD3,10,30673,0.0,0.0,0.0,True
strict,Retina 1,Microglia,TMEM116,10,30673,0.0,0.0,0.0,True
strict,Retina 1,Microglia,TMEM136,10,30673,0.0,0.0,0.0,True
strict,Retina 1,Microglia,TMEM181,10,30673,0.0,0.0,0.0,True
strict,Retina 1,Microglia,TMEM263,10,30673,0.0,0.0,0.0,True
strict,Retina 1,Microglia,TRIM26,10,30673,0.0,0.0,0.0,True
strict,Retina 1,Microglia,TRIOBP,10,30673,0.0,0.0,0.0,True
strict,Retina 1,Microglia,TSC22D2,10,30673,0.0,0.0,0.0,True
strict,Retina 1,Microglia,TTC28,10,30673,0.0,0.0,0.0,True
strict,Retina 1,Microglia,TTLL5,10,30673,0.0,0.0,0.0,True
strict,Retina 1,Microglia,TXNDC8,10,30673,,,,False
strict,Retina 1,Microglia,TXNRD2,10,30673,0.0,0.0,0.0,True
strict,Retina 1,Microglia,UTP11,10,30673,0.0,0.0,0.0,True
strict,Retina 1,Microglia,VARS2,10,30673,0.0,0.0,0.0,True
strict,Retina 1,Microglia,VCAM1,10,30673,0.0,0.0,0.0,True
strict,Retina 1,Microglia,WLS,10,30673,1.0,3.5145844771129795,32.601962638150816,True
strict,Retina 1,Microglia,WNT2B,10,30673,0.0,0.0,0.0,True
strict,Retina 1,Microglia,XRCC6P1,10,30673,,,,False
strict,Retina 1,Microglia,XXbac-BPG170G13.32,10,30673,0.0,0.0,0.0,True
strict,Retina 1,Microglia,XXbac-BPG283O16.9,10,30673,,,,False
strict,Retina 1,Microglia,YAP1,10,30673,0.0,0.0,0.0,True
strict,Retina 1,Microglia,YIF1A,10,30673,0.0,0.0,0.0,True
strict,Retina 1,Microglia,ZNF280D,10,30673,1.0,3.5145844771129795,32.601962638150816,True
strict,Retina 1,Microglia,ZNF638,10,30673,1.0,3.5145844771129795,32.601962638150816,True
strict,Retina 1,Microglia,ZNF638-IT1,10,30673,,,,False
strict,Retina 2,Rod,DGKG,7338,18388218,0.0,0.0,0.0,True
strict,Retina 2,Rod,SLC2A12,7338,18388218,0.0,0.0,0.0,True
strict,Retina 2,Rod,COL8A2,7338,18388218,0.0,0.0,0.0,True
strict,Retina 2,Rod,NPC2,7338,18388218,1070.0,4.080743048354508,58.1894341256994,True
strict,Retina 2,Rod,PSMC3,7338,18388218,1352.0,4.31113921605149,73.52534106350055,True
strict,Retina 2,Rod,RP11-466F5.8,7338,18388218,57.0,1.4109408694254257,3.0998109767895943,True
strict,Retina 2,Rod,LPP,7338,18388218,49.0,1.2987600620843762,2.6647497870647388,True
strict,Retina 2,Rod,RP11-121M22.1,7338,18388218,15.0,0.5964929498274582,0.8157397307341038,True
strict,Retina 2,Rod,ABO,7338,18388218,0.0,0.0,0.0,True
strict,Retina 2,Rod,ADAMTS8,7338,18388218,1.0,0.052955428556733894,0.05438264871560692,True
strict,Retina 2,Rod,CALD1,7338,18388218,38.0,1.1205501025403233,2.066540651193063,True
strict,Retina 2,Rod,CHEK2,7338,18388218,7.0,0.3225750747095703,0.3806785410092484,True
strict,Retina 2,Rod,GAS7,7338,18388218,507.0,3.3524273187491365,27.572002898812705,True
strict,Retina 2,Rod,LMX1B,7338,18388218,,,,False
strict,Retina 2,Rod,TCF12,7338,18388218,291.0,2.822886723827082,15.825350776241613,True
strict,Retina 2,Rod,TMCO1,7338,18388218,3112.0,5.137202173721178,169.23880280296873,True
strict,Retina 2,Rod,TRIB2,7338,18388218,963.0,3.9772579848535083,52.37049071312946,True
strict,Retina 2,Rod,AC000078.5,7338,18388218,,,,False
strict,Retina 2,Rod,AC002066.1,7338,18388218,,,,False
strict,Retina 2,Rod,AC012066.1,7338,18388218,,,,False
strict,Retina 2,Rod,AC091132.1,7338,18388218,,,,False
strict,Retina 2,Rod,ACBD4,7338,18388218,314.0,2.894593483674727,17.07615169670057,True
strict,Retina 2,Rod,AFAP1,7338,18388218,0.0,0.0,0.0,True
strict,Retina 2,Rod,ALDH2,7338,18388218,1304.0,4.275484503477068,70.91497392515141,True
strict,Retina 2,Rod,AP003068.23,7338,18388218,51.0,1.3280069502161669,2.7735150844959526,True
strict,Retina 2,Rod,AP5B1,7338,18388218,78.0,1.6566738407983472,4.24184659981734,True
strict,Retina 2,Rod,AREL1,7338,18388218,120.0,2.0183527760703193,6.52591784587283,True
strict,Retina 2,Rod,ARHGAP27,7338,18388218,19.0,0.7096454946194942,1.0332703255965314,True
strict,Retina 2,Rod,ARHGEF12,7338,18388218,808.0,3.805354527253726,43.94118016221039,True
strict,Retina 2,Rod,ARL17A,7338,18388218,466.0,3.2711765550777954,25.342314301472822,True
strict,Retina 2,Rod,ATP5J,7338,18388218,11117.0,6.406173310313012,604.5719057714022,True
strict,Retina 2,Rod,BICC1,7338,18388218,0.0,0.0,0.0,True
strict,Retina 2,Rod,BORA,7338,18388218,75.0,1.6250550582358143,4.078698653670519,True
strict,Retina 2,Rod,C1orf109,7338,18388218,358.0,3.0189109719830465,19.468988240187276,True
strict,Retina 2,Rod,C1orf122,7338,18388218,3056.0,5.1191510735191335,166.19337447489474,True
strict,Retina 2,Rod,C22orf29,7338,18388218,196.0,2.4560783408967692,10.658999148258955,True
strict,Retina 2,Rod,C6orf15,7338,18388218,,,,False
strict,Retina 2,Rod,CADM1,7338,18388218,12207.0,6.499559936480801,663.8489928714137,True
strict,Retina 2,Rod,CADM2,7338,18388218,10600.0,6.358632381296335,576.4560763854333,True
strict,Retina 2,Rod,CAV2,7338,18388218,12.0,0.5023448340679935,0.6525917845872831,True
strict,Retina 2,Rod,CCDC117,7338,18388218,226.0,2.587047884847753,12.290478609727163,True
strict,Retina 2,Rod,CDC14A,7338,18388218,42.0,1.1890838862560356,2.2840712460554906,True
strict,Retina 2,Rod,CDKN2A,7338,18388218,0.0,0.0,0.0,True
strict,Retina 2,Rod,CDKN2B-AS1,7338,18388218,1.0,0.052955428556733894,0.05438264871560692,True
strict,Retina 2,Rod,CELF1,7338,18388218,580.0,3.4825296038636324,31.54193625505201,True
strict,Retina 2,Rod,CLIC5,7338,18388218,3.0,0.15113007623424513,0.16314794614682077,True
strict,Retina 2,Rod,CMB9-22P13.1,7338,18388218,,,,False
strict,Retina 2,Rod,COL11A1,7338,18388218,0.0,0.0,0.0,True
strict,Retina 2,Rod,CRHR1,7338,18388218,0.0,0.0,0.0,True
strict,Retina 2,Rod,CTA-292E10.6,7338,18388218,245.0,2.661918924429079,13.323748935323694,True
strict,Retina 2,Rod,CTB-39G8.3,7338,18388218,,,,False
strict,Retina 2,Rod,CTD-2005H7.1,7338,18388218,2.0,0.10324705155320613,0.10876529743121384,True
strict,Retina 2,Rod,CTD-2020K17.1,7338,18388218,5.0,0.2405222578576322,0.2719132435780346,True
strict,Retina 2,Rod,CTD-2020K17.3,7338,18388218,2.0,0.10324705155320613,0.10876529743121384,True
strict,Retina 2,Rod,CTTNBP2,7338,18388218,3.0,0.15113007623424513,0.16314794614682077,True
strict,Retina 2,Rod,DDX39BP2,7338,18388218,,,,False
strict,Retina 2,Rod,DIO1,7338,18388218,,,,False
strict,Retina 2,Rod,DND1P1,7338,18388218,,,,False
strict,Retina 2,Rod,DYSF,7338,18388218,5.0,0.2405222578576322,0.2719132435780346,True
strict,Retina 2,Rod,EFCAB13,7338,18388218,41.0,1.1723857230945753,2.2296885973398837,True
strict,Retina 2,Rod,EFEMP1,7338,18388218,3.0,0.15113007623424513,0.16314794614682077,True
strict,Retina 2,Rod,EHBP1L1,7338,18388218,1.0,0.052955428556733894,0.05438264871560692,True
strict,Retina 2,Rod,FAM215B,7338,18388218,1341.0,4.303079904384305,72.92713192762888,True
strict,Retina 2,Rod,FAM83A,7338,18388218,,,,False
strict,Retina 2,Rod,FAM83A-AS1,7338,18388218,,,,False
strict,Retina 2,Rod,FAM89B,7338,18388218,29.0,0.94666349897101,1.5770968127526006,True
strict,Retina 2,Rod,FHL3,7338,18388218,0.0,0.0,0.0,True
strict,Retina 2,Rod,FLOT1,7338,18388218,445.0,3.2268550531246865,24.200278678445077,True
strict,Retina 2,Rod,FLVCR2,7338,18388218,0.0,0.0,0.0,True
strict,Retina 2,Rod,FMNL1,7338,18388218,2.0,0.10324705155320613,0.10876529743121384,True
strict,Retina 2,Rod,FNDC4,7338,18388218,94.0,1.8102489764696397,5.111968979267051,True
strict,Retina 2,Rod,GALR3,7338,18388218,,,,False
strict,Retina 2,Rod,GCAT,7338,18388218,3.0,0.15113007623424513,0.16314794614682077,True
strict,Retina 2,Rod,GLIS1,7338,18388218,0.0,0.0,0.0,True
strict,Retina 2,Rod,H1F0,7338,18388218,15.0,0.5964929498274582,0.8157397307341038,True
strict,Retina 2,Rod,HCG4,7338,18388218,,,,False
strict,Retina 2,Rod,HCG4B,7338,18388218,,,,False
strict,Retina 2,Rod,HCG4P5,7338,18388218,,,,False
strict,Retina 2,Rod,HCG4P7,7338,18388218,,,,False
strict,Retina 2,Rod,HCG9,7338,18388218,0.0,0.0,0.0,True
strict,Retina 2,Rod,HCP5B,7338,18388218,0.0,0.0,0.0,True
strict,Retina 2,Rod,HECTD4,7338,18388218,316.0,2.900592513904575,17.184916994131786,True
strict,Retina 2,Rod,HLA-A,7338,18388218,24.0,0.8351603128326771,1.3051835691745661,True
strict,Retina 2,Rod,HLA-C,7338,18388218,59.0,1.4371244133548033,3.208576274220808,True
strict,Retina 2,Rod,HLA-F,7338,18388218,1.0,0.052955428556733894,0.05438264871560692,True
strict,Retina 2,Rod,HLA-F-AS1,7338,18388218,,,,False
strict,Retina 2,Rod,HLA-G,7338,18388218,0.0,0.0,0.0,True
strict,Retina 2,Rod,HLA-H,7338,18388218,,,,False
strict,Retina 2,Rod,HLA-J,7338,18388218,,,,False
strict,Retina 2,Rod,HLA-L,7338,18388218,,,,False
strict,Retina 2,Rod,HLA-T,7338,18388218,,,,False
strict,Retina 2,Rod,HLA-U,7338,18388218,,,,False
strict,Retina 2,Rod,HLA-V,7338,18388218,,,,False
strict,Retina 2,Rod,HLA-W,7338,18388218,,,,False
strict,Retina 2,Rod,HSCB,7338,18388218,202.0,2.4836804850679144,10.985295040552597,True
strict,Retina 2,Rod,HTRA3,7338,18388218,0.0,0.0,0.0,True
strict,Retina 2,Rod,IFITM4P,7338,18388218,,,,False
strict,Retina 2,Rod,IFT172,7338,18388218,512.0,3.3618990917694225,27.843916142390743,True
strict,Retina 2,Rod,INPP5B,7338,18388218,108.0,1.9276481319112522,5.873326061285547,True
strict,Retina 2,Rod,ITGB3,7338,18388218,0.0,0.0,0.0,True
strict,Retina 2,Rod,KANSL1,7338,18388218,2549.0,4.938934270130174,138.62137157608203,True
strict,Retina 2,Rod,KANSL1-AS1,7338,18388218,562.0,3.4519870875790657,30.563048578171088,True
strict,Retina 2,Rod,KHK,7338,18388218,62.0,1.4751574897263156,3.371724220367629,True
strict,Retina 2,Rod,KLF5,7338,18388218,1.0,0.052955428556733894,0.05438264871560692,True
strict,Retina 2,Rod,KRT8P26,7338,18388218,,,,False
strict,Retina 2,Rod,LHPP,7338,18388218,160.0,2.272252041932426,8.701223794497107,True
strict,Retina 2,Rod,LINC01948,7338,18388218,0.0,0.0,0.0,True
strict,Retina 2,Rod,LINC02052,7338,18388218,,,,False
strict,Retina 2,Rod,LINC02210,7338,18388218,,,,False
strict,Retina 2,Rod,LMO4,7338,18388218,56.0,1.397587435652012,3.0454283280739873,True
strict,Retina 2,Rod,LMO7,7338,18388218,139.0,2.1470053458744576,7.559188171469361,True
strict,Retina 2,Rod,LOXL1,7338,18388218,0.0,0.0,0.0,True
strict,Retina 2,Rod,LOXL1-AS1,7338,18388218,2.0,0.10324705155320613,0.10876529743121384,True
strict,Retina 2,Rod,LRRC37A,7338,18388218,73.0,1.60340643081125,3.969933356239305,True
strict,Retina 2,Rod,LRRC37A17P,7338,18388218,,,,False
strict,Retina 2,Rod,LRRC37A2,7338,18388218,181.0,2.383543635088554,9.843259417524852,True
strict,Retina 2,Rod,LRRC37A4P,7338,18388218,,,,False
strict,Retina 2,Rod,LRWD1,7338,18388218,288.0,2.8131428506928122,15.662202830094792,True
strict,Retina 2,Rod,LTBP2,7338,18388218,6.0,0.28239001339631276,0.32629589229364153,True
strict,Retina 2,Rod,LTBP3,7338,18388218,49.0,1.2987600620843762,2.6647497870647388,True
strict,Retina 2,Rod,MADD,7338,18388218,939.0,3.9524988372049257,51.0653071439549,True
strict,Retina 2,Rod,MAPK8IP1P1,7338,18388218,,,,False
strict,Retina 2,Rod,MAPK8IP1P2,7338,18388218,,,,False
strict,Retina 2,Rod,MAPT,7338,18388218,76.0,1.635706122608412,4.133081302386126,True
strict,Retina 2,Rod,MAPT-AS1,7338,18388218,3.0,0.15113007623424513,0.16314794614682077,True
strict,Retina 2,Rod,MAPT-IT1,7338,18388218,,,,False
strict,Retina 2,Rod,ME3,7338,18388218,9.0,0.3984027874858361,0.48944383844046224,True
strict,Retina 2,Rod,MICE,7338,18388218,,,,False
strict,Retina 2,Rod,MOV10,7338,18388218,3.0,0.15113007623424513,0.16314794614682077,True
strict,Retina 2,Rod,MRPL33,7338,18388218,4921.0,5.593286626571052,267.6170143295016,True
strict,Retina 2,Rod,MTCH2,7338,18388218,1608.0,4.482406884635856,87.44729913469592,True
strict,Retina 2,Rod,MVB12B,7338,18388218,82.0,1.6973347163422217,4.459377194679767,True
strict,Retina 2,Rod,Metazoa_SRP,7338,18388218,,,,False
strict,Retina 2,Rod,NEAT1,7338,18388218,307.0,2.873308852953429,16.695473155691325,True
strict,Retina 2,Rod,NMT1,7338,18388218,2371.0,4.867082502994282,128.941260104704,True
strict,Retina 2,Rod,NPEPPS,7338,18388218,1412.0,4.3539910340968255,76.78829998643697,True
strict,Retina 2,Rod,NRBP1,7338,18388218,1031.0,4.044252490389886,56.06851082579073,True
strict,Retina 2,Rod,NSF,7338,18388218,2024.0,4.710164963775472,110.0704810003884,True
strict,Retina 2,Rod,NUCB2,7338,18388218,3925.0,5.368085453118981,213.45189620875715,True
strict,Retina 2,Rod,NUDT7,7338,18388218,236.0,2.6271513840687324,12.834305096883233,True
strict,Retina 2,Rod,PDE6C,7338,18388218,3.0,0.15113007623424513,0.16314794614682077,True
strict,Retina 2,Rod,PGAM1P8,7338,18388218,,,,False
strict,Retina 2,Rod,PIBF1,7338,18388218,587.0,3.4941598014535136,31.92261479606126,True
strict,Retina 2,Rod,PIGC,7338,18388218,775.0,3.7646025245256856,42.14655275459536,True
strict,Retina 2,Rod,PKIB,7338,18388218,4915.0,5.592071162860804,267.290718437208,True
strict,Retina 2,Rod,PLCE1,7338,18388218,215.0,2.5409931052837305,11.692269473855488,True
strict,Retina 2,Rod,PLCE1-AS1,7338,18388218,,,,False
strict,Retina 2,Rod,PLEKHA7,7338,18388218,136.0,2.127760192957217,7.39604022532254,True
strict,Retina 2,Rod,PLEKHM1,7338,18388218,65.0,1.5117968949701248,3.53487216651445,True
strict,Retina 2,Rod,PPP1R18,7338,18388218,111.0,1.9511071934850914,6.036474007432368,True
strict,Retina 2,Rod,PRKCE,7338,18388218,41.0,1.1723857230945753,2.2296885973398837,True
strict,Retina 2,Rod,PROX2,7338,18388218,,,,False
strict,Retina 2,Rod,PRSS23,7338,18388218,0.0,0.0,0.0,True
strict,Retina 2,Rod,PSORS1C3,7338,18388218,,,,False
strict,Retina 2,Rod,RAPSN,7338,18388218,0.0,0.0,0.0,True
strict,Retina 2,Rod,RERE,7338,18388218,1434.0,4.369254393985266,77.98471825818032,True
strict,Retina 2,Rod,RIC8B,7338,18388218,780.0,3.7708848344426626,42.418465998173396,True
strict,Retina 2,Rod,RORA,7338,18388218,3121.0,5.140073091455964,169.72824664140919,True
strict,Retina 2,Rod,RP11-123K19.1,7338,18388218,,,,False
strict,Retina 2,Rod,RP11-136H19.1,7338,18388218,,,,False
strict,Retina 2,Rod,RP11-149I2.4,7338,18388218,,,,False
strict,Retina 2,Rod,RP11-162I7.1,7338,18388218,,,,False
strict,Retina 2,Rod,RP11-17G12.2,7338,18388218,,,,False
strict,Retina 2,Rod,RP11-205K6.1,7338,18388218,,,,False
strict,Retina 2,Rod,RP11-217B7.2,7338,18388218,7.0,0.3225750747095703,0.3806785410092484,True
strict,Retina 2,Rod,RP11-259A24.1,7338,18388218,,,,False
strict,Retina 2,Rod,RP11-259G18.1,7338,18388218,,,,False
strict,Retina 2,Rod,RP11-259G18.3,7338,18388218,,,,False
strict,Retina 2,Rod,RP11-293E1.1,7338,18388218,,,,False
strict,Retina 2,Rod,RP11-293E1.2,7338,18388218,,,,False
strict,Retina 2,Rod,RP11-302L19.3,7338,18388218,1.0,0.052955428556733894,0.05438264871560692,True
strict,Retina 2,Rod,RP11-403A3.3,7338,18388218,0.0,0.0,0.0,True
strict,Retina 2,Rod,RP11-412D9.4,7338,18388218,668.0,3.619733249676341,36.32760934202542,True
strict,Retina 2,Rod,RP11-507B12.1,7338,18388218,,,,False
strict,Retina 2,Rod,RP11-507B12.2,7338,18388218,0.0,0.0,0.0,True
strict,Retina 2,Rod,RP11-669E14.6,7338,18388218,8.0,0.36120748922573026,0.43506118972485536,True
strict,Retina 2,Rod,RP11-707O23.1,7338,18388218,,,,False
strict,Retina 2,Rod,RP11-750H9.5,7338,18388218,,,,False
strict,Retina 2,Rod,RP11-755F10.1,7338,18388218,1.0,0.052955428556733894,0.05438264871560692,True
strict,Retina 2,Rod,RP11-762L8.6,7338,18388218,,,,False
strict,Retina 2,Rod,RP11-770G2.2,7338,18388218,,,,False
strict,Retina 2,Rod,RP11-798G7.6,7338,18388218,31.0,0.9880017602917769,1.6858621101838145,True
strict,Retina 2,Rod,RP11-798G7.8,7338,18388218,,,,False
strict,Retina 2,Rod,RP5-1115A15.1,7338,18388218,1.0,0.052955428556733894,0.05438264871560692,True
strict,Retina 2,Rod,RPS26P8,7338,18388218,,,,False
strict,Retina 2,Rod,SCRN2,7338,18388218,421.0,3.1736732123222846,22.895095109270514,True
strict,Retina 2,Rod,SEMA3E,7338,18388218,7.0,0.3225750747095703,0.3806785410092484,True
strict,Retina 2,Rod,SEPT7,7338,18388218,4391.0,5.479781099308765,238.79421051023,True
strict,Retina 2,Rod,SF3A3,7338,18388218,1084.0,4.093524079179892,58.9507912077179,True
strict,Retina 2,Rod,SFTA1P,7338,18388218,0.0,0.0,0.0,True
strict,Retina 2,Rod,SGSM2,7338,18388218,213.0,2.5323867638691375,11.583504176424274,True
strict,Retina 2,Rod,SLC25A45,7338,18388218,4.0,0.19682470490932744,0.21753059486242768,True
strict,Retina 2,Rod,SLC39A13,7338,18388218,152.0,2.2263693353805487,8.266162604772251,True
strict,Retina 2,Rod,SMAD6,7338,18388218,1.0,0.052955428556733894,0.05438264871560692,True
strict,Retina 2,Rod,SNORD14A,7338,18388218,,,,False
strict,Retina 2,Rod,SSSCA1-AS1,7338,18388218,,,,False
strict,Retina 2,Rod,TARID,7338,18388218,0.0,0.0,0.0,True
strict,Retina 2,Rod,TBC1D31,7338,18388218,106.0,1.911697331777136,5.764560763854333,True
strict,Retina 2,Rod,TBKBP1,7338,18388218,45.0,1.2375678747797156,2.4472191922023114,True
strict,Retina 2,Rod,TBPL1,7338,18388218,687.0,3.647038181650688,37.36087966762195,True
strict,Retina 2,Rod,TGFB3,7338,18388218,20.0,0.7360404561655555,1.0876529743121384,True
strict,Retina 2,Rod,THCAT158,7338,18388218,2.0,0.10324705155320613,0.10876529743121384,True
strict,Retina 2,Rod,THSD7A,7338,18388218,3.0,0.15113007623424513,0.16314794614682077,True
strict,Retina 2,Rod,TIGD3,7338,18388218,73.0,1.60340643081125,3.969933356239305,True
strict,Retina 2,Rod,TMEM116,7338,18388218,380.0,3.0757168185482944,20.66540651193063,True
strict,Retina 2,Rod,TMEM136,7338,18388218,4184.0,5.431698132568126,227.53700222609933,True
strict,Retina 2,Rod,TMEM181,7338,18388218,158.0,2.2609772165271496,8.592458497065893,True
strict,Retina 2,Rod,TMEM263,7338,18388218,303.0,2.860939660830167,16.477942560828897,True
strict,Retina 2,Rod,TRIM26,7338,18388218,458.0,3.2545229724254234,24.90725311174797,True
strict,Retina 2,Rod,TRIOBP,7338,18388218,32.0,1.0080472444759472,1.7402447588994214,True
strict,Retina 2,Rod,TSC22D2,7338,18388218,287.0,2.809873679695768,15.607820181379186,True
strict,Retina 2,Rod,TTC28,7338,18388218,225.0,2.5829476400339577,12.236095961011557,True
strict,Retina 2,Rod,TTLL5,7338,18388218,815.0,3.813789448187725,44.32185870321964,True
strict,Retina 2,Rod,TXNDC8,7338,18388218,,,,False
strict,Retina 2,Rod,TXNRD2,7338,18388218,213.0,2.5323867638691375,11.583504176424274,True
strict,Retina 2,Rod,UTP11,7338,18388218,520.0,3.376869761301298,28.2789773321156,True
strict,Retina 2,Rod,VARS2,7338,18388218,74.0,1.614289326263254,4.024316004954912,True
strict,Retina 2,Rod,VCAM1,7338,18388218,0.0,0.0,0.0,True
strict,Retina 2,Rod,WLS,7338,18388218,3114.0,5.137840868104868,169.34756810039994,True
strict,Retina 2,Rod,WNT2B,7338,18388218,528.0,3.3916196116348787,28.714038521840454,True
strict,Retina 2,Rod,XRCC6P1,7338,18388218,,,,False
strict,Retina 2,Rod,XXbac-BPG170G13.32,7338,18388218,0.0,0.0,0.0,True
strict,Retina 2,Rod,XXbac-BPG283O16.9,7338,18388218,,,,False
strict,Retina 2,Rod,YAP1,7338,18388218,15.0,0.5964929498274582,0.8157397307341038,True
strict,Retina 2,Rod,YIF1A,7338,18388218,1332.0,4.296437265549678,72.43768808918841,True
strict,Retina 2,Rod,ZNF280D,7338,18388218,842.0,3.8456735702372695,45.79019021854103,True
strict,Retina 2,Rod,ZNF638,7338,18388218,2272.0,4.82476647625936,123.55737788185891,True
strict,Retina 2,Rod,ZNF638-IT1,7338,18388218,,,,False
strict,Retina 2,Cone,DGKG,28,215082,0.0,0.0,0.0,True
strict,Retina 2,Cone,SLC2A12,28,215082,0.0,0.0,0.0,True
strict,Retina 2,Cone,COL8A2,28,215082,0.0,0.0,0.0,True
strict,Retina 2,Cone,NPC2,28,215082,23.0,4.681538081883011,106.93595930854279,True
strict,Retina 2,Cone,PSMC3,28,215082,27.0,4.8405072331442565,125.53351744915892,True
strict,Retina 2,Cone,RP11-466F5.8,28,215082,0.0,0.0,0.0,True
strict,Retina 2,Cone,LPP,28,215082,2.0,2.3320253513462466,9.298779070308068,True
strict,Retina 2,Cone,RP11-121M22.1,28,215082,1.0,1.7315474924454732,4.649389535154034,True
strict,Retina 2,Cone,ABO,28,215082,0.0,0.0,0.0,True
strict,Retina 2,Cone,ADAMTS8,28,215082,0.0,0.0,0.0,True
strict,Retina 2,Cone,CALD1,28,215082,0.0,0.0,0.0,True
strict,Retina 2,Cone,CHEK2,28,215082,0.0,0.0,0.0,True
strict,Retina 2,Cone,GAS7,28,215082,21.0,4.591448272054898,97.63718023823472,True
strict,Retina 2,Cone,LMX1B,28,215082,,,,False
strict,Retina 2,Cone,TCF12,28,215082,5.0,3.1882907404209146,23.246947675770173,True
strict,Retina 2,Cone,TMCO1,28,215082,54.0,5.529695063637899,251.06703489831784,True
strict,Retina 2,Cone,TRIB2,28,215082,9.0,3.757577417835548,41.84450581638631,True
strict,Retina 2,Cone,AC000078.5,28,215082,,,,False
strict,Retina 2,Cone,AC002066.1,28,215082,,,,False
strict,Retina 2,Cone,AC012066.1,28,215082,,,,False
strict,Retina 2,Cone,AC091132.1,28,215082,,,,False
strict,Retina 2,Cone,ACBD4,28,215082,3.0,2.7045887910259148,13.948168605462103,True
strict,Retina 2,Cone,AFAP1,28,215082,1.0,1.7315474924454732,4.649389535154034,True
strict,Retina 2,Cone,ALDH2,28,215082,13.0,4.118094681325353,60.442063957002446,True
strict,Retina 2,Cone,AP003068.23,28,215082,1.0,1.7315474924454732,4.649389535154034,True
strict,Retina 2,Cone,AP5B1,28,215082,1.0,1.7315474924454732,4.649389535154034,True
strict,Retina 2,Cone,AREL1,28,215082,2.0,2.3320253513462466,9.298779070308068,True
strict,Retina 2,Cone,ARHGAP27,28,215082,0.0,0.0,0.0,True
strict,Retina 2,Cone,ARHGEF12,28,215082,17.0,4.382521788285328,79.03962209761858,True
strict,Retina 2,Cone,ARL17A,28,215082,1.0,1.7315474924454732,4.649389535154034,True
strict,Retina 2,Cone,ATP5J,28,215082,276.0,7.157915773061164,1283.2315117025134,True
strict,Retina 2,Cone,BICC1,28,215082,0.0,0.0,0.0,True
strict,Retina 2,Cone,BORA,28,215082,1.0,1.7315474924454732,4.649389535154034,True
strict,Retina 2,Cone,C1orf109,28,215082,4.0,2.975404973812716,18.597558140616137,True
strict,Retina 2,Cone,C1orf122,28,215082,81.0,5.933836897054907,376.60055234747676,True
strict,Retina 2,Cone,C22orf29,28,215082,0.0,0.0,0.0,True
strict,Retina 2,Cone,C6orf15,28,215082,,,,False
strict,Retina 2,Cone,CADM1,28,215082,27.0,4.8405072331442565,125.53351744915892,True
strict,Retina 2,Cone,CADM2,28,215082,88.0,6.0165138743450814,409.146279093555,True
strict,Retina 2,Cone,CAV2,28,215082,1.0,1.7315474924454732,4.649389535154034,True
strict,Retina 2,Cone,CCDC117,28,215082,1.0,1.7315474924454732,4.649389535154034,True
strict,Retina 2,Cone,CDC14A,28,215082,0.0,0.0,0.0,True
strict,Retina 2,Cone,CDKN2A,28,215082,0.0,0.0,0.0,True
strict,Retina 2,Cone,CDKN2B-AS1,28,215082,0.0,0.0,0.0,True
strict,Retina 2,Cone,CELF1,28,215082,8.0,3.6427076613984877,37.19511628123227,True
strict,Retina 2,Cone,CLIC5,28,215082,0.0,0.0,0.0,True
strict,Retina 2,Cone,CMB9-22P13.1,28,215082,,,,False
strict,Retina 2,Cone,COL11A1,28,215082,0.0,0.0,0.0,True
strict,Retina 2,Cone,CRHR1,28,215082,0.0,0.0,0.0,True
strict,Retina 2,Cone,CTA-292E10.6,28,215082,1.0,1.7315474924454732,4.649389535154034,True
strict,Retina 2,Cone,CTB-39G8.3,28,215082,,,,False
strict,Retina 2,Cone,CTD-2005H7.1,28,215082,0.0,0.0,0.0,True
strict,Retina 2,Cone,CTD-2020K17.1,28,215082,0.0,0.0,0.0,True
strict,Retina 2,Cone,CTD-2020K17.3,28,215082,0.0,0.0,0.0,True
strict,Retina 2,Cone,CTTNBP2,28,215082,6.0,3.3637148469797515,27.896337210924205,True
strict,Retina 2,Cone,DDX39BP2,28,215082,,,,False
strict,Retina 2,Cone,DIO1,28,215082,,,,False
strict,Retina 2,Cone,DND1P1,28,215082,,,,False
strict,Retina 2,Cone,DYSF,28,215082,0.0,0.0,0.0,True
strict,Retina 2,Cone,EFCAB13,28,215082,0.0,0.0,0.0,True
strict,Retina 2,Cone,EFEMP1,28,215082,0.0,0.0,0.0,True
strict,Retina 2,Cone,EHBP1L1,28,215082,0.0,0.0,0.0,True
strict,Retina 2,Cone,FAM215B,28,215082,5.0,3.1882907404209146,23.246947675770173,True
strict,Retina 2,Cone,FAM83A,28,215082,,,,False
strict,Retina 2,Cone,FAM83A-AS1,28,215082,,,,False
strict,Retina 2,Cone,FAM89B,28,215082,1.0,1.7315474924454732,4.649389535154034,True
strict,Retina 2,Cone,FHL3,28,215082,0.0,0.0,0.0,True
strict,Retina 2,Cone,FLOT1,28,215082,1.0,1.7315474924454732,4.649389535154034,True
strict,Retina 2,Cone,FLVCR2,28,215082,0.0,0.0,0.0,True
strict,Retina 2,Cone,FMNL1,28,215082,0.0,0.0,0.0,True
strict,Retina 2,Cone,FNDC4,28,215082,0.0,0.0,0.0,True
strict,Retina 2,Cone,GALR3,28,215082,,,,False
strict,Retina 2,Cone,GCAT,28,215082,0.0,0.0,0.0,True
strict,Retina 2,Cone,GLIS1,28,215082,0.0,0.0,0.0,True
strict,Retina 2,Cone,H1F0,28,215082,0.0,0.0,0.0,True
strict,Retina 2,Cone,HCG4,28,215082,,,,False
strict,Retina 2,Cone,HCG4B,28,215082,,,,False
strict,Retina 2,Cone,HCG4P5,28,215082,,,,False
strict,Retina 2,Cone,HCG4P7,28,215082,,,,False
strict,Retina 2,Cone,HCG9,28,215082,0.0,0.0,0.0,True
strict,Retina 2,Cone,HCP5B,28,215082,0.0,0.0,0.0,True
strict,Retina 2,Cone,HECTD4,28,215082,2.0,2.3320253513462466,9.298779070308068,True
strict,Retina 2,Cone,HLA-A,28,215082,0.0,0.0,0.0,True
strict,Retina 2,Cone,HLA-C,28,215082,0.0,0.0,0.0,True
strict,Retina 2,Cone,HLA-F,28,215082,0.0,0.0,0.0,True
strict,Retina 2,Cone,HLA-F-AS1,28,215082,,,,False
strict,Retina 2,Cone,HLA-G,28,215082,0.0,0.0,0.0,True
strict,Retina 2,Cone,HLA-H,28,215082,,,,False
strict,Retina 2,Cone,HLA-J,28,215082,,,,False
strict,Retina 2,Cone,HLA-L,28,215082,,,,False
strict,Retina 2,Cone,HLA-T,28,215082,,,,False
strict,Retina 2,Cone,HLA-U,28,215082,,,,False
strict,Retina 2,Cone,HLA-V,28,215082,,,,False
strict,Retina 2,Cone,HLA-W,28,215082,,,,False
strict,Retina 2,Cone,HSCB,28,215082,3.0,2.7045887910259148,13.948168605462103,True
strict,Retina 2,Cone,HTRA3,28,215082,0.0,0.0,0.0,True
strict,Retina 2,Cone,IFITM4P,28,215082,,,,False
strict,Retina 2,Cone,IFT172,28,215082,2.0,2.3320253513462466,9.298779070308068,True
strict,Retina 2,Cone,INPP5B,28,215082,1.0,1.7315474924454732,4.649389535154034,True
strict,Retina 2,Cone,ITGB3,28,215082,0.0,0.0,0.0,True
strict,Retina 2,Cone,KANSL1,28,215082,15.0,4.259023100971104,69.74084302731052,True
strict,Retina 2,Cone,KANSL1-AS1,28,215082,3.0,2.7045887910259148,13.948168605462103,True
strict,Retina 2,Cone,KHK,28,215082,0.0,0.0,0.0,True
strict,Retina 2,Cone,KLF5,28,215082,0.0,0.0,0.0,True
strict,Retina 2,Cone,KRT8P26,28,215082,,,,False
strict,Retina 2,Cone,LHPP,28,215082,5.0,3.1882907404209146,23.246947675770173,True
strict,Retina 2,Cone,LINC01948,28,215082,0.0,0.0,0.0,True
strict,Retina 2,Cone,LINC02052,28,215082,,,,False
strict,Retina 2,Cone,LINC02210,28,215082,,,,False
strict,Retina 2,Cone,LMO4,28,215082,7.0,3.5129094855909715,32.54572674607824,True
strict,Retina 2,Cone,LMO7,28,215082,1.0,1.7315474924454732,4.649389535154034,True
strict,Retina 2,Cone,LOXL1,28,215082,0.0,0.0,0.0,True
strict,Retina 2,Cone,LOXL1-AS1,28,215082,0.0,0.0,0.0,True
strict,Retina 2,Cone,LRRC37A,28,215082,1.0,1.7315474924454732,4.649389535154034,True
strict,Retina 2,Cone,LRRC37A17P,28,215082,,,,False
strict,Retina 2,Cone,LRRC37A2,28,215082,0.0,0.0,0.0,True
strict,Retina 2,Cone,LRRC37A4P,28,215082,,,,False
strict,Retina 2,Cone,LRWD1,28,215082,4.0,2.975404973812716,18.597558140616137,True
strict,Retina 2,Cone,LTBP2,28,215082,0.0,0.0,0.0,True
strict,Retina 2,Cone,LTBP3,28,215082,1.0,1.7315474924454732,4.649389535154034,True
strict,Retina 2,Cone,MADD,28,215082,12.0,4.039407345963243,55.79267442184841,True
strict,Retina 2,Cone,MAPK8IP1P1,28,215082,,,,False
strict,Retina 2,Cone,MAPK8IP1P2,28,215082,,,,False
strict,Retina 2,Cone,MAPT,28,215082,8.0,3.6427076613984877,37.19511628123227,True
strict,Retina 2,Cone,MAPT-AS1,28,215082,0.0,0.0,0.0,True
strict,Retina 2,Cone,MAPT-IT1,28,215082,,,,False
strict,Retina 2,Cone,ME3,28,215082,1.0,1.7315474924454732,4.649389535154034,True
strict,Retina 2,Cone,MICE,28,215082,,,,False
strict,Retina 2,Cone,MOV10,28,215082,0.0,0.0,0.0,True
strict,Retina 2,Cone,MRPL33,28,215082,77.0,5.88333072886258,358.00299420686065,True
strict,Retina 2,Cone,MTCH2,28,215082,33.0,5.039739978096625,153.42985466008312,True
strict,Retina 2,Cone,MVB12B,28,215082,0.0,0.0,0.0,True
strict,Retina 2,Cone,Metazoa_SRP,28,215082,,,,False
strict,Retina 2,Cone,NEAT1,28,215082,2.0,2.3320253513462466,9.298779070308068,True
strict,Retina 2,Cone,NMT1,28,215082,18.0,4.438985860452993,83.68901163277262,True
strict,Retina 2,Cone,NPEPPS,28,215082,19.0,4.492431419725406,88.33840116792665,True
strict,Retina 2,Cone,NRBP1,28,215082,17.0,4.382521788285328,79.03962209761858,True
strict,Retina 2,Cone,NSF,28,215082,23.0,4.681538081883011,106.93595930854279,True
strict,Retina 2,Cone,NUCB2,28,215082,40.0,5.230978027612468,185.97558140616138,True
strict,Retina 2,Cone,NUDT7,28,215082,0.0,0.0,0.0,True
strict,Retina 2,Cone,PDE6C,28,215082,34.0,5.069402469229619,158.07924419523715,True
strict,Retina 2,Cone,PGAM1P8,28,215082,,,,False
strict,Retina 2,Cone,PIBF1,28,215082,1.0,1.7315474924454732,4.649389535154034,True
strict,Retina 2,Cone,PIGC,28,215082,3.0,2.7045887910259148,13.948168605462103,True
strict,Retina 2,Cone,PKIB,28,215082,66.0,5.729644189986609,306.85970932016625,True
strict,Retina 2,Cone,PLCE1,28,215082,0.0,0.0,0.0,True
strict,Retina 2,Cone,PLCE1-AS1,28,215082,,,,False
strict,Retina 2,Cone,PLEKHA7,28,215082,3.0,2.7045887910259148,13.948168605462103,True
strict,Retina 2,Cone,PLEKHM1,28,215082,1.0,1.7315474924454732,4.649389535154034,True
strict,Retina 2,Cone,PPP1R18,28,215082,1.0,1.7315474924454732,4.649389535154034,True
strict,Retina 2,Cone,PRKCE,28,215082,2.0,2.3320253513462466,9.298779070308068,True
strict,Retina 2,Cone,PROX2,28,215082,,,,False
strict,Retina 2,Cone,PRSS23,28,215082,0.0,0.0,0.0,True
strict,Retina 2,Cone,PSORS1C3,28,215082,,,,False
strict,Retina 2,Cone,RAPSN,28,215082,0.0,0.0,0.0,True
strict,Retina 2,Cone,RERE,28,215082,20.0,4.54316488769663,92.98779070308069,True
strict,Retina 2,Cone,RIC8B,28,215082,1.0,1.7315474924454732,4.649389535154034,True
strict,Retina 2,Cone,RORA,28,215082,85.0,5.981914365166993,395.19811048809294,True
strict,Retina 2,Cone,RP11-123K19.1,28,215082,,,,False
strict,Retina 2,Cone,RP11-136H19.1,28,215082,,,,False
strict,Retina 2,Cone,RP11-149I2.4,28,215082,,,,False
strict,Retina 2,Cone,RP11-162I7.1,28,215082,,,,False
strict,Retina 2,Cone,RP11-17G12.2,28,215082,,,,False
strict,Retina 2,Cone,RP11-205K6.1,28,215082,,,,False
strict,Retina 2,Cone,RP11-217B7.2,28,215082,0.0,0.0,0.0,True
strict,Retina 2,Cone,RP11-259A24.1,28,215082,,,,False
strict,Retina 2,Cone,RP11-259G18.1,28,215082,,,,False
strict,Retina 2,Cone,RP11-259G18.3,28,215082,,,,False
strict,Retina 2,Cone,RP11-293E1.1,28,215082,,,,False
strict,Retina 2,Cone,RP11-293E1.2,28,215082,,,,False
strict,Retina 2,Cone,RP11-302L19.3,28,215082,1.0,1.7315474924454732,4.649389535154034,True
strict,Retina 2,Cone,RP11-403A3.3,28,215082,0.0,0.0,0.0,True
strict,Retina 2,Cone,RP11-412D9.4,28,215082,3.0,2.7045887910259148,13.948168605462103,True
strict,Retina 2,Cone,RP11-507B12.1,28,215082,,,,False
strict,Retina 2,Cone,RP11-507B12.2,28,215082,0.0,0.0,0.0,True
strict,Retina 2,Cone,RP11-669E14.6,28,215082,1.0,1.7315474924454732,4.649389535154034,True
strict,Retina 2,Cone,RP11-707O23.1,28,215082,,,,False
strict,Retina 2,Cone,RP11-750H9.5,28,215082,,,,False
strict,Retina 2,Cone,RP11-755F10.1,28,215082,0.0,0.0,0.0,True
strict,Retina 2,Cone,RP11-762L8.6,28,215082,,,,False
strict,Retina 2,Cone,RP11-770G2.2,28,215082,,,,False
strict,Retina 2,Cone,RP11-798G7.6,28,215082,0.0,0.0,0.0,True
strict,Retina 2,Cone,RP11-798G7.8,28,215082,,,,False
strict,Retina 2,Cone,RP5-1115A15.1,28,215082,0.0,0.0,0.0,True
strict,Retina 2,Cone,RPS26P8,28,215082,,,,False
strict,Retina 2,Cone,SCRN2,28,215082,3.0,2.7045887910259148,13.948168605462103,True
strict,Retina 2,Cone,SEMA3E,28,215082,0.0,0.0,0.0,True
strict,Retina 2,Cone,SEPT7,28,215082,31.0,4.977637303670788,144.13107558977507,True
strict,Retina 2,Cone,SF3A3,28,215082,6.0,3.3637148469797515,27.896337210924205,True
strict,Retina 2,Cone,SFTA1P,28,215082,0.0,0.0,0.0,True
strict,Retina 2,Cone,SGSM2,28,215082,5.0,3.1882907404209146,23.246947675770173,True
strict,Retina 2,Cone,SLC25A45,28,215082,0.0,0.0,0.0,True
strict,Retina 2,Cone,SLC39A13,28,215082,2.0,2.3320253513462466,9.298779070308068,True
strict,Retina 2,Cone,SMAD6,28,215082,0.0,0.0,0.0,True
strict,Retina 2,Cone,SNORD14A,28,215082,,,,False
strict,Retina 2,Cone,SSSCA1-AS1,28,215082,,,,False
strict,Retina 2,Cone,TARID,28,215082,0.0,0.0,0.0,True
strict,Retina 2,Cone,TBC1D31,28,215082,1.0,1.7315474924454732,4.649389535154034,True
strict,Retina 2,Cone,TBKBP1,28,215082,1.0,1.7315474924454732,4.649389535154034,True
strict,Retina 2,Cone,TBPL1,28,215082,4.0,2.975404973812716,18.597558140616137,True
strict,Retina 2,Cone,TGFB3,28,215082,0.0,0.0,0.0,True
strict,Retina 2,Cone,THCAT158,28,215082,0.0,0.0,0.0,True
strict,Retina 2,Cone,THSD7A,28,215082,8.0,3.6427076613984877,37.19511628123227,True
strict,Retina 2,Cone,TIGD3,28,215082,0.0,0.0,0.0,True
strict,Retina 2,Cone,TMEM116,28,215082,1.0,1.7315474924454732,4.649389535154034,True
strict,Retina 2,Cone,TMEM136,28,215082,29.0,4.911421010998158,134.832296519467,True
strict,Retina 2,Cone,TMEM181,28,215082,1.0,1.7315474924454732,4.649389535154034,True
strict,Retina 2,Cone,TMEM263,28,215082,2.0,2.3320253513462466,9.298779070308068,True
strict,Retina 2,Cone,TRIM26,28,215082,2.0,2.3320253513462466,9.298779070308068,True
strict,Retina 2,Cone,TRIOBP,28,215082,0.0,0.0,0.0,True
strict,Retina 2,Cone,TSC22D2,28,215082,5.0,3.1882907404209146,23.246947675770173,True
strict,Retina 2,Cone,TTC28,28,215082,2.0,2.3320253513462466,9.298779070308068,True
strict,Retina 2,Cone,TTLL5,28,215082,6.0,3.3637148469797515,27.896337210924205,True
strict,Retina 2,Cone,TXNDC8,28,215082,,,,False
strict,Retina 2,Cone,TXNRD2,28,215082,2.0,2.3320253513462466,9.298779070308068,True
strict,Retina 2,Cone,UTP11,28,215082,5.0,3.1882907404209146,23.246947675770173,True
strict,Retina 2,Cone,VARS2,28,215082,0.0,0.0,0.0,True
strict,Retina 2,Cone,VCAM1,28,215082,0.0,0.0,0.0,True
strict,Retina 2,Cone,WLS,28,215082,34.0,5.069402469229619,158.07924419523715,True
strict,Retina 2,Cone,WNT2B,28,215082,8.0,3.6427076613984877,37.19511628123227,True
strict,Retina 2,Cone,XRCC6P1,28,215082,,,,False
strict,Retina 2,Cone,XXbac-BPG170G13.32,28,215082,0.0,0.0,0.0,True
strict,Retina 2,Cone,XXbac-BPG283O16.9,28,215082,,,,False
strict,Retina 2,Cone,YAP1,28,215082,0.0,0.0,0.0,True
strict,Retina 2,Cone,YIF1A,28,215082,18.0,4.438985860452993,83.68901163277262,True
strict,Retina 2,Cone,ZNF280D,28,215082,10.0,3.860601183866392,46.493895351540345,True
strict,Retina 2,Cone,ZNF638,28,215082,10.0,3.860601183866392,46.493895351540345,True
strict,Retina 2,Cone,ZNF638-IT1,28,215082,,,,False
strict,Retina 2,Bipolar,DGKG,479,1867552,0.0,0.0,0.0,True
strict,Retina 2,Bipolar,SLC2A12,479,1867552,0.0,0.0,0.0,True
strict,Retina 2,Bipolar,COL8A2,479,1867552,0.0,0.0,0.0,True
strict,Retina 2,Bipolar,NPC2,479,1867552,111.0,4.1015865427145926,59.43609602302908,True
strict,Retina 2,Bipolar,PSMC3,479,1867552,202.0,4.692842045735659,108.16298555542228,True
strict,Retina 2,Bipolar,RP11-466F5.8,479,1867552,3.0,0.9579626589600017,1.6063809735953805,True
strict,Retina 2,Bipolar,LPP,479,1867552,13.0,2.0745526378049304,6.960984218913316,True
strict,Retina 2,Bipolar,RP11-121M22.1,479,1867552,1.0,0.4288302217708999,0.5354603245317935,True
strict,Retina 2,Bipolar,ABO,479,1867552,0.0,0.0,0.0,True
strict,Retina 2,Bipolar,ADAMTS8,479,1867552,0.0,0.0,0.0,True
strict,Retina 2,Bipolar,CALD1,479,1867552,359.0,5.263882516695436,192.23025650691386,True
strict,Retina 2,Bipolar,CHEK2,479,1867552,3.0,0.9579626589600017,1.6063809735953805,True
strict,Retina 2,Bipolar,GAS7,479,1867552,112.0,4.110407466042362,59.97155634756087,True
strict,Retina 2,Bipolar,LMX1B,479,1867552,,,,False
strict,Retina 2,Bipolar,TCF12,479,1867552,21.0,2.505090480166044,11.244666815167664,True
strict,Retina 2,Bipolar,TMCO1,479,1867552,345.0,5.2243145302091065,184.73381196346875,True
strict,Retina 2,Bipolar,TRIB2,479,1867552,132.0,4.272222410883996,70.68076283819674,True
strict,Retina 2,Bipolar,AC000078.5,479,1867552,,,,False
strict,Retina 2,Bipolar,AC002066.1,479,1867552,,,,False
strict,Retina 2,Bipolar,AC012066.1,479,1867552,,,,False
strict,Retina 2,Bipolar,AC091132.1,479,1867552,,,,False
strict,Retina 2,Bipolar,ACBD4,479,1867552,30.0,2.836959831080739,16.063809735953804,True
strict,Retina 2,Bipolar,AFAP1,479,1867552,5.0,1.302179228505879,2.6773016226589674,True
strict,Retina 2,Bipolar,ALDH2,479,1867552,173.0,4.539400359307557,92.63463614400027,True
strict,Retina 2,Bipolar,AP003068.23,479,1867552,1.0,0.4288302217708999,0.5354603245317935,True
strict,Retina 2,Bipolar,AP5B1,479,1867552,4.0,1.1448090287319135,2.141841298127174,True
strict,Retina 2,Bipolar,AREL1,479,1867552,12.0,2.0049232403655144,6.425523894381522,True
strict,Retina 2,Bipolar,ARHGAP27,479,1867552,0.0,0.0,0.0,True
strict,Retina 2,Bipolar,ARHGEF12,479,1867552,250.0,4.904274879691054,133.86508113294838,True
strict,Retina 2,Bipolar,ARL17A,479,1867552,28.0,2.7721441913812166,14.992889086890218,True
strict,Retina 2,Bipolar,ATP5J,479,1867552,1043.0,6.32701692951918,558.4851184866607,True
strict,Retina 2,Bipolar,BICC1,479,1867552,0.0,0.0,0.0,True
strict,Retina 2,Bipolar,BORA,479,1867552,4.0,1.1448090287319135,2.141841298127174,True
strict,Retina 2,Bipolar,C1orf109,479,1867552,28.0,2.7721441913812166,14.992889086890218,True
strict,Retina 2,Bipolar,C1orf122,479,1867552,469.0,5.529948366176454,251.13089220541116,True
strict,Retina 2,Bipolar,C22orf29,479,1867552,23.0,2.5889353387756233,12.31558746423125,True
strict,Retina 2,Bipolar,C6orf15,479,1867552,,,,False
strict,Retina 2,Bipolar,CADM1,479,1867552,1596.0,6.751796756937318,854.5946779527424,True
strict,Retina 2,Bipolar,CADM2,479,1867552,507.0,5.607559288159352,271.4783845376193,True
strict,Retina 2,Bipolar,CAV2,479,1867552,2.0,0.7279932664034865,1.070920649063587,True
strict,Retina 2,Bipolar,CCDC117,479,1867552,20.0,2.460375411917842,10.70920649063587,True
strict,Retina 2,Bipolar,CDC14A,479,1867552,3.0,0.9579626589600017,1.6063809735953805,True
strict,Retina 2,Bipolar,CDKN2A,479,1867552,2.0,0.7279932664034865,1.070920649063587,True
strict,Retina 2,Bipolar,CDKN2B-AS1,479,1867552,0.0,0.0,0.0,True
strict,Retina 2,Bipolar,CELF1,479,1867552,178.0,4.567592275468583,95.31193776665924,True
strict,Retina 2,Bipolar,CLIC5,479,1867552,0.0,0.0,0.0,True
strict,Retina 2,Bipolar,CMB9-22P13.1,479,1867552,,,,False
strict,Retina 2,Bipolar,COL11A1,479,1867552,0.0,0.0,0.0,True
strict,Retina 2,Bipolar,CRHR1,479,1867552,0.0,0.0,0.0,True
strict,Retina 2,Bipolar,CTA-292E10.6,479,1867552,11.0,1.9300803113762885,5.890063569849729,True
strict,Retina 2,Bipolar,CTB-39G8.3,479,1867552,,,,False
strict,Retina 2,Bipolar,CTD-2005H7.1,479,1867552,1.0,0.4288302217708999,0.5354603245317935,True
strict,Retina 2,Bipolar,CTD-2020K17.1,479,1867552,0.0,0.0,0.0,True
strict,Retina 2,Bipolar,CTD-2020K17.3,479,1867552,9.0,1.7611529864291346,4.819142920786142,True
strict,Retina 2,Bipolar,CTTNBP2,479,1867552,100.0,3.999044977336604,53.54603245317935,True
strict,Retina 2,Bipolar,DDX39BP2,479,1867552,,,,False
strict,Retina 2,Bipolar,DIO1,479,1867552,,,,False
strict,Retina 2,Bipolar,DND1P1,479,1867552,,,,False
strict,Retina 2,Bipolar,DYSF,479,1867552,0.0,0.0,0.0,True
strict,Retina 2,Bipolar,EFCAB13,479,1867552,5.0,1.302179228505879,2.6773016226589674,True
strict,Retina 2,Bipolar,EFEMP1,479,1867552,0.0,0.0,0.0,True
strict,Retina 2,Bipolar,EHBP1L1,479,1867552,0.0,0.0,0.0,True
strict,Retina 2,Bipolar,FAM215B,479,1867552,241.0,4.867887758897591,129.04593821216224,True
strict,Retina 2,Bipolar,FAM83A,479,1867552,,,,False
strict,Retina 2,Bipolar,FAM83A-AS1,479,1867552,,,,False
strict,Retina 2,Bipolar,FAM89B,479,1867552,8.0,1.6646233160168027,4.283682596254348,True
strict,Retina 2,Bipolar,FHL3,479,1867552,1.0,0.4288302217708999,0.5354603245317935,True
strict,Retina 2,Bipolar,FLOT1,479,1867552,65.0,3.5780853447018757,34.80492109456657,True
strict,Retina 2,Bipolar,FLVCR2,479,1867552,0.0,0.0,0.0,True
strict,Retina 2,Bipolar,FMNL1,479,1867552,7.0,1.5577702894096013,3.7482222717225544,True
strict,Retina 2,Bipolar,FNDC4,479,1867552,15.0,2.2007632940169684,8.031904867976902,True
strict,Retina 2,Bipolar,GALR3,479,1867552,,,,False
strict,Retina 2,Bipolar,GCAT,479,1867552,20.0,2.460375411917842,10.70920649063587,True
strict,Retina 2,Bipolar,GLIS1,479,1867552,0.0,0.0,0.0,True
strict,Retina 2,Bipolar,H1F0,479,1867552,266.0,4.965864167044776,142.43244632545708,True
strict,Retina 2,Bipolar,HCG4,479,1867552,,,,False
strict,Retina 2,Bipolar,HCG4B,479,1867552,,,,False
strict,Retina 2,Bipolar,HCG4P5,479,1867552,,,,False
strict,Retina 2,Bipolar,HCG4P7,479,1867552,,,,False
strict,Retina 2,Bipolar,HCG9,479,1867552,0.0,0.0,0.0,True
strict,Retina 2,Bipolar,HCP5B,479,1867552,0.0,0.0,0.0,True
strict,Retina 2,Bipolar,HECTD4,479,1867552,50.0,3.3240649099898807,26.773016226589675,True
strict,Retina 2,Bipolar,HLA-A,479,1867552,130.0,4.257169542560925,69.60984218913315,True
strict,Retina 2,Bipolar,HLA-C,479,1867552,93.0,3.927853246991081,49.797810181456796,True
strict,Retina 2,Bipolar,HLA-F,479,1867552,4.0,1.1448090287319135,2.141841298127174,True
strict,Retina 2,Bipolar,HLA-F-AS1,479,1867552,,,,False
strict,Retina 2,Bipolar,HLA-G,479,1867552,1.0,0.4288302217708999,0.5354603245317935,True
strict,Retina 2,Bipolar,HLA-H,479,1867552,,,,False
strict,Retina 2,Bipolar,HLA-J,479,1867552,,,,False
strict,Retina 2,Bipolar,HLA-L,479,1867552,,,,False
strict,Retina 2,Bipolar,HLA-T,479,1867552,,,,False
strict,Retina 2,Bipolar,HLA-U,479,1867552,,,,False
strict,Retina 2,Bipolar,HLA-V,479,1867552,,,,False
strict,Retina 2,Bipolar,HLA-W,479,1867552,,,,False
strict,Retina 2,Bipolar,HSCB,479,1867552,35.0,2.9827033322489678,18.741111358612773,True
strict,Retina 2,Bipolar,HTRA3,479,1867552,0.0,0.0,0.0,True
strict,Retina 2,Bipolar,IFITM4P,479,1867552,,,,False
strict,Retina 2,Bipolar,IFT172,479,1867552,17.0,2.3128151388857394,9.10282551704049,True
strict,Retina 2,Bipolar,INPP5B,479,1867552,16.0,2.2583578480704203,8.567365192508696,True
strict,Retina 2,Bipolar,ITGB3,479,1867552,0.0,0.0,0.0,True
strict,Retina 2,Bipolar,KANSL1,479,1867552,245.0,4.884223483737005,131.1877795102894,True
strict,Retina 2,Bipolar,KANSL1-AS1,479,1867552,62.0,3.532182956636154,33.198540120971195,True
strict,Retina 2,Bipolar,KHK,479,1867552,10.0,1.849179470799143,5.354603245317935,True
strict,Retina 2,Bipolar,KLF5,479,1867552,1.0,0.4288302217708999,0.5354603245317935,True
strict,Retina 2,Bipolar,KRT8P26,479,1867552,,,,False
strict,Retina 2,Bipolar,LHPP,479,1867552,20.0,2.460375411917842,10.70920649063587,True
strict,Retina 2,Bipolar,LINC01948,479,1867552,1.0,0.4288302217708999,0.5354603245317935,True
strict,Retina 2,Bipolar,LINC02052,479,1867552,,,,False
strict,Retina 2,Bipolar,LINC02210,479,1867552,,,,False
strict,Retina 2,Bipolar,LMO4,479,1867552,524.0,5.640420896399463,280.5812100546598,True
strict,Retina 2,Bipolar,LMO7,479,1867552,12.0,2.0049232403655144,6.425523894381522,True
strict,Retina 2,Bipolar,LOXL1,479,1867552,3.0,0.9579626589600017,1.6063809735953805,True
strict,Retina 2,Bipolar,LOXL1-AS1,479,1867552,0.0,0.0,0.0,True
strict,Retina 2,Bipolar,LRRC37A,479,1867552,8.0,1.6646233160168027,4.283682596254348,True
strict,Retina 2,Bipolar,LRRC37A17P,479,1867552,,,,False
strict,Retina 2,Bipolar,LRRC37A2,479,1867552,16.0,2.2583578480704203,8.567365192508696,True
strict,Retina 2,Bipolar,LRRC37A4P,479,1867552,,,,False
strict,Retina 2,Bipolar,LRWD1,479,1867552,27.0,2.7380897138265707,14.457428762358424,True
strict,Retina 2,Bipolar,LTBP2,479,1867552,1.0,0.4288302217708999,0.5354603245317935,True
strict,Retina 2,Bipolar,LTBP3,479,1867552,23.0,2.5889353387756233,12.31558746423125,True
strict,Retina 2,Bipolar,MADD,479,1867552,96.0,3.9589865720034982,51.404191155052175,True
strict,Retina 2,Bipolar,MAPK8IP1P1,479,1867552,,,,False
strict,Retina 2,Bipolar,MAPK8IP1P2,479,1867552,,,,False
strict,Retina 2,Bipolar,MAPT,479,1867552,621.0,5.809705416725369,332.52086153424375,True
strict,Retina 2,Bipolar,MAPT-AS1,479,1867552,29.0,2.805077052728728,15.528349411422012,True
strict,Retina 2,Bipolar,MAPT-IT1,479,1867552,,,,False
strict,Retina 2,Bipolar,ME3,479,1867552,52.0,3.3618998105780253,27.843936875653263,True
strict,Retina 2,Bipolar,MICE,479,1867552,,,,False
strict,Retina 2,Bipolar,MOV10,479,1867552,0.0,0.0,0.0,True
strict,Retina 2,Bipolar,MRPL33,479,1867552,522.0,5.636610406662861,279.5102894055962,True
strict,Retina 2,Bipolar,MTCH2,479,1867552,151.0,4.404943390929031,80.85450900430082,True
strict,Retina 2,Bipolar,MVB12B,479,1867552,9.0,1.7611529864291346,4.819142920786142,True
strict,Retina 2,Bipolar,Metazoa_SRP,479,1867552,,,,False
strict,Retina 2,Bipolar,NEAT1,479,1867552,630.0,5.824051320214462,337.3400044550299,True
strict,Retina 2,Bipolar,NMT1,479,1867552,130.0,4.257169542560925,69.60984218913315,True
strict,Retina 2,Bipolar,NPEPPS,479,1867552,215.0,4.754658325398938,115.1239697743356,True
strict,Retina 2,Bipolar,NRBP1,479,1867552,92.0,3.9172562850401196,49.262349856925,True
strict,Retina 2,Bipolar,NSF,479,1867552,233.0,4.834393264397181,124.76225561590789,True
strict,Retina 2,Bipolar,NUCB2,479,1867552,302.0,5.091963439908393,161.70901800860165,True
strict,Retina 2,Bipolar,NUDT7,479,1867552,11.0,1.9300803113762885,5.890063569849729,True
strict,Retina 2,Bipolar,PDE6C,479,1867552,0.0,0.0,0.0,True
strict,Retina 2,Bipolar,PGAM1P8,479,1867552,,,,False
strict,Retina 2,Bipolar,PIBF1,479,1867552,42.0,3.156546430040906,22.489333630335327,True
strict,Retina 2,Bipolar,PIGC,479,1867552,63.0,3.547719047151058,33.73400044550299,True
strict,Retina 2,Bipolar,PKIB,479,1867552,121.0,4.186478479835266,64.79069926834701,True
strict,Retina 2,Bipolar,PLCE1,479,1867552,17.0,2.3128151388857394,9.10282551704049,True
strict,Retina 2,Bipolar,PLCE1-AS1,479,1867552,,,,False
strict,Retina 2,Bipolar,PLEKHA7,479,1867552,11.0,1.9300803113762885,5.890063569849729,True
strict,Retina 2,Bipolar,PLEKHM1,479,1867552,5.0,1.302179228505879,2.6773016226589674,True
strict,Retina 2,Bipolar,PPP1R18,479,1867552,5.0,1.302179228505879,2.6773016226589674,True
strict,Retina 2,Bipolar,PRKCE,479,1867552,161.0,4.468308823730814,86.20911224961876,True
strict,Retina 2,Bipolar,PROX2,479,1867552,,,,False
strict,Retina 2,Bipolar,PRSS23,479,1867552,17.0,2.3128151388857394,9.10282551704049,True
strict,Retina 2,Bipolar,PSORS1C3,479,1867552,,,,False
strict,Retina 2,Bipolar,RAPSN,479,1867552,0.0,0.0,0.0,True
strict,Retina 2,Bipolar,RERE,479,1867552,245.0,4.884223483737005,131.1877795102894,True
strict,Retina 2,Bipolar,RIC8B,479,1867552,29.0,2.805077052728728,15.528349411422012,True
strict,Retina 2,Bipolar,RORA,479,1867552,312.0,5.12434260565529,167.06362125391956,True
strict,Retina 2,Bipolar,RP11-123K19.1,479,1867552,,,,False
strict,Retina 2,Bipolar,RP11-136H19.1,479,1867552,,,,False
strict,Retina 2,Bipolar,RP11-149I2.4,479,1867552,,,,False
strict,Retina 2,Bipolar,RP11-162I7.1,479,1867552,,,,False
strict,Retina 2,Bipolar,RP11-17G12.2,479,1867552,,,,False
strict,Retina 2,Bipolar,RP11-205K6.1,479,1867552,,,,False
strict,Retina 2,Bipolar,RP11-217B7.2,479,1867552,0.0,0.0,0.0,True
strict,Retina 2,Bipolar,RP11-259A24.1,479,1867552,,,,False
strict,Retina 2,Bipolar,RP11-259G18.1,479,1867552,,,,False
strict,Retina 2,Bipolar,RP11-259G18.3,479,1867552,,,,False
strict,Retina 2,Bipolar,RP11-293E1.1,479,1867552,,,,False
strict,Retina 2,Bipolar,RP11-293E1.2,479,1867552,,,,False
strict,Retina 2,Bipolar,RP11-302L19.3,479,1867552,0.0,0.0,0.0,True
strict,Retina 2,Bipolar,RP11-403A3.3,479,1867552,0.0,0.0,0.0,True
strict,Retina 2,Bipolar,RP11-412D9.4,479,1867552,80.0,3.78047423952929,42.83682596254348,True
strict,Retina 2,Bipolar,RP11-507B12.1,479,1867552,,,,False
strict,Retina 2,Bipolar,RP11-507B12.2,479,1867552,0.0,0.0,0.0,True
strict,Retina 2,Bipolar,RP11-669E14.6,479,1867552,2.0,0.7279932664034865,1.070920649063587,True
strict,Retina 2,Bipolar,RP11-707O23.1,479,1867552,,,,False
strict,Retina 2,Bipolar,RP11-750H9.5,479,1867552,,,,False
strict,Retina 2,Bipolar,RP11-755F10.1,479,1867552,0.0,0.0,0.0,True
strict,Retina 2,Bipolar,RP11-762L8.6,479,1867552,,,,False
strict,Retina 2,Bipolar,RP11-770G2.2,479,1867552,,,,False
strict,Retina 2,Bipolar,RP11-798G7.6,479,1867552,3.0,0.9579626589600017,1.6063809735953805,True
strict,Retina 2,Bipolar,RP11-798G7.8,479,1867552,,,,False
strict,Retina 2,Bipolar,RP5-1115A15.1,479,1867552,0.0,0.0,0.0,True
strict,Retina 2,Bipolar,RPS26P8,479,1867552,,,,False
strict,Retina 2,Bipolar,SCRN2,479,1867552,38.0,3.060934277610341,20.34749233220815,True
strict,Retina 2,Bipolar,SEMA3E,479,1867552,294.0,5.065283412375383,157.4253354123473,True
strict,Retina 2,Bipolar,SEPT7,479,1867552,967.0,6.251499434956608,517.7901338222443,True
strict,Retina 2,Bipolar,SF3A3,479,1867552,128.0,4.2418866179761325,68.53892154006957,True
strict,Retina 2,Bipolar,SFTA1P,479,1867552,0.0,0.0,0.0,True
strict,Retina 2,Bipolar,SGSM2,479,1867552,42.0,3.156546430040906,22.489333630335327,True
strict,Retina 2,Bipolar,SLC25A45,479,1867552,4.0,1.1448090287319135,2.141841298127174,True
strict,Retina 2,Bipolar,SLC39A13,479,1867552,27.0,2.7380897138265707,14.457428762358424,True
strict,Retina 2,Bipolar,SMAD6,479,1867552,0.0,0.0,0.0,True
strict,Retina 2,Bipolar,SNORD14A,479,1867552,,,,False
strict,Retina 2,Bipolar,SSSCA1-AS1,479,1867552,,,,False
strict,Retina 2,Bipolar,TARID,479,1867552,1.0,0.4288302217708999,0.5354603245317935,True
strict,Retina 2,Bipolar,TBC1D31,479,1867552,6.0,1.4381184770545576,3.212761947190761,True
strict,Retina 2,Bipolar,TBKBP1,479,1867552,23.0,2.5889353387756233,12.31558746423125,True
strict,Retina 2,Bipolar,TBPL1,479,1867552,117.0,4.153381382504977,62.64885797021984,True
strict,Retina 2,Bipolar,TGFB3,479,1867552,0.0,0.0,0.0,True
strict,Retina 2,Bipolar,THCAT158,479,1867552,0.0,0.0,0.0,True
strict,Retina 2,Bipolar,THSD7A,479,1867552,279.0,5.013254730670591,149.39343054437037,True
strict,Retina 2,Bipolar,TIGD3,479,1867552,22.0,2.547891397233195,11.780127139699458,True
strict,Retina 2,Bipolar,TMEM116,479,1867552,15.0,2.2007632940169684,8.031904867976902,True
strict,Retina 2,Bipolar,TMEM136,479,1867552,74.0,3.7043606007623984,39.624064015352715,True
strict,Retina 2,Bipolar,TMEM181,479,1867552,18.0,2.3644593658192883,9.638285841572284,True
strict,Retina 2,Bipolar,TMEM263,479,1867552,54.0,3.398355264160316,28.914857524716847,True
strict,Retina 2,Bipolar,TRIM26,479,1867552,42.0,3.156546430040906,22.489333630335327,True
strict,Retina 2,Bipolar,TRIOBP,479,1867552,25.0,2.666290830805777,13.386508113294838,True
strict,Retina 2,Bipolar,TSC22D2,479,1867552,29.0,2.805077052728728,15.528349411422012,True
strict,Retina 2,Bipolar,TTC28,479,1867552,57.0,3.450661556676894,30.52123849831223,True
strict,Retina 2,Bipolar,TTLL5,479,1867552,20.0,2.460375411917842,10.70920649063587,True
strict,Retina 2,Bipolar,TXNDC8,479,1867552,,,,False
strict,Retina 2,Bipolar,TXNRD2,479,1867552,58.0,3.4675061731599897,31.056698822844023,True
strict,Retina 2,Bipolar,UTP11,479,1867552,47.0,3.2644851355970212,25.166635252994293,True
strict,Retina 2,Bipolar,VARS2,479,1867552,4.0,1.1448090287319135,2.141841298127174,True
strict,Retina 2,Bipolar,VCAM1,479,1867552,0.0,0.0,0.0,True
strict,Retina 2,Bipolar,WLS,479,1867552,17.0,2.3128151388857394,9.10282551704049,True
strict,Retina 2,Bipolar,WNT2B,479,1867552,15.0,2.2007632940169684,8.031904867976902,True
strict,Retina 2,Bipolar,XRCC6P1,479,1867552,,,,False
strict,Retina 2,Bipolar,XXbac-BPG170G13.32,479,1867552,0.0,0.0,0.0,True
strict,Retina 2,Bipolar,XXbac-BPG283O16.9,479,1867552,,,,False
strict,Retina 2,Bipolar,YAP1,479,1867552,0.0,0.0,0.0,True
strict,Retina 2,Bipolar,YIF1A,479,1867552,113.0,4.119151260533598,60.50701667209267,True
strict,Retina 2,Bipolar,ZNF280D,479,1867552,134.0,4.287052046502215,71.75168348726032,True
strict,Retina 2,Bipolar,ZNF638,479,1867552,350.0,5.238626349713118,187.41111358612773,True
strict,Retina 2,Bipolar,ZNF638-IT1,479,1867552,,,,False
strict,Retina 2,Amacrine,DGKG,34,181849,0.0,0.0,0.0,True
strict,Retina 2,Amacrine,SLC2A12,34,181849,0.0,0.0,0.0,True
strict,Retina 2,Amacrine,COL8A2,34,181849,0.0,0.0,0.0,True
strict,Retina 2,Amacrine,NPC2,34,181849,1.0,1.8716587678481733,5.499067907989596,True
strict,Retina 2,Amacrine,PSMC3,34,181849,22.0,4.803852948440055,120.9794939757711,True
strict,Retina 2,Amacrine,RP11-466F5.8,34,181849,0.0,0.0,0.0,True
strict,Retina 2,Amacrine,LPP,34,181849,7.0,3.676135477400612,38.49347535592717,True
strict,Retina 2,Amacrine,RP11-121M22.1,34,181849,0.0,0.0,0.0,True
strict,Retina 2,Amacrine,ABO,34,181849,0.0,0.0,0.0,True
strict,Retina 2,Amacrine,ADAMTS8,34,181849,0.0,0.0,0.0,True
strict,Retina 2,Amacrine,CALD1,34,181849,7.0,3.676135477400612,38.49347535592717,True
strict,Retina 2,Amacrine,CHEK2,34,181849,0.0,0.0,0.0,True
strict,Retina 2,Amacrine,GAS7,34,181849,0.0,0.0,0.0,True
strict,Retina 2,Amacrine,LMX1B,34,181849,,,,False
strict,Retina 2,Amacrine,TCF12,34,181849,5.0,3.349740548988842,27.495339539947977,True
strict,Retina 2,Amacrine,TMCO1,34,181849,29.0,5.078125513007781,159.47296933169827,True
strict,Retina 2,Amacrine,TRIB2,34,181849,7.0,3.676135477400612,38.49347535592717,True
strict,Retina 2,Amacrine,AC000078.5,34,181849,,,,False
strict,Retina 2,Amacrine,AC002066.1,34,181849,,,,False
strict,Retina 2,Amacrine,AC012066.1,34,181849,,,,False
strict,Retina 2,Amacrine,AC091132.1,34,181849,,,,False
strict,Retina 2,Amacrine,ACBD4,34,181849,3.0,2.86204108096035,16.497203723968788,True
strict,Retina 2,Amacrine,AFAP1,34,181849,0.0,0.0,0.0,True
strict,Retina 2,Amacrine,ALDH2,34,181849,10.0,4.025185231879784,54.990679079895955,True
strict,Retina 2,Amacrine,AP003068.23,34,181849,1.0,1.8716587678481733,5.499067907989596,True
strict,Retina 2,Amacrine,AP5B1,34,181849,0.0,0.0,0.0,True
strict,Retina 2,Amacrine,AREL1,34,181849,3.0,2.86204108096035,16.497203723968788,True
strict,Retina 2,Amacrine,ARHGAP27,34,181849,0.0,0.0,0.0,True
strict,Retina 2,Amacrine,ARHGEF12,34,181849,27.0,5.007128040972865,148.4748335157191,True
strict,Retina 2,Amacrine,ARL17A,34,181849,4.0,3.135332099830714,21.996271631958383,True
strict,Retina 2,Amacrine,ATP5J,34,181849,124.0,6.5263256221041,681.8844205907099,True
strict,Retina 2,Amacrine,BICC1,34,181849,2.0,2.4847512890517454,10.998135815979191,True
strict,Retina 2,Amacrine,BORA,34,181849,2.0,2.4847512890517454,10.998135815979191,True
strict,Retina 2,Amacrine,C1orf109,34,181849,7.0,3.676135477400612,38.49347535592717,True
strict,Retina 2,Amacrine,C1orf122,34,181849,29.0,5.078125513007781,159.47296933169827,True
strict,Retina 2,Amacrine,C22orf29,34,181849,4.0,3.135332099830714,21.996271631958383,True
strict,Retina 2,Amacrine,C6orf15,34,181849,,,,False
strict,Retina 2,Amacrine,CADM1,34,181849,8.0,3.8064967707933945,43.992543263916765,True
strict,Retina 2,Amacrine,CADM2,34,181849,45.0,5.515274041992508,247.4580558595318,True
strict,Retina 2,Amacrine,CAV2,34,181849,0.0,0.0,0.0,True
strict,Retina 2,Amacrine,CCDC117,34,181849,1.0,1.8716587678481733,5.499067907989596,True
strict,Retina 2,Amacrine,CDC14A,34,181849,0.0,0.0,0.0,True
strict,Retina 2,Amacrine,CDKN2A,34,181849,0.0,0.0,0.0,True
strict,Retina 2,Amacrine,CDKN2B-AS1,34,181849,0.0,0.0,0.0,True
strict,Retina 2,Amacrine,CELF1,34,181849,32.0,5.175981204563991,175.97017305566706,True
strict,Retina 2,Amacrine,CLIC5,34,181849,1.0,1.8716587678481733,5.499067907989596,True
strict,Retina 2,Amacrine,CMB9-22P13.1,34,181849,,,,False
strict,Retina 2,Amacrine,COL11A1,34,181849,0.0,0.0,0.0,True
strict,Retina 2,Amacrine,CRHR1,34,181849,0.0,0.0,0.0,True
strict,Retina 2,Amacrine,CTA-292E10.6,34,181849,2.0,2.4847512890517454,10.998135815979191,True
strict,Retina 2,Amacrine,CTB-39G8.3,34,181849,,,,False
strict,Retina 2,Amacrine,CTD-2005H7.1,34,181849,0.0,0.0,0.0,True
strict,Retina 2,Amacrine,CTD-2020K17.1,34,181849,1.0,1.8716587678481733,5.499067907989596,True
strict,Retina 2,Amacrine,CTD-2020K17.3,34,181849,0.0,0.0,0.0,True
strict,Retina 2,Amacrine,CTTNBP2,34,181849,52.0,5.659313320715283,285.951531215459,True
strict,Retina 2,Amacrine,DDX39BP2,34,181849,,,,False
strict,Retina 2,Amacrine,DIO1,34,181849,,,,False
strict,Retina 2,Amacrine,DND1P1,34,181849,,,,False
strict,Retina 2,Amacrine,DYSF,34,181849,0.0,0.0,0.0,True
strict,Retina 2,Amacrine,EFCAB13,34,181849,0.0,0.0,0.0,True
strict,Retina 2,Amacrine,EFEMP1,34,181849,0.0,0.0,0.0,True
strict,Retina 2,Amacrine,EHBP1L1,34,181849,0.0,0.0,0.0,True
strict,Retina 2,Amacrine,FAM215B,34,181849,38.0,5.346938852223502,208.96458050360465,True
strict,Retina 2,Amacrine,FAM83A,34,181849,,,,False
strict,Retina 2,Amacrine,FAM83A-AS1,34,181849,,,,False
strict,Retina 2,Amacrine,FAM89B,34,181849,7.0,3.676135477400612,38.49347535592717,True
strict,Retina 2,Amacrine,FHL3,34,181849,0.0,0.0,0.0,True
strict,Retina 2,Amacrine,FLOT1,34,181849,33.0,5.20658161615274,181.46924096365666,True
strict,Retina 2,Amacrine,FLVCR2,34,181849,0.0,0.0,0.0,True
strict,Retina 2,Amacrine,FMNL1,34,181849,0.0,0.0,0.0,True
strict,Retina 2,Amacrine,FNDC4,34,181849,2.0,2.4847512890517454,10.998135815979191,True
strict,Retina 2,Amacrine,GALR3,34,181849,,,,False
strict,Retina 2,Amacrine,GCAT,34,181849,5.0,3.349740548988842,27.495339539947977,True
strict,Retina 2,Amacrine,GLIS1,34,181849,0.0,0.0,0.0,True
strict,Retina 2,Amacrine,H1F0,34,181849,20.0,4.7093622427016975,109.98135815979191,True
strict,Retina 2,Amacrine,HCG4,34,181849,,,,False
strict,Retina 2,Amacrine,HCG4B,34,181849,,,,False
strict,Retina 2,Amacrine,HCG4P5,34,181849,,,,False
strict,Retina 2,Amacrine,HCG4P7,34,181849,,,,False
strict,Retina 2,Amacrine,HCG9,34,181849,0.0,0.0,0.0,True
strict,Retina 2,Amacrine,HCP5B,34,181849,0.0,0.0,0.0,True
strict,Retina 2,Amacrine,HECTD4,34,181849,8.0,3.8064967707933945,43.992543263916765,True
strict,Retina 2,Amacrine,HLA-A,34,181849,11.0,4.118870445269737,60.48974698788555,True
strict,Retina 2,Amacrine,HLA-C,34,181849,19.0,4.658543073913403,104.48229025180233,True
strict,Retina 2,Amacrine,HLA-F,34,181849,0.0,0.0,0.0,True
strict,Retina 2,Amacrine,HLA-F-AS1,34,181849,,,,False
strict,Retina 2,Amacrine,HLA-G,34,181849,0.0,0.0,0.0,True
strict,Retina 2,Amacrine,HLA-H,34,181849,,,,False
strict,Retina 2,Amacrine,HLA-J,34,181849,,,,False
strict,Retina 2,Amacrine,HLA-L,34,181849,,,,False
strict,Retina 2,Amacrine,HLA-T,34,181849,,,,False
strict,Retina 2,Amacrine,HLA-U,34,181849,,,,False
strict,Retina 2,Amacrine,HLA-V,34,181849,,,,False
strict,Retina 2,Amacrine,HLA-W,34,181849,,,,False
strict,Retina 2,Amacrine,HSCB,34,181849,6.0,3.5261960242613544,32.994407447937576,True
strict,Retina 2,Amacrine,HTRA3,34,181849,0.0,0.0,0.0,True
strict,Retina 2,Amacrine,IFITM4P,34,181849,,,,False
strict,Retina 2,Amacrine,IFT172,34,181849,1.0,1.8716587678481733,5.499067907989596,True
strict,Retina 2,Amacrine,INPP5B,34,181849,4.0,3.135332099830714,21.996271631958383,True
strict,Retina 2,Amacrine,ITGB3,34,181849,0.0,0.0,0.0,True
strict,Retina 2,Amacrine,KANSL1,34,181849,49.0,5.600103239267217,269.4543274914902,True
strict,Retina 2,Amacrine,KANSL1-AS1,34,181849,2.0,2.4847512890517454,10.998135815979191,True
strict,Retina 2,Amacrine,KHK,34,181849,5.0,3.349740548988842,27.495339539947977,True
strict,Retina 2,Amacrine,KLF5,34,181849,0.0,0.0,0.0,True
strict,Retina 2,Amacrine,KRT8P26,34,181849,,,,False
strict,Retina 2,Amacrine,LHPP,34,181849,3.0,2.86204108096035,16.497203723968788,True
strict,Retina 2,Amacrine,LINC01948,34,181849,0.0,0.0,0.0,True
strict,Retina 2,Amacrine,LINC02052,34,181849,,,,False
strict,Retina 2,Amacrine,LINC02210,34,181849,,,,False
strict,Retina 2,Amacrine,LMO4,34,181849,6.0,3.5261960242613544,32.994407447937576,True
strict,Retina 2,Amacrine,LMO7,34,181849,1.0,1.8716587678481733,5.499067907989596,True
strict,Retina 2,Amacrine,LOXL1,34,181849,0.0,0.0,0.0,True
strict,Retina 2,Amacrine,LOXL1-AS1,34,181849,0.0,0.0,0.0,True
strict,Retina 2,Amacrine,LRRC37A,34,181849,0.0,0.0,0.0,True
strict,Retina 2,Amacrine,LRRC37A17P,34,181849,,,,False
strict,Retina 2,Amacrine,LRRC37A2,34,181849,3.0,2.86204108096035,16.497203723968788,True
strict,Retina 2,Amacrine,LRRC37A4P,34,181849,,,,False
strict,Retina 2,Amacrine,LRWD1,34,181849,2.0,2.4847512890517454,10.998135815979191,True
strict,Retina 2,Amacrine,LTBP2,34,181849,0.0,0.0,0.0,True
strict,Retina 2,Amacrine,LTBP3,34,181849,3.0,2.86204108096035,16.497203723968788,True
strict,Retina 2,Amacrine,MADD,34,181849,24.0,4.890180917020534,131.9776297917503,True
strict,Retina 2,Amacrine,MAPK8IP1P1,34,181849,,,,False
strict,Retina 2,Amacrine,MAPK8IP1P2,34,181849,,,,False
strict,Retina 2,Amacrine,MAPT,34,181849,24.0,4.890180917020534,131.9776297917503,True
strict,Retina 2,Amacrine,MAPT-AS1,34,181849,0.0,0.0,0.0,True
strict,Retina 2,Amacrine,MAPT-IT1,34,181849,,,,False
strict,Retina 2,Amacrine,ME3,34,181849,1.0,1.8716587678481733,5.499067907989596,True
strict,Retina 2,Amacrine,MICE,34,181849,,,,False
strict,Retina 2,Amacrine,MOV10,34,181849,1.0,1.8716587678481733,5.499067907989596,True
strict,Retina 2,Amacrine,MRPL33,34,181849,54.0,5.696924569660691,296.9496670314382,True
strict,Retina 2,Amacrine,MTCH2,34,181849,12.0,4.2045256636020145,65.98881489587515,True
strict,Retina 2,Amacrine,MVB12B,34,181849,5.0,3.349740548988842,27.495339539947977,True
strict,Retina 2,Amacrine,Metazoa_SRP,34,181849,,,,False
strict,Retina 2,Amacrine,NEAT1,34,181849,37.0,5.320399318696871,203.46551259561505,True
strict,Retina 2,Amacrine,NMT1,34,181849,11.0,4.118870445269737,60.48974698788555,True
strict,Retina 2,Amacrine,NPEPPS,34,181849,24.0,4.890180917020534,131.9776297917503,True
strict,Retina 2,Amacrine,NRBP1,34,181849,8.0,3.8064967707933945,43.992543263916765,True
strict,Retina 2,Amacrine,NSF,34,181849,11.0,4.118870445269737,60.48974698788555,True
strict,Retina 2,Amacrine,NUCB2,34,181849,11.0,4.118870445269737,60.48974698788555,True
strict,Retina 2,Amacrine,NUDT7,34,181849,1.0,1.8716587678481733,5.499067907989596,True
strict,Retina 2,Amacrine,PDE6C,34,181849,0.0,0.0,0.0,True
strict,Retina 2,Amacrine,PGAM1P8,34,181849,,,,False
strict,Retina 2,Amacrine,PIBF1,34,181849,6.0,3.5261960242613544,32.994407447937576,True
strict,Retina 2,Amacrine,PIGC,34,181849,12.0,4.2045256636020145,65.98881489587515,True
strict,Retina 2,Amacrine,PKIB,34,181849,12.0,4.2045256636020145,65.98881489587515,True
strict,Retina 2,Amacrine,PLCE1,34,181849,0.0,0.0,0.0,True
strict,Retina 2,Amacrine,PLCE1-AS1,34,181849,,,,False
strict,Retina 2,Amacrine,PLEKHA7,34,181849,0.0,0.0,0.0,True
strict,Retina 2,Amacrine,PLEKHM1,34,181849,1.0,1.8716587678481733,5.499067907989596,True
strict,Retina 2,Amacrine,PPP1R18,34,181849,1.0,1.8716587678481733,5.499067907989596,True
strict,Retina 2,Amacrine,PRKCE,34,181849,1.0,1.8716587678481733,5.499067907989596,True
strict,Retina 2,Amacrine,PROX2,34,181849,,,,False
strict,Retina 2,Amacrine,PRSS23,34,181849,0.0,0.0,0.0,True
strict,Retina 2,Amacrine,PSORS1C3,34,181849,,,,False
strict,Retina 2,Amacrine,RAPSN,34,181849,0.0,0.0,0.0,True
strict,Retina 2,Amacrine,RERE,34,181849,47.0,5.558587870148423,258.456191675511,True
strict,Retina 2,Amacrine,RIC8B,34,181849,6.0,3.5261960242613544,32.994407447937576,True
strict,Retina 2,Amacrine,RORA,34,181849,26.0,4.969644991022143,142.9757656077295,True
strict,Retina 2,Amacrine,RP11-123K19.1,34,181849,,,,False
strict,Retina 2,Amacrine,RP11-136H19.1,34,181849,,,,False
strict,Retina 2,Amacrine,RP11-149I2.4,34,181849,,,,False
strict,Retina 2,Amacrine,RP11-162I7.1,34,181849,,,,False
strict,Retina 2,Amacrine,RP11-17G12.2,34,181849,,,,False
strict,Retina 2,Amacrine,RP11-205K6.1,34,181849,,,,False
strict,Retina 2,Amacrine,RP11-217B7.2,34,181849,0.0,0.0,0.0,True
strict,Retina 2,Amacrine,RP11-259A24.1,34,181849,,,,False
strict,Retina 2,Amacrine,RP11-259G18.1,34,181849,,,,False
strict,Retina 2,Amacrine,RP11-259G18.3,34,181849,,,,False
strict,Retina 2,Amacrine,RP11-293E1.1,34,181849,,,,False
strict,Retina 2,Amacrine,RP11-293E1.2,34,181849,,,,False
strict,Retina 2,Amacrine,RP11-302L19.3,34,181849,0.0,0.0,0.0,True
strict,Retina 2,Amacrine,RP11-403A3.3,34,181849,0.0,0.0,0.0,True
strict,Retina 2,Amacrine,RP11-412D9.4,34,181849,5.0,3.349740548988842,27.495339539947977,True
strict,Retina 2,Amacrine,RP11-507B12.1,34,181849,,,,False
strict,Retina 2,Amacrine,RP11-507B12.2,34,181849,0.0,0.0,0.0,True
strict,Retina 2,Amacrine,RP11-669E14.6,34,181849,0.0,0.0,0.0,True
strict,Retina 2,Amacrine,RP11-707O23.1,34,181849,,,,False
strict,Retina 2,Amacrine,RP11-750H9.5,34,181849,,,,False
strict,Retina 2,Amacrine,RP11-755F10.1,34,181849,0.0,0.0,0.0,True
strict,Retina 2,Amacrine,RP11-762L8.6,34,181849,,,,False
strict,Retina 2,Amacrine,RP11-770G2.2,34,181849,,,,False
strict,Retina 2,Amacrine,RP11-798G7.6,34,181849,0.0,0.0,0.0,True
strict,Retina 2,Amacrine,RP11-798G7.8,34,181849,,,,False
strict,Retina 2,Amacrine,RP5-1115A15.1,34,181849,0.0,0.0,0.0,True
strict,Retina 2,Amacrine,RPS26P8,34,181849,,,,False
strict,Retina 2,Amacrine,SCRN2,34,181849,4.0,3.135332099830714,21.996271631958383,True
strict,Retina 2,Amacrine,SEMA3E,34,181849,0.0,0.0,0.0,True
strict,Retina 2,Amacrine,SEPT7,34,181849,124.0,6.5263256221041,681.8844205907099,True
strict,Retina 2,Amacrine,SF3A3,34,181849,10.0,4.025185231879784,54.990679079895955,True
strict,Retina 2,Amacrine,SFTA1P,34,181849,0.0,0.0,0.0,True
strict,Retina 2,Amacrine,SGSM2,34,181849,0.0,0.0,0.0,True
strict,Retina 2,Amacrine,SLC25A45,34,181849,2.0,2.4847512890517454,10.998135815979191,True
strict,Retina 2,Amacrine,SLC39A13,34,181849,9.0,3.921807207074827,49.491611171906364,True
strict,Retina 2,Amacrine,SMAD6,34,181849,0.0,0.0,0.0,True
strict,Retina 2,Amacrine,SNORD14A,34,181849,,,,False
strict,Retina 2,Amacrine,SSSCA1-AS1,34,181849,,,,False
strict,Retina 2,Amacrine,TARID,34,181849,0.0,0.0,0.0,True
strict,Retina 2,Amacrine,TBC1D31,34,181849,2.0,2.4847512890517454,10.998135815979191,True
strict,Retina 2,Amacrine,TBKBP1,34,181849,3.0,2.86204108096035,16.497203723968788,True
strict,Retina 2,Amacrine,TBPL1,34,181849,12.0,4.2045256636020145,65.98881489587515,True
strict,Retina 2,Amacrine,TGFB3,34,181849,2.0,2.4847512890517454,10.998135815979191,True
strict,Retina 2,Amacrine,THCAT158,34,181849,0.0,0.0,0.0,True
strict,Retina 2,Amacrine,THSD7A,34,181849,2.0,2.4847512890517454,10.998135815979191,True
strict,Retina 2,Amacrine,TIGD3,34,181849,6.0,3.5261960242613544,32.994407447937576,True
strict,Retina 2,Amacrine,TMEM116,34,181849,5.0,3.349740548988842,27.495339539947977,True
strict,Retina 2,Amacrine,TMEM136,34,181849,4.0,3.135332099830714,21.996271631958383,True
strict,Retina 2,Amacrine,TMEM181,34,181849,9.0,3.921807207074827,49.491611171906364,True
strict,Retina 2,Amacrine,TMEM263,34,181849,4.0,3.135332099830714,21.996271631958383,True
strict,Retina 2,Amacrine,TRIM26,34,181849,1.0,1.8716587678481733,5.499067907989596,True
strict,Retina 2,Amacrine,TRIOBP,34,181849,1.0,1.8716587678481733,5.499067907989596,True
strict,Retina 2,Amacrine,TSC22D2,34,181849,6.0,3.5261960242613544,32.994407447937576,True
strict,Retina 2,Amacrine,TTC28,34,181849,15.0,4.424679176158371,82.48601861984393,True
strict,Retina 2,Amacrine,TTLL5,34,181849,2.0,2.4847512890517454,10.998135815979191,True
strict,Retina 2,Amacrine,TXNDC8,34,181849,,,,False
strict,Retina 2,Amacrine,TXNRD2,34,181849,3.0,2.86204108096035,16.497203723968788,True
strict,Retina 2,Amacrine,UTP11,34,181849,8.0,3.8064967707933945,43.992543263916765,True
strict,Retina 2,Amacrine,VARS2,34,181849,3.0,2.86204108096035,16.497203723968788,True
strict,Retina 2,Amacrine,VCAM1,34,181849,0.0,0.0,0.0,True
strict,Retina 2,Amacrine,WLS,34,181849,0.0,0.0,0.0,True
strict,Retina 2,Amacrine,WNT2B,34,181849,5.0,3.349740548988842,27.495339539947977,True
strict,Retina 2,Amacrine,XRCC6P1,34,181849,,,,False
strict,Retina 2,Amacrine,XXbac-BPG170G13.32,34,181849,0.0,0.0,0.0,True
strict,Retina 2,Amacrine,XXbac-BPG283O16.9,34,181849,,,,False
strict,Retina 2,Amacrine,YAP1,34,181849,0.0,0.0,0.0,True
strict,Retina 2,Amacrine,YIF1A,34,181849,7.0,3.676135477400612,38.49347535592717,True
strict,Retina 2,Amacrine,ZNF280D,34,181849,17.0,4.548432142512384,93.48415443582313,True
strict,Retina 2,Amacrine,ZNF638,34,181849,30.0,5.111819323803862,164.97203723968786,True
strict,Retina 2,Amacrine,ZNF638-IT1,34,181849,,,,False
strict,Retina 2,Horizontal,DGKG,14,73636,0.0,0.0,0.0,True
strict,Retina 2,Horizontal,SLC2A12,14,73636,0.0,0.0,0.0,True
strict,Retina 2,Horizontal,COL8A2,14,73636,0.0,0.0,0.0,True
strict,Retina 2,Horizontal,NPC2,14,73636,3.0,3.7314824680110457,40.740941930577435,True
strict,Retina 2,Horizontal,PSMC3,14,73636,7.0,4.5649958758210145,95.06219783801401,True
strict,Retina 2,Horizontal,RP11-466F5.8,14,73636,0.0,0.0,0.0,True
strict,Retina 2,Horizontal,LPP,14,73636,0.0,0.0,0.0,True
strict,Retina 2,Horizontal,RP11-121M22.1,14,73636,0.0,0.0,0.0,True
strict,Retina 2,Horizontal,ABO,14,73636,0.0,0.0,0.0,True
strict,Retina 2,Horizontal,ADAMTS8,14,73636,0.0,0.0,0.0,True
strict,Retina 2,Horizontal,CALD1,14,73636,8.0,4.697225180829889,108.64251181487316,True
strict,Retina 2,Horizontal,CHEK2,14,73636,0.0,0.0,0.0,True
strict,Retina 2,Horizontal,GAS7,14,73636,1.0,2.679672261112644,13.580313976859145,True
strict,Retina 2,Horizontal,LMX1B,14,73636,,,,False
strict,Retina 2,Horizontal,TCF12,14,73636,1.0,2.679672261112644,13.580313976859145,True
strict,Retina 2,Horizontal,TMCO1,14,73636,10.0,4.918542956449859,135.80313976859145,True
strict,Retina 2,Horizontal,TRIB2,14,73636,1.0,2.679672261112644,13.580313976859145,True
strict,Retina 2,Horizontal,AC000078.5,14,73636,,,,False
strict,Retina 2,Horizontal,AC002066.1,14,73636,,,,False
strict,Retina 2,Horizontal,AC012066.1,14,73636,,,,False
strict,Retina 2,Horizontal,AC091132.1,14,73636,,,,False
strict,Retina 2,Horizontal,ACBD4,14,73636,0.0,0.0,0.0,True
strict,Retina 2,Horizontal,AFAP1,14,73636,1.0,2.679672261112644,13.580313976859145,True
strict,Retina 2,Horizontal,ALDH2,14,73636,4.0,4.01315720913171,54.32125590743658,True
strict,Retina 2,Horizontal,AP003068.23,14,73636,0.0,0.0,0.0,True
strict,Retina 2,Horizontal,AP5B1,14,73636,0.0,0.0,0.0,True
strict,Retina 2,Horizontal,AREL1,14,73636,0.0,0.0,0.0,True
strict,Retina 2,Horizontal,ARHGAP27,14,73636,0.0,0.0,0.0,True
strict,Retina 2,Horizontal,ARHGEF12,14,73636,4.0,4.01315720913171,54.32125590743658,True
strict,Retina 2,Horizontal,ARL17A,14,73636,3.0,3.7314824680110457,40.740941930577435,True
strict,Retina 2,Horizontal,ATP5J,14,73636,39.0,6.274069210866403,529.6322450975066,True
strict,Retina 2,Horizontal,BICC1,14,73636,0.0,0.0,0.0,True
strict,Retina 2,Horizontal,BORA,14,73636,1.0,2.679672261112644,13.580313976859145,True
strict,Retina 2,Horizontal,C1orf109,14,73636,2.0,3.3379248305340488,27.16062795371829,True
strict,Retina 2,Horizontal,C1orf122,14,73636,7.0,4.5649958758210145,95.06219783801401,True
strict,Retina 2,Horizontal,C22orf29,14,73636,2.0,3.3379248305340488,27.16062795371829,True
strict,Retina 2,Horizontal,C6orf15,14,73636,,,,False
strict,Retina 2,Horizontal,CADM1,14,73636,6.0,4.412578679665558,81.48188386115487,True
strict,Retina 2,Horizontal,CADM2,14,73636,8.0,4.697225180829889,108.64251181487316,True
strict,Retina 2,Horizontal,CAV2,14,73636,0.0,0.0,0.0,True
strict,Retina 2,Horizontal,CCDC117,14,73636,1.0,2.679672261112644,13.580313976859145,True
strict,Retina 2,Horizontal,CDC14A,14,73636,0.0,0.0,0.0,True
strict,Retina 2,Horizontal,CDKN2A,14,73636,0.0,0.0,0.0,True
strict,Retina 2,Horizontal,CDKN2B-AS1,14,73636,0.0,0.0,0.0,True
strict,Retina 2,Horizontal,CELF1,14,73636,6.0,4.412578679665558,81.48188386115487,True
strict,Retina 2,Horizontal,CLIC5,14,73636,0.0,0.0,0.0,True
strict,Retina 2,Horizontal,CMB9-22P13.1,14,73636,,,,False
strict,Retina 2,Horizontal,COL11A1,14,73636,0.0,0.0,0.0,True
strict,Retina 2,Horizontal,CRHR1,14,73636,0.0,0.0,0.0,True
strict,Retina 2,Horizontal,CTA-292E10.6,14,73636,0.0,0.0,0.0,True
strict,Retina 2,Horizontal,CTB-39G8.3,14,73636,,,,False
strict,Retina 2,Horizontal,CTD-2005H7.1,14,73636,0.0,0.0,0.0,True
strict,Retina 2,Horizontal,CTD-2020K17.1,14,73636,0.0,0.0,0.0,True
strict,Retina 2,Horizontal,CTD-2020K17.3,14,73636,0.0,0.0,0.0,True
strict,Retina 2,Horizontal,CTTNBP2,14,73636,23.0,5.747311909446945,312.34722146776033,True
strict,Retina 2,Horizontal,DDX39BP2,14,73636,,,,False
strict,Retina 2,Horizontal,DIO1,14,73636,,,,False
strict,Retina 2,Horizontal,DND1P1,14,73636,,,,False
strict,Retina 2,Horizontal,DYSF,14,73636,0.0,0.0,0.0,True
strict,Retina 2,Horizontal,EFCAB13,14,73636,1.0,2.679672261112644,13.580313976859145,True
strict,Retina 2,Horizontal,EFEMP1,14,73636,0.0,0.0,0.0,True
strict,Retina 2,Horizontal,EHBP1L1,14,73636,0.0,0.0,0.0,True
strict,Retina 2,Horizontal,FAM215B,14,73636,10.0,4.918542956449859,135.80313976859145,True
strict,Retina 2,Horizontal,FAM83A,14,73636,,,,False
strict,Retina 2,Horizontal,FAM83A-AS1,14,73636,,,,False
strict,Retina 2,Horizontal,FAM89B,14,73636,2.0,3.3379248305340488,27.16062795371829,True
strict,Retina 2,Horizontal,FHL3,14,73636,0.0,0.0,0.0,True
strict,Retina 2,Horizontal,FLOT1,14,73636,4.0,4.01315720913171,54.32125590743658,True
strict,Retina 2,Horizontal,FLVCR2,14,73636,0.0,0.0,0.0,True
strict,Retina 2,Horizontal,FMNL1,14,73636,0.0,0.0,0.0,True
strict,Retina 2,Horizontal,FNDC4,14,73636,1.0,2.679672261112644,13.580313976859145,True
strict,Retina 2,Horizontal,GALR3,14,73636,,,,False
strict,Retina 2,Horizontal,GCAT,14,73636,0.0,0.0,0.0,True
strict,Retina 2,Horizontal,GLIS1,14,73636,0.0,0.0,0.0,True
strict,Retina 2,Horizontal,H1F0,14,73636,11.0,5.0131883904732915,149.3834537454506,True
strict,Retina 2,Horizontal,HCG4,14,73636,,,,False
strict,Retina 2,Horizontal,HCG4B,14,73636,,,,False
strict,Retina 2,Horizontal,HCG4P5,14,73636,,,,False
strict,Retina 2,Horizontal,HCG4P7,14,73636,,,,False
strict,Retina 2,Horizontal,HCG9,14,73636,0.0,0.0,0.0,True
strict,Retina 2,Horizontal,HCP5B,14,73636,0.0,0.0,0.0,True
strict,Retina 2,Horizontal,HECTD4,14,73636,0.0,0.0,0.0,True
strict,Retina 2,Horizontal,HLA-A,14,73636,2.0,3.3379248305340488,27.16062795371829,True
strict,Retina 2,Horizontal,HLA-C,14,73636,31.0,6.0449809850259255,420.9897332826335,True
strict,Retina 2,Horizontal,HLA-F,14,73636,1.0,2.679672261112644,13.580313976859145,True
strict,Retina 2,Horizontal,HLA-F-AS1,14,73636,,,,False
strict,Retina 2,Horizontal,HLA-G,14,73636,0.0,0.0,0.0,True
strict,Retina 2,Horizontal,HLA-H,14,73636,,,,False
strict,Retina 2,Horizontal,HLA-J,14,73636,,,,False
strict,Retina 2,Horizontal,HLA-L,14,73636,,,,False
strict,Retina 2,Horizontal,HLA-T,14,73636,,,,False
strict,Retina 2,Horizontal,HLA-U,14,73636,,,,False
strict,Retina 2,Horizontal,HLA-V,14,73636,,,,False
strict,Retina 2,Horizontal,HLA-W,14,73636,,,,False
strict,Retina 2,Horizontal,HSCB,14,73636,0.0,0.0,0.0,True
strict,Retina 2,Horizontal,HTRA3,14,73636,0.0,0.0,0.0,True
strict,Retina 2,Horizontal,IFITM4P,14,73636,,,,False
strict,Retina 2,Horizontal,IFT172,14,73636,0.0,0.0,0.0,True
strict,Retina 2,Horizontal,INPP5B,14,73636,1.0,2.679672261112644,13.580313976859145,True
strict,Retina 2,Horizontal,ITGB3,14,73636,0.0,0.0,0.0,True
strict,Retina 2,Horizontal,KANSL1,14,73636,10.0,4.918542956449859,135.80313976859145,True
strict,Retina 2,Horizontal,KANSL1-AS1,14,73636,5.0,4.2326789627280474,67.90156988429572,True
strict,Retina 2,Horizontal,KHK,14,73636,1.0,2.679672261112644,13.580313976859145,True
strict,Retina 2,Horizontal,KLF5,14,73636,2.0,3.3379248305340488,27.16062795371829,True
strict,Retina 2,Horizontal,KRT8P26,14,73636,,,,False
strict,Retina 2,Horizontal,LHPP,14,73636,5.0,4.2326789627280474,67.90156988429572,True
strict,Retina 2,Horizontal,LINC01948,14,73636,0.0,0.0,0.0,True
strict,Retina 2,Horizontal,LINC02052,14,73636,,,,False
strict,Retina 2,Horizontal,LINC02210,14,73636,,,,False
strict,Retina 2,Horizontal,LMO4,14,73636,4.0,4.01315720913171,54.32125590743658,True
strict,Retina 2,Horizontal,LMO7,14,73636,0.0,0.0,0.0,True
strict,Retina 2,Horizontal,LOXL1,14,73636,0.0,0.0,0.0,True
strict,Retina 2,Horizontal,LOXL1-AS1,14,73636,0.0,0.0,0.0,True
strict,Retina 2,Horizontal,LRRC37A,14,73636,0.0,0.0,0.0,True
strict,Retina 2,Horizontal,LRRC37A17P,14,73636,,,,False
strict,Retina 2,Horizontal,LRRC37A2,14,73636,1.0,2.679672261112644,13.580313976859145,True
strict,Retina 2,Horizontal,LRRC37A4P,14,73636,,,,False
strict,Retina 2,Horizontal,LRWD1,14,73636,1.0,2.679672261112644,13.580313976859145,True
strict,Retina 2,Horizontal,LTBP2,14,73636,0.0,0.0,0.0,True
strict,Retina 2,Horizontal,LTBP3,14,73636,1.0,2.679672261112644,13.580313976859145,True
strict,Retina 2,Horizontal,MADD,14,73636,5.0,4.2326789627280474,67.90156988429572,True
strict,Retina 2,Horizontal,MAPK8IP1P1,14,73636,,,,False
strict,Retina 2,Horizontal,MAPK8IP1P2,14,73636,,,,False
strict,Retina 2,Horizontal,MAPT,14,73636,26.0,5.869545931274031,353.08816339833777,True
strict,Retina 2,Horizontal,MAPT-AS1,14,73636,1.0,2.679672261112644,13.580313976859145,True
strict,Retina 2,Horizontal,MAPT-IT1,14,73636,,,,False
strict,Retina 2,Horizontal,ME3,14,73636,1.0,2.679672261112644,13.580313976859145,True
strict,Retina 2,Horizontal,MICE,14,73636,,,,False
strict,Retina 2,Horizontal,MOV10,14,73636,0.0,0.0,0.0,True
strict,Retina 2,Horizontal,MRPL33,14,73636,35.0,6.16607097953325,475.3109891900701,True
strict,Retina 2,Horizontal,MTCH2,14,73636,4.0,4.01315720913171,54.32125590743658,True
strict,Retina 2,Horizontal,MVB12B,14,73636,0.0,0.0,0.0,True
strict,Retina 2,Horizontal,Metazoa_SRP,14,73636,,,,False
strict,Retina 2,Horizontal,NEAT1,14,73636,83.0,7.028348637605102,1127.166060079309,True
strict,Retina 2,Horizontal,NMT1,14,73636,8.0,4.697225180829889,108.64251181487316,True
strict,Retina 2,Horizontal,NPEPPS,14,73636,7.0,4.5649958758210145,95.06219783801401,True
strict,Retina 2,Horizontal,NRBP1,14,73636,7.0,4.5649958758210145,95.06219783801401,True
strict,Retina 2,Horizontal,NSF,14,73636,3.0,3.7314824680110457,40.740941930577435,True
strict,Retina 2,Horizontal,NUCB2,14,73636,7.0,4.5649958758210145,95.06219783801401,True
strict,Retina 2,Horizontal,NUDT7,14,73636,0.0,0.0,0.0,True
strict,Retina 2,Horizontal,PDE6C,14,73636,0.0,0.0,0.0,True
strict,Retina 2,Horizontal,PGAM1P8,14,73636,,,,False
strict,Retina 2,Horizontal,PIBF1,14,73636,1.0,2.679672261112644,13.580313976859145,True
strict,Retina 2,Horizontal,PIGC,14,73636,7.0,4.5649958758210145,95.06219783801401,True
strict,Retina 2,Horizontal,PKIB,14,73636,2.0,3.3379248305340488,27.16062795371829,True
strict,Retina 2,Horizontal,PLCE1,14,73636,0.0,0.0,0.0,True
strict,Retina 2,Horizontal,PLCE1-AS1,14,73636,,,,False
strict,Retina 2,Horizontal,PLEKHA7,14,73636,0.0,0.0,0.0,True
strict,Retina 2,Horizontal,PLEKHM1,14,73636,0.0,0.0,0.0,True
strict,Retina 2,Horizontal,PPP1R18,14,73636,0.0,0.0,0.0,True
strict,Retina 2,Horizontal,PRKCE,14,73636,0.0,0.0,0.0,True
strict,Retina 2,Horizontal,PROX2,14,73636,,,,False
strict,Retina 2,Horizontal,PRSS23,14,73636,1.0,2.679672261112644,13.580313976859145,True
strict,Retina 2,Horizontal,PSORS1C3,14,73636,,,,False
strict,Retina 2,Horizontal,RAPSN,14,73636,0.0,0.0,0.0,True
strict,Retina 2,Horizontal,RERE,14,73636,6.0,4.412578679665558,81.48188386115487,True
strict,Retina 2,Horizontal,RIC8B,14,73636,1.0,2.679672261112644,13.580313976859145,True
strict,Retina 2,Horizontal,RORA,14,73636,33.0,6.107357711941511,448.1503612363518,True
strict,Retina 2,Horizontal,RP11-123K19.1,14,73636,,,,False
strict,Retina 2,Horizontal,RP11-136H19.1,14,73636,,,,False
strict,Retina 2,Horizontal,RP11-149I2.4,14,73636,,,,False
strict,Retina 2,Horizontal,RP11-162I7.1,14,73636,,,,False
strict,Retina 2,Horizontal,RP11-17G12.2,14,73636,,,,False
strict,Retina 2,Horizontal,RP11-205K6.1,14,73636,,,,False
strict,Retina 2,Horizontal,RP11-217B7.2,14,73636,0.0,0.0,0.0,True
strict,Retina 2,Horizontal,RP11-259A24.1,14,73636,,,,False
strict,Retina 2,Horizontal,RP11-259G18.1,14,73636,,,,False
strict,Retina 2,Horizontal,RP11-259G18.3,14,73636,,,,False
strict,Retina 2,Horizontal,RP11-293E1.1,14,73636,,,,False
strict,Retina 2,Horizontal,RP11-293E1.2,14,73636,,,,False
strict,Retina 2,Horizontal,RP11-302L19.3,14,73636,0.0,0.0,0.0,True
strict,Retina 2,Horizontal,RP11-403A3.3,14,73636,0.0,0.0,0.0,True
strict,Retina 2,Horizontal,RP11-412D9.4,14,73636,4.0,4.01315720913171,54.32125590743658,True
strict,Retina 2,Horizontal,RP11-507B12.1,14,73636,,,,False
strict,Retina 2,Horizontal,RP11-507B12.2,14,73636,0.0,0.0,0.0,True
strict,Retina 2,Horizontal,RP11-669E14.6,14,73636,0.0,0.0,0.0,True
strict,Retina 2,Horizontal,RP11-707O23.1,14,73636,,,,False
strict,Retina 2,Horizontal,RP11-750H9.5,14,73636,,,,False
strict,Retina 2,Horizontal,RP11-755F10.1,14,73636,0.0,0.0,0.0,True
strict,Retina 2,Horizontal,RP11-762L8.6,14,73636,,,,False
strict,Retina 2,Horizontal,RP11-770G2.2,14,73636,,,,False
strict,Retina 2,Horizontal,RP11-798G7.6,14,73636,0.0,0.0,0.0,True
strict,Retina 2,Horizontal,RP11-798G7.8,14,73636,,,,False
strict,Retina 2,Horizontal,RP5-1115A15.1,14,73636,0.0,0.0,0.0,True
strict,Retina 2,Horizontal,RPS26P8,14,73636,,,,False
strict,Retina 2,Horizontal,SCRN2,14,73636,3.0,3.7314824680110457,40.740941930577435,True
strict,Retina 2,Horizontal,SEMA3E,14,73636,0.0,0.0,0.0,True
strict,Retina 2,Horizontal,SEPT7,14,73636,162.0,7.696672017566611,2200.0108642511814,True
strict,Retina 2,Horizontal,SF3A3,14,73636,10.0,4.918542956449859,135.80313976859145,True
strict,Retina 2,Horizontal,SFTA1P,14,73636,0.0,0.0,0.0,True
strict,Retina 2,Horizontal,SGSM2,14,73636,1.0,2.679672261112644,13.580313976859145,True
strict,Retina 2,Horizontal,SLC25A45,14,73636,0.0,0.0,0.0,True
strict,Retina 2,Horizontal,SLC39A13,14,73636,4.0,4.01315720913171,54.32125590743658,True
strict,Retina 2,Horizontal,SMAD6,14,73636,0.0,0.0,0.0,True
strict,Retina 2,Horizontal,SNORD14A,14,73636,,,,False
strict,Retina 2,Horizontal,SSSCA1-AS1,14,73636,,,,False
strict,Retina 2,Horizontal,TARID,14,73636,0.0,0.0,0.0,True
strict,Retina 2,Horizontal,TBC1D31,14,73636,0.0,0.0,0.0,True
strict,Retina 2,Horizontal,TBKBP1,14,73636,0.0,0.0,0.0,True
strict,Retina 2,Horizontal,TBPL1,14,73636,4.0,4.01315720913171,54.32125590743658,True
strict,Retina 2,Horizontal,TGFB3,14,73636,0.0,0.0,0.0,True
strict,Retina 2,Horizontal,THCAT158,14,73636,0.0,0.0,0.0,True
strict,Retina 2,Horizontal,THSD7A,14,73636,14.0,5.2529245023137,190.12439567602803,True
strict,Retina 2,Horizontal,TIGD3,14,73636,0.0,0.0,0.0,True
strict,Retina 2,Horizontal,TMEM116,14,73636,0.0,0.0,0.0,True
strict,Retina 2,Horizontal,TMEM136,14,73636,2.0,3.3379248305340488,27.16062795371829,True
strict,Retina 2,Horizontal,TMEM181,14,73636,2.0,3.3379248305340488,27.16062795371829,True
strict,Retina 2,Horizontal,TMEM263,14,73636,1.0,2.679672261112644,13.580313976859145,True
strict,Retina 2,Horizontal,TRIM26,14,73636,1.0,2.679672261112644,13.580313976859145,True
strict,Retina 2,Horizontal,TRIOBP,14,73636,0.0,0.0,0.0,True
strict,Retina 2,Horizontal,TSC22D2,14,73636,2.0,3.3379248305340488,27.16062795371829,True
strict,Retina 2,Horizontal,TTC28,14,73636,0.0,0.0,0.0,True
strict,Retina 2,Horizontal,TTLL5,14,73636,1.0,2.679672261112644,13.580313976859145,True
strict,Retina 2,Horizontal,TXNDC8,14,73636,,,,False
strict,Retina 2,Horizontal,TXNRD2,14,73636,2.0,3.3379248305340488,27.16062795371829,True
strict,Retina 2,Horizontal,UTP11,14,73636,3.0,3.7314824680110457,40.740941930577435,True
strict,Retina 2,Horizontal,VARS2,14,73636,0.0,0.0,0.0,True
strict,Retina 2,Horizontal,VCAM1,14,73636,0.0,0.0,0.0,True
strict,Retina 2,Horizontal,WLS,14,73636,0.0,0.0,0.0,True
strict,Retina 2,Horizontal,WNT2B,14,73636,0.0,0.0,0.0,True
strict,Retina 2,Horizontal,XRCC6P1,14,73636,,,,False
strict,Retina 2,Horizontal,XXbac-BPG170G13.32,14,73636,0.0,0.0,0.0,True
strict,Retina 2,Horizontal,XXbac-BPG283O16.9,14,73636,,,,False
strict,Retina 2,Horizontal,YAP1,14,73636,0.0,0.0,0.0,True
strict,Retina 2,Horizontal,YIF1A,14,73636,4.0,4.01315720913171,54.32125590743658,True
strict,Retina 2,Horizontal,ZNF280D,14,73636,6.0,4.412578679665558,81.48188386115487,True
strict,Retina 2,Horizontal,ZNF638,14,73636,14.0,5.2529245023137,190.12439567602803,True
strict,Retina 2,Horizontal,ZNF638-IT1,14,73636,,,,False
strict,Retina 2,RGC,DGKG,68,277816,1.0,1.525948625557153,3.5995047081521583,True
strict,Retina 2,RGC,SLC2A12,68,277816,0.0,0.0,0.0,True
strict,Retina 2,RGC,COL8A2,68,277816,0.0,0.0,0.0,True
strict,Retina 2,RGC,NPC2,68,277816,8.0,3.3943754204163743,28.796037665217266,True
strict,Retina 2,RGC,PSMC3,68,277816,27.0,4.586870026047446,97.18662712010827,True
strict,Retina 2,RGC,RP11-466F5.8,68,277816,1.0,1.525948625557153,3.5995047081521583,True
strict,Retina 2,RGC,LPP,68,277816,6.0,3.117818404221292,21.59702824891295,True
strict,Retina 2,RGC,RP11-121M22.1,68,277816,1.0,1.525948625557153,3.5995047081521583,True
strict,Retina 2,RGC,ABO,68,277816,0.0,0.0,0.0,True
strict,Retina 2,RGC,ADAMTS8,68,277816,0.0,0.0,0.0,True
strict,Retina 2,RGC,CALD1,68,277816,45.0,5.093613454444196,161.97771186684713,True
strict,Retina 2,RGC,CHEK2,68,277816,2.0,2.104013344083233,7.199009416304317,True
strict,Retina 2,RGC,GAS7,68,277816,46.0,5.115458965128785,165.57721657499928,True
strict,Retina 2,RGC,LMX1B,68,277816,,,,False
strict,Retina 2,RGC,TCF12,68,277816,10.0,3.61078404102224,35.995047081521584,True
strict,Retina 2,RGC,TMCO1,68,277816,46.0,5.115458965128785,165.57721657499928,True
strict,Retina 2,RGC,TRIB2,68,277816,9.0,3.5084224292006594,32.39554237336942,True
strict,Retina 2,RGC,AC000078.5,68,277816,,,,False
strict,Retina 2,RGC,AC002066.1,68,277816,,,,False
strict,Retina 2,RGC,AC012066.1,68,277816,,,,False
strict,Retina 2,RGC,AC091132.1,68,277816,,,,False
strict,Retina 2,RGC,ACBD4,68,277816,6.0,3.117818404221292,21.59702824891295,True
strict,Retina 2,RGC,AFAP1,68,277816,1.0,1.525948625557153,3.5995047081521583,True
strict,Retina 2,RGC,ALDH2,68,277816,9.0,3.5084224292006594,32.39554237336942,True
strict,Retina 2,RGC,AP003068.23,68,277816,0.0,0.0,0.0,True
strict,Retina 2,RGC,AP5B1,68,277816,0.0,0.0,0.0,True
strict,Retina 2,RGC,AREL1,68,277816,4.0,2.734238853910613,14.398018832608633,True
strict,Retina 2,RGC,ARHGAP27,68,277816,0.0,0.0,0.0,True
strict,Retina 2,RGC,ARHGEF12,68,277816,54.0,5.274911853270966,194.37325424021654,True
strict,Retina 2,RGC,ARL17A,68,277816,11.0,3.703633865230517,39.594551789673744,True
strict,Retina 2,RGC,ATP5J,68,277816,173.0,6.435692434223211,622.7143145103233,True
strict,Retina 2,RGC,BICC1,68,277816,2.0,2.104013344083233,7.199009416304317,True
strict,Retina 2,RGC,BORA,68,277816,0.0,0.0,0.0,True
strict,Retina 2,RGC,C1orf109,68,277816,7.0,3.2656270721276686,25.19653295706511,True
strict,Retina 2,RGC,C1orf122,68,277816,59.0,5.3630313931319575,212.37077778097733,True
strict,Retina 2,RGC,C22orf29,68,277816,5.0,2.9443086307114914,17.997523540760792,True
strict,Retina 2,RGC,C6orf15,68,277816,,,,False
strict,Retina 2,RGC,CADM1,68,277816,44.0,5.071280039058893,158.37820715869498,True
strict,Retina 2,RGC,CADM2,68,277816,90.0,5.7836880151802745,323.95542373369426,True
strict,Retina 2,RGC,CAV2,68,277816,18.0,4.186484338980507,64.79108474673885,True
strict,Retina 2,RGC,CCDC117,68,277816,4.0,2.734238853910613,14.398018832608633,True
strict,Retina 2,RGC,CDC14A,68,277816,1.0,1.525948625557153,3.5995047081521583,True
strict,Retina 2,RGC,CDKN2A,68,277816,0.0,0.0,0.0,True
strict,Retina 2,RGC,CDKN2B-AS1,68,277816,0.0,0.0,0.0,True
strict,Retina 2,RGC,CELF1,68,277816,29.0,4.657626351075268,104.38563653641259,True
strict,Retina 2,RGC,CLIC5,68,277816,0.0,0.0,0.0,True
strict,Retina 2,RGC,CMB9-22P13.1,68,277816,,,,False
strict,Retina 2,RGC,COL11A1,68,277816,18.0,4.186484338980507,64.79108474673885,True
strict,Retina 2,RGC,CRHR1,68,277816,0.0,0.0,0.0,True
strict,Retina 2,RGC,CTA-292E10.6,68,277816,3.0,2.4679736018865905,10.798514124456474,True
strict,Retina 2,RGC,CTB-39G8.3,68,277816,,,,False
strict,Retina 2,RGC,CTD-2005H7.1,68,277816,0.0,0.0,0.0,True
strict,Retina 2,RGC,CTD-2020K17.1,68,277816,3.0,2.4679736018865905,10.798514124456474,True
strict,Retina 2,RGC,CTD-2020K17.3,68,277816,1.0,1.525948625557153,3.5995047081521583,True
strict,Retina 2,RGC,CTTNBP2,68,277816,36.0,4.872002679906562,129.5821694934777,True
strict,Retina 2,RGC,DDX39BP2,68,277816,,,,False
strict,Retina 2,RGC,DIO1,68,277816,,,,False
strict,Retina 2,RGC,DND1P1,68,277816,,,,False
strict,Retina 2,RGC,DYSF,68,277816,0.0,0.0,0.0,True
strict,Retina 2,RGC,EFCAB13,68,277816,2.0,2.104013344083233,7.199009416304317,True
strict,Retina 2,RGC,EFEMP1,68,277816,0.0,0.0,0.0,True
strict,Retina 2,RGC,EHBP1L1,68,277816,2.0,2.104013344083233,7.199009416304317,True
strict,Retina 2,RGC,FAM215B,68,277816,21.0,4.338461282555591,75.58959887119532,True
strict,Retina 2,RGC,FAM83A,68,277816,,,,False
strict,Retina 2,RGC,FAM83A-AS1,68,277816,,,,False
strict,Retina 2,RGC,FAM89B,68,277816,16.0,4.070599454169089,57.59207533043453,True
strict,Retina 2,RGC,FHL3,68,277816,0.0,0.0,0.0,True
strict,Retina 2,RGC,FLOT1,68,277816,37.0,4.899194659338388,133.18167420162985,True
strict,Retina 2,RGC,FLVCR2,68,277816,0.0,0.0,0.0,True
strict,Retina 2,RGC,FMNL1,68,277816,1.0,1.525948625557153,3.5995047081521583,True
strict,Retina 2,RGC,FNDC4,68,277816,10.0,3.61078404102224,35.995047081521584,True
strict,Retina 2,RGC,GALR3,68,277816,,,,False
strict,Retina 2,RGC,GCAT,68,277816,8.0,3.3943754204163743,28.796037665217266,True
strict,Retina 2,RGC,GLIS1,68,277816,0.0,0.0,0.0,True
strict,Retina 2,RGC,H1F0,68,277816,17.0,4.130219621427348,61.19158003858669,True
strict,Retina 2,RGC,HCG4,68,277816,,,,False
strict,Retina 2,RGC,HCG4B,68,277816,,,,False
strict,Retina 2,RGC,HCG4P5,68,277816,,,,False
strict,Retina 2,RGC,HCG4P7,68,277816,,,,False
strict,Retina 2,RGC,HCG9,68,277816,1.0,1.525948625557153,3.5995047081521583,True
strict,Retina 2,RGC,HCP5B,68,277816,0.0,0.0,0.0,True
strict,Retina 2,RGC,HECTD4,68,277816,17.0,4.130219621427348,61.19158003858669,True
strict,Retina 2,RGC,HLA-A,68,277816,40.0,4.976597100851653,143.98018832608633,True
strict,Retina 2,RGC,HLA-C,68,277816,44.0,5.071280039058893,158.37820715869498,True
strict,Retina 2,RGC,HLA-F,68,277816,0.0,0.0,0.0,True
strict,Retina 2,RGC,HLA-F-AS1,68,277816,,,,False
strict,Retina 2,RGC,HLA-G,68,277816,0.0,0.0,0.0,True
strict,Retina 2,RGC,HLA-H,68,277816,,,,False
strict,Retina 2,RGC,HLA-J,68,277816,,,,False
strict,Retina 2,RGC,HLA-L,68,277816,,,,False
strict,Retina 2,RGC,HLA-T,68,277816,,,,False
strict,Retina 2,RGC,HLA-U,68,277816,,,,False
strict,Retina 2,RGC,HLA-V,68,277816,,,,False
strict,Retina 2,RGC,HLA-W,68,277816,,,,False
strict,Retina 2,RGC,HSCB,68,277816,12.0,3.78859031166699,43.1940564978259,True
strict,Retina 2,RGC,HTRA3,68,277816,0.0,0.0,0.0,True
strict,Retina 2,RGC,IFITM4P,68,277816,,,,False
strict,Retina 2,RGC,IFT172,68,277816,1.0,1.525948625557153,3.5995047081521583,True
strict,Retina 2,RGC,INPP5B,68,277816,5.0,2.9443086307114914,17.997523540760792,True
strict,Retina 2,RGC,ITGB3,68,277816,0.0,0.0,0.0,True
strict,Retina 2,RGC,KANSL1,68,277816,54.0,5.274911853270966,194.37325424021654,True
strict,Retina 2,RGC,KANSL1-AS1,68,277816,8.0,3.3943754204163743,28.796037665217266,True
strict,Retina 2,RGC,KHK,68,277816,4.0,2.734238853910613,14.398018832608633,True
strict,Retina 2,RGC,KLF5,68,277816,0.0,0.0,0.0,True
strict,Retina 2,RGC,KRT8P26,68,277816,,,,False
strict,Retina 2,RGC,LHPP,68,277816,5.0,2.9443086307114914,17.997523540760792,True
strict,Retina 2,RGC,LINC01948,68,277816,0.0,0.0,0.0,True
strict,Retina 2,RGC,LINC02052,68,277816,,,,False
strict,Retina 2,RGC,LINC02210,68,277816,,,,False
strict,Retina 2,RGC,LMO4,68,277816,273.0,6.891285173693068,982.6647853255392,True
strict,Retina 2,RGC,LMO7,68,277816,0.0,0.0,0.0,True
strict,Retina 2,RGC,LOXL1,68,277816,6.0,3.117818404221292,21.59702824891295,True
strict,Retina 2,RGC,LOXL1-AS1,68,277816,4.0,2.734238853910613,14.398018832608633,True
strict,Retina 2,RGC,LRRC37A,68,277816,3.0,2.4679736018865905,10.798514124456474,True
strict,Retina 2,RGC,LRRC37A17P,68,277816,,,,False
strict,Retina 2,RGC,LRRC37A2,68,277816,7.0,3.2656270721276686,25.19653295706511,True
strict,Retina 2,RGC,LRRC37A4P,68,277816,,,,False
strict,Retina 2,RGC,LRWD1,68,277816,6.0,3.117818404221292,21.59702824891295,True
strict,Retina 2,RGC,LTBP2,68,277816,0.0,0.0,0.0,True
strict,Retina 2,RGC,LTBP3,68,277816,5.0,2.9443086307114914,17.997523540760792,True
strict,Retina 2,RGC,MADD,68,277816,20.0,4.290323735544133,71.99009416304317,True
strict,Retina 2,RGC,MAPK8IP1P1,68,277816,,,,False
strict,Retina 2,RGC,MAPK8IP1P2,68,277816,,,,False
strict,Retina 2,RGC,MAPT,68,277816,80.0,5.6662895737028975,287.96037665217267,True
strict,Retina 2,RGC,MAPT-AS1,68,277816,0.0,0.0,0.0,True
strict,Retina 2,RGC,MAPT-IT1,68,277816,,,,False
strict,Retina 2,RGC,ME3,68,277816,1.0,1.525948625557153,3.5995047081521583,True
strict,Retina 2,RGC,MICE,68,277816,,,,False
strict,Retina 2,RGC,MOV10,68,277816,2.0,2.104013344083233,7.199009416304317,True
strict,Retina 2,RGC,MRPL33,68,277816,50.0,5.198360200952543,179.97523540760793,True
strict,Retina 2,RGC,MTCH2,68,277816,17.0,4.130219621427348,61.19158003858669,True
strict,Retina 2,RGC,MVB12B,68,277816,7.0,3.2656270721276686,25.19653295706511,True
strict,Retina 2,RGC,Metazoa_SRP,68,277816,,,,False
strict,Retina 2,RGC,NEAT1,68,277816,220.0,6.675685804619129,791.8910357934748,True
strict,Retina 2,RGC,NMT1,68,277816,31.0,4.723705347195722,111.58464595271691,True
strict,Retina 2,RGC,NPEPPS,68,277816,26.0,4.549521340068241,93.58712241195612,True
strict,Retina 2,RGC,NRBP1,68,277816,17.0,4.130219621427348,61.19158003858669,True
strict,Retina 2,RGC,NSF,68,277816,36.0,4.872002679906562,129.5821694934777,True
strict,Retina 2,RGC,NUCB2,68,277816,39.0,4.951456136053895,140.38068361793418,True
strict,Retina 2,RGC,NUDT7,68,277816,0.0,0.0,0.0,True
strict,Retina 2,RGC,PDE6C,68,277816,0.0,0.0,0.0,True
strict,Retina 2,RGC,PGAM1P8,68,277816,,,,False
strict,Retina 2,RGC,PIBF1,68,277816,10.0,3.61078404102224,35.995047081521584,True
strict,Retina 2,RGC,PIGC,68,277816,16.0,4.070599454169089,57.59207533043453,True
strict,Retina 2,RGC,PKIB,68,277816,22.0,4.3843876400477315,79.18910357934749,True
strict,Retina 2,RGC,PLCE1,68,277816,8.0,3.3943754204163743,28.796037665217266,True
strict,Retina 2,RGC,PLCE1-AS1,68,277816,,,,False
strict,Retina 2,RGC,PLEKHA7,68,277816,0.0,0.0,0.0,True
strict,Retina 2,RGC,PLEKHM1,68,277816,5.0,2.9443086307114914,17.997523540760792,True
strict,Retina 2,RGC,PPP1R18,68,277816,2.0,2.104013344083233,7.199009416304317,True
strict,Retina 2,RGC,PRKCE,68,277816,3.0,2.4679736018865905,10.798514124456474,True
strict,Retina 2,RGC,PROX2,68,277816,,,,False
strict,Retina 2,RGC,PRSS23,68,277816,0.0,0.0,0.0,True
strict,Retina 2,RGC,PSORS1C3,68,277816,,,,False
strict,Retina 2,RGC,RAPSN,68,277816,0.0,0.0,0.0,True
strict,Retina 2,RGC,RERE,68,277816,52.0,5.237368367754112,187.17424482391223,True
strict,Retina 2,RGC,RIC8B,68,277816,8.0,3.3943754204163743,28.796037665217266,True
strict,Retina 2,RGC,RORA,68,277816,55.0,5.293167925647551,197.9727589483687,True
strict,Retina 2,RGC,RP11-123K19.1,68,277816,,,,False
strict,Retina 2,RGC,RP11-136H19.1,68,277816,,,,False
strict,Retina 2,RGC,RP11-149I2.4,68,277816,,,,False
strict,Retina 2,RGC,RP11-162I7.1,68,277816,,,,False
strict,Retina 2,RGC,RP11-17G12.2,68,277816,,,,False
strict,Retina 2,RGC,RP11-205K6.1,68,277816,,,,False
strict,Retina 2,RGC,RP11-217B7.2,68,277816,0.0,0.0,0.0,True
strict,Retina 2,RGC,RP11-259A24.1,68,277816,,,,False
strict,Retina 2,RGC,RP11-259G18.1,68,277816,,,,False
strict,Retina 2,RGC,RP11-259G18.3,68,277816,,,,False
strict,Retina 2,RGC,RP11-293E1.1,68,277816,,,,False
strict,Retina 2,RGC,RP11-293E1.2,68,277816,,,,False
strict,Retina 2,RGC,RP11-302L19.3,68,277816,0.0,0.0,0.0,True
strict,Retina 2,RGC,RP11-403A3.3,68,277816,0.0,0.0,0.0,True
strict,Retina 2,RGC,RP11-412D9.4,68,277816,9.0,3.5084224292006594,32.39554237336942,True
strict,Retina 2,RGC,RP11-507B12.1,68,277816,,,,False
strict,Retina 2,RGC,RP11-507B12.2,68,277816,0.0,0.0,0.0,True
strict,Retina 2,RGC,RP11-669E14.6,68,277816,0.0,0.0,0.0,True
strict,Retina 2,RGC,RP11-707O23.1,68,277816,,,,False
strict,Retina 2,RGC,RP11-750H9.5,68,277816,,,,False
strict,Retina 2,RGC,RP11-755F10.1,68,277816,0.0,0.0,0.0,True
strict,Retina 2,RGC,RP11-762L8.6,68,277816,,,,False
strict,Retina 2,RGC,RP11-770G2.2,68,277816,,,,False
strict,Retina 2,RGC,RP11-798G7.6,68,277816,0.0,0.0,0.0,True
strict,Retina 2,RGC,RP11-798G7.8,68,277816,,,,False
strict,Retina 2,RGC,RP5-1115A15.1,68,277816,0.0,0.0,0.0,True
strict,Retina 2,RGC,RPS26P8,68,277816,,,,False
strict,Retina 2,RGC,SCRN2,68,277816,9.0,3.5084224292006594,32.39554237336942,True
strict,Retina 2,RGC,SEMA3E,68,277816,2.0,2.104013344083233,7.199009416304317,True
strict,Retina 2,RGC,SEPT7,68,277816,173.0,6.435692434223211,622.7143145103233,True
strict,Retina 2,RGC,SF3A3,68,277816,15.0,4.007198096513535,53.99257062228237,True
strict,Retina 2,RGC,SFTA1P,68,277816,0.0,0.0,0.0,True
strict,Retina 2,RGC,SGSM2,68,277816,7.0,3.2656270721276686,25.19653295706511,True
strict,Retina 2,RGC,SLC25A45,68,277816,4.0,2.734238853910613,14.398018832608633,True
strict,Retina 2,RGC,SLC39A13,68,277816,5.0,2.9443086307114914,17.997523540760792,True
strict,Retina 2,RGC,SMAD6,68,277816,0.0,0.0,0.0,True
strict,Retina 2,RGC,SNORD14A,68,277816,,,,False
strict,Retina 2,RGC,SSSCA1-AS1,68,277816,,,,False
strict,Retina 2,RGC,TARID,68,277816,0.0,0.0,0.0,True
strict,Retina 2,RGC,TBC1D31,68,277816,3.0,2.4679736018865905,10.798514124456474,True
strict,Retina 2,RGC,TBKBP1,68,277816,2.0,2.104013344083233,7.199009416304317,True
strict,Retina 2,RGC,TBPL1,68,277816,19.0,4.239751259685739,68.39058945489101,True
strict,Retina 2,RGC,TGFB3,68,277816,0.0,0.0,0.0,True
strict,Retina 2,RGC,THCAT158,68,277816,0.0,0.0,0.0,True
strict,Retina 2,RGC,THSD7A,68,277816,31.0,4.723705347195722,111.58464595271691,True
strict,Retina 2,RGC,TIGD3,68,277816,2.0,2.104013344083233,7.199009416304317,True
strict,Retina 2,RGC,TMEM116,68,277816,1.0,1.525948625557153,3.5995047081521583,True
strict,Retina 2,RGC,TMEM136,68,277816,4.0,2.734238853910613,14.398018832608633,True
strict,Retina 2,RGC,TMEM181,68,277816,4.0,2.734238853910613,14.398018832608633,True
strict,Retina 2,RGC,TMEM263,68,277816,7.0,3.2656270721276686,25.19653295706511,True
strict,Retina 2,RGC,TRIM26,68,277816,7.0,3.2656270721276686,25.19653295706511,True
strict,Retina 2,RGC,TRIOBP,68,277816,2.0,2.104013344083233,7.199009416304317,True
strict,Retina 2,RGC,TSC22D2,68,277816,3.0,2.4679736018865905,10.798514124456474,True
strict,Retina 2,RGC,TTC28,68,277816,12.0,3.78859031166699,43.1940564978259,True
strict,Retina 2,RGC,TTLL5,68,277816,5.0,2.9443086307114914,17.997523540760792,True
strict,Retina 2,RGC,TXNDC8,68,277816,,,,False
strict,Retina 2,RGC,TXNRD2,68,277816,4.0,2.734238853910613,14.398018832608633,True
strict,Retina 2,RGC,UTP11,68,277816,20.0,4.290323735544133,71.99009416304317,True
strict,Retina 2,RGC,VARS2,68,277816,1.0,1.525948625557153,3.5995047081521583,True
strict,Retina 2,RGC,VCAM1,68,277816,0.0,0.0,0.0,True
strict,Retina 2,RGC,WLS,68,277816,3.0,2.4679736018865905,10.798514124456474,True
strict,Retina 2,RGC,WNT2B,68,277816,7.0,3.2656270721276686,25.19653295706511,True
strict,Retina 2,RGC,XRCC6P1,68,277816,,,,False
strict,Retina 2,RGC,XXbac-BPG170G13.32,68,277816,0.0,0.0,0.0,True
strict,Retina 2,RGC,XXbac-BPG283O16.9,68,277816,,,,False
strict,Retina 2,RGC,YAP1,68,277816,0.0,0.0,0.0,True
strict,Retina 2,RGC,YIF1A,68,277816,15.0,4.007198096513535,53.99257062228237,True
strict,Retina 2,RGC,ZNF280D,68,277816,32.0,4.755176438048354,115.18415066086907,True
strict,Retina 2,RGC,ZNF638,68,277816,52.0,5.237368367754112,187.17424482391223,True
strict,Retina 2,RGC,ZNF638-IT1,68,277816,,,,False
strict,Retina 2,Muller glia,DGKG,372,1352158,8.0,1.9339052841108735,5.916468341717462,True
strict,Retina 2,Muller glia,SLC2A12,372,1352158,8.0,1.9339052841108735,5.916468341717462,True
strict,Retina 2,Muller glia,COL8A2,372,1352158,0.0,0.0,0.0,True
strict,Retina 2,Muller glia,NPC2,372,1352158,468.0,5.849651521922475,346.1133979904715,True
strict,Retina 2,Muller glia,PSMC3,372,1352158,118.0,4.480376599196896,87.26790804033257,True
strict,Retina 2,Muller glia,RP11-466F5.8,372,1352158,2.0,0.9079024828491111,1.4791170854293656,True
strict,Retina 2,Muller glia,LPP,372,1352158,40.0,3.4204227740434927,29.58234170858731,True
strict,Retina 2,Muller glia,RP11-121M22.1,372,1352158,2.0,0.9079024828491111,1.4791170854293656,True
strict,Retina 2,Muller glia,ABO,372,1352158,0.0,0.0,0.0,True
strict,Retina 2,Muller glia,ADAMTS8,372,1352158,0.0,0.0,0.0,True
strict,Retina 2,Muller glia,CALD1,372,1352158,291.0,5.376257261459587,215.21153592997268,True
strict,Retina 2,Muller glia,CHEK2,372,1352158,2.0,0.9079024828491111,1.4791170854293656,True
strict,Retina 2,Muller glia,GAS7,372,1352158,28.0,3.0776642352785797,20.70763919601112,True
strict,Retina 2,Muller glia,LMX1B,372,1352158,,,,False
strict,Retina 2,Muller glia,TCF12,372,1352158,55.0,3.729918701416478,40.67571984930755,True
strict,Retina 2,Muller glia,TMCO1,372,1352158,580.0,6.063654862459224,428.943954774516,True
strict,Retina 2,Muller glia,TRIB2,372,1352158,102.0,4.336440331714884,75.43497135689763,True
strict,Retina 2,Muller glia,AC000078.5,372,1352158,,,,False
strict,Retina 2,Muller glia,AC002066.1,372,1352158,,,,False
strict,Retina 2,Muller glia,AC012066.1,372,1352158,,,,False
strict,Retina 2,Muller glia,AC091132.1,372,1352158,,,,False
strict,Retina 2,Muller glia,ACBD4,372,1352158,29.0,3.111165784068836,21.4471977387258,True
strict,Retina 2,Muller glia,AFAP1,372,1352158,7.0,1.8208181138878246,5.17690979900278,True
strict,Retina 2,Muller glia,ALDH2,372,1352158,141.0,4.656602138728446,104.27775452277027,True
strict,Retina 2,Muller glia,AP003068.23,372,1352158,0.0,0.0,0.0,True
strict,Retina 2,Muller glia,AP5B1,372,1352158,1.0,0.5536313699528203,0.7395585427146828,True
strict,Retina 2,Muller glia,AREL1,372,1352158,7.0,1.8208181138878246,5.17690979900278,True
strict,Retina 2,Muller glia,ARHGAP27,372,1352158,5.0,1.5470927629928526,3.697792713573414,True
strict,Retina 2,Muller glia,ARHGEF12,372,1352158,60.0,3.814928511064367,44.37351256288097,True
strict,Retina 2,Muller glia,ARL17A,372,1352158,15.0,2.492658041703184,11.093378140720242,True
strict,Retina 2,Muller glia,ATP5J,372,1352158,614.0,6.120492883861418,454.0889452268152,True
strict,Retina 2,Muller glia,BICC1,372,1352158,31.0,3.174978891906529,22.926314824155167,True
strict,Retina 2,Muller glia,BORA,372,1352158,4.0,1.3757980093662683,2.958234170858731,True
strict,Retina 2,Muller glia,C1orf109,372,1352158,22.0,2.8489875648466394,16.27028793972302,True
strict,Retina 2,Muller glia,C1orf122,372,1352158,178.0,4.887649401546862,131.64142060321353,True
strict,Retina 2,Muller glia,C22orf29,372,1352158,12.0,2.289976185024669,8.874702512576192,True
strict,Retina 2,Muller glia,C6orf15,372,1352158,,,,False
strict,Retina 2,Muller glia,CADM1,372,1352158,666.0,6.201616044902361,492.54598944797874,True
strict,Retina 2,Muller glia,CADM2,372,1352158,187.0,4.936611556767522,138.29744748764568,True
strict,Retina 2,Muller glia,CAV2,372,1352158,322.0,5.477040167055078,238.13785075412784,True
strict,Retina 2,Muller glia,CCDC117,372,1352158,7.0,1.8208181138878246,5.17690979900278,True
strict,Retina 2,Muller glia,CDC14A,372,1352158,16.0,2.552015044363682,11.832936683434925,True
strict,Retina 2,Muller glia,CDKN2A,372,1352158,0.0,0.0,0.0,True
strict,Retina 2,Muller glia,CDKN2B-AS1,372,1352158,0.0,0.0,0.0,True
strict,Retina 2,Muller glia,CELF1,372,1352158,110.0,4.410995939149823,81.3514396986151,True
strict,Retina 2,Muller glia,CLIC5,372,1352158,126.0,4.545254312009842,93.18437638205003,True
strict,Retina 2,Muller glia,CMB9-22P13.1,372,1352158,,,,False
strict,Retina 2,Muller glia,COL11A1,372,1352158,82.0,4.121372664985434,60.64380050260399,True
strict,Retina 2,Muller glia,CRHR1,372,1352158,0.0,0.0,0.0,True
strict,Retina 2,Muller glia,CTA-292E10.6,372,1352158,8.0,1.9339052841108735,5.916468341717462,True
strict,Retina 2,Muller glia,CTB-39G8.3,372,1352158,,,,False
strict,Retina 2,Muller glia,CTD-2005H7.1,372,1352158,1.0,0.5536313699528203,0.7395585427146828,True
strict,Retina 2,Muller glia,CTD-2020K17.1,372,1352158,1.0,0.5536313699528203,0.7395585427146828,True
strict,Retina 2,Muller glia,CTD-2020K17.3,372,1352158,0.0,0.0,0.0,True
strict,Retina 2,Muller glia,CTTNBP2,372,1352158,235.0,5.16362105302628,173.79625753795045,True
strict,Retina 2,Muller glia,DDX39BP2,372,1352158,,,,False
strict,Retina 2,Muller glia,DIO1,372,1352158,,,,False
strict,Retina 2,Muller glia,DND1P1,372,1352158,,,,False
strict,Retina 2,Muller glia,DYSF,372,1352158,0.0,0.0,0.0,True
strict,Retina 2,Muller glia,EFCAB13,372,1352158,3.0,1.1689699793436408,2.218675628144048,True
strict,Retina 2,Muller glia,EFEMP1,372,1352158,163.0,4.800309595840127,120.54804246249329,True
strict,Retina 2,Muller glia,EHBP1L1,372,1352158,2.0,0.9079024828491111,1.4791170854293656,True
strict,Retina 2,Muller glia,FAM215B,372,1352158,132.0,4.591291598776165,97.62172763833813,True
strict,Retina 2,Muller glia,FAM83A,372,1352158,,,,False
strict,Retina 2,Muller glia,FAM83A-AS1,372,1352158,,,,False
strict,Retina 2,Muller glia,FAM89B,372,1352158,4.0,1.3757980093662683,2.958234170858731,True
strict,Retina 2,Muller glia,FHL3,372,1352158,0.0,0.0,0.0,True
strict,Retina 2,Muller glia,FLOT1,372,1352158,92.0,4.234677152322969,68.03938592975081,True
strict,Retina 2,Muller glia,FLVCR2,372,1352158,2.0,0.9079024828491111,1.4791170854293656,True
strict,Retina 2,Muller glia,FMNL1,372,1352158,1.0,0.5536313699528203,0.7395585427146828,True
strict,Retina 2,Muller glia,FNDC4,372,1352158,20.0,2.759450977151998,14.791170854293656,True
strict,Retina 2,Muller glia,GALR3,372,1352158,,,,False
strict,Retina 2,Muller glia,GCAT,372,1352158,26.0,3.0070935941651213,19.22852211058175,True
strict,Retina 2,Muller glia,GLIS1,372,1352158,1.0,0.5536313699528203,0.7395585427146828,True
strict,Retina 2,Muller glia,H1F0,372,1352158,119.0,4.488720260404761,88.00746658304725,True
strict,Retina 2,Muller glia,HCG4,372,1352158,,,,False
strict,Retina 2,Muller glia,HCG4B,372,1352158,,,,False
strict,Retina 2,Muller glia,HCG4P5,372,1352158,,,,False
strict,Retina 2,Muller glia,HCG4P7,372,1352158,,,,False
strict,Retina 2,Muller glia,HCG9,372,1352158,0.0,0.0,0.0,True
strict,Retina 2,Muller glia,HCP5B,372,1352158,0.0,0.0,0.0,True
strict,Retina 2,Muller glia,HECTD4,372,1352158,18.0,2.661102103107151,13.31205376886429,True
strict,Retina 2,Muller glia,HLA-A,372,1352158,280.0,5.3379052813135495,207.07639196011118,True
strict,Retina 2,Muller glia,HLA-C,372,1352158,336.0,5.519425529272079,248.4916703521334,True
strict,Retina 2,Muller glia,HLA-F,372,1352158,5.0,1.5470927629928526,3.697792713573414,True
strict,Retina 2,Muller glia,HLA-F-AS1,372,1352158,,,,False
strict,Retina 2,Muller glia,HLA-G,372,1352158,0.0,0.0,0.0,True
strict,Retina 2,Muller glia,HLA-H,372,1352158,,,,False
strict,Retina 2,Muller glia,HLA-J,372,1352158,,,,False
strict,Retina 2,Muller glia,HLA-L,372,1352158,,,,False
strict,Retina 2,Muller glia,HLA-T,372,1352158,,,,False
strict,Retina 2,Muller glia,HLA-U,372,1352158,,,,False
strict,Retina 2,Muller glia,HLA-V,372,1352158,,,,False
strict,Retina 2,Muller glia,HLA-W,372,1352158,,,,False
strict,Retina 2,Muller glia,HSCB,372,1352158,44.0,3.5127559261774777,32.54057587944604,True
strict,Retina 2,Muller glia,HTRA3,372,1352158,1.0,0.5536313699528203,0.7395585427146828,True
strict,Retina 2,Muller glia,IFITM4P,372,1352158,,,,False
strict,Retina 2,Muller glia,IFT172,372,1352158,17.0,2.608045335067778,12.572495226149607,True
strict,Retina 2,Muller glia,INPP5B,372,1352158,8.0,1.9339052841108735,5.916468341717462,True
strict,Retina 2,Muller glia,ITGB3,372,1352158,0.0,0.0,0.0,True
strict,Retina 2,Muller glia,KANSL1,372,1352158,107.0,4.383684810021841,79.13276407047105,True
strict,Retina 2,Muller glia,KANSL1-AS1,372,1352158,37.0,3.3451089627184984,27.363666080443263,True
strict,Retina 2,Muller glia,KHK,372,1352158,9.0,2.035493165695186,6.656026884432145,True
strict,Retina 2,Muller glia,KLF5,372,1352158,0.0,0.0,0.0,True
strict,Retina 2,Muller glia,KRT8P26,372,1352158,,,,False
strict,Retina 2,Muller glia,LHPP,372,1352158,16.0,2.552015044363682,11.832936683434925,True
strict,Retina 2,Muller glia,LINC01948,372,1352158,0.0,0.0,0.0,True
strict,Retina 2,Muller glia,LINC02052,372,1352158,,,,False
strict,Retina 2,Muller glia,LINC02210,372,1352158,,,,False
strict,Retina 2,Muller glia,LMO4,372,1352158,119.0,4.488720260404761,88.00746658304725,True
strict,Retina 2,Muller glia,LMO7,372,1352158,3.0,1.1689699793436408,2.218675628144048,True
strict,Retina 2,Muller glia,LOXL1,372,1352158,18.0,2.661102103107151,13.31205376886429,True
strict,Retina 2,Muller glia,LOXL1-AS1,372,1352158,0.0,0.0,0.0,True
strict,Retina 2,Muller glia,LRRC37A,372,1352158,0.0,0.0,0.0,True
strict,Retina 2,Muller glia,LRRC37A17P,372,1352158,,,,False
strict,Retina 2,Muller glia,LRRC37A2,372,1352158,6.0,1.6932920408752354,4.437351256288096,True
strict,Retina 2,Muller glia,LRRC37A4P,372,1352158,,,,False
strict,Retina 2,Muller glia,LRWD1,372,1352158,12.0,2.289976185024669,8.874702512576192,True
strict,Retina 2,Muller glia,LTBP2,372,1352158,0.0,0.0,0.0,True
strict,Retina 2,Muller glia,LTBP3,372,1352158,53.0,3.6937824836927033,39.19660276387818,True
strict,Retina 2,Muller glia,MADD,372,1352158,15.0,2.492658041703184,11.093378140720242,True
strict,Retina 2,Muller glia,MAPK8IP1P1,372,1352158,,,,False
strict,Retina 2,Muller glia,MAPK8IP1P2,372,1352158,,,,False
strict,Retina 2,Muller glia,MAPT,372,1352158,205.0,5.02788237940564,151.60950125650996,True
strict,Retina 2,Muller glia,MAPT-AS1,372,1352158,16.0,2.552015044363682,11.832936683434925,True
strict,Retina 2,Muller glia,MAPT-IT1,372,1352158,,,,False
strict,Retina 2,Muller glia,ME3,372,1352158,4.0,1.3757980093662683,2.958234170858731,True
strict,Retina 2,Muller glia,MICE,372,1352158,,,,False
strict,Retina 2,Muller glia,MOV10,372,1352158,21.0,2.805221036510262,15.530729397008338,True
strict,Retina 2,Muller glia,MRPL33,372,1352158,322.0,5.477040167055078,238.13785075412784,True
strict,Retina 2,Muller glia,MTCH2,372,1352158,114.0,4.446287858025872,84.30967386947384,True
strict,Retina 2,Muller glia,MVB12B,372,1352158,21.0,2.805221036510262,15.530729397008338,True
strict,Retina 2,Muller glia,Metazoa_SRP,372,1352158,,,,False
strict,Retina 2,Muller glia,NEAT1,372,1352158,1022.0,6.629137112485635,755.8288306544058,True
strict,Retina 2,Muller glia,NMT1,372,1352158,73.0,4.0071108626692205,53.98777361817184,True
strict,Retina 2,Muller glia,NPEPPS,372,1352158,49.0,3.617339643528204,36.23836859301945,True
strict,Retina 2,Muller glia,NRBP1,372,1352158,53.0,3.6937824836927033,39.19660276387818,True
strict,Retina 2,Muller glia,NSF,372,1352158,39.0,3.3959430406200193,28.84278316587263,True
strict,Retina 2,Muller glia,NUCB2,372,1352158,198.0,4.993371064252569,146.4325914575072,True
strict,Retina 2,Muller glia,NUDT7,372,1352158,53.0,3.6937824836927033,39.19660276387818,True
strict,Retina 2,Muller glia,PDE6C,372,1352158,0.0,0.0,0.0,True
strict,Retina 2,Muller glia,PGAM1P8,372,1352158,,,,False
strict,Retina 2,Muller glia,PIBF1,372,1352158,33.0,3.234963005868885,24.405431909584532,True
strict,Retina 2,Muller glia,PIGC,372,1352158,50.0,3.6370051261099405,36.977927135734134,True
strict,Retina 2,Muller glia,PKIB,372,1352158,45.0,3.5345660150217952,33.28013442216072,True
strict,Retina 2,Muller glia,PLCE1,372,1352158,140.0,4.649552516392578,103.53819598005559,True
strict,Retina 2,Muller glia,PLCE1-AS1,372,1352158,,,,False
strict,Retina 2,Muller glia,PLEKHA7,372,1352158,15.0,2.492658041703184,11.093378140720242,True
strict,Retina 2,Muller glia,PLEKHM1,372,1352158,8.0,1.9339052841108735,5.916468341717462,True
strict,Retina 2,Muller glia,PPP1R18,372,1352158,4.0,1.3757980093662683,2.958234170858731,True
strict,Retina 2,Muller glia,PRKCE,372,1352158,6.0,1.6932920408752354,4.437351256288096,True
strict,Retina 2,Muller glia,PROX2,372,1352158,,,,False
strict,Retina 2,Muller glia,PRSS23,372,1352158,0.0,0.0,0.0,True
strict,Retina 2,Muller glia,PSORS1C3,372,1352158,,,,False
strict,Retina 2,Muller glia,RAPSN,372,1352158,0.0,0.0,0.0,True
strict,Retina 2,Muller glia,RERE,372,1352158,100.0,4.316899330523849,73.95585427146827,True
strict,Retina 2,Muller glia,RIC8B,372,1352158,31.0,3.174978891906529,22.926314824155167,True
strict,Retina 2,Muller glia,RORA,372,1352158,156.0,4.756784503367199,115.37113266349051,True
strict,Retina 2,Muller glia,RP11-123K19.1,372,1352158,,,,False
strict,Retina 2,Muller glia,RP11-136H19.1,372,1352158,,,,False
strict,Retina 2,Muller glia,RP11-149I2.4,372,1352158,,,,False
strict,Retina 2,Muller glia,RP11-162I7.1,372,1352158,,,,False
strict,Retina 2,Muller glia,RP11-17G12.2,372,1352158,,,,False
strict,Retina 2,Muller glia,RP11-205K6.1,372,1352158,,,,False
strict,Retina 2,Muller glia,RP11-217B7.2,372,1352158,0.0,0.0,0.0,True
strict,Retina 2,Muller glia,RP11-259A24.1,372,1352158,,,,False
strict,Retina 2,Muller glia,RP11-259G18.1,372,1352158,,,,False
strict,Retina 2,Muller glia,RP11-259G18.3,372,1352158,,,,False
strict,Retina 2,Muller glia,RP11-293E1.1,372,1352158,,,,False
strict,Retina 2,Muller glia,RP11-293E1.2,372,1352158,,,,False
strict,Retina 2,Muller glia,RP11-302L19.3,372,1352158,0.0,0.0,0.0,True
strict,Retina 2,Muller glia,RP11-403A3.3,372,1352158,0.0,0.0,0.0,True
strict,Retina 2,Muller glia,RP11-412D9.4,372,1352158,22.0,2.8489875648466394,16.27028793972302,True
strict,Retina 2,Muller glia,RP11-507B12.1,372,1352158,,,,False
strict,Retina 2,Muller glia,RP11-507B12.2,372,1352158,0.0,0.0,0.0,True
strict,Retina 2,Muller glia,RP11-669E14.6,372,1352158,0.0,0.0,0.0,True
strict,Retina 2,Muller glia,RP11-707O23.1,372,1352158,,,,False
strict,Retina 2,Muller glia,RP11-750H9.5,372,1352158,,,,False
strict,Retina 2,Muller glia,RP11-755F10.1,372,1352158,0.0,0.0,0.0,True
strict,Retina 2,Muller glia,RP11-762L8.6,372,1352158,,,,False
strict,Retina 2,Muller glia,RP11-770G2.2,372,1352158,,,,False
strict,Retina 2,Muller glia,RP11-798G7.6,372,1352158,9.0,2.035493165695186,6.656026884432145,True
strict,Retina 2,Muller glia,RP11-798G7.8,372,1352158,,,,False
strict,Retina 2,Muller glia,RP5-1115A15.1,372,1352158,0.0,0.0,0.0,True
strict,Retina 2,Muller glia,RPS26P8,372,1352158,,,,False
strict,Retina 2,Muller glia,SCRN2,372,1352158,57.0,3.764794507069578,42.15483693473692,True
strict,Retina 2,Muller glia,SEMA3E,372,1352158,27.0,3.043001312508196,19.968080653296433,True
strict,Retina 2,Muller glia,SEPT7,372,1352158,579.0,6.06193325355544,428.2043962318013,True
strict,Retina 2,Muller glia,SF3A3,372,1352158,44.0,3.5127559261774777,32.54057587944604,True
strict,Retina 2,Muller glia,SFTA1P,372,1352158,0.0,0.0,0.0,True
strict,Retina 2,Muller glia,SGSM2,372,1352158,13.0,2.3621984794764166,9.614261055290875,True
strict,Retina 2,Muller glia,SLC25A45,372,1352158,5.0,1.5470927629928526,3.697792713573414,True
strict,Retina 2,Muller glia,SLC39A13,372,1352158,25.0,2.9698483344691144,18.488963567867067,True
strict,Retina 2,Muller glia,SMAD6,372,1352158,8.0,1.9339052841108735,5.916468341717462,True
strict,Retina 2,Muller glia,SNORD14A,372,1352158,,,,False
strict,Retina 2,Muller glia,SSSCA1-AS1,372,1352158,,,,False
strict,Retina 2,Muller glia,TARID,372,1352158,0.0,0.0,0.0,True
strict,Retina 2,Muller glia,TBC1D31,372,1352158,6.0,1.6932920408752354,4.437351256288096,True
strict,Retina 2,Muller glia,TBKBP1,372,1352158,3.0,1.1689699793436408,2.218675628144048,True
strict,Retina 2,Muller glia,TBPL1,372,1352158,43.0,3.4904595312728617,31.80101733673136,True
strict,Retina 2,Muller glia,TGFB3,372,1352158,1.0,0.5536313699528203,0.7395585427146828,True
strict,Retina 2,Muller glia,THCAT158,372,1352158,0.0,0.0,0.0,True
strict,Retina 2,Muller glia,THSD7A,372,1352158,68.0,3.937495429098484,50.28998090459843,True
strict,Retina 2,Muller glia,TIGD3,372,1352158,2.0,0.9079024828491111,1.4791170854293656,True
strict,Retina 2,Muller glia,TMEM116,372,1352158,23.0,2.8909186351336396,17.009846482437702,True
strict,Retina 2,Muller glia,TMEM136,372,1352158,52.0,3.6752125920910643,38.4570442211635,True
strict,Retina 2,Muller glia,TMEM181,372,1352158,11.0,2.212128949953344,8.13514396986151,True
strict,Retina 2,Muller glia,TMEM263,372,1352158,79.0,4.084717114623266,58.42512487445994,True
strict,Retina 2,Muller glia,TRIM26,372,1352158,8.0,1.9339052841108735,5.916468341717462,True
strict,Retina 2,Muller glia,TRIOBP,372,1352158,28.0,3.0776642352785797,20.70763919601112,True
strict,Retina 2,Muller glia,TSC22D2,372,1352158,44.0,3.5127559261774777,32.54057587944604,True
strict,Retina 2,Muller glia,TTC28,372,1352158,32.0,3.205420643216317,23.66587336686985,True
strict,Retina 2,Muller glia,TTLL5,372,1352158,12.0,2.289976185024669,8.874702512576192,True
strict,Retina 2,Muller glia,TXNDC8,372,1352158,,,,False
strict,Retina 2,Muller glia,TXNRD2,372,1352158,23.0,2.8909186351336396,17.009846482437702,True
strict,Retina 2,Muller glia,UTP11,372,1352158,36.0,3.318688852989489,26.62410753772858,True
strict,Retina 2,Muller glia,VARS2,372,1352158,12.0,2.289976185024669,8.874702512576192,True
strict,Retina 2,Muller glia,VCAM1,372,1352158,5.0,1.5470927629928526,3.697792713573414,True
strict,Retina 2,Muller glia,WLS,372,1352158,18.0,2.661102103107151,13.31205376886429,True
strict,Retina 2,Muller glia,WNT2B,372,1352158,33.0,3.234963005868885,24.405431909584532,True
strict,Retina 2,Muller glia,XRCC6P1,372,1352158,,,,False
strict,Retina 2,Muller glia,XXbac-BPG170G13.32,372,1352158,0.0,0.0,0.0,True
strict,Retina 2,Muller glia,XXbac-BPG283O16.9,372,1352158,,,,False
strict,Retina 2,Muller glia,YAP1,372,1352158,30.0,3.143581265737494,22.186756281440484,True
strict,Retina 2,Muller glia,YIF1A,372,1352158,138.0,4.6353024052958665,102.05907889462623,True
strict,Retina 2,Muller glia,ZNF280D,372,1352158,32.0,3.205420643216317,23.66587336686985,True
strict,Retina 2,Muller glia,ZNF638,372,1352158,176.0,4.876435514476878,130.16230351778415,True
strict,Retina 2,Muller glia,ZNF638-IT1,372,1352158,,,,False
strict,Retina 2,Astrocyte,DGKG,18,60011,3.0,3.9316459109592747,49.99083501358084,True
strict,Retina 2,Astrocyte,SLC2A12,18,60011,0.0,0.0,0.0,True
strict,Retina 2,Astrocyte,COL8A2,18,60011,0.0,0.0,0.0,True
strict,Retina 2,Astrocyte,NPC2,18,60011,17.0,5.649964587076648,283.28139841029144,True
strict,Retina 2,Astrocyte,PSMC3,18,60011,6.0,4.614939015491299,99.98167002716168,True
strict,Retina 2,Astrocyte,RP11-466F5.8,18,60011,0.0,0.0,0.0,True
strict,Retina 2,Astrocyte,LPP,18,60011,1.0,2.8715066856588267,16.663611671193614,True
strict,Retina 2,Astrocyte,RP11-121M22.1,18,60011,0.0,0.0,0.0,True
strict,Retina 2,Astrocyte,ABO,18,60011,0.0,0.0,0.0,True
strict,Retina 2,Astrocyte,ADAMTS8,18,60011,0.0,0.0,0.0,True
strict,Retina 2,Astrocyte,CALD1,18,60011,11.0,5.216563390898944,183.29972838312975,True
strict,Retina 2,Astrocyte,CHEK2,18,60011,0.0,0.0,0.0,True
strict,Retina 2,Astrocyte,GAS7,18,60011,1.0,2.8715066856588267,16.663611671193614,True
strict,Retina 2,Astrocyte,LMX1B,18,60011,,,,False
strict,Retina 2,Astrocyte,TCF12,18,60011,4.0,4.214413083199782,66.65444668477446,True
strict,Retina 2,Astrocyte,TMCO1,18,60011,16.0,5.589559793680093,266.6177867390978,True
strict,Retina 2,Astrocyte,TRIB2,18,60011,2.0,3.5359387228232633,33.32722334238723,True
strict,Retina 2,Astrocyte,AC000078.5,18,60011,,,,False
strict,Retina 2,Astrocyte,AC002066.1,18,60011,,,,False
strict,Retina 2,Astrocyte,AC012066.1,18,60011,,,,False
strict,Retina 2,Astrocyte,AC091132.1,18,60011,,,,False
strict,Retina 2,Astrocyte,ACBD4,18,60011,2.0,3.5359387228232633,33.32722334238723,True
strict,Retina 2,Astrocyte,AFAP1,18,60011,1.0,2.8715066856588267,16.663611671193614,True
strict,Retina 2,Astrocyte,ALDH2,18,60011,4.0,4.214413083199782,66.65444668477446,True
strict,Retina 2,Astrocyte,AP003068.23,18,60011,0.0,0.0,0.0,True
strict,Retina 2,Astrocyte,AP5B1,18,60011,1.0,2.8715066856588267,16.663611671193614,True
strict,Retina 2,Astrocyte,AREL1,18,60011,0.0,0.0,0.0,True
strict,Retina 2,Astrocyte,ARHGAP27,18,60011,0.0,0.0,0.0,True
strict,Retina 2,Astrocyte,ARHGEF12,18,60011,2.0,3.5359387228232633,33.32722334238723,True
strict,Retina 2,Astrocyte,ARL17A,18,60011,2.0,3.5359387228232633,33.32722334238723,True
strict,Retina 2,Astrocyte,ATP5J,18,60011,24.0,5.993778567966991,399.92668010864674,True
strict,Retina 2,Astrocyte,BICC1,18,60011,0.0,0.0,0.0,True
strict,Retina 2,Astrocyte,BORA,18,60011,0.0,0.0,0.0,True
strict,Retina 2,Astrocyte,C1orf109,18,60011,1.0,2.8715066856588267,16.663611671193614,True
strict,Retina 2,Astrocyte,C1orf122,18,60011,6.0,4.614939015491299,99.98167002716168,True
strict,Retina 2,Astrocyte,C22orf29,18,60011,0.0,0.0,0.0,True
strict,Retina 2,Astrocyte,C6orf15,18,60011,,,,False
strict,Retina 2,Astrocyte,CADM1,18,60011,23.0,5.9513273920874825,383.2630684374531,True
strict,Retina 2,Astrocyte,CADM2,18,60011,2.0,3.5359387228232633,33.32722334238723,True
strict,Retina 2,Astrocyte,CAV2,18,60011,14.0,5.456562068973726,233.2905633967106,True
strict,Retina 2,Astrocyte,CCDC117,18,60011,0.0,0.0,0.0,True
strict,Retina 2,Astrocyte,CDC14A,18,60011,0.0,0.0,0.0,True
strict,Retina 2,Astrocyte,CDKN2A,18,60011,0.0,0.0,0.0,True
strict,Retina 2,Astrocyte,CDKN2B-AS1,18,60011,0.0,0.0,0.0,True
strict,Retina 2,Astrocyte,CELF1,18,60011,4.0,4.214413083199782,66.65444668477446,True
strict,Retina 2,Astrocyte,CLIC5,18,60011,0.0,0.0,0.0,True
strict,Retina 2,Astrocyte,CMB9-22P13.1,18,60011,,,,False
strict,Retina 2,Astrocyte,COL11A1,18,60011,2.0,3.5359387228232633,33.32722334238723,True
strict,Retina 2,Astrocyte,CRHR1,18,60011,0.0,0.0,0.0,True
strict,Retina 2,Astrocyte,CTA-292E10.6,18,60011,2.0,3.5359387228232633,33.32722334238723,True
strict,Retina 2,Astrocyte,CTB-39G8.3,18,60011,,,,False
strict,Retina 2,Astrocyte,CTD-2005H7.1,18,60011,0.0,0.0,0.0,True
strict,Retina 2,Astrocyte,CTD-2020K17.1,18,60011,0.0,0.0,0.0,True
strict,Retina 2,Astrocyte,CTD-2020K17.3,18,60011,0.0,0.0,0.0,True
strict,Retina 2,Astrocyte,CTTNBP2,18,60011,11.0,5.216563390898944,183.29972838312975,True
strict,Retina 2,Astrocyte,DDX39BP2,18,60011,,,,False
strict,Retina 2,Astrocyte,DIO1,18,60011,,,,False
strict,Retina 2,Astrocyte,DND1P1,18,60011,,,,False
strict,Retina 2,Astrocyte,DYSF,18,60011,0.0,0.0,0.0,True
strict,Retina 2,Astrocyte,EFCAB13,18,60011,1.0,2.8715066856588267,16.663611671193614,True
strict,Retina 2,Astrocyte,EFEMP1,18,60011,0.0,0.0,0.0,True
strict,Retina 2,Astrocyte,EHBP1L1,18,60011,0.0,0.0,0.0,True
strict,Retina 2,Astrocyte,FAM215B,18,60011,4.0,4.214413083199782,66.65444668477446,True
strict,Retina 2,Astrocyte,FAM83A,18,60011,,,,False
strict,Retina 2,Astrocyte,FAM83A-AS1,18,60011,,,,False
strict,Retina 2,Astrocyte,FAM89B,18,60011,0.0,0.0,0.0,True
strict,Retina 2,Astrocyte,FHL3,18,60011,1.0,2.8715066856588267,16.663611671193614,True
strict,Retina 2,Astrocyte,FLOT1,18,60011,10.0,5.121795658340564,166.63611671193615,True
strict,Retina 2,Astrocyte,FLVCR2,18,60011,2.0,3.5359387228232633,33.32722334238723,True
strict,Retina 2,Astrocyte,FMNL1,18,60011,0.0,0.0,0.0,True
strict,Retina 2,Astrocyte,FNDC4,18,60011,0.0,0.0,0.0,True
strict,Retina 2,Astrocyte,GALR3,18,60011,,,,False
strict,Retina 2,Astrocyte,GCAT,18,60011,2.0,3.5359387228232633,33.32722334238723,True
strict,Retina 2,Astrocyte,GLIS1,18,60011,0.0,0.0,0.0,True
strict,Retina 2,Astrocyte,H1F0,18,60011,4.0,4.214413083199782,66.65444668477446,True
strict,Retina 2,Astrocyte,HCG4,18,60011,,,,False
strict,Retina 2,Astrocyte,HCG4B,18,60011,,,,False
strict,Retina 2,Astrocyte,HCG4P5,18,60011,,,,False
strict,Retina 2,Astrocyte,HCG4P7,18,60011,,,,False
strict,Retina 2,Astrocyte,HCG9,18,60011,0.0,0.0,0.0,True
strict,Retina 2,Astrocyte,HCP5B,18,60011,0.0,0.0,0.0,True
strict,Retina 2,Astrocyte,HECTD4,18,60011,2.0,3.5359387228232633,33.32722334238723,True
strict,Retina 2,Astrocyte,HLA-A,18,60011,37.0,6.425765917903349,616.5536318341638,True
strict,Retina 2,Astrocyte,HLA-C,18,60011,34.0,6.3413513984241785,566.5627968205829,True
strict,Retina 2,Astrocyte,HLA-F,18,60011,0.0,0.0,0.0,True
strict,Retina 2,Astrocyte,HLA-F-AS1,18,60011,,,,False
strict,Retina 2,Astrocyte,HLA-G,18,60011,0.0,0.0,0.0,True
strict,Retina 2,Astrocyte,HLA-H,18,60011,,,,False
strict,Retina 2,Astrocyte,HLA-J,18,60011,,,,False
strict,Retina 2,Astrocyte,HLA-L,18,60011,,,,False
strict,Retina 2,Astrocyte,HLA-T,18,60011,,,,False
strict,Retina 2,Astrocyte,HLA-U,18,60011,,,,False
strict,Retina 2,Astrocyte,HLA-V,18,60011,,,,False
strict,Retina 2,Astrocyte,HLA-W,18,60011,,,,False
strict,Retina 2,Astrocyte,HSCB,18,60011,1.0,2.8715066856588267,16.663611671193614,True
strict,Retina 2,Astrocyte,HTRA3,18,60011,2.0,3.5359387228232633,33.32722334238723,True
strict,Retina 2,Astrocyte,IFITM4P,18,60011,,,,False
strict,Retina 2,Astrocyte,IFT172,18,60011,0.0,0.0,0.0,True
strict,Retina 2,Astrocyte,INPP5B,18,60011,1.0,2.8715066856588267,16.663611671193614,True
strict,Retina 2,Astrocyte,ITGB3,18,60011,1.0,2.8715066856588267,16.663611671193614,True
strict,Retina 2,Astrocyte,KANSL1,18,60011,6.0,4.614939015491299,99.98167002716168,True
strict,Retina 2,Astrocyte,KANSL1-AS1,18,60011,1.0,2.8715066856588267,16.663611671193614,True
strict,Retina 2,Astrocyte,KHK,18,60011,1.0,2.8715066856588267,16.663611671193614,True
strict,Retina 2,Astrocyte,KLF5,18,60011,0.0,0.0,0.0,True
strict,Retina 2,Astrocyte,KRT8P26,18,60011,,,,False
strict,Retina 2,Astrocyte,LHPP,18,60011,1.0,2.8715066856588267,16.663611671193614,True
strict,Retina 2,Astrocyte,LINC01948,18,60011,0.0,0.0,0.0,True
strict,Retina 2,Astrocyte,LINC02052,18,60011,,,,False
strict,Retina 2,Astrocyte,LINC02210,18,60011,,,,False
strict,Retina 2,Astrocyte,LMO4,18,60011,13.0,5.382782366344598,216.626951725517,True
strict,Retina 2,Astrocyte,LMO7,18,60011,0.0,0.0,0.0,True
strict,Retina 2,Astrocyte,LOXL1,18,60011,3.0,3.9316459109592747,49.99083501358084,True
strict,Retina 2,Astrocyte,LOXL1-AS1,18,60011,0.0,0.0,0.0,True
strict,Retina 2,Astrocyte,LRRC37A,18,60011,0.0,0.0,0.0,True
strict,Retina 2,Astrocyte,LRRC37A17P,18,60011,,,,False
strict,Retina 2,Astrocyte,LRRC37A2,18,60011,0.0,0.0,0.0,True
strict,Retina 2,Astrocyte,LRRC37A4P,18,60011,,,,False
strict,Retina 2,Astrocyte,LRWD1,18,60011,1.0,2.8715066856588267,16.663611671193614,True
strict,Retina 2,Astrocyte,LTBP2,18,60011,0.0,0.0,0.0,True
strict,Retina 2,Astrocyte,LTBP3,18,60011,8.0,4.900142321512078,133.3088933695489,True
strict,Retina 2,Astrocyte,MADD,18,60011,0.0,0.0,0.0,True
strict,Retina 2,Astrocyte,MAPK8IP1P1,18,60011,,,,False
strict,Retina 2,Astrocyte,MAPK8IP1P2,18,60011,,,,False
strict,Retina 2,Astrocyte,MAPT,18,60011,2.0,3.5359387228232633,33.32722334238723,True
strict,Retina 2,Astrocyte,MAPT-AS1,18,60011,0.0,0.0,0.0,True
strict,Retina 2,Astrocyte,MAPT-IT1,18,60011,,,,False
strict,Retina 2,Astrocyte,ME3,18,60011,0.0,0.0,0.0,True
strict,Retina 2,Astrocyte,MICE,18,60011,,,,False
strict,Retina 2,Astrocyte,MOV10,18,60011,1.0,2.8715066856588267,16.663611671193614,True
strict,Retina 2,Astrocyte,MRPL33,18,60011,20.0,5.811955731118779,333.2722334238723,True
strict,Retina 2,Astrocyte,MTCH2,18,60011,3.0,3.9316459109592747,49.99083501358084,True
strict,Retina 2,Astrocyte,MVB12B,18,60011,0.0,0.0,0.0,True
strict,Retina 2,Astrocyte,Metazoa_SRP,18,60011,,,,False
strict,Retina 2,Astrocyte,NEAT1,18,60011,44.0,6.598779991263926,733.198913532519,True
strict,Retina 2,Astrocyte,NMT1,18,60011,6.0,4.614939015491299,99.98167002716168,True
strict,Retina 2,Astrocyte,NPEPPS,18,60011,3.0,3.9316459109592747,49.99083501358084,True
strict,Retina 2,Astrocyte,NRBP1,18,60011,3.0,3.9316459109592747,49.99083501358084,True
strict,Retina 2,Astrocyte,NSF,18,60011,0.0,0.0,0.0,True
strict,Retina 2,Astrocyte,NUCB2,18,60011,5.0,4.43459605744026,83.31805835596808,True
strict,Retina 2,Astrocyte,NUDT7,18,60011,0.0,0.0,0.0,True
strict,Retina 2,Astrocyte,PDE6C,18,60011,0.0,0.0,0.0,True
strict,Retina 2,Astrocyte,PGAM1P8,18,60011,,,,False
strict,Retina 2,Astrocyte,PIBF1,18,60011,1.0,2.8715066856588267,16.663611671193614,True
strict,Retina 2,Astrocyte,PIGC,18,60011,2.0,3.5359387228232633,33.32722334238723,True
strict,Retina 2,Astrocyte,PKIB,18,60011,3.0,3.9316459109592747,49.99083501358084,True
strict,Retina 2,Astrocyte,PLCE1,18,60011,4.0,4.214413083199782,66.65444668477446,True
strict,Retina 2,Astrocyte,PLCE1-AS1,18,60011,,,,False
strict,Retina 2,Astrocyte,PLEKHA7,18,60011,0.0,0.0,0.0,True
strict,Retina 2,Astrocyte,PLEKHM1,18,60011,0.0,0.0,0.0,True
strict,Retina 2,Astrocyte,PPP1R18,18,60011,2.0,3.5359387228232633,33.32722334238723,True
strict,Retina 2,Astrocyte,PRKCE,18,60011,0.0,0.0,0.0,True
strict,Retina 2,Astrocyte,PROX2,18,60011,,,,False
strict,Retina 2,Astrocyte,PRSS23,18,60011,0.0,0.0,0.0,True
strict,Retina 2,Astrocyte,PSORS1C3,18,60011,,,,False
strict,Retina 2,Astrocyte,RAPSN,18,60011,0.0,0.0,0.0,True
strict,Retina 2,Astrocyte,RERE,18,60011,5.0,4.43459605744026,83.31805835596808,True
strict,Retina 2,Astrocyte,RIC8B,18,60011,2.0,3.5359387228232633,33.32722334238723,True
strict,Retina 2,Astrocyte,RORA,18,60011,7.0,4.767674009807796,116.6452816983553,True
strict,Retina 2,Astrocyte,RP11-123K19.1,18,60011,,,,False
strict,Retina 2,Astrocyte,RP11-136H19.1,18,60011,,,,False
strict,Retina 2,Astrocyte,RP11-149I2.4,18,60011,,,,False
strict,Retina 2,Astrocyte,RP11-162I7.1,18,60011,,,,False
strict,Retina 2,Astrocyte,RP11-17G12.2,18,60011,,,,False
strict,Retina 2,Astrocyte,RP11-205K6.1,18,60011,,,,False
strict,Retina 2,Astrocyte,RP11-217B7.2,18,60011,0.0,0.0,0.0,True
strict,Retina 2,Astrocyte,RP11-259A24.1,18,60011,,,,False
strict,Retina 2,Astrocyte,RP11-259G18.1,18,60011,,,,False
strict,Retina 2,Astrocyte,RP11-259G18.3,18,60011,,,,False
strict,Retina 2,Astrocyte,RP11-293E1.1,18,60011,,,,False
strict,Retina 2,Astrocyte,RP11-293E1.2,18,60011,,,,False
strict,Retina 2,Astrocyte,RP11-302L19.3,18,60011,0.0,0.0,0.0,True
strict,Retina 2,Astrocyte,RP11-403A3.3,18,60011,4.0,4.214413083199782,66.65444668477446,True
strict,Retina 2,Astrocyte,RP11-412D9.4,18,60011,0.0,0.0,0.0,True
strict,Retina 2,Astrocyte,RP11-507B12.1,18,60011,,,,False
strict,Retina 2,Astrocyte,RP11-507B12.2,18,60011,0.0,0.0,0.0,True
strict,Retina 2,Astrocyte,RP11-669E14.6,18,60011,0.0,0.0,0.0,True
strict,Retina 2,Astrocyte,RP11-707O23.1,18,60011,,,,False
strict,Retina 2,Astrocyte,RP11-750H9.5,18,60011,,,,False
strict,Retina 2,Astrocyte,RP11-755F10.1,18,60011,0.0,0.0,0.0,True
strict,Retina 2,Astrocyte,RP11-762L8.6,18,60011,,,,False
strict,Retina 2,Astrocyte,RP11-770G2.2,18,60011,,,,False
strict,Retina 2,Astrocyte,RP11-798G7.6,18,60011,0.0,0.0,0.0,True
strict,Retina 2,Astrocyte,RP11-798G7.8,18,60011,,,,False
strict,Retina 2,Astrocyte,RP5-1115A15.1,18,60011,0.0,0.0,0.0,True
strict,Retina 2,Astrocyte,RPS26P8,18,60011,,,,False
strict,Retina 2,Astrocyte,SCRN2,18,60011,3.0,3.9316459109592747,49.99083501358084,True
strict,Retina 2,Astrocyte,SEMA3E,18,60011,4.0,4.214413083199782,66.65444668477446,True
strict,Retina 2,Astrocyte,SEPT7,18,60011,57.0,6.85733093879507,949.8258652580361,True
strict,Retina 2,Astrocyte,SF3A3,18,60011,3.0,3.9316459109592747,49.99083501358084,True
strict,Retina 2,Astrocyte,SFTA1P,18,60011,0.0,0.0,0.0,True
strict,Retina 2,Astrocyte,SGSM2,18,60011,1.0,2.8715066856588267,16.663611671193614,True
strict,Retina 2,Astrocyte,SLC25A45,18,60011,1.0,2.8715066856588267,16.663611671193614,True
strict,Retina 2,Astrocyte,SLC39A13,18,60011,2.0,3.5359387228232633,33.32722334238723,True
strict,Retina 2,Astrocyte,SMAD6,18,60011,0.0,0.0,0.0,True
strict,Retina 2,Astrocyte,SNORD14A,18,60011,,,,False
strict,Retina 2,Astrocyte,SSSCA1-AS1,18,60011,,,,False
strict,Retina 2,Astrocyte,TARID,18,60011,0.0,0.0,0.0,True
strict,Retina 2,Astrocyte,TBC1D31,18,60011,0.0,0.0,0.0,True
strict,Retina 2,Astrocyte,TBKBP1,18,60011,0.0,0.0,0.0,True
strict,Retina 2,Astrocyte,TBPL1,18,60011,2.0,3.5359387228232633,33.32722334238723,True
strict,Retina 2,Astrocyte,TGFB3,18,60011,0.0,0.0,0.0,True
strict,Retina 2,Astrocyte,THCAT158,18,60011,0.0,0.0,0.0,True
strict,Retina 2,Astrocyte,THSD7A,18,60011,0.0,0.0,0.0,True
strict,Retina 2,Astrocyte,TIGD3,18,60011,0.0,0.0,0.0,True
strict,Retina 2,Astrocyte,TMEM116,18,60011,1.0,2.8715066856588267,16.663611671193614,True
strict,Retina 2,Astrocyte,TMEM136,18,60011,1.0,2.8715066856588267,16.663611671193614,True
strict,Retina 2,Astrocyte,TMEM181,18,60011,1.0,2.8715066856588267,16.663611671193614,True
strict,Retina 2,Astrocyte,TMEM263,18,60011,1.0,2.8715066856588267,16.663611671193614,True
strict,Retina 2,Astrocyte,TRIM26,18,60011,0.0,0.0,0.0,True
strict,Retina 2,Astrocyte,TRIOBP,18,60011,2.0,3.5359387228232633,33.32722334238723,True
strict,Retina 2,Astrocyte,TSC22D2,18,60011,0.0,0.0,0.0,True
strict,Retina 2,Astrocyte,TTC28,18,60011,2.0,3.5359387228232633,33.32722334238723,True
strict,Retina 2,Astrocyte,TTLL5,18,60011,0.0,0.0,0.0,True
strict,Retina 2,Astrocyte,TXNDC8,18,60011,,,,False
strict,Retina 2,Astrocyte,TXNRD2,18,60011,2.0,3.5359387228232633,33.32722334238723,True
strict,Retina 2,Astrocyte,UTP11,18,60011,3.0,3.9316459109592747,49.99083501358084,True
strict,Retina 2,Astrocyte,VARS2,18,60011,0.0,0.0,0.0,True
strict,Retina 2,Astrocyte,VCAM1,18,60011,0.0,0.0,0.0,True
strict,Retina 2,Astrocyte,WLS,18,60011,1.0,2.8715066856588267,16.663611671193614,True
strict,Retina 2,Astrocyte,WNT2B,18,60011,2.0,3.5359387228232633,33.32722334238723,True
strict,Retina 2,Astrocyte,XRCC6P1,18,60011,,,,False
strict,Retina 2,Astrocyte,XXbac-BPG170G13.32,18,60011,0.0,0.0,0.0,True
strict,Retina 2,Astrocyte,XXbac-BPG283O16.9,18,60011,,,,False
strict,Retina 2,Astrocyte,YAP1,18,60011,3.0,3.9316459109592747,49.99083501358084,True
strict,Retina 2,Astrocyte,YIF1A,18,60011,13.0,5.382782366344598,216.626951725517,True
strict,Retina 2,Astrocyte,ZNF280D,18,60011,2.0,3.5359387228232633,33.32722334238723,True
strict,Retina 2,Astrocyte,ZNF638,18,60011,7.0,4.767674009807796,116.6452816983553,True
strict,Retina 2,Astrocyte,ZNF638-IT1,18,60011,,,,False
strict,Retina 2,Microglia,DGKG,59,268067,0.0,0.0,0.0,True
strict,Retina 2,Microglia,SLC2A12,59,268067,0.0,0.0,0.0,True
strict,Retina 2,Microglia,COL8A2,59,268067,3.0,2.500717008339655,11.191232042735585,True
strict,Retina 2,Microglia,NPC2,59,268067,342.0,7.1521125813883515,1275.8004528718566,True
strict,Retina 2,Microglia,PSMC3,59,268067,18.0,4.221672892647603,67.14739225641351,True
strict,Retina 2,Microglia,RP11-466F5.8,59,268067,0.0,0.0,0.0,True
strict,Retina 2,Microglia,LPP,59,268067,7.0,3.3000086986995276,26.11287476638303,True
strict,Retina 2,Microglia,RP11-121M22.1,59,268067,0.0,0.0,0.0,True
strict,Retina 2,Microglia,ABO,59,268067,0.0,0.0,0.0,True
strict,Retina 2,Microglia,ADAMTS8,59,268067,0.0,0.0,0.0,True
strict,Retina 2,Microglia,CALD1,59,268067,0.0,0.0,0.0,True
strict,Retina 2,Microglia,CHEK2,59,268067,1.0,1.5540120234518895,3.7304106809118616,True
strict,Retina 2,Microglia,GAS7,59,268067,3.0,2.500717008339655,11.191232042735585,True
strict,Retina 2,Microglia,LMX1B,59,268067,,,,False
strict,Retina 2,Microglia,TCF12,59,268067,3.0,2.500717008339655,11.191232042735585,True
strict,Retina 2,Microglia,TMCO1,59,268067,27.0,4.622234640306156,100.72108838462026,True
strict,Retina 2,Microglia,TRIB2,59,268067,1.0,1.5540120234518895,3.7304106809118616,True
strict,Retina 2,Microglia,AC000078.5,59,268067,,,,False
strict,Retina 2,Microglia,AC002066.1,59,268067,,,,False
strict,Retina 2,Microglia,AC012066.1,59,268067,,,,False
strict,Retina 2,Microglia,AC091132.1,59,268067,,,,False
strict,Retina 2,Microglia,ACBD4,59,268067,1.0,1.5540120234518895,3.7304106809118616,True
strict,Retina 2,Microglia,AFAP1,59,268067,0.0,0.0,0.0,True
strict,Retina 2,Microglia,ALDH2,59,268067,36.0,4.907455986856729,134.29478451282702,True
strict,Retina 2,Microglia,AP003068.23,59,268067,0.0,0.0,0.0,True
strict,Retina 2,Microglia,AP5B1,59,268067,2.0,2.1354462565914467,7.460821361823723,True
strict,Retina 2,Microglia,AREL1,59,268067,0.0,0.0,0.0,True
strict,Retina 2,Microglia,ARHGAP27,59,268067,12.0,3.8235180373160604,44.76492817094234,True
strict,Retina 2,Microglia,ARHGEF12,59,268067,3.0,2.500717008339655,11.191232042735585,True
strict,Retina 2,Microglia,ARL17A,59,268067,1.0,1.5540120234518895,3.7304106809118616,True
strict,Retina 2,Microglia,ATP5J,59,268067,76.0,5.650772661399031,283.5112117493015,True
strict,Retina 2,Microglia,BICC1,59,268067,0.0,0.0,0.0,True
strict,Retina 2,Microglia,BORA,59,268067,2.0,2.1354462565914467,7.460821361823723,True
strict,Retina 2,Microglia,C1orf109,59,268067,0.0,0.0,0.0,True
strict,Retina 2,Microglia,C1orf122,59,268067,11.0,3.73849112575441,41.034517490030474,True
strict,Retina 2,Microglia,C22orf29,59,268067,1.0,1.5540120234518895,3.7304106809118616,True
strict,Retina 2,Microglia,C6orf15,59,268067,,,,False
strict,Retina 2,Microglia,CADM1,59,268067,17.0,4.165377287411043,63.416981575501644,True
strict,Retina 2,Microglia,CADM2,59,268067,15.0,4.0422818528524616,55.956160213677926,True
strict,Retina 2,Microglia,CAV2,59,268067,1.0,1.5540120234518895,3.7304106809118616,True
strict,Retina 2,Microglia,CCDC117,59,268067,2.0,2.1354462565914467,7.460821361823723,True
strict,Retina 2,Microglia,CDC14A,59,268067,0.0,0.0,0.0,True
strict,Retina 2,Microglia,CDKN2A,59,268067,1.0,1.5540120234518895,3.7304106809118616,True
strict,Retina 2,Microglia,CDKN2B-AS1,59,268067,0.0,0.0,0.0,True
strict,Retina 2,Microglia,CELF1,59,268067,15.0,4.0422818528524616,55.956160213677926,True
strict,Retina 2,Microglia,CLIC5,59,268067,0.0,0.0,0.0,True
strict,Retina 2,Microglia,CMB9-22P13.1,59,268067,,,,False
strict,Retina 2,Microglia,COL11A1,59,268067,0.0,0.0,0.0,True
strict,Retina 2,Microglia,CRHR1,59,268067,0.0,0.0,0.0,True
strict,Retina 2,Microglia,CTA-292E10.6,59,268067,15.0,4.0422818528524616,55.956160213677926,True
strict,Retina 2,Microglia,CTB-39G8.3,59,268067,,,,False
strict,Retina 2,Microglia,CTD-2005H7.1,59,268067,0.0,0.0,0.0,True
strict,Retina 2,Microglia,CTD-2020K17.1,59,268067,0.0,0.0,0.0,True
strict,Retina 2,Microglia,CTD-2020K17.3,59,268067,0.0,0.0,0.0,True
strict,Retina 2,Microglia,CTTNBP2,59,268067,15.0,4.0422818528524616,55.956160213677926,True
strict,Retina 2,Microglia,DDX39BP2,59,268067,,,,False
strict,Retina 2,Microglia,DIO1,59,268067,,,,False
strict,Retina 2,Microglia,DND1P1,59,268067,,,,False
strict,Retina 2,Microglia,DYSF,59,268067,0.0,0.0,0.0,True
strict,Retina 2,Microglia,EFCAB13,59,268067,0.0,0.0,0.0,True
strict,Retina 2,Microglia,EFEMP1,59,268067,0.0,0.0,0.0,True
strict,Retina 2,Microglia,EHBP1L1,59,268067,2.0,2.1354462565914467,7.460821361823723,True
strict,Retina 2,Microglia,FAM215B,59,268067,6.0,3.1519863433677786,22.38246408547117,True
strict,Retina 2,Microglia,FAM83A,59,268067,,,,False
strict,Retina 2,Microglia,FAM83A-AS1,59,268067,,,,False
strict,Retina 2,Microglia,FAM89B,59,268067,4.0,2.7676793612516706,14.921642723647446,True
strict,Retina 2,Microglia,FHL3,59,268067,4.0,2.7676793612516706,14.921642723647446,True
strict,Retina 2,Microglia,FLOT1,59,268067,38.0,4.961134118340538,141.75560587465074,True
strict,Retina 2,Microglia,FLVCR2,59,268067,1.0,1.5540120234518895,3.7304106809118616,True
strict,Retina 2,Microglia,FMNL1,59,268067,20.0,4.325564923027844,74.60821361823723,True
strict,Retina 2,Microglia,FNDC4,59,268067,0.0,0.0,0.0,True
strict,Retina 2,Microglia,GALR3,59,268067,,,,False
strict,Retina 2,Microglia,GCAT,59,268067,1.0,1.5540120234518895,3.7304106809118616,True
strict,Retina 2,Microglia,GLIS1,59,268067,0.0,0.0,0.0,True
strict,Retina 2,Microglia,H1F0,59,268067,44.0,5.106781911626095,164.1380699601219,True
strict,Retina 2,Microglia,HCG4,59,268067,,,,False
strict,Retina 2,Microglia,HCG4B,59,268067,,,,False
strict,Retina 2,Microglia,HCG4P5,59,268067,,,,False
strict,Retina 2,Microglia,HCG4P7,59,268067,,,,False
strict,Retina 2,Microglia,HCG9,59,268067,0.0,0.0,0.0,True
strict,Retina 2,Microglia,HCP5B,59,268067,0.0,0.0,0.0,True
strict,Retina 2,Microglia,HECTD4,59,268067,3.0,2.500717008339655,11.191232042735585,True
strict,Retina 2,Microglia,HLA-A,59,268067,421.0,7.359787699483708,1570.5028966638938,True
strict,Retina 2,Microglia,HLA-C,59,268067,521.0,7.57278276313968,1943.54396475508,True
strict,Retina 2,Microglia,HLA-F,59,268067,15.0,4.0422818528524616,55.956160213677926,True
strict,Retina 2,Microglia,HLA-F-AS1,59,268067,,,,False
strict,Retina 2,Microglia,HLA-G,59,268067,1.0,1.5540120234518895,3.7304106809118616,True
strict,Retina 2,Microglia,HLA-H,59,268067,,,,False
strict,Retina 2,Microglia,HLA-J,59,268067,,,,False
strict,Retina 2,Microglia,HLA-L,59,268067,,,,False
strict,Retina 2,Microglia,HLA-T,59,268067,,,,False
strict,Retina 2,Microglia,HLA-U,59,268067,,,,False
strict,Retina 2,Microglia,HLA-V,59,268067,,,,False
strict,Retina 2,Microglia,HLA-W,59,268067,,,,False
strict,Retina 2,Microglia,HSCB,59,268067,14.0,3.974542293024513,52.22574953276606,True
strict,Retina 2,Microglia,HTRA3,59,268067,0.0,0.0,0.0,True
strict,Retina 2,Microglia,IFITM4P,59,268067,,,,False
strict,Retina 2,Microglia,IFT172,59,268067,2.0,2.1354462565914467,7.460821361823723,True
strict,Retina 2,Microglia,INPP5B,59,268067,2.0,2.1354462565914467,7.460821361823723,True
strict,Retina 2,Microglia,ITGB3,59,268067,1.0,1.5540120234518895,3.7304106809118616,True
strict,Retina 2,Microglia,KANSL1,59,268067,12.0,3.8235180373160604,44.76492817094234,True
strict,Retina 2,Microglia,KANSL1-AS1,59,268067,6.0,3.1519863433677786,22.38246408547117,True
strict,Retina 2,Microglia,KHK,59,268067,0.0,0.0,0.0,True
strict,Retina 2,Microglia,KLF5,59,268067,0.0,0.0,0.0,True
strict,Retina 2,Microglia,KRT8P26,59,268067,,,,False
strict,Retina 2,Microglia,LHPP,59,268067,2.0,2.1354462565914467,7.460821361823723,True
strict,Retina 2,Microglia,LINC01948,59,268067,0.0,0.0,0.0,True
strict,Retina 2,Microglia,LINC02052,59,268067,,,,False
strict,Retina 2,Microglia,LINC02210,59,268067,,,,False
strict,Retina 2,Microglia,LMO4,59,268067,16.0,4.105722436267446,59.686570894589785,True
strict,Retina 2,Microglia,LMO7,59,268067,3.0,2.500717008339655,11.191232042735585,True
strict,Retina 2,Microglia,LOXL1,59,268067,0.0,0.0,0.0,True
strict,Retina 2,Microglia,LOXL1-AS1,59,268067,1.0,1.5540120234518895,3.7304106809118616,True
strict,Retina 2,Microglia,LRRC37A,59,268067,0.0,0.0,0.0,True
strict,Retina 2,Microglia,LRRC37A17P,59,268067,,,,False
strict,Retina 2,Microglia,LRRC37A2,59,268067,2.0,2.1354462565914467,7.460821361823723,True
strict,Retina 2,Microglia,LRRC37A4P,59,268067,,,,False
strict,Retina 2,Microglia,LRWD1,59,268067,2.0,2.1354462565914467,7.460821361823723,True
strict,Retina 2,Microglia,LTBP2,59,268067,0.0,0.0,0.0,True
strict,Retina 2,Microglia,LTBP3,59,268067,0.0,0.0,0.0,True
strict,Retina 2,Microglia,MADD,59,268067,2.0,2.1354462565914467,7.460821361823723,True
strict,Retina 2,Microglia,MAPK8IP1P1,59,268067,,,,False
strict,Retina 2,Microglia,MAPK8IP1P2,59,268067,,,,False
strict,Retina 2,Microglia,MAPT,59,268067,0.0,0.0,0.0,True
strict,Retina 2,Microglia,MAPT-AS1,59,268067,0.0,0.0,0.0,True
strict,Retina 2,Microglia,MAPT-IT1,59,268067,,,,False
strict,Retina 2,Microglia,ME3,59,268067,0.0,0.0,0.0,True
strict,Retina 2,Microglia,MICE,59,268067,,,,False
strict,Retina 2,Microglia,MOV10,59,268067,1.0,1.5540120234518895,3.7304106809118616,True
strict,Retina 2,Microglia,MRPL33,59,268067,24.0,4.50567970062963,89.52985634188468,True
strict,Retina 2,Microglia,MTCH2,59,268067,15.0,4.0422818528524616,55.956160213677926,True
strict,Retina 2,Microglia,MVB12B,59,268067,4.0,2.7676793612516706,14.921642723647446,True
strict,Retina 2,Microglia,Metazoa_SRP,59,268067,,,,False
strict,Retina 2,Microglia,NEAT1,59,268067,425.0,7.369238045686265,1585.4245393875412,True
strict,Retina 2,Microglia,NMT1,59,268067,14.0,3.974542293024513,52.22574953276606,True
strict,Retina 2,Microglia,NPEPPS,59,268067,11.0,3.73849112575441,41.034517490030474,True
strict,Retina 2,Microglia,NRBP1,59,268067,7.0,3.3000086986995276,26.11287476638303,True
strict,Retina 2,Microglia,NSF,59,268067,6.0,3.1519863433677786,22.38246408547117,True
strict,Retina 2,Microglia,NUCB2,59,268067,18.0,4.221672892647603,67.14739225641351,True
strict,Retina 2,Microglia,NUDT7,59,268067,4.0,2.7676793612516706,14.921642723647446,True
strict,Retina 2,Microglia,PDE6C,59,268067,0.0,0.0,0.0,True
strict,Retina 2,Microglia,PGAM1P8,59,268067,,,,False
strict,Retina 2,Microglia,PIBF1,59,268067,4.0,2.7676793612516706,14.921642723647446,True
strict,Retina 2,Microglia,PIGC,59,268067,8.0,3.42891907503445,29.843285447294893,True
strict,Retina 2,Microglia,PKIB,59,268067,6.0,3.1519863433677786,22.38246408547117,True
strict,Retina 2,Microglia,PLCE1,59,268067,0.0,0.0,0.0,True
strict,Retina 2,Microglia,PLCE1-AS1,59,268067,,,,False
strict,Retina 2,Microglia,PLEKHA7,59,268067,0.0,0.0,0.0,True
strict,Retina 2,Microglia,PLEKHM1,59,268067,3.0,2.500717008339655,11.191232042735585,True
strict,Retina 2,Microglia,PPP1R18,59,268067,23.0,4.463600235251589,85.79944566097282,True
strict,Retina 2,Microglia,PRKCE,59,268067,0.0,0.0,0.0,True
strict,Retina 2,Microglia,PROX2,59,268067,,,,False
strict,Retina 2,Microglia,PRSS23,59,268067,0.0,0.0,0.0,True
strict,Retina 2,Microglia,PSORS1C3,59,268067,,,,False
strict,Retina 2,Microglia,RAPSN,59,268067,0.0,0.0,0.0,True
strict,Retina 2,Microglia,RERE,59,268067,7.0,3.3000086986995276,26.11287476638303,True
strict,Retina 2,Microglia,RIC8B,59,268067,1.0,1.5540120234518895,3.7304106809118616,True
strict,Retina 2,Microglia,RORA,59,268067,3.0,2.500717008339655,11.191232042735585,True
strict,Retina 2,Microglia,RP11-123K19.1,59,268067,,,,False
strict,Retina 2,Microglia,RP11-136H19.1,59,268067,,,,False
strict,Retina 2,Microglia,RP11-149I2.4,59,268067,,,,False
strict,Retina 2,Microglia,RP11-162I7.1,59,268067,,,,False
strict,Retina 2,Microglia,RP11-17G12.2,59,268067,,,,False
strict,Retina 2,Microglia,RP11-205K6.1,59,268067,,,,False
strict,Retina 2,Microglia,RP11-217B7.2,59,268067,0.0,0.0,0.0,True
strict,Retina 2,Microglia,RP11-259A24.1,59,268067,,,,False
strict,Retina 2,Microglia,RP11-259G18.1,59,268067,,,,False
strict,Retina 2,Microglia,RP11-259G18.3,59,268067,,,,False
strict,Retina 2,Microglia,RP11-293E1.1,59,268067,,,,False
strict,Retina 2,Microglia,RP11-293E1.2,59,268067,,,,False
strict,Retina 2,Microglia,RP11-302L19.3,59,268067,0.0,0.0,0.0,True
strict,Retina 2,Microglia,RP11-403A3.3,59,268067,0.0,0.0,0.0,True
strict,Retina 2,Microglia,RP11-412D9.4,59,268067,2.0,2.1354462565914467,7.460821361823723,True
strict,Retina 2,Microglia,RP11-507B12.1,59,268067,,,,False
strict,Retina 2,Microglia,RP11-507B12.2,59,268067,0.0,0.0,0.0,True
strict,Retina 2,Microglia,RP11-669E14.6,59,268067,0.0,0.0,0.0,True
strict,Retina 2,Microglia,RP11-707O23.1,59,268067,,,,False
strict,Retina 2,Microglia,RP11-750H9.5,59,268067,,,,False
strict,Retina 2,Microglia,RP11-755F10.1,59,268067,0.0,0.0,0.0,True
strict,Retina 2,Microglia,RP11-762L8.6,59,268067,,,,False
strict,Retina 2,Microglia,RP11-770G2.2,59,268067,,,,False
strict,Retina 2,Microglia,RP11-798G7.6,59,268067,0.0,0.0,0.0,True
strict,Retina 2,Microglia,RP11-798G7.8,59,268067,,,,False
strict,Retina 2,Microglia,RP5-1115A15.1,59,268067,0.0,0.0,0.0,True
strict,Retina 2,Microglia,RPS26P8,59,268067,,,,False
strict,Retina 2,Microglia,SCRN2,59,268067,5.0,2.9781818318153954,18.652053404559307,True
strict,Retina 2,Microglia,SEMA3E,59,268067,0.0,0.0,0.0,True
strict,Retina 2,Microglia,SEPT7,59,268067,51.0,5.2535864124408755,190.25094472650494,True
strict,Retina 2,Microglia,SF3A3,59,268067,12.0,3.8235180373160604,44.76492817094234,True
strict,Retina 2,Microglia,SFTA1P,59,268067,0.0,0.0,0.0,True
strict,Retina 2,Microglia,SGSM2,59,268067,0.0,0.0,0.0,True
strict,Retina 2,Microglia,SLC25A45,59,268067,9.0,3.5430931654357307,33.573696128206755,True
strict,Retina 2,Microglia,SLC39A13,59,268067,7.0,3.3000086986995276,26.11287476638303,True
strict,Retina 2,Microglia,SMAD6,59,268067,0.0,0.0,0.0,True
strict,Retina 2,Microglia,SNORD14A,59,268067,,,,False
strict,Retina 2,Microglia,SSSCA1-AS1,59,268067,,,,False
strict,Retina 2,Microglia,TARID,59,268067,0.0,0.0,0.0,True
strict,Retina 2,Microglia,TBC1D31,59,268067,5.0,2.9781818318153954,18.652053404559307,True
strict,Retina 2,Microglia,TBKBP1,59,268067,0.0,0.0,0.0,True
strict,Retina 2,Microglia,TBPL1,59,268067,5.0,2.9781818318153954,18.652053404559307,True
strict,Retina 2,Microglia,TGFB3,59,268067,0.0,0.0,0.0,True
strict,Retina 2,Microglia,THCAT158,59,268067,0.0,0.0,0.0,True
strict,Retina 2,Microglia,THSD7A,59,268067,0.0,0.0,0.0,True
strict,Retina 2,Microglia,TIGD3,59,268067,0.0,0.0,0.0,True
strict,Retina 2,Microglia,TMEM116,59,268067,1.0,1.5540120234518895,3.7304106809118616,True
strict,Retina 2,Microglia,TMEM136,59,268067,3.0,2.500717008339655,11.191232042735585,True
strict,Retina 2,Microglia,TMEM181,59,268067,4.0,2.7676793612516706,14.921642723647446,True
strict,Retina 2,Microglia,TMEM263,59,268067,3.0,2.500717008339655,11.191232042735585,True
strict,Retina 2,Microglia,TRIM26,59,268067,1.0,1.5540120234518895,3.7304106809118616,True
strict,Retina 2,Microglia,TRIOBP,59,268067,2.0,2.1354462565914467,7.460821361823723,True
strict,Retina 2,Microglia,TSC22D2,59,268067,4.0,2.7676793612516706,14.921642723647446,True
strict,Retina 2,Microglia,TTC28,59,268067,1.0,1.5540120234518895,3.7304106809118616,True
strict,Retina 2,Microglia,TTLL5,59,268067,4.0,2.7676793612516706,14.921642723647446,True
strict,Retina 2,Microglia,TXNDC8,59,268067,,,,False
strict,Retina 2,Microglia,TXNRD2,59,268067,1.0,1.5540120234518895,3.7304106809118616,True
strict,Retina 2,Microglia,UTP11,59,268067,10.0,3.6455571178302852,37.304106809118615,True
strict,Retina 2,Microglia,VARS2,59,268067,5.0,2.9781818318153954,18.652053404559307,True
strict,Retina 2,Microglia,VCAM1,59,268067,0.0,0.0,0.0,True
strict,Retina 2,Microglia,WLS,59,268067,9.0,3.5430931654357307,33.573696128206755,True
strict,Retina 2,Microglia,WNT2B,59,268067,3.0,2.500717008339655,11.191232042735585,True
strict,Retina 2,Microglia,XRCC6P1,59,268067,,,,False
strict,Retina 2,Microglia,XXbac-BPG170G13.32,59,268067,0.0,0.0,0.0,True
strict,Retina 2,Microglia,XXbac-BPG283O16.9,59,268067,,,,False
strict,Retina 2,Microglia,YAP1,59,268067,0.0,0.0,0.0,True
strict,Retina 2,Microglia,YIF1A,59,268067,23.0,4.463600235251589,85.79944566097282,True
strict,Retina 2,Microglia,ZNF280D,59,268067,5.0,2.9781818318153954,18.652053404559307,True
strict,Retina 2,Microglia,ZNF638,59,268067,11.0,3.73849112575441,41.034517490030474,True
strict,Retina 2,Microglia,ZNF638-IT1,59,268067,,,,False
strict,Retina 3,Rod,DGKG,3002,5732927,1.0,0.1607837468367416,0.17443096693887783,True
strict,Retina 3,Rod,SLC2A12,3002,5732927,1.0,0.1607837468367416,0.17443096693887783,True
strict,Retina 3,Rod,COL8A2,3002,5732927,0.0,0.0,0.0,True
strict,Retina 3,Rod,NPC2,3002,5732927,413.0,4.2910070904180895,72.03998934575654,True
strict,Retina 3,Rod,PSMC3,3002,5732927,519.0,4.516663202131631,90.52967184127759,True
strict,Retina 3,Rod,RP11-466F5.8,3002,5732927,16.0,1.3326022632239718,2.7908954710220453,True
strict,Retina 3,Rod,LPP,3002,5732927,18.0,1.4206371882700122,3.1397574048998007,True
strict,Retina 3,Rod,RP11-121M22.1,3002,5732927,8.0,0.8735701593242862,1.3954477355110226,True
strict,Retina 3,Rod,ABO,3002,5732927,0.0,0.0,0.0,True
strict,Retina 3,Rod,ADAMTS8,3002,5732927,0.0,0.0,0.0,True
strict,Retina 3,Rod,CALD1,3002,5732927,15.0,1.285496892267511,2.6164645040831673,True
strict,Retina 3,Rod,CHEK2,3002,5732927,6.0,0.7161729421077387,1.046585801633267,True
strict,Retina 3,Rod,GAS7,3002,5732927,222.0,3.681947349007344,38.72367466043087,True
strict,Retina 3,Rod,LMX1B,3002,5732927,,,,False
strict,Retina 3,Rod,TCF12,3002,5732927,139.0,3.228663940763413,24.245904404504017,True
strict,Retina 3,Rod,TMCO1,3002,5732927,957.0,5.123549818415353,166.93043536050607,True
strict,Retina 3,Rod,TRIB2,3002,5732927,281.0,3.912324994021494,49.01510170982467,True
strict,Retina 3,Rod,AC000078.5,3002,5732927,,,,False
strict,Retina 3,Rod,AC002066.1,3002,5732927,,,,False
strict,Retina 3,Rod,AC012066.1,3002,5732927,,,,False
strict,Retina 3,Rod,AC091132.1,3002,5732927,,,,False
strict,Retina 3,Rod,ACBD4,3002,5732927,138.0,3.2217306833815185,24.07147343756514,True
strict,Retina 3,Rod,AFAP1,3002,5732927,1.0,0.1607837468367416,0.17443096693887783,True
strict,Retina 3,Rod,ALDH2,3002,5732927,281.0,3.912324994021494,49.01510170982467,True
strict,Retina 3,Rod,AP003068.23,3002,5732927,19.0,1.4619092122521171,3.3141883718386786,True
strict,Retina 3,Rod,AP5B1,3002,5732927,20.0,1.5015451575357857,3.4886193387775566,True
strict,Retina 3,Rod,AREL1,3002,5732927,40.0,2.076592321197826,6.977238677555113,True
strict,Retina 3,Rod,ARHGAP27,3002,5732927,10.0,1.0095295567719809,1.7443096693887783,True
strict,Retina 3,Rod,ARHGEF12,3002,5732927,320.0,4.039851582726299,55.817909420440905,True
strict,Retina 3,Rod,ARL17A,3002,5732927,144.0,3.2626269999324995,25.118059239198406,True
strict,Retina 3,Rod,ATP5J,3002,5732927,2873.0,6.2188792998714915,501.140168015396,True
strict,Retina 3,Rod,BICC1,3002,5732927,5.0,0.6270900854760671,0.8721548346943891,True
strict,Retina 3,Rod,BORA,3002,5732927,28.0,1.7722482021114339,4.884067074288579,True
strict,Retina 3,Rod,C1orf109,3002,5732927,99.0,2.905187336904694,17.268665726948903,True
strict,Retina 3,Rod,C1orf122,3002,5732927,1307.0,5.433640226363909,227.98127378911332,True
strict,Retina 3,Rod,C22orf29,3002,5732927,43.0,2.1401287001727822,7.5005315783717466,True
strict,Retina 3,Rod,C6orf15,3002,5732927,,,,False
strict,Retina 3,Rod,CADM1,3002,5732927,3150.0,6.310749833947231,549.4575458574651,True
strict,Retina 3,Rod,CADM2,3002,5732927,4089.0,6.571230554321751,713.2482238130714,True
strict,Retina 3,Rod,CAV2,3002,5732927,27.0,1.742155292626579,4.709636107349701,True
strict,Retina 3,Rod,CCDC117,3002,5732927,88.0,2.7942233157193876,15.349925090621248,True
strict,Retina 3,Rod,CDC14A,3002,5732927,10.0,1.0095295567719809,1.7443096693887783,True
strict,Retina 3,Rod,CDKN2A,3002,5732927,0.0,0.0,0.0,True
strict,Retina 3,Rod,CDKN2B-AS1,3002,5732927,0.0,0.0,0.0,True
strict,Retina 3,Rod,CELF1,3002,5732927,171.0,3.4284134855050405,29.827695346548108,True
strict,Retina 3,Rod,CLIC5,3002,5732927,2.0,0.29926122497354013,0.34886193387775566,True
strict,Retina 3,Rod,CMB9-22P13.1,3002,5732927,,,,False
strict,Retina 3,Rod,COL11A1,3002,5732927,1.0,0.1607837468367416,0.17443096693887783,True
strict,Retina 3,Rod,CRHR1,3002,5732927,1.0,0.1607837468367416,0.17443096693887783,True
strict,Retina 3,Rod,CTA-292E10.6,3002,5732927,97.0,2.8859064584394742,16.91980379307115,True
strict,Retina 3,Rod,CTB-39G8.3,3002,5732927,,,,False
strict,Retina 3,Rod,CTD-2005H7.1,3002,5732927,0.0,0.0,0.0,True
strict,Retina 3,Rod,CTD-2020K17.1,3002,5732927,1.0,0.1607837468367416,0.17443096693887783,True
strict,Retina 3,Rod,CTD-2020K17.3,3002,5732927,3.0,0.420874373752254,0.5232929008166335,True
strict,Retina 3,Rod,CTTNBP2,3002,5732927,7.0,0.7979650948937598,1.2210167685721447,True
strict,Retina 3,Rod,DDX39BP2,3002,5732927,,,,False
strict,Retina 3,Rod,DIO1,3002,5732927,,,,False
strict,Retina 3,Rod,DND1P1,3002,5732927,,,,False
strict,Retina 3,Rod,DYSF,3002,5732927,1.0,0.1607837468367416,0.17443096693887783,True
strict,Retina 3,Rod,EFCAB13,3002,5732927,9.0,0.9438587003029807,1.5698787024499004,True
strict,Retina 3,Rod,EFEMP1,3002,5732927,3.0,0.420874373752254,0.5232929008166335,True
strict,Retina 3,Rod,EHBP1L1,3002,5732927,1.0,0.1607837468367416,0.17443096693887783,True
strict,Retina 3,Rod,FAM215B,3002,5732927,110.0,3.0050589626204927,19.18740636327656,True
strict,Retina 3,Rod,FAM83A,3002,5732927,,,,False
strict,Retina 3,Rod,FAM83A-AS1,3002,5732927,,,,False
strict,Retina 3,Rod,FAM89B,3002,5732927,10.0,1.0095295567719809,1.7443096693887783,True
strict,Retina 3,Rod,FHL3,3002,5732927,0.0,0.0,0.0,True
strict,Retina 3,Rod,FLOT1,3002,5732927,167.0,3.405520406536803,29.129971478792594,True
strict,Retina 3,Rod,FLVCR2,3002,5732927,0.0,0.0,0.0,True
strict,Retina 3,Rod,FMNL1,3002,5732927,1.0,0.1607837468367416,0.17443096693887783,True
strict,Retina 3,Rod,FNDC4,3002,5732927,115.0,3.0473546706849124,20.05956119797095,True
strict,Retina 3,Rod,GALR3,3002,5732927,,,,False
strict,Retina 3,Rod,GCAT,3002,5732927,5.0,0.6270900854760671,0.8721548346943891,True
strict,Retina 3,Rod,GLIS1,3002,5732927,0.0,0.0,0.0,True
strict,Retina 3,Rod,H1F0,3002,5732927,18.0,1.4206371882700122,3.1397574048998007,True
strict,Retina 3,Rod,HCG4,3002,5732927,,,,False
strict,Retina 3,Rod,HCG4B,3002,5732927,,,,False
strict,Retina 3,Rod,HCG4P5,3002,5732927,,,,False
strict,Retina 3,Rod,HCG4P7,3002,5732927,,,,False
strict,Retina 3,Rod,HCG9,3002,5732927,0.0,0.0,0.0,True
strict,Retina 3,Rod,HCP5B,3002,5732927,0.0,0.0,0.0,True
strict,Retina 3,Rod,HECTD4,3002,5732927,103.0,2.942668443993909,17.966389594704417,True
strict,Retina 3,Rod,HLA-A,3002,5732927,38.0,2.0318750760934505,6.628376743677357,True
strict,Retina 3,Rod,HLA-C,3002,5732927,40.0,2.076592321197826,6.977238677555113,True
strict,Retina 3,Rod,HLA-F,3002,5732927,3.0,0.420874373752254,0.5232929008166335,True
strict,Retina 3,Rod,HLA-F-AS1,3002,5732927,,,,False
strict,Retina 3,Rod,HLA-G,3002,5732927,0.0,0.0,0.0,True
strict,Retina 3,Rod,HLA-H,3002,5732927,,,,False
strict,Retina 3,Rod,HLA-J,3002,5732927,,,,False
strict,Retina 3,Rod,HLA-L,3002,5732927,,,,False
strict,Retina 3,Rod,HLA-T,3002,5732927,,,,False
strict,Retina 3,Rod,HLA-U,3002,5732927,,,,False
strict,Retina 3,Rod,HLA-V,3002,5732927,,,,False
strict,Retina 3,Rod,HLA-W,3002,5732927,,,,False
strict,Retina 3,Rod,HSCB,3002,5732927,83.0,2.7394048174719763,14.47777025592686,True
strict,Retina 3,Rod,HTRA3,3002,5732927,0.0,0.0,0.0,True
strict,Retina 3,Rod,IFITM4P,3002,5732927,,,,False
strict,Retina 3,Rod,IFT172,3002,5732927,178.0,3.467256998943703,31.048712115120253,True
strict,Retina 3,Rod,INPP5B,3002,5732927,28.0,1.7722482021114339,4.884067074288579,True
strict,Retina 3,Rod,ITGB3,3002,5732927,0.0,0.0,0.0,True
strict,Retina 3,Rod,KANSL1,3002,5732927,730.0,4.854640961404649,127.33460586538081,True
strict,Retina 3,Rod,KANSL1-AS1,3002,5732927,56.0,2.3765912309021444,9.768134148577158,True
strict,Retina 3,Rod,KHK,3002,5732927,24.0,1.646028864358463,4.186343206533068,True
strict,Retina 3,Rod,KLF5,3002,5732927,1.0,0.1607837468367416,0.17443096693887783,True
strict,Retina 3,Rod,KRT8P26,3002,5732927,,,,False
strict,Retina 3,Rod,LHPP,3002,5732927,104.0,2.95182325666506,18.14082056164329,True
strict,Retina 3,Rod,LINC01948,3002,5732927,0.0,0.0,0.0,True
strict,Retina 3,Rod,LINC02052,3002,5732927,,,,False
strict,Retina 3,Rod,LINC02210,3002,5732927,,,,False
strict,Retina 3,Rod,LMO4,3002,5732927,29.0,1.8014619213795682,5.058498041227457,True
strict,Retina 3,Rod,LMO7,3002,5732927,19.0,1.4619092122521171,3.3141883718386786,True
strict,Retina 3,Rod,LOXL1,3002,5732927,0.0,0.0,0.0,True
strict,Retina 3,Rod,LOXL1-AS1,3002,5732927,0.0,0.0,0.0,True
strict,Retina 3,Rod,LRRC37A,3002,5732927,20.0,1.5015451575357857,3.4886193387775566,True
strict,Retina 3,Rod,LRRC37A17P,3002,5732927,,,,False
strict,Retina 3,Rod,LRRC37A2,3002,5732927,35.0,1.9608105620228193,6.105083842860724,True
strict,Retina 3,Rod,LRRC37A4P,3002,5732927,,,,False
strict,Retina 3,Rod,LRWD1,3002,5732927,95.0,2.8662465068631833,16.570941859193393,True
strict,Retina 3,Rod,LTBP2,3002,5732927,2.0,0.29926122497354013,0.34886193387775566,True
strict,Retina 3,Rod,LTBP3,3002,5732927,36.0,1.985064212982035,6.279514809799601,True
strict,Retina 3,Rod,MADD,3002,5732927,296.0,3.9633160578799163,51.63156621390783,True
strict,Retina 3,Rod,MAPK8IP1P1,3002,5732927,,,,False
strict,Retina 3,Rod,MAPK8IP1P2,3002,5732927,,,,False
strict,Retina 3,Rod,MAPT,3002,5732927,39.0,2.054483631823962,6.802807710616235,True
strict,Retina 3,Rod,MAPT-AS1,3002,5732927,5.0,0.6270900854760671,0.8721548346943891,True
strict,Retina 3,Rod,MAPT-IT1,3002,5732927,,,,False
strict,Retina 3,Rod,ME3,3002,5732927,1.0,0.1607837468367416,0.17443096693887783,True
strict,Retina 3,Rod,MICE,3002,5732927,,,,False
strict,Retina 3,Rod,MOV10,3002,5732927,0.0,0.0,0.0,True
strict,Retina 3,Rod,MRPL33,3002,5732927,1940.0,5.827167790745728,338.39607586142296,True
strict,Retina 3,Rod,MTCH2,3002,5732927,387.0,4.226903585243118,67.50478420534571,True
strict,Retina 3,Rod,MVB12B,3002,5732927,17.0,1.3775881815745443,2.9653264379609228,True
strict,Retina 3,Rod,Metazoa_SRP,3002,5732927,,,,False
strict,Retina 3,Rod,NEAT1,3002,5732927,94.0,2.856269662679323,16.396510892254515,True
strict,Retina 3,Rod,NMT1,3002,5732927,1071.0,5.235460447213489,186.81556559153813,True
strict,Retina 3,Rod,NPEPPS,3002,5732927,503.0,4.485696956924611,87.73877637025554,True
strict,Retina 3,Rod,NRBP1,3002,5732927,334.0,4.081933579566238,58.25994295758519,True
strict,Retina 3,Rod,NSF,3002,5732927,546.0,4.566837880749331,95.23930794862729,True
strict,Retina 3,Rod,NUCB2,3002,5732927,718.0,4.8381962184249305,125.24143426211427,True
strict,Retina 3,Rod,NUDT7,3002,5732927,77.0,2.6693914521818023,13.431184454293591,True
strict,Retina 3,Rod,PDE6C,3002,5732927,0.0,0.0,0.0,True
strict,Retina 3,Rod,PGAM1P8,3002,5732927,,,,False
strict,Retina 3,Rod,PIBF1,3002,5732927,126.0,3.134550372139947,21.978301834298605,True
strict,Retina 3,Rod,PIGC,3002,5732927,183.0,3.494106710511155,31.92086694981464,True
strict,Retina 3,Rod,PKIB,3002,5732927,1534.0,5.5931380357952865,267.57710328423855,True
strict,Retina 3,Rod,PLCE1,3002,5732927,85.0,2.761694102667738,14.826632189804615,True
strict,Retina 3,Rod,PLCE1-AS1,3002,5732927,,,,False
strict,Retina 3,Rod,PLEKHA7,3002,5732927,61.0,2.454472268736655,10.640288983271548,True
strict,Retina 3,Rod,PLEKHM1,3002,5732927,28.0,1.7722482021114339,4.884067074288579,True
strict,Retina 3,Rod,PPP1R18,3002,5732927,34.0,1.9359540188540525,5.9306528759218455,True
strict,Retina 3,Rod,PRKCE,3002,5732927,16.0,1.3326022632239718,2.7908954710220453,True
strict,Retina 3,Rod,PROX2,3002,5732927,,,,False
strict,Retina 3,Rod,PRSS23,3002,5732927,0.0,0.0,0.0,True
strict,Retina 3,Rod,PSORS1C3,3002,5732927,,,,False
strict,Retina 3,Rod,RAPSN,3002,5732927,0.0,0.0,0.0,True
strict,Retina 3,Rod,RERE,3002,5732927,487.0,4.453741076484004,84.9478808992335,True
strict,Retina 3,Rod,RIC8B,3002,5732927,393.0,4.242065616334741,68.55137000697898,True
strict,Retina 3,Rod,RORA,3002,5732927,749.0,4.880137727049024,130.64879423721948,True
strict,Retina 3,Rod,RP11-123K19.1,3002,5732927,,,,False
strict,Retina 3,Rod,RP11-136H19.1,3002,5732927,,,,False
strict,Retina 3,Rod,RP11-149I2.4,3002,5732927,,,,False
strict,Retina 3,Rod,RP11-162I7.1,3002,5732927,,,,False
strict,Retina 3,Rod,RP11-17G12.2,3002,5732927,,,,False
strict,Retina 3,Rod,RP11-205K6.1,3002,5732927,,,,False
strict,Retina 3,Rod,RP11-217B7.2,3002,5732927,0.0,0.0,0.0,True
strict,Retina 3,Rod,RP11-259A24.1,3002,5732927,,,,False
strict,Retina 3,Rod,RP11-259G18.1,3002,5732927,,,,False
strict,Retina 3,Rod,RP11-259G18.3,3002,5732927,,,,False
strict,Retina 3,Rod,RP11-293E1.1,3002,5732927,,,,False
strict,Retina 3,Rod,RP11-293E1.2,3002,5732927,,,,False
strict,Retina 3,Rod,RP11-302L19.3,3002,5732927,0.0,0.0,0.0,True
strict,Retina 3,Rod,RP11-403A3.3,3002,5732927,0.0,0.0,0.0,True
strict,Retina 3,Rod,RP11-412D9.4,3002,5732927,180.0,3.478083544964083,31.397574048998006,True
strict,Retina 3,Rod,RP11-507B12.1,3002,5732927,,,,False
strict,Retina 3,Rod,RP11-507B12.2,3002,5732927,0.0,0.0,0.0,True
strict,Retina 3,Rod,RP11-669E14.6,3002,5732927,0.0,0.0,0.0,True
strict,Retina 3,Rod,RP11-707O23.1,3002,5732927,,,,False
strict,Retina 3,Rod,RP11-750H9.5,3002,5732927,,,,False
strict,Retina 3,Rod,RP11-755F10.1,3002,5732927,3.0,0.420874373752254,0.5232929008166335,True
strict,Retina 3,Rod,RP11-762L8.6,3002,5732927,,,,False
strict,Retina 3,Rod,RP11-770G2.2,3002,5732927,,,,False
strict,Retina 3,Rod,RP11-798G7.6,3002,5732927,9.0,0.9438587003029807,1.5698787024499004,True
strict,Retina 3,Rod,RP11-798G7.8,3002,5732927,,,,False
strict,Retina 3,Rod,RP5-1115A15.1,3002,5732927,0.0,0.0,0.0,True
strict,Retina 3,Rod,RPS26P8,3002,5732927,,,,False
strict,Retina 3,Rod,SCRN2,3002,5732927,172.0,3.4340557928905526,30.002126313486986,True
strict,Retina 3,Rod,SEMA3E,3002,5732927,8.0,0.8735701593242862,1.3954477355110226,True
strict,Retina 3,Rod,SEPT7,3002,5732927,1111.0,5.271936451455807,193.79280426909327,True
strict,Retina 3,Rod,SF3A3,3002,5732927,192.0,3.540691046090657,33.49074565226454,True
strict,Retina 3,Rod,SFTA1P,3002,5732927,0.0,0.0,0.0,True
strict,Retina 3,Rod,SGSM2,3002,5732927,87.0,2.7834973885251486,15.17549412368237,True
strict,Retina 3,Rod,SLC25A45,3002,5732927,1.0,0.1607837468367416,0.17443096693887783,True
strict,Retina 3,Rod,SLC39A13,3002,5732927,68.0,2.554223249568247,11.861305751843691,True
strict,Retina 3,Rod,SMAD6,3002,5732927,0.0,0.0,0.0,True
strict,Retina 3,Rod,SNORD14A,3002,5732927,,,,False
strict,Retina 3,Rod,SSSCA1-AS1,3002,5732927,,,,False
strict,Retina 3,Rod,TARID,3002,5732927,0.0,0.0,0.0,True
strict,Retina 3,Rod,TBC1D31,3002,5732927,40.0,2.076592321197826,6.977238677555113,True
strict,Retina 3,Rod,TBKBP1,3002,5732927,15.0,1.285496892267511,2.6164645040831673,True
strict,Retina 3,Rod,TBPL1,3002,5732927,258.0,3.8287107303948025,45.003189470230474,True
strict,Retina 3,Rod,TGFB3,3002,5732927,10.0,1.0095295567719809,1.7443096693887783,True
strict,Retina 3,Rod,THCAT158,3002,5732927,0.0,0.0,0.0,True
strict,Retina 3,Rod,THSD7A,3002,5732927,0.0,0.0,0.0,True
strict,Retina 3,Rod,TIGD3,3002,5732927,26.0,1.7111286278786524,4.535205140410823,True
strict,Retina 3,Rod,TMEM116,3002,5732927,145.0,3.2692833549155345,25.292490206137284,True
strict,Retina 3,Rod,TMEM136,3002,5732927,852.0,5.008066556592686,148.6151838319239,True
strict,Retina 3,Rod,TMEM181,3002,5732927,73.0,2.6198352336544963,12.733460586538081,True
strict,Retina 3,Rod,TMEM263,3002,5732927,169.0,3.417032456223461,29.47883341267035,True
strict,Retina 3,Rod,TRIM26,3002,5732927,82.0,2.7280710587666315,14.303339288987981,True
strict,Retina 3,Rod,TRIOBP,3002,5732927,14.0,1.236062441246903,2.4420335371442894,True
strict,Retina 3,Rod,TSC22D2,3002,5732927,117.0,3.063784448877952,20.408423131848703,True
strict,Retina 3,Rod,TTC28,3002,5732927,109.0,2.9963808330107162,19.012975396337684,True
strict,Retina 3,Rod,TTLL5,3002,5732927,238.0,3.7498468438011736,41.51457013145292,True
strict,Retina 3,Rod,TXNDC8,3002,5732927,,,,False
strict,Retina 3,Rod,TXNRD2,3002,5732927,52.0,2.3096014487824927,9.070410280821646,True
strict,Retina 3,Rod,UTP11,3002,5732927,144.0,3.2626269999324995,25.118059239198406,True
strict,Retina 3,Rod,VARS2,3002,5732927,16.0,1.3326022632239718,2.7908954710220453,True
strict,Retina 3,Rod,VCAM1,3002,5732927,0.0,0.0,0.0,True
strict,Retina 3,Rod,WLS,3002,5732927,901.0,5.0636217286548995,157.1623012119289,True
strict,Retina 3,Rod,WNT2B,3002,5732927,135.0,3.2006377389379894,23.548180536748507,True
strict,Retina 3,Rod,XRCC6P1,3002,5732927,,,,False
strict,Retina 3,Rod,XXbac-BPG170G13.32,3002,5732927,0.0,0.0,0.0,True
strict,Retina 3,Rod,XXbac-BPG283O16.9,3002,5732927,,,,False
strict,Retina 3,Rod,YAP1,3002,5732927,7.0,0.7979650948937598,1.2210167685721447,True
strict,Retina 3,Rod,YIF1A,3002,5732927,383.0,4.216666324297417,66.8070603375902,True
strict,Retina 3,Rod,ZNF280D,3002,5732927,327.0,4.0611139266217675,57.03892618901305,True
strict,Retina 3,Rod,ZNF638,3002,5732927,708.0,4.824282619997295,123.4971245927255,True
strict,Retina 3,Rod,ZNF638-IT1,3002,5732927,,,,False
strict,Retina 3,Cone,DGKG,248,1059310,0.0,0.0,0.0,True
strict,Retina 3,Cone,SLC2A12,248,1059310,0.0,0.0,0.0,True
strict,Retina 3,Cone,COL8A2,248,1059310,0.0,0.0,0.0,True
strict,Retina 3,Cone,NPC2,248,1059310,113.0,4.679100823490325,106.67321180768613,True
strict,Retina 3,Cone,PSMC3,248,1059310,111.0,4.6614105319304,104.78519035976248,True
strict,Retina 3,Cone,RP11-466F5.8,248,1059310,4.0,1.5636123575925334,3.7760428958472967,True
strict,Retina 3,Cone,LPP,248,1059310,18.0,2.889937943329611,16.992193031312837,True
strict,Retina 3,Cone,RP11-121M22.1,248,1059310,9.0,2.2508808210780007,8.496096515656419,True
strict,Retina 3,Cone,ABO,248,1059310,0.0,0.0,0.0,True
strict,Retina 3,Cone,ADAMTS8,248,1059310,0.0,0.0,0.0,True
strict,Retina 3,Cone,CALD1,248,1059310,4.0,1.5636123575925334,3.7760428958472967,True
strict,Retina 3,Cone,CHEK2,248,1059310,0.0,0.0,0.0,True
strict,Retina 3,Cone,GAS7,248,1059310,127.0,4.7948757632047005,119.88936194315167,True
strict,Retina 3,Cone,LMX1B,248,1059310,,,,False
strict,Retina 3,Cone,TCF12,248,1059310,57.0,4.00384732149609,53.80861126582398,True
strict,Retina 3,Cone,TMCO1,248,1059310,214.0,5.313296097778166,202.01829492783037,True
strict,Retina 3,Cone,TRIB2,248,1059310,37.0,3.5815279796619808,34.9283967865875,True
strict,Retina 3,Cone,AC000078.5,248,1059310,,,,False
strict,Retina 3,Cone,AC002066.1,248,1059310,,,,False
strict,Retina 3,Cone,AC012066.1,248,1059310,,,,False
strict,Retina 3,Cone,AC091132.1,248,1059310,,,,False
strict,Retina 3,Cone,ACBD4,248,1059310,28.0,3.3117211611101562,26.432300270931076,True
strict,Retina 3,Cone,AFAP1,248,1059310,0.0,0.0,0.0,True
strict,Retina 3,Cone,ALDH2,248,1059310,47.0,3.8148181203794653,44.368504026205734,True
strict,Retina 3,Cone,AP003068.23,248,1059310,2.0,1.0605716475693632,1.8880214479236483,True
strict,Retina 3,Cone,AP5B1,248,1059310,2.0,1.0605716475693632,1.8880214479236483,True
strict,Retina 3,Cone,AREL1,248,1059310,12.0,2.5118835366023564,11.32812868754189,True
strict,Retina 3,Cone,ARHGAP27,248,1059310,2.0,1.0605716475693632,1.8880214479236483,True
strict,Retina 3,Cone,ARHGEF12,248,1059310,109.0,4.6434016495321995,102.89716891183883,True
strict,Retina 3,Cone,ARL17A,248,1059310,19.0,2.941075632360523,17.93620375527466,True
strict,Retina 3,Cone,ATP5J,248,1059310,976.0,6.826929603671725,921.3544665867404,True
strict,Retina 3,Cone,BICC1,248,1059310,0.0,0.0,0.0,True
strict,Retina 3,Cone,BORA,248,1059310,2.0,1.0605716475693632,1.8880214479236483,True
strict,Retina 3,Cone,C1orf109,248,1059310,20.0,2.989724989864219,18.880214479236486,True
strict,Retina 3,Cone,C1orf122,248,1059310,500.0,6.159106724539544,472.0053619809121,True
strict,Retina 3,Cone,C22orf29,248,1059310,9.0,2.2508808210780007,8.496096515656419,True
strict,Retina 3,Cone,C6orf15,248,1059310,,,,False
strict,Retina 3,Cone,CADM1,248,1059310,217.0,5.3271493372344025,204.85032709971586,True
strict,Retina 3,Cone,CADM2,248,1059310,623.0,6.378627659157457,588.1186810282164,True
strict,Retina 3,Cone,CAV2,248,1059310,3.0,1.3433952556593507,2.8320321718854724,True
strict,Retina 3,Cone,CCDC117,248,1059310,15.0,2.718670990938101,14.160160859427362,True
strict,Retina 3,Cone,CDC14A,248,1059310,7.0,2.0292101921414103,6.608075067732769,True
strict,Retina 3,Cone,CDKN2A,248,1059310,0.0,0.0,0.0,True
strict,Retina 3,Cone,CDKN2B-AS1,248,1059310,0.0,0.0,0.0,True
strict,Retina 3,Cone,CELF1,248,1059310,65.0,4.132935222086028,61.36069705751857,True
strict,Retina 3,Cone,CLIC5,248,1059310,0.0,0.0,0.0,True
strict,Retina 3,Cone,CMB9-22P13.1,248,1059310,,,,False
strict,Retina 3,Cone,COL11A1,248,1059310,0.0,0.0,0.0,True
strict,Retina 3,Cone,CRHR1,248,1059310,0.0,0.0,0.0,True
strict,Retina 3,Cone,CTA-292E10.6,248,1059310,11.0,2.4322192229598008,10.384117963580067,True
strict,Retina 3,Cone,CTB-39G8.3,248,1059310,,,,False
strict,Retina 3,Cone,CTD-2005H7.1,248,1059310,0.0,0.0,0.0,True
strict,Retina 3,Cone,CTD-2020K17.1,248,1059310,1.0,0.6647532224642994,0.9440107239618242,True
strict,Retina 3,Cone,CTD-2020K17.3,248,1059310,1.0,0.6647532224642994,0.9440107239618242,True
strict,Retina 3,Cone,CTTNBP2,248,1059310,28.0,3.3117211611101562,26.432300270931076,True
strict,Retina 3,Cone,DDX39BP2,248,1059310,,,,False
strict,Retina 3,Cone,DIO1,248,1059310,,,,False
strict,Retina 3,Cone,DND1P1,248,1059310,,,,False
strict,Retina 3,Cone,DYSF,248,1059310,0.0,0.0,0.0,True
strict,Retina 3,Cone,EFCAB13,248,1059310,3.0,1.3433952556593507,2.8320321718854724,True
strict,Retina 3,Cone,EFEMP1,248,1059310,1.0,0.6647532224642994,0.9440107239618242,True
strict,Retina 3,Cone,EHBP1L1,248,1059310,0.0,0.0,0.0,True
strict,Retina 3,Cone,FAM215B,248,1059310,19.0,2.941075632360523,17.93620375527466,True
strict,Retina 3,Cone,FAM83A,248,1059310,,,,False
strict,Retina 3,Cone,FAM83A-AS1,248,1059310,,,,False
strict,Retina 3,Cone,FAM89B,248,1059310,0.0,0.0,0.0,True
strict,Retina 3,Cone,FHL3,248,1059310,0.0,0.0,0.0,True
strict,Retina 3,Cone,FLOT1,248,1059310,29.0,3.345554677197452,27.3763109948929,True
strict,Retina 3,Cone,FLVCR2,248,1059310,0.0,0.0,0.0,True
strict,Retina 3,Cone,FMNL1,248,1059310,0.0,0.0,0.0,True
strict,Retina 3,Cone,FNDC4,248,1059310,27.0,3.2767027314359263,25.488289546969252,True
strict,Retina 3,Cone,GALR3,248,1059310,,,,False
strict,Retina 3,Cone,GCAT,248,1059310,0.0,0.0,0.0,True
strict,Retina 3,Cone,GLIS1,248,1059310,0.0,0.0,0.0,True
strict,Retina 3,Cone,H1F0,248,1059310,2.0,1.0605716475693632,1.8880214479236483,True
strict,Retina 3,Cone,HCG4,248,1059310,,,,False
strict,Retina 3,Cone,HCG4B,248,1059310,,,,False
strict,Retina 3,Cone,HCG4P5,248,1059310,,,,False
strict,Retina 3,Cone,HCG4P7,248,1059310,,,,False
strict,Retina 3,Cone,HCG9,248,1059310,0.0,0.0,0.0,True
strict,Retina 3,Cone,HCP5B,248,1059310,0.0,0.0,0.0,True
strict,Retina 3,Cone,HECTD4,248,1059310,39.0,3.632743353153469,36.81641823451115,True
strict,Retina 3,Cone,HLA-A,248,1059310,6.0,1.896729560245741,5.664064343770945,True
strict,Retina 3,Cone,HLA-C,248,1059310,5.0,1.7439781794402738,4.720053619809121,True
strict,Retina 3,Cone,HLA-F,248,1059310,0.0,0.0,0.0,True
strict,Retina 3,Cone,HLA-F-AS1,248,1059310,,,,False
strict,Retina 3,Cone,HLA-G,248,1059310,0.0,0.0,0.0,True
strict,Retina 3,Cone,HLA-H,248,1059310,,,,False
strict,Retina 3,Cone,HLA-J,248,1059310,,,,False
strict,Retina 3,Cone,HLA-L,248,1059310,,,,False
strict,Retina 3,Cone,HLA-T,248,1059310,,,,False
strict,Retina 3,Cone,HLA-U,248,1059310,,,,False
strict,Retina 3,Cone,HLA-V,248,1059310,,,,False
strict,Retina 3,Cone,HLA-W,248,1059310,,,,False
strict,Retina 3,Cone,HSCB,248,1059310,15.0,2.718670990938101,14.160160859427362,True
strict,Retina 3,Cone,HTRA3,248,1059310,0.0,0.0,0.0,True
strict,Retina 3,Cone,IFITM4P,248,1059310,,,,False
strict,Retina 3,Cone,IFT172,248,1059310,44.0,3.7503618691986316,41.53647185432027,True
strict,Retina 3,Cone,INPP5B,248,1059310,5.0,1.7439781794402738,4.720053619809121,True
strict,Retina 3,Cone,ITGB3,248,1059310,0.0,0.0,0.0,True
strict,Retina 3,Cone,KANSL1,248,1059310,122.0,4.755048681503548,115.16930832334255,True
strict,Retina 3,Cone,KANSL1-AS1,248,1059310,13.0,2.5856670570149904,12.272139411503714,True
strict,Retina 3,Cone,KHK,248,1059310,0.0,0.0,0.0,True
strict,Retina 3,Cone,KLF5,248,1059310,0.0,0.0,0.0,True
strict,Retina 3,Cone,KRT8P26,248,1059310,,,,False
strict,Retina 3,Cone,LHPP,248,1059310,28.0,3.3117211611101562,26.432300270931076,True
strict,Retina 3,Cone,LINC01948,248,1059310,0.0,0.0,0.0,True
strict,Retina 3,Cone,LINC02052,248,1059310,,,,False
strict,Retina 3,Cone,LINC02210,248,1059310,,,,False
strict,Retina 3,Cone,LMO4,248,1059310,110.0,4.652446630164135,103.84117963580066,True
strict,Retina 3,Cone,LMO7,248,1059310,5.0,1.7439781794402738,4.720053619809121,True
strict,Retina 3,Cone,LOXL1,248,1059310,0.0,0.0,0.0,True
strict,Retina 3,Cone,LOXL1-AS1,248,1059310,0.0,0.0,0.0,True
strict,Retina 3,Cone,LRRC37A,248,1059310,6.0,1.896729560245741,5.664064343770945,True
strict,Retina 3,Cone,LRRC37A17P,248,1059310,,,,False
strict,Retina 3,Cone,LRRC37A2,248,1059310,7.0,2.0292101921414103,6.608075067732769,True
strict,Retina 3,Cone,LRRC37A4P,248,1059310,,,,False
strict,Retina 3,Cone,LRWD1,248,1059310,17.0,2.836043588506795,16.048182307351013,True
strict,Retina 3,Cone,LTBP2,248,1059310,0.0,0.0,0.0,True
strict,Retina 3,Cone,LTBP3,248,1059310,0.0,0.0,0.0,True
strict,Retina 3,Cone,MADD,248,1059310,87.0,4.4203928119581395,82.12893298467871,True
strict,Retina 3,Cone,MAPK8IP1P1,248,1059310,,,,False
strict,Retina 3,Cone,MAPK8IP1P2,248,1059310,,,,False
strict,Retina 3,Cone,MAPT,248,1059310,58.0,4.020924440441216,54.7526219897858,True
strict,Retina 3,Cone,MAPT-AS1,248,1059310,1.0,0.6647532224642994,0.9440107239618242,True
strict,Retina 3,Cone,MAPT-IT1,248,1059310,,,,False
strict,Retina 3,Cone,ME3,248,1059310,4.0,1.5636123575925334,3.7760428958472967,True
strict,Retina 3,Cone,MICE,248,1059310,,,,False
strict,Retina 3,Cone,MOV10,248,1059310,3.0,1.3433952556593507,2.8320321718854724,True
strict,Retina 3,Cone,MRPL33,248,1059310,550.0,6.254224691241322,519.2058981790033,True
strict,Retina 3,Cone,MTCH2,248,1059310,84.0,4.385731025099478,79.29690081279324,True
strict,Retina 3,Cone,MVB12B,248,1059310,0.0,0.0,0.0,True
strict,Retina 3,Cone,Metazoa_SRP,248,1059310,,,,False
strict,Retina 3,Cone,NEAT1,248,1059310,14.0,2.65437865181695,13.216150135465538,True
strict,Retina 3,Cone,NMT1,248,1059310,219.0,5.336279348156242,206.7383485476395,True
strict,Retina 3,Cone,NPEPPS,248,1059310,150.0,4.960054788381323,141.60160859427364,True
strict,Retina 3,Cone,NRBP1,248,1059310,45.0,3.772312161047951,42.48048257828209,True
strict,Retina 3,Cone,NSF,248,1059310,173.0,5.101778350431107,163.3138552453956,True
strict,Retina 3,Cone,NUCB2,248,1059310,99.0,4.548145357401689,93.45706167222059,True
strict,Retina 3,Cone,NUDT7,248,1059310,4.0,1.5636123575925334,3.7760428958472967,True
strict,Retina 3,Cone,PDE6C,248,1059310,102.0,4.5776868949765035,96.28909384410606,True
strict,Retina 3,Cone,PGAM1P8,248,1059310,,,,False
strict,Retina 3,Cone,PIBF1,248,1059310,29.0,3.345554677197452,27.3763109948929,True
strict,Retina 3,Cone,PIGC,248,1059310,17.0,2.836043588506795,16.048182307351013,True
strict,Retina 3,Cone,PKIB,248,1059310,383.0,5.89317924101396,361.55610727737866,True
strict,Retina 3,Cone,PLCE1,248,1059310,14.0,2.65437865181695,13.216150135465538,True
strict,Retina 3,Cone,PLCE1-AS1,248,1059310,,,,False
strict,Retina 3,Cone,PLEKHA7,248,1059310,23.0,3.122904279058952,21.71224665112196,True
strict,Retina 3,Cone,PLEKHM1,248,1059310,1.0,0.6647532224642994,0.9440107239618242,True
strict,Retina 3,Cone,PPP1R18,248,1059310,4.0,1.5636123575925334,3.7760428958472967,True
strict,Retina 3,Cone,PRKCE,248,1059310,5.0,1.7439781794402738,4.720053619809121,True
strict,Retina 3,Cone,PROX2,248,1059310,,,,False
strict,Retina 3,Cone,PRSS23,248,1059310,0.0,0.0,0.0,True
strict,Retina 3,Cone,PSORS1C3,248,1059310,,,,False
strict,Retina 3,Cone,RAPSN,248,1059310,0.0,0.0,0.0,True
strict,Retina 3,Cone,RERE,248,1059310,168.0,5.07263184732912,158.59380162558648,True
strict,Retina 3,Cone,RIC8B,248,1059310,14.0,2.65437865181695,13.216150135465538,True
strict,Retina 3,Cone,RORA,248,1059310,562.0,6.275767216177834,530.5340268665452,True
strict,Retina 3,Cone,RP11-123K19.1,248,1059310,,,,False
strict,Retina 3,Cone,RP11-136H19.1,248,1059310,,,,False
strict,Retina 3,Cone,RP11-149I2.4,248,1059310,,,,False
strict,Retina 3,Cone,RP11-162I7.1,248,1059310,,,,False
strict,Retina 3,Cone,RP11-17G12.2,248,1059310,,,,False
strict,Retina 3,Cone,RP11-205K6.1,248,1059310,,,,False
strict,Retina 3,Cone,RP11-217B7.2,248,1059310,0.0,0.0,0.0,True
strict,Retina 3,Cone,RP11-259A24.1,248,1059310,,,,False
strict,Retina 3,Cone,RP11-259G18.1,248,1059310,,,,False
strict,Retina 3,Cone,RP11-259G18.3,248,1059310,,,,False
strict,Retina 3,Cone,RP11-293E1.1,248,1059310,,,,False
strict,Retina 3,Cone,RP11-293E1.2,248,1059310,,,,False
strict,Retina 3,Cone,RP11-302L19.3,248,1059310,0.0,0.0,0.0,True
strict,Retina 3,Cone,RP11-403A3.3,248,1059310,0.0,0.0,0.0,True
strict,Retina 3,Cone,RP11-412D9.4,248,1059310,33.0,3.470485663889641,31.152353890740198,True
strict,Retina 3,Cone,RP11-507B12.1,248,1059310,,,,False
strict,Retina 3,Cone,RP11-507B12.2,248,1059310,0.0,0.0,0.0,True
strict,Retina 3,Cone,RP11-669E14.6,248,1059310,1.0,0.6647532224642994,0.9440107239618242,True
strict,Retina 3,Cone,RP11-707O23.1,248,1059310,,,,False
strict,Retina 3,Cone,RP11-750H9.5,248,1059310,,,,False
strict,Retina 3,Cone,RP11-755F10.1,248,1059310,1.0,0.6647532224642994,0.9440107239618242,True
strict,Retina 3,Cone,RP11-762L8.6,248,1059310,,,,False
strict,Retina 3,Cone,RP11-770G2.2,248,1059310,,,,False
strict,Retina 3,Cone,RP11-798G7.6,248,1059310,0.0,0.0,0.0,True
strict,Retina 3,Cone,RP11-798G7.8,248,1059310,,,,False
strict,Retina 3,Cone,RP5-1115A15.1,248,1059310,0.0,0.0,0.0,True
strict,Retina 3,Cone,RPS26P8,248,1059310,,,,False
strict,Retina 3,Cone,SCRN2,248,1059310,34.0,3.4994234459796805,32.096364614702026,True
strict,Retina 3,Cone,SEMA3E,248,1059310,0.0,0.0,0.0,True
strict,Retina 3,Cone,SEPT7,248,1059310,130.0,4.818032216061151,122.72139411503714,True
strict,Retina 3,Cone,SF3A3,248,1059310,22.0,3.0804518396783735,20.768235927160134,True
strict,Retina 3,Cone,SFTA1P,248,1059310,0.0,0.0,0.0,True
strict,Retina 3,Cone,SGSM2,248,1059310,32.0,3.440685468259586,30.208343166778374,True
strict,Retina 3,Cone,SLC25A45,248,1059310,0.0,0.0,0.0,True
strict,Retina 3,Cone,SLC39A13,248,1059310,16.0,2.779078342986963,15.104171583389187,True
strict,Retina 3,Cone,SMAD6,248,1059310,0.0,0.0,0.0,True
strict,Retina 3,Cone,SNORD14A,248,1059310,,,,False
strict,Retina 3,Cone,SSSCA1-AS1,248,1059310,,,,False
strict,Retina 3,Cone,TARID,248,1059310,0.0,0.0,0.0,True
strict,Retina 3,Cone,TBC1D31,248,1059310,5.0,1.7439781794402738,4.720053619809121,True
strict,Retina 3,Cone,TBKBP1,248,1059310,11.0,2.4322192229598008,10.384117963580067,True
strict,Retina 3,Cone,TBPL1,248,1059310,42.0,3.7049607148833723,39.64845040639662,True
strict,Retina 3,Cone,TGFB3,248,1059310,1.0,0.6647532224642994,0.9440107239618242,True
strict,Retina 3,Cone,THCAT158,248,1059310,0.0,0.0,0.0,True
strict,Retina 3,Cone,THSD7A,248,1059310,65.0,4.132935222086028,61.36069705751857,True
strict,Retina 3,Cone,TIGD3,248,1059310,3.0,1.3433952556593507,2.8320321718854724,True
strict,Retina 3,Cone,TMEM116,248,1059310,17.0,2.836043588506795,16.048182307351013,True
strict,Retina 3,Cone,TMEM136,248,1059310,99.0,4.548145357401689,93.45706167222059,True
strict,Retina 3,Cone,TMEM181,248,1059310,12.0,2.5118835366023564,11.32812868754189,True
strict,Retina 3,Cone,TMEM263,248,1059310,33.0,3.470485663889641,31.152353890740198,True
strict,Retina 3,Cone,TRIM26,248,1059310,12.0,2.5118835366023564,11.32812868754189,True
strict,Retina 3,Cone,TRIOBP,248,1059310,5.0,1.7439781794402738,4.720053619809121,True
strict,Retina 3,Cone,TSC22D2,248,1059310,27.0,3.2767027314359263,25.488289546969252,True
strict,Retina 3,Cone,TTC28,248,1059310,30.0,3.3782808496340606,28.320321718854725,True
strict,Retina 3,Cone,TTLL5,248,1059310,35.0,3.5275473300446136,33.04037533866385,True
strict,Retina 3,Cone,TXNDC8,248,1059310,,,,False
strict,Retina 3,Cone,TXNRD2,248,1059310,14.0,2.65437865181695,13.216150135465538,True
strict,Retina 3,Cone,UTP11,248,1059310,40.0,3.6573998540013926,37.76042895847297,True
strict,Retina 3,Cone,VARS2,248,1059310,4.0,1.5636123575925334,3.7760428958472967,True
strict,Retina 3,Cone,VCAM1,248,1059310,0.0,0.0,0.0,True
strict,Retina 3,Cone,WLS,248,1059310,145.0,4.926395019322702,136.8815549744645,True
strict,Retina 3,Cone,WNT2B,248,1059310,23.0,3.122904279058952,21.71224665112196,True
strict,Retina 3,Cone,XRCC6P1,248,1059310,,,,False
strict,Retina 3,Cone,XXbac-BPG170G13.32,248,1059310,0.0,0.0,0.0,True
strict,Retina 3,Cone,XXbac-BPG283O16.9,248,1059310,,,,False
strict,Retina 3,Cone,YAP1,248,1059310,1.0,0.6647532224642994,0.9440107239618242,True
strict,Retina 3,Cone,YIF1A,248,1059310,100.0,4.558089819441191,94.40107239618241,True
strict,Retina 3,Cone,ZNF280D,248,1059310,76.0,4.286957632324043,71.74481502109865,True
strict,Retina 3,Cone,ZNF638,248,1059310,150.0,4.960054788381323,141.60160859427364,True
strict,Retina 3,Cone,ZNF638-IT1,248,1059310,,,,False
strict,Retina 3,Bipolar,DGKG,910,2451020,1.0,0.34216557507328593,0.40799340682654567,True
strict,Retina 3,Bipolar,SLC2A12,910,2451020,0.0,0.0,0.0,True
strict,Retina 3,Bipolar,COL8A2,910,2451020,0.0,0.0,0.0,True
strict,Retina 3,Bipolar,NPC2,910,2451020,113.0,3.852342106307576,46.103254971399664,True
strict,Retina 3,Bipolar,PSMC3,910,2451020,295.0,4.798745308328387,120.35805501383098,True
strict,Retina 3,Bipolar,RP11-466F5.8,910,2451020,5.0,1.1118466713240467,2.0399670341327285,True
strict,Retina 3,Bipolar,LPP,910,2451020,33.0,2.671647761036405,13.463782425276008,True
strict,Retina 3,Bipolar,RP11-121M22.1,910,2451020,6.0,1.2377828796959771,2.447960440959274,True
strict,Retina 3,Bipolar,ABO,910,2451020,0.0,0.0,0.0,True
strict,Retina 3,Bipolar,ADAMTS8,910,2451020,0.0,0.0,0.0,True
strict,Retina 3,Bipolar,CALD1,910,2451020,360.0,4.996385083476789,146.87762645755646,True
strict,Retina 3,Bipolar,CHEK2,910,2451020,4.0,0.9677339933924227,1.6319736273061827,True
strict,Retina 3,Bipolar,GAS7,910,2451020,139.0,4.055449244302805,56.71108354888985,True
strict,Retina 3,Bipolar,LMX1B,910,2451020,,,,False
strict,Retina 3,Bipolar,TCF12,910,2451020,51.0,3.082261456096946,20.80766374815383,True
strict,Retina 3,Bipolar,TMCO1,910,2451020,400.0,5.101069135565459,163.19736273061827,True
strict,Retina 3,Bipolar,TRIB2,910,2451020,122.0,3.927407960395285,49.775195632838575,True
strict,Retina 3,Bipolar,AC000078.5,910,2451020,,,,False
strict,Retina 3,Bipolar,AC002066.1,910,2451020,,,,False
strict,Retina 3,Bipolar,AC012066.1,910,2451020,,,,False
strict,Retina 3,Bipolar,AC091132.1,910,2451020,,,,False
strict,Retina 3,Bipolar,ACBD4,910,2451020,66.0,3.329614188563904,26.927564850552017,True
strict,Retina 3,Bipolar,AFAP1,910,2451020,4.0,0.9677339933924227,1.6319736273061827,True
strict,Retina 3,Bipolar,ALDH2,910,2451020,172.0,4.265139750115835,70.17486597416585,True
strict,Retina 3,Bipolar,AP003068.23,910,2451020,0.0,0.0,0.0,True
strict,Retina 3,Bipolar,AP5B1,910,2451020,4.0,0.9677339933924227,1.6319736273061827,True
strict,Retina 3,Bipolar,AREL1,910,2451020,24.0,2.3787904564403908,9.791841763837096,True
strict,Retina 3,Bipolar,ARHGAP27,910,2451020,18.0,2.1215284945481643,7.343881322877822,True
strict,Retina 3,Bipolar,ARHGEF12,910,2451020,421.0,5.151933587702284,171.76522427397572,True
strict,Retina 3,Bipolar,ARL17A,910,2451020,53.0,3.118995844130193,21.623650561806922,True
strict,Retina 3,Bipolar,ATP5J,910,2451020,989.0,6.002665282393089,403.5054793514537,True
strict,Retina 3,Bipolar,BICC1,910,2451020,4.0,0.9677339933924227,1.6319736273061827,True
strict,Retina 3,Bipolar,BORA,910,2451020,8.0,1.4501953168556012,3.2639472546123653,True
strict,Retina 3,Bipolar,C1orf109,910,2451020,42.0,2.897883644380837,17.13572308671492,True
strict,Retina 3,Bipolar,C1orf122,910,2451020,844.0,5.844548073667913,344.34643536160456,True
strict,Retina 3,Bipolar,C22orf29,910,2451020,37.0,2.778555638023539,15.09575605258219,True
strict,Retina 3,Bipolar,C6orf15,910,2451020,,,,False
strict,Retina 3,Bipolar,CADM1,910,2451020,1426.0,6.367841668921201,581.7985981346542,True
strict,Retina 3,Bipolar,CADM2,910,2451020,1016.0,6.029533879734164,414.52130133577043,True
strict,Retina 3,Bipolar,CAV2,910,2451020,33.0,2.671647761036405,13.463782425276008,True
strict,Retina 3,Bipolar,CCDC117,910,2451020,46.0,2.9840491262993467,18.767696714021103,True
strict,Retina 3,Bipolar,CDC14A,910,2451020,4.0,0.9677339933924227,1.6319736273061827,True
strict,Retina 3,Bipolar,CDKN2A,910,2451020,7.0,1.3496184077414581,2.8559538477858197,True
strict,Retina 3,Bipolar,CDKN2B-AS1,910,2451020,2.0,0.5966290189484941,0.8159868136530913,True
strict,Retina 3,Bipolar,CELF1,910,2451020,218.0,4.499171274245362,88.94256268818695,True
strict,Retina 3,Bipolar,CLIC5,910,2451020,4.0,0.9677339933924227,1.6319736273061827,True
strict,Retina 3,Bipolar,CMB9-22P13.1,910,2451020,,,,False
strict,Retina 3,Bipolar,COL11A1,910,2451020,0.0,0.0,0.0,True
strict,Retina 3,Bipolar,CRHR1,910,2451020,1.0,0.34216557507328593,0.40799340682654567,True
strict,Retina 3,Bipolar,CTA-292E10.6,910,2451020,26.0,2.4516797478548384,10.607828577490189,True
strict,Retina 3,Bipolar,CTB-39G8.3,910,2451020,,,,False
strict,Retina 3,Bipolar,CTD-2005H7.1,910,2451020,2.0,0.5966290189484941,0.8159868136530913,True
strict,Retina 3,Bipolar,CTD-2020K17.1,910,2451020,1.0,0.34216557507328593,0.40799340682654567,True
strict,Retina 3,Bipolar,CTD-2020K17.3,910,2451020,21.0,2.2584097263006315,8.56786154335746,True
strict,Retina 3,Bipolar,CTTNBP2,910,2451020,48.0,3.0244987001854935,19.583683527674193,True
strict,Retina 3,Bipolar,DDX39BP2,910,2451020,,,,False
strict,Retina 3,Bipolar,DIO1,910,2451020,,,,False
strict,Retina 3,Bipolar,DND1P1,910,2451020,,,,False
strict,Retina 3,Bipolar,DYSF,910,2451020,1.0,0.34216557507328593,0.40799340682654567,True
strict,Retina 3,Bipolar,EFCAB13,910,2451020,13.0,1.8411707561346404,5.303914288745094,True
strict,Retina 3,Bipolar,EFEMP1,910,2451020,3.0,0.799298482679559,1.223980220479637,True
strict,Retina 3,Bipolar,EHBP1L1,910,2451020,1.0,0.34216557507328593,0.40799340682654567,True
strict,Retina 3,Bipolar,FAM215B,910,2451020,60.0,3.237878305057253,24.479604409592742,True
strict,Retina 3,Bipolar,FAM83A,910,2451020,,,,False
strict,Retina 3,Bipolar,FAM83A-AS1,910,2451020,,,,False
strict,Retina 3,Bipolar,FAM89B,910,2451020,5.0,1.1118466713240467,2.0399670341327285,True
strict,Retina 3,Bipolar,FHL3,910,2451020,4.0,0.9677339933924227,1.6319736273061827,True
strict,Retina 3,Bipolar,FLOT1,910,2451020,73.0,3.4269794395617548,29.783518698337836,True
strict,Retina 3,Bipolar,FLVCR2,910,2451020,0.0,0.0,0.0,True
strict,Retina 3,Bipolar,FMNL1,910,2451020,6.0,1.2377828796959771,2.447960440959274,True
strict,Retina 3,Bipolar,FNDC4,910,2451020,55.0,3.1544284942589407,22.439637375460013,True
strict,Retina 3,Bipolar,GALR3,910,2451020,,,,False
strict,Retina 3,Bipolar,GCAT,910,2451020,18.0,2.1215284945481643,7.343881322877822,True
strict,Retina 3,Bipolar,GLIS1,910,2451020,2.0,0.5966290189484941,0.8159868136530913,True
strict,Retina 3,Bipolar,H1F0,910,2451020,440.0,5.195825504608535,179.5170990036801,True
strict,Retina 3,Bipolar,HCG4,910,2451020,,,,False
strict,Retina 3,Bipolar,HCG4B,910,2451020,,,,False
strict,Retina 3,Bipolar,HCG4P5,910,2451020,,,,False
strict,Retina 3,Bipolar,HCG4P7,910,2451020,,,,False
strict,Retina 3,Bipolar,HCG9,910,2451020,1.0,0.34216557507328593,0.40799340682654567,True
strict,Retina 3,Bipolar,HCP5B,910,2451020,1.0,0.34216557507328593,0.40799340682654567,True
strict,Retina 3,Bipolar,HECTD4,910,2451020,77.0,3.4786364667159697,31.415492325644017,True
strict,Retina 3,Bipolar,HLA-A,910,2451020,286.0,4.768021032390688,116.68611435239207,True
strict,Retina 3,Bipolar,HLA-C,910,2451020,168.0,4.241943718278181,68.54289234685967,True
strict,Retina 3,Bipolar,HLA-F,910,2451020,3.0,0.799298482679559,1.223980220479637,True
strict,Retina 3,Bipolar,HLA-F-AS1,910,2451020,,,,False
strict,Retina 3,Bipolar,HLA-G,910,2451020,0.0,0.0,0.0,True
strict,Retina 3,Bipolar,HLA-H,910,2451020,,,,False
strict,Retina 3,Bipolar,HLA-J,910,2451020,,,,False
strict,Retina 3,Bipolar,HLA-L,910,2451020,,,,False
strict,Retina 3,Bipolar,HLA-T,910,2451020,,,,False
strict,Retina 3,Bipolar,HLA-U,910,2451020,,,,False
strict,Retina 3,Bipolar,HLA-V,910,2451020,,,,False
strict,Retina 3,Bipolar,HLA-W,910,2451020,,,,False
strict,Retina 3,Bipolar,HSCB,910,2451020,33.0,2.671647761036405,13.463782425276008,True
strict,Retina 3,Bipolar,HTRA3,910,2451020,0.0,0.0,0.0,True
strict,Retina 3,Bipolar,IFITM4P,910,2451020,,,,False
strict,Retina 3,Bipolar,IFT172,910,2451020,37.0,2.778555638023539,15.09575605258219,True
strict,Retina 3,Bipolar,INPP5B,910,2451020,18.0,2.1215284945481643,7.343881322877822,True
strict,Retina 3,Bipolar,ITGB3,910,2451020,0.0,0.0,0.0,True
strict,Retina 3,Bipolar,KANSL1,910,2451020,398.0,5.096087197453517,162.38137591696517,True
strict,Retina 3,Bipolar,KANSL1-AS1,910,2451020,26.0,2.4516797478548384,10.607828577490189,True
strict,Retina 3,Bipolar,KHK,910,2451020,27.0,2.486224280024948,11.015821984316734,True
strict,Retina 3,Bipolar,KLF5,910,2451020,0.0,0.0,0.0,True
strict,Retina 3,Bipolar,KRT8P26,910,2451020,,,,False
strict,Retina 3,Bipolar,LHPP,910,2451020,61.0,3.253764005233899,24.887597816419287,True
strict,Retina 3,Bipolar,LINC01948,910,2451020,0.0,0.0,0.0,True
strict,Retina 3,Bipolar,LINC02052,910,2451020,,,,False
strict,Retina 3,Bipolar,LINC02210,910,2451020,,,,False
strict,Retina 3,Bipolar,LMO4,910,2451020,477.0,5.276137476587713,194.6128550562623,True
strict,Retina 3,Bipolar,LMO7,910,2451020,8.0,1.4501953168556012,3.2639472546123653,True
strict,Retina 3,Bipolar,LOXL1,910,2451020,0.0,0.0,0.0,True
strict,Retina 3,Bipolar,LOXL1-AS1,910,2451020,0.0,0.0,0.0,True
strict,Retina 3,Bipolar,LRRC37A,910,2451020,7.0,1.3496184077414581,2.8559538477858197,True
strict,Retina 3,Bipolar,LRRC37A17P,910,2451020,,,,False
strict,Retina 3,Bipolar,LRRC37A2,910,2451020,15.0,1.9628938352148015,6.1199011023981855,True
strict,Retina 3,Bipolar,LRRC37A4P,910,2451020,,,,False
strict,Retina 3,Bipolar,LRWD1,910,2451020,22.0,2.300167668394725,8.975854950184004,True
strict,Retina 3,Bipolar,LTBP2,910,2451020,4.0,0.9677339933924227,1.6319736273061827,True
strict,Retina 3,Bipolar,LTBP3,910,2451020,47.0,3.00447842030444,19.175690120847648,True
strict,Retina 3,Bipolar,MADD,910,2451020,95.0,3.682845628357494,38.75937364852184,True
strict,Retina 3,Bipolar,MAPK8IP1P1,910,2451020,,,,False
strict,Retina 3,Bipolar,MAPK8IP1P2,910,2451020,,,,False
strict,Retina 3,Bipolar,MAPT,910,2451020,491.0,5.304919339247207,200.32476275183393,True
strict,Retina 3,Bipolar,MAPT-AS1,910,2451020,61.0,3.253764005233899,24.887597816419287,True
strict,Retina 3,Bipolar,MAPT-IT1,910,2451020,,,,False
strict,Retina 3,Bipolar,ME3,910,2451020,61.0,3.253764005233899,24.887597816419287,True
strict,Retina 3,Bipolar,MICE,910,2451020,,,,False
strict,Retina 3,Bipolar,MOV10,910,2451020,5.0,1.1118466713240467,2.0399670341327285,True
strict,Retina 3,Bipolar,MRPL33,910,2451020,926.0,5.9370133632038,377.8018947213813,True
strict,Retina 3,Bipolar,MTCH2,910,2451020,126.0,3.9590433999099695,51.407169260144755,True
strict,Retina 3,Bipolar,MVB12B,910,2451020,8.0,1.4501953168556012,3.2639472546123653,True
strict,Retina 3,Bipolar,Metazoa_SRP,910,2451020,,,,False
strict,Retina 3,Bipolar,NEAT1,910,2451020,1307.0,6.280858995211675,533.2473827222952,True
strict,Retina 3,Bipolar,NMT1,910,2451020,251.0,4.638666324925275,102.40634511346296,True
strict,Retina 3,Bipolar,NPEPPS,910,2451020,306.0,4.835058798059641,124.84598248892298,True
strict,Retina 3,Bipolar,NRBP1,910,2451020,98.0,3.7131659810676094,39.983353869001476,True
strict,Retina 3,Bipolar,NSF,910,2451020,344.0,4.951237187769437,140.3497319483317,True
strict,Retina 3,Bipolar,NUCB2,910,2451020,211.0,4.4669031273818325,86.08660884040114,True
strict,Retina 3,Bipolar,NUDT7,910,2451020,15.0,1.9628938352148015,6.1199011023981855,True
strict,Retina 3,Bipolar,PDE6C,910,2451020,0.0,0.0,0.0,True
strict,Retina 3,Bipolar,PGAM1P8,910,2451020,,,,False
strict,Retina 3,Bipolar,PIBF1,910,2451020,47.0,3.00447842030444,19.175690120847648,True
strict,Retina 3,Bipolar,PIGC,910,2451020,85.0,3.574574600757076,34.679439580256386,True
strict,Retina 3,Bipolar,PKIB,910,2451020,201.0,4.418921023504562,82.00667477213568,True
strict,Retina 3,Bipolar,PLCE1,910,2451020,24.0,2.3787904564403908,9.791841763837096,True
strict,Retina 3,Bipolar,PLCE1-AS1,910,2451020,,,,False
strict,Retina 3,Bipolar,PLEKHA7,910,2451020,12.0,1.774260735855099,4.895920881918548,True
strict,Retina 3,Bipolar,PLEKHM1,910,2451020,11.0,1.702550675156234,4.487927475092002,True
strict,Retina 3,Bipolar,PPP1R18,910,2451020,2.0,0.5966290189484941,0.8159868136530913,True
strict,Retina 3,Bipolar,PRKCE,910,2451020,204.0,4.4335589285360895,83.23065499261531,True
strict,Retina 3,Bipolar,PROX2,910,2451020,,,,False
strict,Retina 3,Bipolar,PRSS23,910,2451020,16.0,2.018615389063843,6.527894509224731,True
strict,Retina 3,Bipolar,PSORS1C3,910,2451020,,,,False
strict,Retina 3,Bipolar,RAPSN,910,2451020,0.0,0.0,0.0,True
strict,Retina 3,Bipolar,RERE,910,2451020,404.0,5.110959165275797,164.82933635792446,True
strict,Retina 3,Bipolar,RIC8B,910,2451020,59.0,3.221736170287743,24.071611002766197,True
strict,Retina 3,Bipolar,RORA,910,2451020,477.0,5.276137476587713,194.6128550562623,True
strict,Retina 3,Bipolar,RP11-123K19.1,910,2451020,,,,False
strict,Retina 3,Bipolar,RP11-136H19.1,910,2451020,,,,False
strict,Retina 3,Bipolar,RP11-149I2.4,910,2451020,,,,False
strict,Retina 3,Bipolar,RP11-162I7.1,910,2451020,,,,False
strict,Retina 3,Bipolar,RP11-17G12.2,910,2451020,,,,False
strict,Retina 3,Bipolar,RP11-205K6.1,910,2451020,,,,False
strict,Retina 3,Bipolar,RP11-217B7.2,910,2451020,0.0,0.0,0.0,True
strict,Retina 3,Bipolar,RP11-259A24.1,910,2451020,,,,False
strict,Retina 3,Bipolar,RP11-259G18.1,910,2451020,,,,False
strict,Retina 3,Bipolar,RP11-259G18.3,910,2451020,,,,False
strict,Retina 3,Bipolar,RP11-293E1.1,910,2451020,,,,False
strict,Retina 3,Bipolar,RP11-293E1.2,910,2451020,,,,False
strict,Retina 3,Bipolar,RP11-302L19.3,910,2451020,0.0,0.0,0.0,True
strict,Retina 3,Bipolar,RP11-403A3.3,910,2451020,0.0,0.0,0.0,True
strict,Retina 3,Bipolar,RP11-412D9.4,910,2451020,71.0,3.4001145250740166,28.967531884684742,True
strict,Retina 3,Bipolar,RP11-507B12.1,910,2451020,,,,False
strict,Retina 3,Bipolar,RP11-507B12.2,910,2451020,0.0,0.0,0.0,True
strict,Retina 3,Bipolar,RP11-669E14.6,910,2451020,1.0,0.34216557507328593,0.40799340682654567,True
strict,Retina 3,Bipolar,RP11-707O23.1,910,2451020,,,,False
strict,Retina 3,Bipolar,RP11-750H9.5,910,2451020,,,,False
strict,Retina 3,Bipolar,RP11-755F10.1,910,2451020,1.0,0.34216557507328593,0.40799340682654567,True
strict,Retina 3,Bipolar,RP11-762L8.6,910,2451020,,,,False
strict,Retina 3,Bipolar,RP11-770G2.2,910,2451020,,,,False
strict,Retina 3,Bipolar,RP11-798G7.6,910,2451020,3.0,0.799298482679559,1.223980220479637,True
strict,Retina 3,Bipolar,RP11-798G7.8,910,2451020,,,,False
strict,Retina 3,Bipolar,RP5-1115A15.1,910,2451020,0.0,0.0,0.0,True
strict,Retina 3,Bipolar,RPS26P8,910,2451020,,,,False
strict,Retina 3,Bipolar,SCRN2,910,2451020,65.0,3.3148974404048444,26.519571443725468,True
strict,Retina 3,Bipolar,SEMA3E,910,2451020,293.0,4.791998805699126,119.54206820017788,True
strict,Retina 3,Bipolar,SEPT7,910,2451020,841.0,5.8409975682770545,343.12245514112493,True
strict,Retina 3,Bipolar,SF3A3,910,2451020,89.0,3.619299263963136,36.311413207562566,True
strict,Retina 3,Bipolar,SFTA1P,910,2451020,0.0,0.0,0.0,True
strict,Retina 3,Bipolar,SGSM2,910,2451020,68.0,3.3584134521459172,27.743551664205107,True
strict,Retina 3,Bipolar,SLC25A45,910,2451020,9.0,1.541574544554625,3.671940661438911,True
strict,Retina 3,Bipolar,SLC39A13,910,2451020,43.0,2.9201309981684846,17.543716493541464,True
strict,Retina 3,Bipolar,SMAD6,910,2451020,0.0,0.0,0.0,True
strict,Retina 3,Bipolar,SNORD14A,910,2451020,,,,False
strict,Retina 3,Bipolar,SSSCA1-AS1,910,2451020,,,,False
strict,Retina 3,Bipolar,TARID,910,2451020,0.0,0.0,0.0,True
strict,Retina 3,Bipolar,TBC1D31,910,2451020,12.0,1.774260735855099,4.895920881918548,True
strict,Retina 3,Bipolar,TBKBP1,910,2451020,27.0,2.486224280024948,11.015821984316734,True
strict,Retina 3,Bipolar,TBPL1,910,2451020,193.0,4.378805546503959,78.74272751752332,True
strict,Retina 3,Bipolar,TGFB3,910,2451020,0.0,0.0,0.0,True
strict,Retina 3,Bipolar,THCAT158,910,2451020,0.0,0.0,0.0,True
strict,Retina 3,Bipolar,THSD7A,910,2451020,324.0,4.891775657701723,132.1898638118008,True
strict,Retina 3,Bipolar,TIGD3,910,2451020,12.0,1.774260735855099,4.895920881918548,True
strict,Retina 3,Bipolar,TMEM116,910,2451020,66.0,3.329614188563904,26.927564850552017,True
strict,Retina 3,Bipolar,TMEM136,910,2451020,84.0,3.5630737463398794,34.27144617342984,True
strict,Retina 3,Bipolar,TMEM181,910,2451020,39.0,2.8280082247925282,15.911742866235281,True
strict,Retina 3,Bipolar,TMEM263,910,2451020,138.0,4.048354551447428,56.303090142063304,True
strict,Retina 3,Bipolar,TRIM26,910,2451020,31.0,2.6135780149354657,12.647795611622916,True
strict,Retina 3,Bipolar,TRIOBP,910,2451020,56.0,3.17168487413107,22.847630782286558,True
strict,Retina 3,Bipolar,TSC22D2,910,2451020,38.0,2.803587595055611,15.503749459408736,True
strict,Retina 3,Bipolar,TTC28,910,2451020,103.0,3.7617423152613236,42.023320903134206,True
strict,Retina 3,Bipolar,TTLL5,910,2451020,29.0,2.551927150605558,11.831808797969824,True
strict,Retina 3,Bipolar,TXNDC8,910,2451020,,,,False
strict,Retina 3,Bipolar,TXNRD2,910,2451020,76.0,3.4659702165591595,31.007498918817472,True
strict,Retina 3,Bipolar,UTP11,910,2451020,57.0,3.1886485158172233,23.255624189113103,True
strict,Retina 3,Bipolar,VARS2,910,2451020,14.0,1.9038832169207067,5.7119076955716395,True
strict,Retina 3,Bipolar,VCAM1,910,2451020,0.0,0.0,0.0,True
strict,Retina 3,Bipolar,WLS,910,2451020,38.0,2.803587595055611,15.503749459408736,True
strict,Retina 3,Bipolar,WNT2B,910,2451020,24.0,2.3787904564403908,9.791841763837096,True
strict,Retina 3,Bipolar,XRCC6P1,910,2451020,,,,False
strict,Retina 3,Bipolar,XXbac-BPG170G13.32,910,2451020,0.0,0.0,0.0,True
strict,Retina 3,Bipolar,XXbac-BPG283O16.9,910,2451020,,,,False
strict,Retina 3,Bipolar,YAP1,910,2451020,1.0,0.34216557507328593,0.40799340682654567,True
strict,Retina 3,Bipolar,YIF1A,910,2451020,107.0,3.7989728788019357,43.655294530440386,True
strict,Retina 3,Bipolar,ZNF280D,910,2451020,297.0,4.805446600502048,121.17404182748407,True
strict,Retina 3,Bipolar,ZNF638,910,2451020,442.0,5.200335593208959,180.3330858173332,True
strict,Retina 3,Bipolar,ZNF638-IT1,910,2451020,,,,False
strict,Retina 3,Amacrine,DGKG,5,16137,0.0,0.0,0.0,True
strict,Retina 3,Amacrine,SLC2A12,5,16137,0.0,0.0,0.0,True
strict,Retina 3,Amacrine,COL8A2,5,16137,0.0,0.0,0.0,True
strict,Retina 3,Amacrine,NPC2,5,16137,0.0,0.0,0.0,True
strict,Retina 3,Amacrine,PSMC3,5,16137,1.0,4.142648689608461,61.969387122761354,True
strict,Retina 3,Amacrine,RP11-466F5.8,5,16137,0.0,0.0,0.0,True
strict,Retina 3,Amacrine,LPP,5,16137,1.0,4.142648689608461,61.969387122761354,True
strict,Retina 3,Amacrine,RP11-121M22.1,5,16137,0.0,0.0,0.0,True
strict,Retina 3,Amacrine,ABO,5,16137,0.0,0.0,0.0,True
strict,Retina 3,Amacrine,ADAMTS8,5,16137,0.0,0.0,0.0,True
strict,Retina 3,Amacrine,CALD1,5,16137,0.0,0.0,0.0,True
strict,Retina 3,Amacrine,CHEK2,5,16137,0.0,0.0,0.0,True
strict,Retina 3,Amacrine,GAS7,5,16137,0.0,0.0,0.0,True
strict,Retina 3,Amacrine,LMX1B,5,16137,,,,False
strict,Retina 3,Amacrine,TCF12,5,16137,0.0,0.0,0.0,True
strict,Retina 3,Amacrine,TMCO1,5,16137,0.0,0.0,0.0,True
strict,Retina 3,Amacrine,TRIB2,5,16137,0.0,0.0,0.0,True
strict,Retina 3,Amacrine,AC000078.5,5,16137,,,,False
strict,Retina 3,Amacrine,AC002066.1,5,16137,,,,False
strict,Retina 3,Amacrine,AC012066.1,5,16137,,,,False
strict,Retina 3,Amacrine,AC091132.1,5,16137,,,,False
strict,Retina 3,Amacrine,ACBD4,5,16137,0.0,0.0,0.0,True
strict,Retina 3,Amacrine,AFAP1,5,16137,0.0,0.0,0.0,True
strict,Retina 3,Amacrine,ALDH2,5,16137,0.0,0.0,0.0,True
strict,Retina 3,Amacrine,AP003068.23,5,16137,0.0,0.0,0.0,True
strict,Retina 3,Amacrine,AP5B1,5,16137,0.0,0.0,0.0,True
strict,Retina 3,Amacrine,AREL1,5,16137,0.0,0.0,0.0,True
strict,Retina 3,Amacrine,ARHGAP27,5,16137,0.0,0.0,0.0,True
strict,Retina 3,Amacrine,ARHGEF12,5,16137,4.0,5.516961002376313,247.87754849104542,True
strict,Retina 3,Amacrine,ARL17A,5,16137,1.0,4.142648689608461,61.969387122761354,True
strict,Retina 3,Amacrine,ATP5J,5,16137,7.0,6.074853288698053,433.7857098593295,True
strict,Retina 3,Amacrine,BICC1,5,16137,0.0,0.0,0.0,True
strict,Retina 3,Amacrine,BORA,5,16137,0.0,0.0,0.0,True
strict,Retina 3,Amacrine,C1orf109,5,16137,1.0,4.142648689608461,61.969387122761354,True
strict,Retina 3,Amacrine,C1orf122,5,16137,4.0,5.516961002376313,247.87754849104542,True
strict,Retina 3,Amacrine,C22orf29,5,16137,1.0,4.142648689608461,61.969387122761354,True
strict,Retina 3,Amacrine,C6orf15,5,16137,,,,False
strict,Retina 3,Amacrine,CADM1,5,16137,1.0,4.142648689608461,61.969387122761354,True
strict,Retina 3,Amacrine,CADM2,5,16137,12.0,6.612891003444418,743.6326454731362,True
strict,Retina 3,Amacrine,CAV2,5,16137,0.0,0.0,0.0,True
strict,Retina 3,Amacrine,CCDC117,5,16137,0.0,0.0,0.0,True
strict,Retina 3,Amacrine,CDC14A,5,16137,0.0,0.0,0.0,True
strict,Retina 3,Amacrine,CDKN2A,5,16137,0.0,0.0,0.0,True
strict,Retina 3,Amacrine,CDKN2B-AS1,5,16137,0.0,0.0,0.0,True
strict,Retina 3,Amacrine,CELF1,5,16137,4.0,5.516961002376313,247.87754849104542,True
strict,Retina 3,Amacrine,CLIC5,5,16137,0.0,0.0,0.0,True
strict,Retina 3,Amacrine,CMB9-22P13.1,5,16137,,,,False
strict,Retina 3,Amacrine,COL11A1,5,16137,0.0,0.0,0.0,True
strict,Retina 3,Amacrine,CRHR1,5,16137,0.0,0.0,0.0,True
strict,Retina 3,Amacrine,CTA-292E10.6,5,16137,1.0,4.142648689608461,61.969387122761354,True
strict,Retina 3,Amacrine,CTB-39G8.3,5,16137,,,,False
strict,Retina 3,Amacrine,CTD-2005H7.1,5,16137,0.0,0.0,0.0,True
strict,Retina 3,Amacrine,CTD-2020K17.1,5,16137,0.0,0.0,0.0,True
strict,Retina 3,Amacrine,CTD-2020K17.3,5,16137,1.0,4.142648689608461,61.969387122761354,True
strict,Retina 3,Amacrine,CTTNBP2,5,16137,6.0,5.921085866017552,371.8163227365681,True
strict,Retina 3,Amacrine,DDX39BP2,5,16137,,,,False
strict,Retina 3,Amacrine,DIO1,5,16137,,,,False
strict,Retina 3,Amacrine,DND1P1,5,16137,,,,False
strict,Retina 3,Amacrine,DYSF,5,16137,0.0,0.0,0.0,True
strict,Retina 3,Amacrine,EFCAB13,5,16137,0.0,0.0,0.0,True
strict,Retina 3,Amacrine,EFEMP1,5,16137,0.0,0.0,0.0,True
strict,Retina 3,Amacrine,EHBP1L1,5,16137,0.0,0.0,0.0,True
strict,Retina 3,Amacrine,FAM215B,5,16137,1.0,4.142648689608461,61.969387122761354,True
strict,Retina 3,Amacrine,FAM83A,5,16137,,,,False
strict,Retina 3,Amacrine,FAM83A-AS1,5,16137,,,,False
strict,Retina 3,Amacrine,FAM89B,5,16137,0.0,0.0,0.0,True
strict,Retina 3,Amacrine,FHL3,5,16137,0.0,0.0,0.0,True
strict,Retina 3,Amacrine,FLOT1,5,16137,2.0,4.827823811272323,123.93877424552271,True
strict,Retina 3,Amacrine,FLVCR2,5,16137,0.0,0.0,0.0,True
strict,Retina 3,Amacrine,FMNL1,5,16137,0.0,0.0,0.0,True
strict,Retina 3,Amacrine,FNDC4,5,16137,1.0,4.142648689608461,61.969387122761354,True
strict,Retina 3,Amacrine,GALR3,5,16137,,,,False
strict,Retina 3,Amacrine,GCAT,5,16137,1.0,4.142648689608461,61.969387122761354,True
strict,Retina 3,Amacrine,GLIS1,5,16137,0.0,0.0,0.0,True
strict,Retina 3,Amacrine,H1F0,5,16137,2.0,4.827823811272323,123.93877424552271,True
strict,Retina 3,Amacrine,HCG4,5,16137,,,,False
strict,Retina 3,Amacrine,HCG4B,5,16137,,,,False
strict,Retina 3,Amacrine,HCG4P5,5,16137,,,,False
strict,Retina 3,Amacrine,HCG4P7,5,16137,,,,False
strict,Retina 3,Amacrine,HCG9,5,16137,0.0,0.0,0.0,True
strict,Retina 3,Amacrine,HCP5B,5,16137,0.0,0.0,0.0,True
strict,Retina 3,Amacrine,HECTD4,5,16137,1.0,4.142648689608461,61.969387122761354,True
strict,Retina 3,Amacrine,HLA-A,5,16137,2.0,4.827823811272323,123.93877424552271,True
strict,Retina 3,Amacrine,HLA-C,5,16137,4.0,5.516961002376313,247.87754849104542,True
strict,Retina 3,Amacrine,HLA-F,5,16137,0.0,0.0,0.0,True
strict,Retina 3,Amacrine,HLA-F-AS1,5,16137,,,,False
strict,Retina 3,Amacrine,HLA-G,5,16137,0.0,0.0,0.0,True
strict,Retina 3,Amacrine,HLA-H,5,16137,,,,False
strict,Retina 3,Amacrine,HLA-J,5,16137,,,,False
strict,Retina 3,Amacrine,HLA-L,5,16137,,,,False
strict,Retina 3,Amacrine,HLA-T,5,16137,,,,False
strict,Retina 3,Amacrine,HLA-U,5,16137,,,,False
strict,Retina 3,Amacrine,HLA-V,5,16137,,,,False
strict,Retina 3,Amacrine,HLA-W,5,16137,,,,False
strict,Retina 3,Amacrine,HSCB,5,16137,1.0,4.142648689608461,61.969387122761354,True
strict,Retina 3,Amacrine,HTRA3,5,16137,0.0,0.0,0.0,True
strict,Retina 3,Amacrine,IFITM4P,5,16137,,,,False
strict,Retina 3,Amacrine,IFT172,5,16137,1.0,4.142648689608461,61.969387122761354,True
strict,Retina 3,Amacrine,INPP5B,5,16137,0.0,0.0,0.0,True
strict,Retina 3,Amacrine,ITGB3,5,16137,0.0,0.0,0.0,True
strict,Retina 3,Amacrine,KANSL1,5,16137,1.0,4.142648689608461,61.969387122761354,True
strict,Retina 3,Amacrine,KANSL1-AS1,5,16137,0.0,0.0,0.0,True
strict,Retina 3,Amacrine,KHK,5,16137,0.0,0.0,0.0,True
strict,Retina 3,Amacrine,KLF5,5,16137,0.0,0.0,0.0,True
strict,Retina 3,Amacrine,KRT8P26,5,16137,,,,False
strict,Retina 3,Amacrine,LHPP,5,16137,2.0,4.827823811272323,123.93877424552271,True
strict,Retina 3,Amacrine,LINC01948,5,16137,0.0,0.0,0.0,True
strict,Retina 3,Amacrine,LINC02052,5,16137,,,,False
strict,Retina 3,Amacrine,LINC02210,5,16137,,,,False
strict,Retina 3,Amacrine,LMO4,5,16137,0.0,0.0,0.0,True
strict,Retina 3,Amacrine,LMO7,5,16137,0.0,0.0,0.0,True
strict,Retina 3,Amacrine,LOXL1,5,16137,0.0,0.0,0.0,True
strict,Retina 3,Amacrine,LOXL1-AS1,5,16137,0.0,0.0,0.0,True
strict,Retina 3,Amacrine,LRRC37A,5,16137,0.0,0.0,0.0,True
strict,Retina 3,Amacrine,LRRC37A17P,5,16137,,,,False
strict,Retina 3,Amacrine,LRRC37A2,5,16137,0.0,0.0,0.0,True
strict,Retina 3,Amacrine,LRRC37A4P,5,16137,,,,False
strict,Retina 3,Amacrine,LRWD1,5,16137,0.0,0.0,0.0,True
strict,Retina 3,Amacrine,LTBP2,5,16137,0.0,0.0,0.0,True
strict,Retina 3,Amacrine,LTBP3,5,16137,0.0,0.0,0.0,True
strict,Retina 3,Amacrine,MADD,5,16137,1.0,4.142648689608461,61.969387122761354,True
strict,Retina 3,Amacrine,MAPK8IP1P1,5,16137,,,,False
strict,Retina 3,Amacrine,MAPK8IP1P2,5,16137,,,,False
strict,Retina 3,Amacrine,MAPT,5,16137,4.0,5.516961002376313,247.87754849104542,True
strict,Retina 3,Amacrine,MAPT-AS1,5,16137,0.0,0.0,0.0,True
strict,Retina 3,Amacrine,MAPT-IT1,5,16137,,,,False
strict,Retina 3,Amacrine,ME3,5,16137,0.0,0.0,0.0,True
strict,Retina 3,Amacrine,MICE,5,16137,,,,False
strict,Retina 3,Amacrine,MOV10,5,16137,0.0,0.0,0.0,True
strict,Retina 3,Amacrine,MRPL33,5,16137,6.0,5.921085866017552,371.8163227365681,True
strict,Retina 3,Amacrine,MTCH2,5,16137,1.0,4.142648689608461,61.969387122761354,True
strict,Retina 3,Amacrine,MVB12B,5,16137,0.0,0.0,0.0,True
strict,Retina 3,Amacrine,Metazoa_SRP,5,16137,,,,False
strict,Retina 3,Amacrine,NEAT1,5,16137,7.0,6.074853288698053,433.7857098593295,True
strict,Retina 3,Amacrine,NMT1,5,16137,0.0,0.0,0.0,True
strict,Retina 3,Amacrine,NPEPPS,5,16137,0.0,0.0,0.0,True
strict,Retina 3,Amacrine,NRBP1,5,16137,1.0,4.142648689608461,61.969387122761354,True
strict,Retina 3,Amacrine,NSF,5,16137,1.0,4.142648689608461,61.969387122761354,True
strict,Retina 3,Amacrine,NUCB2,5,16137,0.0,0.0,0.0,True
strict,Retina 3,Amacrine,NUDT7,5,16137,0.0,0.0,0.0,True
strict,Retina 3,Amacrine,PDE6C,5,16137,0.0,0.0,0.0,True
strict,Retina 3,Amacrine,PGAM1P8,5,16137,,,,False
strict,Retina 3,Amacrine,PIBF1,5,16137,0.0,0.0,0.0,True
strict,Retina 3,Amacrine,PIGC,5,16137,0.0,0.0,0.0,True
strict,Retina 3,Amacrine,PKIB,5,16137,0.0,0.0,0.0,True
strict,Retina 3,Amacrine,PLCE1,5,16137,0.0,0.0,0.0,True
strict,Retina 3,Amacrine,PLCE1-AS1,5,16137,,,,False
strict,Retina 3,Amacrine,PLEKHA7,5,16137,0.0,0.0,0.0,True
strict,Retina 3,Amacrine,PLEKHM1,5,16137,0.0,0.0,0.0,True
strict,Retina 3,Amacrine,PPP1R18,5,16137,0.0,0.0,0.0,True
strict,Retina 3,Amacrine,PRKCE,5,16137,0.0,0.0,0.0,True
strict,Retina 3,Amacrine,PROX2,5,16137,,,,False
strict,Retina 3,Amacrine,PRSS23,5,16137,0.0,0.0,0.0,True
strict,Retina 3,Amacrine,PSORS1C3,5,16137,,,,False
strict,Retina 3,Amacrine,RAPSN,5,16137,0.0,0.0,0.0,True
strict,Retina 3,Amacrine,RERE,5,16137,10.0,6.430837999402136,619.6938712276136,True
strict,Retina 3,Amacrine,RIC8B,5,16137,0.0,0.0,0.0,True
strict,Retina 3,Amacrine,RORA,5,16137,4.0,5.516961002376313,247.87754849104542,True
strict,Retina 3,Amacrine,RP11-123K19.1,5,16137,,,,False
strict,Retina 3,Amacrine,RP11-136H19.1,5,16137,,,,False
strict,Retina 3,Amacrine,RP11-149I2.4,5,16137,,,,False
strict,Retina 3,Amacrine,RP11-162I7.1,5,16137,,,,False
strict,Retina 3,Amacrine,RP11-17G12.2,5,16137,,,,False
strict,Retina 3,Amacrine,RP11-205K6.1,5,16137,,,,False
strict,Retina 3,Amacrine,RP11-217B7.2,5,16137,0.0,0.0,0.0,True
strict,Retina 3,Amacrine,RP11-259A24.1,5,16137,,,,False
strict,Retina 3,Amacrine,RP11-259G18.1,5,16137,,,,False
strict,Retina 3,Amacrine,RP11-259G18.3,5,16137,,,,False
strict,Retina 3,Amacrine,RP11-293E1.1,5,16137,,,,False
strict,Retina 3,Amacrine,RP11-293E1.2,5,16137,,,,False
strict,Retina 3,Amacrine,RP11-302L19.3,5,16137,0.0,0.0,0.0,True
strict,Retina 3,Amacrine,RP11-403A3.3,5,16137,0.0,0.0,0.0,True
strict,Retina 3,Amacrine,RP11-412D9.4,5,16137,2.0,4.827823811272323,123.93877424552271,True
strict,Retina 3,Amacrine,RP11-507B12.1,5,16137,,,,False
strict,Retina 3,Amacrine,RP11-507B12.2,5,16137,0.0,0.0,0.0,True
strict,Retina 3,Amacrine,RP11-669E14.6,5,16137,0.0,0.0,0.0,True
strict,Retina 3,Amacrine,RP11-707O23.1,5,16137,,,,False
strict,Retina 3,Amacrine,RP11-750H9.5,5,16137,,,,False
strict,Retina 3,Amacrine,RP11-755F10.1,5,16137,0.0,0.0,0.0,True
strict,Retina 3,Amacrine,RP11-762L8.6,5,16137,,,,False
strict,Retina 3,Amacrine,RP11-770G2.2,5,16137,,,,False
strict,Retina 3,Amacrine,RP11-798G7.6,5,16137,0.0,0.0,0.0,True
strict,Retina 3,Amacrine,RP11-798G7.8,5,16137,,,,False
strict,Retina 3,Amacrine,RP5-1115A15.1,5,16137,0.0,0.0,0.0,True
strict,Retina 3,Amacrine,RPS26P8,5,16137,,,,False
strict,Retina 3,Amacrine,SCRN2,5,16137,0.0,0.0,0.0,True
strict,Retina 3,Amacrine,SEMA3E,5,16137,0.0,0.0,0.0,True
strict,Retina 3,Amacrine,SEPT7,5,16137,9.0,6.325656478853469,557.7244841048522,True
strict,Retina 3,Amacrine,SF3A3,5,16137,0.0,0.0,0.0,True
strict,Retina 3,Amacrine,SFTA1P,5,16137,0.0,0.0,0.0,True
strict,Retina 3,Amacrine,SGSM2,5,16137,0.0,0.0,0.0,True
strict,Retina 3,Amacrine,SLC25A45,5,16137,0.0,0.0,0.0,True
strict,Retina 3,Amacrine,SLC39A13,5,16137,0.0,0.0,0.0,True
strict,Retina 3,Amacrine,SMAD6,5,16137,0.0,0.0,0.0,True
strict,Retina 3,Amacrine,SNORD14A,5,16137,,,,False
strict,Retina 3,Amacrine,SSSCA1-AS1,5,16137,,,,False
strict,Retina 3,Amacrine,TARID,5,16137,0.0,0.0,0.0,True
strict,Retina 3,Amacrine,TBC1D31,5,16137,0.0,0.0,0.0,True
strict,Retina 3,Amacrine,TBKBP1,5,16137,0.0,0.0,0.0,True
strict,Retina 3,Amacrine,TBPL1,5,16137,2.0,4.827823811272323,123.93877424552271,True
strict,Retina 3,Amacrine,TGFB3,5,16137,0.0,0.0,0.0,True
strict,Retina 3,Amacrine,THCAT158,5,16137,0.0,0.0,0.0,True
strict,Retina 3,Amacrine,THSD7A,5,16137,0.0,0.0,0.0,True
strict,Retina 3,Amacrine,TIGD3,5,16137,0.0,0.0,0.0,True
strict,Retina 3,Amacrine,TMEM116,5,16137,0.0,0.0,0.0,True
strict,Retina 3,Amacrine,TMEM136,5,16137,0.0,0.0,0.0,True
strict,Retina 3,Amacrine,TMEM181,5,16137,0.0,0.0,0.0,True
strict,Retina 3,Amacrine,TMEM263,5,16137,1.0,4.142648689608461,61.969387122761354,True
strict,Retina 3,Amacrine,TRIM26,5,16137,0.0,0.0,0.0,True
strict,Retina 3,Amacrine,TRIOBP,5,16137,0.0,0.0,0.0,True
strict,Retina 3,Amacrine,TSC22D2,5,16137,2.0,4.827823811272323,123.93877424552271,True
strict,Retina 3,Amacrine,TTC28,5,16137,1.0,4.142648689608461,61.969387122761354,True
strict,Retina 3,Amacrine,TTLL5,5,16137,0.0,0.0,0.0,True
strict,Retina 3,Amacrine,TXNDC8,5,16137,,,,False
strict,Retina 3,Amacrine,TXNRD2,5,16137,0.0,0.0,0.0,True
strict,Retina 3,Amacrine,UTP11,5,16137,1.0,4.142648689608461,61.969387122761354,True
strict,Retina 3,Amacrine,VARS2,5,16137,0.0,0.0,0.0,True
strict,Retina 3,Amacrine,VCAM1,5,16137,0.0,0.0,0.0,True
strict,Retina 3,Amacrine,WLS,5,16137,0.0,0.0,0.0,True
strict,Retina 3,Amacrine,WNT2B,5,16137,0.0,0.0,0.0,True
strict,Retina 3,Amacrine,XRCC6P1,5,16137,,,,False
strict,Retina 3,Amacrine,XXbac-BPG170G13.32,5,16137,0.0,0.0,0.0,True
strict,Retina 3,Amacrine,XXbac-BPG283O16.9,5,16137,,,,False
strict,Retina 3,Amacrine,YAP1,5,16137,0.0,0.0,0.0,True
strict,Retina 3,Amacrine,YIF1A,5,16137,1.0,4.142648689608461,61.969387122761354,True
strict,Retina 3,Amacrine,ZNF280D,5,16137,3.0,5.230617380540157,185.90816136828406,True
strict,Retina 3,Amacrine,ZNF638,5,16137,1.0,4.142648689608461,61.969387122761354,True
strict,Retina 3,Amacrine,ZNF638-IT1,5,16137,,,,False
strict,Retina 3,Horizontal,DGKG,12,36366,0.0,0.0,0.0,True
strict,Retina 3,Horizontal,SLC2A12,12,36366,0.0,0.0,0.0,True
strict,Retina 3,Horizontal,COL8A2,12,36366,0.0,0.0,0.0,True
strict,Retina 3,Horizontal,NPC2,12,36366,2.0,4.02528785356117,54.9964252323599,True
strict,Retina 3,Horizontal,PSMC3,12,36366,8.0,5.398097997747765,219.9857009294396,True
strict,Retina 3,Horizontal,RP11-466F5.8,12,36366,0.0,0.0,0.0,True
strict,Retina 3,Horizontal,LPP,12,36366,0.0,0.0,0.0,True
strict,Retina 3,Horizontal,RP11-121M22.1,12,36366,0.0,0.0,0.0,True
strict,Retina 3,Horizontal,ABO,12,36366,0.0,0.0,0.0,True
strict,Retina 3,Horizontal,ADAMTS8,12,36366,0.0,0.0,0.0,True
strict,Retina 3,Horizontal,CALD1,12,36366,0.0,0.0,0.0,True
strict,Retina 3,Horizontal,CHEK2,12,36366,0.0,0.0,0.0,True
strict,Retina 3,Horizontal,GAS7,12,36366,0.0,0.0,0.0,True
strict,Retina 3,Horizontal,LMX1B,12,36366,,,,False
strict,Retina 3,Horizontal,TCF12,12,36366,0.0,0.0,0.0,True
strict,Retina 3,Horizontal,TMCO1,12,36366,3.0,4.424782412412029,82.49463784853984,True
strict,Retina 3,Horizontal,TRIB2,12,36366,1.0,3.349841370086167,27.49821261617995,True
strict,Retina 3,Horizontal,AC000078.5,12,36366,,,,False
strict,Retina 3,Horizontal,AC002066.1,12,36366,,,,False
strict,Retina 3,Horizontal,AC012066.1,12,36366,,,,False
strict,Retina 3,Horizontal,AC091132.1,12,36366,,,,False
strict,Retina 3,Horizontal,ACBD4,12,36366,1.0,3.349841370086167,27.49821261617995,True
strict,Retina 3,Horizontal,AFAP1,12,36366,1.0,3.349841370086167,27.49821261617995,True
strict,Retina 3,Horizontal,ALDH2,12,36366,4.0,4.7094657890101566,109.9928504647198,True
strict,Retina 3,Horizontal,AP003068.23,12,36366,0.0,0.0,0.0,True
strict,Retina 3,Horizontal,AP5B1,12,36366,0.0,0.0,0.0,True
strict,Retina 3,Horizontal,AREL1,12,36366,0.0,0.0,0.0,True
strict,Retina 3,Horizontal,ARHGAP27,12,36366,0.0,0.0,0.0,True
strict,Retina 3,Horizontal,ARHGEF12,12,36366,5.0,4.930805797053771,137.49106308089975,True
strict,Retina 3,Horizontal,ARL17A,12,36366,1.0,3.349841370086167,27.49821261617995,True
strict,Retina 3,Horizontal,ATP5J,12,36366,17.0,6.149471242531537,467.46961447505913,True
strict,Retina 3,Horizontal,BICC1,12,36366,0.0,0.0,0.0,True
strict,Retina 3,Horizontal,BORA,12,36366,0.0,0.0,0.0,True
strict,Retina 3,Horizontal,C1orf109,12,36366,0.0,0.0,0.0,True
strict,Retina 3,Horizontal,C1orf122,12,36366,12.0,5.802053573864074,329.97855139415935,True
strict,Retina 3,Horizontal,C22orf29,12,36366,0.0,0.0,0.0,True
strict,Retina 3,Horizontal,C6orf15,12,36366,,,,False
strict,Retina 3,Horizontal,CADM1,12,36366,0.0,0.0,0.0,True
strict,Retina 3,Horizontal,CADM2,12,36366,7.0,5.265212850499501,192.48748831325963,True
strict,Retina 3,Horizontal,CAV2,12,36366,0.0,0.0,0.0,True
strict,Retina 3,Horizontal,CCDC117,12,36366,3.0,4.424782412412029,82.49463784853984,True
strict,Retina 3,Horizontal,CDC14A,12,36366,0.0,0.0,0.0,True
strict,Retina 3,Horizontal,CDKN2A,12,36366,0.0,0.0,0.0,True
strict,Retina 3,Horizontal,CDKN2B-AS1,12,36366,0.0,0.0,0.0,True
strict,Retina 3,Horizontal,CELF1,12,36366,6.0,5.11192318203514,164.98927569707968,True
strict,Retina 3,Horizontal,CLIC5,12,36366,0.0,0.0,0.0,True
strict,Retina 3,Horizontal,CMB9-22P13.1,12,36366,,,,False
strict,Retina 3,Horizontal,COL11A1,12,36366,0.0,0.0,0.0,True
strict,Retina 3,Horizontal,CRHR1,12,36366,0.0,0.0,0.0,True
strict,Retina 3,Horizontal,CTA-292E10.6,12,36366,0.0,0.0,0.0,True
strict,Retina 3,Horizontal,CTB-39G8.3,12,36366,,,,False
strict,Retina 3,Horizontal,CTD-2005H7.1,12,36366,0.0,0.0,0.0,True
strict,Retina 3,Horizontal,CTD-2020K17.1,12,36366,0.0,0.0,0.0,True
strict,Retina 3,Horizontal,CTD-2020K17.3,12,36366,0.0,0.0,0.0,True
strict,Retina 3,Horizontal,CTTNBP2,12,36366,6.0,5.11192318203514,164.98927569707968,True
strict,Retina 3,Horizontal,DDX39BP2,12,36366,,,,False
strict,Retina 3,Horizontal,DIO1,12,36366,,,,False
strict,Retina 3,Horizontal,DND1P1,12,36366,,,,False
strict,Retina 3,Horizontal,DYSF,12,36366,0.0,0.0,0.0,True
strict,Retina 3,Horizontal,EFCAB13,12,36366,0.0,0.0,0.0,True
strict,Retina 3,Horizontal,EFEMP1,12,36366,0.0,0.0,0.0,True
strict,Retina 3,Horizontal,EHBP1L1,12,36366,0.0,0.0,0.0,True
strict,Retina 3,Horizontal,FAM215B,12,36366,4.0,4.7094657890101566,109.9928504647198,True
strict,Retina 3,Horizontal,FAM83A,12,36366,,,,False
strict,Retina 3,Horizontal,FAM83A-AS1,12,36366,,,,False
strict,Retina 3,Horizontal,FAM89B,12,36366,0.0,0.0,0.0,True
strict,Retina 3,Horizontal,FHL3,12,36366,0.0,0.0,0.0,True
strict,Retina 3,Horizontal,FLOT1,12,36366,4.0,4.7094657890101566,109.9928504647198,True
strict,Retina 3,Horizontal,FLVCR2,12,36366,0.0,0.0,0.0,True
strict,Retina 3,Horizontal,FMNL1,12,36366,0.0,0.0,0.0,True
strict,Retina 3,Horizontal,FNDC4,12,36366,0.0,0.0,0.0,True
strict,Retina 3,Horizontal,GALR3,12,36366,,,,False
strict,Retina 3,Horizontal,GCAT,12,36366,1.0,3.349841370086167,27.49821261617995,True
strict,Retina 3,Horizontal,GLIS1,12,36366,0.0,0.0,0.0,True
strict,Retina 3,Horizontal,H1F0,12,36366,14.0,5.955772539971007,384.97497662651926,True
strict,Retina 3,Horizontal,HCG4,12,36366,,,,False
strict,Retina 3,Horizontal,HCG4B,12,36366,,,,False
strict,Retina 3,Horizontal,HCG4P5,12,36366,,,,False
strict,Retina 3,Horizontal,HCG4P7,12,36366,,,,False
strict,Retina 3,Horizontal,HCG9,12,36366,0.0,0.0,0.0,True
strict,Retina 3,Horizontal,HCP5B,12,36366,0.0,0.0,0.0,True
strict,Retina 3,Horizontal,HECTD4,12,36366,0.0,0.0,0.0,True
strict,Retina 3,Horizontal,HLA-A,12,36366,0.0,0.0,0.0,True
strict,Retina 3,Horizontal,HLA-C,12,36366,7.0,5.265212850499501,192.48748831325963,True
strict,Retina 3,Horizontal,HLA-F,12,36366,0.0,0.0,0.0,True
strict,Retina 3,Horizontal,HLA-F-AS1,12,36366,,,,False
strict,Retina 3,Horizontal,HLA-G,12,36366,0.0,0.0,0.0,True
strict,Retina 3,Horizontal,HLA-H,12,36366,,,,False
strict,Retina 3,Horizontal,HLA-J,12,36366,,,,False
strict,Retina 3,Horizontal,HLA-L,12,36366,,,,False
strict,Retina 3,Horizontal,HLA-T,12,36366,,,,False
strict,Retina 3,Horizontal,HLA-U,12,36366,,,,False
strict,Retina 3,Horizontal,HLA-V,12,36366,,,,False
strict,Retina 3,Horizontal,HLA-W,12,36366,,,,False
strict,Retina 3,Horizontal,HSCB,12,36366,0.0,0.0,0.0,True
strict,Retina 3,Horizontal,HTRA3,12,36366,0.0,0.0,0.0,True
strict,Retina 3,Horizontal,IFITM4P,12,36366,,,,False
strict,Retina 3,Horizontal,IFT172,12,36366,1.0,3.349841370086167,27.49821261617995,True
strict,Retina 3,Horizontal,INPP5B,12,36366,2.0,4.02528785356117,54.9964252323599,True
strict,Retina 3,Horizontal,ITGB3,12,36366,0.0,0.0,0.0,True
strict,Retina 3,Horizontal,KANSL1,12,36366,2.0,4.02528785356117,54.9964252323599,True
strict,Retina 3,Horizontal,KANSL1-AS1,12,36366,2.0,4.02528785356117,54.9964252323599,True
strict,Retina 3,Horizontal,KHK,12,36366,1.0,3.349841370086167,27.49821261617995,True
strict,Retina 3,Horizontal,KLF5,12,36366,0.0,0.0,0.0,True
strict,Retina 3,Horizontal,KRT8P26,12,36366,,,,False
strict,Retina 3,Horizontal,LHPP,12,36366,2.0,4.02528785356117,54.9964252323599,True
strict,Retina 3,Horizontal,LINC01948,12,36366,0.0,0.0,0.0,True
strict,Retina 3,Horizontal,LINC02052,12,36366,,,,False
strict,Retina 3,Horizontal,LINC02210,12,36366,,,,False
strict,Retina 3,Horizontal,LMO4,12,36366,7.0,5.265212850499501,192.48748831325963,True
strict,Retina 3,Horizontal,LMO7,12,36366,0.0,0.0,0.0,True
strict,Retina 3,Horizontal,LOXL1,12,36366,0.0,0.0,0.0,True
strict,Retina 3,Horizontal,LOXL1-AS1,12,36366,0.0,0.0,0.0,True
strict,Retina 3,Horizontal,LRRC37A,12,36366,0.0,0.0,0.0,True
strict,Retina 3,Horizontal,LRRC37A17P,12,36366,,,,False
strict,Retina 3,Horizontal,LRRC37A2,12,36366,0.0,0.0,0.0,True
strict,Retina 3,Horizontal,LRRC37A4P,12,36366,,,,False
strict,Retina 3,Horizontal,LRWD1,12,36366,0.0,0.0,0.0,True
strict,Retina 3,Horizontal,LTBP2,12,36366,0.0,0.0,0.0,True
strict,Retina 3,Horizontal,LTBP3,12,36366,0.0,0.0,0.0,True
strict,Retina 3,Horizontal,MADD,12,36366,4.0,4.7094657890101566,109.9928504647198,True
strict,Retina 3,Horizontal,MAPK8IP1P1,12,36366,,,,False
strict,Retina 3,Horizontal,MAPK8IP1P2,12,36366,,,,False
strict,Retina 3,Horizontal,MAPT,12,36366,16.0,6.088980024951534,439.9714018588792,True
strict,Retina 3,Horizontal,MAPT-AS1,12,36366,5.0,4.930805797053771,137.49106308089975,True
strict,Retina 3,Horizontal,MAPT-IT1,12,36366,,,,False
strict,Retina 3,Horizontal,ME3,12,36366,1.0,3.349841370086167,27.49821261617995,True
strict,Retina 3,Horizontal,MICE,12,36366,,,,False
strict,Retina 3,Horizontal,MOV10,12,36366,0.0,0.0,0.0,True
strict,Retina 3,Horizontal,MRPL33,12,36366,17.0,6.149471242531537,467.46961447505913,True
strict,Retina 3,Horizontal,MTCH2,12,36366,1.0,3.349841370086167,27.49821261617995,True
strict,Retina 3,Horizontal,MVB12B,12,36366,2.0,4.02528785356117,54.9964252323599,True
strict,Retina 3,Horizontal,Metazoa_SRP,12,36366,,,,False
strict,Retina 3,Horizontal,NEAT1,12,36366,48.0,7.18607935583988,1319.9142055766374,True
strict,Retina 3,Horizontal,NMT1,12,36366,6.0,5.11192318203514,164.98927569707968,True
strict,Retina 3,Horizontal,NPEPPS,12,36366,5.0,4.930805797053771,137.49106308089975,True
strict,Retina 3,Horizontal,NRBP1,12,36366,2.0,4.02528785356117,54.9964252323599,True
strict,Retina 3,Horizontal,NSF,12,36366,1.0,3.349841370086167,27.49821261617995,True
strict,Retina 3,Horizontal,NUCB2,12,36366,1.0,3.349841370086167,27.49821261617995,True
strict,Retina 3,Horizontal,NUDT7,12,36366,0.0,0.0,0.0,True
strict,Retina 3,Horizontal,PDE6C,12,36366,0.0,0.0,0.0,True
strict,Retina 3,Horizontal,PGAM1P8,12,36366,,,,False
strict,Retina 3,Horizontal,PIBF1,12,36366,1.0,3.349841370086167,27.49821261617995,True
strict,Retina 3,Horizontal,PIGC,12,36366,0.0,0.0,0.0,True
strict,Retina 3,Horizontal,PKIB,12,36366,0.0,0.0,0.0,True
strict,Retina 3,Horizontal,PLCE1,12,36366,0.0,0.0,0.0,True
strict,Retina 3,Horizontal,PLCE1-AS1,12,36366,,,,False
strict,Retina 3,Horizontal,PLEKHA7,12,36366,0.0,0.0,0.0,True
strict,Retina 3,Horizontal,PLEKHM1,12,36366,0.0,0.0,0.0,True
strict,Retina 3,Horizontal,PPP1R18,12,36366,0.0,0.0,0.0,True
strict,Retina 3,Horizontal,PRKCE,12,36366,0.0,0.0,0.0,True
strict,Retina 3,Horizontal,PROX2,12,36366,,,,False
strict,Retina 3,Horizontal,PRSS23,12,36366,0.0,0.0,0.0,True
strict,Retina 3,Horizontal,PSORS1C3,12,36366,,,,False
strict,Retina 3,Horizontal,RAPSN,12,36366,0.0,0.0,0.0,True
strict,Retina 3,Horizontal,RERE,12,36366,5.0,4.930805797053771,137.49106308089975,True
strict,Retina 3,Horizontal,RIC8B,12,36366,0.0,0.0,0.0,True
strict,Retina 3,Horizontal,RORA,12,36366,14.0,5.955772539971007,384.97497662651926,True
strict,Retina 3,Horizontal,RP11-123K19.1,12,36366,,,,False
strict,Retina 3,Horizontal,RP11-136H19.1,12,36366,,,,False
strict,Retina 3,Horizontal,RP11-149I2.4,12,36366,,,,False
strict,Retina 3,Horizontal,RP11-162I7.1,12,36366,,,,False
strict,Retina 3,Horizontal,RP11-17G12.2,12,36366,,,,False
strict,Retina 3,Horizontal,RP11-205K6.1,12,36366,,,,False
strict,Retina 3,Horizontal,RP11-217B7.2,12,36366,0.0,0.0,0.0,True
strict,Retina 3,Horizontal,RP11-259A24.1,12,36366,,,,False
strict,Retina 3,Horizontal,RP11-259G18.1,12,36366,,,,False
strict,Retina 3,Horizontal,RP11-259G18.3,12,36366,,,,False
strict,Retina 3,Horizontal,RP11-293E1.1,12,36366,,,,False
strict,Retina 3,Horizontal,RP11-293E1.2,12,36366,,,,False
strict,Retina 3,Horizontal,RP11-302L19.3,12,36366,0.0,0.0,0.0,True
strict,Retina 3,Horizontal,RP11-403A3.3,12,36366,0.0,0.0,0.0,True
strict,Retina 3,Horizontal,RP11-412D9.4,12,36366,0.0,0.0,0.0,True
strict,Retina 3,Horizontal,RP11-507B12.1,12,36366,,,,False
strict,Retina 3,Horizontal,RP11-507B12.2,12,36366,0.0,0.0,0.0,True
strict,Retina 3,Horizontal,RP11-669E14.6,12,36366,0.0,0.0,0.0,True
strict,Retina 3,Horizontal,RP11-707O23.1,12,36366,,,,False
strict,Retina 3,Horizontal,RP11-750H9.5,12,36366,,,,False
strict,Retina 3,Horizontal,RP11-755F10.1,12,36366,0.0,0.0,0.0,True
strict,Retina 3,Horizontal,RP11-762L8.6,12,36366,,,,False
strict,Retina 3,Horizontal,RP11-770G2.2,12,36366,,,,False
strict,Retina 3,Horizontal,RP11-798G7.6,12,36366,1.0,3.349841370086167,27.49821261617995,True
strict,Retina 3,Horizontal,RP11-798G7.8,12,36366,,,,False
strict,Retina 3,Horizontal,RP5-1115A15.1,12,36366,0.0,0.0,0.0,True
strict,Retina 3,Horizontal,RPS26P8,12,36366,,,,False
strict,Retina 3,Horizontal,SCRN2,12,36366,1.0,3.349841370086167,27.49821261617995,True
strict,Retina 3,Horizontal,SEMA3E,12,36366,0.0,0.0,0.0,True
strict,Retina 3,Horizontal,SEPT7,12,36366,61.0,7.425590857257549,1677.3909695869768,True
strict,Retina 3,Horizontal,SF3A3,12,36366,1.0,3.349841370086167,27.49821261617995,True
strict,Retina 3,Horizontal,SFTA1P,12,36366,0.0,0.0,0.0,True
strict,Retina 3,Horizontal,SGSM2,12,36366,2.0,4.02528785356117,54.9964252323599,True
strict,Retina 3,Horizontal,SLC25A45,12,36366,0.0,0.0,0.0,True
strict,Retina 3,Horizontal,SLC39A13,12,36366,3.0,4.424782412412029,82.49463784853984,True
strict,Retina 3,Horizontal,SMAD6,12,36366,0.0,0.0,0.0,True
strict,Retina 3,Horizontal,SNORD14A,12,36366,,,,False
strict,Retina 3,Horizontal,SSSCA1-AS1,12,36366,,,,False
strict,Retina 3,Horizontal,TARID,12,36366,0.0,0.0,0.0,True
strict,Retina 3,Horizontal,TBC1D31,12,36366,0.0,0.0,0.0,True
strict,Retina 3,Horizontal,TBKBP1,12,36366,1.0,3.349841370086167,27.49821261617995,True
strict,Retina 3,Horizontal,TBPL1,12,36366,2.0,4.02528785356117,54.9964252323599,True
strict,Retina 3,Horizontal,TGFB3,12,36366,0.0,0.0,0.0,True
strict,Retina 3,Horizontal,THCAT158,12,36366,0.0,0.0,0.0,True
strict,Retina 3,Horizontal,THSD7A,12,36366,11.0,5.715316826779978,302.48033877797945,True
strict,Retina 3,Horizontal,TIGD3,12,36366,1.0,3.349841370086167,27.49821261617995,True
strict,Retina 3,Horizontal,TMEM116,12,36366,1.0,3.349841370086167,27.49821261617995,True
strict,Retina 3,Horizontal,TMEM136,12,36366,1.0,3.349841370086167,27.49821261617995,True
strict,Retina 3,Horizontal,TMEM181,12,36366,1.0,3.349841370086167,27.49821261617995,True
strict,Retina 3,Horizontal,TMEM263,12,36366,2.0,4.02528785356117,54.9964252323599,True
strict,Retina 3,Horizontal,TRIM26,12,36366,0.0,0.0,0.0,True
strict,Retina 3,Horizontal,TRIOBP,12,36366,1.0,3.349841370086167,27.49821261617995,True
strict,Retina 3,Horizontal,TSC22D2,12,36366,2.0,4.02528785356117,54.9964252323599,True
strict,Retina 3,Horizontal,TTC28,12,36366,2.0,4.02528785356117,54.9964252323599,True
strict,Retina 3,Horizontal,TTLL5,12,36366,1.0,3.349841370086167,27.49821261617995,True
strict,Retina 3,Horizontal,TXNDC8,12,36366,,,,False
strict,Retina 3,Horizontal,TXNRD2,12,36366,1.0,3.349841370086167,27.49821261617995,True
strict,Retina 3,Horizontal,UTP11,12,36366,2.0,4.02528785356117,54.9964252323599,True
strict,Retina 3,Horizontal,VARS2,12,36366,0.0,0.0,0.0,True
strict,Retina 3,Horizontal,VCAM1,12,36366,0.0,0.0,0.0,True
strict,Retina 3,Horizontal,WLS,12,36366,0.0,0.0,0.0,True
strict,Retina 3,Horizontal,WNT2B,12,36366,0.0,0.0,0.0,True
strict,Retina 3,Horizontal,XRCC6P1,12,36366,,,,False
strict,Retina 3,Horizontal,XXbac-BPG170G13.32,12,36366,0.0,0.0,0.0,True
strict,Retina 3,Horizontal,XXbac-BPG283O16.9,12,36366,,,,False
strict,Retina 3,Horizontal,YAP1,12,36366,0.0,0.0,0.0,True
strict,Retina 3,Horizontal,YIF1A,12,36366,2.0,4.02528785356117,54.9964252323599,True
strict,Retina 3,Horizontal,ZNF280D,12,36366,5.0,4.930805797053771,137.49106308089975,True
strict,Retina 3,Horizontal,ZNF638,12,36366,11.0,5.715316826779978,302.48033877797945,True
strict,Retina 3,Horizontal,ZNF638-IT1,12,36366,,,,False
strict,Retina 3,RGC,DGKG,122,350004,1.0,1.3499182514014663,2.857110204454806,True
strict,Retina 3,RGC,SLC2A12,122,350004,1.0,1.3499182514014663,2.857110204454806,True
strict,Retina 3,RGC,COL8A2,122,350004,0.0,0.0,0.0,True
strict,Retina 3,RGC,NPC2,122,350004,9.0,3.2851874671005454,25.713991840093257,True
strict,Retina 3,RGC,PSMC3,122,350004,48.0,4.928277000621947,137.1412898138307,True
strict,Retina 3,RGC,RP11-466F5.8,122,350004,0.0,0.0,0.0,True
strict,Retina 3,RGC,LPP,122,350004,3.0,2.2587722358586677,8.571330613364418,True
strict,Retina 3,RGC,RP11-121M22.1,122,350004,1.0,1.3499182514014663,2.857110204454806,True
strict,Retina 3,RGC,ABO,122,350004,1.0,1.3499182514014663,2.857110204454806,True
strict,Retina 3,RGC,ADAMTS8,122,350004,1.0,1.3499182514014663,2.857110204454806,True
strict,Retina 3,RGC,CALD1,122,350004,37.0,4.670143714666422,105.71307756482783,True
strict,Retina 3,RGC,CHEK2,122,350004,0.0,0.0,0.0,True
strict,Retina 3,RGC,GAS7,122,350004,46.0,4.886032074304308,131.4270694049211,True
strict,Retina 3,RGC,LMX1B,122,350004,,,,False
strict,Retina 3,RGC,TCF12,122,350004,8.0,3.17207271389712,22.856881635638448,True
strict,Retina 3,RGC,TMCO1,122,350004,33.0,4.55686858829421,94.2846367470086,True
strict,Retina 3,RGC,TRIB2,122,350004,15.0,3.780926430612046,42.85665306682209,True
strict,Retina 3,RGC,AC000078.5,122,350004,,,,False
strict,Retina 3,RGC,AC002066.1,122,350004,,,,False
strict,Retina 3,RGC,AC012066.1,122,350004,,,,False
strict,Retina 3,RGC,AC091132.1,122,350004,,,,False
strict,Retina 3,RGC,ACBD4,122,350004,12.0,3.563467082953128,34.285322453457674,True
strict,Retina 3,RGC,AFAP1,122,350004,1.0,1.3499182514014663,2.857110204454806,True
strict,Retina 3,RGC,ALDH2,122,350004,14.0,3.7135609169437904,39.999542862367285,True
strict,Retina 3,RGC,AP003068.23,122,350004,1.0,1.3499182514014663,2.857110204454806,True
strict,Retina 3,RGC,AP5B1,122,350004,3.0,2.2587722358586677,8.571330613364418,True
strict,Retina 3,RGC,AREL1,122,350004,2.0,1.9042277262748333,5.714220408909612,True
strict,Retina 3,RGC,ARHGAP27,122,350004,3.0,2.2587722358586677,8.571330613364418,True
strict,Retina 3,RGC,ARHGEF12,122,350004,40.0,4.747402189841098,114.28440817819225,True
strict,Retina 3,RGC,ARL17A,122,350004,3.0,2.2587722358586677,8.571330613364418,True
strict,Retina 3,RGC,ATP5J,122,350004,248.0,6.5646497536522155,708.563330704792,True
strict,Retina 3,RGC,BICC1,122,350004,2.0,1.9042277262748333,5.714220408909612,True
strict,Retina 3,RGC,BORA,122,350004,0.0,0.0,0.0,True
strict,Retina 3,RGC,C1orf109,122,350004,7.0,3.044511553434839,19.999771431183643,True
strict,Retina 3,RGC,C1orf122,122,350004,108.0,5.735177460892319,308.5679020811191,True
strict,Retina 3,RGC,C22orf29,122,350004,6.0,2.8982661388182165,17.142661226728837,True
strict,Retina 3,RGC,C6orf15,122,350004,,,,False
strict,Retina 3,RGC,CADM1,122,350004,53.0,5.026684748716884,151.42684083610473,True
strict,Retina 3,RGC,CADM2,122,350004,118.0,5.8234570657506035,337.13900412566716,True
strict,Retina 3,RGC,CAV2,122,350004,11.0,3.479028792342812,31.42821224900287,True
strict,Retina 3,RGC,CCDC117,122,350004,10.0,3.386797602177288,28.571102044548063,True
strict,Retina 3,RGC,CDC14A,122,350004,0.0,0.0,0.0,True
strict,Retina 3,RGC,CDKN2A,122,350004,0.0,0.0,0.0,True
strict,Retina 3,RGC,CDKN2B-AS1,122,350004,0.0,0.0,0.0,True
strict,Retina 3,RGC,CELF1,122,350004,40.0,4.747402189841098,114.28440817819225,True
strict,Retina 3,RGC,CLIC5,122,350004,0.0,0.0,0.0,True
strict,Retina 3,RGC,CMB9-22P13.1,122,350004,,,,False
strict,Retina 3,RGC,COL11A1,122,350004,14.0,3.7135609169437904,39.999542862367285,True
strict,Retina 3,RGC,CRHR1,122,350004,0.0,0.0,0.0,True
strict,Retina 3,RGC,CTA-292E10.6,122,350004,2.0,1.9042277262748333,5.714220408909612,True
strict,Retina 3,RGC,CTB-39G8.3,122,350004,,,,False
strict,Retina 3,RGC,CTD-2005H7.1,122,350004,0.0,0.0,0.0,True
strict,Retina 3,RGC,CTD-2020K17.1,122,350004,1.0,1.3499182514014663,2.857110204454806,True
strict,Retina 3,RGC,CTD-2020K17.3,122,350004,6.0,2.8982661388182165,17.142661226728837,True
strict,Retina 3,RGC,CTTNBP2,122,350004,21.0,4.1108626230208,59.99931429355093,True
strict,Retina 3,RGC,DDX39BP2,122,350004,,,,False
strict,Retina 3,RGC,DIO1,122,350004,,,,False
strict,Retina 3,RGC,DND1P1,122,350004,,,,False
strict,Retina 3,RGC,DYSF,122,350004,0.0,0.0,0.0,True
strict,Retina 3,RGC,EFCAB13,122,350004,1.0,1.3499182514014663,2.857110204454806,True
strict,Retina 3,RGC,EFEMP1,122,350004,0.0,0.0,0.0,True
strict,Retina 3,RGC,EHBP1L1,122,350004,2.0,1.9042277262748333,5.714220408909612,True
strict,Retina 3,RGC,FAM215B,122,350004,3.0,2.2587722358586677,8.571330613364418,True
strict,Retina 3,RGC,FAM83A,122,350004,,,,False
strict,Retina 3,RGC,FAM83A-AS1,122,350004,,,,False
strict,Retina 3,RGC,FAM89B,122,350004,8.0,3.17207271389712,22.856881635638448,True
strict,Retina 3,RGC,FHL3,122,350004,1.0,1.3499182514014663,2.857110204454806,True
strict,Retina 3,RGC,FLOT1,122,350004,43.0,4.819117491491304,122.85573879155667,True
strict,Retina 3,RGC,FLVCR2,122,350004,0.0,0.0,0.0,True
strict,Retina 3,RGC,FMNL1,122,350004,2.0,1.9042277262748333,5.714220408909612,True
strict,Retina 3,RGC,FNDC4,122,350004,23.0,4.200407851413656,65.71353470246055,True
strict,Retina 3,RGC,GALR3,122,350004,,,,False
strict,Retina 3,RGC,GCAT,122,350004,7.0,3.044511553434839,19.999771431183643,True
strict,Retina 3,RGC,GLIS1,122,350004,0.0,0.0,0.0,True
strict,Retina 3,RGC,H1F0,122,350004,38.0,4.696565328108291,108.57018776928264,True
strict,Retina 3,RGC,HCG4,122,350004,,,,False
strict,Retina 3,RGC,HCG4B,122,350004,,,,False
strict,Retina 3,RGC,HCG4P5,122,350004,,,,False
strict,Retina 3,RGC,HCG4P7,122,350004,,,,False
strict,Retina 3,RGC,HCG9,122,350004,0.0,0.0,0.0,True
strict,Retina 3,RGC,HCP5B,122,350004,1.0,1.3499182514014663,2.857110204454806,True
strict,Retina 3,RGC,HECTD4,122,350004,16.0,3.844038837984105,45.713763271276896,True
strict,Retina 3,RGC,HLA-A,122,350004,43.0,4.819117491491304,122.85573879155667,True
strict,Retina 3,RGC,HLA-C,122,350004,39.0,4.722306772507804,111.42729797373744,True
strict,Retina 3,RGC,HLA-F,122,350004,3.0,2.2587722358586677,8.571330613364418,True
strict,Retina 3,RGC,HLA-F-AS1,122,350004,,,,False
strict,Retina 3,RGC,HLA-G,122,350004,0.0,0.0,0.0,True
strict,Retina 3,RGC,HLA-H,122,350004,,,,False
strict,Retina 3,RGC,HLA-J,122,350004,,,,False
strict,Retina 3,RGC,HLA-L,122,350004,,,,False
strict,Retina 3,RGC,HLA-T,122,350004,,,,False
strict,Retina 3,RGC,HLA-U,122,350004,,,,False
strict,Retina 3,RGC,HLA-V,122,350004,,,,False
strict,Retina 3,RGC,HLA-W,122,350004,,,,False
strict,Retina 3,RGC,HSCB,122,350004,9.0,3.2851874671005454,25.713991840093257,True
strict,Retina 3,RGC,HTRA3,122,350004,0.0,0.0,0.0,True
strict,Retina 3,RGC,IFITM4P,122,350004,,,,False
strict,Retina 3,RGC,IFT172,122,350004,5.0,2.7269080045637417,14.285551022274031,True
strict,Retina 3,RGC,INPP5B,122,350004,3.0,2.2587722358586677,8.571330613364418,True
strict,Retina 3,RGC,ITGB3,122,350004,0.0,0.0,0.0,True
strict,Retina 3,RGC,KANSL1,122,350004,43.0,4.819117491491304,122.85573879155667,True
strict,Retina 3,RGC,KANSL1-AS1,122,350004,3.0,2.2587722358586677,8.571330613364418,True
strict,Retina 3,RGC,KHK,122,350004,8.0,3.17207271389712,22.856881635638448,True
strict,Retina 3,RGC,KLF5,122,350004,0.0,0.0,0.0,True
strict,Retina 3,RGC,KRT8P26,122,350004,,,,False
strict,Retina 3,RGC,LHPP,122,350004,12.0,3.563467082953128,34.285322453457674,True
strict,Retina 3,RGC,LINC01948,122,350004,0.0,0.0,0.0,True
strict,Retina 3,RGC,LINC02052,122,350004,,,,False
strict,Retina 3,RGC,LINC02210,122,350004,,,,False
strict,Retina 3,RGC,LMO4,122,350004,215.0,6.422075326067088,614.2786939577834,True
strict,Retina 3,RGC,LMO7,122,350004,2.0,1.9042277262748333,5.714220408909612,True
strict,Retina 3,RGC,LOXL1,122,350004,3.0,2.2587722358586677,8.571330613364418,True
strict,Retina 3,RGC,LOXL1-AS1,122,350004,2.0,1.9042277262748333,5.714220408909612,True
strict,Retina 3,RGC,LRRC37A,122,350004,4.0,2.5199874606329544,11.428440817819224,True
strict,Retina 3,RGC,LRRC37A17P,122,350004,,,,False
strict,Retina 3,RGC,LRRC37A2,122,350004,1.0,1.3499182514014663,2.857110204454806,True
strict,Retina 3,RGC,LRRC37A4P,122,350004,,,,False
strict,Retina 3,RGC,LRWD1,122,350004,6.0,2.8982661388182165,17.142661226728837,True
strict,Retina 3,RGC,LTBP2,122,350004,0.0,0.0,0.0,True
strict,Retina 3,RGC,LTBP3,122,350004,10.0,3.386797602177288,28.571102044548063,True
strict,Retina 3,RGC,MADD,122,350004,19.0,4.012503322186671,54.28509388464132,True
strict,Retina 3,RGC,MAPK8IP1P1,122,350004,,,,False
strict,Retina 3,RGC,MAPK8IP1P2,122,350004,,,,False
strict,Retina 3,RGC,MAPT,122,350004,57.0,5.098983609315098,162.85528165392395,True
strict,Retina 3,RGC,MAPT-AS1,122,350004,3.0,2.2587722358586677,8.571330613364418,True
strict,Retina 3,RGC,MAPT-IT1,122,350004,,,,False
strict,Retina 3,RGC,ME3,122,350004,6.0,2.8982661388182165,17.142661226728837,True
strict,Retina 3,RGC,MICE,122,350004,,,,False
strict,Retina 3,RGC,MOV10,122,350004,2.0,1.9042277262748333,5.714220408909612,True
strict,Retina 3,RGC,MRPL33,122,350004,129.0,5.9123326355484425,368.56721637467,True
strict,Retina 3,RGC,MTCH2,122,350004,20.0,4.062891804441336,57.142204089096126,True
strict,Retina 3,RGC,MVB12B,122,350004,3.0,2.2587722358586677,8.571330613364418,True
strict,Retina 3,RGC,Metazoa_SRP,122,350004,,,,False
strict,Retina 3,RGC,NEAT1,122,350004,242.0,6.540193674788994,691.4206694780631,True
strict,Retina 3,RGC,NMT1,122,350004,39.0,4.722306772507804,111.42729797373744,True
strict,Retina 3,RGC,NPEPPS,122,350004,40.0,4.747402189841098,114.28440817819225,True
strict,Retina 3,RGC,NRBP1,122,350004,16.0,3.844038837984105,45.713763271276896,True
strict,Retina 3,RGC,NSF,122,350004,57.0,5.098983609315098,162.85528165392395,True
strict,Retina 3,RGC,NUCB2,122,350004,30.0,4.46260734529377,85.71330613364418,True
strict,Retina 3,RGC,NUDT7,122,350004,6.0,2.8982661388182165,17.142661226728837,True
strict,Retina 3,RGC,PDE6C,122,350004,1.0,1.3499182514014663,2.857110204454806,True
strict,Retina 3,RGC,PGAM1P8,122,350004,,,,False
strict,Retina 3,RGC,PIBF1,122,350004,6.0,2.8982661388182165,17.142661226728837,True
strict,Retina 3,RGC,PIGC,122,350004,17.0,3.903403432932947,48.57087347573171,True
strict,Retina 3,RGC,PKIB,122,350004,77.0,5.398151324724622,219.9974857430201,True
strict,Retina 3,RGC,PLCE1,122,350004,6.0,2.8982661388182165,17.142661226728837,True
strict,Retina 3,RGC,PLCE1-AS1,122,350004,,,,False
strict,Retina 3,RGC,PLEKHA7,122,350004,1.0,1.3499182514014663,2.857110204454806,True
strict,Retina 3,RGC,PLEKHM1,122,350004,3.0,2.2587722358586677,8.571330613364418,True
strict,Retina 3,RGC,PPP1R18,122,350004,1.0,1.3499182514014663,2.857110204454806,True
strict,Retina 3,RGC,PRKCE,122,350004,7.0,3.044511553434839,19.999771431183643,True
strict,Retina 3,RGC,PROX2,122,350004,,,,False
strict,Retina 3,RGC,PRSS23,122,350004,0.0,0.0,0.0,True
strict,Retina 3,RGC,PSORS1C3,122,350004,,,,False
strict,Retina 3,RGC,RAPSN,122,350004,0.0,0.0,0.0,True
strict,Retina 3,RGC,RERE,122,350004,51.0,4.988475710263906,145.7126204271951,True
strict,Retina 3,RGC,RIC8B,122,350004,15.0,3.780926430612046,42.85665306682209,True
strict,Retina 3,RGC,RORA,122,350004,45.0,4.864220960756563,128.5699592004663,True
strict,Retina 3,RGC,RP11-123K19.1,122,350004,,,,False
strict,Retina 3,RGC,RP11-136H19.1,122,350004,,,,False
strict,Retina 3,RGC,RP11-149I2.4,122,350004,,,,False
strict,Retina 3,RGC,RP11-162I7.1,122,350004,,,,False
strict,Retina 3,RGC,RP11-17G12.2,122,350004,,,,False
strict,Retina 3,RGC,RP11-205K6.1,122,350004,,,,False
strict,Retina 3,RGC,RP11-217B7.2,122,350004,0.0,0.0,0.0,True
strict,Retina 3,RGC,RP11-259A24.1,122,350004,,,,False
strict,Retina 3,RGC,RP11-259G18.1,122,350004,,,,False
strict,Retina 3,RGC,RP11-259G18.3,122,350004,,,,False
strict,Retina 3,RGC,RP11-293E1.1,122,350004,,,,False
strict,Retina 3,RGC,RP11-293E1.2,122,350004,,,,False
strict,Retina 3,RGC,RP11-302L19.3,122,350004,0.0,0.0,0.0,True
strict,Retina 3,RGC,RP11-403A3.3,122,350004,0.0,0.0,0.0,True
strict,Retina 3,RGC,RP11-412D9.4,122,350004,4.0,2.5199874606329544,11.428440817819224,True
strict,Retina 3,RGC,RP11-507B12.1,122,350004,,,,False
strict,Retina 3,RGC,RP11-507B12.2,122,350004,0.0,0.0,0.0,True
strict,Retina 3,RGC,RP11-669E14.6,122,350004,1.0,1.3499182514014663,2.857110204454806,True
strict,Retina 3,RGC,RP11-707O23.1,122,350004,,,,False
strict,Retina 3,RGC,RP11-750H9.5,122,350004,,,,False
strict,Retina 3,RGC,RP11-755F10.1,122,350004,1.0,1.3499182514014663,2.857110204454806,True
strict,Retina 3,RGC,RP11-762L8.6,122,350004,,,,False
strict,Retina 3,RGC,RP11-770G2.2,122,350004,,,,False
strict,Retina 3,RGC,RP11-798G7.6,122,350004,0.0,0.0,0.0,True
strict,Retina 3,RGC,RP11-798G7.8,122,350004,,,,False
strict,Retina 3,RGC,RP5-1115A15.1,122,350004,0.0,0.0,0.0,True
strict,Retina 3,RGC,RPS26P8,122,350004,,,,False
strict,Retina 3,RGC,SCRN2,122,350004,11.0,3.479028792342812,31.42821224900287,True
strict,Retina 3,RGC,SEMA3E,122,350004,3.0,2.2587722358586677,8.571330613364418,True
strict,Retina 3,RGC,SEPT7,122,350004,182.0,6.255738635183081,519.9940572107747,True
strict,Retina 3,RGC,SF3A3,122,350004,8.0,3.17207271389712,22.856881635638448,True
strict,Retina 3,RGC,SFTA1P,122,350004,0.0,0.0,0.0,True
strict,Retina 3,RGC,SGSM2,122,350004,7.0,3.044511553434839,19.999771431183643,True
strict,Retina 3,RGC,SLC25A45,122,350004,2.0,1.9042277262748333,5.714220408909612,True
strict,Retina 3,RGC,SLC39A13,122,350004,5.0,2.7269080045637417,14.285551022274031,True
strict,Retina 3,RGC,SMAD6,122,350004,0.0,0.0,0.0,True
strict,Retina 3,RGC,SNORD14A,122,350004,,,,False
strict,Retina 3,RGC,SSSCA1-AS1,122,350004,,,,False
strict,Retina 3,RGC,TARID,122,350004,0.0,0.0,0.0,True
strict,Retina 3,RGC,TBC1D31,122,350004,3.0,2.2587722358586677,8.571330613364418,True
strict,Retina 3,RGC,TBKBP1,122,350004,2.0,1.9042277262748333,5.714220408909612,True
strict,Retina 3,RGC,TBPL1,122,350004,28.0,4.39443786725978,79.99908572473457,True
strict,Retina 3,RGC,TGFB3,122,350004,0.0,0.0,0.0,True
strict,Retina 3,RGC,THCAT158,122,350004,0.0,0.0,0.0,True
strict,Retina 3,RGC,THSD7A,122,350004,24.0,4.2423427097921875,68.57064490691535,True
strict,Retina 3,RGC,TIGD3,122,350004,3.0,2.2587722358586677,8.571330613364418,True
strict,Retina 3,RGC,TMEM116,122,350004,1.0,1.3499182514014663,2.857110204454806,True
strict,Retina 3,RGC,TMEM136,122,350004,11.0,3.479028792342812,31.42821224900287,True
strict,Retina 3,RGC,TMEM181,122,350004,6.0,2.8982661388182165,17.142661226728837,True
strict,Retina 3,RGC,TMEM263,122,350004,15.0,3.780926430612046,42.85665306682209,True
strict,Retina 3,RGC,TRIM26,122,350004,4.0,2.5199874606329544,11.428440817819224,True
strict,Retina 3,RGC,TRIOBP,122,350004,1.0,1.3499182514014663,2.857110204454806,True
strict,Retina 3,RGC,TSC22D2,122,350004,7.0,3.044511553434839,19.999771431183643,True
strict,Retina 3,RGC,TTC28,122,350004,16.0,3.844038837984105,45.713763271276896,True
strict,Retina 3,RGC,TTLL5,122,350004,3.0,2.2587722358586677,8.571330613364418,True
strict,Retina 3,RGC,TXNDC8,122,350004,,,,False
strict,Retina 3,RGC,TXNRD2,122,350004,5.0,2.7269080045637417,14.285551022274031,True
strict,Retina 3,RGC,UTP11,122,350004,14.0,3.7135609169437904,39.999542862367285,True
strict,Retina 3,RGC,VARS2,122,350004,6.0,2.8982661388182165,17.142661226728837,True
strict,Retina 3,RGC,VCAM1,122,350004,0.0,0.0,0.0,True
strict,Retina 3,RGC,WLS,122,350004,5.0,2.7269080045637417,14.285551022274031,True
strict,Retina 3,RGC,WNT2B,122,350004,2.0,1.9042277262748333,5.714220408909612,True
strict,Retina 3,RGC,XRCC6P1,122,350004,,,,False
strict,Retina 3,RGC,XXbac-BPG170G13.32,122,350004,0.0,0.0,0.0,True
strict,Retina 3,RGC,XXbac-BPG283O16.9,122,350004,,,,False
strict,Retina 3,RGC,YAP1,122,350004,0.0,0.0,0.0,True
strict,Retina 3,RGC,YIF1A,122,350004,10.0,3.386797602177288,28.571102044548063,True
strict,Retina 3,RGC,ZNF280D,122,350004,25.0,4.282589583820662,71.42775511137016,True
strict,Retina 3,RGC,ZNF638,122,350004,51.0,4.988475710263906,145.7126204271951,True
strict,Retina 3,RGC,ZNF638-IT1,122,350004,,,,False
strict,Retina 3,Muller glia,DGKG,161,423028,3.0,2.0908424477468404,7.091729152680201,True
strict,Retina 3,Muller glia,SLC2A12,161,423028,4.0,2.3471414376841784,9.455638870240268,True
strict,Retina 3,Muller glia,COL8A2,161,423028,0.0,0.0,0.0,True
strict,Retina 3,Muller glia,NPC2,161,423028,83.0,5.284241294633001,196.20450655748556,True
strict,Retina 3,Muller glia,PSMC3,161,423028,44.0,4.654074891908252,104.01202757264295,True
strict,Retina 3,Muller glia,RP11-466F5.8,161,423028,0.0,0.0,0.0,True
strict,Retina 3,Muller glia,LPP,161,423028,15.0,3.596178625483378,35.458645763401,True
strict,Retina 3,Muller glia,RP11-121M22.1,161,423028,1.0,1.2131039039265616,2.363909717560067,True
strict,Retina 3,Muller glia,ABO,161,423028,0.0,0.0,0.0,True
strict,Retina 3,Muller glia,ADAMTS8,161,423028,0.0,0.0,0.0,True
strict,Retina 3,Muller glia,CALD1,161,423028,66.0,5.056360711860725,156.0180413589644,True
strict,Retina 3,Muller glia,CHEK2,161,423028,0.0,0.0,0.0,True
strict,Retina 3,Muller glia,GAS7,161,423028,11.0,3.295948226216911,26.003006893160737,True
strict,Retina 3,Muller glia,LMX1B,161,423028,,,,False
strict,Retina 3,Muller glia,TCF12,161,423028,19.0,3.826776280711972,44.91428463364127,True
strict,Retina 3,Muller glia,TMCO1,161,423028,180.0,6.055621157422551,425.50374916081205,True
strict,Retina 3,Muller glia,TRIB2,161,423028,37.0,4.482603145139796,87.46465954972248,True
strict,Retina 3,Muller glia,AC000078.5,161,423028,,,,False
strict,Retina 3,Muller glia,AC002066.1,161,423028,,,,False
strict,Retina 3,Muller glia,AC012066.1,161,423028,,,,False
strict,Retina 3,Muller glia,AC091132.1,161,423028,,,,False
strict,Retina 3,Muller glia,ACBD4,161,423028,15.0,3.596178625483378,35.458645763401,True
strict,Retina 3,Muller glia,AFAP1,161,423028,4.0,2.3471414376841784,9.455638870240268,True
strict,Retina 3,Muller glia,ALDH2,161,423028,42.0,4.608008236286008,99.28420813752281,True
strict,Retina 3,Muller glia,AP003068.23,161,423028,2.0,1.7453349059631773,4.727819435120134,True
strict,Retina 3,Muller glia,AP5B1,161,423028,3.0,2.0908424477468404,7.091729152680201,True
strict,Retina 3,Muller glia,AREL1,161,423028,2.0,1.7453349059631773,4.727819435120134,True
strict,Retina 3,Muller glia,ARHGAP27,161,423028,0.0,0.0,0.0,True
strict,Retina 3,Muller glia,ARHGEF12,161,423028,25.0,4.095972285744465,59.09774293900168,True
strict,Retina 3,Muller glia,ARL17A,161,423028,10.0,3.2043344973934134,23.639097175600668,True
strict,Retina 3,Muller glia,ATP5J,161,423028,148.0,5.860383402170158,349.85863819888993,True
strict,Retina 3,Muller glia,BICC1,161,423028,11.0,3.295948226216911,26.003006893160737,True
strict,Retina 3,Muller glia,BORA,161,423028,2.0,1.7453349059631773,4.727819435120134,True
strict,Retina 3,Muller glia,C1orf109,161,423028,3.0,2.0908424477468404,7.091729152680201,True
strict,Retina 3,Muller glia,C1orf122,161,423028,69.0,5.100535536309257,163.10977051164463,True
strict,Retina 3,Muller glia,C22orf29,161,423028,2.0,1.7453349059631773,4.727819435120134,True
strict,Retina 3,Muller glia,C6orf15,161,423028,,,,False
strict,Retina 3,Muller glia,CADM1,161,423028,177.0,6.038853778066981,418.41202000813183,True
strict,Retina 3,Muller glia,CADM2,161,423028,80.0,5.247617461358737,189.11277740480534,True
strict,Retina 3,Muller glia,CAV2,161,423028,78.0,5.222434516990713,184.38495796968522,True
strict,Retina 3,Muller glia,CCDC117,161,423028,6.0,2.720206565872946,14.183458305360402,True
strict,Retina 3,Muller glia,CDC14A,161,423028,11.0,3.295948226216911,26.003006893160737,True
strict,Retina 3,Muller glia,CDKN2A,161,423028,1.0,1.2131039039265616,2.363909717560067,True
strict,Retina 3,Muller glia,CDKN2B-AS1,161,423028,0.0,0.0,0.0,True
strict,Retina 3,Muller glia,CELF1,161,423028,27.0,4.1717000066531496,63.82556237412181,True
strict,Retina 3,Muller glia,CLIC5,161,423028,21.0,3.9247833265138645,49.642104068761405,True
strict,Retina 3,Muller glia,CMB9-22P13.1,161,423028,,,,False
strict,Retina 3,Muller glia,COL11A1,161,423028,24.0,4.055843365992745,56.73383322144161,True
strict,Retina 3,Muller glia,CRHR1,161,423028,0.0,0.0,0.0,True
strict,Retina 3,Muller glia,CTA-292E10.6,161,423028,3.0,2.0908424477468404,7.091729152680201,True
strict,Retina 3,Muller glia,CTB-39G8.3,161,423028,,,,False
strict,Retina 3,Muller glia,CTD-2005H7.1,161,423028,0.0,0.0,0.0,True
strict,Retina 3,Muller glia,CTD-2020K17.1,161,423028,1.0,1.2131039039265616,2.363909717560067,True
strict,Retina 3,Muller glia,CTD-2020K17.3,161,423028,1.0,1.2131039039265616,2.363909717560067,True
strict,Retina 3,Muller glia,CTTNBP2,161,423028,45.0,4.676336109395103,106.37593729020301,True
strict,Retina 3,Muller glia,DDX39BP2,161,423028,,,,False
strict,Retina 3,Muller glia,DIO1,161,423028,,,,False
strict,Retina 3,Muller glia,DND1P1,161,423028,,,,False
strict,Retina 3,Muller glia,DYSF,161,423028,1.0,1.2131039039265616,2.363909717560067,True
strict,Retina 3,Muller glia,EFCAB13,161,423028,0.0,0.0,0.0,True
strict,Retina 3,Muller glia,EFEMP1,161,423028,35.0,4.427679025398527,82.73684011460234,True
strict,Retina 3,Muller glia,EHBP1L1,161,423028,1.0,1.2131039039265616,2.363909717560067,True
strict,Retina 3,Muller glia,FAM215B,161,423028,9.0,3.1034733889461803,21.2751874580406,True
strict,Retina 3,Muller glia,FAM83A,161,423028,,,,False
strict,Retina 3,Muller glia,FAM83A-AS1,161,423028,,,,False
strict,Retina 3,Muller glia,FAM89B,161,423028,1.0,1.2131039039265616,2.363909717560067,True
strict,Retina 3,Muller glia,FHL3,161,423028,1.0,1.2131039039265616,2.363909717560067,True
strict,Retina 3,Muller glia,FLOT1,161,423028,26.0,4.134552810943917,61.46165265656174,True
strict,Retina 3,Muller glia,FLVCR2,161,423028,0.0,0.0,0.0,True
strict,Retina 3,Muller glia,FMNL1,161,423028,1.0,1.2131039039265616,2.363909717560067,True
strict,Retina 3,Muller glia,FNDC4,161,423028,9.0,3.1034733889461803,21.2751874580406,True
strict,Retina 3,Muller glia,GALR3,161,423028,,,,False
strict,Retina 3,Muller glia,GCAT,161,423028,8.0,2.9912862918321204,18.911277740480536,True
strict,Retina 3,Muller glia,GLIS1,161,423028,1.0,1.2131039039265616,2.363909717560067,True
strict,Retina 3,Muller glia,H1F0,161,423028,52.0,4.8196628687122525,122.92330531312348,True
strict,Retina 3,Muller glia,HCG4,161,423028,,,,False
strict,Retina 3,Muller glia,HCG4B,161,423028,,,,False
strict,Retina 3,Muller glia,HCG4P5,161,423028,,,,False
strict,Retina 3,Muller glia,HCG4P7,161,423028,,,,False
strict,Retina 3,Muller glia,HCG9,161,423028,0.0,0.0,0.0,True
strict,Retina 3,Muller glia,HCP5B,161,423028,0.0,0.0,0.0,True
strict,Retina 3,Muller glia,HECTD4,161,423028,8.0,2.9912862918321204,18.911277740480536,True
strict,Retina 3,Muller glia,HLA-A,161,423028,95.0,5.418636841246842,224.57142316820637,True
strict,Retina 3,Muller glia,HLA-C,161,423028,111.0,5.573650928946014,262.3939786491674,True
strict,Retina 3,Muller glia,HLA-F,161,423028,2.0,1.7453349059631773,4.727819435120134,True
strict,Retina 3,Muller glia,HLA-F-AS1,161,423028,,,,False
strict,Retina 3,Muller glia,HLA-G,161,423028,0.0,0.0,0.0,True
strict,Retina 3,Muller glia,HLA-H,161,423028,,,,False
strict,Retina 3,Muller glia,HLA-J,161,423028,,,,False
strict,Retina 3,Muller glia,HLA-L,161,423028,,,,False
strict,Retina 3,Muller glia,HLA-T,161,423028,,,,False
strict,Retina 3,Muller glia,HLA-U,161,423028,,,,False
strict,Retina 3,Muller glia,HLA-V,161,423028,,,,False
strict,Retina 3,Muller glia,HLA-W,161,423028,,,,False
strict,Retina 3,Muller glia,HSCB,161,423028,16.0,3.6590014045531367,37.82255548096107,True
strict,Retina 3,Muller glia,HTRA3,161,423028,0.0,0.0,0.0,True
strict,Retina 3,Muller glia,IFITM4P,161,423028,,,,False
strict,Retina 3,Muller glia,IFT172,161,423028,7.0,2.8649039684612574,16.54736802292047,True
strict,Retina 3,Muller glia,INPP5B,161,423028,6.0,2.720206565872946,14.183458305360402,True
strict,Retina 3,Muller glia,ITGB3,161,423028,0.0,0.0,0.0,True
strict,Retina 3,Muller glia,KANSL1,161,423028,41.0,4.584153866348861,96.92029841996275,True
strict,Retina 3,Muller glia,KANSL1-AS1,161,423028,2.0,1.7453349059631773,4.727819435120134,True
strict,Retina 3,Muller glia,KHK,161,423028,6.0,2.720206565872946,14.183458305360402,True
strict,Retina 3,Muller glia,KLF5,161,423028,0.0,0.0,0.0,True
strict,Retina 3,Muller glia,KRT8P26,161,423028,,,,False
strict,Retina 3,Muller glia,LHPP,161,423028,8.0,2.9912862918321204,18.911277740480536,True
strict,Retina 3,Muller glia,LINC01948,161,423028,0.0,0.0,0.0,True
strict,Retina 3,Muller glia,LINC02052,161,423028,,,,False
strict,Retina 3,Muller glia,LINC02210,161,423028,,,,False
strict,Retina 3,Muller glia,LMO4,161,423028,45.0,4.676336109395103,106.37593729020301,True
strict,Retina 3,Muller glia,LMO7,161,423028,1.0,1.2131039039265616,2.363909717560067,True
strict,Retina 3,Muller glia,LOXL1,161,423028,3.0,2.0908424477468404,7.091729152680201,True
strict,Retina 3,Muller glia,LOXL1-AS1,161,423028,1.0,1.2131039039265616,2.363909717560067,True
strict,Retina 3,Muller glia,LRRC37A,161,423028,0.0,0.0,0.0,True
strict,Retina 3,Muller glia,LRRC37A17P,161,423028,,,,False
strict,Retina 3,Muller glia,LRRC37A2,161,423028,2.0,1.7453349059631773,4.727819435120134,True
strict,Retina 3,Muller glia,LRRC37A4P,161,423028,,,,False
strict,Retina 3,Muller glia,LRWD1,161,423028,8.0,2.9912862918321204,18.911277740480536,True
strict,Retina 3,Muller glia,LTBP2,161,423028,0.0,0.0,0.0,True
strict,Retina 3,Muller glia,LTBP3,161,423028,18.0,3.7739183121266957,42.5503749160812,True
strict,Retina 3,Muller glia,MADD,161,423028,5.0,2.550971239312546,11.819548587800334,True
strict,Retina 3,Muller glia,MAPK8IP1P1,161,423028,,,,False
strict,Retina 3,Muller glia,MAPK8IP1P2,161,423028,,,,False
strict,Retina 3,Muller glia,MAPT,161,423028,60.0,4.9616871988315925,141.834583053604,True
strict,Retina 3,Muller glia,MAPT-AS1,161,423028,4.0,2.3471414376841784,9.455638870240268,True
strict,Retina 3,Muller glia,MAPT-IT1,161,423028,,,,False
strict,Retina 3,Muller glia,ME3,161,423028,7.0,2.8649039684612574,16.54736802292047,True
strict,Retina 3,Muller glia,MICE,161,423028,,,,False
strict,Retina 3,Muller glia,MOV10,161,423028,8.0,2.9912862918321204,18.911277740480536,True
strict,Retina 3,Muller glia,MRPL33,161,423028,97.0,5.439379518081877,229.2992426033265,True
strict,Retina 3,Muller glia,MTCH2,161,423028,23.0,4.014036549289431,54.36992350388154,True
strict,Retina 3,Muller glia,MVB12B,161,423028,5.0,2.550971239312546,11.819548587800334,True
strict,Retina 3,Muller glia,Metazoa_SRP,161,423028,,,,False
strict,Retina 3,Muller glia,NEAT1,161,423028,345.0,6.705086742290271,815.5488525582231,True
strict,Retina 3,Muller glia,NMT1,161,423028,46.0,4.698112537496115,108.73984700776307,True
strict,Retina 3,Muller glia,NPEPPS,161,423028,30.0,4.275516729927002,70.917291526802,True
strict,Retina 3,Muller glia,NRBP1,161,423028,20.0,3.876979996010509,47.278194351201336,True
strict,Retina 3,Muller glia,NSF,161,423028,17.0,3.7181096877837376,40.18646519852114,True
strict,Retina 3,Muller glia,NUCB2,161,423028,46.0,4.698112537496115,108.73984700776307,True
strict,Retina 3,Muller glia,NUDT7,161,423028,25.0,4.095972285744465,59.09774293900168,True
strict,Retina 3,Muller glia,PDE6C,161,423028,0.0,0.0,0.0,True
strict,Retina 3,Muller glia,PGAM1P8,161,423028,,,,False
strict,Retina 3,Muller glia,PIBF1,161,423028,8.0,2.9912862918321204,18.911277740480536,True
strict,Retina 3,Muller glia,PIGC,161,423028,11.0,3.295948226216911,26.003006893160737,True
strict,Retina 3,Muller glia,PKIB,161,423028,17.0,3.7181096877837376,40.18646519852114,True
strict,Retina 3,Muller glia,PLCE1,161,423028,27.0,4.1717000066531496,63.82556237412181,True
strict,Retina 3,Muller glia,PLCE1-AS1,161,423028,,,,False
strict,Retina 3,Muller glia,PLEKHA7,161,423028,4.0,2.3471414376841784,9.455638870240268,True
strict,Retina 3,Muller glia,PLEKHM1,161,423028,3.0,2.0908424477468404,7.091729152680201,True
strict,Retina 3,Muller glia,PPP1R18,161,423028,0.0,0.0,0.0,True
strict,Retina 3,Muller glia,PRKCE,161,423028,6.0,2.720206565872946,14.183458305360402,True
strict,Retina 3,Muller glia,PROX2,161,423028,,,,False
strict,Retina 3,Muller glia,PRSS23,161,423028,0.0,0.0,0.0,True
strict,Retina 3,Muller glia,PSORS1C3,161,423028,,,,False
strict,Retina 3,Muller glia,RAPSN,161,423028,0.0,0.0,0.0,True
strict,Retina 3,Muller glia,RERE,161,423028,39.0,4.534667020847794,92.19247898484261,True
strict,Retina 3,Muller glia,RIC8B,161,423028,9.0,3.1034733889461803,21.2751874580406,True
strict,Retina 3,Muller glia,RORA,161,423028,68.0,5.086026342908814,160.74586079408456,True
strict,Retina 3,Muller glia,RP11-123K19.1,161,423028,,,,False
strict,Retina 3,Muller glia,RP11-136H19.1,161,423028,,,,False
strict,Retina 3,Muller glia,RP11-149I2.4,161,423028,,,,False
strict,Retina 3,Muller glia,RP11-162I7.1,161,423028,,,,False
strict,Retina 3,Muller glia,RP11-17G12.2,161,423028,,,,False
strict,Retina 3,Muller glia,RP11-205K6.1,161,423028,,,,False
strict,Retina 3,Muller glia,RP11-217B7.2,161,423028,0.0,0.0,0.0,True
strict,Retina 3,Muller glia,RP11-259A24.1,161,423028,,,,False
strict,Retina 3,Muller glia,RP11-259G18.1,161,423028,,,,False
strict,Retina 3,Muller glia,RP11-259G18.3,161,423028,,,,False
strict,Retina 3,Muller glia,RP11-293E1.1,161,423028,,,,False
strict,Retina 3,Muller glia,RP11-293E1.2,161,423028,,,,False
strict,Retina 3,Muller glia,RP11-302L19.3,161,423028,0.0,0.0,0.0,True
strict,Retina 3,Muller glia,RP11-403A3.3,161,423028,0.0,0.0,0.0,True
strict,Retina 3,Muller glia,RP11-412D9.4,161,423028,8.0,2.9912862918321204,18.911277740480536,True
strict,Retina 3,Muller glia,RP11-507B12.1,161,423028,,,,False
strict,Retina 3,Muller glia,RP11-507B12.2,161,423028,0.0,0.0,0.0,True
strict,Retina 3,Muller glia,RP11-669E14.6,161,423028,0.0,0.0,0.0,True
strict,Retina 3,Muller glia,RP11-707O23.1,161,423028,,,,False
strict,Retina 3,Muller glia,RP11-750H9.5,161,423028,,,,False
strict,Retina 3,Muller glia,RP11-755F10.1,161,423028,0.0,0.0,0.0,True
strict,Retina 3,Muller glia,RP11-762L8.6,161,423028,,,,False
strict,Retina 3,Muller glia,RP11-770G2.2,161,423028,,,,False
strict,Retina 3,Muller glia,RP11-798G7.6,161,423028,0.0,0.0,0.0,True
strict,Retina 3,Muller glia,RP11-798G7.8,161,423028,,,,False
strict,Retina 3,Muller glia,RP5-1115A15.1,161,423028,0.0,0.0,0.0,True
strict,Retina 3,Muller glia,RPS26P8,161,423028,,,,False
strict,Retina 3,Muller glia,SCRN2,161,423028,17.0,3.7181096877837376,40.18646519852114,True
strict,Retina 3,Muller glia,SEMA3E,161,423028,16.0,3.6590014045531367,37.82255548096107,True
strict,Retina 3,Muller glia,SEPT7,161,423028,154.0,5.900012679820522,364.0420965042503,True
strict,Retina 3,Muller glia,SF3A3,161,423028,9.0,3.1034733889461803,21.2751874580406,True
strict,Retina 3,Muller glia,SFTA1P,161,423028,0.0,0.0,0.0,True
strict,Retina 3,Muller glia,SGSM2,161,423028,6.0,2.720206565872946,14.183458305360402,True
strict,Retina 3,Muller glia,SLC25A45,161,423028,4.0,2.3471414376841784,9.455638870240268,True
strict,Retina 3,Muller glia,SLC39A13,161,423028,13.0,3.4572886477483102,30.73082632828087,True
strict,Retina 3,Muller glia,SMAD6,161,423028,5.0,2.550971239312546,11.819548587800334,True
strict,Retina 3,Muller glia,SNORD14A,161,423028,,,,False
strict,Retina 3,Muller glia,SSSCA1-AS1,161,423028,,,,False
strict,Retina 3,Muller glia,TARID,161,423028,0.0,0.0,0.0,True
strict,Retina 3,Muller glia,TBC1D31,161,423028,3.0,2.0908424477468404,7.091729152680201,True
strict,Retina 3,Muller glia,TBKBP1,161,423028,2.0,1.7453349059631773,4.727819435120134,True
strict,Retina 3,Muller glia,TBPL1,161,423028,15.0,3.596178625483378,35.458645763401,True
strict,Retina 3,Muller glia,TGFB3,161,423028,1.0,1.2131039039265616,2.363909717560067,True
strict,Retina 3,Muller glia,THCAT158,161,423028,0.0,0.0,0.0,True
strict,Retina 3,Muller glia,THSD7A,161,423028,22.0,3.970405374781596,52.006013786321475,True
strict,Retina 3,Muller glia,TIGD3,161,423028,0.0,0.0,0.0,True
strict,Retina 3,Muller glia,TMEM116,161,423028,8.0,2.9912862918321204,18.911277740480536,True
strict,Retina 3,Muller glia,TMEM136,161,423028,14.0,3.5291430042163237,33.09473604584094,True
strict,Retina 3,Muller glia,TMEM181,161,423028,1.0,1.2131039039265616,2.363909717560067,True
strict,Retina 3,Muller glia,TMEM263,161,423028,23.0,4.014036549289431,54.36992350388154,True
strict,Retina 3,Muller glia,TRIM26,161,423028,5.0,2.550971239312546,11.819548587800334,True
strict,Retina 3,Muller glia,TRIOBP,161,423028,6.0,2.720206565872946,14.183458305360402,True
strict,Retina 3,Muller glia,TSC22D2,161,423028,20.0,3.876979996010509,47.278194351201336,True
strict,Retina 3,Muller glia,TTC28,161,423028,11.0,3.295948226216911,26.003006893160737,True
strict,Retina 3,Muller glia,TTLL5,161,423028,5.0,2.550971239312546,11.819548587800334,True
strict,Retina 3,Muller glia,TXNDC8,161,423028,,,,False
strict,Retina 3,Muller glia,TXNRD2,161,423028,8.0,2.9912862918321204,18.911277740480536,True
strict,Retina 3,Muller glia,UTP11,161,423028,9.0,3.1034733889461803,21.2751874580406,True
strict,Retina 3,Muller glia,VARS2,161,423028,3.0,2.0908424477468404,7.091729152680201,True
strict,Retina 3,Muller glia,VCAM1,161,423028,2.0,1.7453349059631773,4.727819435120134,True
strict,Retina 3,Muller glia,WLS,161,423028,8.0,2.9912862918321204,18.911277740480536,True
strict,Retina 3,Muller glia,WNT2B,161,423028,15.0,3.596178625483378,35.458645763401,True
strict,Retina 3,Muller glia,XRCC6P1,161,423028,,,,False
strict,Retina 3,Muller glia,XXbac-BPG170G13.32,161,423028,1.0,1.2131039039265616,2.363909717560067,True
strict,Retina 3,Muller glia,XXbac-BPG283O16.9,161,423028,,,,False
strict,Retina 3,Muller glia,YAP1,161,423028,13.0,3.4572886477483102,30.73082632828087,True
strict,Retina 3,Muller glia,YIF1A,161,423028,42.0,4.608008236286008,99.28420813752281,True
strict,Retina 3,Muller glia,ZNF280D,161,423028,24.0,4.055843365992745,56.73383322144161,True
strict,Retina 3,Muller glia,ZNF638,161,423028,55.0,4.875312083530465,130.0150344658037,True
strict,Retina 3,Muller glia,ZNF638-IT1,161,423028,,,,False
strict,Retina 3,Astrocyte,DGKG,11,23798,0.0,0.0,0.0,True
strict,Retina 3,Astrocyte,SLC2A12,11,23798,0.0,0.0,0.0,True
strict,Retina 3,Astrocyte,COL8A2,11,23798,0.0,0.0,0.0,True
strict,Retina 3,Astrocyte,NPC2,11,23798,6.0,5.533871692848019,252.12202706109758,True
strict,Retina 3,Astrocyte,PSMC3,11,23798,2.0,4.443129679522265,84.04067568703252,True
strict,Retina 3,Astrocyte,RP11-466F5.8,11,23798,0.0,0.0,0.0,True
strict,Retina 3,Astrocyte,LPP,11,23798,1.0,3.761672976982069,42.02033784351626,True
strict,Retina 3,Astrocyte,RP11-121M22.1,11,23798,0.0,0.0,0.0,True
strict,Retina 3,Astrocyte,ABO,11,23798,0.0,0.0,0.0,True
strict,Retina 3,Astrocyte,ADAMTS8,11,23798,0.0,0.0,0.0,True
strict,Retina 3,Astrocyte,CALD1,11,23798,5.0,5.35233995680038,210.1016892175813,True
strict,Retina 3,Astrocyte,CHEK2,11,23798,0.0,0.0,0.0,True
strict,Retina 3,Astrocyte,GAS7,11,23798,1.0,3.761672976982069,42.02033784351626,True
strict,Retina 3,Astrocyte,LMX1B,11,23798,,,,False
strict,Retina 3,Astrocyte,TCF12,11,23798,0.0,0.0,0.0,True
strict,Retina 3,Astrocyte,TMCO1,11,23798,6.0,5.533871692848019,252.12202706109758,True
strict,Retina 3,Astrocyte,TRIB2,11,23798,1.0,3.761672976982069,42.02033784351626,True
strict,Retina 3,Astrocyte,AC000078.5,11,23798,,,,False
strict,Retina 3,Astrocyte,AC002066.1,11,23798,,,,False
strict,Retina 3,Astrocyte,AC012066.1,11,23798,,,,False
strict,Retina 3,Astrocyte,AC091132.1,11,23798,,,,False
strict,Retina 3,Astrocyte,ACBD4,11,23798,1.0,3.761672976982069,42.02033784351626,True
strict,Retina 3,Astrocyte,AFAP1,11,23798,0.0,0.0,0.0,True
strict,Retina 3,Astrocyte,ALDH2,11,23798,2.0,4.443129679522265,84.04067568703252,True
strict,Retina 3,Astrocyte,AP003068.23,11,23798,0.0,0.0,0.0,True
strict,Retina 3,Astrocyte,AP5B1,11,23798,1.0,3.761672976982069,42.02033784351626,True
strict,Retina 3,Astrocyte,AREL1,11,23798,0.0,0.0,0.0,True
strict,Retina 3,Astrocyte,ARHGAP27,11,23798,0.0,0.0,0.0,True
strict,Retina 3,Astrocyte,ARHGEF12,11,23798,4.0,5.130379968179454,168.08135137406504,True
strict,Retina 3,Astrocyte,ARL17A,11,23798,1.0,3.761672976982069,42.02033784351626,True
strict,Retina 3,Astrocyte,ATP5J,11,23798,7.0,5.687457832826315,294.1423649046138,True
strict,Retina 3,Astrocyte,BICC1,11,23798,1.0,3.761672976982069,42.02033784351626,True
strict,Retina 3,Astrocyte,BORA,11,23798,0.0,0.0,0.0,True
strict,Retina 3,Astrocyte,C1orf109,11,23798,0.0,0.0,0.0,True
strict,Retina 3,Astrocyte,C1orf122,11,23798,0.0,0.0,0.0,True
strict,Retina 3,Astrocyte,C22orf29,11,23798,0.0,0.0,0.0,True
strict,Retina 3,Astrocyte,C6orf15,11,23798,,,,False
strict,Retina 3,Astrocyte,CADM1,11,23798,3.0,4.844667392593514,126.06101353054879,True
strict,Retina 3,Astrocyte,CADM2,11,23798,1.0,3.761672976982069,42.02033784351626,True
strict,Retina 3,Astrocyte,CAV2,11,23798,3.0,4.844667392593514,126.06101353054879,True
strict,Retina 3,Astrocyte,CCDC117,11,23798,1.0,3.761672976982069,42.02033784351626,True
strict,Retina 3,Astrocyte,CDC14A,11,23798,0.0,0.0,0.0,True
strict,Retina 3,Astrocyte,CDKN2A,11,23798,0.0,0.0,0.0,True
strict,Retina 3,Astrocyte,CDKN2B-AS1,11,23798,0.0,0.0,0.0,True
strict,Retina 3,Astrocyte,CELF1,11,23798,1.0,3.761672976982069,42.02033784351626,True
strict,Retina 3,Astrocyte,CLIC5,11,23798,0.0,0.0,0.0,True
strict,Retina 3,Astrocyte,CMB9-22P13.1,11,23798,,,,False
strict,Retina 3,Astrocyte,COL11A1,11,23798,2.0,4.443129679522265,84.04067568703252,True
strict,Retina 3,Astrocyte,CRHR1,11,23798,0.0,0.0,0.0,True
strict,Retina 3,Astrocyte,CTA-292E10.6,11,23798,1.0,3.761672976982069,42.02033784351626,True
strict,Retina 3,Astrocyte,CTB-39G8.3,11,23798,,,,False
strict,Retina 3,Astrocyte,CTD-2005H7.1,11,23798,0.0,0.0,0.0,True
strict,Retina 3,Astrocyte,CTD-2020K17.1,11,23798,0.0,0.0,0.0,True
strict,Retina 3,Astrocyte,CTD-2020K17.3,11,23798,0.0,0.0,0.0,True
strict,Retina 3,Astrocyte,CTTNBP2,11,23798,2.0,4.443129679522265,84.04067568703252,True
strict,Retina 3,Astrocyte,DDX39BP2,11,23798,,,,False
strict,Retina 3,Astrocyte,DIO1,11,23798,,,,False
strict,Retina 3,Astrocyte,DND1P1,11,23798,,,,False
strict,Retina 3,Astrocyte,DYSF,11,23798,0.0,0.0,0.0,True
strict,Retina 3,Astrocyte,EFCAB13,11,23798,0.0,0.0,0.0,True
strict,Retina 3,Astrocyte,EFEMP1,11,23798,1.0,3.761672976982069,42.02033784351626,True
strict,Retina 3,Astrocyte,EHBP1L1,11,23798,0.0,0.0,0.0,True
strict,Retina 3,Astrocyte,FAM215B,11,23798,0.0,0.0,0.0,True
strict,Retina 3,Astrocyte,FAM83A,11,23798,,,,False
strict,Retina 3,Astrocyte,FAM83A-AS1,11,23798,,,,False
strict,Retina 3,Astrocyte,FAM89B,11,23798,0.0,0.0,0.0,True
strict,Retina 3,Astrocyte,FHL3,11,23798,0.0,0.0,0.0,True
strict,Retina 3,Astrocyte,FLOT1,11,23798,1.0,3.761672976982069,42.02033784351626,True
strict,Retina 3,Astrocyte,FLVCR2,11,23798,1.0,3.761672976982069,42.02033784351626,True
strict,Retina 3,Astrocyte,FMNL1,11,23798,0.0,0.0,0.0,True
strict,Retina 3,Astrocyte,FNDC4,11,23798,3.0,4.844667392593514,126.06101353054879,True
strict,Retina 3,Astrocyte,GALR3,11,23798,,,,False
strict,Retina 3,Astrocyte,GCAT,11,23798,0.0,0.0,0.0,True
strict,Retina 3,Astrocyte,GLIS1,11,23798,0.0,0.0,0.0,True
strict,Retina 3,Astrocyte,H1F0,11,23798,1.0,3.761672976982069,42.02033784351626,True
strict,Retina 3,Astrocyte,HCG4,11,23798,,,,False
strict,Retina 3,Astrocyte,HCG4B,11,23798,,,,False
strict,Retina 3,Astrocyte,HCG4P5,11,23798,,,,False
strict,Retina 3,Astrocyte,HCG4P7,11,23798,,,,False
strict,Retina 3,Astrocyte,HCG9,11,23798,0.0,0.0,0.0,True
strict,Retina 3,Astrocyte,HCP5B,11,23798,0.0,0.0,0.0,True
strict,Retina 3,Astrocyte,HECTD4,11,23798,0.0,0.0,0.0,True
strict,Retina 3,Astrocyte,HLA-A,11,23798,9.0,5.938019045202563,378.1830405916464,True
strict,Retina 3,Astrocyte,HLA-C,11,23798,8.0,5.820565611315357,336.1627027481301,True
strict,Retina 3,Astrocyte,HLA-F,11,23798,0.0,0.0,0.0,True
strict,Retina 3,Astrocyte,HLA-F-AS1,11,23798,,,,False
strict,Retina 3,Astrocyte,HLA-G,11,23798,0.0,0.0,0.0,True
strict,Retina 3,Astrocyte,HLA-H,11,23798,,,,False
strict,Retina 3,Astrocyte,HLA-J,11,23798,,,,False
strict,Retina 3,Astrocyte,HLA-L,11,23798,,,,False
strict,Retina 3,Astrocyte,HLA-T,11,23798,,,,False
strict,Retina 3,Astrocyte,HLA-U,11,23798,,,,False
strict,Retina 3,Astrocyte,HLA-V,11,23798,,,,False
strict,Retina 3,Astrocyte,HLA-W,11,23798,,,,False
strict,Retina 3,Astrocyte,HSCB,11,23798,0.0,0.0,0.0,True
strict,Retina 3,Astrocyte,HTRA3,11,23798,0.0,0.0,0.0,True
strict,Retina 3,Astrocyte,IFITM4P,11,23798,,,,False
strict,Retina 3,Astrocyte,IFT172,11,23798,0.0,0.0,0.0,True
strict,Retina 3,Astrocyte,INPP5B,11,23798,2.0,4.443129679522265,84.04067568703252,True
strict,Retina 3,Astrocyte,ITGB3,11,23798,1.0,3.761672976982069,42.02033784351626,True
strict,Retina 3,Astrocyte,KANSL1,11,23798,1.0,3.761672976982069,42.02033784351626,True
strict,Retina 3,Astrocyte,KANSL1-AS1,11,23798,0.0,0.0,0.0,True
strict,Retina 3,Astrocyte,KHK,11,23798,0.0,0.0,0.0,True
strict,Retina 3,Astrocyte,KLF5,11,23798,0.0,0.0,0.0,True
strict,Retina 3,Astrocyte,KRT8P26,11,23798,,,,False
strict,Retina 3,Astrocyte,LHPP,11,23798,0.0,0.0,0.0,True
strict,Retina 3,Astrocyte,LINC01948,11,23798,0.0,0.0,0.0,True
strict,Retina 3,Astrocyte,LINC02052,11,23798,,,,False
strict,Retina 3,Astrocyte,LINC02210,11,23798,,,,False
strict,Retina 3,Astrocyte,LMO4,11,23798,8.0,5.820565611315357,336.1627027481301,True
strict,Retina 3,Astrocyte,LMO7,11,23798,0.0,0.0,0.0,True
strict,Retina 3,Astrocyte,LOXL1,11,23798,0.0,0.0,0.0,True
strict,Retina 3,Astrocyte,LOXL1-AS1,11,23798,0.0,0.0,0.0,True
strict,Retina 3,Astrocyte,LRRC37A,11,23798,0.0,0.0,0.0,True
strict,Retina 3,Astrocyte,LRRC37A17P,11,23798,,,,False
strict,Retina 3,Astrocyte,LRRC37A2,11,23798,0.0,0.0,0.0,True
strict,Retina 3,Astrocyte,LRRC37A4P,11,23798,,,,False
strict,Retina 3,Astrocyte,LRWD1,11,23798,0.0,0.0,0.0,True
strict,Retina 3,Astrocyte,LTBP2,11,23798,0.0,0.0,0.0,True
strict,Retina 3,Astrocyte,LTBP3,11,23798,3.0,4.844667392593514,126.06101353054879,True
strict,Retina 3,Astrocyte,MADD,11,23798,1.0,3.761672976982069,42.02033784351626,True
strict,Retina 3,Astrocyte,MAPK8IP1P1,11,23798,,,,False
strict,Retina 3,Astrocyte,MAPK8IP1P2,11,23798,,,,False
strict,Retina 3,Astrocyte,MAPT,11,23798,2.0,4.443129679522265,84.04067568703252,True
strict,Retina 3,Astrocyte,MAPT-AS1,11,23798,0.0,0.0,0.0,True
strict,Retina 3,Astrocyte,MAPT-IT1,11,23798,,,,False
strict,Retina 3,Astrocyte,ME3,11,23798,0.0,0.0,0.0,True
strict,Retina 3,Astrocyte,MICE,11,23798,,,,False
strict,Retina 3,Astrocyte,MOV10,11,23798,3.0,4.844667392593514,126.06101353054879,True
strict,Retina 3,Astrocyte,MRPL33,11,23798,7.0,5.687457832826315,294.1423649046138,True
strict,Retina 3,Astrocyte,MTCH2,11,23798,1.0,3.761672976982069,42.02033784351626,True
strict,Retina 3,Astrocyte,MVB12B,11,23798,0.0,0.0,0.0,True
strict,Retina 3,Astrocyte,Metazoa_SRP,11,23798,,,,False
strict,Retina 3,Astrocyte,NEAT1,11,23798,29.0,7.10626984960024,1218.5897974619716,True
strict,Retina 3,Astrocyte,NMT1,11,23798,6.0,5.533871692848019,252.12202706109758,True
strict,Retina 3,Astrocyte,NPEPPS,11,23798,2.0,4.443129679522265,84.04067568703252,True
strict,Retina 3,Astrocyte,NRBP1,11,23798,0.0,0.0,0.0,True
strict,Retina 3,Astrocyte,NSF,11,23798,0.0,0.0,0.0,True
strict,Retina 3,Astrocyte,NUCB2,11,23798,0.0,0.0,0.0,True
strict,Retina 3,Astrocyte,NUDT7,11,23798,0.0,0.0,0.0,True
strict,Retina 3,Astrocyte,PDE6C,11,23798,0.0,0.0,0.0,True
strict,Retina 3,Astrocyte,PGAM1P8,11,23798,,,,False
strict,Retina 3,Astrocyte,PIBF1,11,23798,0.0,0.0,0.0,True
strict,Retina 3,Astrocyte,PIGC,11,23798,0.0,0.0,0.0,True
strict,Retina 3,Astrocyte,PKIB,11,23798,0.0,0.0,0.0,True
strict,Retina 3,Astrocyte,PLCE1,11,23798,3.0,4.844667392593514,126.06101353054879,True
strict,Retina 3,Astrocyte,PLCE1-AS1,11,23798,,,,False
strict,Retina 3,Astrocyte,PLEKHA7,11,23798,0.0,0.0,0.0,True
strict,Retina 3,Astrocyte,PLEKHM1,11,23798,0.0,0.0,0.0,True
strict,Retina 3,Astrocyte,PPP1R18,11,23798,1.0,3.761672976982069,42.02033784351626,True
strict,Retina 3,Astrocyte,PRKCE,11,23798,0.0,0.0,0.0,True
strict,Retina 3,Astrocyte,PROX2,11,23798,,,,False
strict,Retina 3,Astrocyte,PRSS23,11,23798,0.0,0.0,0.0,True
strict,Retina 3,Astrocyte,PSORS1C3,11,23798,,,,False
strict,Retina 3,Astrocyte,RAPSN,11,23798,0.0,0.0,0.0,True
strict,Retina 3,Astrocyte,RERE,11,23798,2.0,4.443129679522265,84.04067568703252,True
strict,Retina 3,Astrocyte,RIC8B,11,23798,0.0,0.0,0.0,True
strict,Retina 3,Astrocyte,RORA,11,23798,3.0,4.844667392593514,126.06101353054879,True
strict,Retina 3,Astrocyte,RP11-123K19.1,11,23798,,,,False
strict,Retina 3,Astrocyte,RP11-136H19.1,11,23798,,,,False
strict,Retina 3,Astrocyte,RP11-149I2.4,11,23798,,,,False
strict,Retina 3,Astrocyte,RP11-162I7.1,11,23798,,,,False
strict,Retina 3,Astrocyte,RP11-17G12.2,11,23798,,,,False
strict,Retina 3,Astrocyte,RP11-205K6.1,11,23798,,,,False
strict,Retina 3,Astrocyte,RP11-217B7.2,11,23798,0.0,0.0,0.0,True
strict,Retina 3,Astrocyte,RP11-259A24.1,11,23798,,,,False
strict,Retina 3,Astrocyte,RP11-259G18.1,11,23798,,,,False
strict,Retina 3,Astrocyte,RP11-259G18.3,11,23798,,,,False
strict,Retina 3,Astrocyte,RP11-293E1.1,11,23798,,,,False
strict,Retina 3,Astrocyte,RP11-293E1.2,11,23798,,,,False
strict,Retina 3,Astrocyte,RP11-302L19.3,11,23798,0.0,0.0,0.0,True
strict,Retina 3,Astrocyte,RP11-403A3.3,11,23798,2.0,4.443129679522265,84.04067568703252,True
strict,Retina 3,Astrocyte,RP11-412D9.4,11,23798,0.0,0.0,0.0,True
strict,Retina 3,Astrocyte,RP11-507B12.1,11,23798,,,,False
strict,Retina 3,Astrocyte,RP11-507B12.2,11,23798,0.0,0.0,0.0,True
strict,Retina 3,Astrocyte,RP11-669E14.6,11,23798,0.0,0.0,0.0,True
strict,Retina 3,Astrocyte,RP11-707O23.1,11,23798,,,,False
strict,Retina 3,Astrocyte,RP11-750H9.5,11,23798,,,,False
strict,Retina 3,Astrocyte,RP11-755F10.1,11,23798,0.0,0.0,0.0,True
strict,Retina 3,Astrocyte,RP11-762L8.6,11,23798,,,,False
strict,Retina 3,Astrocyte,RP11-770G2.2,11,23798,,,,False
strict,Retina 3,Astrocyte,RP11-798G7.6,11,23798,0.0,0.0,0.0,True
strict,Retina 3,Astrocyte,RP11-798G7.8,11,23798,,,,False
strict,Retina 3,Astrocyte,RP5-1115A15.1,11,23798,0.0,0.0,0.0,True
strict,Retina 3,Astrocyte,RPS26P8,11,23798,,,,False
strict,Retina 3,Astrocyte,SCRN2,11,23798,1.0,3.761672976982069,42.02033784351626,True
strict,Retina 3,Astrocyte,SEMA3E,11,23798,1.0,3.761672976982069,42.02033784351626,True
strict,Retina 3,Astrocyte,SEPT7,11,23798,13.0,6.304932034761071,546.2643919657114,True
strict,Retina 3,Astrocyte,SF3A3,11,23798,0.0,0.0,0.0,True
strict,Retina 3,Astrocyte,SFTA1P,11,23798,0.0,0.0,0.0,True
strict,Retina 3,Astrocyte,SGSM2,11,23798,0.0,0.0,0.0,True
strict,Retina 3,Astrocyte,SLC25A45,11,23798,0.0,0.0,0.0,True
strict,Retina 3,Astrocyte,SLC39A13,11,23798,1.0,3.761672976982069,42.02033784351626,True
strict,Retina 3,Astrocyte,SMAD6,11,23798,0.0,0.0,0.0,True
strict,Retina 3,Astrocyte,SNORD14A,11,23798,,,,False
strict,Retina 3,Astrocyte,SSSCA1-AS1,11,23798,,,,False
strict,Retina 3,Astrocyte,TARID,11,23798,0.0,0.0,0.0,True
strict,Retina 3,Astrocyte,TBC1D31,11,23798,0.0,0.0,0.0,True
strict,Retina 3,Astrocyte,TBKBP1,11,23798,0.0,0.0,0.0,True
strict,Retina 3,Astrocyte,TBPL1,11,23798,0.0,0.0,0.0,True
strict,Retina 3,Astrocyte,TGFB3,11,23798,0.0,0.0,0.0,True
strict,Retina 3,Astrocyte,THCAT158,11,23798,0.0,0.0,0.0,True
strict,Retina 3,Astrocyte,THSD7A,11,23798,0.0,0.0,0.0,True
strict,Retina 3,Astrocyte,TIGD3,11,23798,0.0,0.0,0.0,True
strict,Retina 3,Astrocyte,TMEM116,11,23798,0.0,0.0,0.0,True
strict,Retina 3,Astrocyte,TMEM136,11,23798,1.0,3.761672976982069,42.02033784351626,True
strict,Retina 3,Astrocyte,TMEM181,11,23798,0.0,0.0,0.0,True
strict,Retina 3,Astrocyte,TMEM263,11,23798,0.0,0.0,0.0,True
strict,Retina 3,Astrocyte,TRIM26,11,23798,0.0,0.0,0.0,True
strict,Retina 3,Astrocyte,TRIOBP,11,23798,0.0,0.0,0.0,True
strict,Retina 3,Astrocyte,TSC22D2,11,23798,0.0,0.0,0.0,True
strict,Retina 3,Astrocyte,TTC28,11,23798,1.0,3.761672976982069,42.02033784351626,True
strict,Retina 3,Astrocyte,TTLL5,11,23798,0.0,0.0,0.0,True
strict,Retina 3,Astrocyte,TXNDC8,11,23798,,,,False
strict,Retina 3,Astrocyte,TXNRD2,11,23798,0.0,0.0,0.0,True
strict,Retina 3,Astrocyte,UTP11,11,23798,0.0,0.0,0.0,True
strict,Retina 3,Astrocyte,VARS2,11,23798,1.0,3.761672976982069,42.02033784351626,True
strict,Retina 3,Astrocyte,VCAM1,11,23798,0.0,0.0,0.0,True
strict,Retina 3,Astrocyte,WLS,11,23798,0.0,0.0,0.0,True
strict,Retina 3,Astrocyte,WNT2B,11,23798,3.0,4.844667392593514,126.06101353054879,True
strict,Retina 3,Astrocyte,XRCC6P1,11,23798,,,,False
strict,Retina 3,Astrocyte,XXbac-BPG170G13.32,11,23798,0.0,0.0,0.0,True
strict,Retina 3,Astrocyte,XXbac-BPG283O16.9,11,23798,,,,False
strict,Retina 3,Astrocyte,YAP1,11,23798,3.0,4.844667392593514,126.06101353054879,True
strict,Retina 3,Astrocyte,YIF1A,11,23798,4.0,5.130379968179454,168.08135137406504,True
strict,Retina 3,Astrocyte,ZNF280D,11,23798,2.0,4.443129679522265,84.04067568703252,True
strict,Retina 3,Astrocyte,ZNF638,11,23798,2.0,4.443129679522265,84.04067568703252,True
strict,Retina 3,Astrocyte,ZNF638-IT1,11,23798,,,,False
strict,Retina 3,Microglia,DGKG,62,192604,1.0,1.8232581631194678,5.192000166144005,True
strict,Retina 3,Microglia,SLC2A12,62,192604,0.0,0.0,0.0,True
strict,Retina 3,Microglia,COL8A2,62,192604,1.0,1.8232581631194678,5.192000166144005,True
strict,Retina 3,Microglia,NPC2,62,192604,178.0,6.8299840216490155,924.176029573633,True
strict,Retina 3,Microglia,PSMC3,62,192604,11.0,4.0623722144281675,57.11200182758406,True
strict,Retina 3,Microglia,RP11-466F5.8,62,192604,0.0,0.0,0.0,True
strict,Retina 3,Microglia,LPP,62,192604,1.0,1.8232581631194678,5.192000166144005,True
strict,Retina 3,Microglia,RP11-121M22.1,62,192604,0.0,0.0,0.0,True
strict,Retina 3,Microglia,ABO,62,192604,0.0,0.0,0.0,True
strict,Retina 3,Microglia,ADAMTS8,62,192604,0.0,0.0,0.0,True
strict,Retina 3,Microglia,CALD1,62,192604,0.0,0.0,0.0,True
strict,Retina 3,Microglia,CHEK2,62,192604,2.0,2.432208889976589,10.38400033228801,True
strict,Retina 3,Microglia,GAS7,62,192604,6.0,3.470474688151628,31.152000996864032,True
strict,Retina 3,Microglia,LMX1B,62,192604,,,,False
strict,Retina 3,Microglia,TCF12,62,192604,2.0,2.432208889976589,10.38400033228801,True
strict,Retina 3,Microglia,TMCO1,62,192604,17.0,4.491598302744686,88.26400282444808,True
strict,Retina 3,Microglia,TRIB2,62,192604,1.0,1.8232581631194678,5.192000166144005,True
strict,Retina 3,Microglia,AC000078.5,62,192604,,,,False
strict,Retina 3,Microglia,AC002066.1,62,192604,,,,False
strict,Retina 3,Microglia,AC012066.1,62,192604,,,,False
strict,Retina 3,Microglia,AC091132.1,62,192604,,,,False
strict,Retina 3,Microglia,ACBD4,62,192604,1.0,1.8232581631194678,5.192000166144005,True
strict,Retina 3,Microglia,AFAP1,62,192604,1.0,1.8232581631194678,5.192000166144005,True
strict,Retina 3,Microglia,ALDH2,62,192604,30.0,5.054716005127298,155.76000498432015,True
strict,Retina 3,Microglia,AP003068.23,62,192604,0.0,0.0,0.0,True
strict,Retina 3,Microglia,AP5B1,62,192604,0.0,0.0,0.0,True
strict,Retina 3,Microglia,AREL1,62,192604,0.0,0.0,0.0,True
strict,Retina 3,Microglia,ARHGAP27,62,192604,12.0,4.147948549801395,62.304001993728065,True
strict,Retina 3,Microglia,ARHGEF12,62,192604,5.0,3.2943543168571634,25.960000830720027,True
strict,Retina 3,Microglia,ARL17A,62,192604,2.0,2.432208889976589,10.38400033228801,True
strict,Retina 3,Microglia,ATP5J,62,192604,20.0,4.652435410149979,103.84000332288011,True
strict,Retina 3,Microglia,BICC1,62,192604,0.0,0.0,0.0,True
strict,Retina 3,Microglia,BORA,62,192604,0.0,0.0,0.0,True
strict,Retina 3,Microglia,C1orf109,62,192604,2.0,2.432208889976589,10.38400033228801,True
strict,Retina 3,Microglia,C1orf122,62,192604,11.0,4.0623722144281675,57.11200182758406,True
strict,Retina 3,Microglia,C22orf29,62,192604,2.0,2.432208889976589,10.38400033228801,True
strict,Retina 3,Microglia,C6orf15,62,192604,,,,False
strict,Retina 3,Microglia,CADM1,62,192604,11.0,4.0623722144281675,57.11200182758406,True
strict,Retina 3,Microglia,CADM2,62,192604,16.0,4.431673606182669,83.07200265830409,True
strict,Retina 3,Microglia,CAV2,62,192604,0.0,0.0,0.0,True
strict,Retina 3,Microglia,CCDC117,62,192604,1.0,1.8232581631194678,5.192000166144005,True
strict,Retina 3,Microglia,CDC14A,62,192604,0.0,0.0,0.0,True
strict,Retina 3,Microglia,CDKN2A,62,192604,6.0,3.470474688151628,31.152000996864032,True
strict,Retina 3,Microglia,CDKN2B-AS1,62,192604,1.0,1.8232581631194678,5.192000166144005,True
strict,Retina 3,Microglia,CELF1,62,192604,12.0,4.147948549801395,62.304001993728065,True
strict,Retina 3,Microglia,CLIC5,62,192604,0.0,0.0,0.0,True
strict,Retina 3,Microglia,CMB9-22P13.1,62,192604,,,,False
strict,Retina 3,Microglia,COL11A1,62,192604,0.0,0.0,0.0,True
strict,Retina 3,Microglia,CRHR1,62,192604,0.0,0.0,0.0,True
strict,Retina 3,Microglia,CTA-292E10.6,62,192604,6.0,3.470474688151628,31.152000996864032,True
strict,Retina 3,Microglia,CTB-39G8.3,62,192604,,,,False
strict,Retina 3,Microglia,CTD-2005H7.1,62,192604,0.0,0.0,0.0,True
strict,Retina 3,Microglia,CTD-2020K17.1,62,192604,4.0,3.080441032010898,20.76800066457602,True
strict,Retina 3,Microglia,CTD-2020K17.3,62,192604,0.0,0.0,0.0,True
strict,Retina 3,Microglia,CTTNBP2,62,192604,2.0,2.432208889976589,10.38400033228801,True
strict,Retina 3,Microglia,DDX39BP2,62,192604,,,,False
strict,Retina 3,Microglia,DIO1,62,192604,,,,False
strict,Retina 3,Microglia,DND1P1,62,192604,,,,False
strict,Retina 3,Microglia,DYSF,62,192604,0.0,0.0,0.0,True
strict,Retina 3,Microglia,EFCAB13,62,192604,1.0,1.8232581631194678,5.192000166144005,True
strict,Retina 3,Microglia,EFEMP1,62,192604,0.0,0.0,0.0,True
strict,Retina 3,Microglia,EHBP1L1,62,192604,6.0,3.470474688151628,31.152000996864032,True
strict,Retina 3,Microglia,FAM215B,62,192604,1.0,1.8232581631194678,5.192000166144005,True
strict,Retina 3,Microglia,FAM83A,62,192604,,,,False
strict,Retina 3,Microglia,FAM83A-AS1,62,192604,,,,False
strict,Retina 3,Microglia,FAM89B,62,192604,1.0,1.8232581631194678,5.192000166144005,True
strict,Retina 3,Microglia,FHL3,62,192604,5.0,3.2943543168571634,25.960000830720027,True
strict,Retina 3,Microglia,FLOT1,62,192604,26.0,4.912596092241161,134.99200431974413,True
strict,Retina 3,Microglia,FLVCR2,62,192604,2.0,2.432208889976589,10.38400033228801,True
strict,Retina 3,Microglia,FMNL1,62,192604,11.0,4.0623722144281675,57.11200182758406,True
strict,Retina 3,Microglia,FNDC4,62,192604,0.0,0.0,0.0,True
strict,Retina 3,Microglia,GALR3,62,192604,,,,False
strict,Retina 3,Microglia,GCAT,62,192604,0.0,0.0,0.0,True
strict,Retina 3,Microglia,GLIS1,62,192604,0.0,0.0,0.0,True
strict,Retina 3,Microglia,H1F0,62,192604,34.0,5.179128374773423,176.52800564889617,True
strict,Retina 3,Microglia,HCG4,62,192604,,,,False
strict,Retina 3,Microglia,HCG4B,62,192604,,,,False
strict,Retina 3,Microglia,HCG4P5,62,192604,,,,False
strict,Retina 3,Microglia,HCG4P7,62,192604,,,,False
strict,Retina 3,Microglia,HCG9,62,192604,0.0,0.0,0.0,True
strict,Retina 3,Microglia,HCP5B,62,192604,0.0,0.0,0.0,True
strict,Retina 3,Microglia,HECTD4,62,192604,1.0,1.8232581631194678,5.192000166144005,True
strict,Retina 3,Microglia,HLA-A,62,192604,268.0,7.238824405433634,1391.4560445265934,True
strict,Retina 3,Microglia,HLA-C,62,192604,433.0,7.718301453437359,2248.136071940354,True
strict,Retina 3,Microglia,HLA-F,62,192604,12.0,4.147948549801395,62.304001993728065,True
strict,Retina 3,Microglia,HLA-F-AS1,62,192604,,,,False
strict,Retina 3,Microglia,HLA-G,62,192604,0.0,0.0,0.0,True
strict,Retina 3,Microglia,HLA-H,62,192604,,,,False
strict,Retina 3,Microglia,HLA-J,62,192604,,,,False
strict,Retina 3,Microglia,HLA-L,62,192604,,,,False
strict,Retina 3,Microglia,HLA-T,62,192604,,,,False
strict,Retina 3,Microglia,HLA-U,62,192604,,,,False
strict,Retina 3,Microglia,HLA-V,62,192604,,,,False
strict,Retina 3,Microglia,HLA-W,62,192604,,,,False
strict,Retina 3,Microglia,HSCB,62,192604,7.0,3.620172287247248,36.34400116300804,True
strict,Retina 3,Microglia,HTRA3,62,192604,0.0,0.0,0.0,True
strict,Retina 3,Microglia,IFITM4P,62,192604,,,,False
strict,Retina 3,Microglia,IFT172,62,192604,0.0,0.0,0.0,True
strict,Retina 3,Microglia,INPP5B,62,192604,1.0,1.8232581631194678,5.192000166144005,True
strict,Retina 3,Microglia,ITGB3,62,192604,1.0,1.8232581631194678,5.192000166144005,True
strict,Retina 3,Microglia,KANSL1,62,192604,12.0,4.147948549801395,62.304001993728065,True
strict,Retina 3,Microglia,KANSL1-AS1,62,192604,1.0,1.8232581631194678,5.192000166144005,True
strict,Retina 3,Microglia,KHK,62,192604,1.0,1.8232581631194678,5.192000166144005,True
strict,Retina 3,Microglia,KLF5,62,192604,0.0,0.0,0.0,True
strict,Retina 3,Microglia,KRT8P26,62,192604,,,,False
strict,Retina 3,Microglia,LHPP,62,192604,0.0,0.0,0.0,True
strict,Retina 3,Microglia,LINC01948,62,192604,0.0,0.0,0.0,True
strict,Retina 3,Microglia,LINC02052,62,192604,,,,False
strict,Retina 3,Microglia,LINC02210,62,192604,,,,False
strict,Retina 3,Microglia,LMO4,62,192604,9.0,3.8655182591019273,46.72800149529605,True
strict,Retina 3,Microglia,LMO7,62,192604,0.0,0.0,0.0,True
strict,Retina 3,Microglia,LOXL1,62,192604,0.0,0.0,0.0,True
strict,Retina 3,Microglia,LOXL1-AS1,62,192604,0.0,0.0,0.0,True
strict,Retina 3,Microglia,LRRC37A,62,192604,0.0,0.0,0.0,True
strict,Retina 3,Microglia,LRRC37A17P,62,192604,,,,False
strict,Retina 3,Microglia,LRRC37A2,62,192604,1.0,1.8232581631194678,5.192000166144005,True
strict,Retina 3,Microglia,LRRC37A4P,62,192604,,,,False
strict,Retina 3,Microglia,LRWD1,62,192604,2.0,2.432208889976589,10.38400033228801,True
strict,Retina 3,Microglia,LTBP2,62,192604,0.0,0.0,0.0,True
strict,Retina 3,Microglia,LTBP3,62,192604,0.0,0.0,0.0,True
strict,Retina 3,Microglia,MADD,62,192604,1.0,1.8232581631194678,5.192000166144005,True
strict,Retina 3,Microglia,MAPK8IP1P1,62,192604,,,,False
strict,Retina 3,Microglia,MAPK8IP1P2,62,192604,,,,False
strict,Retina 3,Microglia,MAPT,62,192604,1.0,1.8232581631194678,5.192000166144005,True
strict,Retina 3,Microglia,MAPT-AS1,62,192604,0.0,0.0,0.0,True
strict,Retina 3,Microglia,MAPT-IT1,62,192604,,,,False
strict,Retina 3,Microglia,ME3,62,192604,0.0,0.0,0.0,True
strict,Retina 3,Microglia,MICE,62,192604,,,,False
strict,Retina 3,Microglia,MOV10,62,192604,0.0,0.0,0.0,True
strict,Retina 3,Microglia,MRPL33,62,192604,25.0,4.8736694707784505,129.80000415360013,True
strict,Retina 3,Microglia,MTCH2,62,192604,4.0,3.080441032010898,20.76800066457602,True
strict,Retina 3,Microglia,MVB12B,62,192604,0.0,0.0,0.0,True
strict,Retina 3,Microglia,Metazoa_SRP,62,192604,,,,False
strict,Retina 3,Microglia,NEAT1,62,192604,343.0,7.485410828666839,1780.856056987394,True
strict,Retina 3,Microglia,NMT1,62,192604,11.0,4.0623722144281675,57.11200182758406,True
strict,Retina 3,Microglia,NPEPPS,62,192604,6.0,3.470474688151628,31.152000996864032,True
strict,Retina 3,Microglia,NRBP1,62,192604,6.0,3.470474688151628,31.152000996864032,True
strict,Retina 3,Microglia,NSF,62,192604,6.0,3.470474688151628,31.152000996864032,True
strict,Retina 3,Microglia,NUCB2,62,192604,7.0,3.620172287247248,36.34400116300804,True
strict,Retina 3,Microglia,NUDT7,62,192604,2.0,2.432208889976589,10.38400033228801,True
strict,Retina 3,Microglia,PDE6C,62,192604,0.0,0.0,0.0,True
strict,Retina 3,Microglia,PGAM1P8,62,192604,,,,False
strict,Retina 3,Microglia,PIBF1,62,192604,5.0,3.2943543168571634,25.960000830720027,True
strict,Retina 3,Microglia,PIGC,62,192604,6.0,3.470474688151628,31.152000996864032,True
strict,Retina 3,Microglia,PKIB,62,192604,14.0,4.299839995251672,72.68800232601608,True
strict,Retina 3,Microglia,PLCE1,62,192604,0.0,0.0,0.0,True
strict,Retina 3,Microglia,PLCE1-AS1,62,192604,,,,False
strict,Retina 3,Microglia,PLEKHA7,62,192604,0.0,0.0,0.0,True
strict,Retina 3,Microglia,PLEKHM1,62,192604,1.0,1.8232581631194678,5.192000166144005,True
strict,Retina 3,Microglia,PPP1R18,62,192604,14.0,4.299839995251672,72.68800232601608,True
strict,Retina 3,Microglia,PRKCE,62,192604,0.0,0.0,0.0,True
strict,Retina 3,Microglia,PROX2,62,192604,,,,False
strict,Retina 3,Microglia,PRSS23,62,192604,0.0,0.0,0.0,True
strict,Retina 3,Microglia,PSORS1C3,62,192604,,,,False
strict,Retina 3,Microglia,RAPSN,62,192604,0.0,0.0,0.0,True
strict,Retina 3,Microglia,RERE,62,192604,1.0,1.8232581631194678,5.192000166144005,True
strict,Retina 3,Microglia,RIC8B,62,192604,3.0,2.807955896146571,15.576000498432016,True
strict,Retina 3,Microglia,RORA,62,192604,4.0,3.080441032010898,20.76800066457602,True
strict,Retina 3,Microglia,RP11-123K19.1,62,192604,,,,False
strict,Retina 3,Microglia,RP11-136H19.1,62,192604,,,,False
strict,Retina 3,Microglia,RP11-149I2.4,62,192604,,,,False
strict,Retina 3,Microglia,RP11-162I7.1,62,192604,,,,False
strict,Retina 3,Microglia,RP11-17G12.2,62,192604,,,,False
strict,Retina 3,Microglia,RP11-205K6.1,62,192604,,,,False
strict,Retina 3,Microglia,RP11-217B7.2,62,192604,0.0,0.0,0.0,True
strict,Retina 3,Microglia,RP11-259A24.1,62,192604,,,,False
strict,Retina 3,Microglia,RP11-259G18.1,62,192604,,,,False
strict,Retina 3,Microglia,RP11-259G18.3,62,192604,,,,False
strict,Retina 3,Microglia,RP11-293E1.1,62,192604,,,,False
strict,Retina 3,Microglia,RP11-293E1.2,62,192604,,,,False
strict,Retina 3,Microglia,RP11-302L19.3,62,192604,0.0,0.0,0.0,True
strict,Retina 3,Microglia,RP11-403A3.3,62,192604,0.0,0.0,0.0,True
strict,Retina 3,Microglia,RP11-412D9.4,62,192604,1.0,1.8232581631194678,5.192000166144005,True
strict,Retina 3,Microglia,RP11-507B12.1,62,192604,,,,False
strict,Retina 3,Microglia,RP11-507B12.2,62,192604,0.0,0.0,0.0,True
strict,Retina 3,Microglia,RP11-669E14.6,62,192604,0.0,0.0,0.0,True
strict,Retina 3,Microglia,RP11-707O23.1,62,192604,,,,False
strict,Retina 3,Microglia,RP11-750H9.5,62,192604,,,,False
strict,Retina 3,Microglia,RP11-755F10.1,62,192604,0.0,0.0,0.0,True
strict,Retina 3,Microglia,RP11-762L8.6,62,192604,,,,False
strict,Retina 3,Microglia,RP11-770G2.2,62,192604,,,,False
strict,Retina 3,Microglia,RP11-798G7.6,62,192604,0.0,0.0,0.0,True
strict,Retina 3,Microglia,RP11-798G7.8,62,192604,,,,False
strict,Retina 3,Microglia,RP5-1115A15.1,62,192604,0.0,0.0,0.0,True
strict,Retina 3,Microglia,RPS26P8,62,192604,,,,False
strict,Retina 3,Microglia,SCRN2,62,192604,2.0,2.432208889976589,10.38400033228801,True
strict,Retina 3,Microglia,SEMA3E,62,192604,0.0,0.0,0.0,True
strict,Retina 3,Microglia,SEPT7,62,192604,30.0,5.054716005127298,155.76000498432015,True
strict,Retina 3,Microglia,SF3A3,62,192604,3.0,2.807955896146571,15.576000498432016,True
strict,Retina 3,Microglia,SFTA1P,62,192604,0.0,0.0,0.0,True
strict,Retina 3,Microglia,SGSM2,62,192604,1.0,1.8232581631194678,5.192000166144005,True
strict,Retina 3,Microglia,SLC25A45,62,192604,1.0,1.8232581631194678,5.192000166144005,True
strict,Retina 3,Microglia,SLC39A13,62,192604,0.0,0.0,0.0,True
strict,Retina 3,Microglia,SMAD6,62,192604,0.0,0.0,0.0,True
strict,Retina 3,Microglia,SNORD14A,62,192604,,,,False
strict,Retina 3,Microglia,SSSCA1-AS1,62,192604,,,,False
strict,Retina 3,Microglia,TARID,62,192604,0.0,0.0,0.0,True
strict,Retina 3,Microglia,TBC1D31,62,192604,5.0,3.2943543168571634,25.960000830720027,True
strict,Retina 3,Microglia,TBKBP1,62,192604,0.0,0.0,0.0,True
strict,Retina 3,Microglia,TBPL1,62,192604,7.0,3.620172287247248,36.34400116300804,True
strict,Retina 3,Microglia,TGFB3,62,192604,0.0,0.0,0.0,True
strict,Retina 3,Microglia,THCAT158,62,192604,0.0,0.0,0.0,True
strict,Retina 3,Microglia,THSD7A,62,192604,0.0,0.0,0.0,True
strict,Retina 3,Microglia,TIGD3,62,192604,0.0,0.0,0.0,True
strict,Retina 3,Microglia,TMEM116,62,192604,0.0,0.0,0.0,True
strict,Retina 3,Microglia,TMEM136,62,192604,2.0,2.432208889976589,10.38400033228801,True
strict,Retina 3,Microglia,TMEM181,62,192604,2.0,2.432208889976589,10.38400033228801,True
strict,Retina 3,Microglia,TMEM263,62,192604,5.0,3.2943543168571634,25.960000830720027,True
strict,Retina 3,Microglia,TRIM26,62,192604,1.0,1.8232581631194678,5.192000166144005,True
strict,Retina 3,Microglia,TRIOBP,62,192604,2.0,2.432208889976589,10.38400033228801,True
strict,Retina 3,Microglia,TSC22D2,62,192604,0.0,0.0,0.0,True
strict,Retina 3,Microglia,TTC28,62,192604,1.0,1.8232581631194678,5.192000166144005,True
strict,Retina 3,Microglia,TTLL5,62,192604,4.0,3.080441032010898,20.76800066457602,True
strict,Retina 3,Microglia,TXNDC8,62,192604,,,,False
strict,Retina 3,Microglia,TXNRD2,62,192604,0.0,0.0,0.0,True
strict,Retina 3,Microglia,UTP11,62,192604,4.0,3.080441032010898,20.76800066457602,True
strict,Retina 3,Microglia,VARS2,62,192604,0.0,0.0,0.0,True
strict,Retina 3,Microglia,VCAM1,62,192604,0.0,0.0,0.0,True
strict,Retina 3,Microglia,WLS,62,192604,3.0,2.807955896146571,15.576000498432016,True
strict,Retina 3,Microglia,WNT2B,62,192604,0.0,0.0,0.0,True
strict,Retina 3,Microglia,XRCC6P1,62,192604,,,,False
strict,Retina 3,Microglia,XXbac-BPG170G13.32,62,192604,1.0,1.8232581631194678,5.192000166144005,True
strict,Retina 3,Microglia,XXbac-BPG283O16.9,62,192604,,,,False
strict,Retina 3,Microglia,YAP1,62,192604,0.0,0.0,0.0,True
strict,Retina 3,Microglia,YIF1A,62,192604,8.0,3.750350807449734,41.53600132915204,True
strict,Retina 3,Microglia,ZNF280D,62,192604,4.0,3.080441032010898,20.76800066457602,True
strict,Retina 3,Microglia,ZNF638,62,192604,12.0,4.147948549801395,62.304001993728065,True
strict,Retina 3,Microglia,ZNF638-IT1,62,192604,,,,False
