gene,donor,cell_type,n_cells,sum_gene_UMIs,sum_all_UMIs,pseudobulk_CPM,log1p_pseudobulk_CPM,external_gene_mapped
DGKG,LGS1,Rod,12909,3.0,31734307,0.09453491453271691,0.09032953745619605,True
SLC2A12,LGS1,Rod,12909,10.0,31734307,0.31511638177572304,0.2739251649650466,True
COL8A2,LGS1,Rod,12909,4.0,31734307,0.12604655271028922,0.1187128723000841,True
NPC2,LGS1,Rod,12909,1017.0,31734307,32.04733602659103,3.4979409587098393,True
PSMC3,LGS1,Rod,12909,338.0,31734307,10.650933704019439,2.455386323067932,True
RP11-466F5.8,LGS1,Rod,12909,,31734307,,,False
LPP,LGS1,Rod,12909,307.0,31734307,9.674072920514698,2.3678177094899446,True
RP11-121M22.1,LGS1,Rod,12909,,31734307,,,False
ABO,LGS1,Rod,12909,0.0,31734307,0.0,0.0,True
ADAMTS8,LGS1,Rod,12909,3.0,31734307,0.09453491453271691,0.09032953745619605,True
CALD1,LGS1,Rod,12909,302.0,31734307,9.516514729626836,2.3529468529526425,True
CHEK2,LGS1,Rod,12909,14.0,31734307,0.44116293448601224,0.36545038105289546,True
GAS7,LGS1,Rod,12909,1711.0,31734307,53.916412921826215,4.005812264160455,True
LMX1B,LGS1,Rod,12909,2.0,31734307,0.06302327635514461,0.061116995973459855,True
TCF12,LGS1,Rod,12909,14340.0,31734307,451.87689146638684,6.115620325781483,True
TMCO1,LGS1,Rod,12909,1583.0,31734307,49.88292323509695,3.9295273709014635,True
TRIB2,LGS1,Rod,12909,1554.0,31734307,48.96908572794736,3.911404528769828,True
AC000078.5,LGS1,Rod,12909,,31734307,,,False
AC002066.1,LGS1,Rod,12909,40.0,31734307,1.2604655271028922,0.8155707775158635,True
AC012066.1,LGS1,Rod,12909,,31734307,,,False
AC091132.1,LGS1,Rod,12909,20.0,31734307,0.6302327635514461,0.48872280434857435,True
ACBD4,LGS1,Rod,12909,552.0,31734307,17.39442427401991,2.912047590106626,True
AFAP1,LGS1,Rod,12909,78.0,31734307,2.4579077778506395,1.2406637176893438,True
ALDH2,LGS1,Rod,12909,1277.0,31734307,40.240361952759834,3.719417435850298,True
AP003068.23,LGS1,Rod,12909,,31734307,,,False
AP5B1,LGS1,Rod,12909,177.0,31734307,5.577559957430298,1.8836638494255875,True
AREL1,LGS1,Rod,12909,963.0,31734307,30.34570756500213,3.445077337927915,True
ARHGAP27,LGS1,Rod,12909,75.0,31734307,2.363372863317923,1.2129442988447685,True
ARHGEF12,LGS1,Rod,12909,10285.0,31734307,324.09719865633116,5.784124210405097,True
ARL17A,LGS1,Rod,12909,4516.0,31734307,142.30655800991653,4.964986097987372,True
ATP5J,LGS1,Rod,12909,,31734307,,,False
BICC1,LGS1,Rod,12909,13.0,31734307,0.40965129630843994,0.34334236622184716,True
BORA,LGS1,Rod,12909,396.0,31734307,12.478608718318632,2.601103889350336,True
C1orf109,LGS1,Rod,12909,113.0,31734307,3.5608151140656705,1.5175013606364425,True
C1orf122,LGS1,Rod,12909,900.0,31734307,28.360474359815072,3.379649360285248,True
C22orf29,LGS1,Rod,12909,,31734307,,,False
C6orf15,LGS1,Rod,12909,0.0,31734307,0.0,0.0,True
CADM1,LGS1,Rod,12909,295569.0,31734307,9313.863384506869,9.139366616745303,True
CADM2,LGS1,Rod,12909,407234.0,31734307,12832.61046160548,9.459822825785427,True
CAV2,LGS1,Rod,12909,234.0,31734307,7.3737233335519194,2.1250986283064646,True
CCDC117,LGS1,Rod,12909,344.0,31734307,10.840003533084872,2.4714839278582534,True
CDC14A,LGS1,Rod,12909,1001.0,31734307,31.543149815749874,3.482566895377596,True
CDKN2A,LGS1,Rod,12909,4.0,31734307,0.12604655271028922,0.1187128723000841,True
CDKN2B-AS1,LGS1,Rod,12909,29.0,31734307,0.9138375071495968,0.6491103924307776,True
CELF1,LGS1,Rod,12909,2530.0,31734307,79.72444458925793,4.391041436338947,True
CLIC5,LGS1,Rod,12909,32.0,31734307,1.0083724216823138,0.6973246535975363,True
CMB9-22P13.1,LGS1,Rod,12909,,31734307,,,False
COL11A1,LGS1,Rod,12909,32.0,31734307,1.0083724216823138,0.6973246535975363,True
CRHR1,LGS1,Rod,12909,92.0,31734307,2.899070712336652,1.3607382458546382,True
CTA-292E10.6,LGS1,Rod,12909,,31734307,,,False
CTB-39G8.3,LGS1,Rod,12909,,31734307,,,False
CTD-2005H7.1,LGS1,Rod,12909,,31734307,,,False
CTD-2020K17.1,LGS1,Rod,12909,,31734307,,,False
CTD-2020K17.3,LGS1,Rod,12909,,31734307,,,False
CTTNBP2,LGS1,Rod,12909,40.0,31734307,1.2604655271028922,0.8155707775158635,True
DDX39BP2,LGS1,Rod,12909,,31734307,,,False
DIO1,LGS1,Rod,12909,10.0,31734307,0.31511638177572304,0.2739251649650466,True
DND1P1,LGS1,Rod,12909,,31734307,,,False
DYSF,LGS1,Rod,12909,537.0,31734307,16.921749701356326,2.8860150423649666,True
EFCAB13,LGS1,Rod,12909,1365.0,31734307,43.01338611238619,3.78449381747671,True
EFEMP1,LGS1,Rod,12909,18.0,31734307,0.5672094871963015,0.44929664122628593,True
EHBP1L1,LGS1,Rod,12909,17.0,31734307,0.5356978490187292,0.4289849024965329,True
FAM215B,LGS1,Rod,12909,466.0,31734307,14.684423390748693,2.7526680791402396,True
FAM83A,LGS1,Rod,12909,6.0,31734307,0.18906982906543382,0.17317134522337158,True
FAM83A-AS1,LGS1,Rod,12909,0.0,31734307,0.0,0.0,True
FAM89B,LGS1,Rod,12909,47.0,31734307,1.4810469943458984,0.9086806462255155,True
FHL3,LGS1,Rod,12909,2.0,31734307,0.06302327635514461,0.061116995973459855,True
FLOT1,LGS1,Rod,12909,1571.0,31734307,49.50478357696609,3.9220680560916095,True
FLVCR2,LGS1,Rod,12909,8.0,31734307,0.25209310542057844,0.2248166352648408,True
FMNL1,LGS1,Rod,12909,15.0,31734307,0.47267457266358454,0.3870801848058431,True
FNDC4,LGS1,Rod,12909,70.0,31734307,2.205814672430061,1.1649662460380437,True
GALR3,LGS1,Rod,12909,0.0,31734307,0.0,0.0,True
GCAT,LGS1,Rod,12909,21.0,31734307,0.6617444017290184,0.507867895033033,True
GLIS1,LGS1,Rod,12909,1.0,31734307,0.031511638177572306,0.0310253362358271,True
H1F0,LGS1,Rod,12909,54.0,31734307,1.7016284615889044,0.993854725119937,True
HCG4,LGS1,Rod,12909,,31734307,,,False
HCG4B,LGS1,Rod,12909,,31734307,,,False
HCG4P5,LGS1,Rod,12909,,31734307,,,False
HCG4P7,LGS1,Rod,12909,,31734307,,,False
HCG9,LGS1,Rod,12909,3.0,31734307,0.09453491453271691,0.09032953745619605,True
HCP5B,LGS1,Rod,12909,,31734307,,,False
HECTD4,LGS1,Rod,12909,6012.0,31734307,189.44796872356468,5.24937902719992,True
HLA-A,LGS1,Rod,12909,284.0,31734307,8.949305242430535,2.2975027238512777,True
HLA-C,LGS1,Rod,12909,1081.0,31734307,34.06408086995566,3.5571772694666794,True
HLA-F,LGS1,Rod,12909,76.0,31734307,2.394884501495495,1.2222697402539027,True
HLA-F-AS1,LGS1,Rod,12909,18.0,31734307,0.5672094871963015,0.44929664122628593,True
HLA-G,LGS1,Rod,12909,1.0,31734307,0.031511638177572306,0.0310253362358271,True
HLA-H,LGS1,Rod,12909,,31734307,,,False
HLA-J,LGS1,Rod,12909,,31734307,,,False
HLA-L,LGS1,Rod,12909,,31734307,,,False
HLA-T,LGS1,Rod,12909,,31734307,,,False
HLA-U,LGS1,Rod,12909,,31734307,,,False
HLA-V,LGS1,Rod,12909,,31734307,,,False
HLA-W,LGS1,Rod,12909,,31734307,,,False
HSCB,LGS1,Rod,12909,387.0,31734307,12.195003974720482,2.5798382711845322,True
HTRA3,LGS1,Rod,12909,0.0,31734307,0.0,0.0,True
IFITM4P,LGS1,Rod,12909,,31734307,,,False
IFT172,LGS1,Rod,12909,4493.0,31734307,141.58179033183237,4.959915802293439,True
INPP5B,LGS1,Rod,12909,1370.0,31734307,43.170944303274055,3.788067204217902,True
ITGB3,LGS1,Rod,12909,5.0,31734307,0.15755819088786152,0.14631277861989186,True
KANSL1,LGS1,Rod,12909,11948.0,31734307,376.5010529456339,5.933573357945146,True
KANSL1-AS1,LGS1,Rod,12909,74.0,31734307,2.3318612251403503,1.2035310743197059,True
KHK,LGS1,Rod,12909,24.0,31734307,0.7562793162617353,0.5631975464939725,True
KLF5,LGS1,Rod,12909,9.0,31734307,0.28360474359815074,0.2496723257890787,True
KRT8P26,LGS1,Rod,12909,,31734307,,,False
LHPP,LGS1,Rod,12909,1803.0,31734307,56.81548363416287,4.057256622748096,True
LINC01948,LGS1,Rod,12909,58.0,31734307,1.8276750142991935,1.0394548242806303,True
LINC02052,LGS1,Rod,12909,0.0,31734307,0.0,0.0,True
LINC02210,LGS1,Rod,12909,,31734307,,,False
LMO4,LGS1,Rod,12909,182.0,31734307,5.7351181483181595,1.9073353521461978,True
LMO7,LGS1,Rod,12909,1564.0,31734307,49.28420210972308,3.9176909544089784,True
LOXL1,LGS1,Rod,12909,1.0,31734307,0.031511638177572306,0.0310253362358271,True
LOXL1-AS1,LGS1,Rod,12909,4.0,31734307,0.12604655271028922,0.1187128723000841,True
LRRC37A,LGS1,Rod,12909,963.0,31734307,30.34570756500213,3.445077337927915,True
LRRC37A17P,LGS1,Rod,12909,,31734307,,,False
LRRC37A2,LGS1,Rod,12909,5102.0,31734307,160.7723779819739,5.086190273004681,True
LRRC37A4P,LGS1,Rod,12909,,31734307,,,False
LRWD1,LGS1,Rod,12909,57.0,31734307,1.7961633761216214,1.028248254753754,True
LTBP2,LGS1,Rod,12909,288.0,31734307,9.075351795140824,2.310092024854984,True
LTBP3,LGS1,Rod,12909,194.0,31734307,6.113257806449027,1.96196033949904,True
MADD,LGS1,Rod,12909,3436.0,31734307,108.27398877813843,4.693858386788816,True
MAPK8IP1P1,LGS1,Rod,12909,,31734307,,,False
MAPK8IP1P2,LGS1,Rod,12909,,31734307,,,False
MAPT,LGS1,Rod,12909,404.0,31734307,12.73070182373921,2.619634334550643,True
MAPT-AS1,LGS1,Rod,12909,40.0,31734307,1.2604655271028922,0.8155707775158635,True
MAPT-IT1,LGS1,Rod,12909,7.0,31734307,0.22058146724300612,0.19932735769577378,True
ME3,LGS1,Rod,12909,152.0,31734307,4.78976900299099,1.7560923949325646,True
MICE,LGS1,Rod,12909,,31734307,,,False
MOV10,LGS1,Rod,12909,41.0,31734307,1.2919771652804644,0.8294148360107456,True
MRPL33,LGS1,Rod,12909,1928.0,31734307,60.7544384063594,4.12316584995112,True
MTCH2,LGS1,Rod,12909,2694.0,31734307,84.89235325037978,4.453094805823804,True
MVB12B,LGS1,Rod,12909,2975.0,31734307,93.74712357827761,4.551211485488821,True
Metazoa_SRP,LGS1,Rod,12909,,31734307,,,False
NEAT1,LGS1,Rod,12909,954.0,31734307,30.06210282140398,3.4359885173414257,True
NMT1,LGS1,Rod,12909,2505.0,31734307,78.93665363481863,4.381234491446495,True
NPEPPS,LGS1,Rod,12909,9481.0,31734307,298.761841561563,5.702988297919867,True
NRBP1,LGS1,Rod,12909,1120.0,31734307,35.29303475888098,3.5916258429388637,True
NSF,LGS1,Rod,12909,8711.0,31734307,274.49788016483234,5.6185799340618505,True
NUCB2,LGS1,Rod,12909,1955.0,31734307,61.60525263715385,4.136849182527733,True
NUDT7,LGS1,Rod,12909,147.0,31734307,4.6322108121031285,1.7285020492814798,True
PDE6C,LGS1,Rod,12909,97.0,31734307,3.0566289032245133,1.4003523093047219,True
PGAM1P8,LGS1,Rod,12909,,31734307,,,False
PIBF1,LGS1,Rod,12909,5785.0,31734307,182.29482685725577,5.21109593217384,True
PIGC,LGS1,Rod,12909,886.0,31734307,27.91931142532906,3.3645095873711854,True
PKIB,LGS1,Rod,12909,1416.0,31734307,44.62047965944238,3.8203567310368816,True
PLCE1,LGS1,Rod,12909,114.0,31734307,3.5923267522432427,1.524386813333133,True
PLCE1-AS1,LGS1,Rod,12909,0.0,31734307,0.0,0.0,True
PLEKHA7,LGS1,Rod,12909,8480.0,31734307,267.21869174581315,5.5918026617293775,True
PLEKHM1,LGS1,Rod,12909,278.0,31734307,8.7602354133651,2.2783165203559474,True
PPP1R18,LGS1,Rod,12909,63.0,31734307,1.9852332051870551,1.0936778694837184,True
PRKCE,LGS1,Rod,12909,3539.0,31734307,111.51968751042838,4.723128206426441,True
PROX2,LGS1,Rod,12909,1.0,31734307,0.031511638177572306,0.0310253362358271,True
PRSS23,LGS1,Rod,12909,10.0,31734307,0.31511638177572304,0.2739251649650466,True
PSORS1C3,LGS1,Rod,12909,1.0,31734307,0.031511638177572306,0.0310253362358271,True
RAPSN,LGS1,Rod,12909,0.0,31734307,0.0,0.0,True
RERE,LGS1,Rod,12909,33322.0,31734307,1050.0308073530643,6.957526682867012,True
RIC8B,LGS1,Rod,12909,4015.0,31734307,126.5192272829528,4.848267155448207,True
RORA,LGS1,Rod,12909,44388.0,31734307,1398.7385954260794,7.244040780616658,True
RP11-123K19.1,LGS1,Rod,12909,,31734307,,,False
RP11-136H19.1,LGS1,Rod,12909,,31734307,,,False
RP11-149I2.4,LGS1,Rod,12909,,31734307,,,False
RP11-162I7.1,LGS1,Rod,12909,,31734307,,,False
RP11-17G12.2,LGS1,Rod,12909,,31734307,,,False
RP11-205K6.1,LGS1,Rod,12909,,31734307,,,False
RP11-217B7.2,LGS1,Rod,12909,,31734307,,,False
RP11-259A24.1,LGS1,Rod,12909,,31734307,,,False
RP11-259G18.1,LGS1,Rod,12909,,31734307,,,False
RP11-259G18.3,LGS1,Rod,12909,,31734307,,,False
RP11-293E1.1,LGS1,Rod,12909,,31734307,,,False
RP11-293E1.2,LGS1,Rod,12909,,31734307,,,False
RP11-302L19.3,LGS1,Rod,12909,,31734307,,,False
RP11-403A3.3,LGS1,Rod,12909,,31734307,,,False
RP11-412D9.4,LGS1,Rod,12909,,31734307,,,False
RP11-507B12.1,LGS1,Rod,12909,,31734307,,,False
RP11-507B12.2,LGS1,Rod,12909,,31734307,,,False
RP11-669E14.6,LGS1,Rod,12909,,31734307,,,False
RP11-707O23.1,LGS1,Rod,12909,,31734307,,,False
RP11-750H9.5,LGS1,Rod,12909,,31734307,,,False
RP11-755F10.1,LGS1,Rod,12909,,31734307,,,False
RP11-762L8.6,LGS1,Rod,12909,,31734307,,,False
RP11-770G2.2,LGS1,Rod,12909,,31734307,,,False
RP11-798G7.6,LGS1,Rod,12909,,31734307,,,False
RP11-798G7.8,LGS1,Rod,12909,,31734307,,,False
RP5-1115A15.1,LGS1,Rod,12909,,31734307,,,False
RPS26P8,LGS1,Rod,12909,,31734307,,,False
SCRN2,LGS1,Rod,12909,125.0,31734307,3.938954772196538,1.5971537242370573,True
SEMA3E,LGS1,Rod,12909,27.0,31734307,0.8508142307944522,0.6156256670175014,True
SEPT7,LGS1,Rod,12909,,31734307,,,False
SF3A3,LGS1,Rod,12909,473.0,31734307,14.905004857991699,2.7666338306390803,True
SFTA1P,LGS1,Rod,12909,1.0,31734307,0.031511638177572306,0.0310253362358271,True
SGSM2,LGS1,Rod,12909,1203.0,31734307,37.90850072761948,3.6612127544530004,True
SLC25A45,LGS1,Rod,12909,2.0,31734307,0.06302327635514461,0.061116995973459855,True
SLC39A13,LGS1,Rod,12909,126.0,31734307,3.9704664103741103,1.6035136808510533,True
SMAD6,LGS1,Rod,12909,3.0,31734307,0.09453491453271691,0.09032953745619605,True
SNORD14A,LGS1,Rod,12909,,31734307,,,False
SSSCA1-AS1,LGS1,Rod,12909,98.0,31734307,3.088140541402086,1.4080902313227106,True
TARID,LGS1,Rod,12909,10.0,31734307,0.31511638177572304,0.2739251649650466,True
TBC1D31,LGS1,Rod,12909,741.0,31734307,23.350123889581077,3.1925369373834616,True
TBKBP1,LGS1,Rod,12909,132.0,31734307,4.159536239439544,1.640846699376767,True
TBPL1,LGS1,Rod,12909,498.0,31734307,15.692795812431008,2.8149772378707465,True
TGFB3,LGS1,Rod,12909,87.0,31734307,2.7415125214487905,1.3194899471714014,True
THCAT158,LGS1,Rod,12909,,31734307,,,False
THSD7A,LGS1,Rod,12909,38.0,31734307,1.1974422507477476,0.787294070708673,True
TIGD3,LGS1,Rod,12909,22.0,31734307,0.6932560399065907,0.5266533261560288,True
TMEM116,LGS1,Rod,12909,1089.0,31734307,34.31617397537624,3.564341045275255,True
TMEM136,LGS1,Rod,12909,,31734307,,,False
TMEM181,LGS1,Rod,12909,1331.0,31734307,41.94199041434874,3.7598501447612764,True
TMEM263,LGS1,Rod,12909,1269.0,31734307,39.988268847339256,3.713285900087895,True
TRIM26,LGS1,Rod,12909,1465.0,31734307,46.16454993014342,3.853642549601997,True
TRIOBP,LGS1,Rod,12909,225.0,31734307,7.090118589953768,2.090643389795318,True
TSC22D2,LGS1,Rod,12909,3173.0,31734307,99.98642793743691,4.61498613095482,True
TTC28,LGS1,Rod,12909,11247.0,31734307,354.4113945831557,5.873275976498539,True
TTLL5,LGS1,Rod,12909,12281.0,31734307,386.99442845876547,5.960990979877816,True
TXNDC8,LGS1,Rod,12909,2.0,31734307,0.06302327635514461,0.061116995973459855,True
TXNRD2,LGS1,Rod,12909,224.0,31734307,7.058606951776196,2.086740706813666,True
UTP11,LGS1,Rod,12909,221.0,31734307,6.964072037243479,2.0749404315205937,True
VARS2,LGS1,Rod,12909,84.0,31734307,2.6469776069160735,1.2938987716695167,True
VCAM1,LGS1,Rod,12909,0.0,31734307,0.0,0.0,True
WLS,LGS1,Rod,12909,10903.0,31734307,343.5713910500708,5.842301299898928,True
WNT2B,LGS1,Rod,12909,463.0,31734307,14.589888476215977,2.746622529497978,True
XRCC6P1,LGS1,Rod,12909,,31734307,,,False
XXbac-BPG170G13.32,LGS1,Rod,12909,,31734307,,,False
XXbac-BPG283O16.9,LGS1,Rod,12909,,31734307,,,False
YAP1,LGS1,Rod,12909,30.0,31734307,0.9453491453271691,0.6654414701262068,True
YIF1A,LGS1,Rod,12909,240.0,31734307,7.562793162617353,2.1474264409721475,True
ZNF280D,LGS1,Rod,12909,5642.0,31734307,177.78866259786292,5.186204452439666,True
ZNF638,LGS1,Rod,12909,23007.0,31734307,724.988259551406,6.5875338432772415,True
ZNF638-IT1,LGS1,Rod,12909,,31734307,,,False
DGKG,LGS1,Cone,721,1.0,4046926,0.24710113305753553,0.22082176449802507,True
SLC2A12,LGS1,Cone,721,8.0,4046926,1.9768090644602843,1.090851943080672,True
COL8A2,LGS1,Cone,721,2.0,4046926,0.49420226611507106,0.4015924631660105,True
NPC2,LGS1,Cone,721,131.0,4046926,32.37024843053715,3.507664737462486,True
PSMC3,LGS1,Cone,721,51.0,4046926,12.602157785934311,2.610228440887188,True
RP11-466F5.8,LGS1,Cone,721,,4046926,,,False
LPP,LGS1,Cone,721,504.0,4046926,124.53897106099791,4.832616236750954,True
RP11-121M22.1,LGS1,Cone,721,,4046926,,,False
ABO,LGS1,Cone,721,0.0,4046926,0.0,0.0,True
ADAMTS8,LGS1,Cone,721,0.0,4046926,0.0,0.0,True
CALD1,LGS1,Cone,721,47.0,4046926,11.61375325370417,2.534787746745566,True
CHEK2,LGS1,Cone,721,3.0,4046926,0.7413033991726066,0.5546339127903124,True
GAS7,LGS1,Cone,721,644.0,4046926,159.13312968905288,5.076005529819922,True
LMX1B,LGS1,Cone,721,0.0,4046926,0.0,0.0,True
TCF12,LGS1,Cone,721,2243.0,4046926,554.2478414480522,6.319414575235332,True
TMCO1,LGS1,Cone,721,246.0,4046926,60.78687873215374,4.123691023670995,True
TRIB2,LGS1,Cone,721,214.0,4046926,52.879642474312604,3.986752715928325,True
AC000078.5,LGS1,Cone,721,,4046926,,,False
AC002066.1,LGS1,Cone,721,3.0,4046926,0.7413033991726066,0.5546339127903124,True
AC012066.1,LGS1,Cone,721,,4046926,,,False
AC091132.1,LGS1,Cone,721,4.0,4046926,0.9884045322301421,0.6873325745709982,True
ACBD4,LGS1,Cone,721,78.0,4046926,19.273888378487772,3.0093337712968213,True
AFAP1,LGS1,Cone,721,45.0,4046926,11.119550987589099,2.4948199327262808,True
ALDH2,LGS1,Cone,721,201.0,4046926,49.66732774456464,3.9252812796831393,True
AP003068.23,LGS1,Cone,721,,4046926,,,False
AP5B1,LGS1,Cone,721,24.0,4046926,5.930427193380853,1.9359214553683957,True
AREL1,LGS1,Cone,721,101.0,4046926,24.95721443881109,3.256449584029733,True
ARHGAP27,LGS1,Cone,721,8.0,4046926,1.9768090644602843,1.090851943080672,True
ARHGEF12,LGS1,Cone,721,1654.0,4046926,408.7052740771638,6.015438057492092,True
ARL17A,LGS1,Cone,721,562.0,4046926,138.87083677833496,4.940719402316643,True
ATP5J,LGS1,Cone,721,,4046926,,,False
BICC1,LGS1,Cone,721,7.0,4046926,1.7297079314027486,1.0041946186394248,True
BORA,LGS1,Cone,721,65.0,4046926,16.06157364873981,2.8368287798223846,True
C1orf109,LGS1,Cone,721,12.0,4046926,2.9652135966904263,1.377559724175676,True
C1orf122,LGS1,Cone,721,137.0,4046926,33.85285522888237,3.551135062943279,True
C22orf29,LGS1,Cone,721,,4046926,,,False
C6orf15,LGS1,Cone,721,0.0,4046926,0.0,0.0,True
CADM1,LGS1,Cone,721,13368.0,4046926,3303.2479467131348,8.10296417622988,True
CADM2,LGS1,Cone,721,36589.0,4046926,9041.183357442167,9.109655946065466,True
CAV2,LGS1,Cone,721,14.0,4046926,3.459415862805497,1.4950177849891952,True
CCDC117,LGS1,Cone,721,44.0,4046926,10.872449854531563,2.474220577766738,True
CDC14A,LGS1,Cone,721,235.0,4046926,58.06876626852085,4.078702295177902,True
CDKN2A,LGS1,Cone,721,0.0,4046926,0.0,0.0,True
CDKN2B-AS1,LGS1,Cone,721,3.0,4046926,0.7413033991726066,0.5546339127903124,True
CELF1,LGS1,Cone,721,396.0,4046926,97.85204869078407,4.593624274650056,True
CLIC5,LGS1,Cone,721,3.0,4046926,0.7413033991726066,0.5546339127903124,True
CMB9-22P13.1,LGS1,Cone,721,,4046926,,,False
COL11A1,LGS1,Cone,721,7.0,4046926,1.7297079314027486,1.0041946186394248,True
CRHR1,LGS1,Cone,721,17.0,4046926,4.2007192619781035,1.6487969356332801,True
CTA-292E10.6,LGS1,Cone,721,,4046926,,,False
CTB-39G8.3,LGS1,Cone,721,,4046926,,,False
CTD-2005H7.1,LGS1,Cone,721,,4046926,,,False
CTD-2020K17.1,LGS1,Cone,721,,4046926,,,False
CTD-2020K17.3,LGS1,Cone,721,,4046926,,,False
CTTNBP2,LGS1,Cone,721,333.0,4046926,82.28467730815933,4.422264586372238,True
DDX39BP2,LGS1,Cone,721,,4046926,,,False
DIO1,LGS1,Cone,721,5.0,4046926,1.2355056652876777,0.8044674509260736,True
DND1P1,LGS1,Cone,721,,4046926,,,False
DYSF,LGS1,Cone,721,61.0,4046926,15.073169116509668,2.7771513673079005,True
EFCAB13,LGS1,Cone,721,193.0,4046926,47.690518680104354,3.885484322840773,True
EFEMP1,LGS1,Cone,721,1.0,4046926,0.24710113305753553,0.22082176449802507,True
EHBP1L1,LGS1,Cone,721,4.0,4046926,0.9884045322301421,0.6873325745709982,True
FAM215B,LGS1,Cone,721,56.0,4046926,13.837663451221989,2.6971687759642076,True
FAM83A,LGS1,Cone,721,0.0,4046926,0.0,0.0,True
FAM83A-AS1,LGS1,Cone,721,0.0,4046926,0.0,0.0,True
FAM89B,LGS1,Cone,721,8.0,4046926,1.9768090644602843,1.090851943080672,True
FHL3,LGS1,Cone,721,1.0,4046926,0.24710113305753553,0.22082176449802507,True
FLOT1,LGS1,Cone,721,114.0,4046926,28.16952916855905,3.3731246428017823,True
FLVCR2,LGS1,Cone,721,0.0,4046926,0.0,0.0,True
FMNL1,LGS1,Cone,721,0.0,4046926,0.0,0.0,True
FNDC4,LGS1,Cone,721,5.0,4046926,1.2355056652876777,0.8044674509260736,True
GALR3,LGS1,Cone,721,0.0,4046926,0.0,0.0,True
GCAT,LGS1,Cone,721,2.0,4046926,0.49420226611507106,0.4015924631660105,True
GLIS1,LGS1,Cone,721,0.0,4046926,0.0,0.0,True
H1F0,LGS1,Cone,721,4.0,4046926,0.9884045322301421,0.6873325745709982,True
HCG4,LGS1,Cone,721,,4046926,,,False
HCG4B,LGS1,Cone,721,,4046926,,,False
HCG4P5,LGS1,Cone,721,,4046926,,,False
HCG4P7,LGS1,Cone,721,,4046926,,,False
HCG9,LGS1,Cone,721,2.0,4046926,0.49420226611507106,0.4015924631660105,True
HCP5B,LGS1,Cone,721,,4046926,,,False
HECTD4,LGS1,Cone,721,1098.0,4046926,271.317044097174,5.60696699080632,True
HLA-A,LGS1,Cone,721,29.0,4046926,7.16593285866853,2.0999709708048675,True
HLA-C,LGS1,Cone,721,116.0,4046926,28.66373143467412,3.3899251357648623,True
HLA-F,LGS1,Cone,721,20.0,4046926,4.942022661150711,1.7820495907575986,True
HLA-F-AS1,LGS1,Cone,721,55.0,4046926,13.590562318164453,2.6803749031329454,True
HLA-G,LGS1,Cone,721,1.0,4046926,0.24710113305753553,0.22082176449802507,True
HLA-H,LGS1,Cone,721,,4046926,,,False
HLA-J,LGS1,Cone,721,,4046926,,,False
HLA-L,LGS1,Cone,721,,4046926,,,False
HLA-T,LGS1,Cone,721,,4046926,,,False
HLA-U,LGS1,Cone,721,,4046926,,,False
HLA-V,LGS1,Cone,721,,4046926,,,False
HLA-W,LGS1,Cone,721,,4046926,,,False
HSCB,LGS1,Cone,721,48.0,4046926,11.860854386761705,2.554188154142388,True
HTRA3,LGS1,Cone,721,0.0,4046926,0.0,0.0,True
IFITM4P,LGS1,Cone,721,,4046926,,,False
IFT172,LGS1,Cone,721,522.0,4046926,128.98679145603353,4.86743284110917,True
INPP5B,LGS1,Cone,721,98.0,4046926,24.21591103963848,3.227475185736127,True
ITGB3,LGS1,Cone,721,32.0,4046926,7.907236257841137,2.1868640090604687,True
KANSL1,LGS1,Cone,721,1349.0,4046926,333.33942849461545,5.812156729919119,True
KANSL1-AS1,LGS1,Cone,721,6.0,4046926,1.4826067983452131,0.9093091364932917,True
KHK,LGS1,Cone,721,6.0,4046926,1.4826067983452131,0.9093091364932917,True
KLF5,LGS1,Cone,721,1.0,4046926,0.24710113305753553,0.22082176449802507,True
KRT8P26,LGS1,Cone,721,,4046926,,,False
LHPP,LGS1,Cone,721,194.0,4046926,47.93761981316189,3.890546422037412,True
LINC01948,LGS1,Cone,721,3.0,4046926,0.7413033991726066,0.5546339127903124,True
LINC02052,LGS1,Cone,721,0.0,4046926,0.0,0.0,True
LINC02210,LGS1,Cone,721,,4046926,,,False
LMO4,LGS1,Cone,721,109.0,4046926,26.934023503271373,3.329845426269041,True
LMO7,LGS1,Cone,721,114.0,4046926,28.16952916855905,3.3731246428017823,True
LOXL1,LGS1,Cone,721,1.0,4046926,0.24710113305753553,0.22082176449802507,True
LOXL1-AS1,LGS1,Cone,721,0.0,4046926,0.0,0.0,True
LRRC37A,LGS1,Cone,721,125.0,4046926,30.88764163219194,3.462218525079138,True
LRRC37A17P,LGS1,Cone,721,,4046926,,,False
LRRC37A2,LGS1,Cone,721,642.0,4046926,158.6389274229378,5.072914561434195,True
LRRC37A4P,LGS1,Cone,721,,4046926,,,False
LRWD1,LGS1,Cone,721,14.0,4046926,3.459415862805497,1.4950177849891952,True
LTBP2,LGS1,Cone,721,7.0,4046926,1.7297079314027486,1.0041946186394248,True
LTBP3,LGS1,Cone,721,15.0,4046926,3.7065169958630326,1.5489481431455492,True
MADD,LGS1,Cone,721,484.0,4046926,119.5969483998472,4.792453980489093,True
MAPK8IP1P1,LGS1,Cone,721,,4046926,,,False
MAPK8IP1P2,LGS1,Cone,721,,4046926,,,False
MAPT,LGS1,Cone,721,508.0,4046926,125.52737559322804,4.840458692606378,True
MAPT-AS1,LGS1,Cone,721,21.0,4046926,5.189123794208246,1.8227935248529068,True
MAPT-IT1,LGS1,Cone,721,6.0,4046926,1.4826067983452131,0.9093091364932917,True
ME3,LGS1,Cone,721,33.0,4046926,8.154337390898672,2.214227798762058,True
MICE,LGS1,Cone,721,,4046926,,,False
MOV10,LGS1,Cone,721,8.0,4046926,1.9768090644602843,1.090851943080672,True
MRPL33,LGS1,Cone,721,211.0,4046926,52.138339075139996,3.9728986842003695,True
MTCH2,LGS1,Cone,721,292.0,4046926,72.15353085280037,4.292560394965633,True
MVB12B,LGS1,Cone,721,52.0,4046926,12.849258918991847,2.6282317235477435,True
Metazoa_SRP,LGS1,Cone,721,,4046926,,,False
NEAT1,LGS1,Cone,721,106.0,4046926,26.192720104098765,3.3029492942474468,True
NMT1,LGS1,Cone,721,342.0,4046926,84.50858750567716,4.4486168095619805,True
NPEPPS,LGS1,Cone,721,1242.0,4046926,306.89960725745914,5.729773779377381,True
NRBP1,LGS1,Cone,721,121.0,4046926,29.8992370999618,3.4307314942772886,True
NSF,LGS1,Cone,721,1304.0,4046926,322.2198775070263,5.778332826943339,True
NUCB2,LGS1,Cone,721,431.0,4046926,106.50058834779782,4.677496320555511,True
NUDT7,LGS1,Cone,721,11.0,4046926,2.718112463632891,1.3132161372637496,True
PDE6C,LGS1,Cone,721,999.0,4046926,246.854031924478,5.512839991933532,True
PGAM1P8,LGS1,Cone,721,,4046926,,,False
PIBF1,LGS1,Cone,721,716.0,4046926,176.92441126919545,5.181358804309244,True
PIGC,LGS1,Cone,721,96.0,4046926,23.72170877352341,3.2076817553429904,True
PKIB,LGS1,Cone,721,332.0,4046926,82.03757617510179,4.419293230348781,True
PLCE1,LGS1,Cone,721,31.0,4046926,7.660135124783602,2.1587303257763546,True
PLCE1-AS1,LGS1,Cone,721,1.0,4046926,0.24710113305753553,0.22082176449802507,True
PLEKHA7,LGS1,Cone,721,1929.0,4046926,476.65808566798603,6.1688951745911345,True
PLEKHM1,LGS1,Cone,721,29.0,4046926,7.16593285866853,2.0999709708048675,True
PPP1R18,LGS1,Cone,721,6.0,4046926,1.4826067983452131,0.9093091364932917,True
PRKCE,LGS1,Cone,721,375.0,4046926,92.66292489657582,4.539702432144314,True
PROX2,LGS1,Cone,721,1.0,4046926,0.24710113305753553,0.22082176449802507,True
PRSS23,LGS1,Cone,721,53.0,4046926,13.096360052049382,2.645916611720149,True
PSORS1C3,LGS1,Cone,721,0.0,4046926,0.0,0.0,True
RAPSN,LGS1,Cone,721,1.0,4046926,0.24710113305753553,0.22082176449802507,True
RERE,LGS1,Cone,721,7442.0,4046926,1838.9266322141793,7.5174809760114085,True
RIC8B,LGS1,Cone,721,120.0,4046926,29.65213596690426,3.422702348923201,True
RORA,LGS1,Cone,721,7968.0,4046926,1968.901828202443,7.585738987090534,True
RP11-123K19.1,LGS1,Cone,721,,4046926,,,False
RP11-136H19.1,LGS1,Cone,721,,4046926,,,False
RP11-149I2.4,LGS1,Cone,721,,4046926,,,False
RP11-162I7.1,LGS1,Cone,721,,4046926,,,False
RP11-17G12.2,LGS1,Cone,721,,4046926,,,False
RP11-205K6.1,LGS1,Cone,721,,4046926,,,False
RP11-217B7.2,LGS1,Cone,721,,4046926,,,False
RP11-259A24.1,LGS1,Cone,721,,4046926,,,False
RP11-259G18.1,LGS1,Cone,721,,4046926,,,False
RP11-259G18.3,LGS1,Cone,721,,4046926,,,False
RP11-293E1.1,LGS1,Cone,721,,4046926,,,False
RP11-293E1.2,LGS1,Cone,721,,4046926,,,False
RP11-302L19.3,LGS1,Cone,721,,4046926,,,False
RP11-403A3.3,LGS1,Cone,721,,4046926,,,False
RP11-412D9.4,LGS1,Cone,721,,4046926,,,False
RP11-507B12.1,LGS1,Cone,721,,4046926,,,False
RP11-507B12.2,LGS1,Cone,721,,4046926,,,False
RP11-669E14.6,LGS1,Cone,721,,4046926,,,False
RP11-707O23.1,LGS1,Cone,721,,4046926,,,False
RP11-750H9.5,LGS1,Cone,721,,4046926,,,False
RP11-755F10.1,LGS1,Cone,721,,4046926,,,False
RP11-762L8.6,LGS1,Cone,721,,4046926,,,False
RP11-770G2.2,LGS1,Cone,721,,4046926,,,False
RP11-798G7.6,LGS1,Cone,721,,4046926,,,False
RP11-798G7.8,LGS1,Cone,721,,4046926,,,False
RP5-1115A15.1,LGS1,Cone,721,,4046926,,,False
RPS26P8,LGS1,Cone,721,,4046926,,,False
SCRN2,LGS1,Cone,721,21.0,4046926,5.189123794208246,1.8227935248529068,True
SEMA3E,LGS1,Cone,721,17.0,4046926,4.2007192619781035,1.6487969356332801,True
SEPT7,LGS1,Cone,721,,4046926,,,False
SF3A3,LGS1,Cone,721,55.0,4046926,13.590562318164453,2.6803749031329454,True
SFTA1P,LGS1,Cone,721,0.0,4046926,0.0,0.0,True
SGSM2,LGS1,Cone,721,194.0,4046926,47.93761981316189,3.890546422037412,True
SLC25A45,LGS1,Cone,721,1.0,4046926,0.24710113305753553,0.22082176449802507,True
SLC39A13,LGS1,Cone,721,14.0,4046926,3.459415862805497,1.4950177849891952,True
SMAD6,LGS1,Cone,721,4.0,4046926,0.9884045322301421,0.6873325745709982,True
SNORD14A,LGS1,Cone,721,,4046926,,,False
SSSCA1-AS1,LGS1,Cone,721,7.0,4046926,1.7297079314027486,1.0041946186394248,True
TARID,LGS1,Cone,721,6.0,4046926,1.4826067983452131,0.9093091364932917,True
TBC1D31,LGS1,Cone,721,158.0,4046926,39.04197902309061,3.689928379376702,True
TBKBP1,LGS1,Cone,721,12.0,4046926,2.9652135966904263,1.377559724175676,True
TBPL1,LGS1,Cone,721,87.0,4046926,21.49779857600559,3.113417463357207,True
TGFB3,LGS1,Cone,721,4.0,4046926,0.9884045322301421,0.6873325745709982,True
THCAT158,LGS1,Cone,721,,4046926,,,False
THSD7A,LGS1,Cone,721,902.0,4046926,222.88522201789704,5.411133518826607,True
TIGD3,LGS1,Cone,721,2.0,4046926,0.49420226611507106,0.4015924631660105,True
TMEM116,LGS1,Cone,721,94.0,4046926,23.22750650740834,3.1874886202224806,True
TMEM136,LGS1,Cone,721,,4046926,,,False
TMEM181,LGS1,Cone,721,109.0,4046926,26.934023503271373,3.329845426269041,True
TMEM263,LGS1,Cone,721,155.0,4046926,38.300675623918,3.6712417101757397,True
TRIM26,LGS1,Cone,721,123.0,4046926,30.39343936607687,3.4465989336976643,True
TRIOBP,LGS1,Cone,721,15.0,4046926,3.7065169958630326,1.5489481431455492,True
TSC22D2,LGS1,Cone,721,492.0,4046926,121.57375746430748,4.808712950543699,True
TTC28,LGS1,Cone,721,843.0,4046926,208.30625516750246,5.34379851513773,True
TTLL5,LGS1,Cone,721,1524.0,4046926,376.58212677968413,5.933788099410825,True
TXNDC8,LGS1,Cone,721,0.0,4046926,0.0,0.0,True
TXNRD2,LGS1,Cone,721,38.0,4046926,9.38984305618635,2.3408286997214343,True
UTP11,LGS1,Cone,721,33.0,4046926,8.154337390898672,2.214227798762058,True
VARS2,LGS1,Cone,721,6.0,4046926,1.4826067983452131,0.9093091364932917,True
VCAM1,LGS1,Cone,721,0.0,4046926,0.0,0.0,True
WLS,LGS1,Cone,721,1216.0,4046926,300.4749777979632,5.708687020344951,True
WNT2B,LGS1,Cone,721,48.0,4046926,11.860854386761705,2.554188154142388,True
XRCC6P1,LGS1,Cone,721,,4046926,,,False
XXbac-BPG170G13.32,LGS1,Cone,721,,4046926,,,False
XXbac-BPG283O16.9,LGS1,Cone,721,,4046926,,,False
YAP1,LGS1,Cone,721,3.0,4046926,0.7413033991726066,0.5546339127903124,True
YIF1A,LGS1,Cone,721,71.0,4046926,17.544180447085022,2.9201560173031273,True
ZNF280D,LGS1,Cone,721,666.0,4046926,164.56935461631866,5.10939016816132,True
ZNF638,LGS1,Cone,721,2398.0,4046926,592.5485170719702,6.386118958091856,True
ZNF638-IT1,LGS1,Cone,721,,4046926,,,False
DGKG,LGS1,Bipolar,2252,1.0,7748167,0.12906278349447037,0.12138789344816753,True
SLC2A12,LGS1,Bipolar,2252,4.0,7748167,0.5162511339778815,0.4162409291590296,True
COL8A2,LGS1,Bipolar,2252,2.0,7748167,0.25812556698894074,0.2296229680736679,True
NPC2,LGS1,Bipolar,2252,133.0,7748167,17.165350204764557,2.89951594458254,True
PSMC3,LGS1,Bipolar,2252,91.0,7748167,11.744713297996803,2.5451165423217654,True
RP11-466F5.8,LGS1,Bipolar,2252,,7748167,,,False
LPP,LGS1,Bipolar,2252,427.0,7748167,55.10980855213885,4.027310637747416,True
RP11-121M22.1,LGS1,Bipolar,2252,,7748167,,,False
ABO,LGS1,Bipolar,2252,2.0,7748167,0.25812556698894074,0.2296229680736679,True
ADAMTS8,LGS1,Bipolar,2252,2.0,7748167,0.25812556698894074,0.2296229680736679,True
CALD1,LGS1,Bipolar,2252,646.0,7748167,83.37455813742785,4.435265912289237,True
CHEK2,LGS1,Bipolar,2252,15.0,7748167,1.9359417524170555,1.0770282714604633,True
GAS7,LGS1,Bipolar,2252,317.0,7748167,40.91290236774711,3.7355937119311053,True
LMX1B,LGS1,Bipolar,2252,1.0,7748167,0.12906278349447037,0.12138789344816753,True
TCF12,LGS1,Bipolar,2252,3380.0,7748167,436.23220821130985,6.080464422873725,True
TMCO1,LGS1,Bipolar,2252,340.0,7748167,43.88134638811992,3.80402226049975,True
TRIB2,LGS1,Bipolar,2252,217.0,7748167,28.00662401830007,3.3675242183280116,True
AC000078.5,LGS1,Bipolar,2252,,7748167,,,False
AC002066.1,LGS1,Bipolar,2252,2.0,7748167,0.25812556698894074,0.2296229680736679,True
AC012066.1,LGS1,Bipolar,2252,,7748167,,,False
AC091132.1,LGS1,Bipolar,2252,6.0,7748167,0.7743767009668222,0.5734492068733519,True
ACBD4,LGS1,Bipolar,2252,81.0,7748167,10.4540854630521,2.4383464753592388,True
AFAP1,LGS1,Bipolar,2252,20.0,7748167,2.5812556698894076,1.2757134846948517,True
ALDH2,LGS1,Bipolar,2252,301.0,7748167,38.84789783183558,3.685069651820586,True
AP003068.23,LGS1,Bipolar,2252,,7748167,,,False
AP5B1,LGS1,Bipolar,2252,24.0,7748167,3.097506803867289,1.410378692126791,True
AREL1,LGS1,Bipolar,2252,164.0,7748167,21.166296493093142,3.0985729592945517,True
ARHGAP27,LGS1,Bipolar,2252,21.0,7748167,2.7103184533838776,1.3111177094272142,True
ARHGEF12,LGS1,Bipolar,2252,3377.0,7748167,435.8450198608264,6.079578486566557,True
ARL17A,LGS1,Bipolar,2252,847.0,7748167,109.3161776198164,4.703350584768547,True
ATP5J,LGS1,Bipolar,2252,,7748167,,,False
BICC1,LGS1,Bipolar,2252,96.0,7748167,12.390027215469155,2.594510192222984,True
BORA,LGS1,Bipolar,2252,100.0,7748167,12.906278349447037,2.6323404179763576,True
C1orf109,LGS1,Bipolar,2252,20.0,7748167,2.5812556698894076,1.2757134846948517,True
C1orf122,LGS1,Bipolar,2252,314.0,7748167,40.525714017263695,3.7263128502284384,True
C22orf29,LGS1,Bipolar,2252,,7748167,,,False
C6orf15,LGS1,Bipolar,2252,0.0,7748167,0.0,0.0,True
CADM1,LGS1,Bipolar,2252,33852.0,7748167,4369.033346854811,8.382525918919745,True
CADM2,LGS1,Bipolar,2252,39693.0,7748167,5122.889065246012,8.541669012752207,True
CAV2,LGS1,Bipolar,2252,22.0,7748167,2.839381236878348,1.3453112173862016,True
CCDC117,LGS1,Bipolar,2252,56.0,7748167,7.227515875690341,2.1074841314221127,True
CDC14A,LGS1,Bipolar,2252,247.0,7748167,31.878507523134182,3.492819177525576,True
CDKN2A,LGS1,Bipolar,2252,17.0,7748167,2.1940673194059963,1.161295126404144,True
CDKN2B-AS1,LGS1,Bipolar,2252,25.0,7748167,3.2265695873617593,1.4413906917873904,True
CELF1,LGS1,Bipolar,2252,850.0,7748167,109.70336597029981,4.706854245488102,True
CLIC5,LGS1,Bipolar,2252,12.0,7748167,1.5487534019336444,0.9356043776515496,True
CMB9-22P13.1,LGS1,Bipolar,2252,,7748167,,,False
COL11A1,LGS1,Bipolar,2252,18.0,7748167,2.3231301029004667,1.2009071408481187,True
CRHR1,LGS1,Bipolar,2252,166.0,7748167,21.42442206008208,3.110150635487093,True
CTA-292E10.6,LGS1,Bipolar,2252,,7748167,,,False
CTB-39G8.3,LGS1,Bipolar,2252,,7748167,,,False
CTD-2005H7.1,LGS1,Bipolar,2252,,7748167,,,False
CTD-2020K17.1,LGS1,Bipolar,2252,,7748167,,,False
CTD-2020K17.3,LGS1,Bipolar,2252,,7748167,,,False
CTTNBP2,LGS1,Bipolar,2252,776.0,7748167,100.152719991709,4.616631453926542,True
DDX39BP2,LGS1,Bipolar,2252,,7748167,,,False
DIO1,LGS1,Bipolar,2252,4.0,7748167,0.5162511339778815,0.4162409291590296,True
DND1P1,LGS1,Bipolar,2252,,7748167,,,False
DYSF,LGS1,Bipolar,2252,55.0,7748167,7.098453092195871,2.091673067167988,True
EFCAB13,LGS1,Bipolar,2252,416.0,7748167,53.690117933699675,4.001683033759715,True
EFEMP1,LGS1,Bipolar,2252,5.0,7748167,0.6453139174723519,0.4979311973015442,True
EHBP1L1,LGS1,Bipolar,2252,9.0,7748167,1.1615650514502334,0.7708325201851722,True
FAM215B,LGS1,Bipolar,2252,69.0,7748167,8.905332061118456,2.2930732041840804,True
FAM83A,LGS1,Bipolar,2252,1.0,7748167,0.12906278349447037,0.12138789344816753,True
FAM83A-AS1,LGS1,Bipolar,2252,0.0,7748167,0.0,0.0,True
FAM89B,LGS1,Bipolar,2252,21.0,7748167,2.7103184533838776,1.3111177094272142,True
FHL3,LGS1,Bipolar,2252,2.0,7748167,0.25812556698894074,0.2296229680736679,True
FLOT1,LGS1,Bipolar,2252,144.0,7748167,18.585040823203734,2.9747660515273524,True
FLVCR2,LGS1,Bipolar,2252,2.0,7748167,0.25812556698894074,0.2296229680736679,True
FMNL1,LGS1,Bipolar,2252,14.0,7748167,1.8068789689225853,1.0320731788593414,True
FNDC4,LGS1,Bipolar,2252,18.0,7748167,2.3231301029004667,1.2009071408481187,True
GALR3,LGS1,Bipolar,2252,0.0,7748167,0.0,0.0,True
GCAT,LGS1,Bipolar,2252,23.0,7748167,2.9684440203728184,1.3783740834578244,True
GLIS1,LGS1,Bipolar,2252,1.0,7748167,0.12906278349447037,0.12138789344816753,True
H1F0,LGS1,Bipolar,2252,187.0,7748167,24.13474051346596,3.2242509733779388,True
HCG4,LGS1,Bipolar,2252,,7748167,,,False
HCG4B,LGS1,Bipolar,2252,,7748167,,,False
HCG4P5,LGS1,Bipolar,2252,,7748167,,,False
HCG4P7,LGS1,Bipolar,2252,,7748167,,,False
HCG9,LGS1,Bipolar,2252,0.0,7748167,0.0,0.0,True
HCP5B,LGS1,Bipolar,2252,,7748167,,,False
HECTD4,LGS1,Bipolar,2252,1569.0,7748167,202.49950730282401,5.315663583763375,True
HLA-A,LGS1,Bipolar,2252,313.0,7748167,40.39665123376923,3.723199989486445,True
HLA-C,LGS1,Bipolar,2252,524.0,7748167,67.62889855110248,4.228713707703929,True
HLA-F,LGS1,Bipolar,2252,36.0,7748167,4.6462602058009335,1.730993415521184,True
HLA-F-AS1,LGS1,Bipolar,2252,37.0,7748167,4.775322989295404,1.7535941837262166,True
HLA-G,LGS1,Bipolar,2252,0.0,7748167,0.0,0.0,True
HLA-H,LGS1,Bipolar,2252,,7748167,,,False
HLA-J,LGS1,Bipolar,2252,,7748167,,,False
HLA-L,LGS1,Bipolar,2252,,7748167,,,False
HLA-T,LGS1,Bipolar,2252,,7748167,,,False
HLA-U,LGS1,Bipolar,2252,,7748167,,,False
HLA-V,LGS1,Bipolar,2252,,7748167,,,False
HLA-W,LGS1,Bipolar,2252,,7748167,,,False
HSCB,LGS1,Bipolar,2252,90.0,7748167,11.615650514502333,2.5349381475096244,True
HTRA3,LGS1,Bipolar,2252,0.0,7748167,0.0,0.0,True
IFITM4P,LGS1,Bipolar,2252,,7748167,,,False
IFT172,LGS1,Bipolar,2252,462.0,7748167,59.62700597444531,4.104740436948517,True
INPP5B,LGS1,Bipolar,2252,286.0,7748167,36.91195607941852,3.635266526177027,True
ITGB3,LGS1,Bipolar,2252,2.0,7748167,0.25812556698894074,0.2296229680736679,True
KANSL1,LGS1,Bipolar,2252,2886.0,7748167,372.4751931650415,5.922851585138345,True
KANSL1-AS1,LGS1,Bipolar,2252,19.0,7748167,2.452192886394937,1.239009648367824,True
KHK,LGS1,Bipolar,2252,29.0,7748167,3.7428207213396405,1.5566320476020261,True
KLF5,LGS1,Bipolar,2252,1.0,7748167,0.12906278349447037,0.12138789344816753,True
KRT8P26,LGS1,Bipolar,2252,,7748167,,,False
LHPP,LGS1,Bipolar,2252,206.0,7748167,26.586933399860897,3.317342233079631,True
LINC01948,LGS1,Bipolar,2252,24.0,7748167,3.097506803867289,1.410378692126791,True
LINC02052,LGS1,Bipolar,2252,0.0,7748167,0.0,0.0,True
LINC02210,LGS1,Bipolar,2252,,7748167,,,False
LMO4,LGS1,Bipolar,2252,734.0,7748167,94.73208308494125,4.561553488722992,True
LMO7,LGS1,Bipolar,2252,200.0,7748167,25.812556698894074,3.2888703113300677,True
LOXL1,LGS1,Bipolar,2252,1.0,7748167,0.12906278349447037,0.12138789344816753,True
LOXL1-AS1,LGS1,Bipolar,2252,1.0,7748167,0.12906278349447037,0.12138789344816753,True
LRRC37A,LGS1,Bipolar,2252,214.0,7748167,27.61943566781666,3.354086055828263,True
LRRC37A17P,LGS1,Bipolar,2252,,7748167,,,False
LRRC37A2,LGS1,Bipolar,2252,1086.0,7748167,140.1621828749948,4.949909462522833,True
LRRC37A4P,LGS1,Bipolar,2252,,7748167,,,False
LRWD1,LGS1,Bipolar,2252,13.0,7748167,1.6778161854281148,0.9850016061634636,True
LTBP2,LGS1,Bipolar,2252,32.0,7748167,4.130009071823052,1.6351074275676745,True
LTBP3,LGS1,Bipolar,2252,105.0,7748167,13.55159226691939,2.6777004217825566,True
MADD,LGS1,Bipolar,2252,515.0,7748167,66.46733349965224,4.211643532584482,True
MAPK8IP1P1,LGS1,Bipolar,2252,,7748167,,,False
MAPK8IP1P2,LGS1,Bipolar,2252,,7748167,,,False
MAPT,LGS1,Bipolar,2252,2073.0,7748167,267.5471501840371,5.593026504431588,True
MAPT-AS1,LGS1,Bipolar,2252,340.0,7748167,43.88134638811992,3.80402226049975,True
MAPT-IT1,LGS1,Bipolar,2252,48.0,7748167,6.195013607734578,1.973388231614065,True
ME3,LGS1,Bipolar,2252,700.0,7748167,90.34394844612926,4.51463203482922,True
MICE,LGS1,Bipolar,2252,,7748167,,,False
MOV10,LGS1,Bipolar,2252,23.0,7748167,2.9684440203728184,1.3783740834578244,True
MRPL33,LGS1,Bipolar,2252,409.0,7748167,52.78667844923838,3.985025824039022,True
MTCH2,LGS1,Bipolar,2252,390.0,7748167,50.33448556284345,3.938362759523029,True
MVB12B,LGS1,Bipolar,2252,371.0,7748167,47.88229267644851,3.889415217946035,True
Metazoa_SRP,LGS1,Bipolar,2252,,7748167,,,False
NEAT1,LGS1,Bipolar,2252,6998.0,7748167,903.1813588943037,6.807029958516939,True
NMT1,LGS1,Bipolar,2252,343.0,7748167,44.268534738603336,3.8126121937626376,True
NPEPPS,LGS1,Bipolar,2252,2868.0,7748167,370.152063062141,5.916611852115104,True
NRBP1,LGS1,Bipolar,2252,142.0,7748167,18.326915256214793,2.961498697258104,True
NSF,LGS1,Bipolar,2252,1708.0,7748167,220.4392342085554,5.400148214188839,True
NUCB2,LGS1,Bipolar,2252,709.0,7748167,91.50551349757949,4.527268248121287,True
NUDT7,LGS1,Bipolar,2252,17.0,7748167,2.1940673194059963,1.161295126404144,True
PDE6C,LGS1,Bipolar,2252,26.0,7748167,3.3556323708562297,1.4714698054706532,True
PGAM1P8,LGS1,Bipolar,2252,,7748167,,,False
PIBF1,LGS1,Bipolar,2252,1389.0,7748167,179.26820627381935,5.194445776744325,True
PIGC,LGS1,Bipolar,2252,136.0,7748167,17.55253855524797,2.920606629029941,True
PKIB,LGS1,Bipolar,2252,144.0,7748167,18.585040823203734,2.9747660515273524,True
PLCE1,LGS1,Bipolar,2252,34.0,7748167,4.388134638811993,1.6841992468795577,True
PLCE1-AS1,LGS1,Bipolar,2252,1.0,7748167,0.12906278349447037,0.12138789344816753,True
PLEKHA7,LGS1,Bipolar,2252,595.0,7748167,76.79235617920988,4.354043176732984,True
PLEKHM1,LGS1,Bipolar,2252,65.0,7748167,8.389080927140574,2.239547410596019,True
PPP1R18,LGS1,Bipolar,2252,5.0,7748167,0.6453139174723519,0.4979311973015442,True
PRKCE,LGS1,Bipolar,2252,3781.0,7748167,487.98638439259247,6.192334645309297,True
PROX2,LGS1,Bipolar,2252,2.0,7748167,0.25812556698894074,0.2296229680736679,True
PRSS23,LGS1,Bipolar,2252,34.0,7748167,4.388134638811993,1.6841992468795577,True
PSORS1C3,LGS1,Bipolar,2252,0.0,7748167,0.0,0.0,True
RAPSN,LGS1,Bipolar,2252,2.0,7748167,0.25812556698894074,0.2296229680736679,True
RERE,LGS1,Bipolar,2252,9446.0,7748167,1219.1270528887671,7.1067102740170345,True
RIC8B,LGS1,Bipolar,2252,430.0,7748167,55.49699690262226,4.034187484573791,True
RORA,LGS1,Bipolar,2252,48031.0,7748167,6199.014554022906,8.732306918453476,True
RP11-123K19.1,LGS1,Bipolar,2252,,7748167,,,False
RP11-136H19.1,LGS1,Bipolar,2252,,7748167,,,False
RP11-149I2.4,LGS1,Bipolar,2252,,7748167,,,False
RP11-162I7.1,LGS1,Bipolar,2252,,7748167,,,False
RP11-17G12.2,LGS1,Bipolar,2252,,7748167,,,False
RP11-205K6.1,LGS1,Bipolar,2252,,7748167,,,False
RP11-217B7.2,LGS1,Bipolar,2252,,7748167,,,False
RP11-259A24.1,LGS1,Bipolar,2252,,7748167,,,False
RP11-259G18.1,LGS1,Bipolar,2252,,7748167,,,False
RP11-259G18.3,LGS1,Bipolar,2252,,7748167,,,False
RP11-293E1.1,LGS1,Bipolar,2252,,7748167,,,False
RP11-293E1.2,LGS1,Bipolar,2252,,7748167,,,False
RP11-302L19.3,LGS1,Bipolar,2252,,7748167,,,False
RP11-403A3.3,LGS1,Bipolar,2252,,7748167,,,False
RP11-412D9.4,LGS1,Bipolar,2252,,7748167,,,False
RP11-507B12.1,LGS1,Bipolar,2252,,7748167,,,False
RP11-507B12.2,LGS1,Bipolar,2252,,7748167,,,False
RP11-669E14.6,LGS1,Bipolar,2252,,7748167,,,False
RP11-707O23.1,LGS1,Bipolar,2252,,7748167,,,False
RP11-750H9.5,LGS1,Bipolar,2252,,7748167,,,False
RP11-755F10.1,LGS1,Bipolar,2252,,7748167,,,False
RP11-762L8.6,LGS1,Bipolar,2252,,7748167,,,False
RP11-770G2.2,LGS1,Bipolar,2252,,7748167,,,False
RP11-798G7.6,LGS1,Bipolar,2252,,7748167,,,False
RP11-798G7.8,LGS1,Bipolar,2252,,7748167,,,False
RP5-1115A15.1,LGS1,Bipolar,2252,,7748167,,,False
RPS26P8,LGS1,Bipolar,2252,,7748167,,,False
SCRN2,LGS1,Bipolar,2252,32.0,7748167,4.130009071823052,1.6351074275676745,True
SEMA3E,LGS1,Bipolar,2252,2297.0,7748167,296.4572136867984,5.695270395102489,True
SEPT7,LGS1,Bipolar,2252,,7748167,,,False
SF3A3,LGS1,Bipolar,2252,121.0,7748167,15.616596802830914,2.8104020032874235,True
SFTA1P,LGS1,Bipolar,2252,0.0,7748167,0.0,0.0,True
SGSM2,LGS1,Bipolar,2252,215.0,7748167,27.74849845131113,3.358585538098959,True
SLC25A45,LGS1,Bipolar,2252,11.0,7748167,1.419690618439174,0.8836396883757268,True
SLC39A13,LGS1,Bipolar,2252,28.0,7748167,3.6137579378451705,1.52904269583638,True
SMAD6,LGS1,Bipolar,2252,2.0,7748167,0.25812556698894074,0.2296229680736679,True
SNORD14A,LGS1,Bipolar,2252,,7748167,,,False
SSSCA1-AS1,LGS1,Bipolar,2252,17.0,7748167,2.1940673194059963,1.161295126404144,True
TARID,LGS1,Bipolar,2252,10.0,7748167,1.2906278349447038,0.828825943721452,True
TBC1D31,LGS1,Bipolar,2252,208.0,7748167,26.845058966849837,3.3266555347211937,True
TBKBP1,LGS1,Bipolar,2252,38.0,7748167,4.904385772789874,1.7756954260832407,True
TBPL1,LGS1,Bipolar,2252,239.0,7748167,30.84600525517842,3.4609119504526977,True
TGFB3,LGS1,Bipolar,2252,6.0,7748167,0.7743767009668222,0.5734492068733519,True
THCAT158,LGS1,Bipolar,2252,,7748167,,,False
THSD7A,LGS1,Bipolar,2252,3614.0,7748167,466.43289954901593,6.147255808050835,True
TIGD3,LGS1,Bipolar,2252,7.0,7748167,0.9034394844612926,0.6436625046152118,True
TMEM116,LGS1,Bipolar,2252,278.0,7748167,35.87945381146276,3.6076545886943103,True
TMEM136,LGS1,Bipolar,2252,,7748167,,,False
TMEM181,LGS1,Bipolar,2252,230.0,7748167,29.684440203728187,3.4237556923547268,True
TMEM263,LGS1,Bipolar,2252,294.0,7748167,37.94445834737429,3.6621364861322805,True
TRIM26,LGS1,Bipolar,2252,205.0,7748167,26.457870616366424,3.312652852408314,True
TRIOBP,LGS1,Bipolar,2252,239.0,7748167,30.84600525517842,3.4609119504526977,True
TSC22D2,LGS1,Bipolar,2252,573.0,7748167,73.95297494233152,4.316860916120213,True
TTC28,LGS1,Bipolar,2252,6407.0,7748167,826.9052538490716,6.718898720119396,True
TTLL5,LGS1,Bipolar,2252,981.0,7748167,126.61059060807543,4.848983365962394,True
TXNDC8,LGS1,Bipolar,2252,0.0,7748167,0.0,0.0,True
TXNRD2,LGS1,Bipolar,2252,74.0,7748167,9.550645978590808,2.3561870882457643,True
UTP11,LGS1,Bipolar,2252,43.0,7748167,5.5496996902622255,1.879419199781144,True
VARS2,LGS1,Bipolar,2252,25.0,7748167,3.2265695873617593,1.4413906917873904,True
VCAM1,LGS1,Bipolar,2252,0.0,7748167,0.0,0.0,True
WLS,LGS1,Bipolar,2252,316.0,7748167,40.78383958425264,3.732509651959785,True
WNT2B,LGS1,Bipolar,2252,73.0,7748167,9.421583195096337,2.3438789628928487,True
XRCC6P1,LGS1,Bipolar,2252,,7748167,,,False
XXbac-BPG170G13.32,LGS1,Bipolar,2252,,7748167,,,False
XXbac-BPG283O16.9,LGS1,Bipolar,2252,,7748167,,,False
YAP1,LGS1,Bipolar,2252,7.0,7748167,0.9034394844612926,0.6436625046152118,True
YIF1A,LGS1,Bipolar,2252,47.0,7748167,6.065950824240107,1.9552875894222332,True
ZNF280D,LGS1,Bipolar,2252,2373.0,7748167,306.26598523237817,5.727713773886543,True
ZNF638,LGS1,Bipolar,2252,5046.0,7748167,651.2508055130975,6.480429158992077,True
ZNF638-IT1,LGS1,Bipolar,2252,,7748167,,,False
DGKG,LGS1,Amacrine,932,64.0,5079532,12.599585946106846,2.6100393471393413,True
SLC2A12,LGS1,Amacrine,932,31.0,5079532,6.102924442645503,1.9605065925728506,True
COL8A2,LGS1,Amacrine,932,2.0,5079532,0.3937370608158389,0.3319886724636204,True
NPC2,LGS1,Amacrine,932,52.0,5079532,10.237163581211812,2.4192264621938233,True
PSMC3,LGS1,Amacrine,932,89.0,5079532,17.521299206304832,2.9189213782858685,True
RP11-466F5.8,LGS1,Amacrine,932,,5079532,,,False
LPP,LGS1,Amacrine,932,693.0,5079532,136.4298915726882,4.923113907602527,True
RP11-121M22.1,LGS1,Amacrine,932,,5079532,,,False
ABO,LGS1,Amacrine,932,12.0,5079532,2.3624223648950338,1.2126616561543606,True
ADAMTS8,LGS1,Amacrine,932,15.0,5079532,2.953027956118792,1.3744818564167336,True
CALD1,LGS1,Amacrine,932,482.0,5079532,94.89063165661719,4.563208288448275,True
CHEK2,LGS1,Amacrine,932,5.0,5079532,0.9843426520395974,0.6852877016316751,True
GAS7,LGS1,Amacrine,932,207.0,5079532,40.75178579443933,3.7317422239016085,True
LMX1B,LGS1,Amacrine,932,0.0,5079532,0.0,0.0,True
TCF12,LGS1,Amacrine,932,1882.0,5079532,370.50657422770445,5.917566560441892,True
TMCO1,LGS1,Amacrine,932,210.0,5079532,41.34239138566309,3.7457887446422946,True
TRIB2,LGS1,Amacrine,932,207.0,5079532,40.75178579443933,3.7317422239016085,True
AC000078.5,LGS1,Amacrine,932,,5079532,,,False
AC002066.1,LGS1,Amacrine,932,51.0,5079532,10.040295050803893,2.401551766108121,True
AC012066.1,LGS1,Amacrine,932,,5079532,,,False
AC091132.1,LGS1,Amacrine,932,1.0,5079532,0.19686853040791946,0.17970858796895964,True
ACBD4,LGS1,Amacrine,932,85.0,5079532,16.733825084673153,2.875473837633722,True
AFAP1,LGS1,Amacrine,932,81.0,5079532,15.946350963041477,2.8300525282334412,True
ALDH2,LGS1,Amacrine,932,121.0,5079532,23.821092179358256,3.2116937828114662,True
AP003068.23,LGS1,Amacrine,932,,5079532,,,False
AP5B1,LGS1,Amacrine,932,22.0,5079532,4.331107668974228,1.673559034405426,True
AREL1,LGS1,Amacrine,932,146.0,5079532,28.742805439556243,3.392587268780594,True
ARHGAP27,LGS1,Amacrine,932,13.0,5079532,2.559290895302953,1.2695613383109776,True
ARHGEF12,LGS1,Amacrine,932,2170.0,5079532,427.2047109851853,6.059601377928751,True
ARL17A,LGS1,Amacrine,932,513.0,5079532,100.99355609926269,4.624909635791191,True
ATP5J,LGS1,Amacrine,932,,5079532,,,False
BICC1,LGS1,Amacrine,932,599.0,5079532,117.92424971434376,4.778486733400767,True
BORA,LGS1,Amacrine,932,59.0,5079532,11.615243294067248,2.534905868000368,True
C1orf109,LGS1,Amacrine,932,25.0,5079532,4.921713260197987,1.7786258090876865,True
C1orf122,LGS1,Amacrine,932,241.0,5079532,47.445315828308594,3.880435653132645,True
C22orf29,LGS1,Amacrine,932,,5079532,,,False
C6orf15,LGS1,Amacrine,932,0.0,5079532,0.0,0.0,True
CADM1,LGS1,Amacrine,932,8395.0,5079532,1652.711312774484,7.410777321519541,True
CADM2,LGS1,Amacrine,932,20328.0,5079532,4001.943486132187,8.29478524101437,True
CAV2,LGS1,Amacrine,932,96.0,5079532,18.89937891916027,2.990688521150953,True
CCDC117,LGS1,Amacrine,932,40.0,5079532,7.874741216316779,2.1832091762114856,True
CDC14A,LGS1,Amacrine,932,79.0,5079532,15.552613902225637,2.806544029063428,True
CDKN2A,LGS1,Amacrine,932,4.0,5079532,0.7874741216316778,0.5808035180723754,True
CDKN2B-AS1,LGS1,Amacrine,932,15.0,5079532,2.953027956118792,1.3744818564167336,True
CELF1,LGS1,Amacrine,932,938.0,5079532,184.66268152262847,5.22393148705734,True
CLIC5,LGS1,Amacrine,932,87.0,5079532,17.127562145488994,2.8974335505015074,True
CMB9-22P13.1,LGS1,Amacrine,932,,5079532,,,False
COL11A1,LGS1,Amacrine,932,1168.0,5079532,229.94244351644994,5.442168517209269,True
CRHR1,LGS1,Amacrine,932,28.0,5079532,5.512318851421745,1.8736955911719733,True
CTA-292E10.6,LGS1,Amacrine,932,,5079532,,,False
CTB-39G8.3,LGS1,Amacrine,932,,5079532,,,False
CTD-2005H7.1,LGS1,Amacrine,932,,5079532,,,False
CTD-2020K17.1,LGS1,Amacrine,932,,5079532,,,False
CTD-2020K17.3,LGS1,Amacrine,932,,5079532,,,False
CTTNBP2,LGS1,Amacrine,932,1374.0,5079532,270.49736078048136,5.603952418444537,True
DDX39BP2,LGS1,Amacrine,932,,5079532,,,False
DIO1,LGS1,Amacrine,932,10.0,5079532,1.9686853040791947,1.0881191962531924,True
DND1P1,LGS1,Amacrine,932,,5079532,,,False
DYSF,LGS1,Amacrine,932,41.0,5079532,8.071609746724699,2.2051497287237813,True
EFCAB13,LGS1,Amacrine,932,369.0,5079532,72.64448772052228,4.299249295851351,True
EFEMP1,LGS1,Amacrine,932,25.0,5079532,4.921713260197987,1.7786258090876865,True
EHBP1L1,LGS1,Amacrine,932,17.0,5079532,3.346765016934631,1.4694318941698101,True
FAM215B,LGS1,Amacrine,932,59.0,5079532,11.615243294067248,2.534905868000368,True
FAM83A,LGS1,Amacrine,932,5.0,5079532,0.9843426520395974,0.6852877016316751,True
FAM83A-AS1,LGS1,Amacrine,932,1.0,5079532,0.19686853040791946,0.17970858796895964,True
FAM89B,LGS1,Amacrine,932,24.0,5079532,4.7248447297900675,1.7448154276384613,True
FHL3,LGS1,Amacrine,932,4.0,5079532,0.7874741216316778,0.5808035180723754,True
FLOT1,LGS1,Amacrine,932,202.0,5079532,39.767443142399735,3.7078838006727306,True
FLVCR2,LGS1,Amacrine,932,2.0,5079532,0.3937370608158389,0.3319886724636204,True
FMNL1,LGS1,Amacrine,932,18.0,5079532,3.5436335473425506,1.5137270327756718,True
FNDC4,LGS1,Amacrine,932,34.0,5079532,6.693530033869262,2.0403797203055913,True
GALR3,LGS1,Amacrine,932,0.0,5079532,0.0,0.0,True
GCAT,LGS1,Amacrine,932,32.0,5079532,6.299792973053423,1.9878459878965016,True
GLIS1,LGS1,Amacrine,932,66.0,5079532,12.993323006922685,2.6385802877719384,True
H1F0,LGS1,Amacrine,932,93.0,5079532,18.30877332793651,2.9605595691992295,True
HCG4,LGS1,Amacrine,932,,5079532,,,False
HCG4B,LGS1,Amacrine,932,,5079532,,,False
HCG4P5,LGS1,Amacrine,932,,5079532,,,False
HCG4P7,LGS1,Amacrine,932,,5079532,,,False
HCG9,LGS1,Amacrine,932,2.0,5079532,0.3937370608158389,0.3319886724636204,True
HCP5B,LGS1,Amacrine,932,,5079532,,,False
HECTD4,LGS1,Amacrine,932,1417.0,5079532,278.9627075880219,5.634656407113413,True
HLA-A,LGS1,Amacrine,932,255.0,5079532,50.20147525401946,3.9357683451854273,True
HLA-C,LGS1,Amacrine,932,467.0,5079532,91.93760370049839,4.531928340028745,True
HLA-F,LGS1,Amacrine,932,85.0,5079532,16.733825084673153,2.875473837633722,True
HLA-F-AS1,LGS1,Amacrine,932,63.0,5079532,12.402717415698927,2.5954574786136413,True
HLA-G,LGS1,Amacrine,932,0.0,5079532,0.0,0.0,True
HLA-H,LGS1,Amacrine,932,,5079532,,,False
HLA-J,LGS1,Amacrine,932,,5079532,,,False
HLA-L,LGS1,Amacrine,932,,5079532,,,False
HLA-T,LGS1,Amacrine,932,,5079532,,,False
HLA-U,LGS1,Amacrine,932,,5079532,,,False
HLA-V,LGS1,Amacrine,932,,5079532,,,False
HLA-W,LGS1,Amacrine,932,,5079532,,,False
HSCB,LGS1,Amacrine,932,49.0,5079532,9.646557989988054,2.365236646488831,True
HTRA3,LGS1,Amacrine,932,0.0,5079532,0.0,0.0,True
IFITM4P,LGS1,Amacrine,932,,5079532,,,False
IFT172,LGS1,Amacrine,932,336.0,5079532,66.14782621706094,4.206896550398514,True
INPP5B,LGS1,Amacrine,932,224.0,5079532,44.09855081137396,3.808850113206864,True
ITGB3,LGS1,Amacrine,932,5.0,5079532,0.9843426520395974,0.6852877016316751,True
KANSL1,LGS1,Amacrine,932,1787.0,5079532,351.8040638389521,5.865912842884186,True
KANSL1-AS1,LGS1,Amacrine,932,3.0,5079532,0.5906055912237584,0.46411481870117155,True
KHK,LGS1,Amacrine,932,41.0,5079532,8.071609746724699,2.2051497287237813,True
KLF5,LGS1,Amacrine,932,8.0,5079532,1.5749482432633557,0.9458294342101465,True
KRT8P26,LGS1,Amacrine,932,,5079532,,,False
LHPP,LGS1,Amacrine,932,122.0,5079532,24.017960709766175,3.219593995312708,True
LINC01948,LGS1,Amacrine,932,32.0,5079532,6.299792973053423,1.9878459878965016,True
LINC02052,LGS1,Amacrine,932,0.0,5079532,0.0,0.0,True
LINC02210,LGS1,Amacrine,932,,5079532,,,False
LMO4,LGS1,Amacrine,932,660.0,5079532,129.93323006922685,4.874687499134906,True
LMO7,LGS1,Amacrine,932,335.0,5079532,65.95095768665303,4.203960376540519,True
LOXL1,LGS1,Amacrine,932,13.0,5079532,2.559290895302953,1.2695613383109776,True
LOXL1-AS1,LGS1,Amacrine,932,3.0,5079532,0.5906055912237584,0.46411481870117155,True
LRRC37A,LGS1,Amacrine,932,96.0,5079532,18.89937891916027,2.990688521150953,True
LRRC37A17P,LGS1,Amacrine,932,,5079532,,,False
LRRC37A2,LGS1,Amacrine,932,552.0,5079532,108.67142878517154,4.697488884727479,True
LRRC37A4P,LGS1,Amacrine,932,,5079532,,,False
LRWD1,LGS1,Amacrine,932,18.0,5079532,3.5436335473425506,1.5137270327756718,True
LTBP2,LGS1,Amacrine,932,22.0,5079532,4.331107668974228,1.673559034405426,True
LTBP3,LGS1,Amacrine,932,86.0,5079532,16.930693615081076,2.886513971480137,True
MADD,LGS1,Amacrine,932,423.0,5079532,83.27538836254993,4.4340898693865745,True
MAPK8IP1P1,LGS1,Amacrine,932,,5079532,,,False
MAPK8IP1P2,LGS1,Amacrine,932,,5079532,,,False
MAPT,LGS1,Amacrine,932,1375.0,5079532,270.6942293108893,5.604677277012375,True
MAPT-AS1,LGS1,Amacrine,932,149.0,5079532,29.333411030780002,3.4122497792997457,True
MAPT-IT1,LGS1,Amacrine,932,23.0,5079532,4.527976199382148,1.7098217809897738,True
ME3,LGS1,Amacrine,932,244.0,5079532,48.03592141953235,3.8925531197258016,True
MICE,LGS1,Amacrine,932,,5079532,,,False
MOV10,LGS1,Amacrine,932,35.0,5079532,6.890398564277182,2.0656466486994507,True
MRPL33,LGS1,Amacrine,932,297.0,5079532,58.46995353115208,4.085471202335182,True
MTCH2,LGS1,Amacrine,932,219.0,5079532,43.11420815933436,3.7867819110475853,True
MVB12B,LGS1,Amacrine,932,419.0,5079532,82.48791424091826,4.4247018817512975,True
Metazoa_SRP,LGS1,Amacrine,932,,5079532,,,False
NEAT1,LGS1,Amacrine,932,5526.0,5079532,1087.895499034163,6.992919157845597,True
NMT1,LGS1,Amacrine,932,245.0,5079532,48.23278994994027,3.896559863907984,True
NPEPPS,LGS1,Amacrine,932,1359.0,5079532,267.5443328243626,5.593016013259176,True
NRBP1,LGS1,Amacrine,932,99.0,5079532,19.489984510384026,3.0199362062907387,True
NSF,LGS1,Amacrine,932,1146.0,5079532,225.61133584747571,5.423236373147934,True
NUCB2,LGS1,Amacrine,932,447.0,5079532,88.00023309234,4.488638988743767,True
NUDT7,LGS1,Amacrine,932,25.0,5079532,4.921713260197987,1.7786258090876865,True
PDE6C,LGS1,Amacrine,932,29.0,5079532,5.709187381829665,1.9034778381101791,True
PGAM1P8,LGS1,Amacrine,932,,5079532,,,False
PIBF1,LGS1,Amacrine,932,869.0,5079532,171.07875292448202,5.147952237864886,True
PIGC,LGS1,Amacrine,932,150.0,5079532,29.53027956118792,3.4187189636386295,True
PKIB,LGS1,Amacrine,932,108.0,5079532,21.261801284055302,3.1028722627916525,True
PLCE1,LGS1,Amacrine,932,675.0,5079532,132.88625802534565,4.896990618792253,True
PLCE1-AS1,LGS1,Amacrine,932,12.0,5079532,2.3624223648950338,1.2126616561543606,True
PLEKHA7,LGS1,Amacrine,932,208.0,5079532,40.94865432484725,3.7364463543259316,True
PLEKHM1,LGS1,Amacrine,932,75.0,5079532,14.76513978059396,2.7578011594717644,True
PPP1R18,LGS1,Amacrine,932,10.0,5079532,1.9686853040791947,1.0881191962531924,True
PRKCE,LGS1,Amacrine,932,880.0,5079532,173.24430675896915,5.1604583762745495,True
PROX2,LGS1,Amacrine,932,1.0,5079532,0.19686853040791946,0.17970858796895964,True
PRSS23,LGS1,Amacrine,932,56.0,5079532,11.02463770284349,2.4869576868762837,True
PSORS1C3,LGS1,Amacrine,932,0.0,5079532,0.0,0.0,True
RAPSN,LGS1,Amacrine,932,1.0,5079532,0.19686853040791946,0.17970858796895964,True
RERE,LGS1,Amacrine,932,4904.0,5079532,965.4432731204371,6.8736226038275205,True
RIC8B,LGS1,Amacrine,932,368.0,5079532,72.44761919011437,4.296572488072953,True
RORA,LGS1,Amacrine,932,16604.0,5079532,3268.805078893095,8.092485653213425,True
RP11-123K19.1,LGS1,Amacrine,932,,5079532,,,False
RP11-136H19.1,LGS1,Amacrine,932,,5079532,,,False
RP11-149I2.4,LGS1,Amacrine,932,,5079532,,,False
RP11-162I7.1,LGS1,Amacrine,932,,5079532,,,False
RP11-17G12.2,LGS1,Amacrine,932,,5079532,,,False
RP11-205K6.1,LGS1,Amacrine,932,,5079532,,,False
RP11-217B7.2,LGS1,Amacrine,932,,5079532,,,False
RP11-259A24.1,LGS1,Amacrine,932,,5079532,,,False
RP11-259G18.1,LGS1,Amacrine,932,,5079532,,,False
RP11-259G18.3,LGS1,Amacrine,932,,5079532,,,False
RP11-293E1.1,LGS1,Amacrine,932,,5079532,,,False
RP11-293E1.2,LGS1,Amacrine,932,,5079532,,,False
RP11-302L19.3,LGS1,Amacrine,932,,5079532,,,False
RP11-403A3.3,LGS1,Amacrine,932,,5079532,,,False
RP11-412D9.4,LGS1,Amacrine,932,,5079532,,,False
RP11-507B12.1,LGS1,Amacrine,932,,5079532,,,False
RP11-507B12.2,LGS1,Amacrine,932,,5079532,,,False
RP11-669E14.6,LGS1,Amacrine,932,,5079532,,,False
RP11-707O23.1,LGS1,Amacrine,932,,5079532,,,False
RP11-750H9.5,LGS1,Amacrine,932,,5079532,,,False
RP11-755F10.1,LGS1,Amacrine,932,,5079532,,,False
RP11-762L8.6,LGS1,Amacrine,932,,5079532,,,False
RP11-770G2.2,LGS1,Amacrine,932,,5079532,,,False
RP11-798G7.6,LGS1,Amacrine,932,,5079532,,,False
RP11-798G7.8,LGS1,Amacrine,932,,5079532,,,False
RP5-1115A15.1,LGS1,Amacrine,932,,5079532,,,False
RPS26P8,LGS1,Amacrine,932,,5079532,,,False
SCRN2,LGS1,Amacrine,932,35.0,5079532,6.890398564277182,2.0656466486994507,True
SEMA3E,LGS1,Amacrine,932,150.0,5079532,29.53027956118792,3.4187189636386295,True
SEPT7,LGS1,Amacrine,932,,5079532,,,False
SF3A3,LGS1,Amacrine,932,94.0,5079532,18.50564185834443,2.9707037497919306,True
SFTA1P,LGS1,Amacrine,932,2.0,5079532,0.3937370608158389,0.3319886724636204,True
SGSM2,LGS1,Amacrine,932,119.0,5079532,23.427355118542415,3.195703615738736,True
SLC25A45,LGS1,Amacrine,932,24.0,5079532,4.7248447297900675,1.7448154276384613,True
SLC39A13,LGS1,Amacrine,932,60.0,5079532,11.812111824475169,2.5503909598133467,True
SMAD6,LGS1,Amacrine,932,4.0,5079532,0.7874741216316778,0.5808035180723754,True
SNORD14A,LGS1,Amacrine,932,,5079532,,,False
SSSCA1-AS1,LGS1,Amacrine,932,14.0,5079532,2.7561594257108726,1.3233970060551505,True
TARID,LGS1,Amacrine,932,13.0,5079532,2.559290895302953,1.2695613383109776,True
TBC1D31,LGS1,Amacrine,932,190.0,5079532,37.4050207775047,3.6481882004609063,True
TBKBP1,LGS1,Amacrine,932,33.0,5079532,6.496661503461342,2.014457788569397,True
TBPL1,LGS1,Amacrine,932,179.0,5079532,35.23946694301758,3.590148771988718,True
TGFB3,LGS1,Amacrine,932,8.0,5079532,1.5749482432633557,0.9458294342101465,True
THCAT158,LGS1,Amacrine,932,,5079532,,,False
THSD7A,LGS1,Amacrine,932,1316.0,5079532,259.078986016822,5.5609853772523605,True
TIGD3,LGS1,Amacrine,932,10.0,5079532,1.9686853040791947,1.0881191962531924,True
TMEM116,LGS1,Amacrine,932,190.0,5079532,37.4050207775047,3.6481882004609063,True
TMEM136,LGS1,Amacrine,932,,5079532,,,False
TMEM181,LGS1,Amacrine,932,269.0,5079532,52.95763467973034,3.9881991956814247,True
TMEM263,LGS1,Amacrine,932,153.0,5079532,30.120885152411677,3.43787914210658,True
TRIM26,LGS1,Amacrine,932,107.0,5079532,21.064932753647383,3.0939895950688894,True
TRIOBP,LGS1,Amacrine,932,104.0,5079532,20.474327162423624,3.0668581361768616,True
TSC22D2,LGS1,Amacrine,932,498.0,5079532,98.0405281431439,4.595529141546703,True
TTC28,LGS1,Amacrine,932,2519.0,5079532,495.9118280975491,6.208412602103494,True
TTLL5,LGS1,Amacrine,932,755.0,5079532,148.6357404579792,5.008203943811365,True
TXNDC8,LGS1,Amacrine,932,1.0,5079532,0.19686853040791946,0.17970858796895964,True
TXNRD2,LGS1,Amacrine,932,53.0,5079532,10.434032111619732,2.436594181270557,True
UTP11,LGS1,Amacrine,932,38.0,5079532,7.48100415550094,2.137828857357151,True
VARS2,LGS1,Amacrine,932,22.0,5079532,4.331107668974228,1.673559034405426,True
VCAM1,LGS1,Amacrine,932,0.0,5079532,0.0,0.0,True
WLS,LGS1,Amacrine,932,131.0,5079532,25.78977748343745,3.288020377565974,True
WNT2B,LGS1,Amacrine,932,32.0,5079532,6.299792973053423,1.9878459878965016,True
XRCC6P1,LGS1,Amacrine,932,,5079532,,,False
XXbac-BPG170G13.32,LGS1,Amacrine,932,,5079532,,,False
XXbac-BPG283O16.9,LGS1,Amacrine,932,,5079532,,,False
YAP1,LGS1,Amacrine,932,55.0,5079532,10.827769172435572,2.4704500864494126,True
YIF1A,LGS1,Amacrine,932,64.0,5079532,12.599585946106846,2.6100393471393413,True
ZNF280D,LGS1,Amacrine,932,1244.0,5079532,244.90445182745182,5.504943053277266,True
ZNF638,LGS1,Amacrine,932,3284.0,5079532,646.5162538596076,6.473143895744511,True
ZNF638-IT1,LGS1,Amacrine,932,,5079532,,,False
DGKG,LGS1,Horizontal,243,19.0,1679522,11.312742554131473,2.5106347061321053,True
SLC2A12,LGS1,Horizontal,243,2.0,1679522,1.1908150056980498,0.7842736233188204,True
COL8A2,LGS1,Horizontal,243,0.0,1679522,0.0,0.0,True
NPC2,LGS1,Horizontal,243,27.0,1679522,16.076002576923674,2.8376741198047974,True
PSMC3,LGS1,Horizontal,243,58.0,1679522,34.533635165243446,3.570479717358987,True
RP11-466F5.8,LGS1,Horizontal,243,,1679522,,,False
LPP,LGS1,Horizontal,243,135.0,1679522,80.38001288461837,4.399129700900128,True
RP11-121M22.1,LGS1,Horizontal,243,,1679522,,,False
ABO,LGS1,Horizontal,243,0.0,1679522,0.0,0.0,True
ADAMTS8,LGS1,Horizontal,243,0.0,1679522,0.0,0.0,True
CALD1,LGS1,Horizontal,243,135.0,1679522,80.38001288461837,4.399129700900128,True
CHEK2,LGS1,Horizontal,243,2.0,1679522,1.1908150056980498,0.7842736233188204,True
GAS7,LGS1,Horizontal,243,16.0,1679522,9.526520045584398,2.3538977915238526,True
LMX1B,LGS1,Horizontal,243,0.0,1679522,0.0,0.0,True
TCF12,LGS1,Horizontal,243,431.0,1679522,256.6206337279297,5.5514880908978785,True
TMCO1,LGS1,Horizontal,243,86.0,1679522,51.205045245016144,3.955179142421444,True
TRIB2,LGS1,Horizontal,243,63.0,1679522,37.51067267948857,3.6509354153317144,True
AC000078.5,LGS1,Horizontal,243,,1679522,,,False
AC002066.1,LGS1,Horizontal,243,1.0,1679522,0.5954075028490249,0.46712919128502794,True
AC012066.1,LGS1,Horizontal,243,,1679522,,,False
AC091132.1,LGS1,Horizontal,243,1.0,1679522,0.5954075028490249,0.46712919128502794,True
ACBD4,LGS1,Horizontal,243,17.0,1679522,10.121927548433423,2.4089186144871344,True
AFAP1,LGS1,Horizontal,243,23.0,1679522,13.694372565527573,2.687464601819323,True
ALDH2,LGS1,Horizontal,243,49.0,1679522,29.17496763960222,3.4070126945589014,True
AP003068.23,LGS1,Horizontal,243,,1679522,,,False
AP5B1,LGS1,Horizontal,243,4.0,1679522,2.3816300113960995,1.2183578451411925,True
AREL1,LGS1,Horizontal,243,43.0,1679522,25.602522622508072,3.281006046723692,True
ARHGAP27,LGS1,Horizontal,243,1.0,1679522,0.5954075028490249,0.46712919128502794,True
ARHGEF12,LGS1,Horizontal,243,559.0,1679522,332.8327940926049,5.810640251137222,True
ARL17A,LGS1,Horizontal,243,149.0,1679522,88.71571792450472,4.496645981412105,True
ATP5J,LGS1,Horizontal,243,,1679522,,,False
BICC1,LGS1,Horizontal,243,13.0,1679522,7.740297537037324,2.1679442322272715,True
BORA,LGS1,Horizontal,243,22.0,1679522,13.098965062678548,2.646101394880193,True
C1orf109,LGS1,Horizontal,243,16.0,1679522,9.526520045584398,2.3538977915238526,True
C1orf122,LGS1,Horizontal,243,95.0,1679522,56.56371277065737,4.05289238255636,True
C22orf29,LGS1,Horizontal,243,,1679522,,,False
C6orf15,LGS1,Horizontal,243,0.0,1679522,0.0,0.0,True
CADM1,LGS1,Horizontal,243,1735.0,1679522,1033.0320174430583,6.941221019234104,True
CADM2,LGS1,Horizontal,243,4709.0,1679522,2803.7739309160584,7.939078219670003,True
CAV2,LGS1,Horizontal,243,3.0,1679522,1.7862225085470746,1.02468673884004,True
CCDC117,LGS1,Horizontal,243,24.0,1679522,14.289780068376597,2.7271846358202927,True
CDC14A,LGS1,Horizontal,243,10.0,1679522,5.954075028490249,1.939327822784045,True
CDKN2A,LGS1,Horizontal,243,1.0,1679522,0.5954075028490249,0.46712919128502794,True
CDKN2B-AS1,LGS1,Horizontal,243,0.0,1679522,0.0,0.0,True
CELF1,LGS1,Horizontal,243,315.0,1679522,187.55336339744284,5.2393810617708985,True
CLIC5,LGS1,Horizontal,243,13.0,1679522,7.740297537037324,2.1679442322272715,True
CMB9-22P13.1,LGS1,Horizontal,243,,1679522,,,False
COL11A1,LGS1,Horizontal,243,5.0,1679522,2.9770375142451244,1.3805371989809454,True
CRHR1,LGS1,Horizontal,243,18.0,1679522,10.717335051282449,2.4610693735901825,True
CTA-292E10.6,LGS1,Horizontal,243,,1679522,,,False
CTB-39G8.3,LGS1,Horizontal,243,,1679522,,,False
CTD-2005H7.1,LGS1,Horizontal,243,,1679522,,,False
CTD-2020K17.1,LGS1,Horizontal,243,,1679522,,,False
CTD-2020K17.3,LGS1,Horizontal,243,,1679522,,,False
CTTNBP2,LGS1,Horizontal,243,395.0,1679522,235.18596362536485,5.4646194761946205,True
DDX39BP2,LGS1,Horizontal,243,,1679522,,,False
DIO1,LGS1,Horizontal,243,1.0,1679522,0.5954075028490249,0.46712919128502794,True
DND1P1,LGS1,Horizontal,243,,1679522,,,False
DYSF,LGS1,Horizontal,243,10.0,1679522,5.954075028490249,1.939327822784045,True
EFCAB13,LGS1,Horizontal,243,123.0,1679522,73.23512285043006,4.307237391956157,True
EFEMP1,LGS1,Horizontal,243,6.0,1679522,3.5724450170941493,1.520048076518219,True
EHBP1L1,LGS1,Horizontal,243,2.0,1679522,1.1908150056980498,0.7842736233188204,True
FAM215B,LGS1,Horizontal,243,12.0,1679522,7.144890034188299,2.097390740942402,True
FAM83A,LGS1,Horizontal,243,13.0,1679522,7.740297537037324,2.1679442322272715,True
FAM83A-AS1,LGS1,Horizontal,243,3.0,1679522,1.7862225085470746,1.02468673884004,True
FAM89B,LGS1,Horizontal,243,11.0,1679522,6.549482531339274,2.0214790220165755,True
FHL3,LGS1,Horizontal,243,0.0,1679522,0.0,0.0,True
FLOT1,LGS1,Horizontal,243,50.0,1679522,29.770375142451247,3.426552381084501,True
FLVCR2,LGS1,Horizontal,243,0.0,1679522,0.0,0.0,True
FMNL1,LGS1,Horizontal,243,3.0,1679522,1.7862225085470746,1.02468673884004,True
FNDC4,LGS1,Horizontal,243,0.0,1679522,0.0,0.0,True
GALR3,LGS1,Horizontal,243,0.0,1679522,0.0,0.0,True
GCAT,LGS1,Horizontal,243,10.0,1679522,5.954075028490249,1.939327822784045,True
GLIS1,LGS1,Horizontal,243,1.0,1679522,0.5954075028490249,0.46712919128502794,True
H1F0,LGS1,Horizontal,243,83.0,1679522,49.41882273646907,3.920364572349318,True
HCG4,LGS1,Horizontal,243,,1679522,,,False
HCG4B,LGS1,Horizontal,243,,1679522,,,False
HCG4P5,LGS1,Horizontal,243,,1679522,,,False
HCG4P7,LGS1,Horizontal,243,,1679522,,,False
HCG9,LGS1,Horizontal,243,0.0,1679522,0.0,0.0,True
HCP5B,LGS1,Horizontal,243,,1679522,,,False
HECTD4,LGS1,Horizontal,243,424.0,1679522,252.45278120798656,5.535177538257191,True
HLA-A,LGS1,Horizontal,243,96.0,1679522,57.15912027350639,4.063182707139517,True
HLA-C,LGS1,Horizontal,243,366.0,1679522,217.9191460427431,5.388702465494965,True
HLA-F,LGS1,Horizontal,243,10.0,1679522,5.954075028490249,1.939327822784045,True
HLA-F-AS1,LGS1,Horizontal,243,17.0,1679522,10.121927548433423,2.4089186144871344,True
HLA-G,LGS1,Horizontal,243,3.0,1679522,1.7862225085470746,1.02468673884004,True
HLA-H,LGS1,Horizontal,243,,1679522,,,False
HLA-J,LGS1,Horizontal,243,,1679522,,,False
HLA-L,LGS1,Horizontal,243,,1679522,,,False
HLA-T,LGS1,Horizontal,243,,1679522,,,False
HLA-U,LGS1,Horizontal,243,,1679522,,,False
HLA-V,LGS1,Horizontal,243,,1679522,,,False
HLA-W,LGS1,Horizontal,243,,1679522,,,False
HSCB,LGS1,Horizontal,243,11.0,1679522,6.549482531339274,2.0214790220165755,True
HTRA3,LGS1,Horizontal,243,0.0,1679522,0.0,0.0,True
IFITM4P,LGS1,Horizontal,243,,1679522,,,False
IFT172,LGS1,Horizontal,243,37.0,1679522,22.030077605413922,3.1368010835800173,True
INPP5B,LGS1,Horizontal,243,76.0,1679522,45.25097021652589,3.8340824413930203,True
ITGB3,LGS1,Horizontal,243,1.0,1679522,0.5954075028490249,0.46712919128502794,True
KANSL1,LGS1,Horizontal,243,582.0,1679522,346.5271666581325,5.850842839382626,True
KANSL1-AS1,LGS1,Horizontal,243,4.0,1679522,2.3816300113960995,1.2183578451411925,True
KHK,LGS1,Horizontal,243,5.0,1679522,2.9770375142451244,1.3805371989809454,True
KLF5,LGS1,Horizontal,243,21.0,1679522,12.503557559829522,2.602953173678645,True
KRT8P26,LGS1,Horizontal,243,,1679522,,,False
LHPP,LGS1,Horizontal,243,88.0,1679522,52.39586025071419,3.9777332195661903,True
LINC01948,LGS1,Horizontal,243,1.0,1679522,0.5954075028490249,0.46712919128502794,True
LINC02052,LGS1,Horizontal,243,0.0,1679522,0.0,0.0,True
LINC02210,LGS1,Horizontal,243,,1679522,,,False
LMO4,LGS1,Horizontal,243,121.0,1679522,72.04430784473202,4.291066213801777,True
LMO7,LGS1,Horizontal,243,37.0,1679522,22.030077605413922,3.1368010835800173,True
LOXL1,LGS1,Horizontal,243,0.0,1679522,0.0,0.0,True
LOXL1-AS1,LGS1,Horizontal,243,0.0,1679522,0.0,0.0,True
LRRC37A,LGS1,Horizontal,243,31.0,1679522,18.457632588319772,2.9682394140807795,True
LRRC37A17P,LGS1,Horizontal,243,,1679522,,,False
LRRC37A2,LGS1,Horizontal,243,133.0,1679522,79.18919787892031,4.384388816011961,True
LRRC37A4P,LGS1,Horizontal,243,,1679522,,,False
LRWD1,LGS1,Horizontal,243,1.0,1679522,0.5954075028490249,0.46712919128502794,True
LTBP2,LGS1,Horizontal,243,4.0,1679522,2.3816300113960995,1.2183578451411925,True
LTBP3,LGS1,Horizontal,243,25.0,1679522,14.885187571225623,2.7653870757238845,True
MADD,LGS1,Horizontal,243,262.0,1679522,155.99676574644454,5.056225204795001,True
MAPK8IP1P1,LGS1,Horizontal,243,,1679522,,,False
MAPK8IP1P2,LGS1,Horizontal,243,,1679522,,,False
MAPT,LGS1,Horizontal,243,846.0,1679522,503.71474741027504,6.2239934130704455,True
MAPT-AS1,LGS1,Horizontal,243,159.0,1679522,94.66979295299495,4.5609026055087325,True
MAPT-IT1,LGS1,Horizontal,243,30.0,1679522,17.862225085470747,2.937161249327491,True
ME3,LGS1,Horizontal,243,108.0,1679522,64.3040103076947,4.179053447990747,True
MICE,LGS1,Horizontal,243,,1679522,,,False
MOV10,LGS1,Horizontal,243,5.0,1679522,2.9770375142451244,1.3805371989809454,True
MRPL33,LGS1,Horizontal,243,100.0,1679522,59.540750284902494,4.103316696726267,True
MTCH2,LGS1,Horizontal,243,86.0,1679522,51.205045245016144,3.955179142421444,True
MVB12B,LGS1,Horizontal,243,161.0,1679522,95.86060795869301,4.573272913629895,True
Metazoa_SRP,LGS1,Horizontal,243,,1679522,,,False
NEAT1,LGS1,Horizontal,243,3165.0,1679522,1884.4647465171638,7.541929619370165,True
NMT1,LGS1,Horizontal,243,127.0,1679522,75.61675286182616,4.338815758601891,True
NPEPPS,LGS1,Horizontal,243,439.0,1679522,261.38389375072194,5.56980867466291,True
NRBP1,LGS1,Horizontal,243,49.0,1679522,29.17496763960222,3.4070126945589014,True
NSF,LGS1,Horizontal,243,275.0,1679522,163.73706328348186,5.104350646982242,True
NUCB2,LGS1,Horizontal,243,84.0,1679522,50.01423023931809,3.9321046181046397,True
NUDT7,LGS1,Horizontal,243,4.0,1679522,2.3816300113960995,1.2183578451411925,True
PDE6C,LGS1,Horizontal,243,17.0,1679522,10.121927548433423,2.4089186144871344,True
PGAM1P8,LGS1,Horizontal,243,,1679522,,,False
PIBF1,LGS1,Horizontal,243,187.0,1679522,111.34120303276765,4.72154069590192,True
PIGC,LGS1,Horizontal,243,17.0,1679522,10.121927548433423,2.4089186144871344,True
PKIB,LGS1,Horizontal,243,20.0,1679522,11.908150056980498,2.5578588992368405,True
PLCE1,LGS1,Horizontal,243,8.0,1679522,4.763260022792199,1.7515032907828907,True
PLCE1-AS1,LGS1,Horizontal,243,1.0,1679522,0.5954075028490249,0.46712919128502794,True
PLEKHA7,LGS1,Horizontal,243,56.0,1679522,33.3428201595454,3.536392976720042,True
PLEKHM1,LGS1,Horizontal,243,14.0,1679522,8.33570503988635,2.2338463006426514,True
PPP1R18,LGS1,Horizontal,243,4.0,1679522,2.3816300113960995,1.2183578451411925,True
PRKCE,LGS1,Horizontal,243,359.0,1679522,213.75129352279993,5.369480584235281,True
PROX2,LGS1,Horizontal,243,0.0,1679522,0.0,0.0,True
PRSS23,LGS1,Horizontal,243,9.0,1679522,5.358667525641224,1.849818846855072,True
PSORS1C3,LGS1,Horizontal,243,0.0,1679522,0.0,0.0,True
RAPSN,LGS1,Horizontal,243,1.0,1679522,0.5954075028490249,0.46712919128502794,True
RERE,LGS1,Horizontal,243,2024.0,1679522,1205.1047857664264,7.095151260549509,True
RIC8B,LGS1,Horizontal,243,87.0,1679522,51.800452747865165,3.9665197654456263,True
RORA,LGS1,Horizontal,243,7469.0,1679522,4447.098638779367,8.400232011669106,True
RP11-123K19.1,LGS1,Horizontal,243,,1679522,,,False
RP11-136H19.1,LGS1,Horizontal,243,,1679522,,,False
RP11-149I2.4,LGS1,Horizontal,243,,1679522,,,False
RP11-162I7.1,LGS1,Horizontal,243,,1679522,,,False
RP11-17G12.2,LGS1,Horizontal,243,,1679522,,,False
RP11-205K6.1,LGS1,Horizontal,243,,1679522,,,False
RP11-217B7.2,LGS1,Horizontal,243,,1679522,,,False
RP11-259A24.1,LGS1,Horizontal,243,,1679522,,,False
RP11-259G18.1,LGS1,Horizontal,243,,1679522,,,False
RP11-259G18.3,LGS1,Horizontal,243,,1679522,,,False
RP11-293E1.1,LGS1,Horizontal,243,,1679522,,,False
RP11-293E1.2,LGS1,Horizontal,243,,1679522,,,False
RP11-302L19.3,LGS1,Horizontal,243,,1679522,,,False
RP11-403A3.3,LGS1,Horizontal,243,,1679522,,,False
RP11-412D9.4,LGS1,Horizontal,243,,1679522,,,False
RP11-507B12.1,LGS1,Horizontal,243,,1679522,,,False
RP11-507B12.2,LGS1,Horizontal,243,,1679522,,,False
RP11-669E14.6,LGS1,Horizontal,243,,1679522,,,False
RP11-707O23.1,LGS1,Horizontal,243,,1679522,,,False
RP11-750H9.5,LGS1,Horizontal,243,,1679522,,,False
RP11-755F10.1,LGS1,Horizontal,243,,1679522,,,False
RP11-762L8.6,LGS1,Horizontal,243,,1679522,,,False
RP11-770G2.2,LGS1,Horizontal,243,,1679522,,,False
RP11-798G7.6,LGS1,Horizontal,243,,1679522,,,False
RP11-798G7.8,LGS1,Horizontal,243,,1679522,,,False
RP5-1115A15.1,LGS1,Horizontal,243,,1679522,,,False
RPS26P8,LGS1,Horizontal,243,,1679522,,,False
SCRN2,LGS1,Horizontal,243,16.0,1679522,9.526520045584398,2.3538977915238526,True
SEMA3E,LGS1,Horizontal,243,27.0,1679522,16.076002576923674,2.8376741198047974,True
SEPT7,LGS1,Horizontal,243,,1679522,,,False
SF3A3,LGS1,Horizontal,243,31.0,1679522,18.457632588319772,2.9682394140807795,True
SFTA1P,LGS1,Horizontal,243,0.0,1679522,0.0,0.0,True
SGSM2,LGS1,Horizontal,243,29.0,1679522,17.266817582621723,2.9050861670740886,True
SLC25A45,LGS1,Horizontal,243,5.0,1679522,2.9770375142451244,1.3805371989809454,True
SLC39A13,LGS1,Horizontal,243,20.0,1679522,11.908150056980498,2.5578588992368405,True
SMAD6,LGS1,Horizontal,243,0.0,1679522,0.0,0.0,True
SNORD14A,LGS1,Horizontal,243,,1679522,,,False
SSSCA1-AS1,LGS1,Horizontal,243,1.0,1679522,0.5954075028490249,0.46712919128502794,True
TARID,LGS1,Horizontal,243,0.0,1679522,0.0,0.0,True
TBC1D31,LGS1,Horizontal,243,75.0,1679522,44.655562713676865,3.8211254553384615,True
TBKBP1,LGS1,Horizontal,243,15.0,1679522,8.931112542735374,2.295672510324573,True
TBPL1,LGS1,Horizontal,243,42.0,1679522,25.007115119659044,3.2583701590322636,True
TGFB3,LGS1,Horizontal,243,1.0,1679522,0.5954075028490249,0.46712919128502794,True
THCAT158,LGS1,Horizontal,243,,1679522,,,False
THSD7A,LGS1,Horizontal,243,1122.0,1679522,668.047218196606,6.505854637901543,True
TIGD3,LGS1,Horizontal,243,2.0,1679522,1.1908150056980498,0.7842736233188204,True
TMEM116,LGS1,Horizontal,243,61.0,1679522,36.319857673790516,3.619525562300663,True
TMEM136,LGS1,Horizontal,243,,1679522,,,False
TMEM181,LGS1,Horizontal,243,165.0,1679522,98.2422379700891,4.597563709658497,True
TMEM263,LGS1,Horizontal,243,81.0,1679522,48.22800773077102,3.8964627243501977,True
TRIM26,LGS1,Horizontal,243,26.0,1679522,15.480595074074648,2.8021836326931693,True
TRIOBP,LGS1,Horizontal,243,79.0,1679522,47.03719272507297,3.87197555930684,True
TSC22D2,LGS1,Horizontal,243,158.0,1679522,94.07438545014594,4.554659589950634,True
TTC28,LGS1,Horizontal,243,420.0,1679522,250.07115119659045,5.52573636986425,True
TTLL5,LGS1,Horizontal,243,198.0,1679522,117.89068556410693,4.778204462227004,True
TXNDC8,LGS1,Horizontal,243,0.0,1679522,0.0,0.0,True
TXNRD2,LGS1,Horizontal,243,19.0,1679522,11.312742554131473,2.5106347061321053,True
UTP11,LGS1,Horizontal,243,18.0,1679522,10.717335051282449,2.4610693735901825,True
VARS2,LGS1,Horizontal,243,3.0,1679522,1.7862225085470746,1.02468673884004,True
VCAM1,LGS1,Horizontal,243,0.0,1679522,0.0,0.0,True
WLS,LGS1,Horizontal,243,59.0,1679522,35.12904266809247,3.587097047938655,True
WNT2B,LGS1,Horizontal,243,16.0,1679522,9.526520045584398,2.3538977915238526,True
XRCC6P1,LGS1,Horizontal,243,,1679522,,,False
XXbac-BPG170G13.32,LGS1,Horizontal,243,,1679522,,,False
XXbac-BPG283O16.9,LGS1,Horizontal,243,,1679522,,,False
YAP1,LGS1,Horizontal,243,2.0,1679522,1.1908150056980498,0.7842736233188204,True
YIF1A,LGS1,Horizontal,243,19.0,1679522,11.312742554131473,2.5106347061321053,True
ZNF280D,LGS1,Horizontal,243,327.0,1679522,194.69825343163114,5.2765739496388075,True
ZNF638,LGS1,Horizontal,243,1162.0,1679522,691.863518310567,6.540833036519235,True
ZNF638-IT1,LGS1,Horizontal,243,,1679522,,,False
DGKG,LGS1,RGC,46,39.0,773307,50.432751804910595,3.940275164186872,True
SLC2A12,LGS1,RGC,46,1.0,773307,1.2931474821771949,0.8299253202449286,True
COL8A2,LGS1,RGC,46,0.0,773307,0.0,0.0,True
NPC2,LGS1,RGC,46,13.0,773307,16.810917268303534,2.879811598968236,True
PSMC3,LGS1,RGC,46,17.0,773307,21.98350719701231,3.1347768803146976,True
RP11-466F5.8,LGS1,RGC,46,,773307,,,False
LPP,LGS1,RGC,46,241.0,773307,311.64854320470397,5.745079694494068,True
RP11-121M22.1,LGS1,RGC,46,,773307,,,False
ABO,LGS1,RGC,46,16.0,773307,20.690359714835118,3.07686790906434,True
ADAMTS8,LGS1,RGC,46,0.0,773307,0.0,0.0,True
CALD1,LGS1,RGC,46,61.0,773307,78.88199641280889,4.380550500884389,True
CHEK2,LGS1,RGC,46,6.0,773307,7.758884893063169,2.1700686015331407,True
GAS7,LGS1,RGC,46,3.0,773307,3.8794424465315847,1.5850309605777908,True
LMX1B,LGS1,RGC,46,0.0,773307,0.0,0.0,True
TCF12,LGS1,RGC,46,240.0,773307,310.35539572252674,5.740935011255102,True
TMCO1,LGS1,RGC,46,25.0,773307,32.32868705442987,3.5064184992374163,True
TRIB2,LGS1,RGC,46,8.0,773307,10.345179857417559,2.4287929715585475,True
AC000078.5,LGS1,RGC,46,,773307,,,False
AC002066.1,LGS1,RGC,46,6.0,773307,7.758884893063169,2.1700686015331407,True
AC012066.1,LGS1,RGC,46,,773307,,,False
AC091132.1,LGS1,RGC,46,0.0,773307,0.0,0.0,True
ACBD4,LGS1,RGC,46,8.0,773307,10.345179857417559,2.4287929715585475,True
AFAP1,LGS1,RGC,46,23.0,773307,29.74239209007548,3.4256425519363396,True
ALDH2,LGS1,RGC,46,29.0,773307,37.50127698313865,3.650691409136891,True
AP003068.23,LGS1,RGC,46,,773307,,,False
AP5B1,LGS1,RGC,46,2.0,773307,2.5862949643543898,1.2771196262214224,True
AREL1,LGS1,RGC,46,28.0,773307,36.208129500961455,3.6165272723758943,True
ARHGAP27,LGS1,RGC,46,3.0,773307,3.8794424465315847,1.5850309605777908,True
ARHGEF12,LGS1,RGC,46,288.0,773307,372.4264748670321,5.92272113075549,True
ARL17A,LGS1,RGC,46,71.0,773307,91.81347123458083,4.530591793422599,True
ATP5J,LGS1,RGC,46,,773307,,,False
BICC1,LGS1,RGC,46,71.0,773307,91.81347123458083,4.530591793422599,True
BORA,LGS1,RGC,46,9.0,773307,11.638327339594753,2.536734049233965,True
C1orf109,LGS1,RGC,46,8.0,773307,10.345179857417559,2.4287929715585475,True
C1orf122,LGS1,RGC,46,24.0,773307,31.035539572252677,3.4668458981597743,True
C22orf29,LGS1,RGC,46,,773307,,,False
C6orf15,LGS1,RGC,46,0.0,773307,0.0,0.0,True
CADM1,LGS1,RGC,46,1002.0,773307,1295.7337771415491,7.167603902755374,True
CADM2,LGS1,RGC,46,1944.0,773307,2513.8787053524666,7.829979852882723,True
CAV2,LGS1,RGC,46,8.0,773307,10.345179857417559,2.4287929715585475,True
CCDC117,LGS1,RGC,46,6.0,773307,7.758884893063169,2.1700686015331407,True
CDC14A,LGS1,RGC,46,5.0,773307,6.465737410885974,2.0103242085486555,True
CDKN2A,LGS1,RGC,46,0.0,773307,0.0,0.0,True
CDKN2B-AS1,LGS1,RGC,46,2.0,773307,2.5862949643543898,1.2771196262214224,True
CELF1,LGS1,RGC,46,134.0,773307,173.2817626117441,5.160673314875767,True
CLIC5,LGS1,RGC,46,15.0,773307,19.39721223265792,3.015398236250123,True
CMB9-22P13.1,LGS1,RGC,46,,773307,,,False
COL11A1,LGS1,RGC,46,8.0,773307,10.345179857417559,2.4287929715585475,True
CRHR1,LGS1,RGC,46,6.0,773307,7.758884893063169,2.1700686015331407,True
CTA-292E10.6,LGS1,RGC,46,,773307,,,False
CTB-39G8.3,LGS1,RGC,46,,773307,,,False
CTD-2005H7.1,LGS1,RGC,46,,773307,,,False
CTD-2020K17.1,LGS1,RGC,46,,773307,,,False
CTD-2020K17.3,LGS1,RGC,46,,773307,,,False
CTTNBP2,LGS1,RGC,46,137.0,773307,177.1612050582757,5.18268878683663,True
DDX39BP2,LGS1,RGC,46,,773307,,,False
DIO1,LGS1,RGC,46,4.0,773307,5.1725899287087795,1.8201185113831981,True
DND1P1,LGS1,RGC,46,,773307,,,False
DYSF,LGS1,RGC,46,41.0,773307,53.01904676926499,3.9893367023232735,True
EFCAB13,LGS1,RGC,46,20.0,773307,25.862949643543896,3.2907480005365475,True
EFEMP1,LGS1,RGC,46,0.0,773307,0.0,0.0,True
EHBP1L1,LGS1,RGC,46,0.0,773307,0.0,0.0,True
FAM215B,LGS1,RGC,46,8.0,773307,10.345179857417559,2.4287929715585475,True
FAM83A,LGS1,RGC,46,1.0,773307,1.2931474821771949,0.8299253202449286,True
FAM83A-AS1,LGS1,RGC,46,0.0,773307,0.0,0.0,True
FAM89B,LGS1,RGC,46,7.0,773307,9.052032375240364,2.30777484045216,True
FHL3,LGS1,RGC,46,1.0,773307,1.2931474821771949,0.8299253202449286,True
FLOT1,LGS1,RGC,46,42.0,773307,54.312194251442186,4.012993395095329,True
FLVCR2,LGS1,RGC,46,0.0,773307,0.0,0.0,True
FMNL1,LGS1,RGC,46,5.0,773307,6.465737410885974,2.0103242085486555,True
FNDC4,LGS1,RGC,46,7.0,773307,9.052032375240364,2.30777484045216,True
GALR3,LGS1,RGC,46,0.0,773307,0.0,0.0,True
GCAT,LGS1,RGC,46,7.0,773307,9.052032375240364,2.30777484045216,True
GLIS1,LGS1,RGC,46,6.0,773307,7.758884893063169,2.1700686015331407,True
H1F0,LGS1,RGC,46,4.0,773307,5.1725899287087795,1.8201185113831981,True
HCG4,LGS1,RGC,46,,773307,,,False
HCG4B,LGS1,RGC,46,,773307,,,False
HCG4P5,LGS1,RGC,46,,773307,,,False
HCG4P7,LGS1,RGC,46,,773307,,,False
HCG9,LGS1,RGC,46,2.0,773307,2.5862949643543898,1.2771196262214224,True
HCP5B,LGS1,RGC,46,,773307,,,False
HECTD4,LGS1,RGC,46,218.0,773307,281.90615111462847,5.645115221141588,True
HLA-A,LGS1,RGC,46,23.0,773307,29.74239209007548,3.4256425519363396,True
HLA-C,LGS1,RGC,46,17.0,773307,21.98350719701231,3.1347768803146976,True
HLA-F,LGS1,RGC,46,16.0,773307,20.690359714835118,3.07686790906434,True
HLA-F-AS1,LGS1,RGC,46,24.0,773307,31.035539572252677,3.4668458981597743,True
HLA-G,LGS1,RGC,46,1.0,773307,1.2931474821771949,0.8299253202449286,True
HLA-H,LGS1,RGC,46,,773307,,,False
HLA-J,LGS1,RGC,46,,773307,,,False
HLA-L,LGS1,RGC,46,,773307,,,False
HLA-T,LGS1,RGC,46,,773307,,,False
HLA-U,LGS1,RGC,46,,773307,,,False
HLA-V,LGS1,RGC,46,,773307,,,False
HLA-W,LGS1,RGC,46,,773307,,,False
HSCB,LGS1,RGC,46,8.0,773307,10.345179857417559,2.4287929715585475,True
HTRA3,LGS1,RGC,46,0.0,773307,0.0,0.0,True
IFITM4P,LGS1,RGC,46,,773307,,,False
IFT172,LGS1,RGC,46,50.0,773307,64.65737410885974,4.184449919023655,True
INPP5B,LGS1,RGC,46,67.0,773307,86.64088130587206,4.47324757065425,True
ITGB3,LGS1,RGC,46,0.0,773307,0.0,0.0,True
KANSL1,LGS1,RGC,46,294.0,773307,380.18535976009525,5.943285765376464,True
KANSL1-AS1,LGS1,RGC,46,1.0,773307,1.2931474821771949,0.8299253202449286,True
KHK,LGS1,RGC,46,6.0,773307,7.758884893063169,2.1700686015331407,True
KLF5,LGS1,RGC,46,1.0,773307,1.2931474821771949,0.8299253202449286,True
KRT8P26,LGS1,RGC,46,,773307,,,False
LHPP,LGS1,RGC,46,36.0,773307,46.55330935837901,3.8618513840118602,True
LINC01948,LGS1,RGC,46,19.0,773307,24.569802161366702,3.241412052134591,True
LINC02052,LGS1,RGC,46,0.0,773307,0.0,0.0,True
LINC02210,LGS1,RGC,46,,773307,,,False
LMO4,LGS1,RGC,46,19.0,773307,24.569802161366702,3.241412052134591,True
LMO7,LGS1,RGC,46,57.0,773307,73.7094064841001,4.3136060076930045,True
LOXL1,LGS1,RGC,46,0.0,773307,0.0,0.0,True
LOXL1-AS1,LGS1,RGC,46,1.0,773307,1.2931474821771949,0.8299253202449286,True
LRRC37A,LGS1,RGC,46,12.0,773307,15.517769786126339,2.8044367581395884,True
LRRC37A17P,LGS1,RGC,46,,773307,,,False
LRRC37A2,LGS1,RGC,46,75.0,773307,96.9860611632896,4.584825235526838,True
LRRC37A4P,LGS1,RGC,46,,773307,,,False
LRWD1,LGS1,RGC,46,2.0,773307,2.5862949643543898,1.2771196262214224,True
LTBP2,LGS1,RGC,46,6.0,773307,7.758884893063169,2.1700686015331407,True
LTBP3,LGS1,RGC,46,11.0,773307,14.224622303949143,2.7229140056658587,True
MADD,LGS1,RGC,46,41.0,773307,53.01904676926499,3.9893367023232735,True
MAPK8IP1P1,LGS1,RGC,46,,773307,,,False
MAPK8IP1P2,LGS1,RGC,46,,773307,,,False
MAPT,LGS1,RGC,46,286.0,773307,369.84017990267773,5.915771187860759,True
MAPT-AS1,LGS1,RGC,46,5.0,773307,6.465737410885974,2.0103242085486555,True
MAPT-IT1,LGS1,RGC,46,4.0,773307,5.1725899287087795,1.8201185113831981,True
ME3,LGS1,RGC,46,49.0,773307,63.364226626682544,4.1645579916068405,True
MICE,LGS1,RGC,46,,773307,,,False
MOV10,LGS1,RGC,46,2.0,773307,2.5862949643543898,1.2771196262214224,True
MRPL33,LGS1,RGC,46,30.0,773307,38.79442446531584,3.6837268136658783,True
MTCH2,LGS1,RGC,46,35.0,773307,45.26016187620182,3.8342811560665573,True
MVB12B,LGS1,RGC,46,65.0,773307,84.05458634151766,4.44329324262626,True
Metazoa_SRP,LGS1,RGC,46,,773307,,,False
NEAT1,LGS1,RGC,46,2468.0,773307,3191.487986013317,8.068555824708797,True
NMT1,LGS1,RGC,46,34.0,773307,43.96701439402462,3.8059292075184725,True
NPEPPS,LGS1,RGC,46,253.0,773307,327.1663129908303,5.793520531678129,True
NRBP1,LGS1,RGC,46,17.0,773307,21.98350719701231,3.1347768803146976,True
NSF,LGS1,RGC,46,159.0,773307,205.610449666174,5.330835134623171,True
NUCB2,LGS1,RGC,46,29.0,773307,37.50127698313865,3.650691409136891,True
NUDT7,LGS1,RGC,46,3.0,773307,3.8794424465315847,1.5850309605777908,True
PDE6C,LGS1,RGC,46,3.0,773307,3.8794424465315847,1.5850309605777908,True
PGAM1P8,LGS1,RGC,46,,773307,,,False
PIBF1,LGS1,RGC,46,117.0,773307,151.29825541473178,5.025840804909255,True
PIGC,LGS1,RGC,46,24.0,773307,31.035539572252677,3.4668458981597743,True
PKIB,LGS1,RGC,46,169.0,773307,218.54192448794592,5.391543214222143,True
PLCE1,LGS1,RGC,46,18.0,773307,23.276654679189505,3.189515175775632,True
PLCE1-AS1,LGS1,RGC,46,1.0,773307,1.2931474821771949,0.8299253202449286,True
PLEKHA7,LGS1,RGC,46,8.0,773307,10.345179857417559,2.4287929715585475,True
PLEKHM1,LGS1,RGC,46,14.0,773307,18.104064750480727,2.9499011265721573,True
PPP1R18,LGS1,RGC,46,1.0,773307,1.2931474821771949,0.8299253202449286,True
PRKCE,LGS1,RGC,46,325.0,773307,420.2729317075883,6.04328091747296,True
PROX2,LGS1,RGC,46,0.0,773307,0.0,0.0,True
PRSS23,LGS1,RGC,46,7.0,773307,9.052032375240364,2.30777484045216,True
PSORS1C3,LGS1,RGC,46,0.0,773307,0.0,0.0,True
RAPSN,LGS1,RGC,46,0.0,773307,0.0,0.0,True
RERE,LGS1,RGC,46,446.0,773307,576.7437770510289,6.359130478090042,True
RIC8B,LGS1,RGC,46,44.0,773307,56.89848921579657,4.058691291247098,True
RORA,LGS1,RGC,46,2132.0,773307,2756.9904320017795,7.922257589167309,True
RP11-123K19.1,LGS1,RGC,46,,773307,,,False
RP11-136H19.1,LGS1,RGC,46,,773307,,,False
RP11-149I2.4,LGS1,RGC,46,,773307,,,False
RP11-162I7.1,LGS1,RGC,46,,773307,,,False
RP11-17G12.2,LGS1,RGC,46,,773307,,,False
RP11-205K6.1,LGS1,RGC,46,,773307,,,False
RP11-217B7.2,LGS1,RGC,46,,773307,,,False
RP11-259A24.1,LGS1,RGC,46,,773307,,,False
RP11-259G18.1,LGS1,RGC,46,,773307,,,False
RP11-259G18.3,LGS1,RGC,46,,773307,,,False
RP11-293E1.1,LGS1,RGC,46,,773307,,,False
RP11-293E1.2,LGS1,RGC,46,,773307,,,False
RP11-302L19.3,LGS1,RGC,46,,773307,,,False
RP11-403A3.3,LGS1,RGC,46,,773307,,,False
RP11-412D9.4,LGS1,RGC,46,,773307,,,False
RP11-507B12.1,LGS1,RGC,46,,773307,,,False
RP11-507B12.2,LGS1,RGC,46,,773307,,,False
RP11-669E14.6,LGS1,RGC,46,,773307,,,False
RP11-707O23.1,LGS1,RGC,46,,773307,,,False
RP11-750H9.5,LGS1,RGC,46,,773307,,,False
RP11-755F10.1,LGS1,RGC,46,,773307,,,False
RP11-762L8.6,LGS1,RGC,46,,773307,,,False
RP11-770G2.2,LGS1,RGC,46,,773307,,,False
RP11-798G7.6,LGS1,RGC,46,,773307,,,False
RP11-798G7.8,LGS1,RGC,46,,773307,,,False
RP5-1115A15.1,LGS1,RGC,46,,773307,,,False
RPS26P8,LGS1,RGC,46,,773307,,,False
SCRN2,LGS1,RGC,46,8.0,773307,10.345179857417559,2.4287929715585475,True
SEMA3E,LGS1,RGC,46,51.0,773307,65.95052159103693,4.203953862861679,True
SEPT7,LGS1,RGC,46,,773307,,,False
SF3A3,LGS1,RGC,46,16.0,773307,20.690359714835118,3.07686790906434,True
SFTA1P,LGS1,RGC,46,0.0,773307,0.0,0.0,True
SGSM2,LGS1,RGC,46,22.0,773307,28.449244607898287,3.3826682597821534,True
SLC25A45,LGS1,RGC,46,0.0,773307,0.0,0.0,True
SLC39A13,LGS1,RGC,46,6.0,773307,7.758884893063169,2.1700686015331407,True
SMAD6,LGS1,RGC,46,0.0,773307,0.0,0.0,True
SNORD14A,LGS1,RGC,46,,773307,,,False
SSSCA1-AS1,LGS1,RGC,46,1.0,773307,1.2931474821771949,0.8299253202449286,True
TARID,LGS1,RGC,46,1.0,773307,1.2931474821771949,0.8299253202449286,True
TBC1D31,LGS1,RGC,46,31.0,773307,40.08757194749304,3.7157056900686474,True
TBKBP1,LGS1,RGC,46,3.0,773307,3.8794424465315847,1.5850309605777908,True
TBPL1,LGS1,RGC,46,26.0,773307,33.62183453660707,3.544484539002891,True
TGFB3,LGS1,RGC,46,1.0,773307,1.2931474821771949,0.8299253202449286,True
THCAT158,LGS1,RGC,46,,773307,,,False
THSD7A,LGS1,RGC,46,118.0,773307,152.591402896909,5.034295848423904,True
TIGD3,LGS1,RGC,46,0.0,773307,0.0,0.0,True
TMEM116,LGS1,RGC,46,24.0,773307,31.035539572252677,3.4668458981597743,True
TMEM136,LGS1,RGC,46,,773307,,,False
TMEM181,LGS1,RGC,46,50.0,773307,64.65737410885974,4.184449919023655,True
TMEM263,LGS1,RGC,46,18.0,773307,23.276654679189505,3.189515175775632,True
TRIM26,LGS1,RGC,46,25.0,773307,32.32868705442987,3.5064184992374163,True
TRIOBP,LGS1,RGC,46,39.0,773307,50.432751804910595,3.940275164186872,True
TSC22D2,LGS1,RGC,46,58.0,773307,75.0025539662773,4.33076694454114,True
TTC28,LGS1,RGC,46,205.0,773307,265.09523384632496,5.583854266685789,True
TTLL5,LGS1,RGC,46,126.0,773307,162.93658275432654,5.09947966251774,True
TXNDC8,LGS1,RGC,46,0.0,773307,0.0,0.0,True
TXNRD2,LGS1,RGC,46,6.0,773307,7.758884893063169,2.1700686015331407,True
UTP11,LGS1,RGC,46,6.0,773307,7.758884893063169,2.1700686015331407,True
VARS2,LGS1,RGC,46,1.0,773307,1.2931474821771949,0.8299253202449286,True
VCAM1,LGS1,RGC,46,0.0,773307,0.0,0.0,True
WLS,LGS1,RGC,46,21.0,773307,27.156097125721093,3.3377639252967297,True
WNT2B,LGS1,RGC,46,4.0,773307,5.1725899287087795,1.8201185113831981,True
XRCC6P1,LGS1,RGC,46,,773307,,,False
XXbac-BPG170G13.32,LGS1,RGC,46,,773307,,,False
XXbac-BPG283O16.9,LGS1,RGC,46,,773307,,,False
YAP1,LGS1,RGC,46,1.0,773307,1.2931474821771949,0.8299253202449286,True
YIF1A,LGS1,RGC,46,18.0,773307,23.276654679189505,3.189515175775632,True
ZNF280D,LGS1,RGC,46,122.0,773307,157.76399282561778,5.067418777671785,True
ZNF638,LGS1,RGC,46,436.0,773307,563.8123022292569,6.336493467509198,True
ZNF638-IT1,LGS1,RGC,46,,773307,,,False
DGKG,LGS1,Muller glia,944,192.0,4705319,40.80488485477818,3.7330131952573162,True
SLC2A12,LGS1,Muller glia,944,63.0,4705319,13.38910284297409,2.6664711730887074,True
COL8A2,LGS1,Muller glia,944,2.0,4705319,0.42505088390393936,0.35420752108586273,True
NPC2,LGS1,Muller glia,944,133.0,4705319,28.26588377961197,3.3764224614880165,True
PSMC3,LGS1,Muller glia,944,43.0,4705319,9.138594003934696,2.3163493301599907,True
RP11-466F5.8,LGS1,Muller glia,944,,4705319,,,False
LPP,LGS1,Muller glia,944,1644.0,4705319,349.39182656903813,5.859052032788577,True
RP11-121M22.1,LGS1,Muller glia,944,,4705319,,,False
ABO,LGS1,Muller glia,944,0.0,4705319,0.0,0.0,True
ADAMTS8,LGS1,Muller glia,944,7.0,4705319,1.4876780936637877,0.9113497829305081,True
CALD1,LGS1,Muller glia,944,2232.0,4705319,474.3567864367963,6.164065651418803,True
CHEK2,LGS1,Muller glia,944,10.0,4705319,2.1252544195196967,1.1395156941207079,True
GAS7,LGS1,Muller glia,944,327.0,4705319,69.49581951829408,4.255553410447201,True
LMX1B,LGS1,Muller glia,944,1.0,4705319,0.21252544195196968,0.1927053266625309,True
TCF12,LGS1,Muller glia,944,2456.0,4705319,521.9624854340375,6.259509731920604,True
TMCO1,LGS1,Muller glia,944,182.0,4705319,38.67963043525848,3.6808379687457413,True
TRIB2,LGS1,Muller glia,944,1254.0,4705319,266.50690420777,5.58914537612549,True
AC000078.5,LGS1,Muller glia,944,,4705319,,,False
AC002066.1,LGS1,Muller glia,944,102.0,4705319,21.677595079100907,3.1213774361605435,True
AC012066.1,LGS1,Muller glia,944,,4705319,,,False
AC091132.1,LGS1,Muller glia,944,0.0,4705319,0.0,0.0,True
ACBD4,LGS1,Muller glia,944,41.0,4705319,8.713543120030756,2.2735211096725925,True
AFAP1,LGS1,Muller glia,944,329.0,4705319,69.92087040219802,4.261564754145331,True
ALDH2,LGS1,Muller glia,944,152.0,4705319,32.30386717669939,3.5056735216760795,True
AP003068.23,LGS1,Muller glia,944,,4705319,,,False
AP5B1,LGS1,Muller glia,944,12.0,4705319,2.5503053034236363,1.267033600753858,True
AREL1,LGS1,Muller glia,944,110.0,4705319,23.377798614716664,3.1936728252559123,True
ARHGAP27,LGS1,Muller glia,944,8.0,4705319,1.7002035356157574,0.9933271537304772,True
ARHGEF12,LGS1,Muller glia,944,1593.0,4705319,338.5530290294877,5.8276301322371005,True
ARL17A,LGS1,Muller glia,944,405.0,4705319,86.07280399054771,4.466744596187246,True
ATP5J,LGS1,Muller glia,944,,4705319,,,False
BICC1,LGS1,Muller glia,944,500.0,4705319,106.26272097598483,4.67528116127315,True
BORA,LGS1,Muller glia,944,35.0,4705319,7.438390468318938,2.1327915876159604,True
C1orf109,LGS1,Muller glia,944,9.0,4705319,1.912728977567727,1.0690904347088888,True
C1orf122,LGS1,Muller glia,944,82.0,4705319,17.427086240061513,2.91382166043411,True
C22orf29,LGS1,Muller glia,944,,4705319,,,False
C6orf15,LGS1,Muller glia,944,0.0,4705319,0.0,0.0,True
CADM1,LGS1,Muller glia,944,14754.0,4705319,3135.6003705593607,8.050894807840775,True
CADM2,LGS1,Muller glia,944,12322.0,4705319,2618.73849573217,7.870829780984466,True
CAV2,LGS1,Muller glia,944,131.0,4705319,27.840832895708026,3.3617921918786515,True
CCDC117,LGS1,Muller glia,944,33.0,4705319,7.013339584414999,2.0811076010836596,True
CDC14A,LGS1,Muller glia,944,1173.0,4705319,249.29234340966042,5.522629608316081,True
CDKN2A,LGS1,Muller glia,944,10.0,4705319,2.1252544195196967,1.1395156941207079,True
CDKN2B-AS1,LGS1,Muller glia,944,22.0,4705319,4.6755597229433326,1.7361691880974266,True
CELF1,LGS1,Muller glia,944,575.0,4705319,122.20212912238256,4.8138263327876105,True
CLIC5,LGS1,Muller glia,944,899.0,4705319,191.06037231482074,5.257809761741847,True
CMB9-22P13.1,LGS1,Muller glia,944,,4705319,,,False
COL11A1,LGS1,Muller glia,944,1761.0,4705319,374.2573032774186,5.927611932755676,True
CRHR1,LGS1,Muller glia,944,4.0,4705319,0.8501017678078787,0.6152406472031399,True
CTA-292E10.6,LGS1,Muller glia,944,,4705319,,,False
CTB-39G8.3,LGS1,Muller glia,944,,4705319,,,False
CTD-2005H7.1,LGS1,Muller glia,944,,4705319,,,False
CTD-2020K17.1,LGS1,Muller glia,944,,4705319,,,False
CTD-2020K17.3,LGS1,Muller glia,944,,4705319,,,False
CTTNBP2,LGS1,Muller glia,944,1048.0,4705319,222.7266631656642,5.410425053014535,True
DDX39BP2,LGS1,Muller glia,944,,4705319,,,False
DIO1,LGS1,Muller glia,944,4.0,4705319,0.8501017678078787,0.6152406472031399,True
DND1P1,LGS1,Muller glia,944,,4705319,,,False
DYSF,LGS1,Muller glia,944,29.0,4705319,6.16323781660712,1.9689620877802088,True
EFCAB13,LGS1,Muller glia,944,272.0,4705319,57.80692021093575,4.074259538641751,True
EFEMP1,LGS1,Muller glia,944,350.0,4705319,74.38390468318939,4.322593786486663,True
EHBP1L1,LGS1,Muller glia,944,3.0,4705319,0.6375763258559091,0.49321729865071673,True
FAM215B,LGS1,Muller glia,944,48.0,4705319,10.201221213694545,2.4160228092939673,True
FAM83A,LGS1,Muller glia,944,1.0,4705319,0.21252544195196968,0.1927053266625309,True
FAM83A-AS1,LGS1,Muller glia,944,0.0,4705319,0.0,0.0,True
FAM89B,LGS1,Muller glia,944,11.0,4705319,2.3377798614716663,1.2053058738353186,True
FHL3,LGS1,Muller glia,944,5.0,4705319,1.0626272097598484,0.7239805147840431,True
FLOT1,LGS1,Muller glia,944,225.0,4705319,47.81822443919318,3.8881036947662118,True
FLVCR2,LGS1,Muller glia,944,19.0,4705319,4.037983397087424,1.6170058823885498,True
FMNL1,LGS1,Muller glia,944,9.0,4705319,1.912728977567727,1.0690904347088888,True
FNDC4,LGS1,Muller glia,944,21.0,4705319,4.463034280991363,1.6980043645158696,True
GALR3,LGS1,Muller glia,944,0.0,4705319,0.0,0.0,True
GCAT,LGS1,Muller glia,944,41.0,4705319,8.713543120030756,2.2735211096725925,True
GLIS1,LGS1,Muller glia,944,2.0,4705319,0.42505088390393936,0.35420752108586273,True
H1F0,LGS1,Muller glia,944,61.0,4705319,12.96405195907015,2.636486310166127,True
HCG4,LGS1,Muller glia,944,,4705319,,,False
HCG4B,LGS1,Muller glia,944,,4705319,,,False
HCG4P5,LGS1,Muller glia,944,,4705319,,,False
HCG4P7,LGS1,Muller glia,944,,4705319,,,False
HCG9,LGS1,Muller glia,944,5.0,4705319,1.0626272097598484,0.7239805147840431,True
HCP5B,LGS1,Muller glia,944,,4705319,,,False
HECTD4,LGS1,Muller glia,944,810.0,4705319,172.14560798109542,5.154132905127333,True
HLA-A,LGS1,Muller glia,944,199.0,4705319,42.29256294844197,3.7679808638696053,True
HLA-C,LGS1,Muller glia,944,253.0,4705319,53.76893681384833,4.003123186773154,True
HLA-F,LGS1,Muller glia,944,57.0,4705319,12.113950191262271,2.57367656369957,True
HLA-F-AS1,LGS1,Muller glia,944,53.0,4705319,11.263848423454393,2.5066557820226834,True
HLA-G,LGS1,Muller glia,944,1.0,4705319,0.21252544195196968,0.1927053266625309,True
HLA-H,LGS1,Muller glia,944,,4705319,,,False
HLA-J,LGS1,Muller glia,944,,4705319,,,False
HLA-L,LGS1,Muller glia,944,,4705319,,,False
HLA-T,LGS1,Muller glia,944,,4705319,,,False
HLA-U,LGS1,Muller glia,944,,4705319,,,False
HLA-V,LGS1,Muller glia,944,,4705319,,,False
HLA-W,LGS1,Muller glia,944,,4705319,,,False
HSCB,LGS1,Muller glia,944,122.0,4705319,25.9281039181403,3.2931704965519777,True
HTRA3,LGS1,Muller glia,944,1.0,4705319,0.21252544195196968,0.1927053266625309,True
IFITM4P,LGS1,Muller glia,944,,4705319,,,False
IFT172,LGS1,Muller glia,944,303.0,4705319,64.39520891144682,4.180448997544879,True
INPP5B,LGS1,Muller glia,944,151.0,4705319,32.091341734747424,3.499271669154609,True
ITGB3,LGS1,Muller glia,944,10.0,4705319,2.1252544195196967,1.1395156941207079,True
KANSL1,LGS1,Muller glia,944,1749.0,4705319,371.706997973995,5.920792582735005,True
KANSL1-AS1,LGS1,Muller glia,944,13.0,4705319,2.762830745375606,1.3251715319591797,True
KHK,LGS1,Muller glia,944,5.0,4705319,1.0626272097598484,0.7239805147840431,True
KLF5,LGS1,Muller glia,944,1.0,4705319,0.21252544195196968,0.1927053266625309,True
KRT8P26,LGS1,Muller glia,944,,4705319,,,False
LHPP,LGS1,Muller glia,944,85.0,4705319,18.064662565917423,2.9478364940140245,True
LINC01948,LGS1,Muller glia,944,19.0,4705319,4.037983397087424,1.6170058823885498,True
LINC02052,LGS1,Muller glia,944,0.0,4705319,0.0,0.0,True
LINC02210,LGS1,Muller glia,944,,4705319,,,False
LMO4,LGS1,Muller glia,944,75.0,4705319,15.939408146397726,2.829642750384376,True
LMO7,LGS1,Muller glia,944,106.0,4705319,22.527696846908785,3.158178316389221,True
LOXL1,LGS1,Muller glia,944,15.0,4705319,3.1878816292795453,1.4321950283489502,True
LOXL1-AS1,LGS1,Muller glia,944,4.0,4705319,0.8501017678078787,0.6152406472031399,True
LRRC37A,LGS1,Muller glia,944,51.0,4705319,10.838797539550454,2.4713820651387888,True
LRRC37A17P,LGS1,Muller glia,944,,4705319,,,False
LRRC37A2,LGS1,Muller glia,944,322.0,4705319,68.43319230853423,4.240365028514674,True
LRRC37A4P,LGS1,Muller glia,944,,4705319,,,False
LRWD1,LGS1,Muller glia,944,7.0,4705319,1.4876780936637877,0.9113497829305081,True
LTBP2,LGS1,Muller glia,944,18.0,4705319,3.825457955135454,1.5739056432684384,True
LTBP3,LGS1,Muller glia,944,127.0,4705319,26.990731127900148,3.331873424225876,True
MADD,LGS1,Muller glia,944,178.0,4705319,37.8295286674506,3.6591810053091174,True
MAPK8IP1P1,LGS1,Muller glia,944,,4705319,,,False
MAPK8IP1P2,LGS1,Muller glia,944,,4705319,,,False
MAPT,LGS1,Muller glia,944,1286.0,4705319,273.307718350233,5.6142505359007,True
MAPT-AS1,LGS1,Muller glia,944,165.0,4705319,35.066697922074994,3.5853699443448663,True
MAPT-IT1,LGS1,Muller glia,944,24.0,4705319,5.1006106068472725,1.808388865652806,True
ME3,LGS1,Muller glia,944,86.0,4705319,18.27718800786939,2.9589224283309794,True
MICE,LGS1,Muller glia,944,,4705319,,,False
MOV10,LGS1,Muller glia,944,225.0,4705319,47.81822443919318,3.8881036947662118,True
MRPL33,LGS1,Muller glia,944,225.0,4705319,47.81822443919318,3.8881036947662118,True
MTCH2,LGS1,Muller glia,944,201.0,4705319,42.717613832345904,3.7777510834187433,True
MVB12B,LGS1,Muller glia,944,235.0,4705319,49.94347885871287,3.930716760480384,True
Metazoa_SRP,LGS1,Muller glia,944,,4705319,,,False
NEAT1,LGS1,Muller glia,944,24258.0,4705319,5155.442170870881,8.548002118890732,True
NMT1,LGS1,Muller glia,944,196.0,4705319,41.65498662258606,3.7531441867417143,True
NPEPPS,LGS1,Muller glia,944,1037.0,4705319,220.38888330419255,5.39992080810242,True
NRBP1,LGS1,Muller glia,944,75.0,4705319,15.939408146397726,2.829642750384376,True
NSF,LGS1,Muller glia,944,355.0,4705319,75.44653189294924,4.336591566963464,True
NUCB2,LGS1,Muller glia,944,251.0,4705319,53.34388592994439,3.9953321128500026,True
NUDT7,LGS1,Muller glia,944,40.0,4705319,8.501017678078787,2.2513989168774216,True
PDE6C,LGS1,Muller glia,944,25.0,4705319,5.313136048799242,1.84263254973133,True
PGAM1P8,LGS1,Muller glia,944,,4705319,,,False
PIBF1,LGS1,Muller glia,944,761.0,4705319,161.73186132544893,5.092103823728222,True
PIGC,LGS1,Muller glia,944,73.0,4705319,15.514357262493787,2.8042301396775278,True
PKIB,LGS1,Muller glia,944,79.0,4705319,16.789509914205603,2.878608952911861,True
PLCE1,LGS1,Muller glia,944,2040.0,4705319,433.55190158201816,6.074315388853686,True
PLCE1-AS1,LGS1,Muller glia,944,48.0,4705319,10.201221213694545,2.4160228092939673,True
PLEKHA7,LGS1,Muller glia,944,1113.0,4705319,236.54081689254224,5.4703394693085325,True
PLEKHM1,LGS1,Muller glia,944,80.0,4705319,17.002035356157574,2.8904848268457175,True
PPP1R18,LGS1,Muller glia,944,6.0,4705319,1.2751526517118181,0.8220471498053791,True
PRKCE,LGS1,Muller glia,944,822.0,4705319,174.69591328451907,5.168754735301137,True
PROX2,LGS1,Muller glia,944,1.0,4705319,0.21252544195196968,0.1927053266625309,True
PRSS23,LGS1,Muller glia,944,21.0,4705319,4.463034280991363,1.6980043645158696,True
PSORS1C3,LGS1,Muller glia,944,0.0,4705319,0.0,0.0,True
RAPSN,LGS1,Muller glia,944,0.0,4705319,0.0,0.0,True
RERE,LGS1,Muller glia,944,3308.0,4705319,703.0341619771157,6.556826880516392,True
RIC8B,LGS1,Muller glia,944,210.0,4705319,44.63034280991363,3.82057290772971,True
RORA,LGS1,Muller glia,944,9832.0,4705319,2089.550145271766,7.645182537723361,True
RP11-123K19.1,LGS1,Muller glia,944,,4705319,,,False
RP11-136H19.1,LGS1,Muller glia,944,,4705319,,,False
RP11-149I2.4,LGS1,Muller glia,944,,4705319,,,False
RP11-162I7.1,LGS1,Muller glia,944,,4705319,,,False
RP11-17G12.2,LGS1,Muller glia,944,,4705319,,,False
RP11-205K6.1,LGS1,Muller glia,944,,4705319,,,False
RP11-217B7.2,LGS1,Muller glia,944,,4705319,,,False
RP11-259A24.1,LGS1,Muller glia,944,,4705319,,,False
RP11-259G18.1,LGS1,Muller glia,944,,4705319,,,False
RP11-259G18.3,LGS1,Muller glia,944,,4705319,,,False
RP11-293E1.1,LGS1,Muller glia,944,,4705319,,,False
RP11-293E1.2,LGS1,Muller glia,944,,4705319,,,False
RP11-302L19.3,LGS1,Muller glia,944,,4705319,,,False
RP11-403A3.3,LGS1,Muller glia,944,,4705319,,,False
RP11-412D9.4,LGS1,Muller glia,944,,4705319,,,False
RP11-507B12.1,LGS1,Muller glia,944,,4705319,,,False
RP11-507B12.2,LGS1,Muller glia,944,,4705319,,,False
RP11-669E14.6,LGS1,Muller glia,944,,4705319,,,False
RP11-707O23.1,LGS1,Muller glia,944,,4705319,,,False
RP11-750H9.5,LGS1,Muller glia,944,,4705319,,,False
RP11-755F10.1,LGS1,Muller glia,944,,4705319,,,False
RP11-762L8.6,LGS1,Muller glia,944,,4705319,,,False
RP11-770G2.2,LGS1,Muller glia,944,,4705319,,,False
RP11-798G7.6,LGS1,Muller glia,944,,4705319,,,False
RP11-798G7.8,LGS1,Muller glia,944,,4705319,,,False
RP5-1115A15.1,LGS1,Muller glia,944,,4705319,,,False
RPS26P8,LGS1,Muller glia,944,,4705319,,,False
SCRN2,LGS1,Muller glia,944,20.0,4705319,4.2505088390393935,1.658324993628715,True
SEMA3E,LGS1,Muller glia,944,124.0,4705319,26.35315480204424,3.3088318714678513,True
SEPT7,LGS1,Muller glia,944,,4705319,,,False
SF3A3,LGS1,Muller glia,944,65.0,4705319,13.814153726878029,2.6955830566722647,True
SFTA1P,LGS1,Muller glia,944,0.0,4705319,0.0,0.0,True
SGSM2,LGS1,Muller glia,944,127.0,4705319,26.990731127900148,3.331873424225876,True
SLC25A45,LGS1,Muller glia,944,3.0,4705319,0.6375763258559091,0.49321729865071673,True
SLC39A13,LGS1,Muller glia,944,23.0,4705319,4.888085164895302,1.772930845468591,True
SMAD6,LGS1,Muller glia,944,86.0,4705319,18.27718800786939,2.9589224283309794,True
SNORD14A,LGS1,Muller glia,944,,4705319,,,False
SSSCA1-AS1,LGS1,Muller glia,944,6.0,4705319,1.2751526517118181,0.8220471498053791,True
TARID,LGS1,Muller glia,944,5.0,4705319,1.0626272097598484,0.7239805147840431,True
TBC1D31,LGS1,Muller glia,944,96.0,4705319,20.40244242738909,3.0635050476362164,True
TBKBP1,LGS1,Muller glia,944,15.0,4705319,3.1878816292795453,1.4321950283489502,True
TBPL1,LGS1,Muller glia,944,79.0,4705319,16.789509914205603,2.878608952911861,True
TGFB3,LGS1,Muller glia,944,13.0,4705319,2.762830745375606,1.3251715319591797,True
THCAT158,LGS1,Muller glia,944,,4705319,,,False
THSD7A,LGS1,Muller glia,944,248.0,4705319,52.70630960408848,3.9835304918953933,True
TIGD3,LGS1,Muller glia,944,1.0,4705319,0.21252544195196968,0.1927053266625309,True
TMEM116,LGS1,Muller glia,944,176.0,4705319,37.40447778354666,3.6481740617419143,True
TMEM136,LGS1,Muller glia,944,,4705319,,,False
TMEM181,LGS1,Muller glia,944,135.0,4705319,28.690934663515907,3.3908417690317902,True
TMEM263,LGS1,Muller glia,944,100.0,4705319,21.25254419519697,3.1024563479268097,True
TRIM26,LGS1,Muller glia,944,119.0,4705319,25.29052759228439,3.2692087067140436,True
TRIOBP,LGS1,Muller glia,944,80.0,4705319,17.002035356157574,2.8904848268457175,True
TSC22D2,LGS1,Muller glia,944,1983.0,4705319,421.43795139075587,6.046042575398557,True
TTC28,LGS1,Muller glia,944,1949.0,4705319,414.2120863643889,6.028789441168819,True
TTLL5,LGS1,Muller glia,944,857.0,4705319,182.134303752838,5.210219783957026,True
TXNDC8,LGS1,Muller glia,944,0.0,4705319,0.0,0.0,True
TXNRD2,LGS1,Muller glia,944,43.0,4705319,9.138594003934696,2.3163493301599907,True
UTP11,LGS1,Muller glia,944,26.0,4705319,5.525661490751212,1.8757423259632717,True
VARS2,LGS1,Muller glia,944,12.0,4705319,2.5503053034236363,1.267033600753858,True
VCAM1,LGS1,Muller glia,944,5.0,4705319,1.0626272097598484,0.7239805147840431,True
WLS,LGS1,Muller glia,944,327.0,4705319,69.49581951829408,4.255553410447201,True
WNT2B,LGS1,Muller glia,944,43.0,4705319,9.138594003934696,2.3163493301599907,True
XRCC6P1,LGS1,Muller glia,944,,4705319,,,False
XXbac-BPG170G13.32,LGS1,Muller glia,944,,4705319,,,False
XXbac-BPG283O16.9,LGS1,Muller glia,944,,4705319,,,False
YAP1,LGS1,Muller glia,944,889.0,4705319,188.93511789530103,5.246682529079714,True
YIF1A,LGS1,Muller glia,944,29.0,4705319,6.16323781660712,1.9689620877802088,True
ZNF280D,LGS1,Muller glia,944,582.0,4705319,123.68980721604635,4.825829110901328,True
ZNF638,LGS1,Muller glia,944,4718.0,4705319,1002.695035129393,6.911443504239216,True
ZNF638-IT1,LGS1,Muller glia,944,,4705319,,,False
DGKG,LGS1,Astrocyte,12,20.0,85179,234.7996571925005,5.4629825342960245,True
SLC2A12,LGS1,Astrocyte,12,0.0,85179,0.0,0.0,True
COL8A2,LGS1,Astrocyte,12,0.0,85179,0.0,0.0,True
NPC2,LGS1,Astrocyte,12,2.0,85179,23.47996571925005,3.1978550572857123,True
PSMC3,LGS1,Astrocyte,12,5.0,85179,58.69991429812512,4.089330584855233,True
RP11-466F5.8,LGS1,Astrocyte,12,,85179,,,False
LPP,LGS1,Astrocyte,12,25.0,85179,293.4995714906256,5.685277548050262,True
RP11-121M22.1,LGS1,Astrocyte,12,,85179,,,False
ABO,LGS1,Astrocyte,12,0.0,85179,0.0,0.0,True
ADAMTS8,LGS1,Astrocyte,12,0.0,85179,0.0,0.0,True
CALD1,LGS1,Astrocyte,12,22.0,85179,258.27962291175055,5.557907104465336,True
CHEK2,LGS1,Astrocyte,12,0.0,85179,0.0,0.0,True
GAS7,LGS1,Astrocyte,12,4.0,85179,46.9599314385001,3.870365900602414,True
LMX1B,LGS1,Astrocyte,12,0.0,85179,0.0,0.0,True
TCF12,LGS1,Astrocyte,12,37.0,85179,434.3793658061259,6.076217756327249,True
TMCO1,LGS1,Astrocyte,12,3.0,85179,35.219948578875076,3.589610032765554,True
TRIB2,LGS1,Astrocyte,12,25.0,85179,293.4995714906256,5.685277548050262,True
AC000078.5,LGS1,Astrocyte,12,,85179,,,False
AC002066.1,LGS1,Astrocyte,12,0.0,85179,0.0,0.0,True
AC012066.1,LGS1,Astrocyte,12,,85179,,,False
AC091132.1,LGS1,Astrocyte,12,0.0,85179,0.0,0.0,True
ACBD4,LGS1,Astrocyte,12,1.0,85179,11.739982859625025,2.5447453047447626,True
AFAP1,LGS1,Astrocyte,12,5.0,85179,58.69991429812512,4.089330584855233,True
ALDH2,LGS1,Astrocyte,12,6.0,85179,70.43989715775015,4.268856497006039,True
AP003068.23,LGS1,Astrocyte,12,,85179,,,False
AP5B1,LGS1,Astrocyte,12,0.0,85179,0.0,0.0,True
AREL1,LGS1,Astrocyte,12,4.0,85179,46.9599314385001,3.870365900602414,True
ARHGAP27,LGS1,Astrocyte,12,1.0,85179,11.739982859625025,2.5447453047447626,True
ARHGEF12,LGS1,Astrocyte,12,28.0,85179,328.7195200695007,5.798242353874092,True
ARL17A,LGS1,Astrocyte,12,9.0,85179,105.65984573662523,4.669644758861877,True
ATP5J,LGS1,Astrocyte,12,,85179,,,False
BICC1,LGS1,Astrocyte,12,3.0,85179,35.219948578875076,3.589610032765554,True
BORA,LGS1,Astrocyte,12,1.0,85179,11.739982859625025,2.5447453047447626,True
C1orf109,LGS1,Astrocyte,12,0.0,85179,0.0,0.0,True
C1orf122,LGS1,Astrocyte,12,5.0,85179,58.69991429812512,4.089330584855233,True
C22orf29,LGS1,Astrocyte,12,,85179,,,False
C6orf15,LGS1,Astrocyte,12,0.0,85179,0.0,0.0,True
CADM1,LGS1,Astrocyte,12,236.0,85179,2770.635954871506,7.927193022273898,True
CADM2,LGS1,Astrocyte,12,224.0,85179,2629.7561605560054,7.875026597367112,True
CAV2,LGS1,Astrocyte,12,2.0,85179,23.47996571925005,3.1978550572857123,True
CCDC117,LGS1,Astrocyte,12,1.0,85179,11.739982859625025,2.5447453047447626,True
CDC14A,LGS1,Astrocyte,12,16.0,85179,187.8397257540004,5.240898643410564,True
CDKN2A,LGS1,Astrocyte,12,0.0,85179,0.0,0.0,True
CDKN2B-AS1,LGS1,Astrocyte,12,1.0,85179,11.739982859625025,2.5447453047447626,True
CELF1,LGS1,Astrocyte,12,15.0,85179,176.09974289437537,5.176713093033784,True
CLIC5,LGS1,Astrocyte,12,3.0,85179,35.219948578875076,3.589610032765554,True
CMB9-22P13.1,LGS1,Astrocyte,12,,85179,,,False
COL11A1,LGS1,Astrocyte,12,37.0,85179,434.3793658061259,6.076217756327249,True
CRHR1,LGS1,Astrocyte,12,1.0,85179,11.739982859625025,2.5447453047447626,True
CTA-292E10.6,LGS1,Astrocyte,12,,85179,,,False
CTB-39G8.3,LGS1,Astrocyte,12,,85179,,,False
CTD-2005H7.1,LGS1,Astrocyte,12,,85179,,,False
CTD-2020K17.1,LGS1,Astrocyte,12,,85179,,,False
CTD-2020K17.3,LGS1,Astrocyte,12,,85179,,,False
CTTNBP2,LGS1,Astrocyte,12,25.0,85179,293.4995714906256,5.685277548050262,True
DDX39BP2,LGS1,Astrocyte,12,,85179,,,False
DIO1,LGS1,Astrocyte,12,0.0,85179,0.0,0.0,True
DND1P1,LGS1,Astrocyte,12,,85179,,,False
DYSF,LGS1,Astrocyte,12,0.0,85179,0.0,0.0,True
EFCAB13,LGS1,Astrocyte,12,9.0,85179,105.65984573662523,4.669644758861877,True
EFEMP1,LGS1,Astrocyte,12,3.0,85179,35.219948578875076,3.589610032765554,True
EHBP1L1,LGS1,Astrocyte,12,0.0,85179,0.0,0.0,True
FAM215B,LGS1,Astrocyte,12,0.0,85179,0.0,0.0,True
FAM83A,LGS1,Astrocyte,12,0.0,85179,0.0,0.0,True
FAM83A-AS1,LGS1,Astrocyte,12,0.0,85179,0.0,0.0,True
FAM89B,LGS1,Astrocyte,12,0.0,85179,0.0,0.0,True
FHL3,LGS1,Astrocyte,12,0.0,85179,0.0,0.0,True
FLOT1,LGS1,Astrocyte,12,3.0,85179,35.219948578875076,3.589610032765554,True
FLVCR2,LGS1,Astrocyte,12,2.0,85179,23.47996571925005,3.1978550572857123,True
FMNL1,LGS1,Astrocyte,12,0.0,85179,0.0,0.0,True
FNDC4,LGS1,Astrocyte,12,0.0,85179,0.0,0.0,True
GALR3,LGS1,Astrocyte,12,0.0,85179,0.0,0.0,True
GCAT,LGS1,Astrocyte,12,1.0,85179,11.739982859625025,2.5447453047447626,True
GLIS1,LGS1,Astrocyte,12,0.0,85179,0.0,0.0,True
H1F0,LGS1,Astrocyte,12,0.0,85179,0.0,0.0,True
HCG4,LGS1,Astrocyte,12,,85179,,,False
HCG4B,LGS1,Astrocyte,12,,85179,,,False
HCG4P5,LGS1,Astrocyte,12,,85179,,,False
HCG4P7,LGS1,Astrocyte,12,,85179,,,False
HCG9,LGS1,Astrocyte,12,0.0,85179,0.0,0.0,True
HCP5B,LGS1,Astrocyte,12,,85179,,,False
HECTD4,LGS1,Astrocyte,12,14.0,85179,164.35976003475034,5.1081234642038,True
HLA-A,LGS1,Astrocyte,12,12.0,85179,140.8797943155003,4.954980180196873,True
HLA-C,LGS1,Astrocyte,12,16.0,85179,187.8397257540004,5.240898643410564,True
HLA-F,LGS1,Astrocyte,12,1.0,85179,11.739982859625025,2.5447453047447626,True
HLA-F-AS1,LGS1,Astrocyte,12,1.0,85179,11.739982859625025,2.5447453047447626,True
HLA-G,LGS1,Astrocyte,12,0.0,85179,0.0,0.0,True
HLA-H,LGS1,Astrocyte,12,,85179,,,False
HLA-J,LGS1,Astrocyte,12,,85179,,,False
HLA-L,LGS1,Astrocyte,12,,85179,,,False
HLA-T,LGS1,Astrocyte,12,,85179,,,False
HLA-U,LGS1,Astrocyte,12,,85179,,,False
HLA-V,LGS1,Astrocyte,12,,85179,,,False
HLA-W,LGS1,Astrocyte,12,,85179,,,False
HSCB,LGS1,Astrocyte,12,0.0,85179,0.0,0.0,True
HTRA3,LGS1,Astrocyte,12,1.0,85179,11.739982859625025,2.5447453047447626,True
IFITM4P,LGS1,Astrocyte,12,,85179,,,False
IFT172,LGS1,Astrocyte,12,0.0,85179,0.0,0.0,True
INPP5B,LGS1,Astrocyte,12,7.0,85179,82.17988001737517,4.421005491868128,True
ITGB3,LGS1,Astrocyte,12,2.0,85179,23.47996571925005,3.1978550572857123,True
KANSL1,LGS1,Astrocyte,12,31.0,85179,363.9394686483758,5.8997315005101125,True
KANSL1-AS1,LGS1,Astrocyte,12,0.0,85179,0.0,0.0,True
KHK,LGS1,Astrocyte,12,1.0,85179,11.739982859625025,2.5447453047447626,True
KLF5,LGS1,Astrocyte,12,0.0,85179,0.0,0.0,True
KRT8P26,LGS1,Astrocyte,12,,85179,,,False
LHPP,LGS1,Astrocyte,12,2.0,85179,23.47996571925005,3.1978550572857123,True
LINC01948,LGS1,Astrocyte,12,0.0,85179,0.0,0.0,True
LINC02052,LGS1,Astrocyte,12,0.0,85179,0.0,0.0,True
LINC02210,LGS1,Astrocyte,12,,85179,,,False
LMO4,LGS1,Astrocyte,12,3.0,85179,35.219948578875076,3.589610032765554,True
LMO7,LGS1,Astrocyte,12,1.0,85179,11.739982859625025,2.5447453047447626,True
LOXL1,LGS1,Astrocyte,12,0.0,85179,0.0,0.0,True
LOXL1-AS1,LGS1,Astrocyte,12,0.0,85179,0.0,0.0,True
LRRC37A,LGS1,Astrocyte,12,1.0,85179,11.739982859625025,2.5447453047447626,True
LRRC37A17P,LGS1,Astrocyte,12,,85179,,,False
LRRC37A2,LGS1,Astrocyte,12,7.0,85179,82.17988001737517,4.421005491868128,True
LRRC37A4P,LGS1,Astrocyte,12,,85179,,,False
LRWD1,LGS1,Astrocyte,12,0.0,85179,0.0,0.0,True
LTBP2,LGS1,Astrocyte,12,1.0,85179,11.739982859625025,2.5447453047447626,True
LTBP3,LGS1,Astrocyte,12,6.0,85179,70.43989715775015,4.268856497006039,True
MADD,LGS1,Astrocyte,12,5.0,85179,58.69991429812512,4.089330584855233,True
MAPK8IP1P1,LGS1,Astrocyte,12,,85179,,,False
MAPK8IP1P2,LGS1,Astrocyte,12,,85179,,,False
MAPT,LGS1,Astrocyte,12,13.0,85179,152.61977717512534,5.034480570075573,True
MAPT-AS1,LGS1,Astrocyte,12,2.0,85179,23.47996571925005,3.1978550572857123,True
MAPT-IT1,LGS1,Astrocyte,12,0.0,85179,0.0,0.0,True
ME3,LGS1,Astrocyte,12,1.0,85179,11.739982859625025,2.5447453047447626,True
MICE,LGS1,Astrocyte,12,,85179,,,False
MOV10,LGS1,Astrocyte,12,1.0,85179,11.739982859625025,2.5447453047447626,True
MRPL33,LGS1,Astrocyte,12,3.0,85179,35.219948578875076,3.589610032765554,True
MTCH2,LGS1,Astrocyte,12,2.0,85179,23.47996571925005,3.1978550572857123,True
MVB12B,LGS1,Astrocyte,12,3.0,85179,35.219948578875076,3.589610032765554,True
Metazoa_SRP,LGS1,Astrocyte,12,,85179,,,False
NEAT1,LGS1,Astrocyte,12,353.0,85179,4144.213949447634,8.329709682509367,True
NMT1,LGS1,Astrocyte,12,2.0,85179,23.47996571925005,3.1978550572857123,True
NPEPPS,LGS1,Astrocyte,12,20.0,85179,234.7996571925005,5.4629825342960245,True
NRBP1,LGS1,Astrocyte,12,1.0,85179,11.739982859625025,2.5447453047447626,True
NSF,LGS1,Astrocyte,12,11.0,85179,129.13981145587528,4.8686093452865915,True
NUCB2,LGS1,Astrocyte,12,7.0,85179,82.17988001737517,4.421005491868128,True
NUDT7,LGS1,Astrocyte,12,0.0,85179,0.0,0.0,True
PDE6C,LGS1,Astrocyte,12,0.0,85179,0.0,0.0,True
PGAM1P8,LGS1,Astrocyte,12,,85179,,,False
PIBF1,LGS1,Astrocyte,12,11.0,85179,129.13981145587528,4.8686093452865915,True
PIGC,LGS1,Astrocyte,12,2.0,85179,23.47996571925005,3.1978550572857123,True
PKIB,LGS1,Astrocyte,12,2.0,85179,23.47996571925005,3.1978550572857123,True
PLCE1,LGS1,Astrocyte,12,17.0,85179,199.57970861362543,5.30121171694002,True
PLCE1-AS1,LGS1,Astrocyte,12,0.0,85179,0.0,0.0,True
PLEKHA7,LGS1,Astrocyte,12,15.0,85179,176.09974289437537,5.176713093033784,True
PLEKHM1,LGS1,Astrocyte,12,3.0,85179,35.219948578875076,3.589610032765554,True
PPP1R18,LGS1,Astrocyte,12,3.0,85179,35.219948578875076,3.589610032765554,True
PRKCE,LGS1,Astrocyte,12,24.0,85179,281.7595886310006,5.644597026467209,True
PROX2,LGS1,Astrocyte,12,0.0,85179,0.0,0.0,True
PRSS23,LGS1,Astrocyte,12,0.0,85179,0.0,0.0,True
PSORS1C3,LGS1,Astrocyte,12,0.0,85179,0.0,0.0,True
RAPSN,LGS1,Astrocyte,12,0.0,85179,0.0,0.0,True
RERE,LGS1,Astrocyte,12,64.0,85179,751.3589030160016,6.6232134747442295,True
RIC8B,LGS1,Astrocyte,12,4.0,85179,46.9599314385001,3.870365900602414,True
RORA,LGS1,Astrocyte,12,193.0,85179,2265.81669190763,7.7261317879120925,True
RP11-123K19.1,LGS1,Astrocyte,12,,85179,,,False
RP11-136H19.1,LGS1,Astrocyte,12,,85179,,,False
RP11-149I2.4,LGS1,Astrocyte,12,,85179,,,False
RP11-162I7.1,LGS1,Astrocyte,12,,85179,,,False
RP11-17G12.2,LGS1,Astrocyte,12,,85179,,,False
RP11-205K6.1,LGS1,Astrocyte,12,,85179,,,False
RP11-217B7.2,LGS1,Astrocyte,12,,85179,,,False
RP11-259A24.1,LGS1,Astrocyte,12,,85179,,,False
RP11-259G18.1,LGS1,Astrocyte,12,,85179,,,False
RP11-259G18.3,LGS1,Astrocyte,12,,85179,,,False
RP11-293E1.1,LGS1,Astrocyte,12,,85179,,,False
RP11-293E1.2,LGS1,Astrocyte,12,,85179,,,False
RP11-302L19.3,LGS1,Astrocyte,12,,85179,,,False
RP11-403A3.3,LGS1,Astrocyte,12,,85179,,,False
RP11-412D9.4,LGS1,Astrocyte,12,,85179,,,False
RP11-507B12.1,LGS1,Astrocyte,12,,85179,,,False
RP11-507B12.2,LGS1,Astrocyte,12,,85179,,,False
RP11-669E14.6,LGS1,Astrocyte,12,,85179,,,False
RP11-707O23.1,LGS1,Astrocyte,12,,85179,,,False
RP11-750H9.5,LGS1,Astrocyte,12,,85179,,,False
RP11-755F10.1,LGS1,Astrocyte,12,,85179,,,False
RP11-762L8.6,LGS1,Astrocyte,12,,85179,,,False
RP11-770G2.2,LGS1,Astrocyte,12,,85179,,,False
RP11-798G7.6,LGS1,Astrocyte,12,,85179,,,False
RP11-798G7.8,LGS1,Astrocyte,12,,85179,,,False
RP5-1115A15.1,LGS1,Astrocyte,12,,85179,,,False
RPS26P8,LGS1,Astrocyte,12,,85179,,,False
SCRN2,LGS1,Astrocyte,12,3.0,85179,35.219948578875076,3.589610032765554,True
SEMA3E,LGS1,Astrocyte,12,7.0,85179,82.17988001737517,4.421005491868128,True
SEPT7,LGS1,Astrocyte,12,,85179,,,False
SF3A3,LGS1,Astrocyte,12,2.0,85179,23.47996571925005,3.1978550572857123,True
SFTA1P,LGS1,Astrocyte,12,0.0,85179,0.0,0.0,True
SGSM2,LGS1,Astrocyte,12,1.0,85179,11.739982859625025,2.5447453047447626,True
SLC25A45,LGS1,Astrocyte,12,1.0,85179,11.739982859625025,2.5447453047447626,True
SLC39A13,LGS1,Astrocyte,12,0.0,85179,0.0,0.0,True
SMAD6,LGS1,Astrocyte,12,2.0,85179,23.47996571925005,3.1978550572857123,True
SNORD14A,LGS1,Astrocyte,12,,85179,,,False
SSSCA1-AS1,LGS1,Astrocyte,12,1.0,85179,11.739982859625025,2.5447453047447626,True
TARID,LGS1,Astrocyte,12,0.0,85179,0.0,0.0,True
TBC1D31,LGS1,Astrocyte,12,5.0,85179,58.69991429812512,4.089330584855233,True
TBKBP1,LGS1,Astrocyte,12,0.0,85179,0.0,0.0,True
TBPL1,LGS1,Astrocyte,12,5.0,85179,58.69991429812512,4.089330584855233,True
TGFB3,LGS1,Astrocyte,12,0.0,85179,0.0,0.0,True
THCAT158,LGS1,Astrocyte,12,,85179,,,False
THSD7A,LGS1,Astrocyte,12,13.0,85179,152.61977717512534,5.034480570075573,True
TIGD3,LGS1,Astrocyte,12,0.0,85179,0.0,0.0,True
TMEM116,LGS1,Astrocyte,12,8.0,85179,93.9198628770002,4.553032986950003,True
TMEM136,LGS1,Astrocyte,12,,85179,,,False
TMEM181,LGS1,Astrocyte,12,4.0,85179,46.9599314385001,3.870365900602414,True
TMEM263,LGS1,Astrocyte,12,3.0,85179,35.219948578875076,3.589610032765554,True
TRIM26,LGS1,Astrocyte,12,0.0,85179,0.0,0.0,True
TRIOBP,LGS1,Astrocyte,12,4.0,85179,46.9599314385001,3.870365900602414,True
TSC22D2,LGS1,Astrocyte,12,16.0,85179,187.8397257540004,5.240898643410564,True
TTC28,LGS1,Astrocyte,12,57.0,85179,669.1790229986265,6.507544875199262,True
TTLL5,LGS1,Astrocyte,12,11.0,85179,129.13981145587528,4.8686093452865915,True
TXNDC8,LGS1,Astrocyte,12,0.0,85179,0.0,0.0,True
TXNRD2,LGS1,Astrocyte,12,2.0,85179,23.47996571925005,3.1978550572857123,True
UTP11,LGS1,Astrocyte,12,2.0,85179,23.47996571925005,3.1978550572857123,True
VARS2,LGS1,Astrocyte,12,0.0,85179,0.0,0.0,True
VCAM1,LGS1,Astrocyte,12,0.0,85179,0.0,0.0,True
WLS,LGS1,Astrocyte,12,5.0,85179,58.69991429812512,4.089330584855233,True
WNT2B,LGS1,Astrocyte,12,4.0,85179,46.9599314385001,3.870365900602414,True
XRCC6P1,LGS1,Astrocyte,12,,85179,,,False
XXbac-BPG170G13.32,LGS1,Astrocyte,12,,85179,,,False
XXbac-BPG283O16.9,LGS1,Astrocyte,12,,85179,,,False
YAP1,LGS1,Astrocyte,12,15.0,85179,176.09974289437537,5.176713093033784,True
YIF1A,LGS1,Astrocyte,12,1.0,85179,11.739982859625025,2.5447453047447626,True
ZNF280D,LGS1,Astrocyte,12,21.0,85179,246.53964005212552,5.511570731010979,True
ZNF638,LGS1,Astrocyte,12,54.0,85179,633.9590744197513,6.453560547083043,True
ZNF638-IT1,LGS1,Astrocyte,12,,85179,,,False
DGKG,LGS1,Microglia,55,8.0,492204,16.253423377298844,2.848010580442457,True
SLC2A12,LGS1,Microglia,55,3.0,492204,6.095033766487067,1.9593950697954754,True
COL8A2,LGS1,Microglia,55,4.0,492204,8.126711688649422,2.211205464194937,True
NPC2,LGS1,Microglia,55,33.0,492204,67.04537143135774,4.220174709610914,True
PSMC3,LGS1,Microglia,55,3.0,492204,6.095033766487067,1.9593950697954754,True
RP11-466F5.8,LGS1,Microglia,55,,492204,,,False
LPP,LGS1,Microglia,55,201.0,492204,408.36726235463345,6.014612705092436,True
RP11-121M22.1,LGS1,Microglia,55,,492204,,,False
ABO,LGS1,Microglia,55,0.0,492204,0.0,0.0,True
ADAMTS8,LGS1,Microglia,55,0.0,492204,0.0,0.0,True
CALD1,LGS1,Microglia,55,127.0,492204,258.02309611461914,5.556917231911475,True
CHEK2,LGS1,Microglia,55,4.0,492204,8.126711688649422,2.211205464194937,True
GAS7,LGS1,Microglia,55,36.0,492204,73.1404051978448,4.305960663014433,True
LMX1B,LGS1,Microglia,55,0.0,492204,0.0,0.0,True
TCF12,LGS1,Microglia,55,280.0,492204,568.8698182054595,6.345407945630602,True
TMCO1,LGS1,Microglia,55,19.0,492204,38.60188052108475,3.6788766050391004,True
TRIB2,LGS1,Microglia,55,70.0,492204,142.21745455136488,4.964364136423819,True
AC000078.5,LGS1,Microglia,55,,492204,,,False
AC002066.1,LGS1,Microglia,55,2.0,492204,4.063355844324711,1.6220294738134369,True
AC012066.1,LGS1,Microglia,55,,492204,,,False
AC091132.1,LGS1,Microglia,55,0.0,492204,0.0,0.0,True
ACBD4,LGS1,Microglia,55,4.0,492204,8.126711688649422,2.211205464194937,True
AFAP1,LGS1,Microglia,55,17.0,492204,34.53852467676004,3.570617310237413,True
ALDH2,LGS1,Microglia,55,44.0,492204,89.39382857514364,4.504175997093692,True
AP003068.23,LGS1,Microglia,55,,492204,,,False
AP5B1,LGS1,Microglia,55,2.0,492204,4.063355844324711,1.6220294738134369,True
AREL1,LGS1,Microglia,55,7.0,492204,14.221745455136489,2.7227250275359234,True
ARHGAP27,LGS1,Microglia,55,2.0,492204,4.063355844324711,1.6220294738134369,True
ARHGEF12,LGS1,Microglia,55,135.0,492204,274.276519491918,5.6177761178896715,True
ARL17A,LGS1,Microglia,55,35.0,492204,71.10872727568244,4.27817508101119,True
ATP5J,LGS1,Microglia,55,,492204,,,False
BICC1,LGS1,Microglia,55,31.0,492204,62.98201558703302,4.158602037417351,True
BORA,LGS1,Microglia,55,2.0,492204,4.063355844324711,1.6220294738134369,True
C1orf109,LGS1,Microglia,55,1.0,492204,2.0316779221623555,1.109116235937972,True
C1orf122,LGS1,Microglia,55,15.0,492204,30.475168832435333,3.4491989439330326,True
C22orf29,LGS1,Microglia,55,,492204,,,False
C6orf15,LGS1,Microglia,55,0.0,492204,0.0,0.0,True
CADM1,LGS1,Microglia,55,1141.0,492204,2318.1445091872474,7.748953650616837,True
CADM2,LGS1,Microglia,55,1336.0,492204,2714.321704008907,7.906665716696154,True
CAV2,LGS1,Microglia,55,5.0,492204,10.158389610811778,2.4121916464344313,True
CCDC117,LGS1,Microglia,55,5.0,492204,10.158389610811778,2.4121916464344313,True
CDC14A,LGS1,Microglia,55,87.0,492204,176.75597922812491,5.180411706531796,True
CDKN2A,LGS1,Microglia,55,7.0,492204,14.221745455136489,2.7227250275359234,True
CDKN2B-AS1,LGS1,Microglia,55,6.0,492204,12.190067532974133,2.5794640867293177,True
CELF1,LGS1,Microglia,55,97.0,492204,197.07275844974848,5.288634430113024,True
CLIC5,LGS1,Microglia,55,36.0,492204,73.1404051978448,4.305960663014433,True
CMB9-22P13.1,LGS1,Microglia,55,,492204,,,False
COL11A1,LGS1,Microglia,55,84.0,492204,170.66094546163785,5.145521284032321,True
CRHR1,LGS1,Microglia,55,3.0,492204,6.095033766487067,1.9593950697954754,True
CTA-292E10.6,LGS1,Microglia,55,,492204,,,False
CTB-39G8.3,LGS1,Microglia,55,,492204,,,False
CTD-2005H7.1,LGS1,Microglia,55,,492204,,,False
CTD-2020K17.1,LGS1,Microglia,55,,492204,,,False
CTD-2020K17.3,LGS1,Microglia,55,,492204,,,False
CTTNBP2,LGS1,Microglia,55,113.0,492204,229.57960520434617,5.440596161618183,True
DDX39BP2,LGS1,Microglia,55,,492204,,,False
DIO1,LGS1,Microglia,55,1.0,492204,2.0316779221623555,1.109116235937972,True
DND1P1,LGS1,Microglia,55,,492204,,,False
DYSF,LGS1,Microglia,55,2.0,492204,4.063355844324711,1.6220294738134369,True
EFCAB13,LGS1,Microglia,55,28.0,492204,56.886981820545955,4.058492520275481,True
EFEMP1,LGS1,Microglia,55,20.0,492204,40.63355844324711,3.7289065354123063,True
EHBP1L1,LGS1,Microglia,55,6.0,492204,12.190067532974133,2.5794640867293177,True
FAM215B,LGS1,Microglia,55,7.0,492204,14.221745455136489,2.7227250275359234,True
FAM83A,LGS1,Microglia,55,0.0,492204,0.0,0.0,True
FAM83A-AS1,LGS1,Microglia,55,0.0,492204,0.0,0.0,True
FAM89B,LGS1,Microglia,55,1.0,492204,2.0316779221623555,1.109116235937972,True
FHL3,LGS1,Microglia,55,1.0,492204,2.0316779221623555,1.109116235937972,True
FLOT1,LGS1,Microglia,55,32.0,492204,65.01369350919538,4.189862197918015,True
FLVCR2,LGS1,Microglia,55,2.0,492204,4.063355844324711,1.6220294738134369,True
FMNL1,LGS1,Microglia,55,13.0,492204,26.411812988110622,3.310974051436721,True
FNDC4,LGS1,Microglia,55,1.0,492204,2.0316779221623555,1.109116235937972,True
GALR3,LGS1,Microglia,55,0.0,492204,0.0,0.0,True
GCAT,LGS1,Microglia,55,1.0,492204,2.0316779221623555,1.109116235937972,True
GLIS1,LGS1,Microglia,55,0.0,492204,0.0,0.0,True
H1F0,LGS1,Microglia,55,20.0,492204,40.63355844324711,3.7289065354123063,True
HCG4,LGS1,Microglia,55,,492204,,,False
HCG4B,LGS1,Microglia,55,,492204,,,False
HCG4P5,LGS1,Microglia,55,,492204,,,False
HCG4P7,LGS1,Microglia,55,,492204,,,False
HCG9,LGS1,Microglia,55,1.0,492204,2.0316779221623555,1.109116235937972,True
HCP5B,LGS1,Microglia,55,,492204,,,False
HECTD4,LGS1,Microglia,55,94.0,492204,190.9777246832614,5.257379348022577,True
HLA-A,LGS1,Microglia,55,70.0,492204,142.21745455136488,4.964364136423819,True
HLA-C,LGS1,Microglia,55,79.0,492204,160.50255585082607,5.084520968239196,True
HLA-F,LGS1,Microglia,55,15.0,492204,30.475168832435333,3.4491989439330326,True
HLA-F-AS1,LGS1,Microglia,55,8.0,492204,16.253423377298844,2.848010580442457,True
HLA-G,LGS1,Microglia,55,0.0,492204,0.0,0.0,True
HLA-H,LGS1,Microglia,55,,492204,,,False
HLA-J,LGS1,Microglia,55,,492204,,,False
HLA-L,LGS1,Microglia,55,,492204,,,False
HLA-T,LGS1,Microglia,55,,492204,,,False
HLA-U,LGS1,Microglia,55,,492204,,,False
HLA-V,LGS1,Microglia,55,,492204,,,False
HLA-W,LGS1,Microglia,55,,492204,,,False
HSCB,LGS1,Microglia,55,6.0,492204,12.190067532974133,2.5794640867293177,True
HTRA3,LGS1,Microglia,55,0.0,492204,0.0,0.0,True
IFITM4P,LGS1,Microglia,55,,492204,,,False
IFT172,LGS1,Microglia,55,22.0,492204,44.69691428757182,3.822030774560812,True
INPP5B,LGS1,Microglia,55,23.0,492204,46.728592209734174,3.8655306357102934,True
ITGB3,LGS1,Microglia,55,3.0,492204,6.095033766487067,1.9593950697954754,True
KANSL1,LGS1,Microglia,55,164.0,492204,333.19517923462627,5.811725191265592,True
KANSL1-AS1,LGS1,Microglia,55,1.0,492204,2.0316779221623555,1.109116235937972,True
KHK,LGS1,Microglia,55,1.0,492204,2.0316779221623555,1.109116235937972,True
KLF5,LGS1,Microglia,55,0.0,492204,0.0,0.0,True
KRT8P26,LGS1,Microglia,55,,492204,,,False
LHPP,LGS1,Microglia,55,12.0,492204,24.380135065948267,3.2339667840194517,True
LINC01948,LGS1,Microglia,55,3.0,492204,6.095033766487067,1.9593950697954754,True
LINC02052,LGS1,Microglia,55,0.0,492204,0.0,0.0,True
LINC02210,LGS1,Microglia,55,,492204,,,False
LMO4,LGS1,Microglia,55,14.0,492204,28.443490910272978,3.382472863946216,True
LMO7,LGS1,Microglia,55,21.0,492204,42.66523636540946,3.7765522790059625,True
LOXL1,LGS1,Microglia,55,0.0,492204,0.0,0.0,True
LOXL1-AS1,LGS1,Microglia,55,0.0,492204,0.0,0.0,True
LRRC37A,LGS1,Microglia,55,8.0,492204,16.253423377298844,2.848010580442457,True
LRRC37A17P,LGS1,Microglia,55,,492204,,,False
LRRC37A2,LGS1,Microglia,55,45.0,492204,91.42550649730599,4.5264029848975476,True
LRRC37A4P,LGS1,Microglia,55,,492204,,,False
LRWD1,LGS1,Microglia,55,1.0,492204,2.0316779221623555,1.109116235937972,True
LTBP2,LGS1,Microglia,55,1.0,492204,2.0316779221623555,1.109116235937972,True
LTBP3,LGS1,Microglia,55,6.0,492204,12.190067532974133,2.5794640867293177,True
MADD,LGS1,Microglia,55,20.0,492204,40.63355844324711,3.7289065354123063,True
MAPK8IP1P1,LGS1,Microglia,55,,492204,,,False
MAPK8IP1P2,LGS1,Microglia,55,,492204,,,False
MAPT,LGS1,Microglia,55,94.0,492204,190.9777246832614,5.257379348022577,True
MAPT-AS1,LGS1,Microglia,55,16.0,492204,32.50684675459769,3.5117497986823834,True
MAPT-IT1,LGS1,Microglia,55,1.0,492204,2.0316779221623555,1.109116235937972,True
ME3,LGS1,Microglia,55,11.0,492204,22.34845714378591,3.1505309067192484,True
MICE,LGS1,Microglia,55,,492204,,,False
MOV10,LGS1,Microglia,55,12.0,492204,24.380135065948267,3.2339667840194517,True
MRPL33,LGS1,Microglia,55,24.0,492204,48.76027013189653,3.9072168771118587,True
MTCH2,LGS1,Microglia,55,24.0,492204,48.76027013189653,3.9072168771118587,True
MVB12B,LGS1,Microglia,55,53.0,492204,107.67892987460483,4.688397937938127,True
Metazoa_SRP,LGS1,Microglia,55,,492204,,,False
NEAT1,LGS1,Microglia,55,2002.0,492204,4067.419200169036,8.311009800081823,True
NMT1,LGS1,Microglia,55,15.0,492204,30.475168832435333,3.4491989439330326,True
NPEPPS,LGS1,Microglia,55,101.0,492204,205.1994701383979,5.328844001930663,True
NRBP1,LGS1,Microglia,55,8.0,492204,16.253423377298844,2.848010580442457,True
NSF,LGS1,Microglia,55,66.0,492204,134.09074286271547,4.905946721987238,True
NUCB2,LGS1,Microglia,55,21.0,492204,42.66523636540946,3.7765522790059625,True
NUDT7,LGS1,Microglia,55,2.0,492204,4.063355844324711,1.6220294738134369,True
PDE6C,LGS1,Microglia,55,9.0,492204,18.2851012994612,2.959332844405597,True
PGAM1P8,LGS1,Microglia,55,,492204,,,False
PIBF1,LGS1,Microglia,55,65.0,492204,132.0590649405531,4.890793126937126,True
PIGC,LGS1,Microglia,55,16.0,492204,32.50684675459769,3.5117497986823834,True
PKIB,LGS1,Microglia,55,10.0,492204,20.316779221623555,3.0594945194815146,True
PLCE1,LGS1,Microglia,55,85.0,492204,172.69262338380022,5.15728720477937,True
PLCE1-AS1,LGS1,Microglia,55,1.0,492204,2.0316779221623555,1.109116235937972,True
PLEKHA7,LGS1,Microglia,55,63.0,492204,127.9957090962284,4.859779140988517,True
PLEKHM1,LGS1,Microglia,55,8.0,492204,16.253423377298844,2.848010580442457,True
PPP1R18,LGS1,Microglia,55,7.0,492204,14.221745455136489,2.7227250275359234,True
PRKCE,LGS1,Microglia,55,137.0,492204,278.3398753362427,5.632429231597876,True
PROX2,LGS1,Microglia,55,0.0,492204,0.0,0.0,True
PRSS23,LGS1,Microglia,55,4.0,492204,8.126711688649422,2.211205464194937,True
PSORS1C3,LGS1,Microglia,55,0.0,492204,0.0,0.0,True
RAPSN,LGS1,Microglia,55,0.0,492204,0.0,0.0,True
RERE,LGS1,Microglia,55,402.0,492204,816.7345247092669,6.706537742007409,True
RIC8B,LGS1,Microglia,55,37.0,492204,75.17208312000714,4.332995032310688,True
RORA,LGS1,Microglia,55,1097.0,492204,2228.750680612104,7.709645055787711,True
RP11-123K19.1,LGS1,Microglia,55,,492204,,,False
RP11-136H19.1,LGS1,Microglia,55,,492204,,,False
RP11-149I2.4,LGS1,Microglia,55,,492204,,,False
RP11-162I7.1,LGS1,Microglia,55,,492204,,,False
RP11-17G12.2,LGS1,Microglia,55,,492204,,,False
RP11-205K6.1,LGS1,Microglia,55,,492204,,,False
RP11-217B7.2,LGS1,Microglia,55,,492204,,,False
RP11-259A24.1,LGS1,Microglia,55,,492204,,,False
RP11-259G18.1,LGS1,Microglia,55,,492204,,,False
RP11-259G18.3,LGS1,Microglia,55,,492204,,,False
RP11-293E1.1,LGS1,Microglia,55,,492204,,,False
RP11-293E1.2,LGS1,Microglia,55,,492204,,,False
RP11-302L19.3,LGS1,Microglia,55,,492204,,,False
RP11-403A3.3,LGS1,Microglia,55,,492204,,,False
RP11-412D9.4,LGS1,Microglia,55,,492204,,,False
RP11-507B12.1,LGS1,Microglia,55,,492204,,,False
RP11-507B12.2,LGS1,Microglia,55,,492204,,,False
RP11-669E14.6,LGS1,Microglia,55,,492204,,,False
RP11-707O23.1,LGS1,Microglia,55,,492204,,,False
RP11-750H9.5,LGS1,Microglia,55,,492204,,,False
RP11-755F10.1,LGS1,Microglia,55,,492204,,,False
RP11-762L8.6,LGS1,Microglia,55,,492204,,,False
RP11-770G2.2,LGS1,Microglia,55,,492204,,,False
RP11-798G7.6,LGS1,Microglia,55,,492204,,,False
RP11-798G7.8,LGS1,Microglia,55,,492204,,,False
RP5-1115A15.1,LGS1,Microglia,55,,492204,,,False
RPS26P8,LGS1,Microglia,55,,492204,,,False
SCRN2,LGS1,Microglia,55,0.0,492204,0.0,0.0,True
SEMA3E,LGS1,Microglia,55,11.0,492204,22.34845714378591,3.1505309067192484,True
SEPT7,LGS1,Microglia,55,,492204,,,False
SF3A3,LGS1,Microglia,55,9.0,492204,18.2851012994612,2.959332844405597,True
SFTA1P,LGS1,Microglia,55,0.0,492204,0.0,0.0,True
SGSM2,LGS1,Microglia,55,10.0,492204,20.316779221623555,3.0594945194815146,True
SLC25A45,LGS1,Microglia,55,5.0,492204,10.158389610811778,2.4121916464344313,True
SLC39A13,LGS1,Microglia,55,5.0,492204,10.158389610811778,2.4121916464344313,True
SMAD6,LGS1,Microglia,55,2.0,492204,4.063355844324711,1.6220294738134369,True
SNORD14A,LGS1,Microglia,55,,492204,,,False
SSSCA1-AS1,LGS1,Microglia,55,0.0,492204,0.0,0.0,True
TARID,LGS1,Microglia,55,0.0,492204,0.0,0.0,True
TBC1D31,LGS1,Microglia,55,7.0,492204,14.221745455136489,2.7227250275359234,True
TBKBP1,LGS1,Microglia,55,0.0,492204,0.0,0.0,True
TBPL1,LGS1,Microglia,55,11.0,492204,22.34845714378591,3.1505309067192484,True
TGFB3,LGS1,Microglia,55,2.0,492204,4.063355844324711,1.6220294738134369,True
THCAT158,LGS1,Microglia,55,,492204,,,False
THSD7A,LGS1,Microglia,55,68.0,492204,138.15409870704016,4.9355819428527985,True
TIGD3,LGS1,Microglia,55,0.0,492204,0.0,0.0,True
TMEM116,LGS1,Microglia,55,21.0,492204,42.66523636540946,3.7765522790059625,True
TMEM136,LGS1,Microglia,55,,492204,,,False
TMEM181,LGS1,Microglia,55,23.0,492204,46.728592209734174,3.8655306357102934,True
TMEM263,LGS1,Microglia,55,14.0,492204,28.443490910272978,3.382472863946216,True
TRIM26,LGS1,Microglia,55,11.0,492204,22.34845714378591,3.1505309067192484,True
TRIOBP,LGS1,Microglia,55,14.0,492204,28.443490910272978,3.382472863946216,True
TSC22D2,LGS1,Microglia,55,101.0,492204,205.1994701383979,5.328844001930663,True
TTC28,LGS1,Microglia,55,175.0,492204,355.5436363784122,5.876456634547299,True
TTLL5,LGS1,Microglia,55,83.0,492204,168.6292675394755,5.133615276509012,True
TXNDC8,LGS1,Microglia,55,0.0,492204,0.0,0.0,True
TXNRD2,LGS1,Microglia,55,2.0,492204,4.063355844324711,1.6220294738134369,True
UTP11,LGS1,Microglia,55,5.0,492204,10.158389610811778,2.4121916464344313,True
VARS2,LGS1,Microglia,55,1.0,492204,2.0316779221623555,1.109116235937972,True
VCAM1,LGS1,Microglia,55,1.0,492204,2.0316779221623555,1.109116235937972,True
WLS,LGS1,Microglia,55,26.0,492204,52.823625976221244,3.9857125153114237,True
WNT2B,LGS1,Microglia,55,6.0,492204,12.190067532974133,2.5794640867293177,True
XRCC6P1,LGS1,Microglia,55,,492204,,,False
XXbac-BPG170G13.32,LGS1,Microglia,55,,492204,,,False
XXbac-BPG283O16.9,LGS1,Microglia,55,,492204,,,False
YAP1,LGS1,Microglia,55,40.0,492204,81.26711688649422,4.409971476036489,True
YIF1A,LGS1,Microglia,55,4.0,492204,8.126711688649422,2.211205464194937,True
ZNF280D,LGS1,Microglia,55,92.0,492204,186.9143688389367,5.235986374165919,True
ZNF638,LGS1,Microglia,55,356.0,492204,723.2773402897985,6.585174385733017,True
ZNF638-IT1,LGS1,Microglia,55,,492204,,,False
DGKG,LGS2,Rod,6599,1.0,12052929,0.0829673849402083,0.07970485209003493,True
SLC2A12,LGS2,Rod,6599,3.0,12052929,0.24890215482062492,0.2222648892602437,True
COL8A2,LGS2,Rod,6599,1.0,12052929,0.0829673849402083,0.07970485209003493,True
NPC2,LGS2,Rod,6599,240.0,12052929,19.912172385649995,3.0403314002320707,True
PSMC3,LGS2,Rod,6599,133.0,12052929,11.034662197047705,2.4877910024611944,True
RP11-466F5.8,LGS2,Rod,6599,,12052929,,,False
LPP,LGS2,Rod,6599,63.0,12052929,5.226945251233124,1.8288858836938227,True
RP11-121M22.1,LGS2,Rod,6599,,12052929,,,False
ABO,LGS2,Rod,6599,0.0,12052929,0.0,0.0,True
ADAMTS8,LGS2,Rod,6599,3.0,12052929,0.24890215482062492,0.2222648892602437,True
CALD1,LGS2,Rod,6599,56.0,12052929,4.646173556651665,1.730978069112944,True
CHEK2,LGS2,Rod,6599,15.0,12052929,1.2445107741031247,0.8084875794524876,True
GAS7,LGS2,Rod,6599,472.0,12052929,39.16060569177832,3.6928865572363336,True
LMX1B,LGS2,Rod,6599,1.0,12052929,0.0829673849402083,0.07970485209003493,True
TCF12,LGS2,Rod,6599,5940.0,12052929,492.8262665448374,6.202183768175292,True
TMCO1,LGS2,Rod,6599,411.0,12052929,34.09959521042561,3.558189597938814,True
TRIB2,LGS2,Rod,6599,526.0,12052929,43.64084447854957,3.7986492354243535,True
AC000078.5,LGS2,Rod,6599,,12052929,,,False
AC002066.1,LGS2,Rod,6599,47.0,12052929,3.8994670921897905,1.5891264425061815,True
AC012066.1,LGS2,Rod,6599,,12052929,,,False
AC091132.1,LGS2,Rod,6599,1.0,12052929,0.0829673849402083,0.07970485209003493,True
ACBD4,LGS2,Rod,6599,185.0,12052929,15.348966213938537,2.794164666838968,True
AFAP1,LGS2,Rod,6599,19.0,12052929,1.5763803138639578,0.9463854347143321,True
ALDH2,LGS2,Rod,6599,768.0,12052929,63.71895163407998,4.17005407413449,True
AP003068.23,LGS2,Rod,6599,,12052929,,,False
AP5B1,LGS2,Rod,6599,43.0,12052929,3.5675975524289574,1.5189873669902683,True
AREL1,LGS2,Rod,6599,501.0,12052929,41.566659855044364,3.7510713143479206,True
ARHGAP27,LGS2,Rod,6599,29.0,12052929,2.406054163266041,1.225554484423522,True
ARHGEF12,LGS2,Rod,6599,3601.0,12052929,298.7655531696901,5.703000679699781,True
ARL17A,LGS2,Rod,6599,980.0,12052929,81.30803724140414,4.4104687607690485,True
ATP5J,LGS2,Rod,6599,,12052929,,,False
BICC1,LGS2,Rod,6599,5.0,12052929,0.41483692470104155,0.3470142768925891,True
BORA,LGS2,Rod,6599,124.0,12052929,10.28795573258583,2.4237362929079747,True
C1orf109,LGS2,Rod,6599,49.0,12052929,4.065401862070207,1.6224334755346022,True
C1orf122,LGS2,Rod,6599,502.0,12052929,41.64962723998457,3.753018533922579,True
C22orf29,LGS2,Rod,6599,,12052929,,,False
C6orf15,LGS2,Rod,6599,0.0,12052929,0.0,0.0,True
CADM1,LGS2,Rod,6599,79843.0,12052929,6624.364915781052,8.798660730964814,True
CADM2,LGS2,Rod,6599,154233.0,12052929,12796.308681483148,9.456990168541003,True
CAV2,LGS2,Rod,6599,298.0,12052929,24.724280712182075,3.247435320675449,True
CCDC117,LGS2,Rod,6599,79.0,12052929,6.554423410276456,2.022133273854812,True
CDC14A,LGS2,Rod,6599,345.0,12052929,28.623747804371867,3.3885763303551126,True
CDKN2A,LGS2,Rod,6599,1.0,12052929,0.0829673849402083,0.07970485209003493,True
CDKN2B-AS1,LGS2,Rod,6599,14.0,12052929,1.1615433891629163,0.7708224985594764,True
CELF1,LGS2,Rod,6599,986.0,12052929,81.80584155104539,4.4164986090360685,True
CLIC5,LGS2,Rod,6599,4.0,12052929,0.3318695397608332,0.286583624198959,True
CMB9-22P13.1,LGS2,Rod,6599,,12052929,,,False
COL11A1,LGS2,Rod,6599,10.0,12052929,0.8296738494020831,0.6041377265990328,True
CRHR1,LGS2,Rod,6599,5.0,12052929,0.41483692470104155,0.3470142768925891,True
CTA-292E10.6,LGS2,Rod,6599,,12052929,,,False
CTB-39G8.3,LGS2,Rod,6599,,12052929,,,False
CTD-2005H7.1,LGS2,Rod,6599,,12052929,,,False
CTD-2020K17.1,LGS2,Rod,6599,,12052929,,,False
CTD-2020K17.3,LGS2,Rod,6599,,12052929,,,False
CTTNBP2,LGS2,Rod,6599,16.0,12052929,1.3274781590433329,0.8447853462553819,True
DDX39BP2,LGS2,Rod,6599,,12052929,,,False
DIO1,LGS2,Rod,6599,4.0,12052929,0.3318695397608332,0.286583624198959,True
DND1P1,LGS2,Rod,6599,,12052929,,,False
DYSF,LGS2,Rod,6599,78.0,12052929,6.4714560253362485,2.011089896528005,True
EFCAB13,LGS2,Rod,6599,516.0,12052929,42.81117062914749,3.779888822061092,True
EFEMP1,LGS2,Rod,6599,8.0,12052929,0.6637390795216664,0.5090675269320387,True
EHBP1L1,LGS2,Rod,6599,13.0,12052929,1.078576004222708,0.7316830459040233,True
FAM215B,LGS2,Rod,6599,119.0,12052929,9.873118807884788,2.386293578828423,True
FAM83A,LGS2,Rod,6599,2.0,12052929,0.1659347698804166,0.15352314286461968,True
FAM83A-AS1,LGS2,Rod,6599,0.0,12052929,0.0,0.0,True
FAM89B,LGS2,Rod,6599,36.0,12052929,2.9868258578474993,1.382995389955361,True
FHL3,LGS2,Rod,6599,0.0,12052929,0.0,0.0,True
FLOT1,LGS2,Rod,6599,1378.0,12052929,114.32905644760704,4.747789402877813,True
FLVCR2,LGS2,Rod,6599,3.0,12052929,0.24890215482062492,0.2222648892602437,True
FMNL1,LGS2,Rod,6599,5.0,12052929,0.41483692470104155,0.3470142768925891,True
FNDC4,LGS2,Rod,6599,37.0,12052929,3.0697932427877075,1.4035921978662642,True
GALR3,LGS2,Rod,6599,0.0,12052929,0.0,0.0,True
GCAT,LGS2,Rod,6599,1.0,12052929,0.0829673849402083,0.07970485209003493,True
GLIS1,LGS2,Rod,6599,5.0,12052929,0.41483692470104155,0.3470142768925891,True
H1F0,LGS2,Rod,6599,17.0,12052929,1.4104455439835413,0.8798116034378687,True
HCG4,LGS2,Rod,6599,,12052929,,,False
HCG4B,LGS2,Rod,6599,,12052929,,,False
HCG4P5,LGS2,Rod,6599,,12052929,,,False
HCG4P7,LGS2,Rod,6599,,12052929,,,False
HCG9,LGS2,Rod,6599,6.0,12052929,0.49780430964124983,0.4040002421432176,True
HCP5B,LGS2,Rod,6599,,12052929,,,False
HECTD4,LGS2,Rod,6599,3497.0,12052929,290.13694513590843,5.673793758314784,True
HLA-A,LGS2,Rod,6599,170.0,12052929,14.104455439835412,2.7149897625393327,True
HLA-C,LGS2,Rod,6599,383.0,12052929,31.77650843209978,3.4897120524533918,True
HLA-F,LGS2,Rod,6599,46.0,12052929,3.8164997072495823,1.5720474624348029,True
HLA-F-AS1,LGS2,Rod,6599,8.0,12052929,0.6637390795216664,0.5090675269320387,True
HLA-G,LGS2,Rod,6599,0.0,12052929,0.0,0.0,True
HLA-H,LGS2,Rod,6599,,12052929,,,False
HLA-J,LGS2,Rod,6599,,12052929,,,False
HLA-L,LGS2,Rod,6599,,12052929,,,False
HLA-T,LGS2,Rod,6599,,12052929,,,False
HLA-U,LGS2,Rod,6599,,12052929,,,False
HLA-V,LGS2,Rod,6599,,12052929,,,False
HLA-W,LGS2,Rod,6599,,12052929,,,False
HSCB,LGS2,Rod,6599,160.0,12052929,13.27478159043333,2.65849445528025,True
HTRA3,LGS2,Rod,6599,0.0,12052929,0.0,0.0,True
IFITM4P,LGS2,Rod,6599,,12052929,,,False
IFT172,LGS2,Rod,6599,1575.0,12052929,130.6736312808281,4.880326370637836,True
INPP5B,LGS2,Rod,6599,433.0,12052929,35.924877679110196,3.60888551572706,True
ITGB3,LGS2,Rod,6599,2.0,12052929,0.1659347698804166,0.15352314286461968,True
KANSL1,LGS2,Rod,6599,7483.0,12052929,620.8449415075788,6.432690771480476,True
KANSL1-AS1,LGS2,Rod,6599,108.0,12052929,8.960477573542498,2.298625019597836,True
KHK,LGS2,Rod,6599,13.0,12052929,1.078576004222708,0.7316830459040233,True
KLF5,LGS2,Rod,6599,2.0,12052929,0.1659347698804166,0.15352314286461968,True
KRT8P26,LGS2,Rod,6599,,12052929,,,False
LHPP,LGS2,Rod,6599,475.0,12052929,39.40950784659895,3.699065100015944,True
LINC01948,LGS2,Rod,6599,31.0,12052929,2.5719889331464576,1.273122564786177,True
LINC02052,LGS2,Rod,6599,0.0,12052929,0.0,0.0,True
LINC02210,LGS2,Rod,6599,,12052929,,,False
LMO4,LGS2,Rod,6599,115.0,12052929,9.541249268123956,2.355296062476991,True
LMO7,LGS2,Rod,6599,502.0,12052929,41.64962723998457,3.753018533922579,True
LOXL1,LGS2,Rod,6599,2.0,12052929,0.1659347698804166,0.15352314286461968,True
LOXL1-AS1,LGS2,Rod,6599,3.0,12052929,0.24890215482062492,0.2222648892602437,True
LRRC37A,LGS2,Rod,6599,240.0,12052929,19.912172385649995,3.0403314002320707,True
LRRC37A17P,LGS2,Rod,6599,,12052929,,,False
LRRC37A2,LGS2,Rod,6599,1612.0,12052929,133.7434245236158,4.903372411000066,True
LRRC37A4P,LGS2,Rod,6599,,12052929,,,False
LRWD1,LGS2,Rod,6599,32.0,12052929,2.6549563180866658,1.2960841418544466,True
LTBP2,LGS2,Rod,6599,233.0,12052929,19.331400691068538,3.01216652300762,True
LTBP3,LGS2,Rod,6599,87.0,12052929,7.218162489798123,2.106346642691899,True
MADD,LGS2,Rod,6599,1646.0,12052929,136.56431561158288,4.924091557648162,True
MAPK8IP1P1,LGS2,Rod,6599,,12052929,,,False
MAPK8IP1P2,LGS2,Rod,6599,,12052929,,,False
MAPT,LGS2,Rod,6599,268.0,12052929,22.235259163975826,3.1456709165085566,True
MAPT-AS1,LGS2,Rod,6599,5.0,12052929,0.41483692470104155,0.3470142768925891,True
MAPT-IT1,LGS2,Rod,6599,4.0,12052929,0.3318695397608332,0.286583624198959,True
ME3,LGS2,Rod,6599,115.0,12052929,9.541249268123956,2.355296062476991,True
MICE,LGS2,Rod,6599,,12052929,,,False
MOV10,LGS2,Rod,6599,13.0,12052929,1.078576004222708,0.7316830459040233,True
MRPL33,LGS2,Rod,6599,835.0,12052929,69.27776642507393,4.252455481724993,True
MTCH2,LGS2,Rod,6599,842.0,12052929,69.85853811965539,4.260685468680559,True
MVB12B,LGS2,Rod,6599,1367.0,12052929,113.41641521326476,4.739844558278486,True
Metazoa_SRP,LGS2,Rod,6599,,12052929,,,False
NEAT1,LGS2,Rod,6599,550.0,12052929,45.63206171711457,3.842288324235137,True
NMT1,LGS2,Rod,6599,996.0,12052929,82.63551540044747,4.426468255242114,True
NPEPPS,LGS2,Rod,6599,3550.0,12052929,294.5342165377395,5.688784622148662,True
NRBP1,LGS2,Rod,6599,636.0,12052929,52.76725682197249,3.98466467263293,True
NSF,LGS2,Rod,6599,2665.0,12052929,221.10808086565515,5.4031641141451,True
NUCB2,LGS2,Rod,6599,629.0,12052929,52.18648512739102,3.973804325115421,True
NUDT7,LGS2,Rod,6599,80.0,12052929,6.637390795216665,2.033056025896853,True
PDE6C,LGS2,Rod,6599,39.0,12052929,3.2357280126681243,1.4435552171479884,True
PGAM1P8,LGS2,Rod,6599,,12052929,,,False
PIBF1,LGS2,Rod,6599,2685.0,12052929,222.76742856445932,5.410607247146977,True
PIGC,LGS2,Rod,6599,532.0,12052929,44.13864878819082,3.8097388371396548,True
PKIB,LGS2,Rod,6599,466.0,12052929,38.662801382137076,3.6804137555476255,True
PLCE1,LGS2,Rod,6599,40.0,12052929,3.3186953976083324,1.462953365353098,True
PLCE1-AS1,LGS2,Rod,6599,0.0,12052929,0.0,0.0,True
PLEKHA7,LGS2,Rod,6599,3454.0,12052929,286.5693475834795,5.6614640401372105,True
PLEKHM1,LGS2,Rod,6599,143.0,12052929,11.864336046449788,2.554458835109231,True
PPP1R18,LGS2,Rod,6599,27.0,12052929,2.2401193933856245,1.1756101789356783,True
PRKCE,LGS2,Rod,6599,1422.0,12052929,117.97962138497621,4.778952229581022,True
PROX2,LGS2,Rod,6599,3.0,12052929,0.24890215482062492,0.2222648892602437,True
PRSS23,LGS2,Rod,6599,7.0,12052929,0.5807716945814582,0.4579131420954998,True
PSORS1C3,LGS2,Rod,6599,0.0,12052929,0.0,0.0,True
RAPSN,LGS2,Rod,6599,1.0,12052929,0.0829673849402083,0.07970485209003493,True
RERE,LGS2,Rod,6599,14956.0,12052929,1240.8602091657556,7.124365703152221,True
RIC8B,LGS2,Rod,6599,1963.0,12052929,162.8649766376289,5.099042775530568,True
RORA,LGS2,Rod,6599,12046.0,12052929,999.4251189897493,6.90818030763441,True
RP11-123K19.1,LGS2,Rod,6599,,12052929,,,False
RP11-136H19.1,LGS2,Rod,6599,,12052929,,,False
RP11-149I2.4,LGS2,Rod,6599,,12052929,,,False
RP11-162I7.1,LGS2,Rod,6599,,12052929,,,False
RP11-17G12.2,LGS2,Rod,6599,,12052929,,,False
RP11-205K6.1,LGS2,Rod,6599,,12052929,,,False
RP11-217B7.2,LGS2,Rod,6599,,12052929,,,False
RP11-259A24.1,LGS2,Rod,6599,,12052929,,,False
RP11-259G18.1,LGS2,Rod,6599,,12052929,,,False
RP11-259G18.3,LGS2,Rod,6599,,12052929,,,False
RP11-293E1.1,LGS2,Rod,6599,,12052929,,,False
RP11-293E1.2,LGS2,Rod,6599,,12052929,,,False
RP11-302L19.3,LGS2,Rod,6599,,12052929,,,False
RP11-403A3.3,LGS2,Rod,6599,,12052929,,,False
RP11-412D9.4,LGS2,Rod,6599,,12052929,,,False
RP11-507B12.1,LGS2,Rod,6599,,12052929,,,False
RP11-507B12.2,LGS2,Rod,6599,,12052929,,,False
RP11-669E14.6,LGS2,Rod,6599,,12052929,,,False
RP11-707O23.1,LGS2,Rod,6599,,12052929,,,False
RP11-750H9.5,LGS2,Rod,6599,,12052929,,,False
RP11-755F10.1,LGS2,Rod,6599,,12052929,,,False
RP11-762L8.6,LGS2,Rod,6599,,12052929,,,False
RP11-770G2.2,LGS2,Rod,6599,,12052929,,,False
RP11-798G7.6,LGS2,Rod,6599,,12052929,,,False
RP11-798G7.8,LGS2,Rod,6599,,12052929,,,False
RP5-1115A15.1,LGS2,Rod,6599,,12052929,,,False
RPS26P8,LGS2,Rod,6599,,12052929,,,False
SCRN2,LGS2,Rod,6599,108.0,12052929,8.960477573542498,2.298625019597836,True
SEMA3E,LGS2,Rod,6599,21.0,12052929,1.7423150837443746,1.0088024847296904,True
SEPT7,LGS2,Rod,6599,,12052929,,,False
SF3A3,LGS2,Rod,6599,198.0,12052929,16.427542218161246,2.8580518408779207,True
SFTA1P,LGS2,Rod,6599,0.0,12052929,0.0,0.0,True
SGSM2,LGS2,Rod,6599,605.0,12052929,50.195267888826024,3.93564710372773,True
SLC25A45,LGS2,Rod,6599,1.0,12052929,0.0829673849402083,0.07970485209003493,True
SLC39A13,LGS2,Rod,6599,77.0,12052929,6.38848864039604,1.9999231998894405,True
SMAD6,LGS2,Rod,6599,2.0,12052929,0.1659347698804166,0.15352314286461968,True
SNORD14A,LGS2,Rod,6599,,12052929,,,False
SSSCA1-AS1,LGS2,Rod,6599,30.0,12052929,2.4890215482062494,1.2496213382263361,True
TARID,LGS2,Rod,6599,3.0,12052929,0.24890215482062492,0.2222648892602437,True
TBC1D31,LGS2,Rod,6599,228.0,12052929,18.916563766367496,2.991551735587946,True
TBKBP1,LGS2,Rod,6599,39.0,12052929,3.2357280126681243,1.4435552171479884,True
TBPL1,LGS2,Rod,6599,193.0,12052929,16.012705293460204,2.83396043511772,True
TGFB3,LGS2,Rod,6599,38.0,12052929,3.1527606277279157,1.4237733245882103,True
THCAT158,LGS2,Rod,6599,,12052929,,,False
THSD7A,LGS2,Rod,6599,50.0,12052929,4.148369247010415,1.6386800134651713,True
TIGD3,LGS2,Rod,6599,13.0,12052929,1.078576004222708,0.7316830459040233,True
TMEM116,LGS2,Rod,6599,386.0,12052929,32.02541058692041,3.4972772829403524,True
TMEM136,LGS2,Rod,6599,,12052929,,,False
TMEM181,LGS2,Rod,6599,536.0,12052929,44.47051832795165,3.8170641671111083,True
TMEM263,LGS2,Rod,6599,317.0,12052929,26.300661026046033,3.306910915306054,True
TRIM26,LGS2,Rod,6599,446.0,12052929,37.00345368333291,3.6376770419999644,True
TRIOBP,LGS2,Rod,6599,160.0,12052929,13.27478159043333,2.65849445528025,True
TSC22D2,LGS2,Rod,6599,1714.0,12052929,142.20609778751705,4.964284835935008,True
TTC28,LGS2,Rod,6599,3997.0,12052929,331.6206376060126,5.807002614160404,True
TTLL5,LGS2,Rod,6599,5329.0,12052929,442.1331943463701,6.0938703892934,True
TXNDC8,LGS2,Rod,6599,0.0,12052929,0.0,0.0,True
TXNRD2,LGS2,Rod,6599,147.0,12052929,12.196205586210622,2.5799293326789434,True
UTP11,LGS2,Rod,6599,71.0,12052929,5.89068433075479,1.9301704024090771,True
VARS2,LGS2,Rod,6599,51.0,12052929,4.231336631950624,1.654666815586984,True
VCAM1,LGS2,Rod,6599,1.0,12052929,0.0829673849402083,0.07970485209003493,True
WLS,LGS2,Rod,6599,3680.0,12052929,305.3199765799666,5.7246302307129335,True
WNT2B,LGS2,Rod,6599,198.0,12052929,16.427542218161246,2.8580518408779207,True
XRCC6P1,LGS2,Rod,6599,,12052929,,,False
XXbac-BPG170G13.32,LGS2,Rod,6599,,12052929,,,False
XXbac-BPG283O16.9,LGS2,Rod,6599,,12052929,,,False
YAP1,LGS2,Rod,6599,4.0,12052929,0.3318695397608332,0.286583624198959,True
YIF1A,LGS2,Rod,6599,108.0,12052929,8.960477573542498,2.298625019597836,True
ZNF280D,LGS2,Rod,6599,1910.0,12052929,158.46770523579787,5.071841426713395,True
ZNF638,LGS2,Rod,6599,6779.0,12052929,562.4359025096721,6.334053578136241,True
ZNF638-IT1,LGS2,Rod,6599,,12052929,,,False
DGKG,LGS2,Cone,690,1.0,2181920,0.458311945442546,0.3772795650516673,True
SLC2A12,LGS2,Cone,690,4.0,2181920,1.833247781770184,1.0414236797029461,True
COL8A2,LGS2,Cone,690,0.0,2181920,0.0,0.0,True
NPC2,LGS2,Cone,690,35.0,2181920,16.04091809048911,2.835617398499603,True
PSMC3,LGS2,Cone,690,24.0,2181920,10.999486690621104,2.484863873091516,True
RP11-466F5.8,LGS2,Cone,690,,2181920,,,False
LPP,LGS2,Cone,690,251.0,2181920,115.03629830607905,4.753903058589945,True
RP11-121M22.1,LGS2,Cone,690,,2181920,,,False
ABO,LGS2,Cone,690,0.0,2181920,0.0,0.0,True
ADAMTS8,LGS2,Cone,690,0.0,2181920,0.0,0.0,True
CALD1,LGS2,Cone,690,15.0,2181920,6.87467918163819,2.0636524450422526,True
CHEK2,LGS2,Cone,690,1.0,2181920,0.458311945442546,0.3772795650516673,True
GAS7,LGS2,Cone,690,358.0,2181920,164.07567646843148,5.106404014018212,True
LMX1B,LGS2,Cone,690,0.0,2181920,0.0,0.0,True
TCF12,LGS2,Cone,690,1314.0,2181920,602.2218963115055,6.402285116286078,True
TMCO1,LGS2,Cone,690,88.0,2181920,40.33145119894405,3.7216237403907364,True
TRIB2,LGS2,Cone,690,67.0,2181920,30.706900344650585,3.456534333682546,True
AC000078.5,LGS2,Cone,690,,2181920,,,False
AC002066.1,LGS2,Cone,690,0.0,2181920,0.0,0.0,True
AC012066.1,LGS2,Cone,690,,2181920,,,False
AC091132.1,LGS2,Cone,690,1.0,2181920,0.458311945442546,0.3772795650516673,True
ACBD4,LGS2,Cone,690,47.0,2181920,21.540661435799663,3.115320853158877,True
AFAP1,LGS2,Cone,690,23.0,2181920,10.541174745178559,2.4459210535747067,True
ALDH2,LGS2,Cone,690,108.0,2181920,49.497690107794966,3.9219275947954846,True
AP003068.23,LGS2,Cone,690,,2181920,,,False
AP5B1,LGS2,Cone,690,15.0,2181920,6.87467918163819,2.0636524450422526,True
AREL1,LGS2,Cone,690,58.0,2181920,26.58209283566767,3.31716675185272,True
ARHGAP27,LGS2,Cone,690,6.0,2181920,2.749871672655276,1.3217216187715208,True
ARHGEF12,LGS2,Cone,690,683.0,2181920,313.0270587372589,5.749479156517941,True
ARL17A,LGS2,Cone,690,161.0,2181920,73.7882232162499,4.314660428951859,True
ATP5J,LGS2,Cone,690,,2181920,,,False
BICC1,LGS2,Cone,690,1.0,2181920,0.458311945442546,0.3772795650516673,True
BORA,LGS2,Cone,690,17.0,2181920,7.791303072523283,2.1737629455930936,True
C1orf109,LGS2,Cone,690,11.0,2181920,5.0414313998680065,1.7986409706029172,True
C1orf122,LGS2,Cone,690,77.0,2181920,35.29001979907604,3.5915427668042197,True
C22orf29,LGS2,Cone,690,,2181920,,,False
C6orf15,LGS2,Cone,690,0.0,2181920,0.0,0.0,True
CADM1,LGS2,Cone,690,6337.0,2181920,2904.3227982694143,7.974299781277876,True
CADM2,LGS2,Cone,690,20998.0,2181920,9623.634230402582,9.172081156397795,True
CAV2,LGS2,Cone,690,14.0,2181920,6.4163672361956445,2.003689346481364,True
CCDC117,LGS2,Cone,690,15.0,2181920,6.87467918163819,2.0636524450422526,True
CDC14A,LGS2,Cone,690,106.0,2181920,48.581066216909875,3.9036090313558454,True
CDKN2A,LGS2,Cone,690,0.0,2181920,0.0,0.0,True
CDKN2B-AS1,LGS2,Cone,690,0.0,2181920,0.0,0.0,True
CELF1,LGS2,Cone,690,303.0,2181920,138.86851946909144,4.940702834685441,True
CLIC5,LGS2,Cone,690,1.0,2181920,0.458311945442546,0.3772795650516673,True
CMB9-22P13.1,LGS2,Cone,690,,2181920,,,False
COL11A1,LGS2,Cone,690,3.0,2181920,1.374935836327638,0.8649704208385585,True
CRHR1,LGS2,Cone,690,6.0,2181920,2.749871672655276,1.3217216187715208,True
CTA-292E10.6,LGS2,Cone,690,,2181920,,,False
CTB-39G8.3,LGS2,Cone,690,,2181920,,,False
CTD-2005H7.1,LGS2,Cone,690,,2181920,,,False
CTD-2020K17.1,LGS2,Cone,690,,2181920,,,False
CTD-2020K17.3,LGS2,Cone,690,,2181920,,,False
CTTNBP2,LGS2,Cone,690,246.0,2181920,112.74473857886632,4.733956802509574,True
DDX39BP2,LGS2,Cone,690,,2181920,,,False
DIO1,LGS2,Cone,690,1.0,2181920,0.458311945442546,0.3772795650516673,True
DND1P1,LGS2,Cone,690,,2181920,,,False
DYSF,LGS2,Cone,690,11.0,2181920,5.0414313998680065,1.7986409706029172,True
EFCAB13,LGS2,Cone,690,83.0,2181920,38.039891471731316,3.6645839816161128,True
EFEMP1,LGS2,Cone,690,1.0,2181920,0.458311945442546,0.3772795650516673,True
EHBP1L1,LGS2,Cone,690,1.0,2181920,0.458311945442546,0.3772795650516673,True
FAM215B,LGS2,Cone,690,28.0,2181920,12.832734472391289,2.627037846479017,True
FAM83A,LGS2,Cone,690,0.0,2181920,0.0,0.0,True
FAM83A-AS1,LGS2,Cone,690,0.0,2181920,0.0,0.0,True
FAM89B,LGS2,Cone,690,7.0,2181920,3.2081836180978223,1.4370311099629294,True
FHL3,LGS2,Cone,690,0.0,2181920,0.0,0.0,True
FLOT1,LGS2,Cone,690,156.0,2181920,71.49666348903718,4.2835405399607716,True
FLVCR2,LGS2,Cone,690,0.0,2181920,0.0,0.0,True
FMNL1,LGS2,Cone,690,0.0,2181920,0.0,0.0,True
FNDC4,LGS2,Cone,690,1.0,2181920,0.458311945442546,0.3772795650516673,True
GALR3,LGS2,Cone,690,0.0,2181920,0.0,0.0,True
GCAT,LGS2,Cone,690,4.0,2181920,1.833247781770184,1.0414236797029461,True
GLIS1,LGS2,Cone,690,3.0,2181920,1.374935836327638,0.8649704208385585,True
H1F0,LGS2,Cone,690,6.0,2181920,2.749871672655276,1.3217216187715208,True
HCG4,LGS2,Cone,690,,2181920,,,False
HCG4B,LGS2,Cone,690,,2181920,,,False
HCG4P5,LGS2,Cone,690,,2181920,,,False
HCG4P7,LGS2,Cone,690,,2181920,,,False
HCG9,LGS2,Cone,690,3.0,2181920,1.374935836327638,0.8649704208385585,True
HCP5B,LGS2,Cone,690,,2181920,,,False
HECTD4,LGS2,Cone,690,756.0,2181920,346.4838307545648,5.850718133719592,True
HLA-A,LGS2,Cone,690,20.0,2181920,9.16623890885092,2.3190723195208442,True
HLA-C,LGS2,Cone,690,39.0,2181920,17.874165872259294,2.9377941019604012,True
HLA-F,LGS2,Cone,690,8.0,2181920,3.666495563540368,1.5404083753193376,True
HLA-F-AS1,LGS2,Cone,690,18.0,2181920,8.249615017965828,2.224581930978841,True
HLA-G,LGS2,Cone,690,0.0,2181920,0.0,0.0,True
HLA-H,LGS2,Cone,690,,2181920,,,False
HLA-J,LGS2,Cone,690,,2181920,,,False
HLA-L,LGS2,Cone,690,,2181920,,,False
HLA-T,LGS2,Cone,690,,2181920,,,False
HLA-U,LGS2,Cone,690,,2181920,,,False
HLA-V,LGS2,Cone,690,,2181920,,,False
HLA-W,LGS2,Cone,690,,2181920,,,False
HSCB,LGS2,Cone,690,33.0,2181920,15.124294199604018,2.780327091156684,True
HTRA3,LGS2,Cone,690,0.0,2181920,0.0,0.0,True
IFITM4P,LGS2,Cone,690,,2181920,,,False
IFT172,LGS2,Cone,690,294.0,2181920,134.74371196010853,4.910768637005358,True
INPP5B,LGS2,Cone,690,59.0,2181920,27.040404781110215,3.333646497907779,True
ITGB3,LGS2,Cone,690,6.0,2181920,2.749871672655276,1.3217216187715208,True
KANSL1,LGS2,Cone,690,1271.0,2181920,582.514482657476,6.369069271739887,True
KANSL1-AS1,LGS2,Cone,690,11.0,2181920,5.0414313998680065,1.7986409706029172,True
KHK,LGS2,Cone,690,3.0,2181920,1.374935836327638,0.8649704208385585,True
KLF5,LGS2,Cone,690,1.0,2181920,0.458311945442546,0.3772795650516673,True
KRT8P26,LGS2,Cone,690,,2181920,,,False
LHPP,LGS2,Cone,690,100.0,2181920,45.8311945442546,3.8465495309686637,True
LINC01948,LGS2,Cone,690,2.0,2181920,0.916623890885092,0.6505652480930212,True
LINC02052,LGS2,Cone,690,0.0,2181920,0.0,0.0,True
LINC02210,LGS2,Cone,690,,2181920,,,False
LMO4,LGS2,Cone,690,99.0,2181920,45.372882598812055,3.8367148616385895,True
LMO7,LGS2,Cone,690,68.0,2181920,31.16521229009313,3.470885504875169,True
LOXL1,LGS2,Cone,690,0.0,2181920,0.0,0.0,True
LOXL1-AS1,LGS2,Cone,690,0.0,2181920,0.0,0.0,True
LRRC37A,LGS2,Cone,690,53.0,2181920,24.290533108454937,3.2304301402720714,True
LRRC37A17P,LGS2,Cone,690,,2181920,,,False
LRRC37A2,LGS2,Cone,690,310.0,2181920,142.07670308718926,4.963380871681872,True
LRRC37A4P,LGS2,Cone,690,,2181920,,,False
LRWD1,LGS2,Cone,690,5.0,2181920,2.29155972721273,1.1913615336559582,True
LTBP2,LGS2,Cone,690,6.0,2181920,2.749871672655276,1.3217216187715208,True
LTBP3,LGS2,Cone,690,2.0,2181920,0.916623890885092,0.6505652480930212,True
MADD,LGS2,Cone,690,334.0,2181920,153.07618977781036,5.0374472188876815,True
MAPK8IP1P1,LGS2,Cone,690,,2181920,,,False
MAPK8IP1P2,LGS2,Cone,690,,2181920,,,False
MAPT,LGS2,Cone,690,329.0,2181920,150.78463005059763,5.022462608521683,True
MAPT-AS1,LGS2,Cone,690,7.0,2181920,3.2081836180978223,1.4370311099629294,True
MAPT-IT1,LGS2,Cone,690,1.0,2181920,0.458311945442546,0.3772795650516673,True
ME3,LGS2,Cone,690,31.0,2181920,14.207670308718926,2.7217999261451773,True
MICE,LGS2,Cone,690,,2181920,,,False
MOV10,LGS2,Cone,690,7.0,2181920,3.2081836180978223,1.4370311099629294,True
MRPL33,LGS2,Cone,690,93.0,2181920,42.62301092615678,3.7755847846672257,True
MTCH2,LGS2,Cone,690,106.0,2181920,48.581066216909875,3.9036090313558454,True
MVB12B,LGS2,Cone,690,29.0,2181920,13.291046417833835,2.659633216540974,True
Metazoa_SRP,LGS2,Cone,690,,2181920,,,False
NEAT1,LGS2,Cone,690,120.0,2181920,54.99743345310552,4.025305858490324,True
NMT1,LGS2,Cone,690,178.0,2181920,81.5795262887732,4.413761784049789,True
NPEPPS,LGS2,Cone,690,710.0,2181920,325.4014812642077,5.788128161266565,True
NRBP1,LGS2,Cone,690,105.0,2181920,48.12275427146733,3.8943223545687538,True
NSF,LGS2,Cone,690,592.0,2181920,271.32067170198724,5.606980311972696,True
NUCB2,LGS2,Cone,690,204.0,2181920,93.49563687027938,4.548553662748924,True
NUDT7,LGS2,Cone,690,10.0,2181920,4.58311945442546,1.7197476621991796,True
PDE6C,LGS2,Cone,690,434.0,2181920,198.90738432206496,5.2978541809044515,True
PGAM1P8,LGS2,Cone,690,,2181920,,,False
PIBF1,LGS2,Cone,690,461.0,2181920,211.28180684901372,5.3579146695544,True
PIGC,LGS2,Cone,690,84.0,2181920,38.49820341717386,3.6762551877631657,True
PKIB,LGS2,Cone,690,143.0,2181920,65.53860819828408,4.197782353603975,True
PLCE1,LGS2,Cone,690,12.0,2181920,5.499743345310552,1.871762690785187,True
PLCE1-AS1,LGS2,Cone,690,0.0,2181920,0.0,0.0,True
PLEKHA7,LGS2,Cone,690,1325.0,2181920,607.2633277113734,6.410607892991803,True
PLEKHM1,LGS2,Cone,690,27.0,2181920,12.374422526948742,2.593344116294745,True
PPP1R18,LGS2,Cone,690,6.0,2181920,2.749871672655276,1.3217216187715208,True
PRKCE,LGS2,Cone,690,242.0,2181920,110.91149079709614,4.717708298134256,True
PROX2,LGS2,Cone,690,0.0,2181920,0.0,0.0,True
PRSS23,LGS2,Cone,690,14.0,2181920,6.4163672361956445,2.003689346481364,True
PSORS1C3,LGS2,Cone,690,0.0,2181920,0.0,0.0,True
RAPSN,LGS2,Cone,690,0.0,2181920,0.0,0.0,True
RERE,LGS2,Cone,690,4175.0,2181920,1913.4523722226297,7.557186893210477,True
RIC8B,LGS2,Cone,690,81.0,2181920,37.123267580846225,3.6408247933927305,True
RORA,LGS2,Cone,690,4968.0,2181920,2276.8937449585687,7.7310064989151215,True
RP11-123K19.1,LGS2,Cone,690,,2181920,,,False
RP11-136H19.1,LGS2,Cone,690,,2181920,,,False
RP11-149I2.4,LGS2,Cone,690,,2181920,,,False
RP11-162I7.1,LGS2,Cone,690,,2181920,,,False
RP11-17G12.2,LGS2,Cone,690,,2181920,,,False
RP11-205K6.1,LGS2,Cone,690,,2181920,,,False
RP11-217B7.2,LGS2,Cone,690,,2181920,,,False
RP11-259A24.1,LGS2,Cone,690,,2181920,,,False
RP11-259G18.1,LGS2,Cone,690,,2181920,,,False
RP11-259G18.3,LGS2,Cone,690,,2181920,,,False
RP11-293E1.1,LGS2,Cone,690,,2181920,,,False
RP11-293E1.2,LGS2,Cone,690,,2181920,,,False
RP11-302L19.3,LGS2,Cone,690,,2181920,,,False
RP11-403A3.3,LGS2,Cone,690,,2181920,,,False
RP11-412D9.4,LGS2,Cone,690,,2181920,,,False
RP11-507B12.1,LGS2,Cone,690,,2181920,,,False
RP11-507B12.2,LGS2,Cone,690,,2181920,,,False
RP11-669E14.6,LGS2,Cone,690,,2181920,,,False
RP11-707O23.1,LGS2,Cone,690,,2181920,,,False
RP11-750H9.5,LGS2,Cone,690,,2181920,,,False
RP11-755F10.1,LGS2,Cone,690,,2181920,,,False
RP11-762L8.6,LGS2,Cone,690,,2181920,,,False
RP11-770G2.2,LGS2,Cone,690,,2181920,,,False
RP11-798G7.6,LGS2,Cone,690,,2181920,,,False
RP11-798G7.8,LGS2,Cone,690,,2181920,,,False
RP5-1115A15.1,LGS2,Cone,690,,2181920,,,False
RPS26P8,LGS2,Cone,690,,2181920,,,False
SCRN2,LGS2,Cone,690,13.0,2181920,5.958055290753098,1.9399000230553352,True
SEMA3E,LGS2,Cone,690,46.0,2181920,21.082349490357117,3.0947786238257247,True
SEPT7,LGS2,Cone,690,,2181920,,,False
SF3A3,LGS2,Cone,690,32.0,2181920,14.665982254161472,2.751491626183105,True
SFTA1P,LGS2,Cone,690,0.0,2181920,0.0,0.0,True
SGSM2,LGS2,Cone,690,149.0,2181920,68.28847987093936,4.238278656748603,True
SLC25A45,LGS2,Cone,690,0.0,2181920,0.0,0.0,True
SLC39A13,LGS2,Cone,690,16.0,2181920,7.332991127080736,2.1202224706065995,True
SMAD6,LGS2,Cone,690,1.0,2181920,0.458311945442546,0.3772795650516673,True
SNORD14A,LGS2,Cone,690,,2181920,,,False
SSSCA1-AS1,LGS2,Cone,690,2.0,2181920,0.916623890885092,0.6505652480930212,True
TARID,LGS2,Cone,690,1.0,2181920,0.458311945442546,0.3772795650516673,True
TBC1D31,LGS2,Cone,690,60.0,2181920,27.49871672655276,3.349859059122353,True
TBKBP1,LGS2,Cone,690,8.0,2181920,3.666495563540368,1.5404083753193376,True
TBPL1,LGS2,Cone,690,35.0,2181920,16.04091809048911,2.835617398499603,True
TGFB3,LGS2,Cone,690,5.0,2181920,2.29155972721273,1.1913615336559582,True
THCAT158,LGS2,Cone,690,,2181920,,,False
THSD7A,LGS2,Cone,690,623.0,2181920,285.5283420107062,5.657837456255779,True
TIGD3,LGS2,Cone,690,2.0,2181920,0.916623890885092,0.6505652480930212,True
TMEM116,LGS2,Cone,690,42.0,2181920,19.24910170858693,3.00811043249883,True
TMEM136,LGS2,Cone,690,,2181920,,,False
TMEM181,LGS2,Cone,690,80.0,2181920,36.66495563540368,3.6287301034037047,True
TMEM263,LGS2,Cone,690,57.0,2181920,26.123780890225124,3.30041086671144,True
TRIM26,LGS2,Cone,690,70.0,2181920,32.08183618097822,3.4989843758997288,True
TRIOBP,LGS2,Cone,690,26.0,2181920,11.916110581506196,2.558475414450134,True
TSC22D2,LGS2,Cone,690,328.0,2181920,150.32631810515508,5.019438552165423,True
TTC28,LGS2,Cone,690,475.0,2181920,217.69817408520936,5.387692578700496,True
TTLL5,LGS2,Cone,690,931.0,2181920,426.6884212070103,6.058394942635892,True
TXNDC8,LGS2,Cone,690,1.0,2181920,0.458311945442546,0.3772795650516673,True
TXNRD2,LGS2,Cone,690,29.0,2181920,13.291046417833835,2.659633216540974,True
UTP11,LGS2,Cone,690,13.0,2181920,5.958055290753098,1.9399000230553352,True
VARS2,LGS2,Cone,690,8.0,2181920,3.666495563540368,1.5404083753193376,True
VCAM1,LGS2,Cone,690,0.0,2181920,0.0,0.0,True
WLS,LGS2,Cone,690,482.0,2181920,220.90635770330718,5.402255480737246,True
WNT2B,LGS2,Cone,690,37.0,2181920,16.957541981374202,2.888010192782503,True
XRCC6P1,LGS2,Cone,690,,2181920,,,False
XXbac-BPG170G13.32,LGS2,Cone,690,,2181920,,,False
XXbac-BPG283O16.9,LGS2,Cone,690,,2181920,,,False
YAP1,LGS2,Cone,690,0.0,2181920,0.0,0.0,True
YIF1A,LGS2,Cone,690,16.0,2181920,7.332991127080736,2.1202224706065995,True
ZNF280D,LGS2,Cone,690,276.0,2181920,126.4940969421427,4.848070065033674,True
ZNF638,LGS2,Cone,690,1030.0,2181920,472.0613038058224,6.159224986448559,True
ZNF638-IT1,LGS2,Cone,690,,2181920,,,False
DGKG,LGS2,Bipolar,2673,4.0,9137095,0.43777590142162254,0.3630974066966266,True
SLC2A12,LGS2,Bipolar,2673,11.0,9137095,1.203883728909462,0.7902211353208123,True
COL8A2,LGS2,Bipolar,2673,1.0,9137095,0.10944397535540563,0.10385896671711331,True
NPC2,LGS2,Bipolar,2673,125.0,9137095,13.680496919425703,2.6865198727105866,True
PSMC3,LGS2,Bipolar,2673,121.0,9137095,13.242721018004081,2.6562459704548567,True
RP11-466F5.8,LGS2,Bipolar,2673,,9137095,,,False
LPP,LGS2,Bipolar,2673,330.0,9137095,36.116511867283855,3.6140619344100595,True
RP11-121M22.1,LGS2,Bipolar,2673,,9137095,,,False
ABO,LGS2,Bipolar,2673,1.0,9137095,0.10944397535540563,0.10385896671711331,True
ADAMTS8,LGS2,Bipolar,2673,1.0,9137095,0.10944397535540563,0.10385896671711331,True
CALD1,LGS2,Bipolar,2673,522.0,9137095,57.12975513552174,4.062677669344534,True
CHEK2,LGS2,Bipolar,2673,16.0,9137095,1.7511036056864902,1.0120021423334178,True
GAS7,LGS2,Bipolar,2673,533.0,9137095,58.3336388644312,4.083176411011244,True
LMX1B,LGS2,Bipolar,2673,3.0,9137095,0.32833192606621686,0.2839239641503332,True
TCF12,LGS2,Bipolar,2673,4041.0,9137095,442.26310441119415,6.094163508896756,True
TMCO1,LGS2,Bipolar,2673,401.0,9137095,43.88703411751766,3.80414898060706,True
TRIB2,LGS2,Bipolar,2673,294.0,9137095,32.176528754489254,3.501842660678457,True
AC000078.5,LGS2,Bipolar,2673,,9137095,,,False
AC002066.1,LGS2,Bipolar,2673,21.0,9137095,2.2983234824635184,1.1934143037615002,True
AC012066.1,LGS2,Bipolar,2673,,9137095,,,False
AC091132.1,LGS2,Bipolar,2673,3.0,9137095,0.32833192606621686,0.2839239641503332,True
ACBD4,LGS2,Bipolar,2673,106.0,9137095,11.601061387672997,2.53378104752659,True
AFAP1,LGS2,Bipolar,2673,24.0,9137095,2.626655408529735,1.2883108484891705,True
ALDH2,LGS2,Bipolar,2673,532.0,9137095,58.2241948890758,4.08133015584651,True
AP003068.23,LGS2,Bipolar,2673,,9137095,,,False
AP5B1,LGS2,Bipolar,2673,28.0,9137095,3.064431309951358,1.4022738340620173,True
AREL1,LGS2,Bipolar,2673,260.0,9137095,28.455433592405463,3.382878395367952,True
ARHGAP27,LGS2,Bipolar,2673,33.0,9137095,3.611651186728386,1.5285859678745175,True
ARHGEF12,LGS2,Bipolar,2673,3566.0,9137095,390.2772161173765,5.969416301396388,True
ARL17A,LGS2,Bipolar,2673,669.0,9137095,73.21801951276636,4.307006971266273,True
ATP5J,LGS2,Bipolar,2673,,9137095,,,False
BICC1,LGS2,Bipolar,2673,23.0,9137095,2.5172114331743294,1.2576684691640574,True
BORA,LGS2,Bipolar,2673,91.0,9137095,9.959401757341912,2.3941976958459663,True
C1orf109,LGS2,Bipolar,2673,41.0,9137095,4.487202989571631,1.7024186520292641,True
C1orf122,LGS2,Bipolar,2673,463.0,9137095,50.67256058955281,3.944926897671802,True
C22orf29,LGS2,Bipolar,2673,,9137095,,,False
C6orf15,LGS2,Bipolar,2673,0.0,9137095,0.0,0.0,True
CADM1,LGS2,Bipolar,2673,43268.0,9137095,4735.4219256776905,8.463037261632323,True
CADM2,LGS2,Bipolar,2673,61900.0,9137095,6774.582074499608,8.821080557112708,True
CAV2,LGS2,Bipolar,2673,84.0,9137095,9.193293929854073,2.321730046212589,True
CCDC117,LGS2,Bipolar,2673,61.0,9137095,6.676082496679744,2.0381093254404554,True
CDC14A,LGS2,Bipolar,2673,224.0,9137095,24.515450479610863,3.2392841698415937,True
CDKN2A,LGS2,Bipolar,2673,7.0,9137095,0.7661078274878395,0.5687781577854697,True
CDKN2B-AS1,LGS2,Bipolar,2673,27.0,9137095,2.954987334595952,1.3749773988367278,True
CELF1,LGS2,Bipolar,2673,871.0,9137095,95.3257025345583,4.56773518386282,True
CLIC5,LGS2,Bipolar,2673,16.0,9137095,1.7511036056864902,1.0120021423334178,True
CMB9-22P13.1,LGS2,Bipolar,2673,,9137095,,,False
COL11A1,LGS2,Bipolar,2673,36.0,9137095,3.939983112794603,1.5973619127313572,True
CRHR1,LGS2,Bipolar,2673,322.0,9137095,35.240960064440614,3.590189972668264,True
CTA-292E10.6,LGS2,Bipolar,2673,,9137095,,,False
CTB-39G8.3,LGS2,Bipolar,2673,,9137095,,,False
CTD-2005H7.1,LGS2,Bipolar,2673,,9137095,,,False
CTD-2020K17.1,LGS2,Bipolar,2673,,9137095,,,False
CTD-2020K17.3,LGS2,Bipolar,2673,,9137095,,,False
CTTNBP2,LGS2,Bipolar,2673,619.0,9137095,67.74582074499608,4.230415945535251,True
DDX39BP2,LGS2,Bipolar,2673,,9137095,,,False
DIO1,LGS2,Bipolar,2673,5.0,9137095,0.5472198767770281,0.4364596925688521,True
DND1P1,LGS2,Bipolar,2673,,9137095,,,False
DYSF,LGS2,Bipolar,2673,43.0,9137095,4.706090940282442,1.7415341903233381,True
EFCAB13,LGS2,Bipolar,2673,430.0,9137095,47.06090940282442,3.8724691523686756,True
EFEMP1,LGS2,Bipolar,2673,9.0,9137095,0.9849957781986507,0.6856167872848269,True
EHBP1L1,LGS2,Bipolar,2673,8.0,9137095,0.8755518028432451,0.6289029109758699,True
FAM215B,LGS2,Bipolar,2673,96.0,9137095,10.50662163411894,2.4429226639345005,True
FAM83A,LGS2,Bipolar,2673,0.0,9137095,0.0,0.0,True
FAM83A-AS1,LGS2,Bipolar,2673,0.0,9137095,0.0,0.0,True
FAM89B,LGS2,Bipolar,2673,30.0,9137095,3.283319260662169,1.4547282372192012,True
FHL3,LGS2,Bipolar,2673,1.0,9137095,0.10944397535540563,0.10385896671711331,True
FLOT1,LGS2,Bipolar,2673,436.0,9137095,47.717573254956854,3.886039812123249,True
FLVCR2,LGS2,Bipolar,2673,5.0,9137095,0.5472198767770281,0.4364596925688521,True
FMNL1,LGS2,Bipolar,2673,14.0,9137095,1.532215654975679,0.929094672446361,True
FNDC4,LGS2,Bipolar,2673,16.0,9137095,1.7511036056864902,1.0120021423334178,True
GALR3,LGS2,Bipolar,2673,0.0,9137095,0.0,0.0,True
GCAT,LGS2,Bipolar,2673,32.0,9137095,3.5022072113729803,1.5045677679408973,True
GLIS1,LGS2,Bipolar,2673,13.0,9137095,1.4227716796202732,0.8849122069446781,True
H1F0,LGS2,Bipolar,2673,301.0,9137095,32.9426365819771,3.524671940406339,True
HCG4,LGS2,Bipolar,2673,,9137095,,,False
HCG4B,LGS2,Bipolar,2673,,9137095,,,False
HCG4P5,LGS2,Bipolar,2673,,9137095,,,False
HCG4P7,LGS2,Bipolar,2673,,9137095,,,False
HCG9,LGS2,Bipolar,2673,5.0,9137095,0.5472198767770281,0.4364596925688521,True
HCP5B,LGS2,Bipolar,2673,,9137095,,,False
HECTD4,LGS2,Bipolar,2673,2154.0,9137095,235.74232291554372,5.466972304573342,True
HLA-A,LGS2,Bipolar,2673,317.0,9137095,34.693740187663586,3.574975328527509,True
HLA-C,LGS2,Bipolar,2673,574.0,9137095,62.82084185400283,4.156079811831771,True
HLA-F,LGS2,Bipolar,2673,31.0,9137095,3.3927632360175743,1.4799584678019877,True
HLA-F-AS1,LGS2,Bipolar,2673,25.0,9137095,2.736099383885141,1.318042121695096,True
HLA-G,LGS2,Bipolar,2673,0.0,9137095,0.0,0.0,True
HLA-H,LGS2,Bipolar,2673,,9137095,,,False
HLA-J,LGS2,Bipolar,2673,,9137095,,,False
HLA-L,LGS2,Bipolar,2673,,9137095,,,False
HLA-T,LGS2,Bipolar,2673,,9137095,,,False
HLA-U,LGS2,Bipolar,2673,,9137095,,,False
HLA-V,LGS2,Bipolar,2673,,9137095,,,False
HLA-W,LGS2,Bipolar,2673,,9137095,,,False
HSCB,LGS2,Bipolar,2673,108.0,9137095,11.819949338383807,2.5510024997205822,True
HTRA3,LGS2,Bipolar,2673,1.0,9137095,0.10944397535540563,0.10385896671711331,True
IFITM4P,LGS2,Bipolar,2673,,9137095,,,False
IFT172,LGS2,Bipolar,2673,618.0,9137095,67.63637676964068,4.228822667796394,True
INPP5B,LGS2,Bipolar,2673,297.0,9137095,32.504860680555474,3.5116905232477222,True
ITGB3,LGS2,Bipolar,2673,2.0,9137095,0.21888795071081127,0.1979389272511977,True
KANSL1,LGS2,Bipolar,2673,6182.0,9137095,676.5826556471176,6.5185315462675,True
KANSL1-AS1,LGS2,Bipolar,2673,117.0,9137095,12.80494511658246,2.6250268697554144,True
KHK,LGS2,Bipolar,2673,22.0,9137095,2.407767457818924,1.2260573724309476,True
KLF5,LGS2,Bipolar,2673,6.0,9137095,0.6566638521324337,0.5048058525249606,True
KRT8P26,LGS2,Bipolar,2673,,9137095,,,False
LHPP,LGS2,Bipolar,2673,287.0,9137095,31.410420927001415,3.478480004634728,True
LINC01948,LGS2,Bipolar,2673,46.0,9137095,5.034422866348659,1.7974802188827075,True
LINC02052,LGS2,Bipolar,2673,0.0,9137095,0.0,0.0,True
LINC02210,LGS2,Bipolar,2673,,9137095,,,False
LMO4,LGS2,Bipolar,2673,706.0,9137095,77.26744660091637,4.360131764324549,True
LMO7,LGS2,Bipolar,2673,319.0,9137095,34.912628138374394,3.5810889923707276,True
LOXL1,LGS2,Bipolar,2673,0.0,9137095,0.0,0.0,True
LOXL1-AS1,LGS2,Bipolar,2673,0.0,9137095,0.0,0.0,True
LRRC37A,LGS2,Bipolar,2673,207.0,9137095,22.654902898568967,3.1635704041737758,True
LRRC37A17P,LGS2,Bipolar,2673,,9137095,,,False
LRRC37A2,LGS2,Bipolar,2673,1270.0,9137095,138.99384870136515,4.941598483796617,True
LRRC37A4P,LGS2,Bipolar,2673,,9137095,,,False
LRWD1,LGS2,Bipolar,2673,34.0,9137095,3.7210951620837913,1.552040798548836,True
LTBP2,LGS2,Bipolar,2673,90.0,9137095,9.849957781986507,2.384161188917747,True
LTBP3,LGS2,Bipolar,2673,138.0,9137095,15.103268599045977,2.7790222699592197,True
MADD,LGS2,Bipolar,2673,754.0,9137095,82.52075741797584,4.425095192795026,True
MAPK8IP1P1,LGS2,Bipolar,2673,,9137095,,,False
MAPK8IP1P2,LGS2,Bipolar,2673,,9137095,,,False
MAPT,LGS2,Bipolar,2673,2969.0,9137095,324.93916283019934,5.786710746866294,True
MAPT-AS1,LGS2,Bipolar,2673,381.0,9137095,41.698154610409546,3.7541557017458618,True
MAPT-IT1,LGS2,Bipolar,2673,61.0,9137095,6.676082496679744,2.0381093254404554,True
ME3,LGS2,Bipolar,2673,824.0,9137095,90.18183569285424,4.512855707208807,True
MICE,LGS2,Bipolar,2673,,9137095,,,False
MOV10,LGS2,Bipolar,2673,14.0,9137095,1.532215654975679,0.929094672446361,True
MRPL33,LGS2,Bipolar,2673,544.0,9137095,59.53752259334066,4.103263380941595,True
MTCH2,LGS2,Bipolar,2673,420.0,9137095,45.966469649270365,3.849433935393171,True
MVB12B,LGS2,Bipolar,2673,579.0,9137095,63.36806173077986,4.164617574235991,True
Metazoa_SRP,LGS2,Bipolar,2673,,9137095,,,False
NEAT1,LGS2,Bipolar,2673,6379.0,9137095,698.1431187921326,6.549855469190169,True
NMT1,LGS2,Bipolar,2673,502.0,9137095,54.94087562841363,4.024295340644042,True
NPEPPS,LGS2,Bipolar,2673,3665.0,9137095,401.1121696775616,5.996731078746317,True
NRBP1,LGS2,Bipolar,2673,261.0,9137095,28.56487756776087,3.386587088143328,True
NSF,LGS2,Bipolar,2673,1597.0,9137095,174.7820286425828,5.169244753874222,True
NUCB2,LGS2,Bipolar,2673,709.0,9137095,77.59577852698258,4.364317989684708,True
NUDT7,LGS2,Bipolar,2673,62.0,9137095,6.785526472035149,2.0522664294650537,True
PDE6C,LGS2,Bipolar,2673,30.0,9137095,3.283319260662169,1.4547282372192012,True
PGAM1P8,LGS2,Bipolar,2673,,9137095,,,False
PIBF1,LGS2,Bipolar,2673,1667.0,9137095,182.4431069174612,5.2119045753745,True
PIGC,LGS2,Bipolar,2673,271.0,9137095,29.659317321314926,3.422936607093848,True
PKIB,LGS2,Bipolar,2673,189.0,9137095,20.684911342171663,3.076616688838652,True
PLCE1,LGS2,Bipolar,2673,41.0,9137095,4.487202989571631,1.7024186520292641,True
PLCE1-AS1,LGS2,Bipolar,2673,0.0,9137095,0.0,0.0,True
PLEKHA7,LGS2,Bipolar,2673,1121.0,9137095,122.68669637340972,4.817751726108002,True
PLEKHM1,LGS2,Bipolar,2673,90.0,9137095,9.849957781986507,2.384161188917747,True
PPP1R18,LGS2,Bipolar,2673,7.0,9137095,0.7661078274878395,0.5687781577854697,True
PRKCE,LGS2,Bipolar,2673,4224.0,9137095,462.2913519012334,6.138356125944119,True
PROX2,LGS2,Bipolar,2673,2.0,9137095,0.21888795071081127,0.1979389272511977,True
PRSS23,LGS2,Bipolar,2673,73.0,9137095,7.989410200944611,2.196047240207283,True
PSORS1C3,LGS2,Bipolar,2673,0.0,9137095,0.0,0.0,True
RAPSN,LGS2,Bipolar,2673,0.0,9137095,0.0,0.0,True
RERE,LGS2,Bipolar,2673,11362.0,9137095,1243.5024479881188,7.126491088851207,True
RIC8B,LGS2,Bipolar,2673,771.0,9137095,84.38130499901774,4.447127165811482,True
RORA,LGS2,Bipolar,2673,56722.0,9137095,6207.881170109318,8.733735992851798,True
RP11-123K19.1,LGS2,Bipolar,2673,,9137095,,,False
RP11-136H19.1,LGS2,Bipolar,2673,,9137095,,,False
RP11-149I2.4,LGS2,Bipolar,2673,,9137095,,,False
RP11-162I7.1,LGS2,Bipolar,2673,,9137095,,,False
RP11-17G12.2,LGS2,Bipolar,2673,,9137095,,,False
RP11-205K6.1,LGS2,Bipolar,2673,,9137095,,,False
RP11-217B7.2,LGS2,Bipolar,2673,,9137095,,,False
RP11-259A24.1,LGS2,Bipolar,2673,,9137095,,,False
RP11-259G18.1,LGS2,Bipolar,2673,,9137095,,,False
RP11-259G18.3,LGS2,Bipolar,2673,,9137095,,,False
RP11-293E1.1,LGS2,Bipolar,2673,,9137095,,,False
RP11-293E1.2,LGS2,Bipolar,2673,,9137095,,,False
RP11-302L19.3,LGS2,Bipolar,2673,,9137095,,,False
RP11-403A3.3,LGS2,Bipolar,2673,,9137095,,,False
RP11-412D9.4,LGS2,Bipolar,2673,,9137095,,,False
RP11-507B12.1,LGS2,Bipolar,2673,,9137095,,,False
RP11-507B12.2,LGS2,Bipolar,2673,,9137095,,,False
RP11-669E14.6,LGS2,Bipolar,2673,,9137095,,,False
RP11-707O23.1,LGS2,Bipolar,2673,,9137095,,,False
RP11-750H9.5,LGS2,Bipolar,2673,,9137095,,,False
RP11-755F10.1,LGS2,Bipolar,2673,,9137095,,,False
RP11-762L8.6,LGS2,Bipolar,2673,,9137095,,,False
RP11-770G2.2,LGS2,Bipolar,2673,,9137095,,,False
RP11-798G7.6,LGS2,Bipolar,2673,,9137095,,,False
RP11-798G7.8,LGS2,Bipolar,2673,,9137095,,,False
RP5-1115A15.1,LGS2,Bipolar,2673,,9137095,,,False
RPS26P8,LGS2,Bipolar,2673,,9137095,,,False
SCRN2,LGS2,Bipolar,2673,61.0,9137095,6.676082496679744,2.0381093254404554,True
SEMA3E,LGS2,Bipolar,2673,3052.0,9137095,334.023012784698,5.814199224345376,True
SEPT7,LGS2,Bipolar,2673,,9137095,,,False
SF3A3,LGS2,Bipolar,2673,121.0,9137095,13.242721018004081,2.6562459704548567,True
SFTA1P,LGS2,Bipolar,2673,1.0,9137095,0.10944397535540563,0.10385896671711331,True
SGSM2,LGS2,Bipolar,2673,291.0,9137095,31.84819682842304,3.4918968523562577,True
SLC25A45,LGS2,Bipolar,2673,16.0,9137095,1.7511036056864902,1.0120021423334178,True
SLC39A13,LGS2,Bipolar,2673,50.0,9137095,5.472198767770282,1.8675158912392051,True
SMAD6,LGS2,Bipolar,2673,1.0,9137095,0.10944397535540563,0.10385896671711331,True
SNORD14A,LGS2,Bipolar,2673,,9137095,,,False
SSSCA1-AS1,LGS2,Bipolar,2673,18.0,9137095,1.9699915563973014,1.0885591098466953,True
TARID,LGS2,Bipolar,2673,7.0,9137095,0.7661078274878395,0.5687781577854697,True
TBC1D31,LGS2,Bipolar,2673,180.0,9137095,19.699915563973015,3.030129621227884,True
TBKBP1,LGS2,Bipolar,2673,48.0,9137095,5.25331081705947,1.8331110542200328,True
TBPL1,LGS2,Bipolar,2673,288.0,9137095,31.519864902356822,3.48185113037691,True
TGFB3,LGS2,Bipolar,2673,16.0,9137095,1.7511036056864902,1.0120021423334178,True
THCAT158,LGS2,Bipolar,2673,,9137095,,,False
THSD7A,LGS2,Bipolar,2673,4706.0,9137095,515.0433480225389,6.246190769748724,True
TIGD3,LGS2,Bipolar,2673,9.0,9137095,0.9849957781986507,0.6856167872848269,True
TMEM116,LGS2,Bipolar,2673,300.0,9137095,32.83319260662169,3.5214423503948855,True
TMEM136,LGS2,Bipolar,2673,,9137095,,,False
TMEM181,LGS2,Bipolar,2673,312.0,9137095,34.14652031088656,3.559525617933446,True
TMEM263,LGS2,Bipolar,2673,387.0,9137095,42.35481846254198,3.7694178495880193,True
TRIM26,LGS2,Bipolar,2673,284.0,9137095,31.0820890009352,3.4682978993612146,True
TRIOBP,LGS2,Bipolar,2673,280.0,9137095,30.644313099513575,3.4545584515455934,True
TSC22D2,LGS2,Bipolar,2673,833.0,9137095,91.16683147105289,4.523600320405371,True
TTC28,LGS2,Bipolar,2673,6661.0,9137095,729.0063198423569,6.59305319142326,True
TTLL5,LGS2,Bipolar,2673,1662.0,9137095,181.89588704068416,5.208917067668216,True
TXNDC8,LGS2,Bipolar,2673,0.0,9137095,0.0,0.0,True
TXNRD2,LGS2,Bipolar,2673,132.0,9137095,14.446604746913543,2.737389221712217,True
UTP11,LGS2,Bipolar,2673,62.0,9137095,6.785526472035149,2.0522664294650537,True
VARS2,LGS2,Bipolar,2673,45.0,9137095,4.924978890993254,1.779177124313288,True
VCAM1,LGS2,Bipolar,2673,0.0,9137095,0.0,0.0,True
WLS,LGS2,Bipolar,2673,821.0,9137095,89.85350376678802,4.509248360601407,True
WNT2B,LGS2,Bipolar,2673,86.0,9137095,9.412181880564884,2.342976455339803,True
XRCC6P1,LGS2,Bipolar,2673,,9137095,,,False
XXbac-BPG170G13.32,LGS2,Bipolar,2673,,9137095,,,False
XXbac-BPG283O16.9,LGS2,Bipolar,2673,,9137095,,,False
YAP1,LGS2,Bipolar,2673,7.0,9137095,0.7661078274878395,0.5687781577854697,True
YIF1A,LGS2,Bipolar,2673,80.0,9137095,8.75551802843245,2.2778330765536263,True
ZNF280D,LGS2,Bipolar,2673,2437.0,9137095,266.7149679411235,5.589922862079116,True
ZNF638,LGS2,Bipolar,2673,4932.0,9137095,539.7776864528606,6.2930082636202425,True
ZNF638-IT1,LGS2,Bipolar,2673,,9137095,,,False
DGKG,LGS2,Amacrine,716,15.0,2499096,6.002170384811148,1.9462201559712247,True
SLC2A12,LGS2,Amacrine,716,6.0,2499096,2.400868153924459,1.2240307384181086,True
COL8A2,LGS2,Amacrine,716,1.0,2499096,0.4001446923207432,0.336575582938472,True
NPC2,LGS2,Amacrine,716,18.0,2499096,7.202604461773377,2.1044517211299505,True
PSMC3,LGS2,Amacrine,716,43.0,2499096,17.206221769791956,2.901763391146552,True
RP11-466F5.8,LGS2,Amacrine,716,,2499096,,,False
LPP,LGS2,Amacrine,716,272.0,2499096,108.83935631124214,4.699018901202578,True
RP11-121M22.1,LGS2,Amacrine,716,,2499096,,,False
ABO,LGS2,Amacrine,716,1.0,2499096,0.4001446923207432,0.336575582938472,True
ADAMTS8,LGS2,Amacrine,716,9.0,2499096,3.6013022308866884,1.5263393571026163,True
CALD1,LGS2,Amacrine,716,185.0,2499096,74.02676807933749,4.317844957584399,True
CHEK2,LGS2,Amacrine,716,2.0,2499096,0.8002893846414864,0.587947421225399,True
GAS7,LGS2,Amacrine,716,120.0,2499096,48.01736307848918,3.8921745838846054,True
LMX1B,LGS2,Amacrine,716,0.0,2499096,0.0,0.0,True
TCF12,LGS2,Amacrine,716,997.0,2499096,398.94425824378095,5.991325183006709,True
TMCO1,LGS2,Amacrine,716,103.0,2499096,41.21490330903655,3.74277331767792,True
TRIB2,LGS2,Amacrine,716,117.0,2499096,46.81692900152695,3.8673797400082845,True
AC000078.5,LGS2,Amacrine,716,,2499096,,,False
AC002066.1,LGS2,Amacrine,716,43.0,2499096,17.206221769791956,2.901763391146552,True
AC012066.1,LGS2,Amacrine,716,,2499096,,,False
AC091132.1,LGS2,Amacrine,716,0.0,2499096,0.0,0.0,True
ACBD4,LGS2,Amacrine,716,32.0,2499096,12.804630154263782,2.625004054314351,True
AFAP1,LGS2,Amacrine,716,24.0,2499096,9.603472615697836,2.36118155272165,True
ALDH2,LGS2,Amacrine,716,59.0,2499096,23.608536846923847,3.203093409036336,True
AP003068.23,LGS2,Amacrine,716,,2499096,,,False
AP5B1,LGS2,Amacrine,716,9.0,2499096,3.6013022308866884,1.5263393571026163,True
AREL1,LGS2,Amacrine,716,68.0,2499096,27.209839077810535,3.3396708205598653,True
ARHGAP27,LGS2,Amacrine,716,9.0,2499096,3.6013022308866884,1.5263393571026163,True
ARHGEF12,LGS2,Amacrine,716,965.0,2499096,386.13962808951715,5.958785424055464,True
ARL17A,LGS2,Amacrine,716,184.0,2499096,73.62662338701675,4.312497325406025,True
ATP5J,LGS2,Amacrine,716,,2499096,,,False
BICC1,LGS2,Amacrine,716,240.0,2499096,96.03472615697837,4.575068916054428,True
BORA,LGS2,Amacrine,716,22.0,2499096,8.80318323105635,2.2827071524296407,True
C1orf109,LGS2,Amacrine,716,11.0,2499096,4.401591615528175,1.686693653758191,True
C1orf122,LGS2,Amacrine,716,139.0,2499096,55.6201122325833,4.036364261889195,True
C22orf29,LGS2,Amacrine,716,,2499096,,,False
C6orf15,LGS2,Amacrine,716,0.0,2499096,0.0,0.0,True
CADM1,LGS2,Amacrine,716,5078.0,2499096,2031.934747604734,7.617235716509567,True
CADM2,LGS2,Amacrine,716,13494.0,2499096,5399.552478176109,8.59425653809233,True
CAV2,LGS2,Amacrine,716,46.0,2499096,18.406655846754187,2.9656160921133576,True
CCDC117,LGS2,Amacrine,716,6.0,2499096,2.400868153924459,1.2240307384181086,True
CDC14A,LGS2,Amacrine,716,13.0,2499096,5.201881000169661,1.8248526331626174,True
CDKN2A,LGS2,Amacrine,716,1.0,2499096,0.4001446923207432,0.336575582938472,True
CDKN2B-AS1,LGS2,Amacrine,716,3.0,2499096,1.2004340769622295,0.7886546486117683,True
CELF1,LGS2,Amacrine,716,354.0,2499096,141.6512210815431,4.960402637605649,True
CLIC5,LGS2,Amacrine,716,15.0,2499096,6.002170384811148,1.9462201559712247,True
CMB9-22P13.1,LGS2,Amacrine,716,,2499096,,,False
COL11A1,LGS2,Amacrine,716,483.0,2499096,193.26988639091897,5.269248359250596,True
CRHR1,LGS2,Amacrine,716,12.0,2499096,4.801736307848918,1.7581572361743125,True
CTA-292E10.6,LGS2,Amacrine,716,,2499096,,,False
CTB-39G8.3,LGS2,Amacrine,716,,2499096,,,False
CTD-2005H7.1,LGS2,Amacrine,716,,2499096,,,False
CTD-2020K17.1,LGS2,Amacrine,716,,2499096,,,False
CTD-2020K17.3,LGS2,Amacrine,716,,2499096,,,False
CTTNBP2,LGS2,Amacrine,716,795.0,2499096,318.1150303949908,5.765551634634927,True
DDX39BP2,LGS2,Amacrine,716,,2499096,,,False
DIO1,LGS2,Amacrine,716,5.0,2499096,2.000723461603716,1.098853413463095,True
DND1P1,LGS2,Amacrine,716,,2499096,,,False
DYSF,LGS2,Amacrine,716,25.0,2499096,10.00361730801858,2.3982240649238227,True
EFCAB13,LGS2,Amacrine,716,167.0,2499096,66.82416361756411,4.216918526991839,True
EFEMP1,LGS2,Amacrine,716,5.0,2499096,2.000723461603716,1.098853413463095,True
EHBP1L1,LGS2,Amacrine,716,12.0,2499096,4.801736307848918,1.7581572361743125,True
FAM215B,LGS2,Amacrine,716,45.0,2499096,18.006511154433444,2.944781612799435,True
FAM83A,LGS2,Amacrine,716,0.0,2499096,0.0,0.0,True
FAM83A-AS1,LGS2,Amacrine,716,1.0,2499096,0.4001446923207432,0.336575582938472,True
FAM89B,LGS2,Amacrine,716,13.0,2499096,5.201881000169661,1.8248526331626174,True
FHL3,LGS2,Amacrine,716,2.0,2499096,0.8002893846414864,0.587947421225399,True
FLOT1,LGS2,Amacrine,716,167.0,2499096,66.82416361756411,4.216918526991839,True
FLVCR2,LGS2,Amacrine,716,0.0,2499096,0.0,0.0,True
FMNL1,LGS2,Amacrine,716,9.0,2499096,3.6013022308866884,1.5263393571026163,True
FNDC4,LGS2,Amacrine,716,22.0,2499096,8.80318323105635,2.2827071524296407,True
GALR3,LGS2,Amacrine,716,0.0,2499096,0.0,0.0,True
GCAT,LGS2,Amacrine,716,17.0,2499096,6.802459769452634,2.054439039039621,True
GLIS1,LGS2,Amacrine,716,47.0,2499096,18.806800539074928,2.9860253403005075,True
H1F0,LGS2,Amacrine,716,49.0,2499096,19.607089923716416,3.025635187636459,True
HCG4,LGS2,Amacrine,716,,2499096,,,False
HCG4B,LGS2,Amacrine,716,,2499096,,,False
HCG4P5,LGS2,Amacrine,716,,2499096,,,False
HCG4P7,LGS2,Amacrine,716,,2499096,,,False
HCG9,LGS2,Amacrine,716,0.0,2499096,0.0,0.0,True
HCP5B,LGS2,Amacrine,716,,2499096,,,False
HECTD4,LGS2,Amacrine,716,790.0,2499096,316.1143069333871,5.759262298575669,True
HLA-A,LGS2,Amacrine,716,132.0,2499096,52.8190993863381,3.985628411348605,True
HLA-C,LGS2,Amacrine,716,246.0,2499096,98.43559431090283,4.5995101412219945,True
HLA-F,LGS2,Amacrine,716,19.0,2499096,7.602749154094121,2.1520818212568993,True
HLA-F-AS1,LGS2,Amacrine,716,35.0,2499096,14.005064231226012,2.7083877595380175,True
HLA-G,LGS2,Amacrine,716,1.0,2499096,0.4001446923207432,0.336575582938472,True
HLA-H,LGS2,Amacrine,716,,2499096,,,False
HLA-J,LGS2,Amacrine,716,,2499096,,,False
HLA-L,LGS2,Amacrine,716,,2499096,,,False
HLA-T,LGS2,Amacrine,716,,2499096,,,False
HLA-U,LGS2,Amacrine,716,,2499096,,,False
HLA-V,LGS2,Amacrine,716,,2499096,,,False
HLA-W,LGS2,Amacrine,716,,2499096,,,False
HSCB,LGS2,Amacrine,716,28.0,2499096,11.20405138498081,2.5017679773487393,True
HTRA3,LGS2,Amacrine,716,0.0,2499096,0.0,0.0,True
IFITM4P,LGS2,Amacrine,716,,2499096,,,False
IFT172,LGS2,Amacrine,716,165.0,2499096,66.02387423292262,4.205048887754521,True
INPP5B,LGS2,Amacrine,716,144.0,2499096,57.620835694187015,4.0710901913085085,True
ITGB3,LGS2,Amacrine,716,2.0,2499096,0.8002893846414864,0.587947421225399,True
KANSL1,LGS2,Amacrine,716,1749.0,2499096,699.8530668689798,6.552298260027266,True
KANSL1-AS1,LGS2,Amacrine,716,27.0,2499096,10.803906692660066,2.468430552327328,True
KHK,LGS2,Amacrine,716,18.0,2499096,7.202604461773377,2.1044517211299505,True
KLF5,LGS2,Amacrine,716,3.0,2499096,1.2004340769622295,0.7886546486117683,True
KRT8P26,LGS2,Amacrine,716,,2499096,,,False
LHPP,LGS2,Amacrine,716,119.0,2499096,47.61721838616844,3.883977755942595,True
LINC01948,LGS2,Amacrine,716,23.0,2499096,9.203327923377094,2.322713934074477,True
LINC02052,LGS2,Amacrine,716,0.0,2499096,0.0,0.0,True
LINC02210,LGS2,Amacrine,716,,2499096,,,False
LMO4,LGS2,Amacrine,716,272.0,2499096,108.83935631124214,4.699018901202578,True
LMO7,LGS2,Amacrine,716,162.0,2499096,64.8234401559604,4.186976008268487,True
LOXL1,LGS2,Amacrine,716,4.0,2499096,1.6005787692829727,0.9557340238253119,True
LOXL1-AS1,LGS2,Amacrine,716,3.0,2499096,1.2004340769622295,0.7886546486117683,True
LRRC37A,LGS2,Amacrine,716,62.0,2499096,24.808970923886076,3.2507221417185224,True
LRRC37A17P,LGS2,Amacrine,716,,2499096,,,False
LRRC37A2,LGS2,Amacrine,716,458.0,2499096,183.26626908290038,5.216381826128719,True
LRRC37A4P,LGS2,Amacrine,716,,2499096,,,False
LRWD1,LGS2,Amacrine,716,16.0,2499096,6.402315077131891,2.0017927995443774,True
LTBP2,LGS2,Amacrine,716,15.0,2499096,6.002170384811148,1.9462201559712247,True
LTBP3,LGS2,Amacrine,716,59.0,2499096,23.608536846923847,3.203093409036336,True
MADD,LGS2,Amacrine,716,243.0,2499096,97.23516023394059,4.587364198465626,True
MAPK8IP1P1,LGS2,Amacrine,716,,2499096,,,False
MAPK8IP1P2,LGS2,Amacrine,716,,2499096,,,False
MAPT,LGS2,Amacrine,716,868.0,2499096,347.3255929344051,5.853137654242964,True
MAPT-AS1,LGS2,Amacrine,716,60.0,2499096,24.00868153924459,3.219223026156641,True
MAPT-IT1,LGS2,Amacrine,716,13.0,2499096,5.201881000169661,1.8248526331626174,True
ME3,LGS2,Amacrine,716,149.0,2499096,59.621559155790735,4.104650591453811,True
MICE,LGS2,Amacrine,716,,2499096,,,False
MOV10,LGS2,Amacrine,716,11.0,2499096,4.401591615528175,1.686693653758191,True
MRPL33,LGS2,Amacrine,716,195.0,2499096,78.02821500254493,4.369804940634401,True
MTCH2,LGS2,Amacrine,716,106.0,2499096,42.415337385998775,3.770812774667459,True
MVB12B,LGS2,Amacrine,716,275.0,2499096,110.03979038820438,4.709888609042415,True
Metazoa_SRP,LGS2,Amacrine,716,,2499096,,,False
NEAT1,LGS2,Amacrine,716,3276.0,2499096,1310.8740120427547,7.179211937486671,True
NMT1,LGS2,Amacrine,716,160.0,2499096,64.02315077131891,4.174743372196285,True
NPEPPS,LGS2,Amacrine,716,741.0,2499096,296.5072170096707,5.695438483547479,True
NRBP1,LGS2,Amacrine,716,54.0,2499096,21.60781338532013,3.118295571543283,True
NSF,LGS2,Amacrine,716,456.0,2499096,182.46597969825888,5.212029253566791,True
NUCB2,LGS2,Amacrine,716,181.0,2499096,72.42618931005451,4.296280674570862,True
NUDT7,LGS2,Amacrine,716,18.0,2499096,7.202604461773377,2.1044517211299505,True
PDE6C,LGS2,Amacrine,716,10.0,2499096,4.001446923207432,1.6097272552119277,True
PGAM1P8,LGS2,Amacrine,716,,2499096,,,False
PIBF1,LGS2,Amacrine,716,490.0,2499096,196.07089923716416,5.283563558596353,True
PIGC,LGS2,Amacrine,716,91.0,2499096,36.41316700118763,3.622022701317593,True
PKIB,LGS2,Amacrine,716,39.0,2499096,15.605643000508984,2.809742577385756,True
PLCE1,LGS2,Amacrine,716,282.0,2499096,112.84080323444958,4.7348010095758335,True
PLCE1-AS1,LGS2,Amacrine,716,6.0,2499096,2.400868153924459,1.2240307384181086,True
PLEKHA7,LGS2,Amacrine,716,144.0,2499096,57.620835694187015,4.0710901913085085,True
PLEKHM1,LGS2,Amacrine,716,32.0,2499096,12.804630154263782,2.625004054314351,True
PPP1R18,LGS2,Amacrine,716,1.0,2499096,0.4001446923207432,0.336575582938472,True
PRKCE,LGS2,Amacrine,716,425.0,2499096,170.06149423631584,5.142023107273586,True
PROX2,LGS2,Amacrine,716,0.0,2499096,0.0,0.0,True
PRSS23,LGS2,Amacrine,716,31.0,2499096,12.404485461943038,2.5955893869111795,True
PSORS1C3,LGS2,Amacrine,716,0.0,2499096,0.0,0.0,True
RAPSN,LGS2,Amacrine,716,0.0,2499096,0.0,0.0,True
RERE,LGS2,Amacrine,716,2777.0,2499096,1111.2018105747038,7.0140969426740085,True
RIC8B,LGS2,Amacrine,716,250.0,2499096,100.03617308018579,4.615478602029875,True
RORA,LGS2,Amacrine,716,9273.0,2499096,3710.5417318902514,8.219202630436259,True
RP11-123K19.1,LGS2,Amacrine,716,,2499096,,,False
RP11-136H19.1,LGS2,Amacrine,716,,2499096,,,False
RP11-149I2.4,LGS2,Amacrine,716,,2499096,,,False
RP11-162I7.1,LGS2,Amacrine,716,,2499096,,,False
RP11-17G12.2,LGS2,Amacrine,716,,2499096,,,False
RP11-205K6.1,LGS2,Amacrine,716,,2499096,,,False
RP11-217B7.2,LGS2,Amacrine,716,,2499096,,,False
RP11-259A24.1,LGS2,Amacrine,716,,2499096,,,False
RP11-259G18.1,LGS2,Amacrine,716,,2499096,,,False
RP11-259G18.3,LGS2,Amacrine,716,,2499096,,,False
RP11-293E1.1,LGS2,Amacrine,716,,2499096,,,False
RP11-293E1.2,LGS2,Amacrine,716,,2499096,,,False
RP11-302L19.3,LGS2,Amacrine,716,,2499096,,,False
RP11-403A3.3,LGS2,Amacrine,716,,2499096,,,False
RP11-412D9.4,LGS2,Amacrine,716,,2499096,,,False
RP11-507B12.1,LGS2,Amacrine,716,,2499096,,,False
RP11-507B12.2,LGS2,Amacrine,716,,2499096,,,False
RP11-669E14.6,LGS2,Amacrine,716,,2499096,,,False
RP11-707O23.1,LGS2,Amacrine,716,,2499096,,,False
RP11-750H9.5,LGS2,Amacrine,716,,2499096,,,False
RP11-755F10.1,LGS2,Amacrine,716,,2499096,,,False
RP11-762L8.6,LGS2,Amacrine,716,,2499096,,,False
RP11-770G2.2,LGS2,Amacrine,716,,2499096,,,False
RP11-798G7.6,LGS2,Amacrine,716,,2499096,,,False
RP11-798G7.8,LGS2,Amacrine,716,,2499096,,,False
RP5-1115A15.1,LGS2,Amacrine,716,,2499096,,,False
RPS26P8,LGS2,Amacrine,716,,2499096,,,False
SCRN2,LGS2,Amacrine,716,31.0,2499096,12.404485461943038,2.5955893869111795,True
SEMA3E,LGS2,Amacrine,716,147.0,2499096,58.82126977114925,4.091361279508606,True
SEPT7,LGS2,Amacrine,716,,2499096,,,False
SF3A3,LGS2,Amacrine,716,43.0,2499096,17.206221769791956,2.901763391146552,True
SFTA1P,LGS2,Amacrine,716,2.0,2499096,0.8002893846414864,0.587947421225399,True
SGSM2,LGS2,Amacrine,716,98.0,2499096,39.21417984743283,3.694219665952689,True
SLC25A45,LGS2,Amacrine,716,15.0,2499096,6.002170384811148,1.9462201559712247,True
SLC39A13,LGS2,Amacrine,716,34.0,2499096,13.604919538905268,2.6813584266773374,True
SMAD6,LGS2,Amacrine,716,1.0,2499096,0.4001446923207432,0.336575582938472,True
SNORD14A,LGS2,Amacrine,716,,2499096,,,False
SSSCA1-AS1,LGS2,Amacrine,716,8.0,2499096,3.2011575385659454,1.4353600917378642,True
TARID,LGS2,Amacrine,716,9.0,2499096,3.6013022308866884,1.5263393571026163,True
TBC1D31,LGS2,Amacrine,716,51.0,2499096,20.407379308357903,3.0637356900818293,True
TBKBP1,LGS2,Amacrine,716,11.0,2499096,4.401591615528175,1.686693653758191,True
TBPL1,LGS2,Amacrine,716,49.0,2499096,19.607089923716416,3.025635187636459,True
TGFB3,LGS2,Amacrine,716,1.0,2499096,0.4001446923207432,0.336575582938472,True
THCAT158,LGS2,Amacrine,716,,2499096,,,False
THSD7A,LGS2,Amacrine,716,665.0,2499096,266.09622039329423,5.587608969485261,True
TIGD3,LGS2,Amacrine,716,2.0,2499096,0.8002893846414864,0.587947421225399,True
TMEM116,LGS2,Amacrine,716,95.0,2499096,38.0137457704706,3.663914039684836,True
TMEM136,LGS2,Amacrine,716,,2499096,,,False
TMEM181,LGS2,Amacrine,716,139.0,2499096,55.6201122325833,4.036364261889195,True
TMEM263,LGS2,Amacrine,716,95.0,2499096,38.0137457704706,3.663914039684836,True
TRIM26,LGS2,Amacrine,716,56.0,2499096,22.40810276996162,3.1530822346458485,True
TRIOBP,LGS2,Amacrine,716,135.0,2499096,54.01953346330033,4.007688276058449,True
TSC22D2,LGS2,Amacrine,716,189.0,2499096,75.62734684862046,4.3389540215018165,True
TTC28,LGS2,Amacrine,716,1394.0,2499096,557.801701095116,6.325794671571294,True
TTLL5,LGS2,Amacrine,716,426.0,2499096,170.4616389286366,5.1443595618695515,True
TXNDC8,LGS2,Amacrine,716,0.0,2499096,0.0,0.0,True
TXNRD2,LGS2,Amacrine,716,45.0,2499096,18.006511154433444,2.944781612799435,True
UTP11,LGS2,Amacrine,716,22.0,2499096,8.80318323105635,2.2827071524296407,True
VARS2,LGS2,Amacrine,716,14.0,2499096,5.602025692490405,1.887376525045726,True
VCAM1,LGS2,Amacrine,716,0.0,2499096,0.0,0.0,True
WLS,LGS2,Amacrine,716,99.0,2499096,39.614324539753575,3.7041208255571285,True
WNT2B,LGS2,Amacrine,716,11.0,2499096,4.401591615528175,1.686693653758191,True
XRCC6P1,LGS2,Amacrine,716,,2499096,,,False
XXbac-BPG170G13.32,LGS2,Amacrine,716,,2499096,,,False
XXbac-BPG283O16.9,LGS2,Amacrine,716,,2499096,,,False
YAP1,LGS2,Amacrine,716,8.0,2499096,3.2011575385659454,1.4353600917378642,True
YIF1A,LGS2,Amacrine,716,33.0,2499096,13.204774846584526,2.653578164887294,True
ZNF280D,LGS2,Amacrine,716,596.0,2499096,238.48623662316294,5.478495948073003,True
ZNF638,LGS2,Amacrine,716,1321.0,2499096,528.5911385557017,6.272105272148411,True
ZNF638-IT1,LGS2,Amacrine,716,,2499096,,,False
DGKG,LGS2,Horizontal,318,10.0,2149732,4.651742635826233,1.7319639287229371,True
SLC2A12,LGS2,Horizontal,318,2.0,2149732,0.9303485271652466,0.657700570636906,True
COL8A2,LGS2,Horizontal,318,0.0,2149732,0.0,0.0,True
NPC2,LGS2,Horizontal,318,25.0,2149732,11.629356589565583,2.53602399203749,True
PSMC3,LGS2,Horizontal,318,45.0,2149732,20.932841861218048,3.087985141868859,True
RP11-466F5.8,LGS2,Horizontal,318,,2149732,,,False
LPP,LGS2,Horizontal,318,222.0,2149732,103.26868651534238,4.646971091765627,True
RP11-121M22.1,LGS2,Horizontal,318,,2149732,,,False
ABO,LGS2,Horizontal,318,0.0,2149732,0.0,0.0,True
ADAMTS8,LGS2,Horizontal,318,0.0,2149732,0.0,0.0,True
CALD1,LGS2,Horizontal,318,100.0,2149732,46.517426358262334,3.8610965144602547,True
CHEK2,LGS2,Horizontal,318,2.0,2149732,0.9303485271652466,0.657700570636906,True
GAS7,LGS2,Horizontal,318,35.0,2149732,16.281099225391817,2.84961337393326,True
LMX1B,LGS2,Horizontal,318,0.0,2149732,0.0,0.0,True
TCF12,LGS2,Horizontal,318,707.0,2149732,328.8782043529147,5.798723508616141,True
TMCO1,LGS2,Horizontal,318,104.0,2149732,48.37812341259283,3.8995074802097425,True
TRIB2,LGS2,Horizontal,318,58.0,2149732,26.98010728779215,3.331493803675736,True
AC000078.5,LGS2,Horizontal,318,,2149732,,,False
AC002066.1,LGS2,Horizontal,318,6.0,2149732,2.79104558149574,1.3326418600693377,True
AC012066.1,LGS2,Horizontal,318,,2149732,,,False
AC091132.1,LGS2,Horizontal,318,0.0,2149732,0.0,0.0,True
ACBD4,LGS2,Horizontal,318,15.0,2149732,6.97761395373935,2.0766393634605125,True
AFAP1,LGS2,Horizontal,318,23.0,2149732,10.699008062400337,2.459504057218175,True
ALDH2,LGS2,Horizontal,318,73.0,2149732,33.9577212415315,3.554139366784514,True
AP003068.23,LGS2,Horizontal,318,,2149732,,,False
AP5B1,LGS2,Horizontal,318,11.0,2149732,5.1169168994088565,1.811058194980778,True
AREL1,LGS2,Horizontal,318,78.0,2149732,36.28359255944462,3.6185533521122877,True
ARHGAP27,LGS2,Horizontal,318,2.0,2149732,0.9303485271652466,0.657700570636906,True
ARHGEF12,LGS2,Horizontal,318,611.0,2149732,284.2214750489828,5.653265983913588,True
ARL17A,LGS2,Horizontal,318,136.0,2149732,63.26369984723677,4.162994928239988,True
ATP5J,LGS2,Horizontal,318,,2149732,,,False
BICC1,LGS2,Horizontal,318,9.0,2149732,4.18656837224361,1.6460722785356432,True
BORA,LGS2,Horizontal,318,34.0,2149732,15.815924961809193,2.8223263518154806,True
C1orf109,LGS2,Horizontal,318,11.0,2149732,5.1169168994088565,1.811058194980778,True
C1orf122,LGS2,Horizontal,318,117.0,2149732,54.42538883916693,4.015037771069411,True
C22orf29,LGS2,Horizontal,318,,2149732,,,False
C6orf15,LGS2,Horizontal,318,0.0,2149732,0.0,0.0,True
CADM1,LGS2,Horizontal,318,3723.0,2149732,1731.8437833181067,7.45751914330869,True
CADM2,LGS2,Horizontal,318,10024.0,2149732,4662.906818152216,8.447608748875389,True
CAV2,LGS2,Horizontal,318,19.0,2149732,8.838311008069843,2.286284050810026,True
CCDC117,LGS2,Horizontal,318,17.0,2149732,7.9079624809045965,2.1869455375434805,True
CDC14A,LGS2,Horizontal,318,28.0,2149732,13.024879380313452,2.64083285103762,True
CDKN2A,LGS2,Horizontal,318,0.0,2149732,0.0,0.0,True
CDKN2B-AS1,LGS2,Horizontal,318,1.0,2149732,0.4651742635826233,0.381974186645829,True
CELF1,LGS2,Horizontal,318,307.0,2149732,142.80849891986537,4.968482545903929,True
CLIC5,LGS2,Horizontal,318,9.0,2149732,4.18656837224361,1.6460722785356432,True
CMB9-22P13.1,LGS2,Horizontal,318,,2149732,,,False
COL11A1,LGS2,Horizontal,318,15.0,2149732,6.97761395373935,2.0766393634605125,True
CRHR1,LGS2,Horizontal,318,18.0,2149732,8.37313674448722,2.237847804848925,True
CTA-292E10.6,LGS2,Horizontal,318,,2149732,,,False
CTB-39G8.3,LGS2,Horizontal,318,,2149732,,,False
CTD-2005H7.1,LGS2,Horizontal,318,,2149732,,,False
CTD-2020K17.1,LGS2,Horizontal,318,,2149732,,,False
CTD-2020K17.3,LGS2,Horizontal,318,,2149732,,,False
CTTNBP2,LGS2,Horizontal,318,562.0,2149732,261.4279361334343,5.569976515326202,True
DDX39BP2,LGS2,Horizontal,318,,2149732,,,False
DIO1,LGS2,Horizontal,318,1.0,2149732,0.4651742635826233,0.381974186645829,True
DND1P1,LGS2,Horizontal,318,,2149732,,,False
DYSF,LGS2,Horizontal,318,6.0,2149732,2.79104558149574,1.3326418600693377,True
EFCAB13,LGS2,Horizontal,318,117.0,2149732,54.42538883916693,4.015037771069411,True
EFEMP1,LGS2,Horizontal,318,12.0,2149732,5.58209116299148,1.8843525007733763,True
EHBP1L1,LGS2,Horizontal,318,2.0,2149732,0.9303485271652466,0.657700570636906,True
FAM215B,LGS2,Horizontal,318,23.0,2149732,10.699008062400337,2.459504057218175,True
FAM83A,LGS2,Horizontal,318,6.0,2149732,2.79104558149574,1.3326418600693377,True
FAM83A-AS1,LGS2,Horizontal,318,1.0,2149732,0.4651742635826233,0.381974186645829,True
FAM89B,LGS2,Horizontal,318,15.0,2149732,6.97761395373935,2.0766393634605125,True
FHL3,LGS2,Horizontal,318,0.0,2149732,0.0,0.0,True
FLOT1,LGS2,Horizontal,318,149.0,2149732,69.31096527381088,4.25292776494361,True
FLVCR2,LGS2,Horizontal,318,0.0,2149732,0.0,0.0,True
FMNL1,LGS2,Horizontal,318,4.0,2149732,1.8606970543304933,1.05106532042596,True
FNDC4,LGS2,Horizontal,318,2.0,2149732,0.9303485271652466,0.657700570636906,True
GALR3,LGS2,Horizontal,318,0.0,2149732,0.0,0.0,True
GCAT,LGS2,Horizontal,318,3.0,2149732,1.39552279074787,0.8736014912794473,True
GLIS1,LGS2,Horizontal,318,2.0,2149732,0.9303485271652466,0.657700570636906,True
H1F0,LGS2,Horizontal,318,69.0,2149732,32.09702418720101,3.4994433746314972,True
HCG4,LGS2,Horizontal,318,,2149732,,,False
HCG4B,LGS2,Horizontal,318,,2149732,,,False
HCG4P5,LGS2,Horizontal,318,,2149732,,,False
HCG4P7,LGS2,Horizontal,318,,2149732,,,False
HCG9,LGS2,Horizontal,318,1.0,2149732,0.4651742635826233,0.381974186645829,True
HCP5B,LGS2,Horizontal,318,,2149732,,,False
HECTD4,LGS2,Horizontal,318,683.0,2149732,317.71402202693173,5.764294218029733,True
HLA-A,LGS2,Horizontal,318,71.0,2149732,33.02737271436626,3.5271652805475266,True
HLA-C,LGS2,Horizontal,318,260.0,2149732,120.94530853148207,4.803572653495372,True
HLA-F,LGS2,Horizontal,318,14.0,2149732,6.512439690156726,2.016560271896553,True
HLA-F-AS1,LGS2,Horizontal,318,18.0,2149732,8.37313674448722,2.237847804848925,True
HLA-G,LGS2,Horizontal,318,1.0,2149732,0.4651742635826233,0.381974186645829,True
HLA-H,LGS2,Horizontal,318,,2149732,,,False
HLA-J,LGS2,Horizontal,318,,2149732,,,False
HLA-L,LGS2,Horizontal,318,,2149732,,,False
HLA-T,LGS2,Horizontal,318,,2149732,,,False
HLA-U,LGS2,Horizontal,318,,2149732,,,False
HLA-V,LGS2,Horizontal,318,,2149732,,,False
HLA-W,LGS2,Horizontal,318,,2149732,,,False
HSCB,LGS2,Horizontal,318,34.0,2149732,15.815924961809193,2.8223263518154806,True
HTRA3,LGS2,Horizontal,318,0.0,2149732,0.0,0.0,True
IFITM4P,LGS2,Horizontal,318,,2149732,,,False
IFT172,LGS2,Horizontal,318,84.0,2149732,39.07463814094036,3.690743668908758,True
INPP5B,LGS2,Horizontal,318,121.0,2149732,56.28608589349742,4.048057765149124,True
ITGB3,LGS2,Horizontal,318,5.0,2149732,2.3258713179131165,1.2017316902787678,True
KANSL1,LGS2,Horizontal,318,1437.0,2149732,668.4554167682297,6.5064645710815245,True
KANSL1-AS1,LGS2,Horizontal,318,37.0,2149732,17.211447752557063,2.9020503937400473,True
KHK,LGS2,Horizontal,318,7.0,2149732,3.256219845078363,1.4483814060338154,True
KLF5,LGS2,Horizontal,318,17.0,2149732,7.9079624809045965,2.1869455375434805,True
KRT8P26,LGS2,Horizontal,318,,2149732,,,False
LHPP,LGS2,Horizontal,318,82.0,2149732,38.144289613775115,3.6672545526354976,True
LINC01948,LGS2,Horizontal,318,8.0,2149732,3.7213941086609865,1.5521041179911406,True
LINC02052,LGS2,Horizontal,318,0.0,2149732,0.0,0.0,True
LINC02210,LGS2,Horizontal,318,,2149732,,,False
LMO4,LGS2,Horizontal,318,112.0,2149732,52.09951752125381,3.972167841977871,True
LMO7,LGS2,Horizontal,318,87.0,2149732,40.47016093168823,3.7249741549280744,True
LOXL1,LGS2,Horizontal,318,1.0,2149732,0.4651742635826233,0.381974186645829,True
LOXL1-AS1,LGS2,Horizontal,318,0.0,2149732,0.0,0.0,True
LRRC37A,LGS2,Horizontal,318,63.0,2149732,29.30597860570527,3.4113450067711777,True
LRRC37A17P,LGS2,Horizontal,318,,2149732,,,False
LRRC37A2,LGS2,Horizontal,318,283.0,2149732,131.6443165938824,4.887671234538711,True
LRRC37A4P,LGS2,Horizontal,318,,2149732,,,False
LRWD1,LGS2,Horizontal,318,8.0,2149732,3.7213941086609865,1.5521041179911406,True
LTBP2,LGS2,Horizontal,318,14.0,2149732,6.512439690156726,2.016560271896553,True
LTBP3,LGS2,Horizontal,318,24.0,2149732,11.16418232598296,2.4984957586852707,True
MADD,LGS2,Horizontal,318,264.0,2149732,122.80600558581256,4.818715869460113,True
MAPK8IP1P1,LGS2,Horizontal,318,,2149732,,,False
MAPK8IP1P2,LGS2,Horizontal,318,,2149732,,,False
MAPT,LGS2,Horizontal,318,852.0,2149732,396.32847257239507,5.984763325423619,True
MAPT-AS1,LGS2,Horizontal,318,153.0,2149732,71.17166232814137,4.2790474803251,True
MAPT-IT1,LGS2,Horizontal,318,27.0,2149732,12.55970511673083,2.6071025357220163,True
ME3,LGS2,Horizontal,318,315.0,2149732,146.52989302852635,4.994030819846357,True
MICE,LGS2,Horizontal,318,,2149732,,,False
MOV10,LGS2,Horizontal,318,6.0,2149732,2.79104558149574,1.3326418600693377,True
MRPL33,LGS2,Horizontal,318,149.0,2149732,69.31096527381088,4.25292776494361,True
MTCH2,LGS2,Horizontal,318,99.0,2149732,46.05225209467971,3.851258730872665,True
MVB12B,LGS2,Horizontal,318,163.0,2149732,75.8234049639676,4.341509345861121,True
Metazoa_SRP,LGS2,Horizontal,318,,2149732,,,False
NEAT1,LGS2,Horizontal,318,2552.0,2149732,1187.1247206628548,7.080131478135127,True
NMT1,LGS2,Horizontal,318,153.0,2149732,71.17166232814137,4.2790474803251,True
NPEPPS,LGS2,Horizontal,318,614.0,2149732,285.61699783973074,5.658146822217839,True
NRBP1,LGS2,Horizontal,318,55.0,2149732,25.584584497044283,3.2803315176088224,True
NSF,LGS2,Horizontal,318,261.0,2149732,121.41048279506468,4.807380010161538,True
NUCB2,LGS2,Horizontal,318,113.0,2149732,52.564691784836434,3.980890115657762,True
NUDT7,LGS2,Horizontal,318,17.0,2149732,7.9079624809045965,2.1869455375434805,True
PDE6C,LGS2,Horizontal,318,7.0,2149732,3.256219845078363,1.4483814060338154,True
PGAM1P8,LGS2,Horizontal,318,,2149732,,,False
PIBF1,LGS2,Horizontal,318,382.0,2149732,177.6965686885621,5.185689220462073,True
PIGC,LGS2,Horizontal,318,61.0,2149732,28.375630078540024,3.3801654217165,True
PKIB,LGS2,Horizontal,318,25.0,2149732,11.629356589565583,2.53602399203749,True
PLCE1,LGS2,Horizontal,318,26.0,2149732,12.094530853148207,2.5721946509069133,True
PLCE1-AS1,LGS2,Horizontal,318,1.0,2149732,0.4651742635826233,0.381974186645829,True
PLEKHA7,LGS2,Horizontal,318,122.0,2149732,56.75126015708005,4.0561451700656495,True
PLEKHM1,LGS2,Horizontal,318,23.0,2149732,10.699008062400337,2.459504057218175,True
PPP1R18,LGS2,Horizontal,318,3.0,2149732,1.39552279074787,0.8736014912794473,True
PRKCE,LGS2,Horizontal,318,550.0,2149732,255.84584497044284,5.548476079910492,True
PROX2,LGS2,Horizontal,318,0.0,2149732,0.0,0.0,True
PRSS23,LGS2,Horizontal,318,30.0,2149732,13.9552279074787,2.7050609315163556,True
PSORS1C3,LGS2,Horizontal,318,0.0,2149732,0.0,0.0,True
RAPSN,LGS2,Horizontal,318,0.0,2149732,0.0,0.0,True
RERE,LGS2,Horizontal,318,2539.0,2149732,1181.0774552362807,7.075028724783819,True
RIC8B,LGS2,Horizontal,318,205.0,2149732,95.36072403443778,4.568098691566903,True
RORA,LGS2,Horizontal,318,7943.0,2149732,3694.879175636777,8.214973741652761,True
RP11-123K19.1,LGS2,Horizontal,318,,2149732,,,False
RP11-136H19.1,LGS2,Horizontal,318,,2149732,,,False
RP11-149I2.4,LGS2,Horizontal,318,,2149732,,,False
RP11-162I7.1,LGS2,Horizontal,318,,2149732,,,False
RP11-17G12.2,LGS2,Horizontal,318,,2149732,,,False
RP11-205K6.1,LGS2,Horizontal,318,,2149732,,,False
RP11-217B7.2,LGS2,Horizontal,318,,2149732,,,False
RP11-259A24.1,LGS2,Horizontal,318,,2149732,,,False
RP11-259G18.1,LGS2,Horizontal,318,,2149732,,,False
RP11-259G18.3,LGS2,Horizontal,318,,2149732,,,False
RP11-293E1.1,LGS2,Horizontal,318,,2149732,,,False
RP11-293E1.2,LGS2,Horizontal,318,,2149732,,,False
RP11-302L19.3,LGS2,Horizontal,318,,2149732,,,False
RP11-403A3.3,LGS2,Horizontal,318,,2149732,,,False
RP11-412D9.4,LGS2,Horizontal,318,,2149732,,,False
RP11-507B12.1,LGS2,Horizontal,318,,2149732,,,False
RP11-507B12.2,LGS2,Horizontal,318,,2149732,,,False
RP11-669E14.6,LGS2,Horizontal,318,,2149732,,,False
RP11-707O23.1,LGS2,Horizontal,318,,2149732,,,False
RP11-750H9.5,LGS2,Horizontal,318,,2149732,,,False
RP11-755F10.1,LGS2,Horizontal,318,,2149732,,,False
RP11-762L8.6,LGS2,Horizontal,318,,2149732,,,False
RP11-770G2.2,LGS2,Horizontal,318,,2149732,,,False
RP11-798G7.6,LGS2,Horizontal,318,,2149732,,,False
RP11-798G7.8,LGS2,Horizontal,318,,2149732,,,False
RP5-1115A15.1,LGS2,Horizontal,318,,2149732,,,False
RPS26P8,LGS2,Horizontal,318,,2149732,,,False
SCRN2,LGS2,Horizontal,318,20.0,2149732,9.303485271652466,2.3324822138879693,True
SEMA3E,LGS2,Horizontal,318,111.0,2149732,51.63434325767119,3.9633688203322226,True
SEPT7,LGS2,Horizontal,318,,2149732,,,False
SF3A3,LGS2,Horizontal,318,33.0,2149732,15.35075069822657,2.794273810553857,True
SFTA1P,LGS2,Horizontal,318,0.0,2149732,0.0,0.0,True
SGSM2,LGS2,Horizontal,318,52.0,2149732,24.189061706296414,3.2264098410124302,True
SLC25A45,LGS2,Horizontal,318,2.0,2149732,0.9303485271652466,0.657700570636906,True
SLC39A13,LGS2,Horizontal,318,23.0,2149732,10.699008062400337,2.459504057218175,True
SMAD6,LGS2,Horizontal,318,0.0,2149732,0.0,0.0,True
SNORD14A,LGS2,Horizontal,318,,2149732,,,False
SSSCA1-AS1,LGS2,Horizontal,318,9.0,2149732,4.18656837224361,1.6460722785356432,True
TARID,LGS2,Horizontal,318,1.0,2149732,0.4651742635826233,0.381974186645829,True
TBC1D31,LGS2,Horizontal,318,69.0,2149732,32.09702418720101,3.4994433746314972,True
TBKBP1,LGS2,Horizontal,318,15.0,2149732,6.97761395373935,2.0766393634605125,True
TBPL1,LGS2,Horizontal,318,45.0,2149732,20.932841861218048,3.087985141868859,True
TGFB3,LGS2,Horizontal,318,4.0,2149732,1.8606970543304933,1.05106532042596,True
THCAT158,LGS2,Horizontal,318,,2149732,,,False
THSD7A,LGS2,Horizontal,318,1448.0,2149732,673.5723336676385,6.5140789103244146,True
TIGD3,LGS2,Horizontal,318,2.0,2149732,0.9303485271652466,0.657700570636906,True
TMEM116,LGS2,Horizontal,318,47.0,2149732,21.863190388383295,3.1295282106753017,True
TMEM136,LGS2,Horizontal,318,,2149732,,,False
TMEM181,LGS2,Horizontal,318,152.0,2149732,70.70648806455874,4.272581232557138,True
TMEM263,LGS2,Horizontal,318,71.0,2149732,33.02737271436626,3.5271652805475266,True
TRIM26,LGS2,Horizontal,318,41.0,2149732,19.072144806887557,2.9993330234107343,True
TRIOBP,LGS2,Horizontal,318,106.0,2149732,49.30847193975807,3.918173491149059,True
TSC22D2,LGS2,Horizontal,318,166.0,2149732,77.21892775471547,4.3595116611627835,True
TTC28,LGS2,Horizontal,318,663.0,2149732,308.4105367552793,5.73466899300602,True
TTLL5,LGS2,Horizontal,318,279.0,2149732,129.7836195395519,4.873544198302763,True
TXNDC8,LGS2,Horizontal,318,0.0,2149732,0.0,0.0,True
TXNRD2,LGS2,Horizontal,318,16.0,2149732,7.442788217321973,2.1333126115544445,True
UTP11,LGS2,Horizontal,318,15.0,2149732,6.97761395373935,2.0766393634605125,True
VARS2,LGS2,Horizontal,318,8.0,2149732,3.7213941086609865,1.5521041179911406,True
VCAM1,LGS2,Horizontal,318,1.0,2149732,0.4651742635826233,0.381974186645829,True
WLS,LGS2,Horizontal,318,129.0,2149732,60.00748000215841,4.110996479641931,True
WNT2B,LGS2,Horizontal,318,18.0,2149732,8.37313674448722,2.237847804848925,True
XRCC6P1,LGS2,Horizontal,318,,2149732,,,False
XXbac-BPG170G13.32,LGS2,Horizontal,318,,2149732,,,False
XXbac-BPG283O16.9,LGS2,Horizontal,318,,2149732,,,False
YAP1,LGS2,Horizontal,318,1.0,2149732,0.4651742635826233,0.381974186645829,True
YIF1A,LGS2,Horizontal,318,27.0,2149732,12.55970511673083,2.6071025357220163,True
ZNF280D,LGS2,Horizontal,318,532.0,2149732,247.4727082259556,5.515333013452868,True
ZNF638,LGS2,Horizontal,318,1245.0,2149732,579.141958160366,6.363272829041644,True
ZNF638-IT1,LGS2,Horizontal,318,,2149732,,,False
DGKG,LGS2,RGC,169,53.0,2422141,21.881467676737234,3.1303273111648284,True
SLC2A12,LGS2,RGC,169,2.0,2422141,0.8257157613863108,0.6019721081648111,True
COL8A2,LGS2,RGC,169,0.0,2422141,0.0,0.0,True
NPC2,LGS2,RGC,169,59.0,2422141,24.358614960896166,3.2331185129709477,True
PSMC3,LGS2,RGC,169,64.0,2422141,26.422904364361944,3.3113785899093564,True
RP11-466F5.8,LGS2,RGC,169,,2422141,,,False
LPP,LGS2,RGC,169,785.0,2422141,324.0934363441269,5.7841126374540215,True
RP11-121M22.1,LGS2,RGC,169,,2422141,,,False
ABO,LGS2,RGC,169,38.0,2422141,15.688599466339904,2.814725819613471,True
ADAMTS8,LGS2,RGC,169,0.0,2422141,0.0,0.0,True
CALD1,LGS2,RGC,169,274.0,2422141,113.12305930992457,4.737277333819174,True
CHEK2,LGS2,RGC,169,17.0,2422141,7.018583971783641,2.0817618441677563,True
GAS7,LGS2,RGC,169,28.0,2422141,11.56002065940835,2.5305188058960524,True
LMX1B,LGS2,RGC,169,0.0,2422141,0.0,0.0,True
TCF12,LGS2,RGC,169,692.0,2422141,285.6976534396635,5.658428188131949,True
TMCO1,LGS2,RGC,169,104.0,2422141,42.937219592088155,3.7827617875781296,True
TRIB2,LGS2,RGC,169,74.0,2422141,30.551483171293498,3.451620598065907,True
AC000078.5,LGS2,RGC,169,,2422141,,,False
AC002066.1,LGS2,RGC,169,39.0,2422141,16.101457347033058,2.839163684849866,True
AC012066.1,LGS2,RGC,169,,2422141,,,False
AC091132.1,LGS2,RGC,169,0.0,2422141,0.0,0.0,True
ACBD4,LGS2,RGC,169,24.0,2422141,9.908589136635728,2.389550473117444,True
AFAP1,LGS2,RGC,169,57.0,2422141,23.532899199509856,3.200015041237998,True
ALDH2,LGS2,RGC,169,70.0,2422141,28.900051648520876,3.397860207770429,True
AP003068.23,LGS2,RGC,169,,2422141,,,False
AP5B1,LGS2,RGC,169,8.0,2422141,3.302863045545243,1.459280625682102,True
AREL1,LGS2,RGC,169,86.0,2422141,35.50577773961136,3.597470542297163,True
ARHGAP27,LGS2,RGC,169,5.0,2422141,2.064289403465777,1.1198157002462135,True
ARHGEF12,LGS2,RGC,169,840.0,2422141,346.8006197822505,5.851629383926216,True
ARL17A,LGS2,RGC,169,157.0,2422141,64.81868726882539,4.186903799056587,True
ATP5J,LGS2,RGC,169,,2422141,,,False
BICC1,LGS2,RGC,169,100.0,2422141,41.28578806931554,3.744451050149687,True
BORA,LGS2,RGC,169,27.0,2422141,11.147162778715195,2.4970956263622868,True
C1orf109,LGS2,RGC,169,24.0,2422141,9.908589136635728,2.389550473117444,True
C1orf122,LGS2,RGC,169,115.0,2422141,47.478656279712865,3.8811236243743132,True
C22orf29,LGS2,RGC,169,,2422141,,,False
C6orf15,LGS2,RGC,169,0.0,2422141,0.0,0.0,True
CADM1,LGS2,RGC,169,3345.0,2422141,1381.0096109186047,7.23129395865843,True
CADM2,LGS2,RGC,169,8230.0,2422141,3397.8203581046687,8.131183696903335,True
CAV2,LGS2,RGC,169,59.0,2422141,24.358614960896166,3.2331185129709477,True
CCDC117,LGS2,RGC,169,28.0,2422141,11.56002065940835,2.5305188058960524,True
CDC14A,LGS2,RGC,169,29.0,2422141,11.972878540101505,2.5628609120307098,True
CDKN2A,LGS2,RGC,169,1.0,2422141,0.4128578806931554,0.3456145188089069,True
CDKN2B-AS1,LGS2,RGC,169,2.0,2422141,0.8257157613863108,0.6019721081648111,True
CELF1,LGS2,RGC,169,421.0,2422141,173.8131677718184,5.163717790886629,True
CLIC5,LGS2,RGC,169,35.0,2422141,14.450025824260438,2.737610674815525,True
CMB9-22P13.1,LGS2,RGC,169,,2422141,,,False
COL11A1,LGS2,RGC,169,56.0,2422141,23.1200413188167,3.1830430849096194,True
CRHR1,LGS2,RGC,169,18.0,2422141,7.431441852476796,2.131967795641865,True
CTA-292E10.6,LGS2,RGC,169,,2422141,,,False
CTB-39G8.3,LGS2,RGC,169,,2422141,,,False
CTD-2005H7.1,LGS2,RGC,169,,2422141,,,False
CTD-2020K17.1,LGS2,RGC,169,,2422141,,,False
CTD-2020K17.3,LGS2,RGC,169,,2422141,,,False
CTTNBP2,LGS2,RGC,169,345.0,2422141,142.4359688391386,4.965888725438071,True
DDX39BP2,LGS2,RGC,169,,2422141,,,False
DIO1,LGS2,RGC,169,3.0,2422141,1.238573642079466,0.8058388961159729,True
DND1P1,LGS2,RGC,169,,2422141,,,False
DYSF,LGS2,RGC,169,140.0,2422141,57.80010329704175,4.074143611655449,True
EFCAB13,LGS2,RGC,169,89.0,2422141,36.74435138169083,3.6308358322259178,True
EFEMP1,LGS2,RGC,169,6.0,2422141,2.477147284158932,1.2462122116796142,True
EHBP1L1,LGS2,RGC,169,5.0,2422141,2.064289403465777,1.1198157002462135,True
FAM215B,LGS2,RGC,169,27.0,2422141,11.147162778715195,2.4970956263622868,True
FAM83A,LGS2,RGC,169,1.0,2422141,0.4128578806931554,0.3456145188089069,True
FAM83A-AS1,LGS2,RGC,169,0.0,2422141,0.0,0.0,True
FAM89B,LGS2,RGC,169,19.0,2422141,7.844299733169952,2.179773153552744,True
FHL3,LGS2,RGC,169,6.0,2422141,2.477147284158932,1.2462122116796142,True
FLOT1,LGS2,RGC,169,257.0,2422141,106.10447533814093,4.673804763117934,True
FLVCR2,LGS2,RGC,169,1.0,2422141,0.4128578806931554,0.3456145188089069,True
FMNL1,LGS2,RGC,169,39.0,2422141,16.101457347033058,2.839163684849866,True
FNDC4,LGS2,RGC,169,36.0,2422141,14.862883704953592,2.763982022185525,True
GALR3,LGS2,RGC,169,1.0,2422141,0.4128578806931554,0.3456145188089069,True
GCAT,LGS2,RGC,169,16.0,2422141,6.605726091090486,2.02890139664232,True
GLIS1,LGS2,RGC,169,14.0,2422141,5.780010329704175,1.9139786255063316,True
H1F0,LGS2,RGC,169,32.0,2422141,13.211452182180972,2.6540481312704163,True
HCG4,LGS2,RGC,169,,2422141,,,False
HCG4B,LGS2,RGC,169,,2422141,,,False
HCG4P5,LGS2,RGC,169,,2422141,,,False
HCG4P7,LGS2,RGC,169,,2422141,,,False
HCG9,LGS2,RGC,169,4.0,2422141,1.6514315227726215,0.9750996914167958,True
HCP5B,LGS2,RGC,169,,2422141,,,False
HECTD4,LGS2,RGC,169,761.0,2422141,314.1848472074912,5.753159283247858,True
HLA-A,LGS2,RGC,169,145.0,2422141,59.86439270050752,4.108648319000355,True
HLA-C,LGS2,RGC,169,124.0,2422141,51.19437720595126,3.954974772725682,True
HLA-F,LGS2,RGC,169,38.0,2422141,15.688599466339904,2.814725819613471,True
HLA-F-AS1,LGS2,RGC,169,59.0,2422141,24.358614960896166,3.2331185129709477,True
HLA-G,LGS2,RGC,169,9.0,2422141,3.715720926238398,1.5509018049781027,True
HLA-H,LGS2,RGC,169,,2422141,,,False
HLA-J,LGS2,RGC,169,,2422141,,,False
HLA-L,LGS2,RGC,169,,2422141,,,False
HLA-T,LGS2,RGC,169,,2422141,,,False
HLA-U,LGS2,RGC,169,,2422141,,,False
HLA-V,LGS2,RGC,169,,2422141,,,False
HLA-W,LGS2,RGC,169,,2422141,,,False
HSCB,LGS2,RGC,169,44.0,2422141,18.165746750498837,2.9531246623572205,True
HTRA3,LGS2,RGC,169,0.0,2422141,0.0,0.0,True
IFITM4P,LGS2,RGC,169,,2422141,,,False
IFT172,LGS2,RGC,169,155.0,2422141,63.99297150743908,4.174279133394313,True
INPP5B,LGS2,RGC,169,164.0,2422141,67.70869243367748,4.229875718643271,True
ITGB3,LGS2,RGC,169,7.0,2422141,2.8900051648520875,1.358410485354946,True
KANSL1,LGS2,RGC,169,1855.0,2422141,765.8513686858032,6.642292999910745,True
KANSL1-AS1,LGS2,RGC,169,11.0,2422141,4.541436687624709,1.7122537970351641,True
KHK,LGS2,RGC,169,18.0,2422141,7.431441852476796,2.131967795641865,True
KLF5,LGS2,RGC,169,0.0,2422141,0.0,0.0,True
KRT8P26,LGS2,RGC,169,,2422141,,,False
LHPP,LGS2,RGC,169,106.0,2422141,43.76293535347447,3.8013804611297988,True
LINC01948,LGS2,RGC,169,78.0,2422141,32.202914694066116,3.502637664058895,True
LINC02052,LGS2,RGC,169,0.0,2422141,0.0,0.0,True
LINC02210,LGS2,RGC,169,,2422141,,,False
LMO4,LGS2,RGC,169,36.0,2422141,14.862883704953592,2.763982022185525,True
LMO7,LGS2,RGC,169,139.0,2422141,57.38724541634859,4.06709746557635,True
LOXL1,LGS2,RGC,169,0.0,2422141,0.0,0.0,True
LOXL1-AS1,LGS2,RGC,169,0.0,2422141,0.0,0.0,True
LRRC37A,LGS2,RGC,169,70.0,2422141,28.900051648520876,3.397860207770429,True
LRRC37A17P,LGS2,RGC,169,,2422141,,,False
LRRC37A2,LGS2,RGC,169,341.0,2422141,140.78453731636597,4.954308562428316,True
LRRC37A4P,LGS2,RGC,169,,2422141,,,False
LRWD1,LGS2,RGC,169,10.0,2422141,4.128578806931554,1.6348285851153468,True
LTBP2,LGS2,RGC,169,28.0,2422141,11.56002065940835,2.5305188058960524,True
LTBP3,LGS2,RGC,169,26.0,2422141,10.734304898022039,2.462516594316592,True
MADD,LGS2,RGC,169,164.0,2422141,67.70869243367748,4.229875718643271,True
MAPK8IP1P1,LGS2,RGC,169,,2422141,,,False
MAPK8IP1P2,LGS2,RGC,169,,2422141,,,False
MAPT,LGS2,RGC,169,1103.0,2422141,455.38224240455037,6.123330709265496,True
MAPT-AS1,LGS2,RGC,169,29.0,2422141,11.972878540101505,2.5628609120307098,True
MAPT-IT1,LGS2,RGC,169,9.0,2422141,3.715720926238398,1.5509018049781027,True
ME3,LGS2,RGC,169,137.0,2422141,56.561529654962285,4.052854456630658,True
MICE,LGS2,RGC,169,,2422141,,,False
MOV10,LGS2,RGC,169,16.0,2422141,6.605726091090486,2.02890139664232,True
MRPL33,LGS2,RGC,169,137.0,2422141,56.561529654962285,4.052854456630658,True
MTCH2,LGS2,RGC,169,121.0,2422141,49.9558035638718,3.9309586602254267,True
MVB12B,LGS2,RGC,169,172.0,2422141,71.01155547922272,4.276826598905451,True
Metazoa_SRP,LGS2,RGC,169,,2422141,,,False
NEAT1,LGS2,RGC,169,7456.0,2422141,3078.2683584481665,8.032447301790723,True
NMT1,LGS2,RGC,169,146.0,2422141,60.27725058120068,4.115408657931038,True
NPEPPS,LGS2,RGC,169,903.0,2422141,372.8106662659193,5.923749429301139,True
NRBP1,LGS2,RGC,169,66.0,2422141,27.248620125748253,3.3410446112932326,True
NSF,LGS2,RGC,169,326.0,2422141,134.59166910596863,4.909647936347331,True
NUCB2,LGS2,RGC,169,134.0,2422141,55.32295601288282,4.031102196496642,True
NUDT7,LGS2,RGC,169,7.0,2422141,2.8900051648520875,1.358410485354946,True
PDE6C,LGS2,RGC,169,14.0,2422141,5.780010329704175,1.9139786255063316,True
PGAM1P8,LGS2,RGC,169,,2422141,,,False
PIBF1,LGS2,RGC,169,388.0,2422141,160.18885770894428,5.082576706771311,True
PIGC,LGS2,RGC,169,78.0,2422141,32.202914694066116,3.502637664058895,True
PKIB,LGS2,RGC,169,267.0,2422141,110.23305414507247,4.711627587152647,True
PLCE1,LGS2,RGC,169,96.0,2422141,39.63435654654291,3.704613929123301,True
PLCE1-AS1,LGS2,RGC,169,1.0,2422141,0.4128578806931554,0.3456145188089069,True
PLEKHA7,LGS2,RGC,169,84.0,2422141,34.68006197822505,3.5745920447681767,True
PLEKHM1,LGS2,RGC,169,43.0,2422141,17.75288886980568,2.9313478136046887,True
PPP1R18,LGS2,RGC,169,5.0,2422141,2.064289403465777,1.1198157002462135,True
PRKCE,LGS2,RGC,169,937.0,2422141,386.84783420948656,5.960613082828178,True
PROX2,LGS2,RGC,169,3.0,2422141,1.238573642079466,0.8058388961159729,True
PRSS23,LGS2,RGC,169,21.0,2422141,8.670015494556262,2.269029911796521,True
PSORS1C3,LGS2,RGC,169,0.0,2422141,0.0,0.0,True
RAPSN,LGS2,RGC,169,0.0,2422141,0.0,0.0,True
RERE,LGS2,RGC,169,1706.0,2422141,704.335544462523,6.558673639176418,True
RIC8B,LGS2,RGC,169,203.0,2422141,83.81014978071053,4.44041522644575,True
RORA,LGS2,RGC,169,7677.0,2422141,3169.5099500813535,8.061647721467082,True
RP11-123K19.1,LGS2,RGC,169,,2422141,,,False
RP11-136H19.1,LGS2,RGC,169,,2422141,,,False
RP11-149I2.4,LGS2,RGC,169,,2422141,,,False
RP11-162I7.1,LGS2,RGC,169,,2422141,,,False
RP11-17G12.2,LGS2,RGC,169,,2422141,,,False
RP11-205K6.1,LGS2,RGC,169,,2422141,,,False
RP11-217B7.2,LGS2,RGC,169,,2422141,,,False
RP11-259A24.1,LGS2,RGC,169,,2422141,,,False
RP11-259G18.1,LGS2,RGC,169,,2422141,,,False
RP11-259G18.3,LGS2,RGC,169,,2422141,,,False
RP11-293E1.1,LGS2,RGC,169,,2422141,,,False
RP11-293E1.2,LGS2,RGC,169,,2422141,,,False
RP11-302L19.3,LGS2,RGC,169,,2422141,,,False
RP11-403A3.3,LGS2,RGC,169,,2422141,,,False
RP11-412D9.4,LGS2,RGC,169,,2422141,,,False
RP11-507B12.1,LGS2,RGC,169,,2422141,,,False
RP11-507B12.2,LGS2,RGC,169,,2422141,,,False
RP11-669E14.6,LGS2,RGC,169,,2422141,,,False
RP11-707O23.1,LGS2,RGC,169,,2422141,,,False
RP11-750H9.5,LGS2,RGC,169,,2422141,,,False
RP11-755F10.1,LGS2,RGC,169,,2422141,,,False
RP11-762L8.6,LGS2,RGC,169,,2422141,,,False
RP11-770G2.2,LGS2,RGC,169,,2422141,,,False
RP11-798G7.6,LGS2,RGC,169,,2422141,,,False
RP11-798G7.8,LGS2,RGC,169,,2422141,,,False
RP5-1115A15.1,LGS2,RGC,169,,2422141,,,False
RPS26P8,LGS2,RGC,169,,2422141,,,False
SCRN2,LGS2,RGC,169,27.0,2422141,11.147162778715195,2.4970956263622868,True
SEMA3E,LGS2,RGC,169,296.0,2422141,122.20593268517399,4.813857204852136,True
SEPT7,LGS2,RGC,169,,2422141,,,False
SF3A3,LGS2,RGC,169,50.0,2422141,20.64289403465777,3.074677180464304,True
SFTA1P,LGS2,RGC,169,0.0,2422141,0.0,0.0,True
SGSM2,LGS2,RGC,169,72.0,2422141,29.725767409907185,3.4251016318662124,True
SLC25A45,LGS2,RGC,169,4.0,2422141,1.6514315227726215,0.9750996914167958,True
SLC39A13,LGS2,RGC,169,26.0,2422141,10.734304898022039,2.462516594316592,True
SMAD6,LGS2,RGC,169,7.0,2422141,2.8900051648520875,1.358410485354946,True
SNORD14A,LGS2,RGC,169,,2422141,,,False
SSSCA1-AS1,LGS2,RGC,169,1.0,2422141,0.4128578806931554,0.3456145188089069,True
TARID,LGS2,RGC,169,3.0,2422141,1.238573642079466,0.8058388961159729,True
TBC1D31,LGS2,RGC,169,89.0,2422141,36.74435138169083,3.6308358322259178,True
TBKBP1,LGS2,RGC,169,12.0,2422141,4.954294568317864,1.7841127353902533,True
TBPL1,LGS2,RGC,169,60.0,2422141,24.771472841589322,3.2492681763717637,True
TGFB3,LGS2,RGC,169,5.0,2422141,2.064289403465777,1.1198157002462135,True
THCAT158,LGS2,RGC,169,,2422141,,,False
THSD7A,LGS2,RGC,169,439.0,2422141,181.2446096242952,5.2053497936299395,True
TIGD3,LGS2,RGC,169,1.0,2422141,0.4128578806931554,0.3456145188089069,True
TMEM116,LGS2,RGC,169,102.0,2422141,42.11150383070185,3.763789871720606,True
TMEM136,LGS2,RGC,169,,2422141,,,False
TMEM181,LGS2,RGC,169,194.0,2422141,80.09442885447214,4.395614263995709,True
TMEM263,LGS2,RGC,169,40.0,2422141,16.514315227726215,2.8630185595520947,True
TRIM26,LGS2,RGC,169,61.0,2422141,25.184330722282475,3.265161167820399,True
TRIOBP,LGS2,RGC,169,136.0,2422141,56.148671774269125,4.045656148925583,True
TSC22D2,LGS2,RGC,169,220.0,2422141,90.82873375249417,4.5199252524907685,True
TTC28,LGS2,RGC,169,651.0,2422141,268.77048033124413,5.597571524634317,True
TTLL5,LGS2,RGC,169,441.0,2422141,182.0703253856815,5.209870370745303,True
TXNDC8,LGS2,RGC,169,0.0,2422141,0.0,0.0,True
TXNRD2,LGS2,RGC,169,17.0,2422141,7.018583971783641,2.0817618441677563,True
UTP11,LGS2,RGC,169,23.0,2422141,9.495731255942573,2.3509686274477315,True
VARS2,LGS2,RGC,169,12.0,2422141,4.954294568317864,1.7841127353902533,True
VCAM1,LGS2,RGC,169,0.0,2422141,0.0,0.0,True
WLS,LGS2,RGC,169,71.0,2422141,29.31290952921403,3.411573678848552,True
WNT2B,LGS2,RGC,169,28.0,2422141,11.56002065940835,2.5305188058960524,True
XRCC6P1,LGS2,RGC,169,,2422141,,,False
XXbac-BPG170G13.32,LGS2,RGC,169,,2422141,,,False
XXbac-BPG283O16.9,LGS2,RGC,169,,2422141,,,False
YAP1,LGS2,RGC,169,30.0,2422141,12.385736420794661,2.5941896938223024,True
YIF1A,LGS2,RGC,169,43.0,2422141,17.75288886980568,2.9313478136046887,True
ZNF280D,LGS2,RGC,169,455.0,2422141,187.85033571538568,5.240954826839627,True
ZNF638,LGS2,RGC,169,1202.0,2422141,496.25517259317274,6.20910332007952,True
ZNF638-IT1,LGS2,RGC,169,,2422141,,,False
DGKG,LGS2,Muller glia,1167,88.0,6765383,13.00739366862157,2.6395853093966553,True
SLC2A12,LGS2,Muller glia,1167,31.0,6765383,4.582150042355326,1.719574014429576,True
COL8A2,LGS2,Muller glia,1167,1.0,6765383,0.14781129168888146,0.1378569043235416,True
NPC2,LGS2,Muller glia,1167,117.0,6765383,17.29392112759913,2.9065688258440505,True
PSMC3,LGS2,Muller glia,1167,37.0,6765383,5.469017792488614,1.8670242874814102,True
RP11-466F5.8,LGS2,Muller glia,1167,,6765383,,,False
LPP,LGS2,Muller glia,1167,2584.0,6765383,381.94437772406974,5.947889750759566,True
RP11-121M22.1,LGS2,Muller glia,1167,,6765383,,,False
ABO,LGS2,Muller glia,1167,0.0,6765383,0.0,0.0,True
ADAMTS8,LGS2,Muller glia,1167,14.0,6765383,2.0693580836443406,1.1214684464606002,True
CALD1,LGS2,Muller glia,1167,3787.0,6765383,559.7613616257942,6.3292954346766335,True
CHEK2,LGS2,Muller glia,1167,11.0,6765383,1.6259242085776962,0.9654329135363287,True
GAS7,LGS2,Muller glia,1167,379.0,6765383,56.02047955008608,4.043410493657615,True
LMX1B,LGS2,Muller glia,1167,1.0,6765383,0.14781129168888146,0.1378569043235416,True
TCF12,LGS2,Muller glia,1167,3530.0,6765383,521.7738596617515,6.2591489798529985,True
TMCO1,LGS2,Muller glia,1167,200.0,6765383,29.562258337776296,3.419765860055405,True
TRIB2,LGS2,Muller glia,1167,2329.0,6765383,344.25249834340497,5.844276028594588,True
AC000078.5,LGS2,Muller glia,1167,,6765383,,,False
AC002066.1,LGS2,Muller glia,1167,196.0,6765383,28.97101317102077,3.4002306869306884,True
AC012066.1,LGS2,Muller glia,1167,,6765383,,,False
AC091132.1,LGS2,Muller glia,1167,1.0,6765383,0.14781129168888146,0.1378569043235416,True
ACBD4,LGS2,Muller glia,1167,51.0,6765383,7.538375876132955,2.144570811275502,True
AFAP1,LGS2,Muller glia,1167,652.0,6765383,96.37296218115073,4.578548576435607,True
ALDH2,LGS2,Muller glia,1167,167.0,6765383,24.684485712043205,3.2458871408277137,True
AP003068.23,LGS2,Muller glia,1167,,6765383,,,False
AP5B1,LGS2,Muller glia,1167,14.0,6765383,2.0693580836443406,1.1214684464606002,True
AREL1,LGS2,Muller glia,1167,196.0,6765383,28.97101317102077,3.4002306869306884,True
ARHGAP27,LGS2,Muller glia,1167,11.0,6765383,1.6259242085776962,0.9654329135363287,True
ARHGEF12,LGS2,Muller glia,1167,2307.0,6765383,341.00064992624954,5.83481263742995,True
ARL17A,LGS2,Muller glia,1167,329.0,6765383,48.629914965642,3.904593776231813,True
ATP5J,LGS2,Muller glia,1167,,6765383,,,False
BICC1,LGS2,Muller glia,1167,464.0,6765383,68.58443934364101,4.2425409696954475,True
BORA,LGS2,Muller glia,1167,41.0,6765383,6.06026295924414,1.9544822971633837,True
C1orf109,LGS2,Muller glia,1167,15.0,6765383,2.217169375333222,1.1685018969589611,True
C1orf122,LGS2,Muller glia,1167,176.0,6765383,26.01478733724314,3.2963843952399894,True
C22orf29,LGS2,Muller glia,1167,,6765383,,,False
C6orf15,LGS2,Muller glia,1167,0.0,6765383,0.0,0.0,True
CADM1,LGS2,Muller glia,1167,23925.0,6765383,3536.3851536564894,8.171143076027022,True
CADM2,LGS2,Muller glia,1167,28442.0,6765383,4204.048758215167,8.34404116763475,True
CAV2,LGS2,Muller glia,1167,337.0,6765383,49.812405299153056,3.9281405235749873,True
CCDC117,LGS2,Muller glia,1167,24.0,6765383,3.547471000533155,1.514571254376757,True
CDC14A,LGS2,Muller glia,1167,686.0,6765383,101.3985460985727,4.628872514248485,True
CDKN2A,LGS2,Muller glia,1167,13.0,6765383,1.9215467919554592,1.0721131992987636,True
CDKN2B-AS1,LGS2,Muller glia,1167,31.0,6765383,4.582150042355326,1.719574014429576,True
CELF1,LGS2,Muller glia,1167,656.0,6765383,96.96420734790624,4.5846021808136195,True
CLIC5,LGS2,Muller glia,1167,532.0,6765383,78.63560717848495,4.377461319192603,True
CMB9-22P13.1,LGS2,Muller glia,1167,,6765383,,,False
COL11A1,LGS2,Muller glia,1167,1796.0,6765383,265.4690798732311,5.58525821388496,True
CRHR1,LGS2,Muller glia,1167,7.0,6765383,1.0346790418221703,0.7103380874493034,True
CTA-292E10.6,LGS2,Muller glia,1167,,6765383,,,False
CTB-39G8.3,LGS2,Muller glia,1167,,6765383,,,False
CTD-2005H7.1,LGS2,Muller glia,1167,,6765383,,,False
CTD-2020K17.1,LGS2,Muller glia,1167,,6765383,,,False
CTD-2020K17.3,LGS2,Muller glia,1167,,6765383,,,False
CTTNBP2,LGS2,Muller glia,1167,1096.0,6765383,162.00117569101408,5.093757413609057,True
DDX39BP2,LGS2,Muller glia,1167,,6765383,,,False
DIO1,LGS2,Muller glia,1167,6.0,6765383,0.8868677501332888,0.6349181792103267,True
DND1P1,LGS2,Muller glia,1167,,6765383,,,False
DYSF,LGS2,Muller glia,1167,32.0,6765383,4.729961334044207,1.7457087827185762,True
EFCAB13,LGS2,Muller glia,1167,402.0,6765383,59.420139258930355,4.101322480804105,True
EFEMP1,LGS2,Muller glia,1167,356.0,6765383,52.620819841241804,3.9819374225313164,True
EHBP1L1,LGS2,Muller glia,1167,10.0,6765383,1.4781129168888147,0.9074973499205135,True
FAM215B,LGS2,Muller glia,1167,60.0,6765383,8.868677501332888,2.2893658527081064,True
FAM83A,LGS2,Muller glia,1167,2.0,6765383,0.2956225833777629,0.2589913389888113,True
FAM83A-AS1,LGS2,Muller glia,1167,0.0,6765383,0.0,0.0,True
FAM89B,LGS2,Muller glia,1167,17.0,6765383,2.512791958710985,1.2564111511233134,True
FHL3,LGS2,Muller glia,1167,2.0,6765383,0.2956225833777629,0.2589913389888113,True
FLOT1,LGS2,Muller glia,1167,766.0,6765383,113.22344943368321,4.738156612690385,True
FLVCR2,LGS2,Muller glia,1167,39.0,6765383,5.764640375866377,1.9117091006925688,True
FMNL1,LGS2,Muller glia,1167,14.0,6765383,2.0693580836443406,1.1214684464606002,True
FNDC4,LGS2,Muller glia,1167,19.0,6765383,2.808414542088748,1.3372129718468408,True
GALR3,LGS2,Muller glia,1167,1.0,6765383,0.14781129168888146,0.1378569043235416,True
GCAT,LGS2,Muller glia,1167,32.0,6765383,4.729961334044207,1.7457087827185762,True
GLIS1,LGS2,Muller glia,1167,4.0,6765383,0.5912451667555259,0.4645168334963516,True
H1F0,LGS2,Muller glia,1167,64.0,6765383,9.459922668088414,2.3475510655012655,True
HCG4,LGS2,Muller glia,1167,,6765383,,,False
HCG4B,LGS2,Muller glia,1167,,6765383,,,False
HCG4P5,LGS2,Muller glia,1167,,6765383,,,False
HCG4P7,LGS2,Muller glia,1167,,6765383,,,False
HCG9,LGS2,Muller glia,1167,2.0,6765383,0.2956225833777629,0.2589913389888113,True
HCP5B,LGS2,Muller glia,1167,,6765383,,,False
HECTD4,LGS2,Muller glia,1167,1228.0,6765383,181.51226619394646,5.206817382785544,True
HLA-A,LGS2,Muller glia,1167,312.0,6765383,46.11712300693102,3.8526364807503253,True
HLA-C,LGS2,Muller glia,1167,442.0,6765383,65.33259092648561,4.1946813439307205,True
HLA-F,LGS2,Muller glia,1167,62.0,6765383,9.164300084710652,2.318881589295073,True
HLA-F-AS1,LGS2,Muller glia,1167,58.0,6765383,8.573054917955126,2.25895237270271,True
HLA-G,LGS2,Muller glia,1167,0.0,6765383,0.0,0.0,True
HLA-H,LGS2,Muller glia,1167,,6765383,,,False
HLA-J,LGS2,Muller glia,1167,,6765383,,,False
HLA-L,LGS2,Muller glia,1167,,6765383,,,False
HLA-T,LGS2,Muller glia,1167,,6765383,,,False
HLA-U,LGS2,Muller glia,1167,,6765383,,,False
HLA-V,LGS2,Muller glia,1167,,6765383,,,False
HLA-W,LGS2,Muller glia,1167,,6765383,,,False
HSCB,LGS2,Muller glia,1167,90.0,6765383,13.303016251999333,2.66047044173719,True
HTRA3,LGS2,Muller glia,1167,0.0,6765383,0.0,0.0,True
IFITM4P,LGS2,Muller glia,1167,,6765383,,,False
IFT172,LGS2,Muller glia,1167,372.0,6765383,54.98580050826391,4.025098096230351,True
INPP5B,LGS2,Muller glia,1167,175.0,6765383,25.866976045554257,3.2908978761213823,True
ITGB3,LGS2,Muller glia,1167,26.0,6765383,3.8430935839109184,1.577553686775778,True
KANSL1,LGS2,Muller glia,1167,4011.0,6765383,592.8710909641036,6.386662277231755,True
KANSL1-AS1,LGS2,Muller glia,1167,38.0,6765383,5.616829084177496,1.8896162648909012,True
KHK,LGS2,Muller glia,1167,7.0,6765383,1.0346790418221703,0.7103380874493034,True
KLF5,LGS2,Muller glia,1167,1.0,6765383,0.14781129168888146,0.1378569043235416,True
KRT8P26,LGS2,Muller glia,1167,,6765383,,,False
LHPP,LGS2,Muller glia,1167,104.0,6765383,15.372374335643674,2.7955954227496447,True
LINC01948,LGS2,Muller glia,1167,37.0,6765383,5.469017792488614,1.8670242874814102,True
LINC02052,LGS2,Muller glia,1167,0.0,6765383,0.0,0.0,True
LINC02210,LGS2,Muller glia,1167,,6765383,,,False
LMO4,LGS2,Muller glia,1167,62.0,6765383,9.164300084710652,2.318881589295073,True
LMO7,LGS2,Muller glia,1167,200.0,6765383,29.562258337776296,3.419765860055405,True
LOXL1,LGS2,Muller glia,1167,14.0,6765383,2.0693580836443406,1.1214684464606002,True
LOXL1-AS1,LGS2,Muller glia,1167,7.0,6765383,1.0346790418221703,0.7103380874493034,True
LRRC37A,LGS2,Muller glia,1167,114.0,6765383,16.85048725253249,2.8820308049137338,True
LRRC37A17P,LGS2,Muller glia,1167,,6765383,,,False
LRRC37A2,LGS2,Muller glia,1167,694.0,6765383,102.58103643208374,4.640354267048057,True
LRRC37A4P,LGS2,Muller glia,1167,,6765383,,,False
LRWD1,LGS2,Muller glia,1167,17.0,6765383,2.512791958710985,1.2564111511233134,True
LTBP2,LGS2,Muller glia,1167,49.0,6765383,7.242753292755192,2.1093344255801783,True
LTBP3,LGS2,Muller glia,1167,237.0,6765383,35.03127613026491,3.584387342680238,True
MADD,LGS2,Muller glia,1167,332.0,6765383,49.07334884070865,3.9134889072829977,True
MAPK8IP1P1,LGS2,Muller glia,1167,,6765383,,,False
MAPK8IP1P2,LGS2,Muller glia,1167,,6765383,,,False
MAPT,LGS2,Muller glia,1167,1946.0,6765383,287.6407736265634,5.665182917117907,True
MAPT-AS1,LGS2,Muller glia,1167,97.0,6765383,14.337695293821502,2.730313543049461,True
MAPT-IT1,LGS2,Muller glia,1167,36.0,6765383,5.321206500799733,1.8439100919645675,True
ME3,LGS2,Muller glia,1167,176.0,6765383,26.01478733724314,3.2963843952399894,True
MICE,LGS2,Muller glia,1167,,6765383,,,False
MOV10,LGS2,Muller glia,1167,443.0,6765383,65.48040221817449,4.196907200742104,True
MRPL33,LGS2,Muller glia,1167,328.0,6765383,48.48210367395312,3.9016110622622593,True
MTCH2,LGS2,Muller glia,1167,284.0,6765383,41.97840683964234,3.7606978230457835,True
MVB12B,LGS2,Muller glia,1167,417.0,6765383,61.637308634263576,4.137361085150681,True
Metazoa_SRP,LGS2,Muller glia,1167,,6765383,,,False
NEAT1,LGS2,Muller glia,1167,41017.0,6765383,6062.775751202851,8.71008794629588,True
NMT1,LGS2,Muller glia,1167,255.0,6765383,37.69187938066477,3.655629742892325,True
NPEPPS,LGS2,Muller glia,1167,1268.0,6765383,187.4247178615017,5.2386985523766905,True
NRBP1,LGS2,Muller glia,1167,118.0,6765383,17.441732419288012,2.9146161627007685,True
NSF,LGS2,Muller glia,1167,527.0,6765383,77.89655072004054,4.368137509786456,True
NUCB2,LGS2,Muller glia,1167,304.0,6765383,44.93463267341997,3.8272193570313924,True
NUDT7,LGS2,Muller glia,1167,53.0,6765383,7.833998459510718,2.178607738792467,True
PDE6C,LGS2,Muller glia,1167,16.0,6765383,2.3649806670221034,1.2134222177672902,True
PGAM1P8,LGS2,Muller glia,1167,,6765383,,,False
PIBF1,LGS2,Muller glia,1167,821.0,6765383,121.35307047657169,4.806910885418262,True
PIGC,LGS2,Muller glia,1167,158.0,6765383,23.354184086843272,3.1927036658491885,True
PKIB,LGS2,Muller glia,1167,139.0,6765383,20.545769544754524,3.0701794884505604,True
PLCE1,LGS2,Muller glia,1167,3540.0,6765383,523.2519725786404,6.261972432442839,True
PLCE1-AS1,LGS2,Muller glia,1167,78.0,6765383,11.529280751732754,2.528068365164065,True
PLEKHA7,LGS2,Muller glia,1167,1573.0,6765383,232.50716182661054,5.453212748272893,True
PLEKHM1,LGS2,Muller glia,1167,200.0,6765383,29.562258337776296,3.419765860055405,True
PPP1R18,LGS2,Muller glia,1167,8.0,6765383,1.1824903335110517,0.7804665796318011,True
PRKCE,LGS2,Muller glia,1167,1075.0,6765383,158.89713856554758,5.074530724529992,True
PROX2,LGS2,Muller glia,1167,0.0,6765383,0.0,0.0,True
PRSS23,LGS2,Muller glia,1167,72.0,6765383,10.642413001599467,2.4546547233619984,True
PSORS1C3,LGS2,Muller glia,1167,0.0,6765383,0.0,0.0,True
RAPSN,LGS2,Muller glia,1167,1.0,6765383,0.14781129168888146,0.1378569043235416,True
RERE,LGS2,Muller glia,1167,6062.0,6765383,896.0320502179995,6.799091591875327,True
RIC8B,LGS2,Muller glia,1167,420.0,6765383,62.08074250933022,4.1444155329407515,True
RORA,LGS2,Muller glia,1167,17971.0,6765383,2656.316722940889,7.885072141870161,True
RP11-123K19.1,LGS2,Muller glia,1167,,6765383,,,False
RP11-136H19.1,LGS2,Muller glia,1167,,6765383,,,False
RP11-149I2.4,LGS2,Muller glia,1167,,6765383,,,False
RP11-162I7.1,LGS2,Muller glia,1167,,6765383,,,False
RP11-17G12.2,LGS2,Muller glia,1167,,6765383,,,False
RP11-205K6.1,LGS2,Muller glia,1167,,6765383,,,False
RP11-217B7.2,LGS2,Muller glia,1167,,6765383,,,False
RP11-259A24.1,LGS2,Muller glia,1167,,6765383,,,False
RP11-259G18.1,LGS2,Muller glia,1167,,6765383,,,False
RP11-259G18.3,LGS2,Muller glia,1167,,6765383,,,False
RP11-293E1.1,LGS2,Muller glia,1167,,6765383,,,False
RP11-293E1.2,LGS2,Muller glia,1167,,6765383,,,False
RP11-302L19.3,LGS2,Muller glia,1167,,6765383,,,False
RP11-403A3.3,LGS2,Muller glia,1167,,6765383,,,False
RP11-412D9.4,LGS2,Muller glia,1167,,6765383,,,False
RP11-507B12.1,LGS2,Muller glia,1167,,6765383,,,False
RP11-507B12.2,LGS2,Muller glia,1167,,6765383,,,False
RP11-669E14.6,LGS2,Muller glia,1167,,6765383,,,False
RP11-707O23.1,LGS2,Muller glia,1167,,6765383,,,False
RP11-750H9.5,LGS2,Muller glia,1167,,6765383,,,False
RP11-755F10.1,LGS2,Muller glia,1167,,6765383,,,False
RP11-762L8.6,LGS2,Muller glia,1167,,6765383,,,False
RP11-770G2.2,LGS2,Muller glia,1167,,6765383,,,False
RP11-798G7.6,LGS2,Muller glia,1167,,6765383,,,False
RP11-798G7.8,LGS2,Muller glia,1167,,6765383,,,False
RP5-1115A15.1,LGS2,Muller glia,1167,,6765383,,,False
RPS26P8,LGS2,Muller glia,1167,,6765383,,,False
SCRN2,LGS2,Muller glia,1167,34.0,6765383,5.02558391742197,1.796014390435374,True
SEMA3E,LGS2,Muller glia,1167,464.0,6765383,68.58443934364101,4.2425409696954475,True
SEPT7,LGS2,Muller glia,1167,,6765383,,,False
SF3A3,LGS2,Muller glia,1167,52.0,6765383,7.686187167821837,2.161734082098504,True
SFTA1P,LGS2,Muller glia,1167,0.0,6765383,0.0,0.0,True
SGSM2,LGS2,Muller glia,1167,217.0,6765383,32.07505029648728,3.4987792306797507,True
SLC25A45,LGS2,Muller glia,1167,8.0,6765383,1.1824903335110517,0.7804665796318011,True
SLC39A13,LGS2,Muller glia,1167,38.0,6765383,5.616829084177496,1.8896162648909012,True
SMAD6,LGS2,Muller glia,1167,172.0,6765383,25.423542170487615,3.2742553616625623,True
SNORD14A,LGS2,Muller glia,1167,,6765383,,,False
SSSCA1-AS1,LGS2,Muller glia,1167,13.0,6765383,1.9215467919554592,1.0721131992987636,True
TARID,LGS2,Muller glia,1167,1.0,6765383,0.14781129168888146,0.1378569043235416,True
TBC1D31,LGS2,Muller glia,1167,119.0,6765383,17.589543710976894,2.9225992565680503,True
TBKBP1,LGS2,Muller glia,1167,19.0,6765383,2.808414542088748,1.3372129718468408,True
TBPL1,LGS2,Muller glia,1167,62.0,6765383,9.164300084710652,2.318881589295073,True
TGFB3,LGS2,Muller glia,1167,19.0,6765383,2.808414542088748,1.3372129718468408,True
THCAT158,LGS2,Muller glia,1167,,6765383,,,False
THSD7A,LGS2,Muller glia,1167,625.0,6765383,92.38205730555092,4.536699220843802,True
TIGD3,LGS2,Muller glia,1167,1.0,6765383,0.14781129168888146,0.1378569043235416,True
TMEM116,LGS2,Muller glia,1167,165.0,6765383,24.38886312866544,3.2343106183716563,True
TMEM136,LGS2,Muller glia,1167,,6765383,,,False
TMEM181,LGS2,Muller glia,1167,252.0,6765383,37.248445505598134,3.644102919070183,True
TMEM263,LGS2,Muller glia,1167,149.0,6765383,22.02388246164334,3.1365320450956427,True
TRIM26,LGS2,Muller glia,1167,124.0,6765383,18.328600169421303,2.9615858730822535,True
TRIOBP,LGS2,Muller glia,1167,127.0,6765383,18.772034044487945,2.984268517296758,True
TSC22D2,LGS2,Muller glia,1167,2171.0,6765383,320.89831425656166,5.774235701436629,True
TTC28,LGS2,Muller glia,1167,3188.0,6765383,471.22239790415415,6.1574500566145005,True
TTLL5,LGS2,Muller glia,1167,1424.0,6765383,210.48327936496722,5.354145937985092,True
TXNDC8,LGS2,Muller glia,1167,0.0,6765383,0.0,0.0,True
TXNRD2,LGS2,Muller glia,1167,68.0,6765383,10.05116783484394,2.402536108790563,True
UTP11,LGS2,Muller glia,1167,34.0,6765383,5.02558391742197,1.796014390435374,True
VARS2,LGS2,Muller glia,1167,24.0,6765383,3.547471000533155,1.514571254376757,True
VCAM1,LGS2,Muller glia,1167,4.0,6765383,0.5912451667555259,0.4645168334963516,True
WLS,LGS2,Muller glia,1167,626.0,6765383,92.5298685972398,4.538280835519137,True
WNT2B,LGS2,Muller glia,1167,52.0,6765383,7.686187167821837,2.161734082098504,True
XRCC6P1,LGS2,Muller glia,1167,,6765383,,,False
XXbac-BPG170G13.32,LGS2,Muller glia,1167,,6765383,,,False
XXbac-BPG283O16.9,LGS2,Muller glia,1167,,6765383,,,False
YAP1,LGS2,Muller glia,1167,640.0,6765383,94.59922668088414,4.560164730912548,True
YIF1A,LGS2,Muller glia,1167,42.0,6765383,6.208074250933022,1.9752018214368066,True
ZNF280D,LGS2,Muller glia,1167,872.0,6765383,128.89144635270463,4.866699073569335,True
ZNF638,LGS2,Muller glia,1167,4735.0,6765383,699.8864661468538,6.552345914070108,True
ZNF638-IT1,LGS2,Muller glia,1167,,6765383,,,False
DGKG,LGS2,Astrocyte,50,50.0,396168,126.20908301528644,4.8458320557095185,True
SLC2A12,LGS2,Astrocyte,50,1.0,396168,2.5241816603057288,1.2596482562077709,True
COL8A2,LGS2,Astrocyte,50,0.0,396168,0.0,0.0,True
NPC2,LGS2,Astrocyte,50,5.0,396168,12.620908301528644,2.6116059873031006,True
PSMC3,LGS2,Astrocyte,50,6.0,396168,15.145089961834373,2.7816159763120494,True
RP11-466F5.8,LGS2,Astrocyte,50,,396168,,,False
LPP,LGS2,Astrocyte,50,135.0,396168,340.7645241412734,5.834121974017077,True
RP11-121M22.1,LGS2,Astrocyte,50,,396168,,,False
ABO,LGS2,Astrocyte,50,0.0,396168,0.0,0.0,True
ADAMTS8,LGS2,Astrocyte,50,0.0,396168,0.0,0.0,True
CALD1,LGS2,Astrocyte,50,145.0,396168,366.0063407443307,5.90537912513783,True
CHEK2,LGS2,Astrocyte,50,0.0,396168,0.0,0.0,True
GAS7,LGS2,Astrocyte,50,34.0,396168,85.82217645039478,4.4638620780943805,True
LMX1B,LGS2,Astrocyte,50,0.0,396168,0.0,0.0,True
TCF12,LGS2,Astrocyte,50,194.0,396168,489.6912420993114,6.1958150951666875,True
TMCO1,LGS2,Astrocyte,50,16.0,396168,40.38690656489166,3.722964564259946,True
TRIB2,LGS2,Astrocyte,50,112.0,396168,282.7083459542416,5.647946759620524,True
AC000078.5,LGS2,Astrocyte,50,,396168,,,False
AC002066.1,LGS2,Astrocyte,50,4.0,396168,10.096726641222915,2.406650167640438,True
AC012066.1,LGS2,Astrocyte,50,,396168,,,False
AC091132.1,LGS2,Astrocyte,50,0.0,396168,0.0,0.0,True
ACBD4,LGS2,Astrocyte,50,5.0,396168,12.620908301528644,2.6116059873031006,True
AFAP1,LGS2,Astrocyte,50,36.0,396168,90.87053977100624,4.520380409644435,True
ALDH2,LGS2,Astrocyte,50,7.0,396168,17.6692716221401,2.9268789435167553,True
AP003068.23,LGS2,Astrocyte,50,,396168,,,False
AP5B1,LGS2,Astrocyte,50,0.0,396168,0.0,0.0,True
AREL1,LGS2,Astrocyte,50,4.0,396168,10.096726641222915,2.406650167640438,True
ARHGAP27,LGS2,Astrocyte,50,2.0,396168,5.0483633206114575,1.7997877099253539,True
ARHGEF12,LGS2,Astrocyte,50,121.0,396168,305.42598089699317,5.724976228321863,True
ARL17A,LGS2,Astrocyte,50,19.0,396168,47.95945154580885,3.890992436054089,True
ATP5J,LGS2,Astrocyte,50,,396168,,,False
BICC1,LGS2,Astrocyte,50,35.0,396168,88.3463581107005,4.492520480961645,True
BORA,LGS2,Astrocyte,50,1.0,396168,2.5241816603057288,1.2596482562077709,True
C1orf109,LGS2,Astrocyte,50,1.0,396168,2.5241816603057288,1.2596482562077709,True
C1orf122,LGS2,Astrocyte,50,10.0,396168,25.241816603057288,3.267354191979021,True
C22orf29,LGS2,Astrocyte,50,,396168,,,False
C6orf15,LGS2,Astrocyte,50,0.0,396168,0.0,0.0,True
CADM1,LGS2,Astrocyte,50,1174.0,396168,2963.389269198926,7.994426310180936,True
CADM2,LGS2,Astrocyte,50,1426.0,396168,3599.4830475959693,8.188823295330655,True
CAV2,LGS2,Astrocyte,50,15.0,396168,37.86272490458593,3.6600355625559278,True
CCDC117,LGS2,Astrocyte,50,1.0,396168,2.5241816603057288,1.2596482562077709,True
CDC14A,LGS2,Astrocyte,50,37.0,396168,93.39472143131196,4.547485154546852,True
CDKN2A,LGS2,Astrocyte,50,1.0,396168,2.5241816603057288,1.2596482562077709,True
CDKN2B-AS1,LGS2,Astrocyte,50,1.0,396168,2.5241816603057288,1.2596482562077709,True
CELF1,LGS2,Astrocyte,50,55.0,396168,138.8299913168151,4.9404273369546035,True
CLIC5,LGS2,Astrocyte,50,7.0,396168,17.6692716221401,2.9268789435167553,True
CMB9-22P13.1,LGS2,Astrocyte,50,,396168,,,False
COL11A1,LGS2,Astrocyte,50,136.0,396168,343.2887058015791,5.841480566441867,True
CRHR1,LGS2,Astrocyte,50,5.0,396168,12.620908301528644,2.6116059873031006,True
CTA-292E10.6,LGS2,Astrocyte,50,,396168,,,False
CTB-39G8.3,LGS2,Astrocyte,50,,396168,,,False
CTD-2005H7.1,LGS2,Astrocyte,50,,396168,,,False
CTD-2020K17.1,LGS2,Astrocyte,50,,396168,,,False
CTD-2020K17.3,LGS2,Astrocyte,50,,396168,,,False
CTTNBP2,LGS2,Astrocyte,50,45.0,396168,113.5881747137578,4.74134461146742,True
DDX39BP2,LGS2,Astrocyte,50,,396168,,,False
DIO1,LGS2,Astrocyte,50,2.0,396168,5.0483633206114575,1.7997877099253539,True
DND1P1,LGS2,Astrocyte,50,,396168,,,False
DYSF,LGS2,Astrocyte,50,2.0,396168,5.0483633206114575,1.7997877099253539,True
EFCAB13,LGS2,Astrocyte,50,43.0,396168,108.53981139314634,4.696288057546044,True
EFEMP1,LGS2,Astrocyte,50,19.0,396168,47.95945154580885,3.890992436054089,True
EHBP1L1,LGS2,Astrocyte,50,0.0,396168,0.0,0.0,True
FAM215B,LGS2,Astrocyte,50,2.0,396168,5.0483633206114575,1.7997877099253539,True
FAM83A,LGS2,Astrocyte,50,0.0,396168,0.0,0.0,True
FAM83A-AS1,LGS2,Astrocyte,50,0.0,396168,0.0,0.0,True
FAM89B,LGS2,Astrocyte,50,2.0,396168,5.0483633206114575,1.7997877099253539,True
FHL3,LGS2,Astrocyte,50,1.0,396168,2.5241816603057288,1.2596482562077709,True
FLOT1,LGS2,Astrocyte,50,35.0,396168,88.3463581107005,4.492520480961645,True
FLVCR2,LGS2,Astrocyte,50,10.0,396168,25.241816603057288,3.267354191979021,True
FMNL1,LGS2,Astrocyte,50,0.0,396168,0.0,0.0,True
FNDC4,LGS2,Astrocyte,50,3.0,396168,7.572544980917186,2.1485646524589543,True
GALR3,LGS2,Astrocyte,50,0.0,396168,0.0,0.0,True
GCAT,LGS2,Astrocyte,50,6.0,396168,15.145089961834373,2.7816159763120494,True
GLIS1,LGS2,Astrocyte,50,0.0,396168,0.0,0.0,True
H1F0,LGS2,Astrocyte,50,9.0,396168,22.71763494275156,3.166218861854524,True
HCG4,LGS2,Astrocyte,50,,396168,,,False
HCG4B,LGS2,Astrocyte,50,,396168,,,False
HCG4P5,LGS2,Astrocyte,50,,396168,,,False
HCG4P7,LGS2,Astrocyte,50,,396168,,,False
HCG9,LGS2,Astrocyte,50,2.0,396168,5.0483633206114575,1.7997877099253539,True
HCP5B,LGS2,Astrocyte,50,,396168,,,False
HECTD4,LGS2,Astrocyte,50,71.0,396168,179.21689788170676,5.194161113706282,True
HLA-A,LGS2,Astrocyte,50,36.0,396168,90.87053977100624,4.520380409644435,True
HLA-C,LGS2,Astrocyte,50,46.0,396168,116.11235637406352,4.763133784883672,True
HLA-F,LGS2,Astrocyte,50,4.0,396168,10.096726641222915,2.406650167640438,True
HLA-F-AS1,LGS2,Astrocyte,50,8.0,396168,20.19345328244583,3.053692326555333,True
HLA-G,LGS2,Astrocyte,50,0.0,396168,0.0,0.0,True
HLA-H,LGS2,Astrocyte,50,,396168,,,False
HLA-J,LGS2,Astrocyte,50,,396168,,,False
HLA-L,LGS2,Astrocyte,50,,396168,,,False
HLA-T,LGS2,Astrocyte,50,,396168,,,False
HLA-U,LGS2,Astrocyte,50,,396168,,,False
HLA-V,LGS2,Astrocyte,50,,396168,,,False
HLA-W,LGS2,Astrocyte,50,,396168,,,False
HSCB,LGS2,Astrocyte,50,2.0,396168,5.0483633206114575,1.7997877099253539,True
HTRA3,LGS2,Astrocyte,50,0.0,396168,0.0,0.0,True
IFITM4P,LGS2,Astrocyte,50,,396168,,,False
IFT172,LGS2,Astrocyte,50,24.0,396168,60.58035984733749,4.120342986054102,True
INPP5B,LGS2,Astrocyte,50,18.0,396168,45.43526988550312,3.8380592973248557,True
ITGB3,LGS2,Astrocyte,50,11.0,396168,27.765998263363016,3.359194073810529,True
KANSL1,LGS2,Astrocyte,50,274.0,396168,691.6257749237698,6.540489846008429,True
KANSL1-AS1,LGS2,Astrocyte,50,3.0,396168,7.572544980917186,2.1485646524589543,True
KHK,LGS2,Astrocyte,50,1.0,396168,2.5241816603057288,1.2596482562077709,True
KLF5,LGS2,Astrocyte,50,0.0,396168,0.0,0.0,True
KRT8P26,LGS2,Astrocyte,50,,396168,,,False
LHPP,LGS2,Astrocyte,50,10.0,396168,25.241816603057288,3.267354191979021,True
LINC01948,LGS2,Astrocyte,50,0.0,396168,0.0,0.0,True
LINC02052,LGS2,Astrocyte,50,0.0,396168,0.0,0.0,True
LINC02210,LGS2,Astrocyte,50,,396168,,,False
LMO4,LGS2,Astrocyte,50,25.0,396168,63.10454150764322,4.160515211770105,True
LMO7,LGS2,Astrocyte,50,16.0,396168,40.38690656489166,3.722964564259946,True
LOXL1,LGS2,Astrocyte,50,0.0,396168,0.0,0.0,True
LOXL1-AS1,LGS2,Astrocyte,50,1.0,396168,2.5241816603057288,1.2596482562077709,True
LRRC37A,LGS2,Astrocyte,50,6.0,396168,15.145089961834373,2.7816159763120494,True
LRRC37A17P,LGS2,Astrocyte,50,,396168,,,False
LRRC37A2,LGS2,Astrocyte,50,40.0,396168,100.96726641222915,4.624651844252057,True
LRRC37A4P,LGS2,Astrocyte,50,,396168,,,False
LRWD1,LGS2,Astrocyte,50,3.0,396168,7.572544980917186,2.1485646524589543,True
LTBP2,LGS2,Astrocyte,50,4.0,396168,10.096726641222915,2.406650167640438,True
LTBP3,LGS2,Astrocyte,50,31.0,396168,78.24963146947759,4.372602762519166,True
MADD,LGS2,Astrocyte,50,28.0,396168,70.6770864885604,4.272171121754669,True
MAPK8IP1P1,LGS2,Astrocyte,50,,396168,,,False
MAPK8IP1P2,LGS2,Astrocyte,50,,396168,,,False
MAPT,LGS2,Astrocyte,50,91.0,396168,229.70053108782133,5.441120467248239,True
MAPT-AS1,LGS2,Astrocyte,50,10.0,396168,25.241816603057288,3.267354191979021,True
MAPT-IT1,LGS2,Astrocyte,50,0.0,396168,0.0,0.0,True
ME3,LGS2,Astrocyte,50,24.0,396168,60.58035984733749,4.120342986054102,True
MICE,LGS2,Astrocyte,50,,396168,,,False
MOV10,LGS2,Astrocyte,50,19.0,396168,47.95945154580885,3.890992436054089,True
MRPL33,LGS2,Astrocyte,50,24.0,396168,60.58035984733749,4.120342986054102,True
MTCH2,LGS2,Astrocyte,50,21.0,396168,53.007814866420304,3.989128755841906,True
MVB12B,LGS2,Astrocyte,50,17.0,396168,42.91108822519739,3.782166867350051,True
Metazoa_SRP,LGS2,Astrocyte,50,,396168,,,False
NEAT1,LGS2,Astrocyte,50,1958.0,396168,4942.347690878617,8.505798050885534,True
NMT1,LGS2,Astrocyte,50,16.0,396168,40.38690656489166,3.722964564259946,True
NPEPPS,LGS2,Astrocyte,50,110.0,396168,277.6599826336302,5.629992338364444,True
NRBP1,LGS2,Astrocyte,50,7.0,396168,17.6692716221401,2.9268789435167553,True
NSF,LGS2,Astrocyte,50,40.0,396168,100.96726641222915,4.624651844252057,True
NUCB2,LGS2,Astrocyte,50,23.0,396168,58.05617818703176,4.078489163538437,True
NUDT7,LGS2,Astrocyte,50,4.0,396168,10.096726641222915,2.406650167640438,True
PDE6C,LGS2,Astrocyte,50,1.0,396168,2.5241816603057288,1.2596482562077709,True
PGAM1P8,LGS2,Astrocyte,50,,396168,,,False
PIBF1,LGS2,Astrocyte,50,69.0,396168,174.1685345610953,5.165748565118751,True
PIGC,LGS2,Astrocyte,50,11.0,396168,27.765998263363016,3.359194073810529,True
PKIB,LGS2,Astrocyte,50,7.0,396168,17.6692716221401,2.9268789435167553,True
PLCE1,LGS2,Astrocyte,50,115.0,396168,290.2808909351588,5.67428806255228,True
PLCE1-AS1,LGS2,Astrocyte,50,0.0,396168,0.0,0.0,True
PLEKHA7,LGS2,Astrocyte,50,71.0,396168,179.21689788170676,5.194161113706282,True
PLEKHM1,LGS2,Astrocyte,50,8.0,396168,20.19345328244583,3.053692326555333,True
PPP1R18,LGS2,Astrocyte,50,0.0,396168,0.0,0.0,True
PRKCE,LGS2,Astrocyte,50,102.0,396168,257.46652935118436,5.5547662052989795,True
PROX2,LGS2,Astrocyte,50,0.0,396168,0.0,0.0,True
PRSS23,LGS2,Astrocyte,50,15.0,396168,37.86272490458593,3.6600355625559278,True
PSORS1C3,LGS2,Astrocyte,50,0.0,396168,0.0,0.0,True
RAPSN,LGS2,Astrocyte,50,0.0,396168,0.0,0.0,True
RERE,LGS2,Astrocyte,50,387.0,396168,976.858302538317,6.885364774607836,True
RIC8B,LGS2,Astrocyte,50,31.0,396168,78.24963146947759,4.372602762519166,True
RORA,LGS2,Astrocyte,50,1087.0,396168,2743.7854647523272,7.917458195972191,True
RP11-123K19.1,LGS2,Astrocyte,50,,396168,,,False
RP11-136H19.1,LGS2,Astrocyte,50,,396168,,,False
RP11-149I2.4,LGS2,Astrocyte,50,,396168,,,False
RP11-162I7.1,LGS2,Astrocyte,50,,396168,,,False
RP11-17G12.2,LGS2,Astrocyte,50,,396168,,,False
RP11-205K6.1,LGS2,Astrocyte,50,,396168,,,False
RP11-217B7.2,LGS2,Astrocyte,50,,396168,,,False
RP11-259A24.1,LGS2,Astrocyte,50,,396168,,,False
RP11-259G18.1,LGS2,Astrocyte,50,,396168,,,False
RP11-259G18.3,LGS2,Astrocyte,50,,396168,,,False
RP11-293E1.1,LGS2,Astrocyte,50,,396168,,,False
RP11-293E1.2,LGS2,Astrocyte,50,,396168,,,False
RP11-302L19.3,LGS2,Astrocyte,50,,396168,,,False
RP11-403A3.3,LGS2,Astrocyte,50,,396168,,,False
RP11-412D9.4,LGS2,Astrocyte,50,,396168,,,False
RP11-507B12.1,LGS2,Astrocyte,50,,396168,,,False
RP11-507B12.2,LGS2,Astrocyte,50,,396168,,,False
RP11-669E14.6,LGS2,Astrocyte,50,,396168,,,False
RP11-707O23.1,LGS2,Astrocyte,50,,396168,,,False
RP11-750H9.5,LGS2,Astrocyte,50,,396168,,,False
RP11-755F10.1,LGS2,Astrocyte,50,,396168,,,False
RP11-762L8.6,LGS2,Astrocyte,50,,396168,,,False
RP11-770G2.2,LGS2,Astrocyte,50,,396168,,,False
RP11-798G7.6,LGS2,Astrocyte,50,,396168,,,False
RP11-798G7.8,LGS2,Astrocyte,50,,396168,,,False
RP5-1115A15.1,LGS2,Astrocyte,50,,396168,,,False
RPS26P8,LGS2,Astrocyte,50,,396168,,,False
SCRN2,LGS2,Astrocyte,50,2.0,396168,5.0483633206114575,1.7997877099253539,True
SEMA3E,LGS2,Astrocyte,50,51.0,396168,128.73326467559218,4.865480532421546,True
SEPT7,LGS2,Astrocyte,50,,396168,,,False
SF3A3,LGS2,Astrocyte,50,7.0,396168,17.6692716221401,2.9268789435167553,True
SFTA1P,LGS2,Astrocyte,50,0.0,396168,0.0,0.0,True
SGSM2,LGS2,Astrocyte,50,17.0,396168,42.91108822519739,3.782166867350051,True
SLC25A45,LGS2,Astrocyte,50,0.0,396168,0.0,0.0,True
SLC39A13,LGS2,Astrocyte,50,2.0,396168,5.0483633206114575,1.7997877099253539,True
SMAD6,LGS2,Astrocyte,50,10.0,396168,25.241816603057288,3.267354191979021,True
SNORD14A,LGS2,Astrocyte,50,,396168,,,False
SSSCA1-AS1,LGS2,Astrocyte,50,1.0,396168,2.5241816603057288,1.2596482562077709,True
TARID,LGS2,Astrocyte,50,0.0,396168,0.0,0.0,True
TBC1D31,LGS2,Astrocyte,50,1.0,396168,2.5241816603057288,1.2596482562077709,True
TBKBP1,LGS2,Astrocyte,50,4.0,396168,10.096726641222915,2.406650167640438,True
TBPL1,LGS2,Astrocyte,50,4.0,396168,10.096726641222915,2.406650167640438,True
TGFB3,LGS2,Astrocyte,50,0.0,396168,0.0,0.0,True
THCAT158,LGS2,Astrocyte,50,,396168,,,False
THSD7A,LGS2,Astrocyte,50,36.0,396168,90.87053977100624,4.520380409644435,True
TIGD3,LGS2,Astrocyte,50,1.0,396168,2.5241816603057288,1.2596482562077709,True
TMEM116,LGS2,Astrocyte,50,12.0,396168,30.290179923668745,3.443304307861406,True
TMEM136,LGS2,Astrocyte,50,,396168,,,False
TMEM181,LGS2,Astrocyte,50,22.0,396168,55.53199652672603,4.034806788066824,True
TMEM263,LGS2,Astrocyte,50,10.0,396168,25.241816603057288,3.267354191979021,True
TRIM26,LGS2,Astrocyte,50,18.0,396168,45.43526988550312,3.8380592973248557,True
TRIOBP,LGS2,Astrocyte,50,18.0,396168,45.43526988550312,3.8380592973248557,True
TSC22D2,LGS2,Astrocyte,50,90.0,396168,227.1763494275156,5.430118792387932,True
TTC28,LGS2,Astrocyte,50,263.0,396168,663.8597766604067,6.4995761562565,True
TTLL5,LGS2,Astrocyte,50,89.0,396168,224.65216776720987,5.418994732994912,True
TXNDC8,LGS2,Astrocyte,50,0.0,396168,0.0,0.0,True
TXNRD2,LGS2,Astrocyte,50,4.0,396168,10.096726641222915,2.406650167640438,True
UTP11,LGS2,Astrocyte,50,3.0,396168,7.572544980917186,2.1485646524589543,True
VARS2,LGS2,Astrocyte,50,3.0,396168,7.572544980917186,2.1485646524589543,True
VCAM1,LGS2,Astrocyte,50,0.0,396168,0.0,0.0,True
WLS,LGS2,Astrocyte,50,37.0,396168,93.39472143131196,4.547485154546852,True
WNT2B,LGS2,Astrocyte,50,9.0,396168,22.71763494275156,3.166218861854524,True
XRCC6P1,LGS2,Astrocyte,50,,396168,,,False
XXbac-BPG170G13.32,LGS2,Astrocyte,50,,396168,,,False
XXbac-BPG283O16.9,LGS2,Astrocyte,50,,396168,,,False
YAP1,LGS2,Astrocyte,50,42.0,396168,106.01562973284061,4.67297489606393,True
YIF1A,LGS2,Astrocyte,50,4.0,396168,10.096726641222915,2.406650167640438,True
ZNF280D,LGS2,Astrocyte,50,63.0,396168,159.02344459926093,5.075320333244919,True
ZNF638,LGS2,Astrocyte,50,268.0,396168,676.4806849619354,6.518381043066182,True
ZNF638-IT1,LGS2,Astrocyte,50,,396168,,,False
DGKG,LGS2,Microglia,90,12.0,810716,14.801730815723385,2.7601194793322215,True
SLC2A12,LGS2,Microglia,90,1.0,810716,1.2334775679769487,0.8035598183196851,True
COL8A2,LGS2,Microglia,90,0.0,810716,0.0,0.0,True
NPC2,LGS2,Microglia,90,23.0,810716,28.369984063469822,3.3799732025978457,True
PSMC3,LGS2,Microglia,90,7.0,810716,8.634342975838642,2.26533410813887,True
RP11-466F5.8,LGS2,Microglia,90,,810716,,,False
LPP,LGS2,Microglia,90,298.0,810716,367.5763152571307,5.9096477872220365,True
RP11-121M22.1,LGS2,Microglia,90,,810716,,,False
ABO,LGS2,Microglia,90,0.0,810716,0.0,0.0,True
ADAMTS8,LGS2,Microglia,90,0.0,810716,0.0,0.0,True
CALD1,LGS2,Microglia,90,158.0,810716,194.8894557403579,5.277550498797238,True
CHEK2,LGS2,Microglia,90,1.0,810716,1.2334775679769487,0.8035598183196851,True
GAS7,LGS2,Microglia,90,41.0,810716,50.5725802870549,3.94299014146417,True
LMX1B,LGS2,Microglia,90,0.0,810716,0.0,0.0,True
TCF12,LGS2,Microglia,90,428.0,810716,527.9283990941341,6.27085307126861,True
TMCO1,LGS2,Microglia,90,28.0,810716,34.53737190335457,3.5705848724220344,True
TRIB2,LGS2,Microglia,90,75.0,810716,92.51081759827116,4.538077125840542,True
AC000078.5,LGS2,Microglia,90,,810716,,,False
AC002066.1,LGS2,Microglia,90,3.0,810716,3.7004327039308462,1.5476545691444592,True
AC012066.1,LGS2,Microglia,90,,810716,,,False
AC091132.1,LGS2,Microglia,90,0.0,810716,0.0,0.0,True
ACBD4,LGS2,Microglia,90,7.0,810716,8.634342975838642,2.26533410813887,True
AFAP1,LGS2,Microglia,90,22.0,810716,27.136506495492874,3.3370678966976284,True
ALDH2,LGS2,Microglia,90,42.0,810716,51.806057855031845,3.9666259162338675,True
AP003068.23,LGS2,Microglia,90,,810716,,,False
AP5B1,LGS2,Microglia,90,10.0,810716,12.334775679769487,2.5903753355779386,True
AREL1,LGS2,Microglia,90,26.0,810716,32.070416767400665,3.4986391294967105,True
ARHGAP27,LGS2,Microglia,90,4.0,810716,4.933910271907795,1.7806834007411272,True
ARHGEF12,LGS2,Microglia,90,198.0,810716,244.22855845943585,5.502190667342897,True
ARL17A,LGS2,Microglia,90,47.0,810716,57.97344569491659,4.077087269624966,True
ATP5J,LGS2,Microglia,90,,810716,,,False
BICC1,LGS2,Microglia,90,17.0,810716,20.969118655608128,3.0896377697797566,True
BORA,LGS2,Microglia,90,9.0,810716,11.10129811179254,2.4933127288147223,True
C1orf109,LGS2,Microglia,90,3.0,810716,3.7004327039308462,1.5476545691444592,True
C1orf122,LGS2,Microglia,90,24.0,810716,29.60346163144677,3.4211131277708398,True
C22orf29,LGS2,Microglia,90,,810716,,,False
C6orf15,LGS2,Microglia,90,0.0,810716,0.0,0.0,True
CADM1,LGS2,Microglia,90,2793.0,810716,3445.102847359618,8.144999262074784,True
CADM2,LGS2,Microglia,90,4755.0,810716,5865.185835730392,8.67695992918056,True
CAV2,LGS2,Microglia,90,25.0,810716,30.836939199423718,3.4606272256839676,True
CCDC117,LGS2,Microglia,90,3.0,810716,3.7004327039308462,1.5476545691444592,True
CDC14A,LGS2,Microglia,90,54.0,810716,66.60778867075523,4.213723193434953,True
CDKN2A,LGS2,Microglia,90,0.0,810716,0.0,0.0,True
CDKN2B-AS1,LGS2,Microglia,90,4.0,810716,4.933910271907795,1.7806834007411272,True
CELF1,LGS2,Microglia,90,105.0,810716,129.51514463757962,4.871489270892047,True
CLIC5,LGS2,Microglia,90,15.0,810716,18.502163519654232,2.9705254091410938,True
CMB9-22P13.1,LGS2,Microglia,90,,810716,,,False
COL11A1,LGS2,Microglia,90,60.0,810716,74.00865407861693,4.317603494594552,True
CRHR1,LGS2,Microglia,90,12.0,810716,14.801730815723385,2.7601194793322215,True
CTA-292E10.6,LGS2,Microglia,90,,810716,,,False
CTB-39G8.3,LGS2,Microglia,90,,810716,,,False
CTD-2005H7.1,LGS2,Microglia,90,,810716,,,False
CTD-2020K17.1,LGS2,Microglia,90,,810716,,,False
CTD-2020K17.3,LGS2,Microglia,90,,810716,,,False
CTTNBP2,LGS2,Microglia,90,116.0,810716,143.08339788532606,4.970392283913648,True
DDX39BP2,LGS2,Microglia,90,,810716,,,False
DIO1,LGS2,Microglia,90,0.0,810716,0.0,0.0,True
DND1P1,LGS2,Microglia,90,,810716,,,False
DYSF,LGS2,Microglia,90,11.0,810716,13.568253247746437,2.678844726111829,True
EFCAB13,LGS2,Microglia,90,58.0,810716,71.54169894266303,4.284161554350594,True
EFEMP1,LGS2,Microglia,90,21.0,810716,25.903028927515923,3.292238879804849,True
EHBP1L1,LGS2,Microglia,90,4.0,810716,4.933910271907795,1.7806834007411272,True
FAM215B,LGS2,Microglia,90,8.0,810716,9.86782054381559,2.3858061790810274,True
FAM83A,LGS2,Microglia,90,0.0,810716,0.0,0.0,True
FAM83A-AS1,LGS2,Microglia,90,0.0,810716,0.0,0.0,True
FAM89B,LGS2,Microglia,90,3.0,810716,3.7004327039308462,1.5476545691444592,True
FHL3,LGS2,Microglia,90,2.0,810716,2.4669551359538975,1.24327672631166,True
FLOT1,LGS2,Microglia,90,87.0,810716,107.31254841399455,4.685021014460094,True
FLVCR2,LGS2,Microglia,90,11.0,810716,13.568253247746437,2.678844726111829,True
FMNL1,LGS2,Microglia,90,24.0,810716,29.60346163144677,3.4211131277708398,True
FNDC4,LGS2,Microglia,90,2.0,810716,2.4669551359538975,1.24327672631166,True
GALR3,LGS2,Microglia,90,0.0,810716,0.0,0.0,True
GCAT,LGS2,Microglia,90,3.0,810716,3.7004327039308462,1.5476545691444592,True
GLIS1,LGS2,Microglia,90,0.0,810716,0.0,0.0,True
H1F0,LGS2,Microglia,90,33.0,810716,40.70475974323931,3.730615264814718,True
HCG4,LGS2,Microglia,90,,810716,,,False
HCG4B,LGS2,Microglia,90,,810716,,,False
HCG4P5,LGS2,Microglia,90,,810716,,,False
HCG4P7,LGS2,Microglia,90,,810716,,,False
HCG9,LGS2,Microglia,90,1.0,810716,1.2334775679769487,0.8035598183196851,True
HCP5B,LGS2,Microglia,90,,810716,,,False
HECTD4,LGS2,Microglia,90,156.0,810716,192.422500604404,5.264876918570483,True
HLA-A,LGS2,Microglia,90,73.0,810716,90.04386246231726,4.511341395470125,True
HLA-C,LGS2,Microglia,90,131.0,810716,161.5855614049803,5.091204394923559,True
HLA-F,LGS2,Microglia,90,29.0,810716,35.770849471331516,3.6047053973398135,True
HLA-F-AS1,LGS2,Microglia,90,8.0,810716,9.86782054381559,2.3858061790810274,True
HLA-G,LGS2,Microglia,90,0.0,810716,0.0,0.0,True
HLA-H,LGS2,Microglia,90,,810716,,,False
HLA-J,LGS2,Microglia,90,,810716,,,False
HLA-L,LGS2,Microglia,90,,810716,,,False
HLA-T,LGS2,Microglia,90,,810716,,,False
HLA-U,LGS2,Microglia,90,,810716,,,False
HLA-V,LGS2,Microglia,90,,810716,,,False
HLA-W,LGS2,Microglia,90,,810716,,,False
HSCB,LGS2,Microglia,90,14.0,810716,17.268685951677284,2.9051884439760856,True
HTRA3,LGS2,Microglia,90,0.0,810716,0.0,0.0,True
IFITM4P,LGS2,Microglia,90,,810716,,,False
IFT172,LGS2,Microglia,90,33.0,810716,40.70475974323931,3.730615264814718,True
INPP5B,LGS2,Microglia,90,49.0,810716,60.44040083087049,4.118067612758085,True
ITGB3,LGS2,Microglia,90,9.0,810716,11.10129811179254,2.4933127288147223,True
KANSL1,LGS2,Microglia,90,483.0,810716,595.7696653328662,6.391531218731879,True
KANSL1-AS1,LGS2,Microglia,90,7.0,810716,8.634342975838642,2.26533410813887,True
KHK,LGS2,Microglia,90,1.0,810716,1.2334775679769487,0.8035598183196851,True
KLF5,LGS2,Microglia,90,0.0,810716,0.0,0.0,True
KRT8P26,LGS2,Microglia,90,,810716,,,False
LHPP,LGS2,Microglia,90,18.0,810716,22.20259622358508,3.144264178600246,True
LINC01948,LGS2,Microglia,90,5.0,810716,6.167387839884744,1.9695412702238944,True
LINC02052,LGS2,Microglia,90,0.0,810716,0.0,0.0,True
LINC02210,LGS2,Microglia,90,,810716,,,False
LMO4,LGS2,Microglia,90,35.0,810716,43.17171487919321,3.788084649378061,True
LMO7,LGS2,Microglia,90,20.0,810716,24.669551359538975,3.245305517501609,True
LOXL1,LGS2,Microglia,90,1.0,810716,1.2334775679769487,0.8035598183196851,True
LOXL1-AS1,LGS2,Microglia,90,1.0,810716,1.2334775679769487,0.8035598183196851,True
LRRC37A,LGS2,Microglia,90,18.0,810716,22.20259622358508,3.144264178600246,True
LRRC37A17P,LGS2,Microglia,90,,810716,,,False
LRRC37A2,LGS2,Microglia,90,80.0,810716,98.6782054381559,4.60194705164831,True
LRRC37A4P,LGS2,Microglia,90,,810716,,,False
LRWD1,LGS2,Microglia,90,3.0,810716,3.7004327039308462,1.5476545691444592,True
LTBP2,LGS2,Microglia,90,8.0,810716,9.86782054381559,2.3858061790810274,True
LTBP3,LGS2,Microglia,90,14.0,810716,17.268685951677284,2.9051884439760856,True
MADD,LGS2,Microglia,90,52.0,810716,64.14083353480133,4.17655159581782,True
MAPK8IP1P1,LGS2,Microglia,90,,810716,,,False
MAPK8IP1P2,LGS2,Microglia,90,,810716,,,False
MAPT,LGS2,Microglia,90,152.0,810716,187.48859033249622,5.239037476316054,True
MAPT-AS1,LGS2,Microglia,90,21.0,810716,25.903028927515923,3.292238879804849,True
MAPT-IT1,LGS2,Microglia,90,3.0,810716,3.7004327039308462,1.5476545691444592,True
ME3,LGS2,Microglia,90,28.0,810716,34.53737190335457,3.5705848724220344,True
MICE,LGS2,Microglia,90,,810716,,,False
MOV10,LGS2,Microglia,90,14.0,810716,17.268685951677284,2.9051884439760856,True
MRPL33,LGS2,Microglia,90,30.0,810716,37.004327039308464,3.6377000226992373,True
MTCH2,LGS2,Microglia,90,26.0,810716,32.070416767400665,3.4986391294967105,True
MVB12B,LGS2,Microglia,90,63.0,810716,77.70908678254777,4.365758609781725,True
Metazoa_SRP,LGS2,Microglia,90,,810716,,,False
NEAT1,LGS2,Microglia,90,2983.0,810716,3679.463585275238,8.210793997488462,True
NMT1,LGS2,Microglia,90,47.0,810716,57.97344569491659,4.077087269624966,True
NPEPPS,LGS2,Microglia,90,198.0,810716,244.22855845943585,5.502190667342897,True
NRBP1,LGS2,Microglia,90,19.0,810716,23.436073791562027,3.19606047457188,True
NSF,LGS2,Microglia,90,97.0,810716,119.64732409376403,4.792871612743142,True
NUCB2,LGS2,Microglia,90,36.0,810716,44.40519244717016,3.815626469590472,True
NUDT7,LGS2,Microglia,90,5.0,810716,6.167387839884744,1.9695412702238944,True
PDE6C,LGS2,Microglia,90,2.0,810716,2.4669551359538975,1.24327672631166,True
PGAM1P8,LGS2,Microglia,90,,810716,,,False
PIBF1,LGS2,Microglia,90,104.0,810716,128.28166706960266,4.861993489720606,True
PIGC,LGS2,Microglia,90,21.0,810716,25.903028927515923,3.292238879804849,True
PKIB,LGS2,Microglia,90,22.0,810716,27.136506495492874,3.3370678966976284,True
PLCE1,LGS2,Microglia,90,147.0,810716,181.32120249261146,5.2057699804214455,True
PLCE1-AS1,LGS2,Microglia,90,2.0,810716,2.4669551359538975,1.24327672631166,True
PLEKHA7,LGS2,Microglia,90,105.0,810716,129.51514463757962,4.871489270892047,True
PLEKHM1,LGS2,Microglia,90,11.0,810716,13.568253247746437,2.678844726111829,True
PPP1R18,LGS2,Microglia,90,1.0,810716,1.2334775679769487,0.8035598183196851,True
PRKCE,LGS2,Microglia,90,224.0,810716,276.29897522683655,5.625096257075187,True
PROX2,LGS2,Microglia,90,0.0,810716,0.0,0.0,True
PRSS23,LGS2,Microglia,90,3.0,810716,3.7004327039308462,1.5476545691444592,True
PSORS1C3,LGS2,Microglia,90,0.0,810716,0.0,0.0,True
RAPSN,LGS2,Microglia,90,0.0,810716,0.0,0.0,True
RERE,LGS2,Microglia,90,814.0,810716,1004.0507403332363,6.912793307112473,True
RIC8B,LGS2,Microglia,90,62.0,810716,76.47560921457082,4.349963167012638,True
RORA,LGS2,Microglia,90,1717.0,810716,2117.880984216421,7.65864339067697,True
RP11-123K19.1,LGS2,Microglia,90,,810716,,,False
RP11-136H19.1,LGS2,Microglia,90,,810716,,,False
RP11-149I2.4,LGS2,Microglia,90,,810716,,,False
RP11-162I7.1,LGS2,Microglia,90,,810716,,,False
RP11-17G12.2,LGS2,Microglia,90,,810716,,,False
RP11-205K6.1,LGS2,Microglia,90,,810716,,,False
RP11-217B7.2,LGS2,Microglia,90,,810716,,,False
RP11-259A24.1,LGS2,Microglia,90,,810716,,,False
RP11-259G18.1,LGS2,Microglia,90,,810716,,,False
RP11-259G18.3,LGS2,Microglia,90,,810716,,,False
RP11-293E1.1,LGS2,Microglia,90,,810716,,,False
RP11-293E1.2,LGS2,Microglia,90,,810716,,,False
RP11-302L19.3,LGS2,Microglia,90,,810716,,,False
RP11-403A3.3,LGS2,Microglia,90,,810716,,,False
RP11-412D9.4,LGS2,Microglia,90,,810716,,,False
RP11-507B12.1,LGS2,Microglia,90,,810716,,,False
RP11-507B12.2,LGS2,Microglia,90,,810716,,,False
RP11-669E14.6,LGS2,Microglia,90,,810716,,,False
RP11-707O23.1,LGS2,Microglia,90,,810716,,,False
RP11-750H9.5,LGS2,Microglia,90,,810716,,,False
RP11-755F10.1,LGS2,Microglia,90,,810716,,,False
RP11-762L8.6,LGS2,Microglia,90,,810716,,,False
RP11-770G2.2,LGS2,Microglia,90,,810716,,,False
RP11-798G7.6,LGS2,Microglia,90,,810716,,,False
RP11-798G7.8,LGS2,Microglia,90,,810716,,,False
RP5-1115A15.1,LGS2,Microglia,90,,810716,,,False
RPS26P8,LGS2,Microglia,90,,810716,,,False
SCRN2,LGS2,Microglia,90,5.0,810716,6.167387839884744,1.9695412702238944,True
SEMA3E,LGS2,Microglia,90,59.0,810716,72.77517651063998,4.301022313379716,True
SEPT7,LGS2,Microglia,90,,810716,,,False
SF3A3,LGS2,Microglia,90,9.0,810716,11.10129811179254,2.4933127288147223,True
SFTA1P,LGS2,Microglia,90,0.0,810716,0.0,0.0,True
SGSM2,LGS2,Microglia,90,20.0,810716,24.669551359538975,3.245305517501609,True
SLC25A45,LGS2,Microglia,90,0.0,810716,0.0,0.0,True
SLC39A13,LGS2,Microglia,90,3.0,810716,3.7004327039308462,1.5476545691444592,True
SMAD6,LGS2,Microglia,90,5.0,810716,6.167387839884744,1.9695412702238944,True
SNORD14A,LGS2,Microglia,90,,810716,,,False
SSSCA1-AS1,LGS2,Microglia,90,2.0,810716,2.4669551359538975,1.24327672631166,True
TARID,LGS2,Microglia,90,0.0,810716,0.0,0.0,True
TBC1D31,LGS2,Microglia,90,23.0,810716,28.369984063469822,3.3799732025978457,True
TBKBP1,LGS2,Microglia,90,3.0,810716,3.7004327039308462,1.5476545691444592,True
TBPL1,LGS2,Microglia,90,14.0,810716,17.268685951677284,2.9051884439760856,True
TGFB3,LGS2,Microglia,90,3.0,810716,3.7004327039308462,1.5476545691444592,True
THCAT158,LGS2,Microglia,90,,810716,,,False
THSD7A,LGS2,Microglia,90,149.0,810716,183.78815762856536,5.219210075057731,True
TIGD3,LGS2,Microglia,90,1.0,810716,1.2334775679769487,0.8035598183196851,True
TMEM116,LGS2,Microglia,90,20.0,810716,24.669551359538975,3.245305517501609,True
TMEM136,LGS2,Microglia,90,,810716,,,False
TMEM181,LGS2,Microglia,90,28.0,810716,34.53737190335457,3.5705848724220344,True
TMEM263,LGS2,Microglia,90,35.0,810716,43.17171487919321,3.788084649378061,True
TRIM26,LGS2,Microglia,90,23.0,810716,28.369984063469822,3.3799732025978457,True
TRIOBP,LGS2,Microglia,90,22.0,810716,27.136506495492874,3.3370678966976284,True
TSC22D2,LGS2,Microglia,90,130.0,810716,160.35208383700333,5.0835888334254395,True
TTC28,LGS2,Microglia,90,313.0,810716,386.07847877678495,5.95862746000808,True
TTLL5,LGS2,Microglia,90,143.0,810716,176.38729222070367,5.178335433829993,True
TXNDC8,LGS2,Microglia,90,0.0,810716,0.0,0.0,True
TXNRD2,LGS2,Microglia,90,11.0,810716,13.568253247746437,2.678844726111829,True
UTP11,LGS2,Microglia,90,5.0,810716,6.167387839884744,1.9695412702238944,True
VARS2,LGS2,Microglia,90,4.0,810716,4.933910271907795,1.7806834007411272,True
VCAM1,LGS2,Microglia,90,0.0,810716,0.0,0.0,True
WLS,LGS2,Microglia,90,95.0,810716,117.18036895781013,4.772212007911387,True
WNT2B,LGS2,Microglia,90,14.0,810716,17.268685951677284,2.9051884439760856,True
XRCC6P1,LGS2,Microglia,90,,810716,,,False
XXbac-BPG170G13.32,LGS2,Microglia,90,,810716,,,False
XXbac-BPG283O16.9,LGS2,Microglia,90,,810716,,,False
YAP1,LGS2,Microglia,90,31.0,810716,38.23780460728541,3.669640685305455,True
YIF1A,LGS2,Microglia,90,5.0,810716,6.167387839884744,1.9695412702238944,True
ZNF280D,LGS2,Microglia,90,93.0,810716,114.71341382185624,4.751116563709936,True
ZNF638,LGS2,Microglia,90,421.0,810716,519.2940561182954,6.254394144280005,True
ZNF638-IT1,LGS2,Microglia,90,,810716,,,False
DGKG,LGS3,Rod,6339,1.0,18302750,0.05463659832538826,0.053196251025627875,True
SLC2A12,LGS3,Rod,6339,11.0,18302750,0.6010025815792709,0.4706300464925224,True
COL8A2,LGS3,Rod,6339,1.0,18302750,0.05463659832538826,0.053196251025627875,True
NPC2,LGS3,Rod,6339,187.0,18302750,10.217043886847605,2.4174343971853074,True
PSMC3,LGS3,Rod,6339,216.0,18302750,11.801505238283864,2.5495627607525435,True
RP11-466F5.8,LGS3,Rod,6339,,18302750,,,False
LPP,LGS3,Rod,6339,39.0,18302750,2.1308273346901423,1.141297293806734,True
RP11-121M22.1,LGS3,Rod,6339,,18302750,,,False
ABO,LGS3,Rod,6339,0.0,18302750,0.0,0.0,True
ADAMTS8,LGS3,Rod,6339,1.0,18302750,0.05463659832538826,0.053196251025627875,True
CALD1,LGS3,Rod,6339,122.0,18302750,6.665664995697368,2.036751265990102,True
CHEK2,LGS3,Rod,6339,0.0,18302750,0.0,0.0,True
GAS7,LGS3,Rod,6339,910.0,18302750,49.71930447610332,3.926306597024365,True
LMX1B,LGS3,Rod,6339,3.0,18302750,0.16390979497616479,0.1517848505813529,True
TCF12,LGS3,Rod,6339,10114.0,18302750,552.5945554629769,6.316432569470013,True
TMCO1,LGS3,Rod,6339,822.0,18302750,44.91128382346915,3.826710921788012,True
TRIB2,LGS3,Rod,6339,1049.0,18302750,57.31379164333229,4.0658386287302175,True
AC000078.5,LGS3,Rod,6339,,18302750,,,False
AC002066.1,LGS3,Rod,6339,7.0,18302750,0.3824561882777178,0.323861763697175,True
AC012066.1,LGS3,Rod,6339,,18302750,,,False
AC091132.1,LGS3,Rod,6339,2.0,18302750,0.10927319665077652,0.1037050230715499,True
ACBD4,LGS3,Rod,6339,266.0,18302750,14.533335154553278,2.7429883697094026,True
AFAP1,LGS3,Rod,6339,20.0,18302750,1.0927319665077653,0.7384703733940418,True
ALDH2,LGS3,Rod,6339,503.0,18302750,27.482208957670295,3.349279645251972,True
AP003068.23,LGS3,Rod,6339,,18302750,,,False
AP5B1,LGS3,Rod,6339,69.0,18302750,3.76992528445179,1.5623306411406326,True
AREL1,LGS3,Rod,6339,486.0,18302750,26.553386786138695,3.316125460389594,True
ARHGAP27,LGS3,Rod,6339,18.0,18302750,0.9834587698569887,0.6848421741955734,True
ARHGEF12,LGS3,Rod,6339,5772.0,18302750,315.36244553414105,5.756888535846844,True
ARL17A,LGS3,Rod,6339,2180.0,18302750,119.1077843493464,4.788389542550416,True
ATP5J,LGS3,Rod,6339,,18302750,,,False
BICC1,LGS3,Rod,6339,10.0,18302750,0.5463659832538826,0.435907651291535,True
BORA,LGS3,Rod,6339,204.0,18302750,11.145866058379205,2.496988869782371,True
C1orf109,LGS3,Rod,6339,103.0,18302750,5.627569627514991,1.8912381649749697,True
C1orf122,LGS3,Rod,6339,936.0,18302750,51.139856032563415,3.9539296473309147,True
C22orf29,LGS3,Rod,6339,,18302750,,,False
C6orf15,LGS3,Rod,6339,0.0,18302750,0.0,0.0,True
CADM1,LGS3,Rod,6339,197669.0,18302750,10799.961754381173,9.287390460479067,True
CADM2,LGS3,Rod,6339,294579.0,18302750,16094.794498094549,9.686313305552465,True
CAV2,LGS3,Rod,6339,152.0,18302750,8.304762945459016,2.2305264137308995,True
CCDC117,LGS3,Rod,6339,129.0,18302750,7.048121183975086,2.085438670894998,True
CDC14A,LGS3,Rod,6339,515.0,18302750,28.137848137574956,3.372037952384018,True
CDKN2A,LGS3,Rod,6339,0.0,18302750,0.0,0.0,True
CDKN2B-AS1,LGS3,Rod,6339,11.0,18302750,0.6010025815792709,0.4706300464925224,True
CELF1,LGS3,Rod,6339,1307.0,18302750,71.41003401128246,4.282344881104837,True
CLIC5,LGS3,Rod,6339,25.0,18302750,1.3659149581347065,0.8611648216028251,True
CMB9-22P13.1,LGS3,Rod,6339,,18302750,,,False
COL11A1,LGS3,Rod,6339,18.0,18302750,0.9834587698569887,0.6848421741955734,True
CRHR1,LGS3,Rod,6339,85.0,18302750,4.644110857658002,1.7306126754805216,True
CTA-292E10.6,LGS3,Rod,6339,,18302750,,,False
CTB-39G8.3,LGS3,Rod,6339,,18302750,,,False
CTD-2005H7.1,LGS3,Rod,6339,,18302750,,,False
CTD-2020K17.1,LGS3,Rod,6339,,18302750,,,False
CTD-2020K17.3,LGS3,Rod,6339,,18302750,,,False
CTTNBP2,LGS3,Rod,6339,27.0,18302750,1.475188154785483,0.9063164152666662,True
DDX39BP2,LGS3,Rod,6339,,18302750,,,False
DIO1,LGS3,Rod,6339,8.0,18302750,0.4370927866031061,0.36262217467353036,True
DND1P1,LGS3,Rod,6339,,18302750,,,False
DYSF,LGS3,Rod,6339,257.0,18302750,14.041605769624784,2.7108200794199386,True
EFCAB13,LGS3,Rod,6339,767.0,18302750,41.9062709155728,3.7590179904395966,True
EFEMP1,LGS3,Rod,6339,8.0,18302750,0.4370927866031061,0.36262217467353036,True
EHBP1L1,LGS3,Rod,6339,16.0,18302750,0.8741855732062122,0.6281742041036411,True
FAM215B,LGS3,Rod,6339,274.0,18302750,14.970427941156384,2.7707387584337346,True
FAM83A,LGS3,Rod,6339,3.0,18302750,0.16390979497616479,0.1517848505813529,True
FAM83A-AS1,LGS3,Rod,6339,0.0,18302750,0.0,0.0,True
FAM89B,LGS3,Rod,6339,55.0,18302750,3.0050129078963543,1.3875468034605356,True
FHL3,LGS3,Rod,6339,2.0,18302750,0.10927319665077652,0.1037050230715499,True
FLOT1,LGS3,Rod,6339,722.0,18302750,39.447623990930325,3.7000079023708765,True
FLVCR2,LGS3,Rod,6339,4.0,18302750,0.21854639330155304,0.19765866746710717,True
FMNL1,LGS3,Rod,6339,5.0,18302750,0.2731829916269413,0.2415200575767078,True
FNDC4,LGS3,Rod,6339,24.0,18302750,1.3112783598093183,0.8378007739778573,True
GALR3,LGS3,Rod,6339,0.0,18302750,0.0,0.0,True
GCAT,LGS3,Rod,6339,6.0,18302750,0.32781958995232957,0.28353819088615656,True
GLIS1,LGS3,Rod,6339,1.0,18302750,0.05463659832538826,0.053196251025627875,True
H1F0,LGS3,Rod,6339,32.0,18302750,1.7483711464124243,1.0110084257978977,True
HCG4,LGS3,Rod,6339,,18302750,,,False
HCG4B,LGS3,Rod,6339,,18302750,,,False
HCG4P5,LGS3,Rod,6339,,18302750,,,False
HCG4P7,LGS3,Rod,6339,,18302750,,,False
HCG9,LGS3,Rod,6339,6.0,18302750,0.32781958995232957,0.28353819088615656,True
HCP5B,LGS3,Rod,6339,,18302750,,,False
HECTD4,LGS3,Rod,6339,4032.0,18302750,220.29476444796546,5.399495588611603,True
HLA-A,LGS3,Rod,6339,50.0,18302750,2.731829916269413,1.3168987075278524,True
HLA-C,LGS3,Rod,6339,72.0,18302750,3.9338350794279546,1.5961165922197778,True
HLA-F,LGS3,Rod,6339,5.0,18302750,0.2731829916269413,0.2415200575767078,True
HLA-F-AS1,LGS3,Rod,6339,9.0,18302750,0.49172938492849433,0.39993610793692985,True
HLA-G,LGS3,Rod,6339,1.0,18302750,0.05463659832538826,0.053196251025627875,True
HLA-H,LGS3,Rod,6339,,18302750,,,False
HLA-J,LGS3,Rod,6339,,18302750,,,False
HLA-L,LGS3,Rod,6339,,18302750,,,False
HLA-T,LGS3,Rod,6339,,18302750,,,False
HLA-U,LGS3,Rod,6339,,18302750,,,False
HLA-V,LGS3,Rod,6339,,18302750,,,False
HLA-W,LGS3,Rod,6339,,18302750,,,False
HSCB,LGS3,Rod,6339,128.0,18302750,6.993484585649697,2.0786267830603693,True
HTRA3,LGS3,Rod,6339,1.0,18302750,0.05463659832538826,0.053196251025627875,True
IFITM4P,LGS3,Rod,6339,,18302750,,,False
IFT172,LGS3,Rod,6339,1965.0,18302750,107.36091570938794,4.685467467803077,True
INPP5B,LGS3,Rod,6339,516.0,18302750,28.192484735900344,3.3739113040901567,True
ITGB3,LGS3,Rod,6339,3.0,18302750,0.16390979497616479,0.1517848505813529,True
KANSL1,LGS3,Rod,6339,7323.0,18302750,400.10380953681823,5.9942202704542105,True
KANSL1-AS1,LGS3,Rod,6339,32.0,18302750,1.7483711464124243,1.0110084257978977,True
KHK,LGS3,Rod,6339,24.0,18302750,1.3112783598093183,0.8378007739778573,True
KLF5,LGS3,Rod,6339,9.0,18302750,0.49172938492849433,0.39993610793692985,True
KRT8P26,LGS3,Rod,6339,,18302750,,,False
LHPP,LGS3,Rod,6339,486.0,18302750,26.553386786138695,3.316125460389594,True
LINC01948,LGS3,Rod,6339,16.0,18302750,0.8741855732062122,0.6281742041036411,True
LINC02052,LGS3,Rod,6339,0.0,18302750,0.0,0.0,True
LINC02210,LGS3,Rod,6339,,18302750,,,False
LMO4,LGS3,Rod,6339,154.0,18302750,8.414036142109792,2.242201782158939,True
LMO7,LGS3,Rod,6339,555.0,18302750,30.323312070590486,3.4443626149118147,True
LOXL1,LGS3,Rod,6339,4.0,18302750,0.21854639330155304,0.19765866746710717,True
LOXL1-AS1,LGS3,Rod,6339,1.0,18302750,0.05463659832538826,0.053196251025627875,True
LRRC37A,LGS3,Rod,6339,351.0,18302750,19.17744601221128,3.0045654465697074,True
LRRC37A17P,LGS3,Rod,6339,,18302750,,,False
LRRC37A2,LGS3,Rod,6339,2114.0,18302750,115.50176885987078,4.75790645623702,True
LRRC37A4P,LGS3,Rod,6339,,18302750,,,False
LRWD1,LGS3,Rod,6339,37.0,18302750,2.021554138039366,1.1057713142625871,True
LTBP2,LGS3,Rod,6339,18.0,18302750,0.9834587698569887,0.6848421741955734,True
LTBP3,LGS3,Rod,6339,93.0,18302750,5.081203644261108,1.8052026441911386,True
MADD,LGS3,Rod,6339,2503.0,18302750,136.7554056084468,4.925479689429653,True
MAPK8IP1P1,LGS3,Rod,6339,,18302750,,,False
MAPK8IP1P2,LGS3,Rod,6339,,18302750,,,False
MAPT,LGS3,Rod,6339,122.0,18302750,6.665664995697368,2.036751265990102,True
MAPT-AS1,LGS3,Rod,6339,33.0,18302750,1.8030077447378126,1.0306930351962484,True
MAPT-IT1,LGS3,Rod,6339,1.0,18302750,0.05463659832538826,0.053196251025627875,True
ME3,LGS3,Rod,6339,91.0,18302750,4.971930447610331,1.787070233194243,True
MICE,LGS3,Rod,6339,,18302750,,,False
MOV10,LGS3,Rod,6339,18.0,18302750,0.9834587698569887,0.6848421741955734,True
MRPL33,LGS3,Rod,6339,1068.0,18302750,58.35188701151466,4.083483915184015,True
MTCH2,LGS3,Rod,6339,883.0,18302750,48.24411632131783,3.8967898949245217,True
MVB12B,LGS3,Rod,6339,755.0,18302750,41.25063173566814,3.7436193060149043,True
Metazoa_SRP,LGS3,Rod,6339,,18302750,,,False
NEAT1,LGS3,Rod,6339,481.0,18302750,26.280203794511753,3.3061613034206623,True
NMT1,LGS3,Rod,6339,1554.0,18302750,84.90527379765336,4.453245221723255,True
NPEPPS,LGS3,Rod,6339,5054.0,18302750,276.1333679365123,5.624498863011541,True
NRBP1,LGS3,Rod,6339,674.0,18302750,36.82506727131169,3.63297203816092,True
NSF,LGS3,Rod,6339,5025.0,18302750,274.548906585076,5.618765132203339,True
NUCB2,LGS3,Rod,6339,913.0,18302750,49.88321427107948,3.929533090603315,True
NUDT7,LGS3,Rod,6339,82.0,18302750,4.480201062681838,1.701141790557261,True
PDE6C,LGS3,Rod,6339,88.0,18302750,4.808020652634167,1.7592398334104853,True
PGAM1P8,LGS3,Rod,6339,,18302750,,,False
PIBF1,LGS3,Rod,6339,3641.0,18302750,198.93185450273867,5.297976581000931,True
PIGC,LGS3,Rod,6339,709.0,18302750,38.737348212700276,3.682291506480026,True
PKIB,LGS3,Rod,6339,1121.0,18302750,61.24762672276024,4.131120409682465,True
PLCE1,LGS3,Rod,6339,114.0,18302750,6.228572209094262,1.9780415352155678,True
PLCE1-AS1,LGS3,Rod,6339,0.0,18302750,0.0,0.0,True
PLEKHA7,LGS3,Rod,6339,4836.0,18302750,264.22258950157766,5.580569433800227,True
PLEKHM1,LGS3,Rod,6339,142.0,18302750,7.758396962205133,2.1700128930205764,True
PPP1R18,LGS3,Rod,6339,43.0,18302750,2.3493737279916953,1.2087733814920805,True
PRKCE,LGS3,Rod,6339,1551.0,18302750,84.74136400267719,4.45133536963528,True
PROX2,LGS3,Rod,6339,0.0,18302750,0.0,0.0,True
PRSS23,LGS3,Rod,6339,5.0,18302750,0.2731829916269413,0.2415200575767078,True
PSORS1C3,LGS3,Rod,6339,1.0,18302750,0.05463659832538826,0.053196251025627875,True
RAPSN,LGS3,Rod,6339,4.0,18302750,0.21854639330155304,0.19765866746710717,True
RERE,LGS3,Rod,6339,14425.0,18302750,788.1329308437257,6.6709347868115,True
RIC8B,LGS3,Rod,6339,2738.0,18302750,149.59500621491307,5.014594155552487,True
RORA,LGS3,Rod,6339,16253.0,18302750,888.0086325825354,6.790106945908305,True
RP11-123K19.1,LGS3,Rod,6339,,18302750,,,False
RP11-136H19.1,LGS3,Rod,6339,,18302750,,,False
RP11-149I2.4,LGS3,Rod,6339,,18302750,,,False
RP11-162I7.1,LGS3,Rod,6339,,18302750,,,False
RP11-17G12.2,LGS3,Rod,6339,,18302750,,,False
RP11-205K6.1,LGS3,Rod,6339,,18302750,,,False
RP11-217B7.2,LGS3,Rod,6339,,18302750,,,False
RP11-259A24.1,LGS3,Rod,6339,,18302750,,,False
RP11-259G18.1,LGS3,Rod,6339,,18302750,,,False
RP11-259G18.3,LGS3,Rod,6339,,18302750,,,False
RP11-293E1.1,LGS3,Rod,6339,,18302750,,,False
RP11-293E1.2,LGS3,Rod,6339,,18302750,,,False
RP11-302L19.3,LGS3,Rod,6339,,18302750,,,False
RP11-403A3.3,LGS3,Rod,6339,,18302750,,,False
RP11-412D9.4,LGS3,Rod,6339,,18302750,,,False
RP11-507B12.1,LGS3,Rod,6339,,18302750,,,False
RP11-507B12.2,LGS3,Rod,6339,,18302750,,,False
RP11-669E14.6,LGS3,Rod,6339,,18302750,,,False
RP11-707O23.1,LGS3,Rod,6339,,18302750,,,False
RP11-750H9.5,LGS3,Rod,6339,,18302750,,,False
RP11-755F10.1,LGS3,Rod,6339,,18302750,,,False
RP11-762L8.6,LGS3,Rod,6339,,18302750,,,False
RP11-770G2.2,LGS3,Rod,6339,,18302750,,,False
RP11-798G7.6,LGS3,Rod,6339,,18302750,,,False
RP11-798G7.8,LGS3,Rod,6339,,18302750,,,False
RP5-1115A15.1,LGS3,Rod,6339,,18302750,,,False
RPS26P8,LGS3,Rod,6339,,18302750,,,False
SCRN2,LGS3,Rod,6339,96.0,18302750,5.245113439237273,1.8317993082223745,True
SEMA3E,LGS3,Rod,6339,29.0,18302750,1.5844613514362595,0.9495171115612047,True
SEPT7,LGS3,Rod,6339,,18302750,,,False
SF3A3,LGS3,Rod,6339,323.0,18302750,17.647621259100408,2.9257185915261545,True
SFTA1P,LGS3,Rod,6339,3.0,18302750,0.16390979497616479,0.1517848505813529,True
SGSM2,LGS3,Rod,6339,500.0,18302750,27.31829916269413,3.3435082092075037,True
SLC25A45,LGS3,Rod,6339,1.0,18302750,0.05463659832538826,0.053196251025627875,True
SLC39A13,LGS3,Rod,6339,78.0,18302750,4.261654669380285,1.6604455532087963,True
SMAD6,LGS3,Rod,6339,3.0,18302750,0.16390979497616479,0.1517848505813529,True
SNORD14A,LGS3,Rod,6339,,18302750,,,False
SSSCA1-AS1,LGS3,Rod,6339,38.0,18302750,2.076190736364754,1.1236920576419072,True
TARID,LGS3,Rod,6339,3.0,18302750,0.16390979497616479,0.1517848505813529,True
TBC1D31,LGS3,Rod,6339,351.0,18302750,19.17744601221128,3.0045654465697074,True
TBKBP1,LGS3,Rod,6339,30.0,18302750,1.6390979497616478,0.9704371730740211,True
TBPL1,LGS3,Rod,6339,333.0,18302750,18.19398724235429,2.954597065526792,True
TGFB3,LGS3,Rod,6339,64.0,18302750,3.4967422928248486,1.503353199681037,True
THCAT158,LGS3,Rod,6339,,18302750,,,False
THSD7A,LGS3,Rod,6339,27.0,18302750,1.475188154785483,0.9063164152666662,True
TIGD3,LGS3,Rod,6339,24.0,18302750,1.3112783598093183,0.8378007739778573,True
TMEM116,LGS3,Rod,6339,637.0,18302750,34.803513133272325,3.5780460208063145,True
TMEM136,LGS3,Rod,6339,,18302750,,,False
TMEM181,LGS3,Rod,6339,672.0,18302750,36.71579407466091,3.630078947695136,True
TMEM263,LGS3,Rod,6339,432.0,18302750,23.60301047656773,3.2028688125471003,True
TRIM26,LGS3,Rod,6339,574.0,18302750,31.36140743877286,3.4769665844080526,True
TRIOBP,LGS3,Rod,6339,115.0,18302750,6.28320880741965,1.9855715353478747,True
TSC22D2,LGS3,Rod,6339,2079.0,18302750,113.58948791848219,4.7413560716133105,True
TTC28,LGS3,Rod,6339,6241.0,18302750,340.98701014874814,5.834772754320066,True
TTLL5,LGS3,Rod,6339,10997.0,18302750,600.8386717842947,6.399989422324592,True
TXNDC8,LGS3,Rod,6339,1.0,18302750,0.05463659832538826,0.053196251025627875,True
TXNRD2,LGS3,Rod,6339,147.0,18302750,8.031579953832074,2.2007273193256984,True
UTP11,LGS3,Rod,6339,124.0,18302750,6.774938192348144,2.050905508496484,True
VARS2,LGS3,Rod,6339,94.0,18302750,5.135840242586497,1.8141470276416714,True
VCAM1,LGS3,Rod,6339,1.0,18302750,0.05463659832538826,0.053196251025627875,True
WLS,LGS3,Rod,6339,6814.0,18302750,372.2937809891956,5.922365726229652,True
WNT2B,LGS3,Rod,6339,381.0,18302750,20.81654396197293,3.0826685793162727,True
XRCC6P1,LGS3,Rod,6339,,18302750,,,False
XXbac-BPG170G13.32,LGS3,Rod,6339,,18302750,,,False
XXbac-BPG283O16.9,LGS3,Rod,6339,,18302750,,,False
YAP1,LGS3,Rod,6339,12.0,18302750,0.6556391799046591,0.5041871456913463,True
YIF1A,LGS3,Rod,6339,191.0,18302750,10.435590280149158,2.436730446618987,True
ZNF280D,LGS3,Rod,6339,2990.0,18302750,163.3634289929109,5.102080006494781,True
ZNF638,LGS3,Rod,6339,9468.0,18302750,517.299312944776,6.250552899601065,True
ZNF638-IT1,LGS3,Rod,6339,,18302750,,,False
DGKG,LGS3,Cone,451,2.0,4167052,0.4799556137048446,0.3920120965863226,True
SLC2A12,LGS3,Cone,451,7.0,4167052,1.679844647966956,0.9857588256660946,True
COL8A2,LGS3,Cone,451,0.0,4167052,0.0,0.0,True
NPC2,LGS3,Cone,451,54.0,4167052,12.958801570030804,2.636110246230129,True
PSMC3,LGS3,Cone,451,34.0,4167052,8.159245432982358,2.2147637989809543,True
RP11-466F5.8,LGS3,Cone,451,,4167052,,,False
LPP,LGS3,Cone,451,601.0,4167052,144.2266619183058,4.978295707561134,True
RP11-121M22.1,LGS3,Cone,451,,4167052,,,False
ABO,LGS3,Cone,451,3.0,4167052,0.7199334205572668,0.5422855810978165,True
ADAMTS8,LGS3,Cone,451,4.0,4167052,0.9599112274096891,0.6728991800787923,True
CALD1,LGS3,Cone,451,53.0,4167052,12.718823763178381,2.618768887075815,True
CHEK2,LGS3,Cone,451,5.0,4167052,1.1998890342621114,0.7884069201204149,True
GAS7,LGS3,Cone,451,490.0,4167052,117.58912535768692,4.775664790603245,True
LMX1B,LGS3,Cone,451,1.0,4167052,0.2399778068524223,0.21509348175712031,True
TCF12,LGS3,Cone,451,2704.0,4167052,648.8999897289499,6.476818489096257,True
TMCO1,LGS3,Cone,451,225.0,4167052,53.995006541795014,4.007242390961614,True
TRIB2,LGS3,Cone,451,209.0,4167052,50.15536163215626,3.934867308647256,True
AC000078.5,LGS3,Cone,451,,4167052,,,False
AC002066.1,LGS3,Cone,451,2.0,4167052,0.4799556137048446,0.3920120965863226,True
AC012066.1,LGS3,Cone,451,,4167052,,,False
AC091132.1,LGS3,Cone,451,2.0,4167052,0.4799556137048446,0.3920120965863226,True
ACBD4,LGS3,Cone,451,68.0,4167052,16.318490865964716,2.8517747668879623,True
AFAP1,LGS3,Cone,451,43.0,4167052,10.319045694654159,2.426486766628985,True
ALDH2,LGS3,Cone,451,107.0,4167052,25.677625333209185,3.283825211584294,True
AP003068.23,LGS3,Cone,451,,4167052,,,False
AP5B1,LGS3,Cone,451,10.0,4167052,2.3997780685242227,1.223710155528214,True
AREL1,LGS3,Cone,451,88.0,4167052,21.11804700301316,3.096393881753232,True
ARHGAP27,LGS3,Cone,451,5.0,4167052,1.1998890342621114,0.7884069201204149,True
ARHGEF12,LGS3,Cone,451,1612.0,4167052,386.84422464610475,5.960603776136583,True
ARL17A,LGS3,Cone,451,440.0,4167052,105.5902350150658,4.6689919035495935,True
ATP5J,LGS3,Cone,451,,4167052,,,False
BICC1,LGS3,Cone,451,12.0,4167052,2.8797336822290673,1.3557665126786898,True
BORA,LGS3,Cone,451,45.0,4167052,10.799001308359003,2.468014893005055,True
C1orf109,LGS3,Cone,451,21.0,4167052,5.039533943900868,1.7983268473637972,True
C1orf122,LGS3,Cone,451,184.0,4167052,44.1559164608457,3.810121311385314,True
C22orf29,LGS3,Cone,451,,4167052,,,False
C6orf15,LGS3,Cone,451,0.0,4167052,0.0,0.0,True
CADM1,LGS3,Cone,451,20615.0,4167052,4947.142488262685,8.506767530240571,True
CADM2,LGS3,Cone,451,53163.0,4167052,12757.940145695326,9.453987492766867,True
CAV2,LGS3,Cone,451,17.0,4167052,4.079622716491179,1.6252369904251076,True
CCDC117,LGS3,Cone,451,20.0,4167052,4.799556137048445,1.7577813865288539,True
CDC14A,LGS3,Cone,451,247.0,4167052,59.27451829254831,4.098909432206985,True
CDKN2A,LGS3,Cone,451,1.0,4167052,0.2399778068524223,0.21509348175712031,True
CDKN2B-AS1,LGS3,Cone,451,3.0,4167052,0.7199334205572668,0.5422855810978165,True
CELF1,LGS3,Cone,451,372.0,4167052,89.2717441491011,4.502824500593452,True
CLIC5,LGS3,Cone,451,9.0,4167052,2.1598002616718004,1.1505088172693811,True
CMB9-22P13.1,LGS3,Cone,451,,4167052,,,False
COL11A1,LGS3,Cone,451,34.0,4167052,8.159245432982358,2.2147637989809543,True
CRHR1,LGS3,Cone,451,29.0,4167052,6.959356398720247,2.074348142155266,True
CTA-292E10.6,LGS3,Cone,451,,4167052,,,False
CTB-39G8.3,LGS3,Cone,451,,4167052,,,False
CTD-2005H7.1,LGS3,Cone,451,,4167052,,,False
CTD-2020K17.1,LGS3,Cone,451,,4167052,,,False
CTD-2020K17.3,LGS3,Cone,451,,4167052,,,False
CTTNBP2,LGS3,Cone,451,396.0,4167052,95.03121151355923,4.564673258560712,True
DDX39BP2,LGS3,Cone,451,,4167052,,,False
DIO1,LGS3,Cone,451,1.0,4167052,0.2399778068524223,0.21509348175712031,True
DND1P1,LGS3,Cone,451,,4167052,,,False
DYSF,LGS3,Cone,451,56.0,4167052,13.438757183735648,2.6699160621523164,True
EFCAB13,LGS3,Cone,451,170.0,4167052,40.79622716491179,3.7328060762444664,True
EFEMP1,LGS3,Cone,451,2.0,4167052,0.4799556137048446,0.3920120965863226,True
EHBP1L1,LGS3,Cone,451,5.0,4167052,1.1998890342621114,0.7884069201204149,True
FAM215B,LGS3,Cone,451,45.0,4167052,10.799001308359003,2.468014893005055,True
FAM83A,LGS3,Cone,451,0.0,4167052,0.0,0.0,True
FAM83A-AS1,LGS3,Cone,451,0.0,4167052,0.0,0.0,True
FAM89B,LGS3,Cone,451,14.0,4167052,3.359689295933912,1.4724007924211786,True
FHL3,LGS3,Cone,451,1.0,4167052,0.2399778068524223,0.21509348175712031,True
FLOT1,LGS3,Cone,451,126.0,4167052,30.237203663405207,3.4416098095504135,True
FLVCR2,LGS3,Cone,451,2.0,4167052,0.4799556137048446,0.3920120965863226,True
FMNL1,LGS3,Cone,451,0.0,4167052,0.0,0.0,True
FNDC4,LGS3,Cone,451,9.0,4167052,2.1598002616718004,1.1505088172693811,True
GALR3,LGS3,Cone,451,0.0,4167052,0.0,0.0,True
GCAT,LGS3,Cone,451,5.0,4167052,1.1998890342621114,0.7884069201204149,True
GLIS1,LGS3,Cone,451,0.0,4167052,0.0,0.0,True
H1F0,LGS3,Cone,451,16.0,4167052,3.8396449096387566,1.5768413522600238,True
HCG4,LGS3,Cone,451,,4167052,,,False
HCG4B,LGS3,Cone,451,,4167052,,,False
HCG4P5,LGS3,Cone,451,,4167052,,,False
HCG4P7,LGS3,Cone,451,,4167052,,,False
HCG9,LGS3,Cone,451,8.0,4167052,1.9198224548193783,1.0715228112875557,True
HCP5B,LGS3,Cone,451,,4167052,,,False
HECTD4,LGS3,Cone,451,1155.0,4167052,277.17436691454776,5.628248136188017,True
HLA-A,LGS3,Cone,451,16.0,4167052,3.8396449096387566,1.5768413522600238,True
HLA-C,LGS3,Cone,451,18.0,4167052,4.319600523343601,1.6713982109371206,True
HLA-F,LGS3,Cone,451,21.0,4167052,5.039533943900868,1.7983268473637972,True
HLA-F-AS1,LGS3,Cone,451,41.0,4167052,9.839090080949314,2.3831590516164334,True
HLA-G,LGS3,Cone,451,1.0,4167052,0.2399778068524223,0.21509348175712031,True
HLA-H,LGS3,Cone,451,,4167052,,,False
HLA-J,LGS3,Cone,451,,4167052,,,False
HLA-L,LGS3,Cone,451,,4167052,,,False
HLA-T,LGS3,Cone,451,,4167052,,,False
HLA-U,LGS3,Cone,451,,4167052,,,False
HLA-V,LGS3,Cone,451,,4167052,,,False
HLA-W,LGS3,Cone,451,,4167052,,,False
HSCB,LGS3,Cone,451,37.0,4167052,8.879178853539624,2.2904293963158673,True
HTRA3,LGS3,Cone,451,0.0,4167052,0.0,0.0,True
IFITM4P,LGS3,Cone,451,,4167052,,,False
IFT172,LGS3,Cone,451,450.0,4167052,107.99001308359003,4.691256254945162,True
INPP5B,LGS3,Cone,451,89.0,4167052,21.358024809865583,3.107185308511423,True
ITGB3,LGS3,Cone,451,19.0,4167052,4.5595783301960235,1.7155222654936995,True
KANSL1,LGS3,Cone,451,1414.0,4167052,339.3286188893251,5.829911676969636,True
KANSL1-AS1,LGS3,Cone,451,3.0,4167052,0.7199334205572668,0.5422855810978165,True
KHK,LGS3,Cone,451,6.0,4167052,1.4398668411145337,0.8919434645022173,True
KLF5,LGS3,Cone,451,1.0,4167052,0.2399778068524223,0.21509348175712031,True
KRT8P26,LGS3,Cone,451,,4167052,,,False
LHPP,LGS3,Cone,451,110.0,4167052,26.39755875376645,3.310453912846822,True
LINC01948,LGS3,Cone,451,10.0,4167052,2.3997780685242227,1.223710155528214,True
LINC02052,LGS3,Cone,451,0.0,4167052,0.0,0.0,True
LINC02210,LGS3,Cone,451,,4167052,,,False
LMO4,LGS3,Cone,451,203.0,4167052,48.71549479104173,3.906316650932882,True
LMO7,LGS3,Cone,451,109.0,4167052,26.15758094691403,3.3016562319680736,True
LOXL1,LGS3,Cone,451,1.0,4167052,0.2399778068524223,0.21509348175712031,True
LOXL1-AS1,LGS3,Cone,451,0.0,4167052,0.0,0.0,True
LRRC37A,LGS3,Cone,451,114.0,4167052,27.35746998117614,3.34489048686551,True
LRRC37A17P,LGS3,Cone,451,,4167052,,,False
LRRC37A2,LGS3,Cone,451,462.0,4167052,110.8697467658191,4.717335219209358,True
LRRC37A4P,LGS3,Cone,451,,4167052,,,False
LRWD1,LGS3,Cone,451,9.0,4167052,2.1598002616718004,1.1505088172693811,True
LTBP2,LGS3,Cone,451,3.0,4167052,0.7199334205572668,0.5422855810978165,True
LTBP3,LGS3,Cone,451,25.0,4167052,5.999445171310557,1.9458308846726262,True
MADD,LGS3,Cone,451,495.0,4167052,118.78901439194904,4.785731981910318,True
MAPK8IP1P1,LGS3,Cone,451,,4167052,,,False
MAPK8IP1P2,LGS3,Cone,451,,4167052,,,False
MAPT,LGS3,Cone,451,284.0,4167052,68.15369714608794,4.236331522279334,True
MAPT-AS1,LGS3,Cone,451,21.0,4167052,5.039533943900868,1.7983268473637972,True
MAPT-IT1,LGS3,Cone,451,8.0,4167052,1.9198224548193783,1.0715228112875557,True
ME3,LGS3,Cone,451,54.0,4167052,12.958801570030804,2.636110246230129,True
MICE,LGS3,Cone,451,,4167052,,,False
MOV10,LGS3,Cone,451,11.0,4167052,2.639755875376645,1.2919166121953254,True
MRPL33,LGS3,Cone,451,198.0,4167052,47.515605756779614,3.8818855143681814,True
MTCH2,LGS3,Cone,451,216.0,4167052,51.83520628012322,3.9671777541178552,True
MVB12B,LGS3,Cone,451,83.0,4167052,19.91815796875105,3.0406175841130585,True
Metazoa_SRP,LGS3,Cone,451,,4167052,,,False
NEAT1,LGS3,Cone,451,361.0,4167052,86.63198827372445,4.473146094228645,True
NMT1,LGS3,Cone,451,343.0,4167052,82.31238775038085,4.422597250605757,True
NPEPPS,LGS3,Cone,451,1312.0,4167052,314.85088259037803,5.755270211674755,True
NRBP1,LGS3,Cone,451,116.0,4167052,27.837425594880987,3.361674043345039,True
NSF,LGS3,Cone,451,1208.0,4167052,289.8931906777261,5.67295615745038,True
NUCB2,LGS3,Cone,451,302.0,4167052,72.47329766943153,4.296922043195906,True
NUDT7,LGS3,Cone,451,10.0,4167052,2.3997780685242227,1.223710155528214,True
PDE6C,LGS3,Cone,451,938.0,4167052,225.0991828275721,5.420973765069397,True
PGAM1P8,LGS3,Cone,451,,4167052,,,False
PIBF1,LGS3,Cone,451,751.0,4167052,180.22333294616914,5.199730154337454,True
PIGC,LGS3,Cone,451,161.0,4167052,38.636426903239986,3.67974856673205,True
PKIB,LGS3,Cone,451,272.0,4167052,65.27396346385886,4.193797112126098,True
PLCE1,LGS3,Cone,451,45.0,4167052,10.799001308359003,2.468014893005055,True
PLCE1-AS1,LGS3,Cone,451,2.0,4167052,0.4799556137048446,0.3920120965863226,True
PLEKHA7,LGS3,Cone,451,1874.0,4167052,449.71841004143937,6.11084277652475,True
PLEKHM1,LGS3,Cone,451,22.0,4167052,5.27951175075329,1.8372922307623403,True
PPP1R18,LGS3,Cone,451,7.0,4167052,1.679844647966956,0.9857588256660946,True
PRKCE,LGS3,Cone,451,487.0,4167052,116.86919193712966,4.769575466671835,True
PROX2,LGS3,Cone,451,0.0,4167052,0.0,0.0,True
PRSS23,LGS3,Cone,451,37.0,4167052,8.879178853539624,2.2904293963158673,True
PSORS1C3,LGS3,Cone,451,0.0,4167052,0.0,0.0,True
RAPSN,LGS3,Cone,451,0.0,4167052,0.0,0.0,True
RERE,LGS3,Cone,451,5775.0,4167052,1385.8718345727386,7.23480601126712,True
RIC8B,LGS3,Cone,451,245.0,4167052,58.79456267884346,4.090914731719696,True
RORA,LGS3,Cone,451,7474.0,4167052,1793.5941284150042,7.492534163051519,True
RP11-123K19.1,LGS3,Cone,451,,4167052,,,False
RP11-136H19.1,LGS3,Cone,451,,4167052,,,False
RP11-149I2.4,LGS3,Cone,451,,4167052,,,False
RP11-162I7.1,LGS3,Cone,451,,4167052,,,False
RP11-17G12.2,LGS3,Cone,451,,4167052,,,False
RP11-205K6.1,LGS3,Cone,451,,4167052,,,False
RP11-217B7.2,LGS3,Cone,451,,4167052,,,False
RP11-259A24.1,LGS3,Cone,451,,4167052,,,False
RP11-259G18.1,LGS3,Cone,451,,4167052,,,False
RP11-259G18.3,LGS3,Cone,451,,4167052,,,False
RP11-293E1.1,LGS3,Cone,451,,4167052,,,False
RP11-293E1.2,LGS3,Cone,451,,4167052,,,False
RP11-302L19.3,LGS3,Cone,451,,4167052,,,False
RP11-403A3.3,LGS3,Cone,451,,4167052,,,False
RP11-412D9.4,LGS3,Cone,451,,4167052,,,False
RP11-507B12.1,LGS3,Cone,451,,4167052,,,False
RP11-507B12.2,LGS3,Cone,451,,4167052,,,False
RP11-669E14.6,LGS3,Cone,451,,4167052,,,False
RP11-707O23.1,LGS3,Cone,451,,4167052,,,False
RP11-750H9.5,LGS3,Cone,451,,4167052,,,False
RP11-755F10.1,LGS3,Cone,451,,4167052,,,False
RP11-762L8.6,LGS3,Cone,451,,4167052,,,False
RP11-770G2.2,LGS3,Cone,451,,4167052,,,False
RP11-798G7.6,LGS3,Cone,451,,4167052,,,False
RP11-798G7.8,LGS3,Cone,451,,4167052,,,False
RP5-1115A15.1,LGS3,Cone,451,,4167052,,,False
RPS26P8,LGS3,Cone,451,,4167052,,,False
SCRN2,LGS3,Cone,451,15.0,4167052,3.5996671027863343,1.5259839319167974,True
SEMA3E,LGS3,Cone,451,142.0,4167052,34.07684857304397,3.5575413280364963,True
SEPT7,LGS3,Cone,451,,4167052,,,False
SF3A3,LGS3,Cone,451,66.0,4167052,15.83853525225987,2.8236700247615736,True
SFTA1P,LGS3,Cone,451,0.0,4167052,0.0,0.0,True
SGSM2,LGS3,Cone,451,120.0,4167052,28.797336822290674,3.3944190211382597,True
SLC25A45,LGS3,Cone,451,3.0,4167052,0.7199334205572668,0.5422855810978165,True
SLC39A13,LGS3,Cone,451,29.0,4167052,6.959356398720247,2.074348142155266,True
SMAD6,LGS3,Cone,451,0.0,4167052,0.0,0.0,True
SNORD14A,LGS3,Cone,451,,4167052,,,False
SSSCA1-AS1,LGS3,Cone,451,7.0,4167052,1.679844647966956,0.9857588256660946,True
TARID,LGS3,Cone,451,5.0,4167052,1.1998890342621114,0.7884069201204149,True
TBC1D31,LGS3,Cone,451,119.0,4167052,28.55735901543825,3.3863327489032162,True
TBKBP1,LGS3,Cone,451,9.0,4167052,2.1598002616718004,1.1505088172693811,True
TBPL1,LGS3,Cone,451,60.0,4167052,14.398668411145337,2.734281038872369,True
TGFB3,LGS3,Cone,451,10.0,4167052,2.3997780685242227,1.223710155528214,True
THCAT158,LGS3,Cone,451,,4167052,,,False
THSD7A,LGS3,Cone,451,1284.0,4167052,308.1315039985102,5.733766765647772,True
TIGD3,LGS3,Cone,451,2.0,4167052,0.4799556137048446,0.3920120965863226,True
TMEM116,LGS3,Cone,451,124.0,4167052,29.757248049700365,3.4261256754108858,True
TMEM136,LGS3,Cone,451,,4167052,,,False
TMEM181,LGS3,Cone,451,117.0,4167052,28.077403401733406,3.3699613571288456,True
TMEM263,LGS3,Cone,451,132.0,4167052,31.67707050451974,3.4866736241291707,True
TRIM26,LGS3,Cone,451,116.0,4167052,27.837425594880987,3.361674043345039,True
TRIOBP,LGS3,Cone,451,19.0,4167052,4.5595783301960235,1.7155222654936995,True
TSC22D2,LGS3,Cone,451,526.0,4167052,126.22832640437413,4.845983317972157,True
TTC28,LGS3,Cone,451,1251.0,4167052,300.2122363723803,5.707815120506858,True
TTLL5,LGS3,Cone,451,2144.0,4167052,514.5124178915934,6.245161392190338,True
TXNDC8,LGS3,Cone,451,0.0,4167052,0.0,0.0,True
TXNRD2,LGS3,Cone,451,42.0,4167052,10.079067887801736,2.405057552130714,True
UTP11,LGS3,Cone,451,37.0,4167052,8.879178853539624,2.2904293963158673,True
VARS2,LGS3,Cone,451,18.0,4167052,4.319600523343601,1.6713982109371206,True
VCAM1,LGS3,Cone,451,0.0,4167052,0.0,0.0,True
WLS,LGS3,Cone,451,1216.0,4167052,291.8130131325455,5.679534224858256,True
WNT2B,LGS3,Cone,451,54.0,4167052,12.958801570030804,2.636110246230129,True
XRCC6P1,LGS3,Cone,451,,4167052,,,False
XXbac-BPG170G13.32,LGS3,Cone,451,,4167052,,,False
XXbac-BPG283O16.9,LGS3,Cone,451,,4167052,,,False
YAP1,LGS3,Cone,451,8.0,4167052,1.9198224548193783,1.0715228112875557,True
YIF1A,LGS3,Cone,451,35.0,4167052,8.39922323983478,2.2406270518014466,True
ZNF280D,LGS3,Cone,451,770.0,4167052,184.78291127636516,5.22457884839513,True
ZNF638,LGS3,Cone,451,1977.0,4167052,474.43612414723884,6.1642325388866075,True
ZNF638-IT1,LGS3,Cone,451,,4167052,,,False
DGKG,LGS3,Bipolar,2289,5.0,9481857,0.5273228651307439,0.42351644143141953,True
SLC2A12,LGS3,Bipolar,2289,7.0,9481857,0.7382520111830415,0.552880017012309,True
COL8A2,LGS3,Bipolar,2289,1.0,9481857,0.10546457302614878,0.10026567469255825,True
NPC2,LGS3,Bipolar,2289,116.0,9481857,12.23389047103326,2.582780999224446,True
PSMC3,LGS3,Bipolar,2289,162.0,9481857,17.085260830236102,2.8950972877626575,True
RP11-466F5.8,LGS3,Bipolar,2289,,9481857,,,False
LPP,LGS3,Bipolar,2289,315.0,9481857,33.22134050323687,3.5328494407896383,True
RP11-121M22.1,LGS3,Bipolar,2289,,9481857,,,False
ABO,LGS3,Bipolar,2289,5.0,9481857,0.5273228651307439,0.42351644143141953,True
ADAMTS8,LGS3,Bipolar,2289,2.0,9481857,0.21092914605229757,0.1913879542319239,True
CALD1,LGS3,Bipolar,2289,863.0,9481857,91.0159265215664,4.52196167643133,True
CHEK2,LGS3,Bipolar,2289,7.0,9481857,0.7382520111830415,0.552880017012309,True
GAS7,LGS3,Bipolar,2289,760.0,9481857,80.15307549987307,4.396337192193446,True
LMX1B,LGS3,Bipolar,2289,1.0,9481857,0.10546457302614878,0.10026567469255825,True
TCF12,LGS3,Bipolar,2289,4230.0,9481857,446.1151439006093,6.1028161540611,True
TMCO1,LGS3,Bipolar,2289,438.0,9481857,46.193482985453166,3.8542558107165523,True
TRIB2,LGS3,Bipolar,2289,428.0,9481857,45.13883725519168,3.8316550520637835,True
AC000078.5,LGS3,Bipolar,2289,,9481857,,,False
AC002066.1,LGS3,Bipolar,2289,3.0,9481857,0.3163937190784463,0.27489596678916134,True
AC012066.1,LGS3,Bipolar,2289,,9481857,,,False
AC091132.1,LGS3,Bipolar,2289,3.0,9481857,0.3163937190784463,0.27489596678916134,True
ACBD4,LGS3,Bipolar,2289,82.0,9481857,8.6480949881442,2.266760485307861,True
AFAP1,LGS3,Bipolar,2289,21.0,9481857,2.2147560335491243,1.1677514709997239,True
ALDH2,LGS3,Bipolar,2289,392.0,9481857,41.34211262625032,3.7457821611612663,True
AP003068.23,LGS3,Bipolar,2289,,9481857,,,False
AP5B1,LGS3,Bipolar,2289,35.0,9481857,3.6912600559152073,1.5457012150118694,True
AREL1,LGS3,Bipolar,2289,217.0,9481857,22.885812346674285,3.173284657009827,True
ARHGAP27,LGS3,Bipolar,2289,14.0,9481857,1.476504022366083,0.9068478972588815,True
ARHGEF12,LGS3,Bipolar,2289,3477.0,9481857,366.70032041191934,5.9072682597017865,True
ARL17A,LGS3,Bipolar,2289,896.0,9481857,94.49625743142931,4.559087057519075,True
ATP5J,LGS3,Bipolar,2289,,9481857,,,False
BICC1,LGS3,Bipolar,2289,9.0,9481857,0.949181157235339,0.6674093650183359,True
BORA,LGS3,Bipolar,2289,73.0,9481857,7.698913830908861,2.16319817084453,True
C1orf109,LGS3,Bipolar,2289,39.0,9481857,4.113118348019802,1.6318094623232,True
C1orf122,LGS3,Bipolar,2289,592.0,9481857,62.43502723148008,4.150016188874098,True
C22orf29,LGS3,Bipolar,2289,,9481857,,,False
C6orf15,LGS3,Bipolar,2289,0.0,9481857,0.0,0.0,True
CADM1,LGS3,Bipolar,2289,59247.0,9481857,6248.459558080237,8.740250268284479,True
CADM2,LGS3,Bipolar,2289,78365.0,9481857,8264.731265194148,9.019873483678701,True
CAV2,LGS3,Bipolar,2289,37.0,9481857,3.902189201967505,1.5896818812536757,True
CCDC117,LGS3,Bipolar,2289,72.0,9481857,7.593449257882712,2.1510001988081147,True
CDC14A,LGS3,Bipolar,2289,210.0,9481857,22.147560335491242,3.1418893899028735,True
CDKN2A,LGS3,Bipolar,2289,11.0,9481857,1.1601103032876365,0.7701592867291014,True
CDKN2B-AS1,LGS3,Bipolar,2289,21.0,9481857,2.2147560335491243,1.1677514709997239,True
CELF1,LGS3,Bipolar,2289,886.0,9481857,93.44161170116782,4.547981777945981,True
CLIC5,LGS3,Bipolar,2289,29.0,9481857,3.058472617758315,1.400806700309137,True
CMB9-22P13.1,LGS3,Bipolar,2289,,9481857,,,False
COL11A1,LGS3,Bipolar,2289,11.0,9481857,1.1601103032876365,0.7701592867291014,True
CRHR1,LGS3,Bipolar,2289,215.0,9481857,22.674883200621988,3.1644147056121157,True
CTA-292E10.6,LGS3,Bipolar,2289,,9481857,,,False
CTB-39G8.3,LGS3,Bipolar,2289,,9481857,,,False
CTD-2005H7.1,LGS3,Bipolar,2289,,9481857,,,False
CTD-2020K17.1,LGS3,Bipolar,2289,,9481857,,,False
CTD-2020K17.3,LGS3,Bipolar,2289,,9481857,,,False
CTTNBP2,LGS3,Bipolar,2289,839.0,9481857,88.48477676893883,4.494068518846366,True
DDX39BP2,LGS3,Bipolar,2289,,9481857,,,False
DIO1,LGS3,Bipolar,2289,4.0,9481857,0.42185829210459513,0.351964672480382,True
DND1P1,LGS3,Bipolar,2289,,9481857,,,False
DYSF,LGS3,Bipolar,2289,141.0,9481857,14.870504796686978,2.764462342267291,True
EFCAB13,LGS3,Bipolar,2289,377.0,9481857,39.76014403085809,3.707704741980717,True
EFEMP1,LGS3,Bipolar,2289,11.0,9481857,1.1601103032876365,0.7701592867291014,True
EHBP1L1,LGS3,Bipolar,2289,11.0,9481857,1.1601103032876365,0.7701592867291014,True
FAM215B,LGS3,Bipolar,2289,96.0,9481857,10.124599010510282,2.4091587834036274,True
FAM83A,LGS3,Bipolar,2289,1.0,9481857,0.10546457302614878,0.10026567469255825,True
FAM83A-AS1,LGS3,Bipolar,2289,0.0,9481857,0.0,0.0,True
FAM89B,LGS3,Bipolar,2289,26.0,9481857,2.742078898679868,1.3196413122581259,True
FHL3,LGS3,Bipolar,2289,5.0,9481857,0.5273228651307439,0.42351644143141953,True
FLOT1,LGS3,Bipolar,2289,273.0,9481857,28.791828436138616,3.3942341423555527,True
FLVCR2,LGS3,Bipolar,2289,1.0,9481857,0.10546457302614878,0.10026567469255825,True
FMNL1,LGS3,Bipolar,2289,11.0,9481857,1.1601103032876365,0.7701592867291014,True
FNDC4,LGS3,Bipolar,2289,21.0,9481857,2.2147560335491243,1.1677514709997239,True
GALR3,LGS3,Bipolar,2289,0.0,9481857,0.0,0.0,True
GCAT,LGS3,Bipolar,2289,32.0,9481857,3.374866336836761,1.4758759677626998,True
GLIS1,LGS3,Bipolar,2289,4.0,9481857,0.42185829210459513,0.351964672480382,True
H1F0,LGS3,Bipolar,2289,220.0,9481857,23.202206065752733,3.1864437887496924,True
HCG4,LGS3,Bipolar,2289,,9481857,,,False
HCG4B,LGS3,Bipolar,2289,,9481857,,,False
HCG4P5,LGS3,Bipolar,2289,,9481857,,,False
HCG4P7,LGS3,Bipolar,2289,,9481857,,,False
HCG9,LGS3,Bipolar,2289,0.0,9481857,0.0,0.0,True
HCP5B,LGS3,Bipolar,2289,,9481857,,,False
HECTD4,LGS3,Bipolar,2289,1953.0,9481857,205.97231112006858,5.332585021613358,True
HLA-A,LGS3,Bipolar,2289,226.0,9481857,23.834993503909626,3.212253686989303,True
HLA-C,LGS3,Bipolar,2289,138.0,9481857,14.554111077608532,2.744324981664799,True
HLA-F,LGS3,Bipolar,2289,10.0,9481857,1.0546457302614878,0.7201034390532992,True
HLA-F-AS1,LGS3,Bipolar,2289,44.0,9481857,4.640441213150546,1.7299622917322286,True
HLA-G,LGS3,Bipolar,2289,0.0,9481857,0.0,0.0,True
HLA-H,LGS3,Bipolar,2289,,9481857,,,False
HLA-J,LGS3,Bipolar,2289,,9481857,,,False
HLA-L,LGS3,Bipolar,2289,,9481857,,,False
HLA-T,LGS3,Bipolar,2289,,9481857,,,False
HLA-U,LGS3,Bipolar,2289,,9481857,,,False
HLA-V,LGS3,Bipolar,2289,,9481857,,,False
HLA-W,LGS3,Bipolar,2289,,9481857,,,False
HSCB,LGS3,Bipolar,2289,85.0,9481857,8.964488707222646,2.2990276434896724,True
HTRA3,LGS3,Bipolar,2289,0.0,9481857,0.0,0.0,True
IFITM4P,LGS3,Bipolar,2289,,9481857,,,False
IFT172,LGS3,Bipolar,2289,532.0,9481857,56.10715284991115,4.0449293776415445,True
INPP5B,LGS3,Bipolar,2289,321.0,9481857,33.854127941393756,3.551171579012506,True
ITGB3,LGS3,Bipolar,2289,3.0,9481857,0.3163937190784463,0.27489596678916134,True
KANSL1,LGS3,Bipolar,2289,3143.0,9481857,331.47515302118563,5.806565129547819,True
KANSL1-AS1,LGS3,Bipolar,2289,13.0,9481857,1.371039449339934,0.8633284452155979,True
KHK,LGS3,Bipolar,2289,32.0,9481857,3.374866336836761,1.4758759677626998,True
KLF5,LGS3,Bipolar,2289,4.0,9481857,0.42185829210459513,0.351964672480382,True
KRT8P26,LGS3,Bipolar,2289,,9481857,,,False
LHPP,LGS3,Bipolar,2289,167.0,9481857,17.612583695366848,2.9238378947289276,True
LINC01948,LGS3,Bipolar,2289,65.0,9481857,6.855197246699671,2.0611753823661694,True
LINC02052,LGS3,Bipolar,2289,0.0,9481857,0.0,0.0,True
LINC02210,LGS3,Bipolar,2289,,9481857,,,False
LMO4,LGS3,Bipolar,2289,1272.0,9481857,134.15093688926126,4.906392204916418,True
LMO7,LGS3,Bipolar,2289,261.0,9481857,27.52625355982483,3.350824840788671,True
LOXL1,LGS3,Bipolar,2289,1.0,9481857,0.10546457302614878,0.10026567469255825,True
LOXL1-AS1,LGS3,Bipolar,2289,0.0,9481857,0.0,0.0,True
LRRC37A,LGS3,Bipolar,2289,141.0,9481857,14.870504796686978,2.764462342267291,True
LRRC37A17P,LGS3,Bipolar,2289,,9481857,,,False
LRRC37A2,LGS3,Bipolar,2289,843.0,9481857,88.90663506104342,4.49877174366006,True
LRRC37A4P,LGS3,Bipolar,2289,,9481857,,,False
LRWD1,LGS3,Bipolar,2289,31.0,9481857,3.2694017638106123,1.4514737152732284,True
LTBP2,LGS3,Bipolar,2289,31.0,9481857,3.2694017638106123,1.4514737152732284,True
LTBP3,LGS3,Bipolar,2289,158.0,9481857,16.663402538131507,2.8714948458208562,True
MADD,LGS3,Bipolar,2289,910.0,9481857,95.97276145379539,4.574430129314254,True
MAPK8IP1P1,LGS3,Bipolar,2289,,9481857,,,False
MAPK8IP1P2,LGS3,Bipolar,2289,,9481857,,,False
MAPT,LGS3,Bipolar,2289,2291.0,9481857,241.61933680290684,5.491493699858314,True
MAPT-AS1,LGS3,Bipolar,2289,414.0,9481857,43.662333232825596,3.7991304894007847,True
MAPT-IT1,LGS3,Bipolar,2289,35.0,9481857,3.6912600559152073,1.5457012150118694,True
ME3,LGS3,Bipolar,2289,790.0,9481857,83.31701269065753,4.4345836559237295,True
MICE,LGS3,Bipolar,2289,,9481857,,,False
MOV10,LGS3,Bipolar,2289,21.0,9481857,2.2147560335491243,1.1677514709997239,True
MRPL33,LGS3,Bipolar,2289,493.0,9481857,51.99403450189135,3.9701793506490684,True
MTCH2,LGS3,Bipolar,2289,412.0,9481857,43.451404086773294,3.794396549464922,True
MVB12B,LGS3,Bipolar,2289,458.0,9481857,48.30277444597614,3.8979803562598128,True
Metazoa_SRP,LGS3,Bipolar,2289,,9481857,,,False
NEAT1,LGS3,Bipolar,2289,5029.0,9481857,530.3813377485022,6.275479913680991,True
NMT1,LGS3,Bipolar,2289,559.0,9481857,58.95469632161717,4.09358921571336,True
NPEPPS,LGS3,Bipolar,2289,3369.0,9481857,355.31014652509526,5.875801549683428,True
NRBP1,LGS3,Bipolar,2289,231.0,9481857,24.362316369040368,3.2332644648710303,True
NSF,LGS3,Bipolar,2289,2090.0,9481857,220.42095762465095,5.400065675345873,True
NUCB2,LGS3,Bipolar,2289,702.0,9481857,74.03613026435644,4.317969734396448,True
NUDT7,LGS3,Bipolar,2289,16.0,9481857,1.6874331684183805,0.9885865255793244,True
PDE6C,LGS3,Bipolar,2289,62.0,9481857,6.538803527621225,2.0200634860889712,True
PGAM1P8,LGS3,Bipolar,2289,,9481857,,,False
PIBF1,LGS3,Bipolar,2289,1472.0,9481857,155.243851494491,5.051417937407004,True
PIGC,LGS3,Bipolar,2289,307.0,9481857,32.37762391902768,3.507885732926788,True
PKIB,LGS3,Bipolar,2289,252.0,9481857,26.577072402589494,3.3169847174412,True
PLCE1,LGS3,Bipolar,2289,67.0,9481857,7.066126392751968,2.0876733661464035,True
PLCE1-AS1,LGS3,Bipolar,2289,0.0,9481857,0.0,0.0,True
PLEKHA7,LGS3,Bipolar,2289,1083.0,9481857,114.21813258731913,4.746827136807154,True
PLEKHM1,LGS3,Bipolar,2289,81.0,9481857,8.542630415118051,2.2557691723102247,True
PPP1R18,LGS3,Bipolar,2289,5.0,9481857,0.5273228651307439,0.42351644143141953,True
PRKCE,LGS3,Bipolar,2289,4459.0,9481857,470.2665311235974,6.1554238174543245,True
PROX2,LGS3,Bipolar,2289,0.0,9481857,0.0,0.0,True
PRSS23,LGS3,Bipolar,2289,57.0,9481857,6.011480662490481,1.9475489002103568,True
PSORS1C3,LGS3,Bipolar,2289,0.0,9481857,0.0,0.0,True
RAPSN,LGS3,Bipolar,2289,3.0,9481857,0.3163937190784463,0.27489596678916134,True
RERE,LGS3,Bipolar,2289,10090.0,9481857,1064.1375418338412,6.970859217066558,True
RIC8B,LGS3,Bipolar,2289,704.0,9481857,74.24705941040874,4.320776825262894,True
RORA,LGS3,Bipolar,2289,41168.0,9481857,4341.765542340493,8.376266645892327,True
RP11-123K19.1,LGS3,Bipolar,2289,,9481857,,,False
RP11-136H19.1,LGS3,Bipolar,2289,,9481857,,,False
RP11-149I2.4,LGS3,Bipolar,2289,,9481857,,,False
RP11-162I7.1,LGS3,Bipolar,2289,,9481857,,,False
RP11-17G12.2,LGS3,Bipolar,2289,,9481857,,,False
RP11-205K6.1,LGS3,Bipolar,2289,,9481857,,,False
RP11-217B7.2,LGS3,Bipolar,2289,,9481857,,,False
RP11-259A24.1,LGS3,Bipolar,2289,,9481857,,,False
RP11-259G18.1,LGS3,Bipolar,2289,,9481857,,,False
RP11-259G18.3,LGS3,Bipolar,2289,,9481857,,,False
RP11-293E1.1,LGS3,Bipolar,2289,,9481857,,,False
RP11-293E1.2,LGS3,Bipolar,2289,,9481857,,,False
RP11-302L19.3,LGS3,Bipolar,2289,,9481857,,,False
RP11-403A3.3,LGS3,Bipolar,2289,,9481857,,,False
RP11-412D9.4,LGS3,Bipolar,2289,,9481857,,,False
RP11-507B12.1,LGS3,Bipolar,2289,,9481857,,,False
RP11-507B12.2,LGS3,Bipolar,2289,,9481857,,,False
RP11-669E14.6,LGS3,Bipolar,2289,,9481857,,,False
RP11-707O23.1,LGS3,Bipolar,2289,,9481857,,,False
RP11-750H9.5,LGS3,Bipolar,2289,,9481857,,,False
RP11-755F10.1,LGS3,Bipolar,2289,,9481857,,,False
RP11-762L8.6,LGS3,Bipolar,2289,,9481857,,,False
RP11-770G2.2,LGS3,Bipolar,2289,,9481857,,,False
RP11-798G7.6,LGS3,Bipolar,2289,,9481857,,,False
RP11-798G7.8,LGS3,Bipolar,2289,,9481857,,,False
RP5-1115A15.1,LGS3,Bipolar,2289,,9481857,,,False
RPS26P8,LGS3,Bipolar,2289,,9481857,,,False
SCRN2,LGS3,Bipolar,2289,50.0,9481857,5.273228651307439,1.8362911585232402,True
SEMA3E,LGS3,Bipolar,2289,2775.0,9481857,292.66419014756286,5.682436904136812,True
SEPT7,LGS3,Bipolar,2289,,9481857,,,False
SF3A3,LGS3,Bipolar,2289,164.0,9481857,17.2961899762884,2.906692840154132,True
SFTA1P,LGS3,Bipolar,2289,0.0,9481857,0.0,0.0,True
SGSM2,LGS3,Bipolar,2289,299.0,9481857,31.533907334818487,3.4822828480835657,True
SLC25A45,LGS3,Bipolar,2289,11.0,9481857,1.1601103032876365,0.7701592867291014,True
SLC39A13,LGS3,Bipolar,2289,69.0,9481857,7.277055538804266,2.113487293896968,True
SMAD6,LGS3,Bipolar,2289,5.0,9481857,0.5273228651307439,0.42351644143141953,True
SNORD14A,LGS3,Bipolar,2289,,9481857,,,False
SSSCA1-AS1,LGS3,Bipolar,2289,11.0,9481857,1.1601103032876365,0.7701592867291014,True
TARID,LGS3,Bipolar,2289,4.0,9481857,0.42185829210459513,0.351964672480382,True
TBC1D31,LGS3,Bipolar,2289,162.0,9481857,17.085260830236102,2.8950972877626575,True
TBKBP1,LGS3,Bipolar,2289,50.0,9481857,5.273228651307439,1.8362911585232402,True
TBPL1,LGS3,Bipolar,2289,252.0,9481857,26.577072402589494,3.3169847174412,True
TGFB3,LGS3,Bipolar,2289,10.0,9481857,1.0546457302614878,0.7201034390532992,True
THCAT158,LGS3,Bipolar,2289,,9481857,,,False
THSD7A,LGS3,Bipolar,2289,5212.0,9481857,549.6813546122875,6.31115633808183,True
TIGD3,LGS3,Bipolar,2289,25.0,9481857,2.6366143256537193,1.2910531184941167,True
TMEM116,LGS3,Bipolar,2289,278.0,9481857,29.31915130126936,3.411779568999468,True
TMEM136,LGS3,Bipolar,2289,,9481857,,,False
TMEM181,LGS3,Bipolar,2289,295.0,9481857,31.112049042713892,3.469231319292287,True
TMEM263,LGS3,Bipolar,2289,268.0,9481857,28.264505571007874,3.3763753677092243,True
TRIM26,LGS3,Bipolar,2289,256.0,9481857,26.99893069469409,3.332166319970756,True
TRIOBP,LGS3,Bipolar,2289,214.0,9481857,22.56941862759584,3.159950050865126,True
TSC22D2,LGS3,Bipolar,2289,844.0,9481857,89.01209963406957,4.499944101672518,True
TTC28,LGS3,Bipolar,2289,6857.0,9481857,723.1705772403022,6.58502696855854,True
TTLL5,LGS3,Bipolar,2289,2213.0,9481857,233.39310010686725,5.4569996208654485,True
TXNDC8,LGS3,Bipolar,2289,0.0,9481857,0.0,0.0,True
TXNRD2,LGS3,Bipolar,2289,132.0,9481857,13.92132363945164,2.7027913066215437,True
UTP11,LGS3,Bipolar,2289,61.0,9481857,6.433338954595076,2.00597514602123,True
VARS2,LGS3,Bipolar,2289,59.0,9481857,6.222409808542778,1.977188665712651,True
VCAM1,LGS3,Bipolar,2289,0.0,9481857,0.0,0.0,True
WLS,LGS3,Bipolar,2289,1210.0,9481857,127.61213336164002,4.8568011569768235,True
WNT2B,LGS3,Bipolar,2289,134.0,9481857,14.132252785503937,2.716828411991013,True
XRCC6P1,LGS3,Bipolar,2289,,9481857,,,False
XXbac-BPG170G13.32,LGS3,Bipolar,2289,,9481857,,,False
XXbac-BPG283O16.9,LGS3,Bipolar,2289,,9481857,,,False
YAP1,LGS3,Bipolar,2289,14.0,9481857,1.476504022366083,0.9068478972588815,True
YIF1A,LGS3,Bipolar,2289,117.0,9481857,12.339355044059408,2.590718691796915,True
ZNF280D,LGS3,Bipolar,2289,2003.0,9481857,211.245539771376,5.3577438109370945,True
ZNF638,LGS3,Bipolar,2289,4657.0,9481857,491.14851658277485,6.198780533913967,True
ZNF638-IT1,LGS3,Bipolar,2289,,9481857,,,False
DGKG,LGS3,Amacrine,503,28.0,3278608,8.5402097475514,2.255515471335003,True
SLC2A12,LGS3,Amacrine,503,11.0,3278608,3.3550824008237643,1.4713435310953324,True
COL8A2,LGS3,Amacrine,503,3.0,3278608,0.9150224729519357,0.649729357786695,True
NPC2,LGS3,Amacrine,503,34.0,3278608,10.370254693455271,2.4310007079913527,True
PSMC3,LGS3,Amacrine,503,62.0,3278608,18.91046444100667,2.9912454448259664,True
RP11-466F5.8,LGS3,Amacrine,503,,3278608,,,False
LPP,LGS3,Amacrine,503,302.0,3278608,92.11226227716153,4.533805886427975,True
RP11-121M22.1,LGS3,Amacrine,503,,3278608,,,False
ABO,LGS3,Amacrine,503,6.0,3278608,1.8300449459038715,1.0402925934738605,True
ADAMTS8,LGS3,Amacrine,503,11.0,3278608,3.3550824008237643,1.4713435310953324,True
CALD1,LGS3,Amacrine,503,227.0,3278608,69.23670045336314,4.251870972901208,True
CHEK2,LGS3,Amacrine,503,5.0,3278608,1.5250374549198928,0.9262558962489467,True
GAS7,LGS3,Amacrine,503,199.0,3278608,60.69649070581173,4.1222270525646545,True
LMX1B,LGS3,Amacrine,503,0.0,3278608,0.0,0.0,True
TCF12,LGS3,Amacrine,503,1345.0,3278608,410.2350753734512,6.0191650105358265,True
TMCO1,LGS3,Amacrine,503,172.0,3278608,52.461288449244314,3.9789578116033653,True
TRIB2,LGS3,Amacrine,503,167.0,3278608,50.93625099432442,3.950017024082449,True
AC000078.5,LGS3,Amacrine,503,,3278608,,,False
AC002066.1,LGS3,Amacrine,503,35.0,3278608,10.67526218443925,2.457472260214093,True
AC012066.1,LGS3,Amacrine,503,,3278608,,,False
AC091132.1,LGS3,Amacrine,503,3.0,3278608,0.9150224729519357,0.649729357786695,True
ACBD4,LGS3,Amacrine,503,37.0,3278608,11.285277166407207,2.5084015670867466,True
AFAP1,LGS3,Amacrine,503,23.0,3278608,7.015172292631507,2.0813362821039005,True
ALDH2,LGS3,Amacrine,503,107.0,3278608,32.63580153528571,3.5155910215871398,True
AP003068.23,LGS3,Amacrine,503,,3278608,,,False
AP5B1,LGS3,Amacrine,503,17.0,3278608,5.1851273467276355,1.8221475952408366,True
AREL1,LGS3,Amacrine,503,124.0,3278608,37.82092888201334,3.6589595053786903,True
ARHGAP27,LGS3,Amacrine,503,11.0,3278608,3.3550824008237643,1.4713435310953324,True
ARHGEF12,LGS3,Amacrine,503,1189.0,3278608,362.6539067799505,5.896202609784834,True
ARL17A,LGS3,Amacrine,503,262.0,3278608,79.91196263780239,4.393361682574153,True
ATP5J,LGS3,Amacrine,503,,3278608,,,False
BICC1,LGS3,Amacrine,503,270.0,3278608,82.35202256567422,4.423072874837294,True
BORA,LGS3,Amacrine,503,30.0,3278608,9.150224729519357,2.317495846082037,True
C1orf109,LGS3,Amacrine,503,16.0,3278608,4.880119855743657,1.7715771453326659,True
C1orf122,LGS3,Amacrine,503,176.0,3278608,53.68131841318023,4.001522122998508,True
C22orf29,LGS3,Amacrine,503,,3278608,,,False
C6orf15,LGS3,Amacrine,503,0.0,3278608,0.0,0.0,True
CADM1,LGS3,Amacrine,503,11719.0,3278608,3574.382786841245,8.181827522638484,True
CADM2,LGS3,Amacrine,503,23507.0,3278608,7169.811090560384,8.877774050007533,True
CAV2,LGS3,Amacrine,503,60.0,3278608,18.300449459038713,2.960128383672772,True
CCDC117,LGS3,Amacrine,503,31.0,3278608,9.455232220503335,2.3471025440641835,True
CDC14A,LGS3,Amacrine,503,54.0,3278608,16.47040451313484,2.8605082786079983,True
CDKN2A,LGS3,Amacrine,503,1.0,3278608,0.30500749098397856,0.2662087809757898,True
CDKN2B-AS1,LGS3,Amacrine,503,3.0,3278608,0.9150224729519357,0.649729357786695,True
CELF1,LGS3,Amacrine,503,427.0,3278608,130.23819865015884,4.877013982382724,True
CLIC5,LGS3,Amacrine,503,24.0,3278608,7.320179783615486,2.118683863207285,True
CMB9-22P13.1,LGS3,Amacrine,503,,3278608,,,False
COL11A1,LGS3,Amacrine,503,641.0,3278608,195.50980172073025,5.280712311595708,True
CRHR1,LGS3,Amacrine,503,20.0,3278608,6.100149819679571,1.960115885187959,True
CTA-292E10.6,LGS3,Amacrine,503,,3278608,,,False
CTB-39G8.3,LGS3,Amacrine,503,,3278608,,,False
CTD-2005H7.1,LGS3,Amacrine,503,,3278608,,,False
CTD-2020K17.1,LGS3,Amacrine,503,,3278608,,,False
CTD-2020K17.3,LGS3,Amacrine,503,,3278608,,,False
CTTNBP2,LGS3,Amacrine,503,696.0,3278608,212.2852137248491,5.362630301578205,True
DDX39BP2,LGS3,Amacrine,503,,3278608,,,False
DIO1,LGS3,Amacrine,503,2.0,3278608,0.6100149819679571,0.4762434845232348,True
DND1P1,LGS3,Amacrine,503,,3278608,,,False
DYSF,LGS3,Amacrine,503,22.0,3278608,6.710164801647529,2.042539562398355,True
EFCAB13,LGS3,Amacrine,503,178.0,3278608,54.291333395148186,4.012616176448053,True
EFEMP1,LGS3,Amacrine,503,6.0,3278608,1.8300449459038715,1.0402925934738605,True
EHBP1L1,LGS3,Amacrine,503,19.0,3278608,5.795142328695593,1.9162079934758074,True
FAM215B,LGS3,Amacrine,503,29.0,3278608,8.845217238535378,2.286985777722235,True
FAM83A,LGS3,Amacrine,503,0.0,3278608,0.0,0.0,True
FAM83A-AS1,LGS3,Amacrine,503,0.0,3278608,0.0,0.0,True
FAM89B,LGS3,Amacrine,503,10.0,3278608,3.0500749098397857,1.3987353772041313,True
FHL3,LGS3,Amacrine,503,4.0,3278608,1.2200299639359142,0.7975206930615306,True
FLOT1,LGS3,Amacrine,503,140.0,3278608,42.701048737757,3.7773721003892584,True
FLVCR2,LGS3,Amacrine,503,1.0,3278608,0.30500749098397856,0.2662087809757898,True
FMNL1,LGS3,Amacrine,503,16.0,3278608,4.880119855743657,1.7715771453326659,True
FNDC4,LGS3,Amacrine,503,29.0,3278608,8.845217238535378,2.286985777722235,True
GALR3,LGS3,Amacrine,503,1.0,3278608,0.30500749098397856,0.2662087809757898,True
GCAT,LGS3,Amacrine,503,21.0,3278608,6.40515731066355,2.0021766913379433,True
GLIS1,LGS3,Amacrine,503,23.0,3278608,7.015172292631507,2.0813362821039005,True
H1F0,LGS3,Amacrine,503,67.0,3278608,20.435501895926564,3.065048514561289,True
HCG4,LGS3,Amacrine,503,,3278608,,,False
HCG4B,LGS3,Amacrine,503,,3278608,,,False
HCG4P5,LGS3,Amacrine,503,,3278608,,,False
HCG4P7,LGS3,Amacrine,503,,3278608,,,False
HCG9,LGS3,Amacrine,503,0.0,3278608,0.0,0.0,True
HCP5B,LGS3,Amacrine,503,,3278608,,,False
HECTD4,LGS3,Amacrine,503,905.0,3278608,276.0317793405006,5.6241322264677285,True
HLA-A,LGS3,Amacrine,503,176.0,3278608,53.68131841318023,4.001522122998508,True
HLA-C,LGS3,Amacrine,503,180.0,3278608,54.90134837711614,4.023588501106566,True
HLA-F,LGS3,Amacrine,503,19.0,3278608,5.795142328695593,1.9162079934758074,True
HLA-F-AS1,LGS3,Amacrine,503,44.0,3278608,13.420329603295057,2.6686389889669404,True
HLA-G,LGS3,Amacrine,503,0.0,3278608,0.0,0.0,True
HLA-H,LGS3,Amacrine,503,,3278608,,,False
HLA-J,LGS3,Amacrine,503,,3278608,,,False
HLA-L,LGS3,Amacrine,503,,3278608,,,False
HLA-T,LGS3,Amacrine,503,,3278608,,,False
HLA-U,LGS3,Amacrine,503,,3278608,,,False
HLA-V,LGS3,Amacrine,503,,3278608,,,False
HLA-W,LGS3,Amacrine,503,,3278608,,,False
HSCB,LGS3,Amacrine,503,22.0,3278608,6.710164801647529,2.042539562398355,True
HTRA3,LGS3,Amacrine,503,0.0,3278608,0.0,0.0,True
IFITM4P,LGS3,Amacrine,503,,3278608,,,False
IFT172,LGS3,Amacrine,503,221.0,3278608,67.40665550745926,4.2254701226355325,True
INPP5B,LGS3,Amacrine,503,133.0,3278608,40.56599630086915,3.727282436402727,True
ITGB3,LGS3,Amacrine,503,5.0,3278608,1.5250374549198928,0.9262558962489467,True
KANSL1,LGS3,Amacrine,503,1022.0,3278608,311.7176557856261,5.745300725247937,True
KANSL1-AS1,LGS3,Amacrine,503,8.0,3278608,2.4400599278718285,1.2354888921265383,True
KHK,LGS3,Amacrine,503,31.0,3278608,9.455232220503335,2.3471025440641835,True
KLF5,LGS3,Amacrine,503,3.0,3278608,0.9150224729519357,0.649729357786695,True
KRT8P26,LGS3,Amacrine,503,,3278608,,,False
LHPP,LGS3,Amacrine,503,69.0,3278608,21.04551687789452,3.0931092650260554,True
LINC01948,LGS3,Amacrine,503,17.0,3278608,5.1851273467276355,1.8221475952408366,True
LINC02052,LGS3,Amacrine,503,0.0,3278608,0.0,0.0,True
LINC02210,LGS3,Amacrine,503,,3278608,,,False
LMO4,LGS3,Amacrine,503,453.0,3278608,138.1683934157423,4.935684663323613,True
LMO7,LGS3,Amacrine,503,142.0,3278608,43.311063719724956,3.7912343912361592,True
LOXL1,LGS3,Amacrine,503,17.0,3278608,5.1851273467276355,1.8221475952408366,True
LOXL1-AS1,LGS3,Amacrine,503,6.0,3278608,1.8300449459038715,1.0402925934738605,True
LRRC37A,LGS3,Amacrine,503,55.0,3278608,16.77541200411882,2.8778161542740586,True
LRRC37A17P,LGS3,Amacrine,503,,3278608,,,False
LRRC37A2,LGS3,Amacrine,503,317.0,3278608,96.68737464192121,4.5817723249247875,True
LRRC37A4P,LGS3,Amacrine,503,,3278608,,,False
LRWD1,LGS3,Amacrine,503,16.0,3278608,4.880119855743657,1.7715771453326659,True
LTBP2,LGS3,Amacrine,503,17.0,3278608,5.1851273467276355,1.8221475952408366,True
LTBP3,LGS3,Amacrine,503,68.0,3278608,20.740509386910542,3.0791773122792154,True
MADD,LGS3,Amacrine,503,356.0,3278608,108.58266679029637,4.696679212283356,True
MAPK8IP1P1,LGS3,Amacrine,503,,3278608,,,False
MAPK8IP1P2,LGS3,Amacrine,503,,3278608,,,False
MAPT,LGS3,Amacrine,503,665.0,3278608,202.82998150434574,5.317286222355046,True
MAPT-AS1,LGS3,Amacrine,503,75.0,3278608,22.875561823798392,3.172855417976767,True
MAPT-IT1,LGS3,Amacrine,503,15.0,3278608,4.575112364759678,1.7183124722569145,True
ME3,LGS3,Amacrine,503,157.0,3278608,47.88617608448463,3.8894946588555097,True
MICE,LGS3,Amacrine,503,,3278608,,,False
MOV10,LGS3,Amacrine,503,12.0,3278608,3.660089891807743,1.5390347380390017,True
MRPL33,LGS3,Amacrine,503,181.0,3278608,55.20635586810012,4.029029844243467,True
MTCH2,LGS3,Amacrine,503,159.0,3278608,48.49619106645259,3.901895718461511,True
MVB12B,LGS3,Amacrine,503,320.0,3278608,97.60239711487314,4.5910955728229395,True
Metazoa_SRP,LGS3,Amacrine,503,,3278608,,,False
NEAT1,LGS3,Amacrine,503,3359.0,3278608,1024.520162215184,6.932955238182336,True
NMT1,LGS3,Amacrine,503,199.0,3278608,60.69649070581173,4.1222270525646545,True
NPEPPS,LGS3,Amacrine,503,833.0,3278608,254.07123998965415,5.541542878649642,True
NRBP1,LGS3,Amacrine,503,88.0,3278608,26.840659206590114,3.3264975135835235,True
NSF,LGS3,Amacrine,503,691.0,3278608,210.7601762699292,5.355454390322774,True
NUCB2,LGS3,Amacrine,503,248.0,3278608,75.64185776402668,4.339143373504865,True
NUDT7,LGS3,Amacrine,503,18.0,3278608,5.490134837711614,1.8702833067269269,True
PDE6C,LGS3,Amacrine,503,19.0,3278608,5.795142328695593,1.9162079934758074,True
PGAM1P8,LGS3,Amacrine,503,,3278608,,,False
PIBF1,LGS3,Amacrine,503,583.0,3278608,177.8193672436595,5.18637617479101,True
PIGC,LGS3,Amacrine,503,108.0,3278608,32.94080902626968,3.524618096477485,True
PKIB,LGS3,Amacrine,503,71.0,3278608,21.655531859862478,3.1204040543327176,True
PLCE1,LGS3,Amacrine,503,181.0,3278608,55.20635586810012,4.029029844243467,True
PLCE1-AS1,LGS3,Amacrine,503,5.0,3278608,1.5250374549198928,0.9262558962489467,True
PLEKHA7,LGS3,Amacrine,503,291.0,3278608,88.75717987633776,4.497108022790817,True
PLEKHM1,LGS3,Amacrine,503,40.0,3278608,12.200299639359143,2.5802395292861355,True
PPP1R18,LGS3,Amacrine,503,5.0,3278608,1.5250374549198928,0.9262558962489467,True
PRKCE,LGS3,Amacrine,503,632.0,3278608,192.76473430187446,5.266644713351628,True
PROX2,LGS3,Amacrine,503,1.0,3278608,0.30500749098397856,0.2662087809757898,True
PRSS23,LGS3,Amacrine,503,19.0,3278608,5.795142328695593,1.9162079934758074,True
PSORS1C3,LGS3,Amacrine,503,1.0,3278608,0.30500749098397856,0.2662087809757898,True
RAPSN,LGS3,Amacrine,503,0.0,3278608,0.0,0.0,True
RERE,LGS3,Amacrine,503,3113.0,3278608,949.4883194331253,6.856975872987247,True
RIC8B,LGS3,Amacrine,503,302.0,3278608,92.11226227716153,4.533805886427975,True
RORA,LGS3,Amacrine,503,8002.0,3278608,2440.6699428537963,7.800437486999383,True
RP11-123K19.1,LGS3,Amacrine,503,,3278608,,,False
RP11-136H19.1,LGS3,Amacrine,503,,3278608,,,False
RP11-149I2.4,LGS3,Amacrine,503,,3278608,,,False
RP11-162I7.1,LGS3,Amacrine,503,,3278608,,,False
RP11-17G12.2,LGS3,Amacrine,503,,3278608,,,False
RP11-205K6.1,LGS3,Amacrine,503,,3278608,,,False
RP11-217B7.2,LGS3,Amacrine,503,,3278608,,,False
RP11-259A24.1,LGS3,Amacrine,503,,3278608,,,False
RP11-259G18.1,LGS3,Amacrine,503,,3278608,,,False
RP11-259G18.3,LGS3,Amacrine,503,,3278608,,,False
RP11-293E1.1,LGS3,Amacrine,503,,3278608,,,False
RP11-293E1.2,LGS3,Amacrine,503,,3278608,,,False
RP11-302L19.3,LGS3,Amacrine,503,,3278608,,,False
RP11-403A3.3,LGS3,Amacrine,503,,3278608,,,False
RP11-412D9.4,LGS3,Amacrine,503,,3278608,,,False
RP11-507B12.1,LGS3,Amacrine,503,,3278608,,,False
RP11-507B12.2,LGS3,Amacrine,503,,3278608,,,False
RP11-669E14.6,LGS3,Amacrine,503,,3278608,,,False
RP11-707O23.1,LGS3,Amacrine,503,,3278608,,,False
RP11-750H9.5,LGS3,Amacrine,503,,3278608,,,False
RP11-755F10.1,LGS3,Amacrine,503,,3278608,,,False
RP11-762L8.6,LGS3,Amacrine,503,,3278608,,,False
RP11-770G2.2,LGS3,Amacrine,503,,3278608,,,False
RP11-798G7.6,LGS3,Amacrine,503,,3278608,,,False
RP11-798G7.8,LGS3,Amacrine,503,,3278608,,,False
RP5-1115A15.1,LGS3,Amacrine,503,,3278608,,,False
RPS26P8,LGS3,Amacrine,503,,3278608,,,False
SCRN2,LGS3,Amacrine,503,14.0,3278608,4.2701048737757,1.6620502625024574,True
SEMA3E,LGS3,Amacrine,503,223.0,3278608,68.01667048942723,4.234348076712413,True
SEPT7,LGS3,Amacrine,503,,3278608,,,False
SF3A3,LGS3,Amacrine,503,79.0,3278608,24.095591787734307,3.2226922047270077,True
SFTA1P,LGS3,Amacrine,503,1.0,3278608,0.30500749098397856,0.2662087809757898,True
SGSM2,LGS3,Amacrine,503,85.0,3278608,25.92563673363818,3.2930788711802212,True
SLC25A45,LGS3,Amacrine,503,13.0,3278608,3.9650973827917215,1.6024329111601183,True
SLC39A13,LGS3,Amacrine,503,56.0,3278608,17.0804194951028,2.89482955685763,True
SMAD6,LGS3,Amacrine,503,1.0,3278608,0.30500749098397856,0.2662087809757898,True
SNORD14A,LGS3,Amacrine,503,,3278608,,,False
SSSCA1-AS1,LGS3,Amacrine,503,5.0,3278608,1.5250374549198928,0.9262558962489467,True
TARID,LGS3,Amacrine,503,7.0,3278608,2.13505243688785,1.1426459002250173,True
TBC1D31,LGS3,Amacrine,503,95.0,3278608,28.975711643477965,3.4003874418653863,True
TBKBP1,LGS3,Amacrine,503,27.0,3278608,8.23520225656742,2.2230225145015154,True
TBPL1,LGS3,Amacrine,503,92.0,3278608,28.06068917052603,3.369386373295412,True
TGFB3,LGS3,Amacrine,503,12.0,3278608,3.660089891807743,1.5390347380390017,True
THCAT158,LGS3,Amacrine,503,,3278608,,,False
THSD7A,LGS3,Amacrine,503,678.0,3278608,206.79507888713746,5.336552396417128,True
TIGD3,LGS3,Amacrine,503,6.0,3278608,1.8300449459038715,1.0402925934738605,True
TMEM116,LGS3,Amacrine,503,90.0,3278608,27.45067418855807,3.3481718576046764,True
TMEM136,LGS3,Amacrine,503,,3278608,,,False
TMEM181,LGS3,Amacrine,503,192.0,3278608,58.56143826892389,4.087008355760038,True
TMEM263,LGS3,Amacrine,503,89.0,3278608,27.145666697574093,3.337393406593299,True
TRIM26,LGS3,Amacrine,503,92.0,3278608,28.06068917052603,3.369386373295412,True
TRIOBP,LGS3,Amacrine,503,61.0,3278608,18.605456950022692,2.9758079433034643,True
TSC22D2,LGS3,Amacrine,503,333.0,3278608,101.56749449766487,4.630521064777769,True
TTC28,LGS3,Amacrine,503,1429.0,3278608,435.85570461610536,6.079602945182604,True
TTLL5,LGS3,Amacrine,503,791.0,3278608,241.26092536832704,5.490015349313579,True
TXNDC8,LGS3,Amacrine,503,0.0,3278608,0.0,0.0,True
TXNRD2,LGS3,Amacrine,503,53.0,3278608,16.165397022150863,2.8428955563917073,True
UTP11,LGS3,Amacrine,503,30.0,3278608,9.150224729519357,2.317495846082037,True
VARS2,LGS3,Amacrine,503,28.0,3278608,8.5402097475514,2.255515471335003,True
VCAM1,LGS3,Amacrine,503,0.0,3278608,0.0,0.0,True
WLS,LGS3,Amacrine,503,358.0,3278608,109.19268177226432,4.702230485913523,True
WNT2B,LGS3,Amacrine,503,41.0,3278608,12.505307130343121,2.603082728958818,True
XRCC6P1,LGS3,Amacrine,503,,3278608,,,False
XXbac-BPG170G13.32,LGS3,Amacrine,503,,3278608,,,False
XXbac-BPG283O16.9,LGS3,Amacrine,503,,3278608,,,False
YAP1,LGS3,Amacrine,503,18.0,3278608,5.490134837711614,1.8702833067269269,True
YIF1A,LGS3,Amacrine,503,27.0,3278608,8.23520225656742,2.2230225145015154,True
ZNF280D,LGS3,Amacrine,503,657.0,3278608,200.3899215764739,5.305242937207471,True
ZNF638,LGS3,Amacrine,503,1648.0,3278608,502.6523451415967,6.22188623867011,True
ZNF638-IT1,LGS3,Amacrine,503,,3278608,,,False
DGKG,LGS3,Horizontal,351,15.0,2310682,6.491589928860829,2.013781048548459,True
SLC2A12,LGS3,Horizontal,351,0.0,2310682,0.0,0.0,True
COL8A2,LGS3,Horizontal,351,0.0,2310682,0.0,0.0,True
NPC2,LGS3,Horizontal,351,37.0,2310682,16.012588491190048,2.8339535695035156,True
PSMC3,LGS3,Horizontal,351,84.0,2310682,36.352903601620646,3.620410648895105,True
RP11-466F5.8,LGS3,Horizontal,351,,2310682,,,False
LPP,LGS3,Horizontal,351,160.0,2310682,69.24362590784885,4.251969569689394,True
RP11-121M22.1,LGS3,Horizontal,351,,2310682,,,False
ABO,LGS3,Horizontal,351,1.0,2310682,0.43277266192405534,0.35961149140649534,True
ADAMTS8,LGS3,Horizontal,351,0.0,2310682,0.0,0.0,True
CALD1,LGS3,Horizontal,351,115.0,2310682,49.76885612126636,3.9272830981021043,True
CHEK2,LGS3,Horizontal,351,0.0,2310682,0.0,0.0,True
GAS7,LGS3,Horizontal,351,46.0,2310682,19.907542448506543,3.040109976571927,True
LMX1B,LGS3,Horizontal,351,0.0,2310682,0.0,0.0,True
TCF12,LGS3,Horizontal,351,728.0,2310682,315.05849788071225,5.7559273163300135,True
TMCO1,LGS3,Horizontal,351,121.0,2310682,52.3654920928107,3.977164321588487,True
TRIB2,LGS3,Horizontal,351,87.0,2310682,37.65122158739281,3.654578380934808,True
AC000078.5,LGS3,Horizontal,351,,2310682,,,False
AC002066.1,LGS3,Horizontal,351,0.0,2310682,0.0,0.0,True
AC012066.1,LGS3,Horizontal,351,,2310682,,,False
AC091132.1,LGS3,Horizontal,351,1.0,2310682,0.43277266192405534,0.35961149140649534,True
ACBD4,LGS3,Horizontal,351,20.0,2310682,8.655453238481106,2.2675228581739177,True
AFAP1,LGS3,Horizontal,351,16.0,2310682,6.924362590784885,2.069941886343791,True
ALDH2,LGS3,Horizontal,351,64.0,2310682,27.69745036313954,3.3568082812980187,True
AP003068.23,LGS3,Horizontal,351,,2310682,,,False
AP5B1,LGS3,Horizontal,351,6.0,2310682,2.596635971544332,1.2799989562404925,True
AREL1,LGS3,Horizontal,351,71.0,2310682,30.726858996607927,3.4571636090975058,True
ARHGAP27,LGS3,Horizontal,351,2.0,2310682,0.8655453238481107,0.6235534092017394,True
ARHGEF12,LGS3,Horizontal,351,633.0,2310682,273.945094997927,5.6165714231799555,True
ARL17A,LGS3,Horizontal,351,202.0,2310682,87.42007770865918,4.4820990672561045,True
ATP5J,LGS3,Horizontal,351,,2310682,,,False
BICC1,LGS3,Horizontal,351,4.0,2310682,1.7310906476962213,1.0047010340667637,True
BORA,LGS3,Horizontal,351,24.0,2310682,10.386543886177328,2.4324322973642643,True
C1orf109,LGS3,Horizontal,351,18.0,2310682,7.7899079146329955,2.173604235491243,True
C1orf122,LGS3,Horizontal,351,163.0,2310682,70.54194389362102,4.2702839055839,True
C22orf29,LGS3,Horizontal,351,,2310682,,,False
C6orf15,LGS3,Horizontal,351,0.0,2310682,0.0,0.0,True
CADM1,LGS3,Horizontal,351,6717.0,2310682,2906.9339701438794,7.975198132117723,True
CADM2,LGS3,Horizontal,351,14497.0,2310682,6273.90527991303,8.744313669051479,True
CAV2,LGS3,Horizontal,351,10.0,2310682,4.327726619240553,1.6729246217190756,True
CCDC117,LGS3,Horizontal,351,23.0,2310682,9.953771224253272,2.393683801010446,True
CDC14A,LGS3,Horizontal,351,20.0,2310682,8.655453238481106,2.2675228581739177,True
CDKN2A,LGS3,Horizontal,351,1.0,2310682,0.43277266192405534,0.35961149140649534,True
CDKN2B-AS1,LGS3,Horizontal,351,4.0,2310682,1.7310906476962213,1.0047010340667637,True
CELF1,LGS3,Horizontal,351,344.0,2310682,148.87379570187503,5.009793577965103,True
CLIC5,LGS3,Horizontal,351,5.0,2310682,2.1638633096202766,1.1517938472086815,True
CMB9-22P13.1,LGS3,Horizontal,351,,2310682,,,False
COL11A1,LGS3,Horizontal,351,11.0,2310682,4.760499281164608,1.7510241517089846,True
CRHR1,LGS3,Horizontal,351,18.0,2310682,7.7899079146329955,2.173604235491243,True
CTA-292E10.6,LGS3,Horizontal,351,,2310682,,,False
CTB-39G8.3,LGS3,Horizontal,351,,2310682,,,False
CTD-2005H7.1,LGS3,Horizontal,351,,2310682,,,False
CTD-2020K17.1,LGS3,Horizontal,351,,2310682,,,False
CTD-2020K17.3,LGS3,Horizontal,351,,2310682,,,False
CTTNBP2,LGS3,Horizontal,351,431.0,2310682,186.52501728926785,5.233912262052831,True
DDX39BP2,LGS3,Horizontal,351,,2310682,,,False
DIO1,LGS3,Horizontal,351,7.0,2310682,3.029408633468387,1.3936196241162249,True
DND1P1,LGS3,Horizontal,351,,2310682,,,False
DYSF,LGS3,Horizontal,351,9.0,2310682,3.8949539573164977,1.588204869874191,True
EFCAB13,LGS3,Horizontal,351,119.0,2310682,51.49994676896258,3.9608121556725417,True
EFEMP1,LGS3,Horizontal,351,13.0,2310682,5.626044605012719,1.891008035671031,True
EHBP1L1,LGS3,Horizontal,351,1.0,2310682,0.43277266192405534,0.35961149140649534,True
FAM215B,LGS3,Horizontal,351,17.0,2310682,7.35713525270894,2.12311569524982,True
FAM83A,LGS3,Horizontal,351,17.0,2310682,7.35713525270894,2.12311569524982,True
FAM83A-AS1,LGS3,Horizontal,351,7.0,2310682,3.029408633468387,1.3936196241162249,True
FAM89B,LGS3,Horizontal,351,14.0,2310682,6.058817266936774,1.9542775115414794,True
FHL3,LGS3,Horizontal,351,0.0,2310682,0.0,0.0,True
FLOT1,LGS3,Horizontal,351,87.0,2310682,37.65122158739281,3.654578380934808,True
FLVCR2,LGS3,Horizontal,351,1.0,2310682,0.43277266192405534,0.35961149140649534,True
FMNL1,LGS3,Horizontal,351,2.0,2310682,0.8655453238481107,0.6235534092017394,True
FNDC4,LGS3,Horizontal,351,3.0,2310682,1.298317985772166,0.8321775448632712,True
GALR3,LGS3,Horizontal,351,0.0,2310682,0.0,0.0,True
GCAT,LGS3,Horizontal,351,16.0,2310682,6.924362590784885,2.069941886343791,True
GLIS1,LGS3,Horizontal,351,2.0,2310682,0.8655453238481107,0.6235534092017394,True
H1F0,LGS3,Horizontal,351,86.0,2310682,37.218448925468756,3.6433183551908406,True
HCG4,LGS3,Horizontal,351,,2310682,,,False
HCG4B,LGS3,Horizontal,351,,2310682,,,False
HCG4P5,LGS3,Horizontal,351,,2310682,,,False
HCG4P7,LGS3,Horizontal,351,,2310682,,,False
HCG9,LGS3,Horizontal,351,1.0,2310682,0.43277266192405534,0.35961149140649534,True
HCP5B,LGS3,Horizontal,351,,2310682,,,False
HECTD4,LGS3,Horizontal,351,630.0,2310682,272.64677701215487,5.611838139746605,True
HLA-A,LGS3,Horizontal,351,107.0,2310682,46.30667482587392,3.8566514023679317,True
HLA-C,LGS3,Horizontal,351,177.0,2310682,76.6007611605578,4.351577235911142,True
HLA-F,LGS3,Horizontal,351,10.0,2310682,4.327726619240553,1.6729246217190756,True
HLA-F-AS1,LGS3,Horizontal,351,19.0,2310682,8.222680576557051,2.2216657302977727,True
HLA-G,LGS3,Horizontal,351,0.0,2310682,0.0,0.0,True
HLA-H,LGS3,Horizontal,351,,2310682,,,False
HLA-J,LGS3,Horizontal,351,,2310682,,,False
HLA-L,LGS3,Horizontal,351,,2310682,,,False
HLA-T,LGS3,Horizontal,351,,2310682,,,False
HLA-U,LGS3,Horizontal,351,,2310682,,,False
HLA-V,LGS3,Horizontal,351,,2310682,,,False
HLA-W,LGS3,Horizontal,351,,2310682,,,False
HSCB,LGS3,Horizontal,351,9.0,2310682,3.8949539573164977,1.588204869874191,True
HTRA3,LGS3,Horizontal,351,0.0,2310682,0.0,0.0,True
IFITM4P,LGS3,Horizontal,351,,2310682,,,False
IFT172,LGS3,Horizontal,351,91.0,2310682,39.38231223508903,3.6983918731345695,True
INPP5B,LGS3,Horizontal,351,107.0,2310682,46.30667482587392,3.8566514023679317,True
ITGB3,LGS3,Horizontal,351,3.0,2310682,1.298317985772166,0.8321775448632712,True
KANSL1,LGS3,Horizontal,351,730.0,2310682,315.9240432045604,5.758662133823816,True
KANSL1-AS1,LGS3,Horizontal,351,6.0,2310682,2.596635971544332,1.2799989562404925,True
KHK,LGS3,Horizontal,351,13.0,2310682,5.626044605012719,1.891008035671031,True
KLF5,LGS3,Horizontal,351,12.0,2310682,5.193271943088664,1.8234635323576909,True
KRT8P26,LGS3,Horizontal,351,,2310682,,,False
LHPP,LGS3,Horizontal,351,77.0,2310682,33.32349496815226,3.535830104171328,True
LINC01948,LGS3,Horizontal,351,6.0,2310682,2.596635971544332,1.2799989562404925,True
LINC02052,LGS3,Horizontal,351,0.0,2310682,0.0,0.0,True
LINC02210,LGS3,Horizontal,351,,2310682,,,False
LMO4,LGS3,Horizontal,351,164.0,2310682,70.97471655554507,4.27631489839455,True
LMO7,LGS3,Horizontal,351,55.0,2310682,23.802496405823042,3.210944309630028,True
LOXL1,LGS3,Horizontal,351,0.0,2310682,0.0,0.0,True
LOXL1-AS1,LGS3,Horizontal,351,1.0,2310682,0.43277266192405534,0.35961149140649534,True
LRRC37A,LGS3,Horizontal,351,41.0,2310682,17.743679138886268,2.9308565829884636,True
LRRC37A17P,LGS3,Horizontal,351,,2310682,,,False
LRRC37A2,LGS3,Horizontal,351,182.0,2310682,78.76462447017806,4.379080103789494,True
LRRC37A4P,LGS3,Horizontal,351,,2310682,,,False
LRWD1,LGS3,Horizontal,351,16.0,2310682,6.924362590784885,2.069941886343791,True
LTBP2,LGS3,Horizontal,351,6.0,2310682,2.596635971544332,1.2799989562404925,True
LTBP3,LGS3,Horizontal,351,34.0,2310682,14.71427050541788,2.7545692488995908,True
MADD,LGS3,Horizontal,351,310.0,2310682,134.15952519645714,4.9064557489400755,True
MAPK8IP1P1,LGS3,Horizontal,351,,2310682,,,False
MAPK8IP1P2,LGS3,Horizontal,351,,2310682,,,False
MAPT,LGS3,Horizontal,351,873.0,2310682,377.8105338597003,5.937036169425011,True
MAPT-AS1,LGS3,Horizontal,351,207.0,2310682,89.58394101827945,4.506276945884169,True
MAPT-IT1,LGS3,Horizontal,351,21.0,2310682,9.088225900405162,2.3113689913941715,True
ME3,LGS3,Horizontal,351,257.0,2310682,111.22257411448221,4.720484168167774,True
MICE,LGS3,Horizontal,351,,2310682,,,False
MOV10,LGS3,Horizontal,351,4.0,2310682,1.7310906476962213,1.0047010340667637,True
MRPL33,LGS3,Horizontal,351,151.0,2310682,65.34867195053235,4.194923744760751,True
MTCH2,LGS3,Horizontal,351,125.0,2310682,54.09658274050692,4.0090876950070475,True
MVB12B,LGS3,Horizontal,351,132.0,2310682,57.1259913739753,4.062612919658419,True
Metazoa_SRP,LGS3,Horizontal,351,,2310682,,,False
NEAT1,LGS3,Horizontal,351,3326.0,2310682,1439.401873559408,7.272677432495485,True
NMT1,LGS3,Horizontal,351,187.0,2310682,80.92848777979835,4.405846766517232,True
NPEPPS,LGS3,Horizontal,351,507.0,2310682,219.41573959549604,5.3955154885015855,True
NRBP1,LGS3,Horizontal,351,53.0,2310682,22.936951081974932,3.1754233353766304,True
NSF,LGS3,Horizontal,351,379.0,2310682,164.02083886921696,5.106071762102962,True
NUCB2,LGS3,Horizontal,351,144.0,2310682,62.319263317063964,4.148189600659977,True
NUDT7,LGS3,Horizontal,351,14.0,2310682,6.058817266936774,1.9542775115414794,True
PDE6C,LGS3,Horizontal,351,24.0,2310682,10.386543886177328,2.4324322973642643,True
PGAM1P8,LGS3,Horizontal,351,,2310682,,,False
PIBF1,LGS3,Horizontal,351,408.0,2310682,176.57124606501458,5.179371914663318,True
PIGC,LGS3,Horizontal,351,69.0,2310682,29.861313672759817,3.4295034148157626,True
PKIB,LGS3,Horizontal,351,49.0,2310682,21.205860434278712,3.100356237566782,True
PLCE1,LGS3,Horizontal,351,8.0,2310682,3.4621812953924427,1.4956377261558895,True
PLCE1-AS1,LGS3,Horizontal,351,0.0,2310682,0.0,0.0,True
PLEKHA7,LGS3,Horizontal,351,182.0,2310682,78.76462447017806,4.379080103789494,True
PLEKHM1,LGS3,Horizontal,351,30.0,2310682,12.983179857721659,2.63785516857498,True
PPP1R18,LGS3,Horizontal,351,4.0,2310682,1.7310906476962213,1.0047010340667637,True
PRKCE,LGS3,Horizontal,351,422.0,2310682,182.63006333195133,5.212923208419943,True
PROX2,LGS3,Horizontal,351,0.0,2310682,0.0,0.0,True
PRSS23,LGS3,Horizontal,351,21.0,2310682,9.088225900405162,2.3113689913941715,True
PSORS1C3,LGS3,Horizontal,351,0.0,2310682,0.0,0.0,True
RAPSN,LGS3,Horizontal,351,0.0,2310682,0.0,0.0,True
RERE,LGS3,Horizontal,351,2313.0,2310682,1001.0031670303399,6.909756442348737,True
RIC8B,LGS3,Horizontal,351,144.0,2310682,62.319263317063964,4.148189600659977,True
RORA,LGS3,Horizontal,351,6328.0,2310682,2738.5854046554223,7.9155618757637205,True
RP11-123K19.1,LGS3,Horizontal,351,,2310682,,,False
RP11-136H19.1,LGS3,Horizontal,351,,2310682,,,False
RP11-149I2.4,LGS3,Horizontal,351,,2310682,,,False
RP11-162I7.1,LGS3,Horizontal,351,,2310682,,,False
RP11-17G12.2,LGS3,Horizontal,351,,2310682,,,False
RP11-205K6.1,LGS3,Horizontal,351,,2310682,,,False
RP11-217B7.2,LGS3,Horizontal,351,,2310682,,,False
RP11-259A24.1,LGS3,Horizontal,351,,2310682,,,False
RP11-259G18.1,LGS3,Horizontal,351,,2310682,,,False
RP11-259G18.3,LGS3,Horizontal,351,,2310682,,,False
RP11-293E1.1,LGS3,Horizontal,351,,2310682,,,False
RP11-293E1.2,LGS3,Horizontal,351,,2310682,,,False
RP11-302L19.3,LGS3,Horizontal,351,,2310682,,,False
RP11-403A3.3,LGS3,Horizontal,351,,2310682,,,False
RP11-412D9.4,LGS3,Horizontal,351,,2310682,,,False
RP11-507B12.1,LGS3,Horizontal,351,,2310682,,,False
RP11-507B12.2,LGS3,Horizontal,351,,2310682,,,False
RP11-669E14.6,LGS3,Horizontal,351,,2310682,,,False
RP11-707O23.1,LGS3,Horizontal,351,,2310682,,,False
RP11-750H9.5,LGS3,Horizontal,351,,2310682,,,False
RP11-755F10.1,LGS3,Horizontal,351,,2310682,,,False
RP11-762L8.6,LGS3,Horizontal,351,,2310682,,,False
RP11-770G2.2,LGS3,Horizontal,351,,2310682,,,False
RP11-798G7.6,LGS3,Horizontal,351,,2310682,,,False
RP11-798G7.8,LGS3,Horizontal,351,,2310682,,,False
RP5-1115A15.1,LGS3,Horizontal,351,,2310682,,,False
RPS26P8,LGS3,Horizontal,351,,2310682,,,False
SCRN2,LGS3,Horizontal,351,23.0,2310682,9.953771224253272,2.393683801010446,True
SEMA3E,LGS3,Horizontal,351,60.0,2310682,25.966359715443318,3.2945901527151134,True
SEPT7,LGS3,Horizontal,351,,2310682,,,False
SF3A3,LGS3,Horizontal,351,39.0,2310682,16.878133815038158,2.883578391537423,True
SFTA1P,LGS3,Horizontal,351,0.0,2310682,0.0,0.0,True
SGSM2,LGS3,Horizontal,351,40.0,2310682,17.310906476962213,2.9074968646680897,True
SLC25A45,LGS3,Horizontal,351,0.0,2310682,0.0,0.0,True
SLC39A13,LGS3,Horizontal,351,46.0,2310682,19.907542448506543,3.040109976571927,True
SMAD6,LGS3,Horizontal,351,0.0,2310682,0.0,0.0,True
SNORD14A,LGS3,Horizontal,351,,2310682,,,False
SSSCA1-AS1,LGS3,Horizontal,351,5.0,2310682,2.1638633096202766,1.1517938472086815,True
TARID,LGS3,Horizontal,351,2.0,2310682,0.8655453238481107,0.6235534092017394,True
TBC1D31,LGS3,Horizontal,351,80.0,2310682,34.621812953924426,3.5729581736444738,True
TBKBP1,LGS3,Horizontal,351,25.0,2310682,10.819316548101384,2.469735188656587,True
TBPL1,LGS3,Horizontal,351,54.0,2310682,23.369723743898987,3.193341531663917,True
TGFB3,LGS3,Horizontal,351,3.0,2310682,1.298317985772166,0.8321775448632712,True
THCAT158,LGS3,Horizontal,351,,2310682,,,False
THSD7A,LGS3,Horizontal,351,1384.0,2310682,598.9573641028926,6.396858592862765,True
TIGD3,LGS3,Horizontal,351,2.0,2310682,0.8655453238481107,0.6235534092017394,True
TMEM116,LGS3,Horizontal,351,81.0,2310682,35.05458561584848,3.585034057190722,True
TMEM136,LGS3,Horizontal,351,,2310682,,,False
TMEM181,LGS3,Horizontal,351,120.0,2310682,51.932719430886635,3.9690216624243972,True
TMEM263,LGS3,Horizontal,351,62.0,2310682,26.83190503929143,3.3261830259183904,True
TRIM26,LGS3,Horizontal,351,37.0,2310682,16.012588491190048,2.8339535695035156,True
TRIOBP,LGS3,Horizontal,351,95.0,2310682,41.11340288278526,3.74036604828403,True
TSC22D2,LGS3,Horizontal,351,224.0,2310682,96.94107627098839,4.584366035298827,True
TTC28,LGS3,Horizontal,351,593.0,2310682,256.6341885209648,5.551540704837439,True
TTLL5,LGS3,Horizontal,351,442.0,2310682,191.28551657043246,5.258981332911853,True
TXNDC8,LGS3,Horizontal,351,0.0,2310682,0.0,0.0,True
TXNRD2,LGS3,Horizontal,351,26.0,2310682,11.252089210025439,2.505696470206299,True
UTP11,LGS3,Horizontal,351,24.0,2310682,10.386543886177328,2.4324322973642643,True
VARS2,LGS3,Horizontal,351,12.0,2310682,5.193271943088664,1.8234635323576909,True
VCAM1,LGS3,Horizontal,351,0.0,2310682,0.0,0.0,True
WLS,LGS3,Horizontal,351,198.0,2310682,85.68898706096296,4.462326852200021,True
WNT2B,LGS3,Horizontal,351,32.0,2310682,13.84872518156977,2.697914015204761,True
XRCC6P1,LGS3,Horizontal,351,,2310682,,,False
XXbac-BPG170G13.32,LGS3,Horizontal,351,,2310682,,,False
XXbac-BPG283O16.9,LGS3,Horizontal,351,,2310682,,,False
YAP1,LGS3,Horizontal,351,6.0,2310682,2.596635971544332,1.2799989562404925,True
YIF1A,LGS3,Horizontal,351,38.0,2310682,16.445361153114103,2.859073776809892,True
ZNF280D,LGS3,Horizontal,351,577.0,2310682,249.70982593017993,5.524296198373766,True
ZNF638,LGS3,Horizontal,351,1176.0,2310682,508.94065042268903,6.23429434722644,True
ZNF638-IT1,LGS3,Horizontal,351,,2310682,,,False
DGKG,LGS3,RGC,126,55.0,2108766,26.08160412297998,3.2988546827364886,True
SLC2A12,LGS3,RGC,126,2.0,2108766,0.9484219681083629,0.6670197978345244,True
COL8A2,LGS3,RGC,126,0.0,2108766,0.0,0.0,True
NPC2,LGS3,RGC,126,41.0,2108766,19.442650346221438,3.017623421617702,True
PSMC3,LGS3,RGC,126,36.0,2108766,17.071595425950534,2.8943413921261887,True
RP11-466F5.8,LGS3,RGC,126,,2108766,,,False
LPP,LGS3,RGC,126,731.0,2108766,346.64822934360666,5.851191133316485,True
RP11-121M22.1,LGS3,RGC,126,,2108766,,,False
ABO,LGS3,RGC,126,25.0,2108766,11.855274601354536,2.5537542019330717,True
ADAMTS8,LGS3,RGC,126,1.0,2108766,0.47421098405418144,0.38812292060283116,True
CALD1,LGS3,RGC,126,185.0,2108766,87.72903205002356,4.485587141850784,True
CHEK2,LGS3,RGC,126,5.0,2108766,2.371054920270907,1.2152257281010876,True
GAS7,LGS3,RGC,126,24.0,2108766,11.381063617300354,2.516168177726004,True
LMX1B,LGS3,RGC,126,0.0,2108766,0.0,0.0,True
TCF12,LGS3,RGC,126,659.0,2108766,312.5050384917056,5.7478154316877035,True
TMCO1,LGS3,RGC,126,77.0,2108766,36.514245772171975,3.624720748095389,True
TRIB2,LGS3,RGC,126,74.0,2108766,35.09161282000943,3.5860605064899143,True
AC000078.5,LGS3,RGC,126,,2108766,,,False
AC002066.1,LGS3,RGC,126,26.0,2108766,12.329485585408717,2.589978542703944,True
AC012066.1,LGS3,RGC,126,,2108766,,,False
AC091132.1,LGS3,RGC,126,0.0,2108766,0.0,0.0,True
ACBD4,LGS3,RGC,126,14.0,2108766,6.63895377675854,2.033260653586411,True
AFAP1,LGS3,RGC,126,36.0,2108766,17.071595425950534,2.8943413921261887,True
ALDH2,LGS3,RGC,126,51.0,2108766,24.184760186763253,3.2262390570860986,True
AP003068.23,LGS3,RGC,126,,2108766,,,False
AP5B1,LGS3,RGC,126,9.0,2108766,4.2678988564876335,1.6616315840930056,True
AREL1,LGS3,RGC,126,83.0,2108766,39.35951167649706,3.697827096217392,True
ARHGAP27,LGS3,RGC,126,0.0,2108766,0.0,0.0,True
ARHGEF12,LGS3,RGC,126,637.0,2108766,302.07239684251357,5.713971710442955,True
ARL17A,LGS3,RGC,126,162.0,2108766,76.82217941677739,4.354426473033916,True
ATP5J,LGS3,RGC,126,,2108766,,,False
BICC1,LGS3,RGC,126,38.0,2108766,18.020017394058897,2.9454919716309638,True
BORA,LGS3,RGC,126,21.0,2108766,9.95843066513781,2.3941090837801364,True
C1orf109,LGS3,RGC,126,9.0,2108766,4.2678988564876335,1.6616315840930056,True
C1orf122,LGS3,RGC,126,90.0,2108766,42.67898856487633,3.776867175602537,True
C22orf29,LGS3,RGC,126,,2108766,,,False
C6orf15,LGS3,RGC,126,0.0,2108766,0.0,0.0,True
CADM1,LGS3,RGC,126,5919.0,2108766,2806.8548146167,7.940176059612662,True
CADM2,LGS3,RGC,126,10756.0,2108766,5100.6133444867755,8.537312110743049,True
CAV2,LGS3,RGC,126,27.0,2108766,12.803696569462899,2.6249364236454893,True
CCDC117,LGS3,RGC,126,15.0,2108766,7.1131647608127215,2.0934880214543115,True
CDC14A,LGS3,RGC,126,43.0,2108766,20.3910723143298,3.0629736534099896,True
CDKN2A,LGS3,RGC,126,1.0,2108766,0.47421098405418144,0.38812292060283116,True
CDKN2B-AS1,LGS3,RGC,126,3.0,2108766,1.4226329521625443,0.8848549454904512,True
CELF1,LGS3,RGC,126,290.0,2108766,137.52118537571263,4.931023276931281,True
CLIC5,LGS3,RGC,126,38.0,2108766,18.020017394058897,2.9454919716309638,True
CMB9-22P13.1,LGS3,RGC,126,,2108766,,,False
COL11A1,LGS3,RGC,126,86.0,2108766,40.7821446286596,3.732469086277247,True
CRHR1,LGS3,RGC,126,14.0,2108766,6.63895377675854,2.033260653586411,True
CTA-292E10.6,LGS3,RGC,126,,2108766,,,False
CTB-39G8.3,LGS3,RGC,126,,2108766,,,False
CTD-2005H7.1,LGS3,RGC,126,,2108766,,,False
CTD-2020K17.1,LGS3,RGC,126,,2108766,,,False
CTD-2020K17.3,LGS3,RGC,126,,2108766,,,False
CTTNBP2,LGS3,RGC,126,322.0,2108766,152.6959368654464,5.0349762147068144,True
DDX39BP2,LGS3,RGC,126,,2108766,,,False
DIO1,LGS3,RGC,126,1.0,2108766,0.47421098405418144,0.38812292060283116,True
DND1P1,LGS3,RGC,126,,2108766,,,False
DYSF,LGS3,RGC,126,109.0,2108766,51.688997261905776,3.9644066531406126,True
EFCAB13,LGS3,RGC,126,80.0,2108766,37.93687872433451,3.661941840705053,True
EFEMP1,LGS3,RGC,126,7.0,2108766,3.31947688837927,1.4631343042710072,True
EHBP1L1,LGS3,RGC,126,6.0,2108766,2.8452659043250885,1.3468427564377348,True
FAM215B,LGS3,RGC,126,14.0,2108766,6.63895377675854,2.033260653586411,True
FAM83A,LGS3,RGC,126,0.0,2108766,0.0,0.0,True
FAM83A-AS1,LGS3,RGC,126,0.0,2108766,0.0,0.0,True
FAM89B,LGS3,RGC,126,12.0,2108766,5.690531808650177,1.9006933640525057,True
FHL3,LGS3,RGC,126,1.0,2108766,0.47421098405418144,0.38812292060283116,True
FLOT1,LGS3,RGC,126,113.0,2108766,53.5858411981225,3.9997745304062424,True
FLVCR2,LGS3,RGC,126,1.0,2108766,0.47421098405418144,0.38812292060283116,True
FMNL1,LGS3,RGC,126,24.0,2108766,11.381063617300354,2.516168177726004,True
FNDC4,LGS3,RGC,126,15.0,2108766,7.1131647608127215,2.0934880214543115,True
GALR3,LGS3,RGC,126,0.0,2108766,0.0,0.0,True
GCAT,LGS3,RGC,126,10.0,2108766,4.742109840541814,1.7478267108335361,True
GLIS1,LGS3,RGC,126,8.0,2108766,3.7936878724334515,1.5673000259312613,True
H1F0,LGS3,RGC,126,29.0,2108766,13.752118537571262,2.6913867021379243,True
HCG4,LGS3,RGC,126,,2108766,,,False
HCG4B,LGS3,RGC,126,,2108766,,,False
HCG4P5,LGS3,RGC,126,,2108766,,,False
HCG4P7,LGS3,RGC,126,,2108766,,,False
HCG9,LGS3,RGC,126,2.0,2108766,0.9484219681083629,0.6670197978345244,True
HCP5B,LGS3,RGC,126,,2108766,,,False
HECTD4,LGS3,RGC,126,682.0,2108766,323.41189112495175,5.782013977318379,True
HLA-A,LGS3,RGC,126,67.0,2108766,31.772135931630157,3.4895786400687863,True
HLA-C,LGS3,RGC,126,55.0,2108766,26.08160412297998,3.2988546827364886,True
HLA-F,LGS3,RGC,126,38.0,2108766,18.020017394058897,2.9454919716309638,True
HLA-F-AS1,LGS3,RGC,126,70.0,2108766,33.194768883792705,3.532072675755255,True
HLA-G,LGS3,RGC,126,1.0,2108766,0.47421098405418144,0.38812292060283116,True
HLA-H,LGS3,RGC,126,,2108766,,,False
HLA-J,LGS3,RGC,126,,2108766,,,False
HLA-L,LGS3,RGC,126,,2108766,,,False
HLA-T,LGS3,RGC,126,,2108766,,,False
HLA-U,LGS3,RGC,126,,2108766,,,False
HLA-V,LGS3,RGC,126,,2108766,,,False
HLA-W,LGS3,RGC,126,,2108766,,,False
HSCB,LGS3,RGC,126,12.0,2108766,5.690531808650177,1.9006933640525057,True
HTRA3,LGS3,RGC,126,0.0,2108766,0.0,0.0,True
IFITM4P,LGS3,RGC,126,,2108766,,,False
IFT172,LGS3,RGC,126,128.0,2108766,60.699005958935224,4.122267819905308,True
INPP5B,LGS3,RGC,126,175.0,2108766,82.98692220948175,4.430661098740321,True
ITGB3,LGS3,RGC,126,3.0,2108766,1.4226329521625443,0.8848549454904512,True
KANSL1,LGS3,RGC,126,820.0,2108766,388.85300692442877,5.965769762755051,True
KANSL1-AS1,LGS3,RGC,126,1.0,2108766,0.47421098405418144,0.38812292060283116,True
KHK,LGS3,RGC,126,20.0,2108766,9.484219681083628,2.3498712391794037,True
KLF5,LGS3,RGC,126,3.0,2108766,1.4226329521625443,0.8848549454904512,True
KRT8P26,LGS3,RGC,126,,2108766,,,False
LHPP,LGS3,RGC,126,61.0,2108766,28.926870027305068,3.3987567399612653,True
LINC01948,LGS3,RGC,126,33.0,2108766,15.648962473787988,2.8123479005982546,True
LINC02052,LGS3,RGC,126,0.0,2108766,0.0,0.0,True
LINC02210,LGS3,RGC,126,,2108766,,,False
LMO4,LGS3,RGC,126,48.0,2108766,22.762127234600708,3.1680930205626536,True
LMO7,LGS3,RGC,126,90.0,2108766,42.67898856487633,3.776867175602537,True
LOXL1,LGS3,RGC,126,0.0,2108766,0.0,0.0,True
LOXL1-AS1,LGS3,RGC,126,0.0,2108766,0.0,0.0,True
LRRC37A,LGS3,RGC,126,33.0,2108766,15.648962473787988,2.8123479005982546,True
LRRC37A17P,LGS3,RGC,126,,2108766,,,False
LRRC37A2,LGS3,RGC,126,135.0,2108766,64.0184828473145,4.174671580972558,True
LRRC37A4P,LGS3,RGC,126,,2108766,,,False
LRWD1,LGS3,RGC,126,9.0,2108766,4.2678988564876335,1.6616315840930056,True
LTBP2,LGS3,RGC,126,15.0,2108766,7.1131647608127215,2.0934880214543115,True
LTBP3,LGS3,RGC,126,23.0,2108766,10.906852633246173,2.4771140859119054,True
MADD,LGS3,RGC,126,175.0,2108766,82.98692220948175,4.430661098740321,True
MAPK8IP1P1,LGS3,RGC,126,,2108766,,,False
MAPK8IP1P2,LGS3,RGC,126,,2108766,,,False
MAPT,LGS3,RGC,126,683.0,2108766,323.88610210900595,5.783474665856803,True
MAPT-AS1,LGS3,RGC,126,34.0,2108766,16.12317345784217,2.8404327190636933,True
MAPT-IT1,LGS3,RGC,126,6.0,2108766,2.8452659043250885,1.3468427564377348,True
ME3,LGS3,RGC,126,81.0,2108766,38.411089708388694,3.6740472413800522,True
MICE,LGS3,RGC,126,,2108766,,,False
MOV10,LGS3,RGC,126,4.0,2108766,1.8968439362167258,1.0636218465100067,True
MRPL33,LGS3,RGC,126,86.0,2108766,40.7821446286596,3.732469086277247,True
MTCH2,LGS3,RGC,126,111.0,2108766,52.63741923001414,3.9822469444673207,True
MVB12B,LGS3,RGC,126,169.0,2108766,80.14165630515666,4.396196470500163,True
Metazoa_SRP,LGS3,RGC,126,,2108766,,,False
NEAT1,LGS3,RGC,126,7587.0,2108766,3597.8387360190745,8.1883664990782,True
NMT1,LGS3,RGC,126,120.0,2108766,56.90531808650177,4.058809229868844,True
NPEPPS,LGS3,RGC,126,755.0,2108766,358.029292960907,5.883403981150892,True
NRBP1,LGS3,RGC,126,45.0,2108766,21.339494282438164,3.1063561560723008,True
NSF,LGS3,RGC,126,338.0,2108766,160.28331261031332,5.083162524170541,True
NUCB2,LGS3,RGC,126,82.0,2108766,38.885300692442875,3.6860078523203303,True
NUDT7,LGS3,RGC,126,6.0,2108766,2.8452659043250885,1.3468427564377348,True
PDE6C,LGS3,RGC,126,16.0,2108766,7.587375744866903,2.1502931881415335,True
PGAM1P8,LGS3,RGC,126,,2108766,,,False
PIBF1,LGS3,RGC,126,279.0,2108766,132.30486455111662,4.892638719775489,True
PIGC,LGS3,RGC,126,57.0,2108766,27.03002609108834,3.3332762960035325,True
PKIB,LGS3,RGC,126,199.0,2108766,94.3679858267821,4.557742943799614,True
PLCE1,LGS3,RGC,126,69.0,2108766,32.72055789973852,3.5181076780661376,True
PLCE1-AS1,LGS3,RGC,126,1.0,2108766,0.47421098405418144,0.38812292060283116,True
PLEKHA7,LGS3,RGC,126,132.0,2108766,62.59584989515195,4.152548214996111,True
PLEKHM1,LGS3,RGC,126,45.0,2108766,21.339494282438164,3.1063561560723008,True
PPP1R18,LGS3,RGC,126,5.0,2108766,2.371054920270907,1.2152257281010876,True
PRKCE,LGS3,RGC,126,751.0,2108766,356.1324490246903,5.878106718645454,True
PROX2,LGS3,RGC,126,0.0,2108766,0.0,0.0,True
PRSS23,LGS3,RGC,126,9.0,2108766,4.2678988564876335,1.6616315840930056,True
PSORS1C3,LGS3,RGC,126,0.0,2108766,0.0,0.0,True
RAPSN,LGS3,RGC,126,0.0,2108766,0.0,0.0,True
RERE,LGS3,RGC,126,1400.0,2108766,663.895377675854,6.499629701475468,True
RIC8B,LGS3,RGC,126,199.0,2108766,94.3679858267821,4.557742943799614,True
RORA,LGS3,RGC,126,5453.0,2108766,2585.8724960474515,7.858204894557596,True
RP11-123K19.1,LGS3,RGC,126,,2108766,,,False
RP11-136H19.1,LGS3,RGC,126,,2108766,,,False
RP11-149I2.4,LGS3,RGC,126,,2108766,,,False
RP11-162I7.1,LGS3,RGC,126,,2108766,,,False
RP11-17G12.2,LGS3,RGC,126,,2108766,,,False
RP11-205K6.1,LGS3,RGC,126,,2108766,,,False
RP11-217B7.2,LGS3,RGC,126,,2108766,,,False
RP11-259A24.1,LGS3,RGC,126,,2108766,,,False
RP11-259G18.1,LGS3,RGC,126,,2108766,,,False
RP11-259G18.3,LGS3,RGC,126,,2108766,,,False
RP11-293E1.1,LGS3,RGC,126,,2108766,,,False
RP11-293E1.2,LGS3,RGC,126,,2108766,,,False
RP11-302L19.3,LGS3,RGC,126,,2108766,,,False
RP11-403A3.3,LGS3,RGC,126,,2108766,,,False
RP11-412D9.4,LGS3,RGC,126,,2108766,,,False
RP11-507B12.1,LGS3,RGC,126,,2108766,,,False
RP11-507B12.2,LGS3,RGC,126,,2108766,,,False
RP11-669E14.6,LGS3,RGC,126,,2108766,,,False
RP11-707O23.1,LGS3,RGC,126,,2108766,,,False
RP11-750H9.5,LGS3,RGC,126,,2108766,,,False
RP11-755F10.1,LGS3,RGC,126,,2108766,,,False
RP11-762L8.6,LGS3,RGC,126,,2108766,,,False
RP11-770G2.2,LGS3,RGC,126,,2108766,,,False
RP11-798G7.6,LGS3,RGC,126,,2108766,,,False
RP11-798G7.8,LGS3,RGC,126,,2108766,,,False
RP5-1115A15.1,LGS3,RGC,126,,2108766,,,False
RPS26P8,LGS3,RGC,126,,2108766,,,False
SCRN2,LGS3,RGC,126,14.0,2108766,6.63895377675854,2.033260653586411,True
SEMA3E,LGS3,RGC,126,97.0,2108766,45.9984654532556,3.850114951246306,True
SEPT7,LGS3,RGC,126,,2108766,,,False
SF3A3,LGS3,RGC,126,36.0,2108766,17.071595425950534,2.8943413921261887,True
SFTA1P,LGS3,RGC,126,0.0,2108766,0.0,0.0,True
SGSM2,LGS3,RGC,126,72.0,2108766,34.14319085190107,3.5594308826177676,True
SLC25A45,LGS3,RGC,126,1.0,2108766,0.47421098405418144,0.38812292060283116,True
SLC39A13,LGS3,RGC,126,31.0,2108766,14.700540505679625,2.7536951388750146,True
SMAD6,LGS3,RGC,126,7.0,2108766,3.31947688837927,1.4631343042710072,True
SNORD14A,LGS3,RGC,126,,2108766,,,False
SSSCA1-AS1,LGS3,RGC,126,0.0,2108766,0.0,0.0,True
TARID,LGS3,RGC,126,3.0,2108766,1.4226329521625443,0.8848549454904512,True
TBC1D31,LGS3,RGC,126,61.0,2108766,28.926870027305068,3.3987567399612653,True
TBKBP1,LGS3,RGC,126,8.0,2108766,3.7936878724334515,1.5673000259312613,True
TBPL1,LGS3,RGC,126,43.0,2108766,20.3910723143298,3.0629736534099896,True
TGFB3,LGS3,RGC,126,0.0,2108766,0.0,0.0,True
THCAT158,LGS3,RGC,126,,2108766,,,False
THSD7A,LGS3,RGC,126,377.0,2108766,178.7775409884264,5.1917202031588765,True
TIGD3,LGS3,RGC,126,4.0,2108766,1.8968439362167258,1.0636218465100067,True
TMEM116,LGS3,RGC,126,69.0,2108766,32.72055789973852,3.5181076780661376,True
TMEM136,LGS3,RGC,126,,2108766,,,False
TMEM181,LGS3,RGC,126,153.0,2108766,72.55428056028977,4.298023644678062,True
TMEM263,LGS3,RGC,126,37.0,2108766,17.545806410004715,2.920243693954349,True
TRIM26,LGS3,RGC,126,47.0,2108766,22.287916250546527,3.147934610187565,True
TRIOBP,LGS3,RGC,126,101.0,2108766,47.895309389472324,3.88968146937429,True
TSC22D2,LGS3,RGC,126,230.0,2108766,109.06852633246173,4.701103138487981,True
TTC28,LGS3,RGC,126,652.0,2108766,309.1855616033263,5.737170704215343,True
TTLL5,LGS3,RGC,126,559.0,2108766,265.08394008628744,5.5838118232359415,True
TXNDC8,LGS3,RGC,126,1.0,2108766,0.47421098405418144,0.38812292060283116,True
TXNRD2,LGS3,RGC,126,20.0,2108766,9.484219681083628,2.3498712391794037,True
UTP11,LGS3,RGC,126,22.0,2108766,10.432641649191991,2.4364725665185385,True
VARS2,LGS3,RGC,126,14.0,2108766,6.63895377675854,2.033260653586411,True
VCAM1,LGS3,RGC,126,0.0,2108766,0.0,0.0,True
WLS,LGS3,RGC,126,139.0,2108766,65.91532678353123,4.203428040798114,True
WNT2B,LGS3,RGC,126,24.0,2108766,11.381063617300354,2.516168177726004,True
XRCC6P1,LGS3,RGC,126,,2108766,,,False
XXbac-BPG170G13.32,LGS3,RGC,126,,2108766,,,False
XXbac-BPG283O16.9,LGS3,RGC,126,,2108766,,,False
YAP1,LGS3,RGC,126,23.0,2108766,10.906852633246173,2.4771140859119054,True
YIF1A,LGS3,RGC,126,18.0,2108766,8.535797712975267,2.255052897113019,True
ZNF280D,LGS3,RGC,126,377.0,2108766,178.7775409884264,5.1917202031588765,True
ZNF638,LGS3,RGC,126,969.0,2108766,459.5104435485018,6.132335534153734,True
ZNF638-IT1,LGS3,RGC,126,,2108766,,,False
DGKG,LGS3,Muller glia,803,150.0,5650722,26.545280408415067,3.315831210884302,True
SLC2A12,LGS3,Muller glia,803,53.0,5650722,9.379332410973323,2.3398165607343158,True
COL8A2,LGS3,Muller glia,803,2.0,5650722,0.3539370721122009,0.30301669786515834,True
NPC2,LGS3,Muller glia,803,132.0,5650722,23.359846759405258,3.192936152157101,True
PSMC3,LGS3,Muller glia,803,75.0,5650722,13.272640204207534,2.658344432189183,True
RP11-466F5.8,LGS3,Muller glia,803,,5650722,,,False
LPP,LGS3,Muller glia,803,1603.0,5650722,283.680563297929,5.651367721134779,True
RP11-121M22.1,LGS3,Muller glia,803,,5650722,,,False
ABO,LGS3,Muller glia,803,0.0,5650722,0.0,0.0,True
ADAMTS8,LGS3,Muller glia,803,1.0,5650722,0.17696853605610044,0.16294209559805536,True
CALD1,LGS3,Muller glia,803,682.0,5650722,120.6925415902605,4.801497712908075,True
CHEK2,LGS3,Muller glia,803,4.0,5650722,0.7078741442244018,0.5352494066001406,True
GAS7,LGS3,Muller glia,803,236.0,5650722,41.7645745092397,3.7557100614740633,True
LMX1B,LGS3,Muller glia,803,3.0,5650722,0.5309056081683013,0.42585946106377554,True
TCF12,LGS3,Muller glia,803,3004.0,5650722,531.6134823125258,6.277795987202366,True
TMCO1,LGS3,Muller glia,803,402.0,5650722,71.14135149455238,4.278627409629716,True
TRIB2,LGS3,Muller glia,803,840.0,5650722,148.65357028712438,5.008323091595974,True
AC000078.5,LGS3,Muller glia,803,,5650722,,,False
AC002066.1,LGS3,Muller glia,803,100.0,5650722,17.696853605610045,2.9283552533193578,True
AC012066.1,LGS3,Muller glia,803,,5650722,,,False
AC091132.1,LGS3,Muller glia,803,0.0,5650722,0.0,0.0,True
ACBD4,LGS3,Muller glia,803,67.0,5650722,11.85689191575873,2.55388000342127,True
AFAP1,LGS3,Muller glia,803,216.0,5650722,38.225203788117696,3.669319493968703,True
ALDH2,LGS3,Muller glia,803,139.0,5650722,24.59862651179796,3.242538698163311,True
AP003068.23,LGS3,Muller glia,803,,5650722,,,False
AP5B1,LGS3,Muller glia,803,24.0,5650722,4.247244865346411,1.657703151301285,True
AREL1,LGS3,Muller glia,803,177.0,5650722,31.323430881929777,3.475792381544063,True
ARHGAP27,LGS3,Muller glia,803,5.0,5650722,0.8848426802805022,0.6338443586799658,True
ARHGEF12,LGS3,Muller glia,803,1747.0,5650722,309.16403249000746,5.7371012946000794,True
ARL17A,LGS3,Muller glia,803,460.0,5650722,81.4055265858062,4.411652504882414,True
ATP5J,LGS3,Muller glia,803,,5650722,,,False
BICC1,LGS3,Muller glia,803,416.0,5650722,73.61891099933779,4.312393973735002,True
BORA,LGS3,Muller glia,803,42.0,5650722,7.432678514356218,2.132114457531692,True
C1orf109,LGS3,Muller glia,803,21.0,5650722,3.716339257178109,1.5510329175725037,True
C1orf122,LGS3,Muller glia,803,232.0,5650722,41.0567003650153,3.7390187165317874,True
C22orf29,LGS3,Muller glia,803,,5650722,,,False
C6orf15,LGS3,Muller glia,803,0.0,5650722,0.0,0.0,True
CADM1,LGS3,Muller glia,803,35460.0,5650722,6275.304288549321,8.744536597150075,True
CADM2,LGS3,Muller glia,803,48349.0,5650722,8556.2517497764,9.054534360316756,True
CAV2,LGS3,Muller glia,803,153.0,5650722,27.076186016583367,3.334921744312225,True
CCDC117,LGS3,Muller glia,803,30.0,5650722,5.309056081683013,1.8419860745048169,True
CDC14A,LGS3,Muller glia,803,795.0,5650722,140.68998616459984,4.953641474930565,True
CDKN2A,LGS3,Muller glia,803,1.0,5650722,0.17696853605610044,0.16294209559805536,True
CDKN2B-AS1,LGS3,Muller glia,803,6.0,5650722,1.0618112163366027,0.7235848277354844,True
CELF1,LGS3,Muller glia,803,519.0,5650722,91.84667021311613,4.530949425153677,True
CLIC5,LGS3,Muller glia,803,755.0,5650722,133.61124472235582,4.902390955492054,True
CMB9-22P13.1,LGS3,Muller glia,803,,5650722,,,False
COL11A1,LGS3,Muller glia,803,1721.0,5650722,304.56285055254887,5.72215548757502,True
CRHR1,LGS3,Muller glia,803,12.0,5650722,2.1236224326732054,1.13899336445341,True
CTA-292E10.6,LGS3,Muller glia,803,,5650722,,,False
CTB-39G8.3,LGS3,Muller glia,803,,5650722,,,False
CTD-2005H7.1,LGS3,Muller glia,803,,5650722,,,False
CTD-2020K17.1,LGS3,Muller glia,803,,5650722,,,False
CTD-2020K17.3,LGS3,Muller glia,803,,5650722,,,False
CTTNBP2,LGS3,Muller glia,803,1022.0,5650722,180.86184384933466,5.203247299085777,True
DDX39BP2,LGS3,Muller glia,803,,5650722,,,False
DIO1,LGS3,Muller glia,803,6.0,5650722,1.0618112163366027,0.7235848277354844,True
DND1P1,LGS3,Muller glia,803,,5650722,,,False
DYSF,LGS3,Muller glia,803,28.0,5650722,4.955119009570812,1.7842511874221478,True
EFCAB13,LGS3,Muller glia,803,308.0,5650722,54.50630910527894,4.016496691864177,True
EFEMP1,LGS3,Muller glia,803,133.0,5650722,23.53681529546136,3.2001746548000543,True
EHBP1L1,LGS3,Muller glia,803,8.0,5650722,1.4157482884488035,0.8820090894002084,True
FAM215B,LGS3,Muller glia,803,69.0,5650722,12.210828987870931,2.5810368711353413,True
FAM83A,LGS3,Muller glia,803,1.0,5650722,0.17696853605610044,0.16294209559805536,True
FAM83A-AS1,LGS3,Muller glia,803,0.0,5650722,0.0,0.0,True
FAM89B,LGS3,Muller glia,803,14.0,5650722,2.477559504785406,1.2463307560379793,True
FHL3,LGS3,Muller glia,803,1.0,5650722,0.17696853605610044,0.16294209559805536,True
FLOT1,LGS3,Muller glia,803,193.0,5650722,34.15492745882739,3.5597647921822735,True
FLVCR2,LGS3,Muller glia,803,33.0,5650722,5.8399616898513145,1.9227821307198434,True
FMNL1,LGS3,Muller glia,803,6.0,5650722,1.0618112163366027,0.7235848277354844,True
FNDC4,LGS3,Muller glia,803,15.0,5650722,2.6545280408415066,1.2959669578713862,True
GALR3,LGS3,Muller glia,803,1.0,5650722,0.17696853605610044,0.16294209559805536,True
GCAT,LGS3,Muller glia,803,18.0,5650722,3.185433649009808,1.431610318408354,True
GLIS1,LGS3,Muller glia,803,0.0,5650722,0.0,0.0,True
H1F0,LGS3,Muller glia,803,58.0,5650722,10.264175091253826,2.421627343617835,True
HCG4,LGS3,Muller glia,803,,5650722,,,False
HCG4B,LGS3,Muller glia,803,,5650722,,,False
HCG4P5,LGS3,Muller glia,803,,5650722,,,False
HCG4P7,LGS3,Muller glia,803,,5650722,,,False
HCG9,LGS3,Muller glia,803,5.0,5650722,0.8848426802805022,0.6338443586799658,True
HCP5B,LGS3,Muller glia,803,,5650722,,,False
HECTD4,LGS3,Muller glia,803,949.0,5650722,167.94314071723932,5.12956221285248,True
HLA-A,LGS3,Muller glia,803,211.0,5650722,37.3403611078372,3.646503156139581,True
HLA-C,LGS3,Muller glia,803,221.0,5650722,39.110046468398195,3.691626838305304,True
HLA-F,LGS3,Muller glia,803,36.0,5650722,6.370867298019616,1.9975353787917491,True
HLA-F-AS1,LGS3,Muller glia,803,63.0,5650722,11.149017771534329,2.4972483246696524,True
HLA-G,LGS3,Muller glia,803,0.0,5650722,0.0,0.0,True
HLA-H,LGS3,Muller glia,803,,5650722,,,False
HLA-J,LGS3,Muller glia,803,,5650722,,,False
HLA-L,LGS3,Muller glia,803,,5650722,,,False
HLA-T,LGS3,Muller glia,803,,5650722,,,False
HLA-U,LGS3,Muller glia,803,,5650722,,,False
HLA-V,LGS3,Muller glia,803,,5650722,,,False
HLA-W,LGS3,Muller glia,803,,5650722,,,False
HSCB,LGS3,Muller glia,803,57.0,5650722,10.087206555197724,2.405791881012425,True
HTRA3,LGS3,Muller glia,803,0.0,5650722,0.0,0.0,True
IFITM4P,LGS3,Muller glia,803,,5650722,,,False
IFT172,LGS3,Muller glia,803,399.0,5650722,70.61044588638407,4.271240955593292,True
INPP5B,LGS3,Muller glia,803,162.0,5650722,28.668902841088272,3.3900994548892487,True
ITGB3,LGS3,Muller glia,803,10.0,5650722,1.7696853605610043,1.018733725502489,True
KANSL1,LGS3,Muller glia,803,1969.0,5650722,348.45104749446176,5.856363487470404,True
KANSL1-AS1,LGS3,Muller glia,803,12.0,5650722,2.1236224326732054,1.13899336445341,True
KHK,LGS3,Muller glia,803,4.0,5650722,0.7078741442244018,0.5352494066001406,True
KLF5,LGS3,Muller glia,803,3.0,5650722,0.5309056081683013,0.42585946106377554,True
KRT8P26,LGS3,Muller glia,803,,5650722,,,False
LHPP,LGS3,Muller glia,803,81.0,5650722,14.334451420544136,2.730102023893683,True
LINC01948,LGS3,Muller glia,803,38.0,5650722,6.7248043701318165,2.0444364982083636,True
LINC02052,LGS3,Muller glia,803,0.0,5650722,0.0,0.0,True
LINC02210,LGS3,Muller glia,803,,5650722,,,False
LMO4,LGS3,Muller glia,803,125.0,5650722,22.121067007012556,3.1407441935616025,True
LMO7,LGS3,Muller glia,803,115.0,5650722,20.35138164645155,3.061116451700276,True
LOXL1,LGS3,Muller glia,803,22.0,5650722,3.8933077932342095,1.587868515138333,True
LOXL1-AS1,LGS3,Muller glia,803,17.0,5650722,3.0084651129537074,1.3884084031958652,True
LRRC37A,LGS3,Muller glia,803,80.0,5650722,14.157482884488035,2.7184943297853468,True
LRRC37A17P,LGS3,Muller glia,803,,5650722,,,False
LRRC37A2,LGS3,Muller glia,803,428.0,5650722,75.74253343201099,4.340456097461412,True
LRRC37A4P,LGS3,Muller glia,803,,5650722,,,False
LRWD1,LGS3,Muller glia,803,9.0,5650722,1.592716824504904,0.9527062929203182,True
LTBP2,LGS3,Muller glia,803,11.0,5650722,1.9466538966171048,1.0806702542448248,True
LTBP3,LGS3,Muller glia,803,121.0,5650722,21.413192862788154,3.109649752576706,True
MADD,LGS3,Muller glia,803,455.0,5650722,80.5206839055257,4.400856778299368,True
MAPK8IP1P1,LGS3,Muller glia,803,,5650722,,,False
MAPK8IP1P2,LGS3,Muller glia,803,,5650722,,,False
MAPT,LGS3,Muller glia,803,974.0,5650722,172.36735411864183,5.155412777409584,True
MAPT-AS1,LGS3,Muller glia,803,294.0,5650722,52.028749600493526,3.9708342117741875,True
MAPT-IT1,LGS3,Muller glia,803,20.0,5650722,3.5393707211220087,1.512788394763947,True
ME3,LGS3,Muller glia,803,61.0,5650722,10.795080699422128,2.4676825546693935,True
MICE,LGS3,Muller glia,803,,5650722,,,False
MOV10,LGS3,Muller glia,803,221.0,5650722,39.110046468398195,3.691626838305304,True
MRPL33,LGS3,Muller glia,803,307.0,5650722,54.329340569222836,4.0133033386973525,True
MTCH2,LGS3,Muller glia,803,296.0,5650722,52.38268667260573,3.977486473781482,True
MVB12B,LGS3,Muller glia,803,348.0,5650722,61.585050547522954,4.1365264404416076,True
Metazoa_SRP,LGS3,Muller glia,803,,5650722,,,False
NEAT1,LGS3,Muller glia,803,11416.0,5650722,2020.2728076164426,7.611482694744261,True
NMT1,LGS3,Muller glia,803,330.0,5650722,58.399616898513145,4.0842877768278205,True
NPEPPS,LGS3,Muller glia,803,1231.0,5650722,217.84826788505964,5.388378648983969,True
NRBP1,LGS3,Muller glia,803,138.0,5650722,24.421657975741862,3.2356014869129566,True
NSF,LGS3,Muller glia,803,836.0,5650722,147.94569614289998,5.003581784098664,True
NUCB2,LGS3,Muller glia,803,298.0,5650722,52.73662374471793,3.9840947754734564,True
NUDT7,LGS3,Muller glia,803,45.0,5650722,7.96358412252452,2.19317016067731,True
PDE6C,LGS3,Muller glia,803,27.0,5650722,4.778150473514712,1.7540836441962404,True
PGAM1P8,LGS3,Muller glia,803,,5650722,,,False
PIBF1,LGS3,Muller glia,803,908.0,5650722,160.6874307389392,5.085665031582425,True
PIGC,LGS3,Muller glia,803,202.0,5650722,35.74764428333229,3.604074122470465,True
PKIB,LGS3,Muller glia,803,219.0,5650722,38.756109396286,3.6827635247944475,True
PLCE1,LGS3,Muller glia,803,1753.0,5650722,310.22584370634405,5.740518834185033,True
PLCE1-AS1,LGS3,Muller glia,803,26.0,5650722,4.601181937458612,1.7229776357314865,True
PLEKHA7,LGS3,Muller glia,803,1477.0,5650722,261.38252775486035,5.569803468552893,True
PLEKHM1,LGS3,Muller glia,803,72.0,5650722,12.741734596039231,2.6204375230792873,True
PPP1R18,LGS3,Muller glia,803,11.0,5650722,1.9466538966171048,1.0806702542448248,True
PRKCE,LGS3,Muller glia,803,961.0,5650722,170.06676314991253,5.142053908082834,True
PROX2,LGS3,Muller glia,803,0.0,5650722,0.0,0.0,True
PRSS23,LGS3,Muller glia,803,8.0,5650722,1.4157482884488035,0.8820090894002084,True
PSORS1C3,LGS3,Muller glia,803,0.0,5650722,0.0,0.0,True
RAPSN,LGS3,Muller glia,803,2.0,5650722,0.3539370721122009,0.30301669786515834,True
RERE,LGS3,Muller glia,803,3858.0,5650722,682.7446121044355,6.527584473784757,True
RIC8B,LGS3,Muller glia,803,543.0,5650722,96.09391507846254,4.575678706788464,True
RORA,LGS3,Muller glia,803,11445.0,5650722,2025.4048951620696,7.614018514378423,True
RP11-123K19.1,LGS3,Muller glia,803,,5650722,,,False
RP11-136H19.1,LGS3,Muller glia,803,,5650722,,,False
RP11-149I2.4,LGS3,Muller glia,803,,5650722,,,False
RP11-162I7.1,LGS3,Muller glia,803,,5650722,,,False
RP11-17G12.2,LGS3,Muller glia,803,,5650722,,,False
RP11-205K6.1,LGS3,Muller glia,803,,5650722,,,False
RP11-217B7.2,LGS3,Muller glia,803,,5650722,,,False
RP11-259A24.1,LGS3,Muller glia,803,,5650722,,,False
RP11-259G18.1,LGS3,Muller glia,803,,5650722,,,False
RP11-259G18.3,LGS3,Muller glia,803,,5650722,,,False
RP11-293E1.1,LGS3,Muller glia,803,,5650722,,,False
RP11-293E1.2,LGS3,Muller glia,803,,5650722,,,False
RP11-302L19.3,LGS3,Muller glia,803,,5650722,,,False
RP11-403A3.3,LGS3,Muller glia,803,,5650722,,,False
RP11-412D9.4,LGS3,Muller glia,803,,5650722,,,False
RP11-507B12.1,LGS3,Muller glia,803,,5650722,,,False
RP11-507B12.2,LGS3,Muller glia,803,,5650722,,,False
RP11-669E14.6,LGS3,Muller glia,803,,5650722,,,False
RP11-707O23.1,LGS3,Muller glia,803,,5650722,,,False
RP11-750H9.5,LGS3,Muller glia,803,,5650722,,,False
RP11-755F10.1,LGS3,Muller glia,803,,5650722,,,False
RP11-762L8.6,LGS3,Muller glia,803,,5650722,,,False
RP11-770G2.2,LGS3,Muller glia,803,,5650722,,,False
RP11-798G7.6,LGS3,Muller glia,803,,5650722,,,False
RP11-798G7.8,LGS3,Muller glia,803,,5650722,,,False
RP5-1115A15.1,LGS3,Muller glia,803,,5650722,,,False
RPS26P8,LGS3,Muller glia,803,,5650722,,,False
SCRN2,LGS3,Muller glia,803,35.0,5650722,6.193898761963515,1.9732332726088742,True
SEMA3E,LGS3,Muller glia,803,176.0,5650722,31.146462345873676,3.47030240873106,True
SEPT7,LGS3,Muller glia,803,,5650722,,,False
SF3A3,LGS3,Muller glia,803,89.0,5650722,15.75019970899294,2.8184101811249493,True
SFTA1P,LGS3,Muller glia,803,1.0,5650722,0.17696853605610044,0.16294209559805536,True
SGSM2,LGS3,Muller glia,803,134.0,5650722,23.71378383151746,3.2073611378410205,True
SLC25A45,LGS3,Muller glia,803,2.0,5650722,0.3539370721122009,0.30301669786515834,True
SLC39A13,LGS3,Muller glia,803,42.0,5650722,7.432678514356218,2.132114457531692,True
SMAD6,LGS3,Muller glia,803,172.0,5650722,30.438588201649274,3.4480360620250723,True
SNORD14A,LGS3,Muller glia,803,,5650722,,,False
SSSCA1-AS1,LGS3,Muller glia,803,11.0,5650722,1.9466538966171048,1.0806702542448248,True
TARID,LGS3,Muller glia,803,1.0,5650722,0.17696853605610044,0.16294209559805536,True
TBC1D31,LGS3,Muller glia,803,93.0,5650722,16.458073853217343,2.8598022266408663,True
TBKBP1,LGS3,Muller glia,803,16.0,5650722,2.831496576897607,1.3432554780174066,True
TBPL1,LGS3,Muller glia,803,81.0,5650722,14.334451420544136,2.730102023893683,True
TGFB3,LGS3,Muller glia,803,22.0,5650722,3.8933077932342095,1.587868515138333,True
THCAT158,LGS3,Muller glia,803,,5650722,,,False
THSD7A,LGS3,Muller glia,803,711.0,5650722,125.82462913588742,4.84280525922918,True
TIGD3,LGS3,Muller glia,803,3.0,5650722,0.5309056081683013,0.42585946106377554,True
TMEM116,LGS3,Muller glia,803,157.0,5650722,27.78406016080777,3.359821767284084,True
TMEM136,LGS3,Muller glia,803,,5650722,,,False
TMEM181,LGS3,Muller glia,803,213.0,5650722,37.69429817994939,3.655692255329601,True
TMEM263,LGS3,Muller glia,803,116.0,5650722,20.52835018250765,3.0693706796666884,True
TRIM26,LGS3,Muller glia,803,111.0,5650722,19.64350750222715,3.027400863299093,True
TRIOBP,LGS3,Muller glia,803,94.0,5650722,16.63504238927344,2.869887967386484,True
TSC22D2,LGS3,Muller glia,803,1526.0,5650722,270.05398602160926,5.602318011451784,True
TTC28,LGS3,Muller glia,803,2298.0,5650722,406.6736958569188,6.010467089364899,True
TTLL5,LGS3,Muller glia,803,1988.0,5650722,351.81344967952765,5.865939446080383,True
TXNDC8,LGS3,Muller glia,803,0.0,5650722,0.0,0.0,True
TXNRD2,LGS3,Muller glia,803,78.0,5650722,13.803545812375834,2.6948667339921912,True
UTP11,LGS3,Muller glia,803,34.0,5650722,6.016930225907415,1.9483258326418933,True
VARS2,LGS3,Muller glia,803,32.0,5650722,5.662993153795214,1.8965688060840316,True
VCAM1,LGS3,Muller glia,803,7.0,5650722,1.238779752392703,0.8059309640387942,True
WLS,LGS3,Muller glia,803,1003.0,5650722,177.49944166426874,5.184585473283534,True
WNT2B,LGS3,Muller glia,803,102.0,5650722,18.050790677722244,2.9471086061036287,True
XRCC6P1,LGS3,Muller glia,803,,5650722,,,False
XXbac-BPG170G13.32,LGS3,Muller glia,803,,5650722,,,False
XXbac-BPG283O16.9,LGS3,Muller glia,803,,5650722,,,False
YAP1,LGS3,Muller glia,803,480.0,5650722,84.94489730692821,4.453706361909759,True
YIF1A,LGS3,Muller glia,803,61.0,5650722,10.795080699422128,2.4676825546693935,True
ZNF280D,LGS3,Muller glia,803,748.0,5650722,132.37246496996312,4.89314570265563,True
ZNF638,LGS3,Muller glia,803,3926.0,5650722,694.7784725562503,6.545031323113391,True
ZNF638-IT1,LGS3,Muller glia,803,,5650722,,,False
DGKG,LGS3,Astrocyte,95,210.0,652479,321.8494388325141,5.777186080903129,True
SLC2A12,LGS3,Astrocyte,95,2.0,652479,3.065232750785849,1.4024709986265307,True
COL8A2,LGS3,Astrocyte,95,0.0,652479,0.0,0.0,True
NPC2,LGS3,Astrocyte,95,12.0,652479,18.391396504715093,2.964829488564929,True
PSMC3,LGS3,Astrocyte,95,12.0,652479,18.391396504715093,2.964829488564929,True
RP11-466F5.8,LGS3,Astrocyte,95,,652479,,,False
LPP,LGS3,Astrocyte,95,205.0,652479,314.1863569555495,5.75316407327649,True
RP11-121M22.1,LGS3,Astrocyte,95,,652479,,,False
ABO,LGS3,Astrocyte,95,0.0,652479,0.0,0.0,True
ADAMTS8,LGS3,Astrocyte,95,0.0,652479,0.0,0.0,True
CALD1,LGS3,Astrocyte,95,70.0,652479,107.28314627750471,4.684749521190459,True
CHEK2,LGS3,Astrocyte,95,0.0,652479,0.0,0.0,True
GAS7,LGS3,Astrocyte,95,57.0,652479,87.3591333973967,4.481409570869108,True
LMX1B,LGS3,Astrocyte,95,0.0,652479,0.0,0.0,True
TCF12,LGS3,Astrocyte,95,380.0,652479,582.3942226493114,6.368863154486595,True
TMCO1,LGS3,Astrocyte,95,35.0,652479,53.641573138752356,4.000795005820856,True
TRIB2,LGS3,Astrocyte,95,54.0,652479,82.76128427121792,4.4279708991956666,True
AC000078.5,LGS3,Astrocyte,95,,652479,,,False
AC002066.1,LGS3,Astrocyte,95,4.0,652479,6.130465501571698,1.964376520033019,True
AC012066.1,LGS3,Astrocyte,95,,652479,,,False
AC091132.1,LGS3,Astrocyte,95,0.0,652479,0.0,0.0,True
ACBD4,LGS3,Astrocyte,95,7.0,652479,10.728314627750471,2.4620059718436713,True
AFAP1,LGS3,Astrocyte,95,31.0,652479,47.51110763718066,3.8817927951685953,True
ALDH2,LGS3,Astrocyte,95,22.0,652479,33.71756025864434,3.547245618274902,True
AP003068.23,LGS3,Astrocyte,95,,652479,,,False
AP5B1,LGS3,Astrocyte,95,2.0,652479,3.065232750785849,1.4024709986265307,True
AREL1,LGS3,Astrocyte,95,22.0,652479,33.71756025864434,3.547245618274902,True
ARHGAP27,LGS3,Astrocyte,95,0.0,652479,0.0,0.0,True
ARHGEF12,LGS3,Astrocyte,95,237.0,652479,363.2300809681231,5.897785758523404,True
ARL17A,LGS3,Astrocyte,95,59.0,652479,90.42436614818254,4.515512030986336,True
ATP5J,LGS3,Astrocyte,95,,652479,,,False
BICC1,LGS3,Astrocyte,95,7.0,652479,10.728314627750471,2.4620059718436713,True
BORA,LGS3,Astrocyte,95,10.0,652479,15.326163753929245,2.792768959233011,True
C1orf109,LGS3,Astrocyte,95,6.0,652479,9.195698252357547,2.321965891367968,True
C1orf122,LGS3,Astrocyte,95,41.0,652479,62.83727139110991,4.156337210860789,True
C22orf29,LGS3,Astrocyte,95,,652479,,,False
C6orf15,LGS3,Astrocyte,95,0.0,652479,0.0,0.0,True
CADM1,LGS3,Astrocyte,95,3665.0,652479,5617.0390158150685,8.633737952427378,True
CADM2,LGS3,Astrocyte,95,5180.0,652479,7938.9528245353495,8.979662612729243,True
CAV2,LGS3,Astrocyte,95,26.0,652479,39.84802576021604,3.7098584911348484,True
CCDC117,LGS3,Astrocyte,95,4.0,652479,6.130465501571698,1.964376520033019,True
CDC14A,LGS3,Astrocyte,95,73.0,652479,111.88099540368349,4.726334125752342,True
CDKN2A,LGS3,Astrocyte,95,0.0,652479,0.0,0.0,True
CDKN2B-AS1,LGS3,Astrocyte,95,0.0,652479,0.0,0.0,True
CELF1,LGS3,Astrocyte,95,79.0,652479,121.07669365604104,4.804649483749013,True
CLIC5,LGS3,Astrocyte,95,36.0,652479,55.17418951414528,4.0284573900927265,True
CMB9-22P13.1,LGS3,Astrocyte,95,,652479,,,False
COL11A1,LGS3,Astrocyte,95,108.0,652479,165.52256854243583,5.115130847036277,True
CRHR1,LGS3,Astrocyte,95,1.0,652479,1.5326163753929245,0.92925290885605,True
CTA-292E10.6,LGS3,Astrocyte,95,,652479,,,False
CTB-39G8.3,LGS3,Astrocyte,95,,652479,,,False
CTD-2005H7.1,LGS3,Astrocyte,95,,652479,,,False
CTD-2020K17.1,LGS3,Astrocyte,95,,652479,,,False
CTD-2020K17.3,LGS3,Astrocyte,95,,652479,,,False
CTTNBP2,LGS3,Astrocyte,95,77.0,652479,118.01146090525519,4.779219798602202,True
DDX39BP2,LGS3,Astrocyte,95,,652479,,,False
DIO1,LGS3,Astrocyte,95,0.0,652479,0.0,0.0,True
DND1P1,LGS3,Astrocyte,95,,652479,,,False
DYSF,LGS3,Astrocyte,95,6.0,652479,9.195698252357547,2.321965891367968,True
EFCAB13,LGS3,Astrocyte,95,52.0,652479,79.69605152043208,4.390689646203209,True
EFEMP1,LGS3,Astrocyte,95,9.0,652479,13.79354737853632,2.69419109776296,True
EHBP1L1,LGS3,Astrocyte,95,1.0,652479,1.5326163753929245,0.92925290885605,True
FAM215B,LGS3,Astrocyte,95,10.0,652479,15.326163753929245,2.792768959233011,True
FAM83A,LGS3,Astrocyte,95,0.0,652479,0.0,0.0,True
FAM83A-AS1,LGS3,Astrocyte,95,0.0,652479,0.0,0.0,True
FAM89B,LGS3,Astrocyte,95,4.0,652479,6.130465501571698,1.964376520033019,True
FHL3,LGS3,Astrocyte,95,1.0,652479,1.5326163753929245,0.92925290885605,True
FLOT1,LGS3,Astrocyte,95,37.0,652479,56.70680588953821,4.0553751195830685,True
FLVCR2,LGS3,Astrocyte,95,13.0,652479,19.92401288010802,3.040897441074416,True
FMNL1,LGS3,Astrocyte,95,0.0,652479,0.0,0.0,True
FNDC4,LGS3,Astrocyte,95,2.0,652479,3.065232750785849,1.4024709986265307,True
GALR3,LGS3,Astrocyte,95,0.0,652479,0.0,0.0,True
GCAT,LGS3,Astrocyte,95,5.0,652479,7.663081876964623,2.1590705342040555,True
GLIS1,LGS3,Astrocyte,95,0.0,652479,0.0,0.0,True
H1F0,LGS3,Astrocyte,95,9.0,652479,13.79354737853632,2.69419109776296,True
HCG4,LGS3,Astrocyte,95,,652479,,,False
HCG4B,LGS3,Astrocyte,95,,652479,,,False
HCG4P5,LGS3,Astrocyte,95,,652479,,,False
HCG4P7,LGS3,Astrocyte,95,,652479,,,False
HCG9,LGS3,Astrocyte,95,0.0,652479,0.0,0.0,True
HCP5B,LGS3,Astrocyte,95,,652479,,,False
HECTD4,LGS3,Astrocyte,95,123.0,652479,188.51181417332973,5.244451366501764,True
HLA-A,LGS3,Astrocyte,95,29.0,652479,44.44587488639481,3.816522054928935,True
HLA-C,LGS3,Astrocyte,95,39.0,652479,59.772038640324055,4.107129792405777,True
HLA-F,LGS3,Astrocyte,95,7.0,652479,10.728314627750471,2.4620059718436713,True
HLA-F-AS1,LGS3,Astrocyte,95,5.0,652479,7.663081876964623,2.1590705342040555,True
HLA-G,LGS3,Astrocyte,95,0.0,652479,0.0,0.0,True
HLA-H,LGS3,Astrocyte,95,,652479,,,False
HLA-J,LGS3,Astrocyte,95,,652479,,,False
HLA-L,LGS3,Astrocyte,95,,652479,,,False
HLA-T,LGS3,Astrocyte,95,,652479,,,False
HLA-U,LGS3,Astrocyte,95,,652479,,,False
HLA-V,LGS3,Astrocyte,95,,652479,,,False
HLA-W,LGS3,Astrocyte,95,,652479,,,False
HSCB,LGS3,Astrocyte,95,11.0,652479,16.85878012932217,2.882495271286011,True
HTRA3,LGS3,Astrocyte,95,1.0,652479,1.5326163753929245,0.92925290885605,True
IFITM4P,LGS3,Astrocyte,95,,652479,,,False
IFT172,LGS3,Astrocyte,95,47.0,652479,72.03296964346745,4.290910978141826,True
INPP5B,LGS3,Astrocyte,95,19.0,652479,29.119711132465564,3.405179812330111,True
ITGB3,LGS3,Astrocyte,95,29.0,652479,44.44587488639481,3.816522054928935,True
KANSL1,LGS3,Astrocyte,95,228.0,652479,349.4365335895868,5.859179616154637,True
KANSL1-AS1,LGS3,Astrocyte,95,3.0,652479,4.597849126178773,1.7223824393507838,True
KHK,LGS3,Astrocyte,95,0.0,652479,0.0,0.0,True
KLF5,LGS3,Astrocyte,95,1.0,652479,1.5326163753929245,0.92925290885605,True
KRT8P26,LGS3,Astrocyte,95,,652479,,,False
LHPP,LGS3,Astrocyte,95,8.0,652479,12.260931003143396,2.584822193691458,True
LINC01948,LGS3,Astrocyte,95,3.0,652479,4.597849126178773,1.7223824393507838,True
LINC02052,LGS3,Astrocyte,95,0.0,652479,0.0,0.0,True
LINC02210,LGS3,Astrocyte,95,,652479,,,False
LMO4,LGS3,Astrocyte,95,70.0,652479,107.28314627750471,4.684749521190459,True
LMO7,LGS3,Astrocyte,95,19.0,652479,29.119711132465564,3.405179812330111,True
LOXL1,LGS3,Astrocyte,95,4.0,652479,6.130465501571698,1.964376520033019,True
LOXL1-AS1,LGS3,Astrocyte,95,1.0,652479,1.5326163753929245,0.92925290885605,True
LRRC37A,LGS3,Astrocyte,95,7.0,652479,10.728314627750471,2.4620059718436713,True
LRRC37A17P,LGS3,Astrocyte,95,,652479,,,False
LRRC37A2,LGS3,Astrocyte,95,53.0,652479,81.228667895825,4.409503999117001,True
LRRC37A4P,LGS3,Astrocyte,95,,652479,,,False
LRWD1,LGS3,Astrocyte,95,2.0,652479,3.065232750785849,1.4024709986265307,True
LTBP2,LGS3,Astrocyte,95,0.0,652479,0.0,0.0,True
LTBP3,LGS3,Astrocyte,95,22.0,652479,33.71756025864434,3.547245618274902,True
MADD,LGS3,Astrocyte,95,37.0,652479,56.70680588953821,4.0553751195830685,True
MAPK8IP1P1,LGS3,Astrocyte,95,,652479,,,False
MAPK8IP1P2,LGS3,Astrocyte,95,,652479,,,False
MAPT,LGS3,Astrocyte,95,85.0,652479,130.2723919083986,4.877274491936722,True
MAPT-AS1,LGS3,Astrocyte,95,9.0,652479,13.79354737853632,2.69419109776296,True
MAPT-IT1,LGS3,Astrocyte,95,2.0,652479,3.065232750785849,1.4024709986265307,True
ME3,LGS3,Astrocyte,95,15.0,652479,22.98924563089387,3.1776056312089604,True
MICE,LGS3,Astrocyte,95,,652479,,,False
MOV10,LGS3,Astrocyte,95,13.0,652479,19.92401288010802,3.040897441074416,True
MRPL33,LGS3,Astrocyte,95,34.0,652479,52.10895676335944,3.972345591299553,True
MTCH2,LGS3,Astrocyte,95,16.0,652479,24.521862006286792,3.239535418443739,True
MVB12B,LGS3,Astrocyte,95,43.0,652479,65.90250414189576,4.203236397553174,True
Metazoa_SRP,LGS3,Astrocyte,95,,652479,,,False
NEAT1,LGS3,Astrocyte,95,1286.0,652479,1970.944658755301,7.586775471257282,True
NMT1,LGS3,Astrocyte,95,50.0,652479,76.63081876964623,4.351964497439726,True
NPEPPS,LGS3,Astrocyte,95,155.0,652479,237.5555381859033,5.4746021477307885,True
NRBP1,LGS3,Astrocyte,95,17.0,652479,26.05447838167972,3.2978525509857084,True
NSF,LGS3,Astrocyte,95,110.0,652479,168.5878012932217,5.133370794433843,True
NUCB2,LGS3,Astrocyte,95,30.0,652479,45.97849126178774,3.8496898642363235,True
NUDT7,LGS3,Astrocyte,95,0.0,652479,0.0,0.0,True
PDE6C,LGS3,Astrocyte,95,12.0,652479,18.391396504715093,2.964829488564929,True
PGAM1P8,LGS3,Astrocyte,95,,652479,,,False
PIBF1,LGS3,Astrocyte,95,101.0,652479,154.79425391468538,5.048536251592756,True
PIGC,LGS3,Astrocyte,95,35.0,652479,53.641573138752356,4.000795005820856,True
PKIB,LGS3,Astrocyte,95,32.0,652479,49.043724012573584,3.912897103544526,True
PLCE1,LGS3,Astrocyte,95,137.0,652479,209.96844342883065,5.351708565081938,True
PLCE1-AS1,LGS3,Astrocyte,95,1.0,652479,1.5326163753929245,0.92925290885605,True
PLEKHA7,LGS3,Astrocyte,95,143.0,652479,219.1641416811882,5.394373366710058,True
PLEKHM1,LGS3,Astrocyte,95,9.0,652479,13.79354737853632,2.69419109776296,True
PPP1R18,LGS3,Astrocyte,95,3.0,652479,4.597849126178773,1.7223824393507838,True
PRKCE,LGS3,Astrocyte,95,110.0,652479,168.5878012932217,5.133370794433843,True
PROX2,LGS3,Astrocyte,95,0.0,652479,0.0,0.0,True
PRSS23,LGS3,Astrocyte,95,1.0,652479,1.5326163753929245,0.92925290885605,True
PSORS1C3,LGS3,Astrocyte,95,0.0,652479,0.0,0.0,True
RAPSN,LGS3,Astrocyte,95,0.0,652479,0.0,0.0,True
RERE,LGS3,Astrocyte,95,492.0,652479,754.0472566933189,6.62678033893703,True
RIC8B,LGS3,Astrocyte,95,75.0,652479,114.94622815446934,4.753126533241161,True
RORA,LGS3,Astrocyte,95,1391.0,652479,2131.869378171558,7.665223478045588,True
RP11-123K19.1,LGS3,Astrocyte,95,,652479,,,False
RP11-136H19.1,LGS3,Astrocyte,95,,652479,,,False
RP11-149I2.4,LGS3,Astrocyte,95,,652479,,,False
RP11-162I7.1,LGS3,Astrocyte,95,,652479,,,False
RP11-17G12.2,LGS3,Astrocyte,95,,652479,,,False
RP11-205K6.1,LGS3,Astrocyte,95,,652479,,,False
RP11-217B7.2,LGS3,Astrocyte,95,,652479,,,False
RP11-259A24.1,LGS3,Astrocyte,95,,652479,,,False
RP11-259G18.1,LGS3,Astrocyte,95,,652479,,,False
RP11-259G18.3,LGS3,Astrocyte,95,,652479,,,False
RP11-293E1.1,LGS3,Astrocyte,95,,652479,,,False
RP11-293E1.2,LGS3,Astrocyte,95,,652479,,,False
RP11-302L19.3,LGS3,Astrocyte,95,,652479,,,False
RP11-403A3.3,LGS3,Astrocyte,95,,652479,,,False
RP11-412D9.4,LGS3,Astrocyte,95,,652479,,,False
RP11-507B12.1,LGS3,Astrocyte,95,,652479,,,False
RP11-507B12.2,LGS3,Astrocyte,95,,652479,,,False
RP11-669E14.6,LGS3,Astrocyte,95,,652479,,,False
RP11-707O23.1,LGS3,Astrocyte,95,,652479,,,False
RP11-750H9.5,LGS3,Astrocyte,95,,652479,,,False
RP11-755F10.1,LGS3,Astrocyte,95,,652479,,,False
RP11-762L8.6,LGS3,Astrocyte,95,,652479,,,False
RP11-770G2.2,LGS3,Astrocyte,95,,652479,,,False
RP11-798G7.6,LGS3,Astrocyte,95,,652479,,,False
RP11-798G7.8,LGS3,Astrocyte,95,,652479,,,False
RP5-1115A15.1,LGS3,Astrocyte,95,,652479,,,False
RPS26P8,LGS3,Astrocyte,95,,652479,,,False
SCRN2,LGS3,Astrocyte,95,10.0,652479,15.326163753929245,2.792768959233011,True
SEMA3E,LGS3,Astrocyte,95,121.0,652479,185.44658142254386,5.2281447713671385,True
SEPT7,LGS3,Astrocyte,95,,652479,,,False
SF3A3,LGS3,Astrocyte,95,13.0,652479,19.92401288010802,3.040897441074416,True
SFTA1P,LGS3,Astrocyte,95,0.0,652479,0.0,0.0,True
SGSM2,LGS3,Astrocyte,95,20.0,652479,30.65232750785849,3.454811684839204,True
SLC25A45,LGS3,Astrocyte,95,2.0,652479,3.065232750785849,1.4024709986265307,True
SLC39A13,LGS3,Astrocyte,95,6.0,652479,9.195698252357547,2.321965891367968,True
SMAD6,LGS3,Astrocyte,95,9.0,652479,13.79354737853632,2.69419109776296,True
SNORD14A,LGS3,Astrocyte,95,,652479,,,False
SSSCA1-AS1,LGS3,Astrocyte,95,0.0,652479,0.0,0.0,True
TARID,LGS3,Astrocyte,95,0.0,652479,0.0,0.0,True
TBC1D31,LGS3,Astrocyte,95,17.0,652479,26.05447838167972,3.2978525509857084,True
TBKBP1,LGS3,Astrocyte,95,0.0,652479,0.0,0.0,True
TBPL1,LGS3,Astrocyte,95,6.0,652479,9.195698252357547,2.321965891367968,True
TGFB3,LGS3,Astrocyte,95,3.0,652479,4.597849126178773,1.7223824393507838,True
THCAT158,LGS3,Astrocyte,95,,652479,,,False
THSD7A,LGS3,Astrocyte,95,91.0,652479,139.46809016075613,4.944980346685439,True
TIGD3,LGS3,Astrocyte,95,1.0,652479,1.5326163753929245,0.92925290885605,True
TMEM116,LGS3,Astrocyte,95,26.0,652479,39.84802576021604,3.7098584911348484,True
TMEM136,LGS3,Astrocyte,95,,652479,,,False
TMEM181,LGS3,Astrocyte,95,23.0,652479,35.25017663403727,3.5904442539519095,True
TMEM263,LGS3,Astrocyte,95,14.0,652479,21.456629255500943,3.1115858603761426,True
TRIM26,LGS3,Astrocyte,95,8.0,652479,12.260931003143396,2.584822193691458,True
TRIOBP,LGS3,Astrocyte,95,10.0,652479,15.326163753929245,2.792768959233011,True
TSC22D2,LGS3,Astrocyte,95,127.0,652479,194.6422796749014,5.276287888000024,True
TTC28,LGS3,Astrocyte,95,297.0,652479,455.1870634916986,6.122902952349793,True
TTLL5,LGS3,Astrocyte,95,212.0,652479,324.9146715833,5.786635603496362,True
TXNDC8,LGS3,Astrocyte,95,0.0,652479,0.0,0.0,True
TXNRD2,LGS3,Astrocyte,95,4.0,652479,6.130465501571698,1.964376520033019,True
UTP11,LGS3,Astrocyte,95,4.0,652479,6.130465501571698,1.964376520033019,True
VARS2,LGS3,Astrocyte,95,7.0,652479,10.728314627750471,2.4620059718436713,True
VCAM1,LGS3,Astrocyte,95,0.0,652479,0.0,0.0,True
WLS,LGS3,Astrocyte,95,141.0,652479,216.09890893040236,5.380353051217091,True
WNT2B,LGS3,Astrocyte,95,27.0,652479,41.38064213560896,3.7466917045802246,True
XRCC6P1,LGS3,Astrocyte,95,,652479,,,False
XXbac-BPG170G13.32,LGS3,Astrocyte,95,,652479,,,False
XXbac-BPG283O16.9,LGS3,Astrocyte,95,,652479,,,False
YAP1,LGS3,Astrocyte,95,45.0,652479,68.9677368926816,4.24803423426848,True
YIF1A,LGS3,Astrocyte,95,13.0,652479,19.92401288010802,3.040897441074416,True
ZNF280D,LGS3,Astrocyte,95,142.0,652479,217.6315253057953,5.3873877799181455,True
ZNF638,LGS3,Astrocyte,95,401.0,652479,614.5791665325627,6.422563558852356,True
ZNF638-IT1,LGS3,Astrocyte,95,,652479,,,False
DGKG,LGS3,Microglia,59,5.0,464653,10.760718213376434,2.4647650131716508,True
SLC2A12,LGS3,Microglia,59,3.0,464653,6.45643092802586,2.009076871853965,True
COL8A2,LGS3,Microglia,59,0.0,464653,0.0,0.0,True
NPC2,LGS3,Microglia,59,22.0,464653,47.34716013885631,3.8784074846801246,True
PSMC3,LGS3,Microglia,59,6.0,464653,12.91286185605172,2.6328137256831345,True
RP11-466F5.8,LGS3,Microglia,59,,464653,,,False
LPP,LGS3,Microglia,59,120.0,464653,258.2572371210344,5.557820762326694,True
RP11-121M22.1,LGS3,Microglia,59,,464653,,,False
ABO,LGS3,Microglia,59,2.0,464653,4.304287285350574,1.6685154153214585,True
ADAMTS8,LGS3,Microglia,59,0.0,464653,0.0,0.0,True
CALD1,LGS3,Microglia,59,39.0,464653,83.93360206433618,4.44186979904769,True
CHEK2,LGS3,Microglia,59,6.0,464653,12.91286185605172,2.6328137256831345,True
GAS7,LGS3,Microglia,59,29.0,464653,62.412165637583314,4.149655730063348,True
LMX1B,LGS3,Microglia,59,0.0,464653,0.0,0.0,True
TCF12,LGS3,Microglia,59,274.0,464653,589.6873580930286,6.381286872514897,True
TMCO1,LGS3,Microglia,59,25.0,464653,53.80359106688217,4.003755722224503,True
TRIB2,LGS3,Microglia,59,32.0,464653,68.86859656560918,4.246616285996648,True
AC000078.5,LGS3,Microglia,59,,464653,,,False
AC002066.1,LGS3,Microglia,59,3.0,464653,6.45643092802586,2.009076871853965,True
AC012066.1,LGS3,Microglia,59,,464653,,,False
AC091132.1,LGS3,Microglia,59,0.0,464653,0.0,0.0,True
ACBD4,LGS3,Microglia,59,4.0,464653,8.608574570701148,2.2626558842699596,True
AFAP1,LGS3,Microglia,59,5.0,464653,10.760718213376434,2.4647650131716508,True
ALDH2,LGS3,Microglia,59,24.0,464653,51.65144742420688,3.9636937296400294,True
AP003068.23,LGS3,Microglia,59,,464653,,,False
AP5B1,LGS3,Microglia,59,4.0,464653,8.608574570701148,2.2626558842699596,True
AREL1,LGS3,Microglia,59,16.0,464653,34.43429828280459,3.5676802291256724,True
ARHGAP27,LGS3,Microglia,59,6.0,464653,12.91286185605172,2.6328137256831345,True
ARHGEF12,LGS3,Microglia,59,125.0,464653,269.01795533441083,5.598488458025824,True
ARL17A,LGS3,Microglia,59,53.0,464653,114.06361306179019,4.745485132487325,True
ATP5J,LGS3,Microglia,59,,464653,,,False
BICC1,LGS3,Microglia,59,1.0,464653,2.152143642675287,1.1480827428720128,True
BORA,LGS3,Microglia,59,2.0,464653,4.304287285350574,1.6685154153214585,True
C1orf109,LGS3,Microglia,59,0.0,464653,0.0,0.0,True
C1orf122,LGS3,Microglia,59,27.0,464653,58.10787835223274,4.0793642209800005,True
C22orf29,LGS3,Microglia,59,,464653,,,False
C6orf15,LGS3,Microglia,59,0.0,464653,0.0,0.0,True
CADM1,LGS3,Microglia,59,2715.0,464653,5843.069989863404,8.673182749161537,True
CADM2,LGS3,Microglia,59,4231.0,464653,9105.719752159139,9.116767854299678,True
CAV2,LGS3,Microglia,59,9.0,464653,19.36929278407758,3.0140285111322127,True
CCDC117,LGS3,Microglia,59,4.0,464653,8.608574570701148,2.2626558842699596,True
CDC14A,LGS3,Microglia,59,22.0,464653,47.34716013885631,3.8784074846801246,True
CDKN2A,LGS3,Microglia,59,2.0,464653,4.304287285350574,1.6685154153214585,True
CDKN2B-AS1,LGS3,Microglia,59,5.0,464653,10.760718213376434,2.4647650131716508,True
CELF1,LGS3,Microglia,59,56.0,464653,120.52004398981606,4.800079220283963,True
CLIC5,LGS3,Microglia,59,15.0,464653,32.2821546401293,3.5050213566496304,True
CMB9-22P13.1,LGS3,Microglia,59,,464653,,,False
COL11A1,LGS3,Microglia,59,47.0,464653,101.15075120573847,4.626449675184104,True
CRHR1,LGS3,Microglia,59,1.0,464653,2.152143642675287,1.1480827428720128,True
CTA-292E10.6,LGS3,Microglia,59,,464653,,,False
CTB-39G8.3,LGS3,Microglia,59,,464653,,,False
CTD-2005H7.1,LGS3,Microglia,59,,464653,,,False
CTD-2020K17.1,LGS3,Microglia,59,,464653,,,False
CTD-2020K17.3,LGS3,Microglia,59,,464653,,,False
CTTNBP2,LGS3,Microglia,59,83.0,464653,178.6279223420488,5.190887613394469,True
DDX39BP2,LGS3,Microglia,59,,464653,,,False
DIO1,LGS3,Microglia,59,1.0,464653,2.152143642675287,1.1480827428720128,True
DND1P1,LGS3,Microglia,59,,464653,,,False
DYSF,LGS3,Microglia,59,2.0,464653,4.304287285350574,1.6685154153214585,True
EFCAB13,LGS3,Microglia,59,22.0,464653,47.34716013885631,3.8784074846801246,True
EFEMP1,LGS3,Microglia,59,8.0,464653,17.217149141402295,2.9023634109505854,True
EHBP1L1,LGS3,Microglia,59,4.0,464653,8.608574570701148,2.2626558842699596,True
FAM215B,LGS3,Microglia,59,6.0,464653,12.91286185605172,2.6328137256831345,True
FAM83A,LGS3,Microglia,59,0.0,464653,0.0,0.0,True
FAM83A-AS1,LGS3,Microglia,59,0.0,464653,0.0,0.0,True
FAM89B,LGS3,Microglia,59,8.0,464653,17.217149141402295,2.9023634109505854,True
FHL3,LGS3,Microglia,59,5.0,464653,10.760718213376434,2.4647650131716508,True
FLOT1,LGS3,Microglia,59,24.0,464653,51.65144742420688,3.9636937296400294,True
FLVCR2,LGS3,Microglia,59,7.0,464653,15.065005498727007,2.776643334847689,True
FMNL1,LGS3,Microglia,59,15.0,464653,32.2821546401293,3.5050213566496304,True
FNDC4,LGS3,Microglia,59,2.0,464653,4.304287285350574,1.6685154153214585,True
GALR3,LGS3,Microglia,59,0.0,464653,0.0,0.0,True
GCAT,LGS3,Microglia,59,0.0,464653,0.0,0.0,True
GLIS1,LGS3,Microglia,59,0.0,464653,0.0,0.0,True
H1F0,LGS3,Microglia,59,7.0,464653,15.065005498727007,2.776643334847689,True
HCG4,LGS3,Microglia,59,,464653,,,False
HCG4B,LGS3,Microglia,59,,464653,,,False
HCG4P5,LGS3,Microglia,59,,464653,,,False
HCG4P7,LGS3,Microglia,59,,464653,,,False
HCG9,LGS3,Microglia,59,0.0,464653,0.0,0.0,True
HCP5B,LGS3,Microglia,59,,464653,,,False
HECTD4,LGS3,Microglia,59,88.0,464653,189.38864055542524,5.2490674596290825,True
HLA-A,LGS3,Microglia,59,55.0,464653,118.36790034714078,4.782210323500468,True
HLA-C,LGS3,Microglia,59,53.0,464653,114.06361306179019,4.745485132487325,True
HLA-F,LGS3,Microglia,59,19.0,464653,40.89072921083045,3.7350645425617977,True
HLA-F-AS1,LGS3,Microglia,59,3.0,464653,6.45643092802586,2.009076871853965,True
HLA-G,LGS3,Microglia,59,0.0,464653,0.0,0.0,True
HLA-H,LGS3,Microglia,59,,464653,,,False
HLA-J,LGS3,Microglia,59,,464653,,,False
HLA-L,LGS3,Microglia,59,,464653,,,False
HLA-T,LGS3,Microglia,59,,464653,,,False
HLA-U,LGS3,Microglia,59,,464653,,,False
HLA-V,LGS3,Microglia,59,,464653,,,False
HLA-W,LGS3,Microglia,59,,464653,,,False
HSCB,LGS3,Microglia,59,5.0,464653,10.760718213376434,2.4647650131716508,True
HTRA3,LGS3,Microglia,59,1.0,464653,2.152143642675287,1.1480827428720128,True
IFITM4P,LGS3,Microglia,59,,464653,,,False
IFT172,LGS3,Microglia,59,29.0,464653,62.412165637583314,4.149655730063348,True
INPP5B,LGS3,Microglia,59,17.0,464653,36.586441925479875,3.626643398280391,True
ITGB3,LGS3,Microglia,59,1.0,464653,2.152143642675287,1.1480827428720128,True
KANSL1,LGS3,Microglia,59,160.0,464653,344.3429828280459,5.84453807631319,True
KANSL1-AS1,LGS3,Microglia,59,1.0,464653,2.152143642675287,1.1480827428720128,True
KHK,LGS3,Microglia,59,2.0,464653,4.304287285350574,1.6685154153214585,True
KLF5,LGS3,Microglia,59,0.0,464653,0.0,0.0,True
KRT8P26,LGS3,Microglia,59,,464653,,,False
LHPP,LGS3,Microglia,59,5.0,464653,10.760718213376434,2.4647650131716508,True
LINC01948,LGS3,Microglia,59,2.0,464653,4.304287285350574,1.6685154153214585,True
LINC02052,LGS3,Microglia,59,0.0,464653,0.0,0.0,True
LINC02210,LGS3,Microglia,59,,464653,,,False
LMO4,LGS3,Microglia,59,27.0,464653,58.10787835223274,4.0793642209800005,True
LMO7,LGS3,Microglia,59,15.0,464653,32.2821546401293,3.5050213566496304,True
LOXL1,LGS3,Microglia,59,1.0,464653,2.152143642675287,1.1480827428720128,True
LOXL1-AS1,LGS3,Microglia,59,0.0,464653,0.0,0.0,True
LRRC37A,LGS3,Microglia,59,12.0,464653,25.82572371210344,3.2893612671688066,True
LRRC37A17P,LGS3,Microglia,59,,464653,,,False
LRRC37A2,LGS3,Microglia,59,36.0,464653,77.47717113631032,4.362807768943715,True
LRRC37A4P,LGS3,Microglia,59,,464653,,,False
LRWD1,LGS3,Microglia,59,0.0,464653,0.0,0.0,True
LTBP2,LGS3,Microglia,59,1.0,464653,2.152143642675287,1.1480827428720128,True
LTBP3,LGS3,Microglia,59,8.0,464653,17.217149141402295,2.9023634109505854,True
MADD,LGS3,Microglia,59,41.0,464653,88.23788934968675,4.491305717891612,True
MAPK8IP1P1,LGS3,Microglia,59,,464653,,,False
MAPK8IP1P2,LGS3,Microglia,59,,464653,,,False
MAPT,LGS3,Microglia,59,40.0,464653,86.08574570701147,4.466893216125917,True
MAPT-AS1,LGS3,Microglia,59,6.0,464653,12.91286185605172,2.6328137256831345,True
MAPT-IT1,LGS3,Microglia,59,0.0,464653,0.0,0.0,True
ME3,LGS3,Microglia,59,15.0,464653,32.2821546401293,3.5050213566496304,True
MICE,LGS3,Microglia,59,,464653,,,False
MOV10,LGS3,Microglia,59,6.0,464653,12.91286185605172,2.6328137256831345,True
MRPL33,LGS3,Microglia,59,26.0,464653,55.955734709557454,4.042274382094105,True
MTCH2,LGS3,Microglia,59,21.0,464653,45.19501649618102,3.832871924221487,True
MVB12B,LGS3,Microglia,59,31.0,464653,66.71645292293388,4.215329177318615,True
Metazoa_SRP,LGS3,Microglia,59,,464653,,,False
NEAT1,LGS3,Microglia,59,993.0,464653,2137.07863717656,7.667662871627287,True
NMT1,LGS3,Microglia,59,39.0,464653,83.93360206433618,4.44186979904769,True
NPEPPS,LGS3,Microglia,59,106.0,464653,228.12722612358039,5.434277421872979,True
NRBP1,LGS3,Microglia,59,10.0,464653,21.521436426752867,3.114467585729036,True
NSF,LGS3,Microglia,59,80.0,464653,172.17149141402294,5.1542823833542,True
NUCB2,LGS3,Microglia,59,21.0,464653,45.19501649618102,3.832871924221487,True
NUDT7,LGS3,Microglia,59,4.0,464653,8.608574570701148,2.2626558842699596,True
PDE6C,LGS3,Microglia,59,1.0,464653,2.152143642675287,1.1480827428720128,True
PGAM1P8,LGS3,Microglia,59,,464653,,,False
PIBF1,LGS3,Microglia,59,94.0,464653,202.30150241147695,5.314690110727392,True
PIGC,LGS3,Microglia,59,12.0,464653,25.82572371210344,3.2893612671688066,True
PKIB,LGS3,Microglia,59,16.0,464653,34.43429828280459,3.5676802291256724,True
PLCE1,LGS3,Microglia,59,29.0,464653,62.412165637583314,4.149655730063348,True
PLCE1-AS1,LGS3,Microglia,59,0.0,464653,0.0,0.0,True
PLEKHA7,LGS3,Microglia,59,86.0,464653,185.08435327007464,5.2262000831123245,True
PLEKHM1,LGS3,Microglia,59,4.0,464653,8.608574570701148,2.2626558842699596,True
PPP1R18,LGS3,Microglia,59,2.0,464653,4.304287285350574,1.6685154153214585,True
PRKCE,LGS3,Microglia,59,118.0,464653,253.95294983568382,5.5410790176859805,True
PROX2,LGS3,Microglia,59,0.0,464653,0.0,0.0,True
PRSS23,LGS3,Microglia,59,4.0,464653,8.608574570701148,2.2626558842699596,True
PSORS1C3,LGS3,Microglia,59,2.0,464653,4.304287285350574,1.6685154153214585,True
RAPSN,LGS3,Microglia,59,0.0,464653,0.0,0.0,True
RERE,LGS3,Microglia,59,352.0,464653,757.554562221701,6.631414730574145,True
RIC8B,LGS3,Microglia,59,47.0,464653,101.15075120573847,4.626449675184104,True
RORA,LGS3,Microglia,59,701.0,464653,1508.652693515376,7.319634899059473,True
RP11-123K19.1,LGS3,Microglia,59,,464653,,,False
RP11-136H19.1,LGS3,Microglia,59,,464653,,,False
RP11-149I2.4,LGS3,Microglia,59,,464653,,,False
RP11-162I7.1,LGS3,Microglia,59,,464653,,,False
RP11-17G12.2,LGS3,Microglia,59,,464653,,,False
RP11-205K6.1,LGS3,Microglia,59,,464653,,,False
RP11-217B7.2,LGS3,Microglia,59,,464653,,,False
RP11-259A24.1,LGS3,Microglia,59,,464653,,,False
RP11-259G18.1,LGS3,Microglia,59,,464653,,,False
RP11-259G18.3,LGS3,Microglia,59,,464653,,,False
RP11-293E1.1,LGS3,Microglia,59,,464653,,,False
RP11-293E1.2,LGS3,Microglia,59,,464653,,,False
RP11-302L19.3,LGS3,Microglia,59,,464653,,,False
RP11-403A3.3,LGS3,Microglia,59,,464653,,,False
RP11-412D9.4,LGS3,Microglia,59,,464653,,,False
RP11-507B12.1,LGS3,Microglia,59,,464653,,,False
RP11-507B12.2,LGS3,Microglia,59,,464653,,,False
RP11-669E14.6,LGS3,Microglia,59,,464653,,,False
RP11-707O23.1,LGS3,Microglia,59,,464653,,,False
RP11-750H9.5,LGS3,Microglia,59,,464653,,,False
RP11-755F10.1,LGS3,Microglia,59,,464653,,,False
RP11-762L8.6,LGS3,Microglia,59,,464653,,,False
RP11-770G2.2,LGS3,Microglia,59,,464653,,,False
RP11-798G7.6,LGS3,Microglia,59,,464653,,,False
RP11-798G7.8,LGS3,Microglia,59,,464653,,,False
RP5-1115A15.1,LGS3,Microglia,59,,464653,,,False
RPS26P8,LGS3,Microglia,59,,464653,,,False
SCRN2,LGS3,Microglia,59,2.0,464653,4.304287285350574,1.6685154153214585,True
SEMA3E,LGS3,Microglia,59,31.0,464653,66.71645292293388,4.215329177318615,True
SEPT7,LGS3,Microglia,59,,464653,,,False
SF3A3,LGS3,Microglia,59,11.0,464653,23.673580069428155,3.205733038351821,True
SFTA1P,LGS3,Microglia,59,0.0,464653,0.0,0.0,True
SGSM2,LGS3,Microglia,59,11.0,464653,23.673580069428155,3.205733038351821,True
SLC25A45,LGS3,Microglia,59,1.0,464653,2.152143642675287,1.1480827428720128,True
SLC39A13,LGS3,Microglia,59,7.0,464653,15.065005498727007,2.776643334847689,True
SMAD6,LGS3,Microglia,59,7.0,464653,15.065005498727007,2.776643334847689,True
SNORD14A,LGS3,Microglia,59,,464653,,,False
SSSCA1-AS1,LGS3,Microglia,59,1.0,464653,2.152143642675287,1.1480827428720128,True
TARID,LGS3,Microglia,59,0.0,464653,0.0,0.0,True
TBC1D31,LGS3,Microglia,59,4.0,464653,8.608574570701148,2.2626558842699596,True
TBKBP1,LGS3,Microglia,59,4.0,464653,8.608574570701148,2.2626558842699596,True
TBPL1,LGS3,Microglia,59,9.0,464653,19.36929278407758,3.0140285111322127,True
TGFB3,LGS3,Microglia,59,1.0,464653,2.152143642675287,1.1480827428720128,True
THCAT158,LGS3,Microglia,59,,464653,,,False
THSD7A,LGS3,Microglia,59,68.0,464653,146.3457677019195,4.992781986015307,True
TIGD3,LGS3,Microglia,59,0.0,464653,0.0,0.0,True
TMEM116,LGS3,Microglia,59,12.0,464653,25.82572371210344,3.2893612671688066,True
TMEM136,LGS3,Microglia,59,,464653,,,False
TMEM181,LGS3,Microglia,59,12.0,464653,25.82572371210344,3.2893612671688066,True
TMEM263,LGS3,Microglia,59,11.0,464653,23.673580069428155,3.205733038351821,True
TRIM26,LGS3,Microglia,59,12.0,464653,25.82572371210344,3.2893612671688066,True
TRIOBP,LGS3,Microglia,59,14.0,464653,30.130010997454015,3.438172337728559,True
TSC22D2,LGS3,Microglia,59,75.0,464653,161.4107732006465,5.090128762969751,True
TTC28,LGS3,Microglia,59,189.0,464653,406.7551484656292,6.010666867946558,True
TTLL5,LGS3,Microglia,59,154.0,464653,331.43012097199414,5.806429675518435,True
TXNDC8,LGS3,Microglia,59,0.0,464653,0.0,0.0,True
TXNRD2,LGS3,Microglia,59,9.0,464653,19.36929278407758,3.0140285111322127,True
UTP11,LGS3,Microglia,59,1.0,464653,2.152143642675287,1.1480827428720128,True
VARS2,LGS3,Microglia,59,3.0,464653,6.45643092802586,2.009076871853965,True
VCAM1,LGS3,Microglia,59,0.0,464653,0.0,0.0,True
WLS,LGS3,Microglia,59,87.0,464653,187.23649691274994,5.237699134560171,True
WNT2B,LGS3,Microglia,59,22.0,464653,47.34716013885631,3.8784074846801246,True
XRCC6P1,LGS3,Microglia,59,,464653,,,False
XXbac-BPG170G13.32,LGS3,Microglia,59,,464653,,,False
XXbac-BPG283O16.9,LGS3,Microglia,59,,464653,,,False
YAP1,LGS3,Microglia,59,18.0,464653,38.73858556815516,3.6823226443451915,True
YIF1A,LGS3,Microglia,59,5.0,464653,10.760718213376434,2.4647650131716508,True
ZNF280D,LGS3,Microglia,59,72.0,464653,154.95434227262064,5.049563286671438,True
ZNF638,LGS3,Microglia,59,266.0,464653,572.4702089516263,6.35170598918989,True
ZNF638-IT1,LGS3,Microglia,59,,464653,,,False
DGKG,LVG1,Rod,6212,2.0,24328581,0.08220783612492648,0.07900324712148604,True
SLC2A12,LVG1,Rod,6212,21.0,24328581,0.8631822793117281,0.622285928653826,True
COL8A2,LVG1,Rod,6212,4.0,24328581,0.16441567224985296,0.15221939230566872,True
NPC2,LVG1,Rod,6212,451.0,24328581,18.53786704617092,2.9723544823233166,True
PSMC3,LVG1,Rod,6212,444.0,24328581,18.25013961973368,2.957518313680669,True
RP11-466F5.8,LVG1,Rod,6212,,24328581,,,False
LPP,LVG1,Rod,6212,77.0,24328581,3.1650016908096696,1.426716681575427,True
RP11-121M22.1,LVG1,Rod,6212,,24328581,,,False
ABO,LVG1,Rod,6212,0.0,24328581,0.0,0.0,True
ADAMTS8,LVG1,Rod,6212,6.0,24328581,0.24662350837477945,0.2204387032083695,True
CALD1,LVG1,Rod,6212,260.0,24328581,10.687018696240443,2.4584787126965053,True
CHEK2,LVG1,Rod,6212,9.0,24328581,0.3699352625621692,0.31476348511929075,True
GAS7,LVG1,Rod,6212,916.0,24328581,37.651188945216326,3.6545775364028907,True
LMX1B,LVG1,Rod,6212,4.0,24328581,0.16441567224985296,0.15221939230566872,True
TCF12,LVG1,Rod,6212,14699.0,24328581,604.1864916001472,6.4055366611101485,True
TMCO1,LVG1,Rod,6212,1586.0,24328581,65.1908140470667,4.19254169269649,True
TRIB2,LVG1,Rod,6212,1438.0,24328581,59.10743417382214,4.096133530627161,True
AC000078.5,LVG1,Rod,6212,,24328581,,,False
AC002066.1,LVG1,Rod,6212,6.0,24328581,0.24662350837477945,0.2204387032083695,True
AC012066.1,LVG1,Rod,6212,,24328581,,,False
AC091132.1,LVG1,Rod,6212,11.0,24328581,0.4521430986870956,0.37304046436139887,True
ACBD4,LVG1,Rod,6212,334.0,24328581,13.728708632862721,2.6897985574435044,True
AFAP1,LVG1,Rod,6212,27.0,24328581,1.1098057876865075,0.7465958995012189,True
ALDH2,LVG1,Rod,6212,560.0,24328581,23.018194114979416,3.1788116312684274,True
AP003068.23,LVG1,Rod,6212,,24328581,,,False
AP5B1,LVG1,Rod,6212,156.0,24328581,6.412211217744265,2.0031288047445943,True
AREL1,LVG1,Rod,6212,787.0,24328581,32.34878351515857,3.5070212953892668,True
ARHGAP27,LVG1,Rod,6212,39.0,24328581,1.6030528044360663,0.9566849117982441,True
ARHGEF12,LVG1,Rod,6212,6810.0,24328581,279.9176820053747,5.638061679816419,True
ARL17A,LVG1,Rod,6212,1898.0,24328581,78.01523648255522,4.369640700738386,True
ATP5J,LVG1,Rod,6212,,24328581,,,False
BICC1,LVG1,Rod,6212,1.0,24328581,0.04110391806246324,0.04028160987873601,True
BORA,LVG1,Rod,6212,272.0,24328581,11.180265712990002,2.4998170775602166,True
C1orf109,LVG1,Rod,6212,124.0,24328581,5.0968858397454415,1.8077781227460268,True
C1orf122,LVG1,Rod,6212,1361.0,24328581,55.94243248301247,4.042040801046519,True
C22orf29,LVG1,Rod,6212,,24328581,,,False
C6orf15,LVG1,Rod,6212,0.0,24328581,0.0,0.0,True
CADM1,LVG1,Rod,6212,150170.0,24328581,6172.575375440105,8.728033426448143,True
CADM2,LVG1,Rod,6212,307711.0,24328581,12648.127730918626,9.445343537700646,True
CAV2,LVG1,Rod,6212,223.0,24328581,9.166173727929303,2.3190659079923375,True
CCDC117,LVG1,Rod,6212,291.0,24328581,11.961240156176803,2.561963377409056,True
CDC14A,LVG1,Rod,6212,1399.0,24328581,57.504381369386074,4.0691016466364855,True
CDKN2A,LVG1,Rod,6212,2.0,24328581,0.08220783612492648,0.07900324712148604,True
CDKN2B-AS1,LVG1,Rod,6212,31.0,24328581,1.2742214599363604,0.8216377784212681,True
CELF1,LVG1,Rod,6212,2117.0,24328581,87.01699453823468,4.477529915585654,True
CLIC5,LVG1,Rod,6212,25.0,24328581,1.027597951561581,0.7068518173381653,True
CMB9-22P13.1,LVG1,Rod,6212,,24328581,,,False
COL11A1,LVG1,Rod,6212,29.0,24328581,1.192013623811434,0.7848205843088971,True
CRHR1,LVG1,Rod,6212,126.0,24328581,5.1790936758703685,1.8211716063248848,True
CTA-292E10.6,LVG1,Rod,6212,,24328581,,,False
CTB-39G8.3,LVG1,Rod,6212,,24328581,,,False
CTD-2005H7.1,LVG1,Rod,6212,,24328581,,,False
CTD-2020K17.1,LVG1,Rod,6212,,24328581,,,False
CTD-2020K17.3,LVG1,Rod,6212,,24328581,,,False
CTTNBP2,LVG1,Rod,6212,23.0,24328581,0.9453901154366545,0.6654625304475191,True
DDX39BP2,LVG1,Rod,6212,,24328581,,,False
DIO1,LVG1,Rod,6212,11.0,24328581,0.4521430986870956,0.37304046436139887,True
DND1P1,LVG1,Rod,6212,,24328581,,,False
DYSF,LVG1,Rod,6212,87.0,24328581,3.576040871434302,1.5208341857321683,True
EFCAB13,LVG1,Rod,6212,1130.0,24328581,46.44742741058346,3.8596223067385944,True
EFEMP1,LVG1,Rod,6212,14.0,24328581,0.5754548528744854,0.4545440260600737,True
EHBP1L1,LVG1,Rod,6212,6.0,24328581,0.24662350837477945,0.2204387032083695,True
FAM215B,LVG1,Rod,6212,198.0,24328581,8.138575776367722,2.2125045501698533,True
FAM83A,LVG1,Rod,6212,0.0,24328581,0.0,0.0,True
FAM83A-AS1,LVG1,Rod,6212,0.0,24328581,0.0,0.0,True
FAM89B,LVG1,Rod,6212,62.0,24328581,2.5484429198727208,1.2665088931476542,True
FHL3,LVG1,Rod,6212,4.0,24328581,0.16441567224985296,0.15221939230566872,True
FLOT1,LVG1,Rod,6212,609.0,24328581,25.032286100040114,3.2593375407374365,True
FLVCR2,LVG1,Rod,6212,1.0,24328581,0.04110391806246324,0.04028160987873601,True
FMNL1,LVG1,Rod,6212,3.0,24328581,0.12331175418738972,0.11628124558944275,True
FNDC4,LVG1,Rod,6212,89.0,24328581,3.6582487075592285,1.538639563673348,True
GALR3,LVG1,Rod,6212,0.0,24328581,0.0,0.0,True
GCAT,LVG1,Rod,6212,4.0,24328581,0.16441567224985296,0.15221939230566872,True
GLIS1,LVG1,Rod,6212,5.0,24328581,0.2055195903123162,0.18691066928457936,True
H1F0,LVG1,Rod,6212,41.0,24328581,1.685260640560993,0.9877777960841995,True
HCG4,LVG1,Rod,6212,,24328581,,,False
HCG4B,LVG1,Rod,6212,,24328581,,,False
HCG4P5,LVG1,Rod,6212,,24328581,,,False
HCG4P7,LVG1,Rod,6212,,24328581,,,False
HCG9,LVG1,Rod,6212,4.0,24328581,0.16441567224985296,0.15221939230566872,True
HCP5B,LVG1,Rod,6212,,24328581,,,False
HECTD4,LVG1,Rod,6212,5688.0,24328581,233.7990859392909,5.458730195013191,True
HLA-A,LVG1,Rod,6212,99.0,24328581,4.069287888183861,1.6232003517587124,True
HLA-C,LVG1,Rod,6212,145.0,24328581,5.96006811905717,1.9401892615192915,True
HLA-F,LVG1,Rod,6212,11.0,24328581,0.4521430986870956,0.37304046436139887,True
HLA-F-AS1,LVG1,Rod,6212,11.0,24328581,0.4521430986870956,0.37304046436139887,True
HLA-G,LVG1,Rod,6212,0.0,24328581,0.0,0.0,True
HLA-H,LVG1,Rod,6212,,24328581,,,False
HLA-J,LVG1,Rod,6212,,24328581,,,False
HLA-L,LVG1,Rod,6212,,24328581,,,False
HLA-T,LVG1,Rod,6212,,24328581,,,False
HLA-U,LVG1,Rod,6212,,24328581,,,False
HLA-V,LVG1,Rod,6212,,24328581,,,False
HLA-W,LVG1,Rod,6212,,24328581,,,False
HSCB,LVG1,Rod,6212,222.0,24328581,9.12506980986684,2.315014507770497,True
HTRA3,LVG1,Rod,6212,1.0,24328581,0.04110391806246324,0.04028160987873601,True
IFITM4P,LVG1,Rod,6212,,24328581,,,False
IFT172,LVG1,Rod,6212,2322.0,24328581,95.44329774103964,4.5689552474715995,True
INPP5B,LVG1,Rod,6212,793.0,24328581,32.59540702353335,3.5143893618972717,True
ITGB3,LVG1,Rod,6212,3.0,24328581,0.12331175418738972,0.11628124558944275,True
KANSL1,LVG1,Rod,6212,10426.0,24328581,428.54944971924175,6.062736868019904,True
KANSL1-AS1,LVG1,Rod,6212,74.0,24328581,3.0416899366222796,1.3966629056536537,True
KHK,LVG1,Rod,6212,43.0,24328581,1.7674684766859192,1.0179329949977223,True
KLF5,LVG1,Rod,6212,10.0,24328581,0.4110391806246324,0.3443264404685926,True
KRT8P26,LVG1,Rod,6212,,24328581,,,False
LHPP,LVG1,Rod,6212,506.0,24328581,20.7985825396064,3.0818449465621063,True
LINC01948,LVG1,Rod,6212,28.0,24328581,1.1509097057489708,0.7658908716029992,True
LINC02052,LVG1,Rod,6212,0.0,24328581,0.0,0.0,True
LINC02210,LVG1,Rod,6212,,24328581,,,False
LMO4,LVG1,Rod,6212,290.0,24328581,11.92013623811434,2.5587870430445525,True
LMO7,LVG1,Rod,6212,958.0,24328581,39.377553503839785,3.698274024220107,True
LOXL1,LVG1,Rod,6212,4.0,24328581,0.16441567224985296,0.15221939230566872,True
LOXL1-AS1,LVG1,Rod,6212,1.0,24328581,0.04110391806246324,0.04028160987873601,True
LRRC37A,LVG1,Rod,6212,197.0,24328581,8.097471858305259,2.207996557155646,True
LRRC37A17P,LVG1,Rod,6212,,24328581,,,False
LRRC37A2,LVG1,Rod,6212,1212.0,24328581,49.817948691705446,3.928249612884238,True
LRRC37A4P,LVG1,Rod,6212,,24328581,,,False
LRWD1,LVG1,Rod,6212,77.0,24328581,3.1650016908096696,1.426716681575427,True
LTBP2,LVG1,Rod,6212,67.0,24328581,2.753962510185037,1.3228119514828671,True
LTBP3,LVG1,Rod,6212,105.0,24328581,4.31591139655864,1.670704473398072,True
MADD,LVG1,Rod,6212,2959.0,24328581,121.62649354682873,4.809143097602006,True
MAPK8IP1P1,LVG1,Rod,6212,,24328581,,,False
MAPK8IP1P2,LVG1,Rod,6212,,24328581,,,False
MAPT,LVG1,Rod,6212,162.0,24328581,6.658834726119045,2.0358598476528504,True
MAPT-AS1,LVG1,Rod,6212,69.0,24328581,2.8361703463099635,1.3444745633110164,True
MAPT-IT1,LVG1,Rod,6212,7.0,24328581,0.2877274264372427,0.252878979849416,True
ME3,LVG1,Rod,6212,145.0,24328581,5.96006811905717,1.9401892615192915,True
MICE,LVG1,Rod,6212,,24328581,,,False
MOV10,LVG1,Rod,6212,32.0,24328581,1.3153253779988237,0.839550229713011,True
MRPL33,LVG1,Rod,6212,2206.0,24328581,90.67524324579391,4.518252367303135,True
MTCH2,LVG1,Rod,6212,929.0,24328581,38.18553988002835,3.668307798131706,True
MVB12B,LVG1,Rod,6212,1036.0,24328581,42.58365911271191,3.774682289110445,True
Metazoa_SRP,LVG1,Rod,6212,,24328581,,,False
NEAT1,LVG1,Rod,6212,719.0,24328581,29.55371708691107,3.4194863504554527,True
NMT1,LVG1,Rod,6212,1759.0,24328581,72.30179187187284,4.294585054321956,True
NPEPPS,LVG1,Rod,6212,6521.0,24328581,268.0386496853228,5.594855048408576,True
NRBP1,LVG1,Rod,6212,1035.0,24328581,42.54255519464945,3.773738740227052,True
NSF,LVG1,Rod,6212,5266.0,24328581,216.45323251693142,5.381983804497338,True
NUCB2,LVG1,Rod,6212,1529.0,24328581,62.847890717506296,4.156503546968219,True
NUDT7,LVG1,Rod,6212,139.0,24328581,5.71344461068239,1.9041121740582783,True
PDE6C,LVG1,Rod,6212,110.0,24328581,4.521430986870956,1.7086370634449481,True
PGAM1P8,LVG1,Rod,6212,,24328581,,,False
PIBF1,LVG1,Rod,6212,4417.0,24328581,181.55600608190014,5.207057008584249,True
PIGC,LVG1,Rod,6212,983.0,24328581,40.405151455401366,3.723405304380226,True
PKIB,LVG1,Rod,6212,1782.0,24328581,73.24718198730949,4.307399823929706,True
PLCE1,LVG1,Rod,6212,217.0,24328581,8.919550219554523,2.294507579498144,True
PLCE1-AS1,LVG1,Rod,6212,1.0,24328581,0.04110391806246324,0.04028160987873601,True
PLEKHA7,LVG1,Rod,6212,6341.0,24328581,260.6399444340794,5.566969300717509,True
PLEKHM1,LVG1,Rod,6212,281.0,24328581,11.55020097555217,2.529736679437791,True
PPP1R18,LVG1,Rod,6212,62.0,24328581,2.5484429198727208,1.2665088931476542,True
PRKCE,LVG1,Rod,6212,3161.0,24328581,129.9294849954463,4.87465889579762,True
PROX2,LVG1,Rod,6212,5.0,24328581,0.2055195903123162,0.18691066928457936,True
PRSS23,LVG1,Rod,6212,6.0,24328581,0.24662350837477945,0.2204387032083695,True
PSORS1C3,LVG1,Rod,6212,0.0,24328581,0.0,0.0,True
RAPSN,LVG1,Rod,6212,0.0,24328581,0.0,0.0,True
RERE,LVG1,Rod,6212,17467.0,24328581,717.9621367970454,6.577808695412361,True
RIC8B,LVG1,Rod,6212,4496.0,24328581,184.80321560883473,5.224688133059012,True
RORA,LVG1,Rod,6212,28318.0,24328581,1163.980751692834,7.060459843711235,True
RP11-123K19.1,LVG1,Rod,6212,,24328581,,,False
RP11-136H19.1,LVG1,Rod,6212,,24328581,,,False
RP11-149I2.4,LVG1,Rod,6212,,24328581,,,False
RP11-162I7.1,LVG1,Rod,6212,,24328581,,,False
RP11-17G12.2,LVG1,Rod,6212,,24328581,,,False
RP11-205K6.1,LVG1,Rod,6212,,24328581,,,False
RP11-217B7.2,LVG1,Rod,6212,,24328581,,,False
RP11-259A24.1,LVG1,Rod,6212,,24328581,,,False
RP11-259G18.1,LVG1,Rod,6212,,24328581,,,False
RP11-259G18.3,LVG1,Rod,6212,,24328581,,,False
RP11-293E1.1,LVG1,Rod,6212,,24328581,,,False
RP11-293E1.2,LVG1,Rod,6212,,24328581,,,False
RP11-302L19.3,LVG1,Rod,6212,,24328581,,,False
RP11-403A3.3,LVG1,Rod,6212,,24328581,,,False
RP11-412D9.4,LVG1,Rod,6212,,24328581,,,False
RP11-507B12.1,LVG1,Rod,6212,,24328581,,,False
RP11-507B12.2,LVG1,Rod,6212,,24328581,,,False
RP11-669E14.6,LVG1,Rod,6212,,24328581,,,False
RP11-707O23.1,LVG1,Rod,6212,,24328581,,,False
RP11-750H9.5,LVG1,Rod,6212,,24328581,,,False
RP11-755F10.1,LVG1,Rod,6212,,24328581,,,False
RP11-762L8.6,LVG1,Rod,6212,,24328581,,,False
RP11-770G2.2,LVG1,Rod,6212,,24328581,,,False
RP11-798G7.6,LVG1,Rod,6212,,24328581,,,False
RP11-798G7.8,LVG1,Rod,6212,,24328581,,,False
RP5-1115A15.1,LVG1,Rod,6212,,24328581,,,False
RPS26P8,LVG1,Rod,6212,,24328581,,,False
SCRN2,LVG1,Rod,6212,160.0,24328581,6.5766268899941185,2.025068099291772,True
SEMA3E,LVG1,Rod,6212,28.0,24328581,1.1509097057489708,0.7658908716029992,True
SEPT7,LVG1,Rod,6212,,24328581,,,False
SF3A3,LVG1,Rod,6212,504.0,24328581,20.716374703481474,3.0780665706135126,True
SFTA1P,LVG1,Rod,6212,0.0,24328581,0.0,0.0,True
SGSM2,LVG1,Rod,6212,639.0,24328581,26.26540364191401,3.305618632666534,True
SLC25A45,LVG1,Rod,6212,0.0,24328581,0.0,0.0,True
SLC39A13,LVG1,Rod,6212,131.0,24328581,5.384613266182685,1.853890918532294,True
SMAD6,LVG1,Rod,6212,2.0,24328581,0.08220783612492648,0.07900324712148604,True
SNORD14A,LVG1,Rod,6212,,24328581,,,False
SSSCA1-AS1,LVG1,Rod,6212,58.0,24328581,2.384027247622868,1.2190664936095712,True
TARID,LVG1,Rod,6212,5.0,24328581,0.2055195903123162,0.18691066928457936,True
TBC1D31,LVG1,Rod,6212,486.0,24328581,19.976504178357136,3.0434029626953536,True
TBKBP1,LVG1,Rod,6212,73.0,24328581,3.0005860185598165,1.386440855029088,True
TBPL1,LVG1,Rod,6212,514.0,24328581,21.127413884106105,3.096817287049282,True
TGFB3,LVG1,Rod,6212,96.0,24328581,3.945976133996471,1.5985743437734845,True
THCAT158,LVG1,Rod,6212,,24328581,,,False
THSD7A,LVG1,Rod,6212,36.0,24328581,1.4797410502486767,0.9081541395029342,True
TIGD3,LVG1,Rod,6212,12.0,24328581,0.4932470167495589,0.400952954804448,True
TMEM116,LVG1,Rod,6212,792.0,24328581,32.554303105470886,3.51316511467067,True
TMEM136,LVG1,Rod,6212,,24328581,,,False
TMEM181,LVG1,Rod,6212,1013.0,24328581,41.63826899727526,3.7527521832848554,True
TMEM263,LVG1,Rod,6212,493.0,24328581,20.26423160479438,3.0570263937848985,True
TRIM26,LVG1,Rod,6212,1238.0,24328581,50.88665056132949,3.9490615424685607,True
TRIOBP,LVG1,Rod,6212,147.0,24328581,6.042275955182096,1.9519314070116598,True
TSC22D2,LVG1,Rod,6212,3563.0,24328581,146.45326005655653,4.9935112445899925,True
TTC28,LVG1,Rod,6212,9886.0,24328581,406.3533339655116,6.009680951246324,True
TTLL5,LVG1,Rod,6212,11973.0,24328581,492.13721096187237,6.200787453700394,True
TXNDC8,LVG1,Rod,6212,0.0,24328581,0.0,0.0,True
TXNRD2,LVG1,Rod,6212,198.0,24328581,8.138575776367722,2.2125045501698533,True
UTP11,LVG1,Rod,6212,215.0,24328581,8.837342383429597,2.2861855916003875,True
VARS2,LVG1,Rod,6212,90.0,24328581,3.6993526256216915,1.5474247599996667,True
VCAM1,LVG1,Rod,6212,1.0,24328581,0.04110391806246324,0.04028160987873601,True
WLS,LVG1,Rod,6212,10088.0,24328581,414.6563254141292,6.029858777987441,True
WNT2B,LVG1,Rod,6212,537.0,24328581,22.07280399954276,3.138654607909683,True
XRCC6P1,LVG1,Rod,6212,,24328581,,,False
XXbac-BPG170G13.32,LVG1,Rod,6212,,24328581,,,False
XXbac-BPG283O16.9,LVG1,Rod,6212,,24328581,,,False
YAP1,LVG1,Rod,6212,11.0,24328581,0.4521430986870956,0.37304046436139887,True
YIF1A,LVG1,Rod,6212,420.0,24328581,17.26364558623456,2.904912503992924,True
ZNF280D,LVG1,Rod,6212,3978.0,24328581,163.51138605247877,5.102979783934592,True
ZNF638,LVG1,Rod,6212,10874.0,24328581,446.96400501122525,6.10471288322999,True
ZNF638-IT1,LVG1,Rod,6212,,24328581,,,False
DGKG,LVG1,Cone,361,1.0,3024330,0.33065174765981226,0.2856688580397587,True
SLC2A12,LVG1,Cone,361,4.0,3024330,1.322606990639249,0.8426902576584744,True
COL8A2,LVG1,Cone,361,0.0,3024330,0.0,0.0,True
NPC2,LVG1,Cone,361,101.0,3024330,33.39582651364104,3.537935234741333,True
PSMC3,LVG1,Cone,361,50.0,3024330,16.532587382990613,2.8640612854741505,True
RP11-466F5.8,LVG1,Cone,361,,3024330,,,False
LPP,LVG1,Cone,361,531.0,3024330,175.5760780073603,5.173751820372543,True
RP11-121M22.1,LVG1,Cone,361,,3024330,,,False
ABO,LVG1,Cone,361,0.0,3024330,0.0,0.0,True
ADAMTS8,LVG1,Cone,361,2.0,3024330,0.6613034953196245,0.5076025323746296,True
CALD1,LVG1,Cone,361,47.0,3024330,15.540632140011176,2.8058199077292603,True
CHEK2,LVG1,Cone,361,1.0,3024330,0.33065174765981226,0.2856688580397587,True
GAS7,LVG1,Cone,361,425.0,3024330,140.5269927554202,4.952490460413031,True
LMX1B,LVG1,Cone,361,0.0,3024330,0.0,0.0,True
TCF12,LVG1,Cone,361,2132.0,3024330,704.9495260107198,6.5595437420348395,True
TMCO1,LVG1,Cone,361,276.0,3024330,91.25988235410819,4.524609402972869,True
TRIB2,LVG1,Cone,361,111.0,3024330,36.70234399023916,3.6297222673285967,True
AC000078.5,LVG1,Cone,361,,3024330,,,False
AC002066.1,LVG1,Cone,361,0.0,3024330,0.0,0.0,True
AC012066.1,LVG1,Cone,361,,3024330,,,False
AC091132.1,LVG1,Cone,361,0.0,3024330,0.0,0.0,True
ACBD4,LVG1,Cone,361,56.0,3024330,18.516497868949486,2.971260152437249,True
AFAP1,LVG1,Cone,361,17.0,3024330,5.621079710216808,1.8902584548699097,True
ALDH2,LVG1,Cone,361,116.0,3024330,38.35560272853822,3.6726383466477186,True
AP003068.23,LVG1,Cone,361,,3024330,,,False
AP5B1,LVG1,Cone,361,15.0,3024330,4.959776214897184,1.785032932536278,True
AREL1,LVG1,Cone,361,65.0,3024330,21.492363597887795,3.113175855953205,True
ARHGAP27,LVG1,Cone,361,3.0,3024330,0.9919552429794367,0.6891166905261716,True
ARHGEF12,LVG1,Cone,361,1130.0,3024330,373.63647485558784,5.925956155412877,True
ARL17A,LVG1,Cone,361,224.0,3024330,74.06599147579794,4.318367613007213,True
ATP5J,LVG1,Cone,361,,3024330,,,False
BICC1,LVG1,Cone,361,4.0,3024330,1.322606990639249,0.8426902576584744,True
BORA,LVG1,Cone,361,31.0,3024330,10.25020417745418,2.4203862775927742,True
C1orf109,LVG1,Cone,361,23.0,3024330,7.604990196175682,2.1523422903456755,True
C1orf122,LVG1,Cone,361,211.0,3024330,69.76751875622038,4.25940012080074,True
C22orf29,LVG1,Cone,361,,3024330,,,False
C6orf15,LVG1,Cone,361,0.0,3024330,0.0,0.0,True
CADM1,LVG1,Cone,361,4950.0,3024330,1636.7261509160708,7.401064065403116,True
CADM2,LVG1,Cone,361,21471.0,3024330,7099.423674003829,8.867909733643986,True
CAV2,LVG1,Cone,361,7.0,3024330,2.3145622336186857,1.198325558694011,True
CCDC117,LVG1,Cone,361,25.0,3024330,8.266293691495306,2.2263834820992527,True
CDC14A,LVG1,Cone,361,247.0,3024330,81.67098167197362,4.414868653779465,True
CDKN2A,LVG1,Cone,361,0.0,3024330,0.0,0.0,True
CDKN2B-AS1,LVG1,Cone,361,3.0,3024330,0.9919552429794367,0.6891166905261716,True
CELF1,LVG1,Cone,361,330.0,3024330,109.11507672773804,4.701525971027034,True
CLIC5,LVG1,Cone,361,0.0,3024330,0.0,0.0,True
CMB9-22P13.1,LVG1,Cone,361,,3024330,,,False
COL11A1,LVG1,Cone,361,2.0,3024330,0.6613034953196245,0.5076025323746296,True
CRHR1,LVG1,Cone,361,4.0,3024330,1.322606990639249,0.8426902576584744,True
CTA-292E10.6,LVG1,Cone,361,,3024330,,,False
CTB-39G8.3,LVG1,Cone,361,,3024330,,,False
CTD-2005H7.1,LVG1,Cone,361,,3024330,,,False
CTD-2020K17.1,LVG1,Cone,361,,3024330,,,False
CTD-2020K17.3,LVG1,Cone,361,,3024330,,,False
CTTNBP2,LVG1,Cone,361,350.0,3024330,115.72811168093429,4.759847398723431,True
DDX39BP2,LVG1,Cone,361,,3024330,,,False
DIO1,LVG1,Cone,361,2.0,3024330,0.6613034953196245,0.5076025323746296,True
DND1P1,LVG1,Cone,361,,3024330,,,False
DYSF,LVG1,Cone,361,13.0,3024330,4.29847271957756,1.6674186129128008,True
EFCAB13,LVG1,Cone,361,112.0,3024330,37.03299573789897,3.6384540918563792,True
EFEMP1,LVG1,Cone,361,1.0,3024330,0.33065174765981226,0.2856688580397587,True
EHBP1L1,LVG1,Cone,361,1.0,3024330,0.33065174765981226,0.2856688580397587,True
FAM215B,LVG1,Cone,361,28.0,3024330,9.258248934474743,2.3280821560224774,True
FAM83A,LVG1,Cone,361,0.0,3024330,0.0,0.0,True
FAM83A-AS1,LVG1,Cone,361,0.0,3024330,0.0,0.0,True
FAM89B,LVG1,Cone,361,8.0,3024330,2.645213981278498,1.2934150691637252,True
FHL3,LVG1,Cone,361,0.0,3024330,0.0,0.0,True
FLOT1,LVG1,Cone,361,71.0,3024330,23.476274083846672,3.197704243602912,True
FLVCR2,LVG1,Cone,361,0.0,3024330,0.0,0.0,True
FMNL1,LVG1,Cone,361,0.0,3024330,0.0,0.0,True
FNDC4,LVG1,Cone,361,10.0,3024330,3.3065174765981227,1.4601295674295274,True
GALR3,LVG1,Cone,361,0.0,3024330,0.0,0.0,True
GCAT,LVG1,Cone,361,2.0,3024330,0.6613034953196245,0.5076025323746296,True
GLIS1,LVG1,Cone,361,0.0,3024330,0.0,0.0,True
H1F0,LVG1,Cone,361,6.0,3024330,1.9839104859588734,1.0932346838885068,True
HCG4,LVG1,Cone,361,,3024330,,,False
HCG4B,LVG1,Cone,361,,3024330,,,False
HCG4P5,LVG1,Cone,361,,3024330,,,False
HCG4P7,LVG1,Cone,361,,3024330,,,False
HCG9,LVG1,Cone,361,1.0,3024330,0.33065174765981226,0.2856688580397587,True
HCP5B,LVG1,Cone,361,,3024330,,,False
HECTD4,LVG1,Cone,361,867.0,3024330,286.67506522105725,5.661831597427346,True
HLA-A,LVG1,Cone,361,12.0,3024330,3.967820971917747,1.6029813077334158,True
HLA-C,LVG1,Cone,361,9.0,3024330,2.9758657289383104,1.3802425178363462,True
HLA-F,LVG1,Cone,361,18.0,3024330,5.951731457876621,1.9389907591785482,True
HLA-F-AS1,LVG1,Cone,361,46.0,3024330,15.209980392351364,2.7856271261448398,True
HLA-G,LVG1,Cone,361,0.0,3024330,0.0,0.0,True
HLA-H,LVG1,Cone,361,,3024330,,,False
HLA-J,LVG1,Cone,361,,3024330,,,False
HLA-L,LVG1,Cone,361,,3024330,,,False
HLA-T,LVG1,Cone,361,,3024330,,,False
HLA-U,LVG1,Cone,361,,3024330,,,False
HLA-V,LVG1,Cone,361,,3024330,,,False
HLA-W,LVG1,Cone,361,,3024330,,,False
HSCB,LVG1,Cone,361,30.0,3024330,9.919552429794368,2.390554983194231,True
HTRA3,LVG1,Cone,361,0.0,3024330,0.0,0.0,True
IFITM4P,LVG1,Cone,361,,3024330,,,False
IFT172,LVG1,Cone,361,263.0,3024330,86.96140963453063,4.476898191416841,True
INPP5B,LVG1,Cone,361,56.0,3024330,18.516497868949486,2.971260152437249,True
ITGB3,LVG1,Cone,361,11.0,3024330,3.637169224257935,1.534104099084145,True
KANSL1,LVG1,Cone,361,1050.0,3024330,347.18433504280284,5.8527320379326575,True
KANSL1-AS1,LVG1,Cone,361,8.0,3024330,2.645213981278498,1.2934150691637252,True
KHK,LVG1,Cone,361,6.0,3024330,1.9839104859588734,1.0932346838885068,True
KLF5,LVG1,Cone,361,0.0,3024330,0.0,0.0,True
KRT8P26,LVG1,Cone,361,,3024330,,,False
LHPP,LVG1,Cone,361,89.0,3024330,29.42800554172329,3.41536341926082,True
LINC01948,LVG1,Cone,361,5.0,3024330,1.6532587382990613,0.9757885970866004,True
LINC02052,LVG1,Cone,361,0.0,3024330,0.0,0.0,True
LINC02210,LVG1,Cone,361,,3024330,,,False
LMO4,LVG1,Cone,361,163.0,3024330,53.8962348685494,4.00544476453432,True
LMO7,LVG1,Cone,361,99.0,3024330,32.73452301832141,3.518521734904921,True
LOXL1,LVG1,Cone,361,0.0,3024330,0.0,0.0,True
LOXL1-AS1,LVG1,Cone,361,0.0,3024330,0.0,0.0,True
LRRC37A,LVG1,Cone,361,21.0,3024330,6.943686700856057,2.0723774875029264,True
LRRC37A17P,LVG1,Cone,361,,3024330,,,False
LRRC37A2,LVG1,Cone,361,135.0,3024330,44.637985934074656,3.8207403946177485,True
LRRC37A4P,LVG1,Cone,361,,3024330,,,False
LRWD1,LVG1,Cone,361,8.0,3024330,2.645213981278498,1.2934150691637252,True
LTBP2,LVG1,Cone,361,8.0,3024330,2.645213981278498,1.2934150691637252,True
LTBP3,LVG1,Cone,361,8.0,3024330,2.645213981278498,1.2934150691637252,True
MADD,LVG1,Cone,361,405.0,3024330,133.91395780222396,4.904637225631667,True
MAPK8IP1P1,LVG1,Cone,361,,3024330,,,False
MAPK8IP1P2,LVG1,Cone,361,,3024330,,,False
MAPT,LVG1,Cone,361,222.0,3024330,73.40468798047831,4.309518950344269,True
MAPT-AS1,LVG1,Cone,361,12.0,3024330,3.967820971917747,1.6029813077334158,True
MAPT-IT1,LVG1,Cone,361,2.0,3024330,0.6613034953196245,0.5076025323746296,True
ME3,LVG1,Cone,361,32.0,3024330,10.580855925113992,2.4493533834991745,True
MICE,LVG1,Cone,361,,3024330,,,False
MOV10,LVG1,Cone,361,3.0,3024330,0.9919552429794367,0.6891166905261716,True
MRPL33,LVG1,Cone,361,214.0,3024330,70.75947399919983,4.273319887723674,True
MTCH2,LVG1,Cone,361,114.0,3024330,37.694299233218594,3.65569228254987,True
MVB12B,LVG1,Cone,361,18.0,3024330,5.951731457876621,1.9389907591785482,True
Metazoa_SRP,LVG1,Cone,361,,3024330,,,False
NEAT1,LVG1,Cone,361,49.0,3024330,16.201935635330802,2.8450219144254385,True
NMT1,LVG1,Cone,361,213.0,3024330,70.42882225154001,4.268701460882273,True
NPEPPS,LVG1,Cone,361,953.0,3024330,315.1111155198011,5.756093783170859,True
NRBP1,LVG1,Cone,361,105.0,3024330,34.718433504280284,3.575666900183272,True
NSF,LVG1,Cone,361,898.0,3024330,296.92526939851143,5.696842681225891,True
NUCB2,LVG1,Cone,361,330.0,3024330,109.11507672773804,4.701525971027034,True
NUDT7,LVG1,Cone,361,7.0,3024330,2.3145622336186857,1.198325558694011,True
PDE6C,LVG1,Cone,361,1120.0,3024330,370.3299573789897,5.917091040338806,True
PGAM1P8,LVG1,Cone,361,,3024330,,,False
PIBF1,LVG1,Cone,361,482.0,3024330,159.3741423720295,5.077509475280221,True
PIGC,LVG1,Cone,361,105.0,3024330,34.718433504280284,3.575666900183272,True
PKIB,LVG1,Cone,361,331.0,3024330,109.44572847539786,4.704524255287562,True
PLCE1,LVG1,Cone,361,33.0,3024330,10.911507672773805,2.4775049641694427,True
PLCE1-AS1,LVG1,Cone,361,1.0,3024330,0.33065174765981226,0.2856688580397587,True
PLEKHA7,LVG1,Cone,361,1826.0,3024330,603.7700912268172,6.404848371305905,True
PLEKHM1,LVG1,Cone,361,30.0,3024330,9.919552429794368,2.390554983194231,True
PPP1R18,LVG1,Cone,361,3.0,3024330,0.9919552429794367,0.6891166905261716,True
PRKCE,LVG1,Cone,361,318.0,3024330,105.1472557558203,4.664827335302792,True
PROX2,LVG1,Cone,361,2.0,3024330,0.6613034953196245,0.5076025323746296,True
PRSS23,LVG1,Cone,361,61.0,3024330,20.169756607248548,3.052573588021095,True
PSORS1C3,LVG1,Cone,361,0.0,3024330,0.0,0.0,True
RAPSN,LVG1,Cone,361,0.0,3024330,0.0,0.0,True
RERE,LVG1,Cone,361,4361.0,3024330,1441.9722715444414,7.274460342750326,True
RIC8B,LVG1,Cone,361,71.0,3024330,23.476274083846672,3.197704243602912,True
RORA,LVG1,Cone,361,5049.0,3024330,1669.4606739343922,7.420854720025777,True
RP11-123K19.1,LVG1,Cone,361,,3024330,,,False
RP11-136H19.1,LVG1,Cone,361,,3024330,,,False
RP11-149I2.4,LVG1,Cone,361,,3024330,,,False
RP11-162I7.1,LVG1,Cone,361,,3024330,,,False
RP11-17G12.2,LVG1,Cone,361,,3024330,,,False
RP11-205K6.1,LVG1,Cone,361,,3024330,,,False
RP11-217B7.2,LVG1,Cone,361,,3024330,,,False
RP11-259A24.1,LVG1,Cone,361,,3024330,,,False
RP11-259G18.1,LVG1,Cone,361,,3024330,,,False
RP11-259G18.3,LVG1,Cone,361,,3024330,,,False
RP11-293E1.1,LVG1,Cone,361,,3024330,,,False
RP11-293E1.2,LVG1,Cone,361,,3024330,,,False
RP11-302L19.3,LVG1,Cone,361,,3024330,,,False
RP11-403A3.3,LVG1,Cone,361,,3024330,,,False
RP11-412D9.4,LVG1,Cone,361,,3024330,,,False
RP11-507B12.1,LVG1,Cone,361,,3024330,,,False
RP11-507B12.2,LVG1,Cone,361,,3024330,,,False
RP11-669E14.6,LVG1,Cone,361,,3024330,,,False
RP11-707O23.1,LVG1,Cone,361,,3024330,,,False
RP11-750H9.5,LVG1,Cone,361,,3024330,,,False
RP11-755F10.1,LVG1,Cone,361,,3024330,,,False
RP11-762L8.6,LVG1,Cone,361,,3024330,,,False
RP11-770G2.2,LVG1,Cone,361,,3024330,,,False
RP11-798G7.6,LVG1,Cone,361,,3024330,,,False
RP11-798G7.8,LVG1,Cone,361,,3024330,,,False
RP5-1115A15.1,LVG1,Cone,361,,3024330,,,False
RPS26P8,LVG1,Cone,361,,3024330,,,False
SCRN2,LVG1,Cone,361,17.0,3024330,5.621079710216808,1.8902584548699097,True
SEMA3E,LVG1,Cone,361,7.0,3024330,2.3145622336186857,1.198325558694011,True
SEPT7,LVG1,Cone,361,,3024330,,,False
SF3A3,LVG1,Cone,361,48.0,3024330,15.871283887670987,2.8256129984439746,True
SFTA1P,LVG1,Cone,361,0.0,3024330,0.0,0.0,True
SGSM2,LVG1,Cone,361,113.0,3024330,37.363647485558786,3.6471103311455297,True
SLC25A45,LVG1,Cone,361,0.0,3024330,0.0,0.0,True
SLC39A13,LVG1,Cone,361,15.0,3024330,4.959776214897184,1.785032932536278,True
SMAD6,LVG1,Cone,361,1.0,3024330,0.33065174765981226,0.2856688580397587,True
SNORD14A,LVG1,Cone,361,,3024330,,,False
SSSCA1-AS1,LVG1,Cone,361,3.0,3024330,0.9919552429794367,0.6891166905261716,True
TARID,LVG1,Cone,361,1.0,3024330,0.33065174765981226,0.2856688580397587,True
TBC1D31,LVG1,Cone,361,90.0,3024330,29.758657289383102,3.426171492494296,True
TBKBP1,LVG1,Cone,361,7.0,3024330,2.3145622336186857,1.198325558694011,True
TBPL1,LVG1,Cone,361,56.0,3024330,18.516497868949486,2.971260152437249,True
TGFB3,LVG1,Cone,361,4.0,3024330,1.322606990639249,0.8426902576584744,True
THCAT158,LVG1,Cone,361,,3024330,,,False
THSD7A,LVG1,Cone,361,1091.0,3024330,360.7410566968552,5.890928642875252,True
TIGD3,LVG1,Cone,361,1.0,3024330,0.33065174765981226,0.2856688580397587,True
TMEM116,LVG1,Cone,361,70.0,3024330,23.145622336186857,3.1841030939441284,True
TMEM136,LVG1,Cone,361,,3024330,,,False
TMEM181,LVG1,Cone,361,71.0,3024330,23.476274083846672,3.197704243602912,True
TMEM263,LVG1,Cone,361,86.0,3024330,28.436050298743854,3.382220123812174,True
TRIM26,LVG1,Cone,361,149.0,3024330,49.267110401312024,3.917350994479091,True
TRIOBP,LVG1,Cone,361,15.0,3024330,4.959776214897184,1.785032932536278,True
TSC22D2,LVG1,Cone,361,495.0,3024330,163.67261509160707,5.103959351905455,True
TTC28,LVG1,Cone,361,605.0,3024330,200.0443073341864,5.303525318265401,True
TTLL5,LVG1,Cone,361,1155.0,3024330,381.90276854708316,5.947781088927423,True
TXNDC8,LVG1,Cone,361,0.0,3024330,0.0,0.0,True
TXNRD2,LVG1,Cone,361,47.0,3024330,15.540632140011176,2.8058199077292603,True
UTP11,LVG1,Cone,361,47.0,3024330,15.540632140011176,2.8058199077292603,True
VARS2,LVG1,Cone,361,9.0,3024330,2.9758657289383104,1.3802425178363462,True
VCAM1,LVG1,Cone,361,0.0,3024330,0.0,0.0,True
WLS,LVG1,Cone,361,843.0,3024330,278.7394232772217,5.633858538710446,True
WNT2B,LVG1,Cone,361,34.0,3024330,11.242159420433616,2.5048856847614713,True
XRCC6P1,LVG1,Cone,361,,3024330,,,False
XXbac-BPG170G13.32,LVG1,Cone,361,,3024330,,,False
XXbac-BPG283O16.9,LVG1,Cone,361,,3024330,,,False
YAP1,LVG1,Cone,361,1.0,3024330,0.33065174765981226,0.2856688580397587,True
YIF1A,LVG1,Cone,361,67.0,3024330,22.15366709320742,3.1421531737414767,True
ZNF280D,LVG1,Cone,361,557.0,3024330,184.17302344651543,5.2212906498665,True
ZNF638,LVG1,Cone,361,1145.0,3024330,378.59625107048504,5.939108190687229,True
ZNF638-IT1,LVG1,Cone,361,,3024330,,,False
DGKG,LVG1,Bipolar,1663,4.0,8539213,0.4684272426510499,0.38419192507744077,True
SLC2A12,LVG1,Bipolar,1663,12.0,8539213,1.4052817279531498,0.8776670392971282,True
COL8A2,LVG1,Bipolar,1663,1.0,8539213,0.11710681066276248,0.11074213831116474,True
NPC2,LVG1,Bipolar,1663,129.0,8539213,15.10677857549636,2.7792402129162888,True
PSMC3,LVG1,Bipolar,1663,244.0,8539213,28.574061801714045,3.386897686680432,True
RP11-466F5.8,LVG1,Bipolar,1663,,8539213,,,False
LPP,LVG1,Bipolar,1663,439.0,8539213,51.40988988095273,3.959095311704307,True
RP11-121M22.1,LVG1,Bipolar,1663,,8539213,,,False
ABO,LVG1,Bipolar,1663,0.0,8539213,0.0,0.0,True
ADAMTS8,LVG1,Bipolar,1663,4.0,8539213,0.4684272426510499,0.38419192507744077,True
CALD1,LVG1,Bipolar,1663,845.0,8539213,98.95525501003429,4.604722635952856,True
CHEK2,LVG1,Bipolar,1663,12.0,8539213,1.4052817279531498,0.8776670392971282,True
GAS7,LVG1,Bipolar,1663,598.0,8539213,70.02987277633197,4.26310053188228,True
LMX1B,LVG1,Bipolar,1663,1.0,8539213,0.11710681066276248,0.11074213831116474,True
TCF12,LVG1,Bipolar,1663,3654.0,8539213,427.9082861617341,6.061243110901927,True
TMCO1,LVG1,Bipolar,1663,671.0,8539213,78.57866995471363,4.376746091548151,True
TRIB2,LVG1,Bipolar,1663,328.0,8539213,38.41103389738609,3.67404582525473,True
AC000078.5,LVG1,Bipolar,1663,,8539213,,,False
AC002066.1,LVG1,Bipolar,1663,2.0,8539213,0.23421362132552495,0.2104340234064979,True
AC012066.1,LVG1,Bipolar,1663,,8539213,,,False
AC091132.1,LVG1,Bipolar,1663,8.0,8539213,0.9368544853020998,0.6610652578559488,True
ACBD4,LVG1,Bipolar,1663,72.0,8539213,8.431690367718899,2.244075334846235,True
AFAP1,LVG1,Bipolar,1663,28.0,8539213,3.2789906985573496,1.4537171636901693,True
ALDH2,LVG1,Bipolar,1663,497.0,8539213,58.20208489939295,4.080956759164976,True
AP003068.23,LVG1,Bipolar,1663,,8539213,,,False
AP5B1,LVG1,Bipolar,1663,28.0,8539213,3.2789906985573496,1.4537171636901693,True
AREL1,LVG1,Bipolar,1663,215.0,8539213,25.177964292493932,3.26491799934132,True
ARHGAP27,LVG1,Bipolar,1663,20.0,8539213,2.3421362132552495,1.2066101873483768,True
ARHGEF12,LVG1,Bipolar,1663,2993.0,8539213,350.5006843136481,5.862211658087084,True
ARL17A,LVG1,Bipolar,1663,570.0,8539213,66.75088207777462,4.215837479273206,True
ATP5J,LVG1,Bipolar,1663,,8539213,,,False
BICC1,LVG1,Bipolar,1663,12.0,8539213,1.4052817279531498,0.8776670392971282,True
BORA,LVG1,Bipolar,1663,73.0,8539213,8.548797178381662,2.2564151966526036,True
C1orf109,LVG1,Bipolar,1663,36.0,8539213,4.215845183859449,1.6517011431753208,True
C1orf122,LVG1,Bipolar,1663,662.0,8539213,77.52470865874876,4.363413335245892,True
C22orf29,LVG1,Bipolar,1663,,8539213,,,False
C6orf15,LVG1,Bipolar,1663,0.0,8539213,0.0,0.0,True
CADM1,LVG1,Bipolar,1663,30952.0,8539213,3624.6900036338243,8.195799895005326,True
CADM2,LVG1,Bipolar,1663,32429.0,8539213,3797.6567629827246,8.242402799798885,True
CAV2,LVG1,Bipolar,1663,10.0,8539213,1.1710681066276247,0.7752192614900552,True
CCDC117,LVG1,Bipolar,1663,102.0,8539213,11.944894687601773,2.560701477797815,True
CDC14A,LVG1,Bipolar,1663,130.0,8539213,15.223885386159123,2.7864845629212405,True
CDKN2A,LVG1,Bipolar,1663,15.0,8539213,1.7566021599414372,1.0139988198306178,True
CDKN2B-AS1,LVG1,Bipolar,1663,49.0,8539213,5.7382337224753615,1.9077978316008444,True
CELF1,LVG1,Bipolar,1663,868.0,8539213,101.64871165527784,4.631312592536475,True
CLIC5,LVG1,Bipolar,1663,20.0,8539213,2.3421362132552495,1.2066101873483768,True
CMB9-22P13.1,LVG1,Bipolar,1663,,8539213,,,False
COL11A1,LVG1,Bipolar,1663,6.0,8539213,0.7026408639765749,0.5321804951057828,True
CRHR1,LVG1,Bipolar,1663,297.0,8539213,34.780722766840455,3.577409278179525,True
CTA-292E10.6,LVG1,Bipolar,1663,,8539213,,,False
CTB-39G8.3,LVG1,Bipolar,1663,,8539213,,,False
CTD-2005H7.1,LVG1,Bipolar,1663,,8539213,,,False
CTD-2020K17.1,LVG1,Bipolar,1663,,8539213,,,False
CTD-2020K17.3,LVG1,Bipolar,1663,,8539213,,,False
CTTNBP2,LVG1,Bipolar,1663,581.0,8539213,68.039056995065,4.234672387861858,True
DDX39BP2,LVG1,Bipolar,1663,,8539213,,,False
DIO1,LVG1,Bipolar,1663,10.0,8539213,1.1710681066276247,0.7752192614900552,True
DND1P1,LVG1,Bipolar,1663,,8539213,,,False
DYSF,LVG1,Bipolar,1663,48.0,8539213,5.621126911812599,1.8902655838321951,True
EFCAB13,LVG1,Bipolar,1663,532.0,8539213,62.30082327258964,4.1478983349516465,True
EFEMP1,LVG1,Bipolar,1663,11.0,8539213,1.2881749172903874,0.8277545204600892,True
EHBP1L1,LVG1,Bipolar,1663,6.0,8539213,0.7026408639765749,0.5321804951057828,True
FAM215B,LVG1,Bipolar,1663,61.0,8539213,7.143515450428511,2.0972219603009394,True
FAM83A,LVG1,Bipolar,1663,2.0,8539213,0.23421362132552495,0.2104340234064979,True
FAM83A-AS1,LVG1,Bipolar,1663,0.0,8539213,0.0,0.0,True
FAM89B,LVG1,Bipolar,1663,25.0,8539213,2.927670266569062,1.3680464426125496,True
FHL3,LVG1,Bipolar,1663,10.0,8539213,1.1710681066276247,0.7752192614900552,True
FLOT1,LVG1,Bipolar,1663,207.0,8539213,24.241109807191833,3.2284740068803557,True
FLVCR2,LVG1,Bipolar,1663,0.0,8539213,0.0,0.0,True
FMNL1,LVG1,Bipolar,1663,21.0,8539213,2.4592430239180123,1.2410497859195222,True
FNDC4,LVG1,Bipolar,1663,25.0,8539213,2.927670266569062,1.3680464426125496,True
GALR3,LVG1,Bipolar,1663,0.0,8539213,0.0,0.0,True
GCAT,LVG1,Bipolar,1663,49.0,8539213,5.7382337224753615,1.9077978316008444,True
GLIS1,LVG1,Bipolar,1663,4.0,8539213,0.4684272426510499,0.38419192507744077,True
H1F0,LVG1,Bipolar,1663,287.0,8539213,33.60965466021283,3.5441326795625927,True
HCG4,LVG1,Bipolar,1663,,8539213,,,False
HCG4B,LVG1,Bipolar,1663,,8539213,,,False
HCG4P5,LVG1,Bipolar,1663,,8539213,,,False
HCG4P7,LVG1,Bipolar,1663,,8539213,,,False
HCG9,LVG1,Bipolar,1663,3.0,8539213,0.35132043198828744,0.3010822121934956,True
HCP5B,LVG1,Bipolar,1663,,8539213,,,False
HECTD4,LVG1,Bipolar,1663,1761.0,8539213,206.22509357712474,5.333805611050053,True
HLA-A,LVG1,Bipolar,1663,348.0,8539213,40.75317011064134,3.7317753792080723,True
HLA-C,LVG1,Bipolar,1663,216.0,8539213,25.295071103156697,3.2693815110938105,True
HLA-F,LVG1,Bipolar,1663,26.0,8539213,3.0447770772318243,1.3974264382950987,True
HLA-F-AS1,LVG1,Bipolar,1663,26.0,8539213,3.0447770772318243,1.3974264382950987,True
HLA-G,LVG1,Bipolar,1663,0.0,8539213,0.0,0.0,True
HLA-H,LVG1,Bipolar,1663,,8539213,,,False
HLA-J,LVG1,Bipolar,1663,,8539213,,,False
HLA-L,LVG1,Bipolar,1663,,8539213,,,False
HLA-T,LVG1,Bipolar,1663,,8539213,,,False
HLA-U,LVG1,Bipolar,1663,,8539213,,,False
HLA-V,LVG1,Bipolar,1663,,8539213,,,False
HLA-W,LVG1,Bipolar,1663,,8539213,,,False
HSCB,LVG1,Bipolar,1663,78.0,8539213,9.134331231695473,2.315928791707597,True
HTRA3,LVG1,Bipolar,1663,0.0,8539213,0.0,0.0,True
IFITM4P,LVG1,Bipolar,1663,,8539213,,,False
IFT172,LVG1,Bipolar,1663,328.0,8539213,38.41103389738609,3.67404582525473,True
INPP5B,LVG1,Bipolar,1663,279.0,8539213,32.67280017491073,3.516690394992957,True
ITGB3,LVG1,Bipolar,1663,1.0,8539213,0.11710681066276248,0.11074213831116474,True
KANSL1,LVG1,Bipolar,1663,2862.0,8539213,335.15969211682625,5.817586321213436,True
KANSL1-AS1,LVG1,Bipolar,1663,27.0,8539213,3.161883887894587,1.4259678294310536,True
KHK,LVG1,Bipolar,1663,56.0,8539213,6.557981397114699,2.022604143574003,True
KLF5,LVG1,Bipolar,1663,4.0,8539213,0.4684272426510499,0.38419192507744077,True
KRT8P26,LVG1,Bipolar,1663,,8539213,,,False
LHPP,LVG1,Bipolar,1663,190.0,8539213,22.250294025924873,3.1463177782297405,True
LINC01948,LVG1,Bipolar,1663,69.0,8539213,8.08036993573061,2.2061149336038284,True
LINC02052,LVG1,Bipolar,1663,0.0,8539213,0.0,0.0,True
LINC02210,LVG1,Bipolar,1663,,8539213,,,False
LMO4,LVG1,Bipolar,1663,1305.0,8539213,152.82438791490503,5.035811613518394,True
LMO7,LVG1,Bipolar,1663,225.0,8539213,26.34903239912156,3.3086811497822515,True
LOXL1,LVG1,Bipolar,1663,4.0,8539213,0.4684272426510499,0.38419192507744077,True
LOXL1-AS1,LVG1,Bipolar,1663,0.0,8539213,0.0,0.0,True
LRRC37A,LVG1,Bipolar,1663,40.0,8539213,4.684272426510499,1.7377031377475545,True
LRRC37A17P,LVG1,Bipolar,1663,,8539213,,,False
LRRC37A2,LVG1,Bipolar,1663,375.0,8539213,43.91505399853593,3.804773016918807,True
LRRC37A4P,LVG1,Bipolar,1663,,8539213,,,False
LRWD1,LVG1,Bipolar,1663,33.0,8539213,3.864524751871162,1.581969023686648,True
LTBP2,LVG1,Bipolar,1663,46.0,8539213,5.386913290487074,1.8542510985497804,True
LTBP3,LVG1,Bipolar,1663,157.0,8539213,18.38576927405371,2.9645392543207354,True
MADD,LVG1,Bipolar,1663,575.0,8539213,67.33641613108843,4.224442803566177,True
MAPK8IP1P1,LVG1,Bipolar,1663,,8539213,,,False
MAPK8IP1P2,LVG1,Bipolar,1663,,8539213,,,False
MAPT,LVG1,Bipolar,1663,2509.0,8539213,293.82098795287106,5.6863683516510015,True
MAPT-AS1,LVG1,Bipolar,1663,405.0,8539213,47.428258318418806,3.8800834929028545,True
MAPT-IT1,LVG1,Bipolar,1663,77.0,8539213,9.017224421032711,2.3043060533951043,True
ME3,LVG1,Bipolar,1663,1410.0,8539213,165.1206030344951,5.112714048869708,True
MICE,LVG1,Bipolar,1663,,8539213,,,False
MOV10,LVG1,Bipolar,1663,36.0,8539213,4.215845183859449,1.6517011431753208,True
MRPL33,LVG1,Bipolar,1663,698.0,8539213,81.74055384260821,4.41570985478181,True
MTCH2,LVG1,Bipolar,1663,390.0,8539213,45.67165615847737,3.8431370459075644,True
MVB12B,LVG1,Bipolar,1663,517.0,8539213,60.5442211126482,4.119755958907365,True
Metazoa_SRP,LVG1,Bipolar,1663,,8539213,,,False
NEAT1,LVG1,Bipolar,1663,3717.0,8539213,435.2860152334882,6.078298026518186,True
NMT1,LVG1,Bipolar,1663,410.0,8539213,48.01379237173262,3.8921017354775502,True
NPEPPS,LVG1,Bipolar,1663,2371.0,8539213,277.66024808140986,5.629993290950641,True
NRBP1,LVG1,Bipolar,1663,249.0,8539213,29.15959585502786,3.4065031430177415,True
NSF,LVG1,Bipolar,1663,1646.0,8539213,192.75781035090705,5.266608978909523,True
NUCB2,LVG1,Bipolar,1663,780.0,8539213,91.34331231695474,4.525513287314367,True
NUDT7,LVG1,Bipolar,1663,46.0,8539213,5.386913290487074,1.8542510985497804,True
PDE6C,LVG1,Bipolar,1663,32.0,8539213,3.747417941208399,1.5576008789226743,True
PGAM1P8,LVG1,Bipolar,1663,,8539213,,,False
PIBF1,LVG1,Bipolar,1663,1426.0,8539213,166.9943120050993,5.123930121717589,True
PIGC,LVG1,Bipolar,1663,264.0,8539213,30.916198014969297,3.4631136556807456,True
PKIB,LVG1,Bipolar,1663,176.0,8539213,20.610798676646198,3.0731931284960066,True
PLCE1,LVG1,Bipolar,1663,73.0,8539213,8.548797178381662,2.2564151966526036,True
PLCE1-AS1,LVG1,Bipolar,1663,1.0,8539213,0.11710681066276248,0.11074213831116474,True
PLEKHA7,LVG1,Bipolar,1663,410.0,8539213,48.01379237173262,3.8921017354775502,True
PLEKHM1,LVG1,Bipolar,1663,93.0,8539213,10.89093339163691,2.4757762098618294,True
PPP1R18,LVG1,Bipolar,1663,10.0,8539213,1.1710681066276247,0.7752192614900552,True
PRKCE,LVG1,Bipolar,1663,5003.0,8539213,585.8853737458007,6.374829526050481,True
PROX2,LVG1,Bipolar,1663,1.0,8539213,0.11710681066276248,0.11074213831116474,True
PRSS23,LVG1,Bipolar,1663,77.0,8539213,9.017224421032711,2.3043060533951043,True
PSORS1C3,LVG1,Bipolar,1663,0.0,8539213,0.0,0.0,True
RAPSN,LVG1,Bipolar,1663,0.0,8539213,0.0,0.0,True
RERE,LVG1,Bipolar,1663,8167.0,8539213,956.4113226827811,6.864233103379787,True
RIC8B,LVG1,Bipolar,1663,478.0,8539213,55.97705549680047,4.04264865165168,True
RORA,LVG1,Bipolar,1663,44084.0,8539213,5162.536641257221,8.549377019291803,True
RP11-123K19.1,LVG1,Bipolar,1663,,8539213,,,False
RP11-136H19.1,LVG1,Bipolar,1663,,8539213,,,False
RP11-149I2.4,LVG1,Bipolar,1663,,8539213,,,False
RP11-162I7.1,LVG1,Bipolar,1663,,8539213,,,False
RP11-17G12.2,LVG1,Bipolar,1663,,8539213,,,False
RP11-205K6.1,LVG1,Bipolar,1663,,8539213,,,False
RP11-217B7.2,LVG1,Bipolar,1663,,8539213,,,False
RP11-259A24.1,LVG1,Bipolar,1663,,8539213,,,False
RP11-259G18.1,LVG1,Bipolar,1663,,8539213,,,False
RP11-259G18.3,LVG1,Bipolar,1663,,8539213,,,False
RP11-293E1.1,LVG1,Bipolar,1663,,8539213,,,False
RP11-293E1.2,LVG1,Bipolar,1663,,8539213,,,False
RP11-302L19.3,LVG1,Bipolar,1663,,8539213,,,False
RP11-403A3.3,LVG1,Bipolar,1663,,8539213,,,False
RP11-412D9.4,LVG1,Bipolar,1663,,8539213,,,False
RP11-507B12.1,LVG1,Bipolar,1663,,8539213,,,False
RP11-507B12.2,LVG1,Bipolar,1663,,8539213,,,False
RP11-669E14.6,LVG1,Bipolar,1663,,8539213,,,False
RP11-707O23.1,LVG1,Bipolar,1663,,8539213,,,False
RP11-750H9.5,LVG1,Bipolar,1663,,8539213,,,False
RP11-755F10.1,LVG1,Bipolar,1663,,8539213,,,False
RP11-762L8.6,LVG1,Bipolar,1663,,8539213,,,False
RP11-770G2.2,LVG1,Bipolar,1663,,8539213,,,False
RP11-798G7.6,LVG1,Bipolar,1663,,8539213,,,False
RP11-798G7.8,LVG1,Bipolar,1663,,8539213,,,False
RP5-1115A15.1,LVG1,Bipolar,1663,,8539213,,,False
RPS26P8,LVG1,Bipolar,1663,,8539213,,,False
SCRN2,LVG1,Bipolar,1663,59.0,8539213,6.909301829102986,2.0680395135481313,True
SEMA3E,LVG1,Bipolar,1663,3198.0,8539213,374.5075804995144,5.928278658748794,True
SEPT7,LVG1,Bipolar,1663,,8539213,,,False
SF3A3,LVG1,Bipolar,1663,185.0,8539213,21.66475997261106,3.120811294114413,True
SFTA1P,LVG1,Bipolar,1663,0.0,8539213,0.0,0.0,True
SGSM2,LVG1,Bipolar,1663,241.0,8539213,28.222741369725757,3.374947220187664,True
SLC25A45,LVG1,Bipolar,1663,20.0,8539213,2.3421362132552495,1.2066101873483768,True
SLC39A13,LVG1,Bipolar,1663,53.0,8539213,6.206660965126412,1.975005732394593,True
SMAD6,LVG1,Bipolar,1663,3.0,8539213,0.35132043198828744,0.3010822121934956,True
SNORD14A,LVG1,Bipolar,1663,,8539213,,,False
SSSCA1-AS1,LVG1,Bipolar,1663,18.0,8539213,2.1079225919297246,1.1339545261237225,True
TARID,LVG1,Bipolar,1663,2.0,8539213,0.23421362132552495,0.2104340234064979,True
TBC1D31,LVG1,Bipolar,1663,146.0,8539213,17.097594356763324,2.8957790209725527,True
TBKBP1,LVG1,Bipolar,1663,73.0,8539213,8.548797178381662,2.2564151966526036,True
TBPL1,LVG1,Bipolar,1663,324.0,8539213,37.942606654735044,3.6620889379896067,True
TGFB3,LVG1,Bipolar,1663,6.0,8539213,0.7026408639765749,0.5321804951057828,True
THCAT158,LVG1,Bipolar,1663,,8539213,,,False
THSD7A,LVG1,Bipolar,1663,7118.0,8539213,833.5662782975434,6.7269121627132495,True
TIGD3,LVG1,Bipolar,1663,22.0,8539213,2.5763498345807747,1.2743426809885612,True
TMEM116,LVG1,Bipolar,1663,226.0,8539213,26.46613920978432,3.312953944535656,True
TMEM136,LVG1,Bipolar,1663,,8539213,,,False
TMEM181,LVG1,Bipolar,1663,247.0,8539213,28.925382233702333,3.3987070244185134,True
TMEM263,LVG1,Bipolar,1663,303.0,8539213,35.48336363081703,3.5968563657476635,True
TRIM26,LVG1,Bipolar,1663,315.0,8539213,36.888645358770184,3.634651472445502,True
TRIOBP,LVG1,Bipolar,1663,180.0,8539213,21.079225919297247,3.094637162791506,True
TSC22D2,LVG1,Bipolar,1663,647.0,8539213,75.76810649880733,4.340789273937576,True
TTC28,LVG1,Bipolar,1663,8089.0,8539213,947.2769914510857,6.85464664465226,True
TTLL5,LVG1,Bipolar,1663,760.0,8539213,89.00117610369949,4.499822738063765,True
TXNDC8,LVG1,Bipolar,1663,0.0,8539213,0.0,0.0,True
TXNRD2,LVG1,Bipolar,1663,148.0,8539213,17.331807978088847,2.908637691907796,True
UTP11,LVG1,Bipolar,1663,94.0,8539213,11.008040202299673,2.4855764422852227,True
VARS2,LVG1,Bipolar,1663,47.0,8539213,5.504020101149837,1.872420462823427,True
VCAM1,LVG1,Bipolar,1663,1.0,8539213,0.11710681066276248,0.11074213831116474,True
WLS,LVG1,Bipolar,1663,129.0,8539213,15.10677857549636,2.7792402129162888,True
WNT2B,LVG1,Bipolar,1663,70.0,8539213,8.197476746393374,2.2189291797406336,True
XRCC6P1,LVG1,Bipolar,1663,,8539213,,,False
XXbac-BPG170G13.32,LVG1,Bipolar,1663,,8539213,,,False
XXbac-BPG283O16.9,LVG1,Bipolar,1663,,8539213,,,False
YAP1,LVG1,Bipolar,1663,8.0,8539213,0.9368544853020998,0.6610652578559488,True
YIF1A,LVG1,Bipolar,1663,154.0,8539213,18.034448842065423,2.9462504344410214,True
ZNF280D,LVG1,Bipolar,1663,2646.0,8539213,309.86462101366953,5.739357515200874,True
ZNF638,LVG1,Bipolar,1663,3520.0,8539213,412.21597353292395,6.0239703946128085,True
ZNF638-IT1,LVG1,Bipolar,1663,,8539213,,,False
DGKG,LVG1,Amacrine,573,33.0,4903876,6.729370807907867,2.04502746315555,True
SLC2A12,LVG1,Amacrine,573,37.0,4903876,7.545052117957305,2.145352415783279,True
COL8A2,LVG1,Amacrine,573,4.0,4903876,0.8156813100494384,0.5964607747180372,True
NPC2,LVG1,Amacrine,573,60.0,4903876,12.235219650741577,2.582881431743962,True
PSMC3,LVG1,Amacrine,573,180.0,4903876,36.70565895222473,3.6298101880229092,True
RP11-466F5.8,LVG1,Amacrine,573,,4903876,,,False
LPP,LVG1,Amacrine,573,711.0,4903876,144.9873528612877,4.983519993718485,True
RP11-121M22.1,LVG1,Amacrine,573,,4903876,,,False
ABO,LVG1,Amacrine,573,9.0,4903876,1.8352829476112364,1.0421417373533877,True
ADAMTS8,LVG1,Amacrine,573,27.0,4903876,5.50584884283371,1.8727015942789076,True
CALD1,LVG1,Amacrine,573,312.0,4903876,63.623142183856196,4.168572584776783,True
CHEK2,LVG1,Amacrine,573,6.0,4903876,1.2235219650741576,0.7990924095229951,True
GAS7,LVG1,Amacrine,573,313.0,4903876,63.82706251136856,4.171723147522811,True
LMX1B,LVG1,Amacrine,573,0.0,4903876,0.0,0.0,True
TCF12,LVG1,Amacrine,573,1624.0,4903876,331.166611880072,5.805636686047662,True
TMCO1,LVG1,Amacrine,573,358.0,4903876,73.00347724942475,4.304112081957272,True
TRIB2,LVG1,Amacrine,573,233.0,4903876,47.51343631037979,3.8818407969031017,True
AC000078.5,LVG1,Amacrine,573,,4903876,,,False
AC002066.1,LVG1,Amacrine,573,115.0,4903876,23.450837663921355,3.196664475617093,True
AC012066.1,LVG1,Amacrine,573,,4903876,,,False
AC091132.1,LVG1,Amacrine,573,2.0,4903876,0.4078406550247192,0.3420570801842967,True
ACBD4,LVG1,Amacrine,573,57.0,4903876,11.623458668204497,2.535556882021587,True
AFAP1,LVG1,Amacrine,573,44.0,4903876,8.972494410543822,2.2998307443103108,True
ALDH2,LVG1,Amacrine,573,116.0,4903876,23.654757991433716,3.2049699038272133,True
AP003068.23,LVG1,Amacrine,573,,4903876,,,False
AP5B1,LVG1,Amacrine,573,31.0,4903876,6.321530152883148,1.990819343407091,True
AREL1,LVG1,Amacrine,573,176.0,4903876,35.88997764217529,3.607939905541046,True
ARHGAP27,LVG1,Amacrine,573,21.0,4903876,4.282326877759552,1.6643666971853375,True
ARHGEF12,LVG1,Amacrine,573,1777.0,4903876,362.36642198946305,5.895411752104256,True
ARL17A,LVG1,Amacrine,573,252.0,4903876,51.38792253311462,3.958676078751751,True
ATP5J,LVG1,Amacrine,573,,4903876,,,False
BICC1,LVG1,Amacrine,573,439.0,4903876,89.52102377792588,4.50558213066521,True
BORA,LVG1,Amacrine,573,32.0,4903876,6.525450480395508,2.0182906733475177,True
C1orf109,LVG1,Amacrine,573,34.0,4903876,6.933291135420227,2.071067972930496,True
C1orf122,LVG1,Amacrine,573,400.0,4903876,81.56813100494385,4.4136237828933185,True
C22orf29,LVG1,Amacrine,573,,4903876,,,False
C6orf15,LVG1,Amacrine,573,0.0,4903876,0.0,0.0,True
CADM1,LVG1,Amacrine,573,4838.0,4903876,986.5665445047958,6.895243881345185,True
CADM2,LVG1,Amacrine,573,17835.0,4903876,3636.9190411829336,8.199167105169906,True
CAV2,LVG1,Amacrine,573,146.0,4903876,29.772367816804504,3.426617138495631,True
CCDC117,LVG1,Amacrine,573,50.0,4903876,10.196016375617981,2.415558034283254,True
CDC14A,LVG1,Amacrine,573,40.0,4903876,8.156813100494384,2.2144982033564564,True
CDKN2A,LVG1,Amacrine,573,0.0,4903876,0.0,0.0,True
CDKN2B-AS1,LVG1,Amacrine,573,6.0,4903876,1.2235219650741576,0.7990924095229951,True
CELF1,LVG1,Amacrine,573,768.0,4903876,156.61081152949217,5.06012877614629,True
CLIC5,LVG1,Amacrine,573,38.0,4903876,7.748972445469665,2.16893625867005,True
CMB9-22P13.1,LVG1,Amacrine,573,,4903876,,,False
COL11A1,LVG1,Amacrine,573,1162.0,4903876,236.95542056936188,5.472083347594948,True
CRHR1,LVG1,Amacrine,573,9.0,4903876,1.8352829476112364,1.0421417373533877,True
CTA-292E10.6,LVG1,Amacrine,573,,4903876,,,False
CTB-39G8.3,LVG1,Amacrine,573,,4903876,,,False
CTD-2005H7.1,LVG1,Amacrine,573,,4903876,,,False
CTD-2020K17.1,LVG1,Amacrine,573,,4903876,,,False
CTD-2020K17.3,LVG1,Amacrine,573,,4903876,,,False
CTTNBP2,LVG1,Amacrine,573,1251.0,4903876,255.10432971796186,5.545584899419311,True
DDX39BP2,LVG1,Amacrine,573,,4903876,,,False
DIO1,LVG1,Amacrine,573,6.0,4903876,1.2235219650741576,0.7990924095229951,True
DND1P1,LVG1,Amacrine,573,,4903876,,,False
DYSF,LVG1,Amacrine,573,46.0,4903876,9.380335065568541,2.3399131571366554,True
EFCAB13,LVG1,Amacrine,573,378.0,4903876,77.08188379967193,4.35775806834648,True
EFEMP1,LVG1,Amacrine,573,43.0,4903876,8.768574083031464,2.279170506890526,True
EHBP1L1,LVG1,Amacrine,573,13.0,4903876,2.650964257660675,1.2949913128859676,True
FAM215B,LVG1,Amacrine,573,35.0,4903876,7.137211462932586,2.0964475492019115,True
FAM83A,LVG1,Amacrine,573,4.0,4903876,0.8156813100494384,0.5964607747180372,True
FAM83A-AS1,LVG1,Amacrine,573,2.0,4903876,0.4078406550247192,0.3420570801842967,True
FAM89B,LVG1,Amacrine,573,61.0,4903876,12.439139978253936,2.5981713433343256,True
FHL3,LVG1,Amacrine,573,8.0,4903876,1.631362620098877,0.967501818520315,True
FLOT1,LVG1,Amacrine,573,206.0,4903876,42.00758746754608,3.7613765528612397,True
FLVCR2,LVG1,Amacrine,573,3.0,4903876,0.6117609825370788,0.47732735923040803,True
FMNL1,LVG1,Amacrine,573,18.0,4903876,3.670565895222473,1.5412802410466695,True
FNDC4,LVG1,Amacrine,573,65.0,4903876,13.254821288303376,2.657095185513224,True
GALR3,LVG1,Amacrine,573,2.0,4903876,0.4078406550247192,0.3420570801842967,True
GCAT,LVG1,Amacrine,573,53.0,4903876,10.80777735815506,2.4687584125105606,True
GLIS1,LVG1,Amacrine,573,115.0,4903876,23.450837663921355,3.196664475617093,True
H1F0,LVG1,Amacrine,573,151.0,4903876,30.791969454366303,3.459213725012771,True
HCG4,LVG1,Amacrine,573,,4903876,,,False
HCG4B,LVG1,Amacrine,573,,4903876,,,False
HCG4P5,LVG1,Amacrine,573,,4903876,,,False
HCG4P7,LVG1,Amacrine,573,,4903876,,,False
HCG9,LVG1,Amacrine,573,2.0,4903876,0.4078406550247192,0.3420570801842967,True
HCP5B,LVG1,Amacrine,573,,4903876,,,False
HECTD4,LVG1,Amacrine,573,1150.0,4903876,234.50837663921357,5.461746482417153,True
HLA-A,LVG1,Amacrine,573,386.0,4903876,78.71324641977081,4.378435775496195,True
HLA-C,LVG1,Amacrine,573,374.0,4903876,76.2662024896225,4.347256634751281,True
HLA-F,LVG1,Amacrine,573,49.0,4903876,9.992096048105621,2.3971764734426926,True
HLA-F-AS1,LVG1,Amacrine,573,68.0,4903876,13.866582270840453,2.6991158934924986,True
HLA-G,LVG1,Amacrine,573,0.0,4903876,0.0,0.0,True
HLA-H,LVG1,Amacrine,573,,4903876,,,False
HLA-J,LVG1,Amacrine,573,,4903876,,,False
HLA-L,LVG1,Amacrine,573,,4903876,,,False
HLA-T,LVG1,Amacrine,573,,4903876,,,False
HLA-U,LVG1,Amacrine,573,,4903876,,,False
HLA-V,LVG1,Amacrine,573,,4903876,,,False
HLA-W,LVG1,Amacrine,573,,4903876,,,False
HSCB,LVG1,Amacrine,573,54.0,4903876,11.01169768566742,2.4858809821110173,True
HTRA3,LVG1,Amacrine,573,0.0,4903876,0.0,0.0,True
IFITM4P,LVG1,Amacrine,573,,4903876,,,False
IFT172,LVG1,Amacrine,573,219.0,4903876,44.658551725206756,3.8211909219215703,True
INPP5B,LVG1,Amacrine,573,156.0,4903876,31.811571091928098,3.4907812303717844,True
ITGB3,LVG1,Amacrine,573,5.0,4903876,1.019601637561798,0.7029002828370136,True
KANSL1,LVG1,Amacrine,573,1545.0,4903876,315.0569060065956,5.755922279673395,True
KANSL1-AS1,LVG1,Amacrine,573,15.0,4903876,3.0588049126853942,1.4008885738008388,True
KHK,LVG1,Amacrine,573,79.0,4903876,16.109705873476408,2.839645897427674,True
KLF5,LVG1,Amacrine,573,9.0,4903876,1.8352829476112364,1.0421417373533877,True
KRT8P26,LVG1,Amacrine,573,,4903876,,,False
LHPP,LVG1,Amacrine,573,148.0,4903876,30.18020847182922,3.439783549682623,True
LINC01948,LVG1,Amacrine,573,31.0,4903876,6.321530152883148,1.990819343407091,True
LINC02052,LVG1,Amacrine,573,0.0,4903876,0.0,0.0,True
LINC02210,LVG1,Amacrine,573,,4903876,,,False
LMO4,LVG1,Amacrine,573,1023.0,4903876,208.6104950451439,5.345251022973604,True
LMO7,LVG1,Amacrine,573,277.0,4903876,56.48593072092361,4.051540234749136,True
LOXL1,LVG1,Amacrine,573,45.0,4903876,9.176414738056183,2.3200727622586133,True
LOXL1-AS1,LVG1,Amacrine,573,14.0,4903876,2.8548845851730347,1.3493410675717905,True
LRRC37A,LVG1,Amacrine,573,39.0,4903876,7.9528927729820245,2.191976694922421,True
LRRC37A17P,LVG1,Amacrine,573,,4903876,,,False
LRRC37A2,LVG1,Amacrine,573,196.0,4903876,39.968384192422484,3.7128006519824774,True
LRRC37A4P,LVG1,Amacrine,573,,4903876,,,False
LRWD1,LVG1,Amacrine,573,28.0,4903876,5.709769170346069,1.9035645495492552,True
LTBP2,LVG1,Amacrine,573,99.0,4903876,20.188112423723602,3.053440289677435,True
LTBP3,LVG1,Amacrine,573,103.0,4903876,21.00379373377304,3.0912148809360556,True
MADD,LVG1,Amacrine,573,557.0,4903876,113.5836224243843,4.741304883285934,True
MAPK8IP1P1,LVG1,Amacrine,573,,4903876,,,False
MAPK8IP1P2,LVG1,Amacrine,573,,4903876,,,False
MAPT,LVG1,Amacrine,573,1100.0,4903876,224.31236026359556,5.417487707289763,True
MAPT-AS1,LVG1,Amacrine,573,73.0,4903876,14.886183908402252,2.765449794903483,True
MAPT-IT1,LVG1,Amacrine,573,19.0,4903876,3.8744862227348325,1.5840147086876328,True
ME3,LVG1,Amacrine,573,359.0,4903876,73.2073975769371,4.306863843006226,True
MICE,LVG1,Amacrine,573,,4903876,,,False
MOV10,LVG1,Amacrine,573,23.0,4903876,4.690167532784271,1.7387396910763686,True
MRPL33,LVG1,Amacrine,573,397.0,4903876,80.95637002240676,4.40618703276576,True
MTCH2,LVG1,Amacrine,573,212.0,4903876,43.23110943262024,3.7894283748263438,True
MVB12B,LVG1,Amacrine,573,485.0,4903876,98.9013588434944,4.604183287598982,True
Metazoa_SRP,LVG1,Amacrine,573,,4903876,,,False
NEAT1,LVG1,Amacrine,573,3747.0,4903876,764.0894671888115,6.63999277756196,True
NMT1,LVG1,Amacrine,573,290.0,4903876,59.13689497858429,4.096623546340322,True
NPEPPS,LVG1,Amacrine,573,985.0,4903876,200.86152259967423,5.307581930632134,True
NRBP1,LVG1,Amacrine,573,159.0,4903876,32.42333207446518,3.509254221203373,True
NSF,LVG1,Amacrine,573,1044.0,4903876,212.89282192290344,5.365475057427581,True
NUCB2,LVG1,Amacrine,573,383.0,4903876,78.10148543723373,4.3707316538290595,True
NUDT7,LVG1,Amacrine,573,32.0,4903876,6.525450480395508,2.0182906733475177,True
PDE6C,LVG1,Amacrine,573,30.0,4903876,6.1176098253707885,1.9625719703805897,True
PGAM1P8,LVG1,Amacrine,573,,4903876,,,False
PIBF1,LVG1,Amacrine,573,667.0,4903876,136.01485845074387,4.9200893757920605,True
PIGC,LVG1,Amacrine,573,238.0,4903876,48.53303794794159,3.902639880231851,True
PKIB,LVG1,Amacrine,573,128.0,4903876,26.10180192158203,3.299600217246481,True
PLCE1,LVG1,Amacrine,573,307.0,4903876,62.603540546294404,4.15266913776351,True
PLCE1-AS1,LVG1,Amacrine,573,14.0,4903876,2.8548845851730347,1.3493410675717905,True
PLEKHA7,LVG1,Amacrine,573,113.0,4903876,23.042997008896638,3.1798437694880226,True
PLEKHM1,LVG1,Amacrine,573,101.0,4903876,20.59595307874832,3.0725059396711614,True
PPP1R18,LVG1,Amacrine,573,13.0,4903876,2.650964257660675,1.2949913128859676,True
PRKCE,LVG1,Amacrine,573,971.0,4903876,198.0066380145012,5.2933381810249545,True
PROX2,LVG1,Amacrine,573,3.0,4903876,0.6117609825370788,0.47732735923040803,True
PRSS23,LVG1,Amacrine,573,117.0,4903876,23.858678318946076,3.2132069197032918,True
PSORS1C3,LVG1,Amacrine,573,0.0,4903876,0.0,0.0,True
RAPSN,LVG1,Amacrine,573,0.0,4903876,0.0,0.0,True
RERE,LVG1,Amacrine,573,3720.0,4903876,758.5836183459777,6.632770412547044,True
RIC8B,LVG1,Amacrine,573,351.0,4903876,71.57603495683823,4.284634770323491,True
RORA,LVG1,Amacrine,573,12101.0,4903876,2467.639883227064,7.811422623392177,True
RP11-123K19.1,LVG1,Amacrine,573,,4903876,,,False
RP11-136H19.1,LVG1,Amacrine,573,,4903876,,,False
RP11-149I2.4,LVG1,Amacrine,573,,4903876,,,False
RP11-162I7.1,LVG1,Amacrine,573,,4903876,,,False
RP11-17G12.2,LVG1,Amacrine,573,,4903876,,,False
RP11-205K6.1,LVG1,Amacrine,573,,4903876,,,False
RP11-217B7.2,LVG1,Amacrine,573,,4903876,,,False
RP11-259A24.1,LVG1,Amacrine,573,,4903876,,,False
RP11-259G18.1,LVG1,Amacrine,573,,4903876,,,False
RP11-259G18.3,LVG1,Amacrine,573,,4903876,,,False
RP11-293E1.1,LVG1,Amacrine,573,,4903876,,,False
RP11-293E1.2,LVG1,Amacrine,573,,4903876,,,False
RP11-302L19.3,LVG1,Amacrine,573,,4903876,,,False
RP11-403A3.3,LVG1,Amacrine,573,,4903876,,,False
RP11-412D9.4,LVG1,Amacrine,573,,4903876,,,False
RP11-507B12.1,LVG1,Amacrine,573,,4903876,,,False
RP11-507B12.2,LVG1,Amacrine,573,,4903876,,,False
RP11-669E14.6,LVG1,Amacrine,573,,4903876,,,False
RP11-707O23.1,LVG1,Amacrine,573,,4903876,,,False
RP11-750H9.5,LVG1,Amacrine,573,,4903876,,,False
RP11-755F10.1,LVG1,Amacrine,573,,4903876,,,False
RP11-762L8.6,LVG1,Amacrine,573,,4903876,,,False
RP11-770G2.2,LVG1,Amacrine,573,,4903876,,,False
RP11-798G7.6,LVG1,Amacrine,573,,4903876,,,False
RP11-798G7.8,LVG1,Amacrine,573,,4903876,,,False
RP5-1115A15.1,LVG1,Amacrine,573,,4903876,,,False
RPS26P8,LVG1,Amacrine,573,,4903876,,,False
SCRN2,LVG1,Amacrine,573,42.0,4903876,8.564653755519103,2.2580744031276665,True
SEMA3E,LVG1,Amacrine,573,170.0,4903876,34.66645567710113,3.574210630181004,True
SEPT7,LVG1,Amacrine,573,,4903876,,,False
SF3A3,LVG1,Amacrine,573,116.0,4903876,23.654757991433716,3.2049699038272133,True
SFTA1P,LVG1,Amacrine,573,2.0,4903876,0.4078406550247192,0.3420570801842967,True
SGSM2,LVG1,Amacrine,573,133.0,4903876,27.12140355914383,3.3365309788954134,True
SLC25A45,LVG1,Amacrine,573,36.0,4903876,7.341131790444946,2.121198913451753,True
SLC39A13,LVG1,Amacrine,573,93.0,4903876,18.964590458649443,2.993960227339574,True
SMAD6,LVG1,Amacrine,573,4.0,4903876,0.8156813100494384,0.5964607747180372,True
SNORD14A,LVG1,Amacrine,573,,4903876,,,False
SSSCA1-AS1,LVG1,Amacrine,573,4.0,4903876,0.8156813100494384,0.5964607747180372,True
TARID,LVG1,Amacrine,573,22.0,4903876,4.486247205271911,1.7022444526142824,True
TBC1D31,LVG1,Amacrine,573,150.0,4903876,30.588049126853942,3.4527788568719986,True
TBKBP1,LVG1,Amacrine,573,43.0,4903876,8.768574083031464,2.279170506890526,True
TBPL1,LVG1,Amacrine,573,174.0,4903876,35.482136987150575,3.596822743182035,True
TGFB3,LVG1,Amacrine,573,19.0,4903876,3.8744862227348325,1.5840147086876328,True
THCAT158,LVG1,Amacrine,573,,4903876,,,False
THSD7A,LVG1,Amacrine,573,1859.0,4903876,379.0878888454765,5.9404025124133115,True
TIGD3,LVG1,Amacrine,573,9.0,4903876,1.8352829476112364,1.0421417373533877,True
TMEM116,LVG1,Amacrine,573,148.0,4903876,30.18020847182922,3.439783549682623,True
TMEM136,LVG1,Amacrine,573,,4903876,,,False
TMEM181,LVG1,Amacrine,573,236.0,4903876,48.125197292916866,3.894372086322162,True
TMEM263,LVG1,Amacrine,573,138.0,4903876,28.141005196705628,3.37214629559783,True
TRIM26,LVG1,Amacrine,573,203.0,4903876,41.395826485009,3.7470499254358343,True
TRIOBP,LVG1,Amacrine,573,69.0,4903876,14.070502598352814,2.7127393630015058,True
TSC22D2,LVG1,Amacrine,573,437.0,4903876,89.11318312290115,4.501066470480447,True
TTC28,LVG1,Amacrine,573,2448.0,4903876,499.1969617502563,6.215001944355212,True
TTLL5,LVG1,Amacrine,573,539.0,4903876,109.91305652916184,4.708746619880519,True
TXNDC8,LVG1,Amacrine,573,0.0,4903876,0.0,0.0,True
TXNRD2,LVG1,Amacrine,573,73.0,4903876,14.886183908402252,2.765449794903483,True
UTP11,LVG1,Amacrine,573,81.0,4903876,16.51754652850113,2.863203037374402,True
VARS2,LVG1,Amacrine,573,34.0,4903876,6.933291135420227,2.071067972930496,True
VCAM1,LVG1,Amacrine,573,0.0,4903876,0.0,0.0,True
WLS,LVG1,Amacrine,573,52.0,4903876,10.6038570306427,2.451337545487178,True
WNT2B,LVG1,Amacrine,573,42.0,4903876,8.564653755519103,2.2580744031276665,True
XRCC6P1,LVG1,Amacrine,573,,4903876,,,False
XXbac-BPG170G13.32,LVG1,Amacrine,573,,4903876,,,False
XXbac-BPG283O16.9,LVG1,Amacrine,573,,4903876,,,False
YAP1,LVG1,Amacrine,573,17.0,4903876,3.4666455677101133,1.49663769463061,True
YIF1A,LVG1,Amacrine,573,112.0,4903876,22.839076681384277,3.171326111639424,True
ZNF280D,LVG1,Amacrine,573,1003.0,4903876,204.5320884948967,5.325602170140056,True
ZNF638,LVG1,Amacrine,573,1951.0,4903876,397.8485589766136,5.988581793404927,True
ZNF638-IT1,LVG1,Amacrine,573,,4903876,,,False
DGKG,LVG1,Horizontal,223,18.0,2145424,8.38994995860958,2.2396399639844145,True
SLC2A12,LVG1,Horizontal,223,0.0,2145424,0.0,0.0,True
COL8A2,LVG1,Horizontal,223,0.0,2145424,0.0,0.0,True
NPC2,LVG1,Horizontal,223,45.0,2145424,20.97487489652395,3.089899750564089,True
PSMC3,LVG1,Horizontal,223,111.0,2145424,51.73802474475908,3.9653367275267493,True
RP11-466F5.8,LVG1,Horizontal,223,,2145424,,,False
LPP,LVG1,Horizontal,223,166.0,2145424,77.37398295162168,4.361492022175065,True
RP11-121M22.1,LVG1,Horizontal,223,,2145424,,,False
ABO,LVG1,Horizontal,223,0.0,2145424,0.0,0.0,True
ADAMTS8,LVG1,Horizontal,223,0.0,2145424,0.0,0.0,True
CALD1,LVG1,Horizontal,223,99.0,2145424,46.14472477235269,3.853222121003743,True
CHEK2,LVG1,Horizontal,223,2.0,2145424,0.9322166620677311,0.6586678734300632,True
GAS7,LVG1,Horizontal,223,24.0,2145424,11.186599944812773,2.500336982914841,True
LMX1B,LVG1,Horizontal,223,0.0,2145424,0.0,0.0,True
TCF12,LVG1,Horizontal,223,487.0,2145424,226.99475721349253,5.429322634012395,True
TMCO1,LVG1,Horizontal,223,210.0,2145424,97.88274951711178,4.593934799927879,True
TRIB2,LVG1,Horizontal,223,50.0,2145424,23.305416551693277,3.1906992288691027,True
AC000078.5,LVG1,Horizontal,223,,2145424,,,False
AC002066.1,LVG1,Horizontal,223,1.0,2145424,0.46610833103386556,0.3826114963917901,True
AC012066.1,LVG1,Horizontal,223,,2145424,,,False
AC091132.1,LVG1,Horizontal,223,0.0,2145424,0.0,0.0,True
ACBD4,LVG1,Horizontal,223,18.0,2145424,8.38994995860958,2.2396399639844145,True
AFAP1,LVG1,Horizontal,223,23.0,2145424,10.720491613778908,2.4613387298373,True
ALDH2,LVG1,Horizontal,223,49.0,2145424,22.83930822065941,3.171335824186341,True
AP003068.23,LVG1,Horizontal,223,,2145424,,,False
AP5B1,LVG1,Horizontal,223,14.0,2145424,6.525516634474118,2.0182994640223106,True
AREL1,LVG1,Horizontal,223,76.0,2145424,35.424233158573784,3.5952342992467226,True
ARHGAP27,LVG1,Horizontal,223,0.0,2145424,0.0,0.0,True
ARHGEF12,LVG1,Horizontal,223,503.0,2145424,234.45249051003438,5.461509154293567,True
ARL17A,LVG1,Horizontal,223,121.0,2145424,56.399108055097734,4.050028764094992,True
ATP5J,LVG1,Horizontal,223,,2145424,,,False
BICC1,LVG1,Horizontal,223,1.0,2145424,0.46610833103386556,0.3826114963917901,True
BORA,LVG1,Horizontal,223,22.0,2145424,10.254383282745042,2.42075767789916,True
C1orf109,LVG1,Horizontal,223,19.0,2145424,8.856058289643446,2.2880863209014604,True
C1orf122,LVG1,Horizontal,223,232.0,2145424,108.13713279985681,4.692605190566903,True
C22orf29,LVG1,Horizontal,223,,2145424,,,False
C6orf15,LVG1,Horizontal,223,0.0,2145424,0.0,0.0,True
CADM1,LVG1,Horizontal,223,907.0,2145424,422.7602562477161,6.049167861936192,True
CADM2,LVG1,Horizontal,223,6036.0,2145424,2813.4298861204124,7.9425149929293335,True
CAV2,LVG1,Horizontal,223,1.0,2145424,0.46610833103386556,0.3826114963917901,True
CCDC117,LVG1,Horizontal,223,40.0,2145424,18.644333241354623,2.97778891206053,True
CDC14A,LVG1,Horizontal,223,7.0,2145424,3.262758317237059,1.449916443057745,True
CDKN2A,LVG1,Horizontal,223,0.0,2145424,0.0,0.0,True
CDKN2B-AS1,LVG1,Horizontal,223,1.0,2145424,0.46610833103386556,0.3826114963917901,True
CELF1,LVG1,Horizontal,223,287.0,2145424,133.77309100671943,4.903592556939287,True
CLIC5,LVG1,Horizontal,223,2.0,2145424,0.9322166620677311,0.6586678734300632,True
CMB9-22P13.1,LVG1,Horizontal,223,,2145424,,,False
COL11A1,LVG1,Horizontal,223,13.0,2145424,6.059408303440252,1.9543612382819082,True
CRHR1,LVG1,Horizontal,223,8.0,2145424,3.7288666482709245,1.5536855645479124,True
CTA-292E10.6,LVG1,Horizontal,223,,2145424,,,False
CTB-39G8.3,LVG1,Horizontal,223,,2145424,,,False
CTD-2005H7.1,LVG1,Horizontal,223,,2145424,,,False
CTD-2020K17.1,LVG1,Horizontal,223,,2145424,,,False
CTD-2020K17.3,LVG1,Horizontal,223,,2145424,,,False
CTTNBP2,LVG1,Horizontal,223,568.0,2145424,264.74953202723566,5.582554256269371,True
DDX39BP2,LVG1,Horizontal,223,,2145424,,,False
DIO1,LVG1,Horizontal,223,2.0,2145424,0.9322166620677311,0.6586678734300632,True
DND1P1,LVG1,Horizontal,223,,2145424,,,False
DYSF,LVG1,Horizontal,223,2.0,2145424,0.9322166620677311,0.6586678734300632,True
EFCAB13,LVG1,Horizontal,223,137.0,2145424,63.85684135163958,4.1721824002119625,True
EFEMP1,LVG1,Horizontal,223,7.0,2145424,3.262758317237059,1.449916443057745,True
EHBP1L1,LVG1,Horizontal,223,2.0,2145424,0.9322166620677311,0.6586678734300632,True
FAM215B,LVG1,Horizontal,223,15.0,2145424,6.991624965507984,2.0783941140074425,True
FAM83A,LVG1,Horizontal,223,8.0,2145424,3.7288666482709245,1.5536855645479124,True
FAM83A-AS1,LVG1,Horizontal,223,1.0,2145424,0.46610833103386556,0.3826114963917901,True
FAM89B,LVG1,Horizontal,223,33.0,2145424,15.381574924117563,2.7961572230164107,True
FHL3,LVG1,Horizontal,223,0.0,2145424,0.0,0.0,True
FLOT1,LVG1,Horizontal,223,91.0,2145424,42.415858124081765,3.7708247689301184,True
FLVCR2,LVG1,Horizontal,223,0.0,2145424,0.0,0.0,True
FMNL1,LVG1,Horizontal,223,3.0,2145424,1.3983249931015966,0.8747705741536794,True
FNDC4,LVG1,Horizontal,223,1.0,2145424,0.46610833103386556,0.3826114963917901,True
GALR3,LVG1,Horizontal,223,0.0,2145424,0.0,0.0,True
GCAT,LVG1,Horizontal,223,18.0,2145424,8.38994995860958,2.2396399639844145,True
GLIS1,LVG1,Horizontal,223,0.0,2145424,0.0,0.0,True
H1F0,LVG1,Horizontal,223,109.0,2145424,50.80580808269135,3.9475022681283645,True
HCG4,LVG1,Horizontal,223,,2145424,,,False
HCG4B,LVG1,Horizontal,223,,2145424,,,False
HCG4P5,LVG1,Horizontal,223,,2145424,,,False
HCG4P7,LVG1,Horizontal,223,,2145424,,,False
HCG9,LVG1,Horizontal,223,0.0,2145424,0.0,0.0,True
HCP5B,LVG1,Horizontal,223,,2145424,,,False
HECTD4,LVG1,Horizontal,223,543.0,2145424,253.096823751389,5.537715390253459,True
HLA-A,LVG1,Horizontal,223,183.0,2145424,85.2978245791974,4.457804390114624,True
HLA-C,LVG1,Horizontal,223,213.0,2145424,99.28107451021337,4.60797698833254,True
HLA-F,LVG1,Horizontal,223,20.0,2145424,9.322166620677311,2.334293681882368,True
HLA-F-AS1,LVG1,Horizontal,223,15.0,2145424,6.991624965507984,2.0783941140074425,True
HLA-G,LVG1,Horizontal,223,0.0,2145424,0.0,0.0,True
HLA-H,LVG1,Horizontal,223,,2145424,,,False
HLA-J,LVG1,Horizontal,223,,2145424,,,False
HLA-L,LVG1,Horizontal,223,,2145424,,,False
HLA-T,LVG1,Horizontal,223,,2145424,,,False
HLA-U,LVG1,Horizontal,223,,2145424,,,False
HLA-V,LVG1,Horizontal,223,,2145424,,,False
HLA-W,LVG1,Horizontal,223,,2145424,,,False
HSCB,LVG1,Horizontal,223,25.0,2145424,11.652708275846638,2.537871285211207,True
HTRA3,LVG1,Horizontal,223,0.0,2145424,0.0,0.0,True
IFITM4P,LVG1,Horizontal,223,,2145424,,,False
IFT172,LVG1,Horizontal,223,38.0,2145424,17.712116579286892,2.9291712594509534,True
INPP5B,LVG1,Horizontal,223,92.0,2145424,42.88196645511563,3.781503448785658,True
ITGB3,LVG1,Horizontal,223,0.0,2145424,0.0,0.0,True
KANSL1,LVG1,Horizontal,223,720.0,2145424,335.5979983443832,5.818889335049729,True
KANSL1-AS1,LVG1,Horizontal,223,16.0,2145424,7.457733296541849,2.135081205867136,True
KHK,LVG1,Horizontal,223,25.0,2145424,11.652708275846638,2.537871285211207,True
KLF5,LVG1,Horizontal,223,38.0,2145424,17.712116579286892,2.9291712594509534,True
KRT8P26,LVG1,Horizontal,223,,2145424,,,False
LHPP,LVG1,Horizontal,223,93.0,2145424,43.348074786149496,3.7920692982564215,True
LINC01948,LVG1,Horizontal,223,12.0,2145424,5.5932999724063865,1.8860539777168486,True
LINC02052,LVG1,Horizontal,223,0.0,2145424,0.0,0.0,True
LINC02210,LVG1,Horizontal,223,,2145424,,,False
LMO4,LVG1,Horizontal,223,169.0,2145424,78.77230794472328,4.3791764259944514,True
LMO7,LVG1,Horizontal,223,42.0,2145424,19.576549903422354,3.024152073175459,True
LOXL1,LVG1,Horizontal,223,0.0,2145424,0.0,0.0,True
LOXL1-AS1,LVG1,Horizontal,223,0.0,2145424,0.0,0.0,True
LRRC37A,LVG1,Horizontal,223,16.0,2145424,7.457733296541849,2.135081205867136,True
LRRC37A17P,LVG1,Horizontal,223,,2145424,,,False
LRRC37A2,LVG1,Horizontal,223,86.0,2145424,40.08531646891244,3.715650794138259,True
LRRC37A4P,LVG1,Horizontal,223,,2145424,,,False
LRWD1,LVG1,Horizontal,223,18.0,2145424,8.38994995860958,2.2396399639844145,True
LTBP2,LVG1,Horizontal,223,4.0,2145424,1.8644333241354623,1.052370537980287,True
LTBP3,LVG1,Horizontal,223,29.0,2145424,13.517141599982102,2.6753301305119095,True
MADD,LVG1,Horizontal,223,242.0,2145424,112.79821611019547,4.734426845912033,True
MAPK8IP1P1,LVG1,Horizontal,223,,2145424,,,False
MAPK8IP1P2,LVG1,Horizontal,223,,2145424,,,False
MAPT,LVG1,Horizontal,223,869.0,2145424,405.0481396684292,6.006471723184688,True
MAPT-AS1,LVG1,Horizontal,223,182.0,2145424,84.83171624816353,4.452388591430989,True
MAPT-IT1,LVG1,Horizontal,223,23.0,2145424,10.720491613778908,2.4613387298373,True
ME3,LVG1,Horizontal,223,338.0,2145424,157.54461588944656,5.06603604196844,True
MICE,LVG1,Horizontal,223,,2145424,,,False
MOV10,LVG1,Horizontal,223,10.0,2145424,4.661083310338656,1.7336152714872453,True
MRPL33,LVG1,Horizontal,223,248.0,2145424,115.59486609639866,4.758705242899002,True
MTCH2,LVG1,Horizontal,223,118.0,2145424,55.00078306199614,4.025365673887316,True
MVB12B,LVG1,Horizontal,223,122.0,2145424,56.8652163861316,4.058116450792428,True
Metazoa_SRP,LVG1,Horizontal,223,,2145424,,,False
NEAT1,LVG1,Horizontal,223,2133.0,2145424,994.2090700952352,6.90295283578506,True
NMT1,LVG1,Horizontal,223,137.0,2145424,63.85684135163958,4.1721824002119625,True
NPEPPS,LVG1,Horizontal,223,334.0,2145424,155.6801825653111,5.054206674008281,True
NRBP1,LVG1,Horizontal,223,86.0,2145424,40.08531646891244,3.715650794138259,True
NSF,LVG1,Horizontal,223,236.0,2145424,110.00156612399228,4.7095443104379555,True
NUCB2,LVG1,Horizontal,223,116.0,2145424,54.06856639992841,4.008579070611745,True
NUDT7,LVG1,Horizontal,223,19.0,2145424,8.856058289643446,2.2880863209014604,True
PDE6C,LVG1,Horizontal,223,14.0,2145424,6.525516634474118,2.0182994640223106,True
PGAM1P8,LVG1,Horizontal,223,,2145424,,,False
PIBF1,LVG1,Horizontal,223,307.0,2145424,143.09525762739673,4.97047459217521,True
PIGC,LVG1,Horizontal,223,67.0,2145424,31.229258179268992,3.472874679095476,True
PKIB,LVG1,Horizontal,223,32.0,2145424,14.915466593083698,2.76729137812294,True
PLCE1,LVG1,Horizontal,223,7.0,2145424,3.262758317237059,1.449916443057745,True
PLCE1-AS1,LVG1,Horizontal,223,0.0,2145424,0.0,0.0,True
PLEKHA7,LVG1,Horizontal,223,56.0,2145424,26.102066537896473,3.299609980989253,True
PLEKHM1,LVG1,Horizontal,223,27.0,2145424,12.584924937914371,2.6089607174978915,True
PPP1R18,LVG1,Horizontal,223,1.0,2145424,0.46610833103386556,0.3826114963917901,True
PRKCE,LVG1,Horizontal,223,399.0,2145424,185.97722408251235,5.2309868130866075,True
PROX2,LVG1,Horizontal,223,1.0,2145424,0.46610833103386556,0.3826114963917901,True
PRSS23,LVG1,Horizontal,223,24.0,2145424,11.186599944812773,2.500336982914841,True
PSORS1C3,LVG1,Horizontal,223,0.0,2145424,0.0,0.0,True
RAPSN,LVG1,Horizontal,223,0.0,2145424,0.0,0.0,True
RERE,LVG1,Horizontal,223,1458.0,2145424,679.585946647376,6.522954113377831,True
RIC8B,LVG1,Horizontal,223,163.0,2145424,75.97565795852009,4.343489241465102,True
RORA,LVG1,Horizontal,223,5618.0,2145424,2618.5966037482567,7.870775616865831,True
RP11-123K19.1,LVG1,Horizontal,223,,2145424,,,False
RP11-136H19.1,LVG1,Horizontal,223,,2145424,,,False
RP11-149I2.4,LVG1,Horizontal,223,,2145424,,,False
RP11-162I7.1,LVG1,Horizontal,223,,2145424,,,False
RP11-17G12.2,LVG1,Horizontal,223,,2145424,,,False
RP11-205K6.1,LVG1,Horizontal,223,,2145424,,,False
RP11-217B7.2,LVG1,Horizontal,223,,2145424,,,False
RP11-259A24.1,LVG1,Horizontal,223,,2145424,,,False
RP11-259G18.1,LVG1,Horizontal,223,,2145424,,,False
RP11-259G18.3,LVG1,Horizontal,223,,2145424,,,False
RP11-293E1.1,LVG1,Horizontal,223,,2145424,,,False
RP11-293E1.2,LVG1,Horizontal,223,,2145424,,,False
RP11-302L19.3,LVG1,Horizontal,223,,2145424,,,False
RP11-403A3.3,LVG1,Horizontal,223,,2145424,,,False
RP11-412D9.4,LVG1,Horizontal,223,,2145424,,,False
RP11-507B12.1,LVG1,Horizontal,223,,2145424,,,False
RP11-507B12.2,LVG1,Horizontal,223,,2145424,,,False
RP11-669E14.6,LVG1,Horizontal,223,,2145424,,,False
RP11-707O23.1,LVG1,Horizontal,223,,2145424,,,False
RP11-750H9.5,LVG1,Horizontal,223,,2145424,,,False
RP11-755F10.1,LVG1,Horizontal,223,,2145424,,,False
RP11-762L8.6,LVG1,Horizontal,223,,2145424,,,False
RP11-770G2.2,LVG1,Horizontal,223,,2145424,,,False
RP11-798G7.6,LVG1,Horizontal,223,,2145424,,,False
RP11-798G7.8,LVG1,Horizontal,223,,2145424,,,False
RP5-1115A15.1,LVG1,Horizontal,223,,2145424,,,False
RPS26P8,LVG1,Horizontal,223,,2145424,,,False
SCRN2,LVG1,Horizontal,223,27.0,2145424,12.584924937914371,2.6089607174978915,True
SEMA3E,LVG1,Horizontal,223,26.0,2145424,12.118816606880504,2.5740475818015875,True
SEPT7,LVG1,Horizontal,223,,2145424,,,False
SF3A3,LVG1,Horizontal,223,79.0,2145424,36.82255815167538,3.6329057011246095,True
SFTA1P,LVG1,Horizontal,223,0.0,2145424,0.0,0.0,True
SGSM2,LVG1,Horizontal,223,42.0,2145424,19.576549903422354,3.024152073175459,True
SLC25A45,LVG1,Horizontal,223,5.0,2145424,2.330541655169328,1.2031349499747859,True
SLC39A13,LVG1,Horizontal,223,40.0,2145424,18.644333241354623,2.97778891206053,True
SMAD6,LVG1,Horizontal,223,0.0,2145424,0.0,0.0,True
SNORD14A,LVG1,Horizontal,223,,2145424,,,False
SSSCA1-AS1,LVG1,Horizontal,223,2.0,2145424,0.9322166620677311,0.6586678734300632,True
TARID,LVG1,Horizontal,223,2.0,2145424,0.9322166620677311,0.6586678734300632,True
TBC1D31,LVG1,Horizontal,223,64.0,2145424,29.830933186167396,3.428518510209589,True
TBKBP1,LVG1,Horizontal,223,21.0,2145424,9.788274951711177,2.3784598917631543,True
TBPL1,LVG1,Horizontal,223,69.0,2145424,32.16147484133673,3.5013888057960387,True
TGFB3,LVG1,Horizontal,223,0.0,2145424,0.0,0.0,True
THCAT158,LVG1,Horizontal,223,,2145424,,,False
THSD7A,LVG1,Horizontal,223,1291.0,2145424,601.7458553647205,6.401495640828133,True
TIGD3,LVG1,Horizontal,223,3.0,2145424,1.3983249931015966,0.8747705741536794,True
TMEM116,LVG1,Horizontal,223,57.0,2145424,26.56817486893034,3.3166620229506827,True
TMEM136,LVG1,Horizontal,223,,2145424,,,False
TMEM181,LVG1,Horizontal,223,125.0,2145424,58.263541379233196,4.08199430038742,True
TMEM263,LVG1,Horizontal,223,81.0,2145424,37.75477481374311,3.6572539692080945,True
TRIM26,LVG1,Horizontal,223,64.0,2145424,29.830933186167396,3.428518510209589,True
TRIOBP,LVG1,Horizontal,223,63.0,2145424,29.36482485513353,3.4132848613478397,True
TSC22D2,LVG1,Horizontal,223,104.0,2145424,48.475266427522016,3.9014728765680564,True
TTC28,LVG1,Horizontal,223,468.0,2145424,218.1386989238491,5.389704857768097,True
TTLL5,LVG1,Horizontal,223,166.0,2145424,77.37398295162168,4.361492022175065,True
TXNDC8,LVG1,Horizontal,223,0.0,2145424,0.0,0.0,True
TXNRD2,LVG1,Horizontal,223,39.0,2145424,18.178224910320758,2.9537755161797086,True
UTP11,LVG1,Horizontal,223,33.0,2145424,15.381574924117563,2.7961572230164107,True
VARS2,LVG1,Horizontal,223,3.0,2145424,1.3983249931015966,0.8747705741536794,True
VCAM1,LVG1,Horizontal,223,0.0,2145424,0.0,0.0,True
WLS,LVG1,Horizontal,223,49.0,2145424,22.83930822065941,3.171335824186341,True
WNT2B,LVG1,Horizontal,223,12.0,2145424,5.5932999724063865,1.8860539777168486,True
XRCC6P1,LVG1,Horizontal,223,,2145424,,,False
XXbac-BPG170G13.32,LVG1,Horizontal,223,,2145424,,,False
XXbac-BPG283O16.9,LVG1,Horizontal,223,,2145424,,,False
YAP1,LVG1,Horizontal,223,2.0,2145424,0.9322166620677311,0.6586678734300632,True
YIF1A,LVG1,Horizontal,223,58.0,2145424,27.034283199964204,3.333428161207541,True
ZNF280D,LVG1,Horizontal,223,558.0,2145424,260.088448716897,5.564859233887275,True
ZNF638,LVG1,Horizontal,223,775.0,2145424,361.2339565512458,5.89229029188669,True
ZNF638-IT1,LVG1,Horizontal,223,,2145424,,,False
DGKG,LVG1,RGC,152,201.0,2866201,70.12767073907239,4.264476441675748,True
SLC2A12,LVG1,RGC,152,6.0,2866201,2.0933633056439516,1.1292589474076116,True
COL8A2,LVG1,RGC,152,1.0,2866201,0.3488938842739919,0.2992849116215479,True
NPC2,LVG1,RGC,152,76.0,2866201,26.51593520482339,3.314765298842831,True
PSMC3,LVG1,RGC,152,122.0,2866201,42.56505388142702,3.77425531248788,True
RP11-466F5.8,LVG1,RGC,152,,2866201,,,False
LPP,LVG1,RGC,152,1315.0,2866201,458.7954578202994,6.130781733681547,True
RP11-121M22.1,LVG1,RGC,152,,2866201,,,False
ABO,LVG1,RGC,152,63.0,2866201,21.980314709261492,3.1346379672468303,True
ADAMTS8,LVG1,RGC,152,1.0,2866201,0.3488938842739919,0.2992849116215479,True
CALD1,LVG1,RGC,152,182.0,2866201,63.49868693786654,4.166644866042052,True
CHEK2,LVG1,RGC,152,5.0,2866201,1.7444694213699596,1.009587767160333,True
GAS7,LVG1,RGC,152,12.0,2866201,4.186726611287903,1.646102787461603,True
LMX1B,LVG1,RGC,152,0.0,2866201,0.0,0.0,True
TCF12,LVG1,RGC,152,685.0,2866201,238.9923107276845,5.480606884194096,True
TMCO1,LVG1,RGC,152,148.0,2866201,51.636294872550806,3.9634058983800906,True
TRIB2,LVG1,RGC,152,47.0,2866201,16.39801256087762,2.856355979057592,True
AC000078.5,LVG1,RGC,152,,2866201,,,False
AC002066.1,LVG1,RGC,152,59.0,2866201,20.584739172165524,3.0719865451802284,True
AC012066.1,LVG1,RGC,152,,2866201,,,False
AC091132.1,LVG1,RGC,152,0.0,2866201,0.0,0.0,True
ACBD4,LVG1,RGC,152,24.0,2866201,8.373453222575806,2.2378815686522806,True
AFAP1,LVG1,RGC,152,52.0,2866201,18.14248198224758,2.9519100527612654,True
ALDH2,LVG1,RGC,152,117.0,2866201,40.820584460057056,3.73338866951395,True
AP003068.23,LVG1,RGC,152,,2866201,,,False
AP5B1,LVG1,RGC,152,11.0,2866201,3.8378327270139114,1.5764668367686805,True
AREL1,LVG1,RGC,152,118.0,2866201,41.16947834433105,3.7416966973791586,True
ARHGAP27,LVG1,RGC,152,1.0,2866201,0.3488938842739919,0.2992849116215479,True
ARHGEF12,LVG1,RGC,152,901.0,2866201,314.35338973086675,5.7536938821588075,True
ARL17A,LVG1,RGC,152,166.0,2866201,57.91638478948266,4.0761192317602,True
ATP5J,LVG1,RGC,152,,2866201,,,False
BICC1,LVG1,RGC,152,90.0,2866201,31.400449584659274,3.4781722987717427,True
BORA,LVG1,RGC,152,22.0,2866201,7.675665454027823,2.1605220322889274,True
C1orf109,LVG1,RGC,152,19.0,2866201,6.628983801205847,2.03195465178769,True
C1orf122,LVG1,RGC,152,136.0,2866201,47.449568261262904,3.8805234272808264,True
C22orf29,LVG1,RGC,152,,2866201,,,False
C6orf15,LVG1,RGC,152,0.0,2866201,0.0,0.0,True
CADM1,LVG1,RGC,152,3306.0,2866201,1153.4431814098175,7.051373412693737,True
CADM2,LVG1,RGC,152,7863.0,2866201,2743.352612046399,7.917300483522342,True
CAV2,LVG1,RGC,152,54.0,2866201,18.840269750795564,2.987713698074558,True
CCDC117,LVG1,RGC,152,27.0,2866201,9.420134875397782,2.3437399801375896,True
CDC14A,LVG1,RGC,152,33.0,2866201,11.513498181041735,2.5268079161681363,True
CDKN2A,LVG1,RGC,152,1.0,2866201,0.3488938842739919,0.2992849116215479,True
CDKN2B-AS1,LVG1,RGC,152,1.0,2866201,0.3488938842739919,0.2992849116215479,True
CELF1,LVG1,RGC,152,493.0,2866201,172.00468494707803,5.153318674750054,True
CLIC5,LVG1,RGC,152,29.0,2866201,10.117922643945766,2.408558458775985,True
CMB9-22P13.1,LVG1,RGC,152,,2866201,,,False
COL11A1,LVG1,RGC,152,19.0,2866201,6.628983801205847,2.03195465178769,True
CRHR1,LVG1,RGC,152,6.0,2866201,2.0933633056439516,1.1292589474076116,True
CTA-292E10.6,LVG1,RGC,152,,2866201,,,False
CTB-39G8.3,LVG1,RGC,152,,2866201,,,False
CTD-2005H7.1,LVG1,RGC,152,,2866201,,,False
CTD-2020K17.1,LVG1,RGC,152,,2866201,,,False
CTD-2020K17.3,LVG1,RGC,152,,2866201,,,False
CTTNBP2,LVG1,RGC,152,408.0,2866201,142.34870478378872,4.965280156947009,True
DDX39BP2,LVG1,RGC,152,,2866201,,,False
DIO1,LVG1,RGC,152,8.0,2866201,2.7911510741919354,1.332669686489831,True
DND1P1,LVG1,RGC,152,,2866201,,,False
DYSF,LVG1,RGC,152,186.0,2866201,64.8942624749625,4.188051373605301,True
EFCAB13,LVG1,RGC,152,149.0,2866201,51.9851887568248,3.970012417078221,True
EFEMP1,LVG1,RGC,152,1.0,2866201,0.3488938842739919,0.2992849116215479,True
EHBP1L1,LVG1,RGC,152,3.0,2866201,1.0466816528219758,0.7162197756898551,True
FAM215B,LVG1,RGC,152,14.0,2866201,4.884514379835887,1.7723242190127517,True
FAM83A,LVG1,RGC,152,0.0,2866201,0.0,0.0,True
FAM83A-AS1,LVG1,RGC,152,0.0,2866201,0.0,0.0,True
FAM89B,LVG1,RGC,152,35.0,2866201,12.211285949589719,2.5810714604723355,True
FHL3,LVG1,RGC,152,5.0,2866201,1.7444694213699596,1.009587767160333,True
FLOT1,LVG1,RGC,152,228.0,2866201,79.54780561447016,4.388850866725147,True
FLVCR2,LVG1,RGC,152,1.0,2866201,0.3488938842739919,0.2992849116215479,True
FMNL1,LVG1,RGC,152,34.0,2866201,11.862392065315726,2.554307709701498,True
FNDC4,LVG1,RGC,152,42.0,2866201,14.653543139507661,2.7506972900524316,True
GALR3,LVG1,RGC,152,1.0,2866201,0.3488938842739919,0.2992849116215479,True
GCAT,LVG1,RGC,152,21.0,2866201,7.326771569753831,2.119475814399181,True
GLIS1,LVG1,RGC,152,32.0,2866201,11.164604296767742,2.498530447697211,True
H1F0,LVG1,RGC,152,43.0,2866201,15.002437023781654,2.7727410246275372,True
HCG4,LVG1,RGC,152,,2866201,,,False
HCG4B,LVG1,RGC,152,,2866201,,,False
HCG4P5,LVG1,RGC,152,,2866201,,,False
HCG4P7,LVG1,RGC,152,,2866201,,,False
HCG9,LVG1,RGC,152,4.0,2866201,1.3955755370959677,0.8736235097580886,True
HCP5B,LVG1,RGC,152,,2866201,,,False
HECTD4,LVG1,RGC,152,890.0,2866201,310.51555700385285,5.7414492792078935,True
HLA-A,LVG1,RGC,152,144.0,2866201,50.24071933545484,3.9365345154829767,True
HLA-C,LVG1,RGC,152,103.0,2866201,35.93607008022117,3.609188582544808,True
HLA-F,LVG1,RGC,152,58.0,2866201,20.235845287891532,3.0556905693253036,True
HLA-F-AS1,LVG1,RGC,152,76.0,2866201,26.51593520482339,3.314765298842831,True
HLA-G,LVG1,RGC,152,4.0,2866201,1.3955755370959677,0.8736235097580886,True
HLA-H,LVG1,RGC,152,,2866201,,,False
HLA-J,LVG1,RGC,152,,2866201,,,False
HLA-L,LVG1,RGC,152,,2866201,,,False
HLA-T,LVG1,RGC,152,,2866201,,,False
HLA-U,LVG1,RGC,152,,2866201,,,False
HLA-V,LVG1,RGC,152,,2866201,,,False
HLA-W,LVG1,RGC,152,,2866201,,,False
HSCB,LVG1,RGC,152,42.0,2866201,14.653543139507661,2.7506972900524316,True
HTRA3,LVG1,RGC,152,0.0,2866201,0.0,0.0,True
IFITM4P,LVG1,RGC,152,,2866201,,,False
IFT172,LVG1,RGC,152,172.0,2866201,60.00974809512662,4.11103365624402,True
INPP5B,LVG1,RGC,152,175.0,2866201,61.05642974794859,4.128044128328131,True
ITGB3,LVG1,RGC,152,2.0,2866201,0.6977877685479839,0.5293260910007999,True
KANSL1,LVG1,RGC,152,1079.0,2866201,376.4565011316373,5.933455333259367,True
KANSL1-AS1,LVG1,RGC,152,13.0,2866201,4.535620495561895,1.7112036638633068,True
KHK,LVG1,RGC,152,54.0,2866201,18.840269750795564,2.987713698074558,True
KLF5,LVG1,RGC,152,1.0,2866201,0.3488938842739919,0.2992849116215479,True
KRT8P26,LVG1,RGC,152,,2866201,,,False
LHPP,LVG1,RGC,152,106.0,2866201,36.982751733043145,3.637132154919776,True
LINC01948,LVG1,RGC,152,86.0,2866201,30.00487404756331,3.4341444194669752,True
LINC02052,LVG1,RGC,152,0.0,2866201,0.0,0.0,True
LINC02210,LVG1,RGC,152,,2866201,,,False
LMO4,LVG1,RGC,152,48.0,2866201,16.746906445151613,2.876211215951877,True
LMO7,LVG1,RGC,152,152.0,2866201,53.03187040964678,3.989574065240254,True
LOXL1,LVG1,RGC,152,1.0,2866201,0.3488938842739919,0.2992849116215479,True
LOXL1-AS1,LVG1,RGC,152,2.0,2866201,0.6977877685479839,0.5293260910007999,True
LRRC37A,LVG1,RGC,152,22.0,2866201,7.675665454027823,2.1605220322889274,True
LRRC37A17P,LVG1,RGC,152,,2866201,,,False
LRRC37A2,LVG1,RGC,152,108.0,2866201,37.68053950159113,3.655336618305588,True
LRRC37A4P,LVG1,RGC,152,,2866201,,,False
LRWD1,LVG1,RGC,152,5.0,2866201,1.7444694213699596,1.009587767160333,True
LTBP2,LVG1,RGC,152,12.0,2866201,4.186726611287903,1.646102787461603,True
LTBP3,LVG1,RGC,152,35.0,2866201,12.211285949589719,2.5810714604723355,True
MADD,LVG1,RGC,152,194.0,2866201,67.68541354915443,4.229536855712008,True
MAPK8IP1P1,LVG1,RGC,152,,2866201,,,False
MAPK8IP1P2,LVG1,RGC,152,,2866201,,,False
MAPT,LVG1,RGC,152,1024.0,2866201,357.26733749656773,5.881279460503277,True
MAPT-AS1,LVG1,RGC,152,41.0,2866201,14.30464925523367,2.7281566551294634,True
MAPT-IT1,LVG1,RGC,152,13.0,2866201,4.535620495561895,1.7112036638633068,True
ME3,LVG1,RGC,152,205.0,2866201,71.52324627616835,4.283907148759135,True
MICE,LVG1,RGC,152,,2866201,,,False
MOV10,LVG1,RGC,152,6.0,2866201,2.0933633056439516,1.1292589474076116,True
MRPL33,LVG1,RGC,152,125.0,2866201,43.61173553424899,3.7979969529843727,True
MTCH2,LVG1,RGC,152,138.0,2866201,48.14735602981089,3.894823051246148,True
MVB12B,LVG1,RGC,152,263.0,2866201,91.75909156405989,4.5300057189376925,True
Metazoa_SRP,LVG1,RGC,152,,2866201,,,False
NEAT1,LVG1,RGC,152,6409.0,2866201,2236.0609043120144,7.712918187007761,True
NMT1,LVG1,RGC,152,148.0,2866201,51.636294872550806,3.9634058983800906,True
NPEPPS,LVG1,RGC,152,867.0,2866201,302.490997665551,5.715351948331632,True
NRBP1,LVG1,RGC,152,116.0,2866201,40.471690575783065,3.7250110396627942,True
NSF,LVG1,RGC,152,399.0,2866201,139.2086598253228,4.943131740348601,True
NUCB2,LVG1,RGC,152,123.0,2866201,42.91394776570101,3.7822319863784095,True
NUDT7,LVG1,RGC,152,17.0,2866201,5.931196032657863,1.936032385995388,True
PDE6C,LVG1,RGC,152,16.0,2866201,5.582302148383871,1.8843845547218445,True
PGAM1P8,LVG1,RGC,152,,2866201,,,False
PIBF1,LVG1,RGC,152,373.0,2866201,130.137418834199,4.876245772120792,True
PIGC,LVG1,RGC,152,78.0,2866201,27.21372297337137,3.339808489839357,True
PKIB,LVG1,RGC,152,362.0,2866201,126.29958610718509,4.846543254239812,True
PLCE1,LVG1,RGC,152,30.0,2866201,10.46681652821976,2.4394573449473307,True
PLCE1-AS1,LVG1,RGC,152,0.0,2866201,0.0,0.0,True
PLEKHA7,LVG1,RGC,152,82.0,2866201,28.60929851046734,3.3880884508658715,True
PLEKHM1,LVG1,RGC,152,62.0,2866201,21.6314208249875,3.119339242693882,True
PPP1R18,LVG1,RGC,152,1.0,2866201,0.3488938842739919,0.2992849116215479,True
PRKCE,LVG1,RGC,152,950.0,2866201,331.4491900602923,5.8064870365702435,True
PROX2,LVG1,RGC,152,1.0,2866201,0.3488938842739919,0.2992849116215479,True
PRSS23,LVG1,RGC,152,32.0,2866201,11.164604296767742,2.498530447697211,True
PSORS1C3,LVG1,RGC,152,0.0,2866201,0.0,0.0,True
RAPSN,LVG1,RGC,152,0.0,2866201,0.0,0.0,True
RERE,LVG1,RGC,152,1710.0,2866201,596.6085421085262,6.392935927740087,True
RIC8B,LVG1,RGC,152,258.0,2866201,90.01462214268992,4.51102017649544,True
RORA,LVG1,RGC,152,6839.0,2866201,2386.085274549831,7.777828350271243,True
RP11-123K19.1,LVG1,RGC,152,,2866201,,,False
RP11-136H19.1,LVG1,RGC,152,,2866201,,,False
RP11-149I2.4,LVG1,RGC,152,,2866201,,,False
RP11-162I7.1,LVG1,RGC,152,,2866201,,,False
RP11-17G12.2,LVG1,RGC,152,,2866201,,,False
RP11-205K6.1,LVG1,RGC,152,,2866201,,,False
RP11-217B7.2,LVG1,RGC,152,,2866201,,,False
RP11-259A24.1,LVG1,RGC,152,,2866201,,,False
RP11-259G18.1,LVG1,RGC,152,,2866201,,,False
RP11-259G18.3,LVG1,RGC,152,,2866201,,,False
RP11-293E1.1,LVG1,RGC,152,,2866201,,,False
RP11-293E1.2,LVG1,RGC,152,,2866201,,,False
RP11-302L19.3,LVG1,RGC,152,,2866201,,,False
RP11-403A3.3,LVG1,RGC,152,,2866201,,,False
RP11-412D9.4,LVG1,RGC,152,,2866201,,,False
RP11-507B12.1,LVG1,RGC,152,,2866201,,,False
RP11-507B12.2,LVG1,RGC,152,,2866201,,,False
RP11-669E14.6,LVG1,RGC,152,,2866201,,,False
RP11-707O23.1,LVG1,RGC,152,,2866201,,,False
RP11-750H9.5,LVG1,RGC,152,,2866201,,,False
RP11-755F10.1,LVG1,RGC,152,,2866201,,,False
RP11-762L8.6,LVG1,RGC,152,,2866201,,,False
RP11-770G2.2,LVG1,RGC,152,,2866201,,,False
RP11-798G7.6,LVG1,RGC,152,,2866201,,,False
RP11-798G7.8,LVG1,RGC,152,,2866201,,,False
RP5-1115A15.1,LVG1,RGC,152,,2866201,,,False
RPS26P8,LVG1,RGC,152,,2866201,,,False
SCRN2,LVG1,RGC,152,32.0,2866201,11.164604296767742,2.498530447697211,True
SEMA3E,LVG1,RGC,152,141.0,2866201,49.19403768263287,3.915896248381525,True
SEPT7,LVG1,RGC,152,,2866201,,,False
SF3A3,LVG1,RGC,152,74.0,2866201,25.818147436275403,3.289078801503439,True
SFTA1P,LVG1,RGC,152,0.0,2866201,0.0,0.0,True
SGSM2,LVG1,RGC,152,71.0,2866201,24.77146578345343,3.249267902497744,True
SLC25A45,LVG1,RGC,152,7.0,2866201,2.4422571899179437,1.2361274160664162,True
SLC39A13,LVG1,RGC,152,49.0,2866201,17.095800329425604,2.895679885350998,True
SMAD6,LVG1,RGC,152,4.0,2866201,1.3955755370959677,0.8736235097580886,True
SNORD14A,LVG1,RGC,152,,2866201,,,False
SSSCA1-AS1,LVG1,RGC,152,3.0,2866201,1.0466816528219758,0.7162197756898551,True
TARID,LVG1,RGC,152,4.0,2866201,1.3955755370959677,0.8736235097580886,True
TBC1D31,LVG1,RGC,152,83.0,2866201,28.95819239474133,3.399802822874958,True
TBKBP1,LVG1,RGC,152,20.0,2866201,6.9778776854798386,2.0766724218891057,True
TBPL1,LVG1,RGC,152,82.0,2866201,28.60929851046734,3.3880884508658715,True
TGFB3,LVG1,RGC,152,3.0,2866201,1.0466816528219758,0.7162197756898551,True
THCAT158,LVG1,RGC,152,,2866201,,,False
THSD7A,LVG1,RGC,152,476.0,2866201,166.07348891442018,5.118433769001424,True
TIGD3,LVG1,RGC,152,3.0,2866201,1.0466816528219758,0.7162197756898551,True
TMEM116,LVG1,RGC,152,102.0,2866201,35.58717619594718,3.5996978018509886,True
TMEM136,LVG1,RGC,152,,2866201,,,False
TMEM181,LVG1,RGC,152,224.0,2866201,78.1522300773742,4.371372961260163,True
TMEM263,LVG1,RGC,152,50.0,2866201,17.4446942136996,2.9147767526352406,True
TRIM26,LVG1,RGC,152,110.0,2866201,38.37832727013912,3.673215595674467,True
TRIOBP,LVG1,RGC,152,114.0,2866201,39.77390280723508,3.708042239677474,True
TSC22D2,LVG1,RGC,152,233.0,2866201,81.29227503584012,4.410277239800538,True
TTC28,LVG1,RGC,152,802.0,2866201,279.81289518774156,5.637688594130494,True
TTLL5,LVG1,RGC,152,322.0,2866201,112.34383073622541,4.7304259487959115,True
TXNDC8,LVG1,RGC,152,2.0,2866201,0.6977877685479839,0.5293260910007999,True
TXNRD2,LVG1,RGC,152,23.0,2866201,8.024559338301815,2.1999496762459163,True
UTP11,LVG1,RGC,152,26.0,2866201,9.07124099112379,2.3096839355946615,True
VARS2,LVG1,RGC,152,10.0,2866201,3.4889388427399193,1.501616335902116,True
VCAM1,LVG1,RGC,152,0.0,2866201,0.0,0.0,True
WLS,LVG1,RGC,152,41.0,2866201,14.30464925523367,2.7281566551294634,True
WNT2B,LVG1,RGC,152,27.0,2866201,9.420134875397782,2.3437399801375896,True
XRCC6P1,LVG1,RGC,152,,2866201,,,False
XXbac-BPG170G13.32,LVG1,RGC,152,,2866201,,,False
XXbac-BPG283O16.9,LVG1,RGC,152,,2866201,,,False
YAP1,LVG1,RGC,152,7.0,2866201,2.4422571899179437,1.2361274160664162,True
YIF1A,LVG1,RGC,152,57.0,2866201,19.88695140361754,3.039124629237522,True
ZNF280D,LVG1,RGC,152,578.0,2866201,201.66066511036735,5.311532979917319,True
ZNF638,LVG1,RGC,152,1072.0,2866201,374.01424394171937,5.926964009093628,True
ZNF638-IT1,LVG1,RGC,152,,2866201,,,False
DGKG,LVG1,Muller glia,756,89.0,4710723,18.893065883941805,2.9903712229651958,True
SLC2A12,LVG1,Muller glia,756,92.0,4710723,19.529910801378048,3.0218828862273486,True
COL8A2,LVG1,Muller glia,756,3.0,4710723,0.6368449174362407,0.49277055806513625,True
NPC2,LVG1,Muller glia,756,288.0,4710723,61.1371120738791,4.12934342837381,True
PSMC3,LVG1,Muller glia,756,154.0,4710723,32.69137242839369,3.5172417935550055,True
RP11-466F5.8,LVG1,Muller glia,756,,4710723,,,False
LPP,LVG1,Muller glia,756,1354.0,4710723,287.42933940289,5.664450131869249,True
RP11-121M22.1,LVG1,Muller glia,756,,4710723,,,False
ABO,LVG1,Muller glia,756,3.0,4710723,0.6368449174362407,0.49277055806513625,True
ADAMTS8,LVG1,Muller glia,756,6.0,4710723,1.2736898348724814,0.821403989751332,True
CALD1,LVG1,Muller glia,756,574.0,4710723,121.84966086946739,4.810961338438082,True
CHEK2,LVG1,Muller glia,756,7.0,4710723,1.4859714740178949,0.910663518371798,True
GAS7,LVG1,Muller glia,756,288.0,4710723,61.1371120738791,4.12934342837381,True
LMX1B,LVG1,Muller glia,756,0.0,4710723,0.0,0.0,True
TCF12,LVG1,Muller glia,756,1952.0,4710723,414.3737596118473,6.029178740481548,True
TMCO1,LVG1,Muller glia,756,815.0,4710723,173.00953590351205,5.159110101756015,True
TRIB2,LVG1,Muller glia,756,574.0,4710723,121.84966086946739,4.810961338438082,True
AC000078.5,LVG1,Muller glia,756,,4710723,,,False
AC002066.1,LVG1,Muller glia,756,157.0,4710723,33.32821734582993,3.5359676791137713,True
AC012066.1,LVG1,Muller glia,756,,4710723,,,False
AC091132.1,LVG1,Muller glia,756,0.0,4710723,0.0,0.0,True
ACBD4,LVG1,Muller glia,756,41.0,4710723,8.703547204961955,2.2724915098937863,True
AFAP1,LVG1,Muller glia,756,226.0,4710723,47.97565044686346,3.8913232449443185,True
ALDH2,LVG1,Muller glia,756,228.0,4710723,48.400213725154295,3.8999547506046452,True
AP003068.23,LVG1,Muller glia,756,,4710723,,,False
AP5B1,LVG1,Muller glia,756,18.0,4710723,3.821069504617444,1.5729957923735833,True
AREL1,LVG1,Muller glia,756,157.0,4710723,33.32821734582993,3.5359676791137713,True
ARHGAP27,LVG1,Muller glia,756,11.0,4710723,2.335098030599549,1.204502073418201,True
ARHGEF12,LVG1,Muller glia,756,1028.0,4710723,218.22552504148513,5.39010099465165,True
ARL17A,LVG1,Muller glia,756,249.0,4710723,52.85812814720798,3.986353332735848,True
ATP5J,LVG1,Muller glia,756,,4710723,,,False
BICC1,LVG1,Muller glia,756,732.0,4710723,155.39015985444271,5.052353909600186,True
BORA,LVG1,Muller glia,756,29.0,4710723,6.156167535216993,1.96797457722499,True
C1orf109,LVG1,Muller glia,756,22.0,4710723,4.670196061199098,1.7352236958365577,True
C1orf122,LVG1,Muller glia,756,271.0,4710723,57.52832420840708,4.069510811565842,True
C22orf29,LVG1,Muller glia,756,,4710723,,,False
C6orf15,LVG1,Muller glia,756,0.0,4710723,0.0,0.0,True
CADM1,LVG1,Muller glia,756,10644.0,4710723,2259.525767063782,7.723352705503483,True
CADM2,LVG1,Muller glia,756,9803.0,4710723,2080.996908542489,7.641082764323903,True
CAV2,LVG1,Muller glia,756,367.0,4710723,77.90736156636677,4.368274525988228,True
CCDC117,LVG1,Muller glia,756,46.0,4710723,9.764955400689024,2.3762959878155496,True
CDC14A,LVG1,Muller glia,756,1348.0,4710723,286.15564956801745,5.660024401739843,True
CDKN2A,LVG1,Muller glia,756,4.0,4710723,0.8491265565816543,0.6147133960235429,True
CDKN2B-AS1,LVG1,Muller glia,756,29.0,4710723,6.156167535216993,1.96797457722499,True
CELF1,LVG1,Muller glia,756,581.0,4710723,123.33563234348527,4.822984621503028,True
CLIC5,LVG1,Muller glia,756,868.0,4710723,184.26046277821897,5.2217627418159545,True
CMB9-22P13.1,LVG1,Muller glia,756,,4710723,,,False
COL11A1,LVG1,Muller glia,756,2209.0,4710723,468.93014087221854,6.152584047214526,True
CRHR1,LVG1,Muller glia,756,6.0,4710723,1.2736898348724814,0.821403989751332,True
CTA-292E10.6,LVG1,Muller glia,756,,4710723,,,False
CTB-39G8.3,LVG1,Muller glia,756,,4710723,,,False
CTD-2005H7.1,LVG1,Muller glia,756,,4710723,,,False
CTD-2020K17.1,LVG1,Muller glia,756,,4710723,,,False
CTD-2020K17.3,LVG1,Muller glia,756,,4710723,,,False
CTTNBP2,LVG1,Muller glia,756,1758.0,4710723,373.19112161763707,5.924766687256103,True
DDX39BP2,LVG1,Muller glia,756,,4710723,,,False
DIO1,LVG1,Muller glia,756,11.0,4710723,2.335098030599549,1.204502073418201,True
DND1P1,LVG1,Muller glia,756,,4710723,,,False
DYSF,LVG1,Muller glia,756,3.0,4710723,0.6368449174362407,0.49277055806513625,True
EFCAB13,LVG1,Muller glia,756,346.0,4710723,73.4494471443131,4.310120333236941,True
EFEMP1,LVG1,Muller glia,756,548.0,4710723,116.33033825168663,4.764993360340152,True
EHBP1L1,LVG1,Muller glia,756,5.0,4710723,1.0614081957270678,0.7233893394189329,True
FAM215B,LVG1,Muller glia,756,34.0,4710723,7.217575730944061,2.1062752423268614,True
FAM83A,LVG1,Muller glia,756,1.0,4710723,0.21228163914541356,0.19250423618463,True
FAM83A-AS1,LVG1,Muller glia,756,0.0,4710723,0.0,0.0,True
FAM89B,LVG1,Muller glia,756,32.0,4710723,6.793012452653234,2.0532274927881895,True
FHL3,LVG1,Muller glia,756,4.0,4710723,0.8491265565816543,0.6147133960235429,True
FLOT1,LVG1,Muller glia,756,182.0,4710723,38.63525832446527,3.679719083852471,True
FLVCR2,LVG1,Muller glia,756,54.0,4710723,11.463208513852333,2.5227809853351384,True
FMNL1,LVG1,Muller glia,756,7.0,4710723,1.4859714740178949,0.910663518371798,True
FNDC4,LVG1,Muller glia,756,11.0,4710723,2.335098030599549,1.204502073418201,True
GALR3,LVG1,Muller glia,756,0.0,4710723,0.0,0.0,True
GCAT,LVG1,Muller glia,756,42.0,4710723,8.91582884410737,2.2941323534458595,True
GLIS1,LVG1,Muller glia,756,14.0,4710723,2.9719429480357897,1.3792553825439664,True
H1F0,LVG1,Muller glia,756,106.0,4710723,22.501853749413836,3.157079300992797,True
HCG4,LVG1,Muller glia,756,,4710723,,,False
HCG4B,LVG1,Muller glia,756,,4710723,,,False
HCG4P5,LVG1,Muller glia,756,,4710723,,,False
HCG4P7,LVG1,Muller glia,756,,4710723,,,False
HCG9,LVG1,Muller glia,756,8.0,4710723,1.6982531131633085,0.9926045684939153,True
HCP5B,LVG1,Muller glia,756,,4710723,,,False
HECTD4,LVG1,Muller glia,756,616.0,4710723,130.76548971357477,4.88102374949427,True
HLA-A,LVG1,Muller glia,756,555.0,4710723,117.81630972570453,4.777578684758917,True
HLA-C,LVG1,Muller glia,756,667.0,4710723,141.59185330999085,4.959986376684776,True
HLA-F,LVG1,Muller glia,756,79.0,4710723,16.77024949248767,2.8775256821629718,True
HLA-F-AS1,LVG1,Muller glia,756,83.0,4710723,17.619376049069327,2.924202761570451,True
HLA-G,LVG1,Muller glia,756,0.0,4710723,0.0,0.0,True
HLA-H,LVG1,Muller glia,756,,4710723,,,False
HLA-J,LVG1,Muller glia,756,,4710723,,,False
HLA-L,LVG1,Muller glia,756,,4710723,,,False
HLA-T,LVG1,Muller glia,756,,4710723,,,False
HLA-U,LVG1,Muller glia,756,,4710723,,,False
HLA-V,LVG1,Muller glia,756,,4710723,,,False
HLA-W,LVG1,Muller glia,756,,4710723,,,False
HSCB,LVG1,Muller glia,756,66.0,4710723,14.010588183597294,2.7087558309933573,True
HTRA3,LVG1,Muller glia,756,1.0,4710723,0.21228163914541356,0.19250423618463,True
IFITM4P,LVG1,Muller glia,756,,4710723,,,False
IFT172,LVG1,Muller glia,756,206.0,4710723,43.730017663955195,3.8006448123464267,True
INPP5B,LVG1,Muller glia,756,107.0,4710723,22.71413538855925,3.16607130024448,True
ITGB3,LVG1,Muller glia,756,2.0,4710723,0.42456327829082713,0.3538652953738066,True
KANSL1,LVG1,Muller glia,756,1534.0,4710723,325.6400344490644,5.788858752476243,True
KANSL1-AS1,LVG1,Muller glia,756,15.0,4710723,3.1842245871812036,1.4313214029466004,True
KHK,LVG1,Muller glia,756,18.0,4710723,3.821069504617444,1.5729957923735833,True
KLF5,LVG1,Muller glia,756,1.0,4710723,0.21228163914541356,0.19250423618463,True
KRT8P26,LVG1,Muller glia,756,,4710723,,,False
LHPP,LVG1,Muller glia,756,42.0,4710723,8.91582884410737,2.2941323534458595,True
LINC01948,LVG1,Muller glia,756,28.0,4710723,5.9438858960715795,1.9378615452057002,True
LINC02052,LVG1,Muller glia,756,0.0,4710723,0.0,0.0,True
LINC02210,LVG1,Muller glia,756,,4710723,,,False
LMO4,LVG1,Muller glia,756,114.0,4710723,24.200106862577147,3.2268482350868446,True
LMO7,LVG1,Muller glia,756,118.0,4710723,25.0492334191588,3.259988340478815,True
LOXL1,LVG1,Muller glia,756,44.0,4710723,9.340392122398196,2.336057791223724,True
LOXL1-AS1,LVG1,Muller glia,756,12.0,4710723,2.547379669744963,1.2662092097431479,True
LRRC37A,LVG1,Muller glia,756,17.0,4710723,3.6087878654720305,1.527964886528567,True
LRRC37A17P,LVG1,Muller glia,756,,4710723,,,False
LRRC37A2,LVG1,Muller glia,756,199.0,4710723,42.2440461899373,3.766859563553562,True
LRRC37A4P,LVG1,Muller glia,756,,4710723,,,False
LRWD1,LVG1,Muller glia,756,9.0,4710723,1.910534752308722,1.0683368279808976,True
LTBP2,LVG1,Muller glia,756,11.0,4710723,2.335098030599549,1.204502073418201,True
LTBP3,LVG1,Muller glia,756,204.0,4710723,43.30545438566437,3.791107793301869,True
MADD,LVG1,Muller glia,756,117.0,4710723,24.836951780013386,3.2518057067862025,True
MAPK8IP1P1,LVG1,Muller glia,756,,4710723,,,False
MAPK8IP1P2,LVG1,Muller glia,756,,4710723,,,False
MAPT,LVG1,Muller glia,756,1041.0,4710723,220.98518635037553,5.4026106514943955,True
MAPT-AS1,LVG1,Muller glia,756,129.0,4710723,27.38433144975835,3.345837283403914,True
MAPT-IT1,LVG1,Muller glia,756,29.0,4710723,6.156167535216993,1.96797457722499,True
ME3,LVG1,Muller glia,756,105.0,4710723,22.289572110268423,3.1480057114762294,True
MICE,LVG1,Muller glia,756,,4710723,,,False
MOV10,LVG1,Muller glia,756,273.0,4710723,57.952887486697904,4.076738607746448,True
MRPL33,LVG1,Muller glia,756,353.0,4710723,74.93541861833098,4.32988322401791,True
MTCH2,LVG1,Muller glia,756,187.0,4710723,39.69666652019234,3.706146185413482,True
MVB12B,LVG1,Muller glia,756,328.0,4710723,69.62837763969564,4.2574320133098675,True
Metazoa_SRP,LVG1,Muller glia,756,,4710723,,,False
NEAT1,LVG1,Muller glia,756,5012.0,4710723,1063.9555753968127,6.970688364031075,True
NMT1,LVG1,Muller glia,756,162.0,4710723,34.389625541556995,3.566418713390317,True
NPEPPS,LVG1,Muller glia,756,610.0,4710723,129.49179987870227,4.871310388609946,True
NRBP1,LVG1,Muller glia,756,140.0,4710723,29.7194294803579,3.424895336504084,True
NSF,LVG1,Muller glia,756,232.0,4710723,49.24934028173595,3.91699741813133,True
NUCB2,LVG1,Muller glia,756,469.0,4710723,99.56008875919896,4.610755446930757,True
NUDT7,LVG1,Muller glia,756,78.0,4710723,16.55796785334226,2.865507855618542,True
PDE6C,LVG1,Muller glia,756,21.0,4710723,4.457914422053685,1.6970667428033277,True
PGAM1P8,LVG1,Muller glia,756,,4710723,,,False
PIBF1,LVG1,Muller glia,756,596.0,4710723,126.51985693066648,4.848272093104846,True
PIGC,LVG1,Muller glia,756,180.0,4710723,38.21069504617444,3.6689495423948864,True
PKIB,LVG1,Muller glia,756,152.0,4710723,32.26680915010286,3.5045601777093607,True
PLCE1,LVG1,Muller glia,756,1997.0,4710723,423.92643337339086,6.0519160559962755,True
PLCE1-AS1,LVG1,Muller glia,756,49.0,4710723,10.401800318125265,2.433771265574549,True
PLEKHA7,LVG1,Muller glia,756,1172.0,4710723,248.79408107842468,5.52063690276874,True
PLEKHM1,LVG1,Muller glia,756,65.0,4710723,13.798306544451881,2.694512751551126,True
PPP1R18,LVG1,Muller glia,756,2.0,4710723,0.42456327829082713,0.3538652953738066,True
PRKCE,LVG1,Muller glia,756,885.0,4710723,187.869250643691,5.241054980122667,True
PROX2,LVG1,Muller glia,756,3.0,4710723,0.6368449174362407,0.49277055806513625,True
PRSS23,LVG1,Muller glia,756,16.0,4710723,3.396506226326617,1.4808101860366714,True
PSORS1C3,LVG1,Muller glia,756,0.0,4710723,0.0,0.0,True
RAPSN,LVG1,Muller glia,756,6.0,4710723,1.2736898348724814,0.821403989751332,True
RERE,LVG1,Muller glia,756,2425.0,4710723,514.7829749276278,6.245686085782737,True
RIC8B,LVG1,Muller glia,756,273.0,4710723,57.952887486697904,4.076738607746448,True
RORA,LVG1,Muller glia,756,10350.0,4710723,2197.1149651550304,7.695355438033877,True
RP11-123K19.1,LVG1,Muller glia,756,,4710723,,,False
RP11-136H19.1,LVG1,Muller glia,756,,4710723,,,False
RP11-149I2.4,LVG1,Muller glia,756,,4710723,,,False
RP11-162I7.1,LVG1,Muller glia,756,,4710723,,,False
RP11-17G12.2,LVG1,Muller glia,756,,4710723,,,False
RP11-205K6.1,LVG1,Muller glia,756,,4710723,,,False
RP11-217B7.2,LVG1,Muller glia,756,,4710723,,,False
RP11-259A24.1,LVG1,Muller glia,756,,4710723,,,False
RP11-259G18.1,LVG1,Muller glia,756,,4710723,,,False
RP11-259G18.3,LVG1,Muller glia,756,,4710723,,,False
RP11-293E1.1,LVG1,Muller glia,756,,4710723,,,False
RP11-293E1.2,LVG1,Muller glia,756,,4710723,,,False
RP11-302L19.3,LVG1,Muller glia,756,,4710723,,,False
RP11-403A3.3,LVG1,Muller glia,756,,4710723,,,False
RP11-412D9.4,LVG1,Muller glia,756,,4710723,,,False
RP11-507B12.1,LVG1,Muller glia,756,,4710723,,,False
RP11-507B12.2,LVG1,Muller glia,756,,4710723,,,False
RP11-669E14.6,LVG1,Muller glia,756,,4710723,,,False
RP11-707O23.1,LVG1,Muller glia,756,,4710723,,,False
RP11-750H9.5,LVG1,Muller glia,756,,4710723,,,False
RP11-755F10.1,LVG1,Muller glia,756,,4710723,,,False
RP11-762L8.6,LVG1,Muller glia,756,,4710723,,,False
RP11-770G2.2,LVG1,Muller glia,756,,4710723,,,False
RP11-798G7.6,LVG1,Muller glia,756,,4710723,,,False
RP11-798G7.8,LVG1,Muller glia,756,,4710723,,,False
RP5-1115A15.1,LVG1,Muller glia,756,,4710723,,,False
RPS26P8,LVG1,Muller glia,756,,4710723,,,False
SCRN2,LVG1,Muller glia,756,84.0,4710723,17.83165768821474,2.935539373218833,True
SEMA3E,LVG1,Muller glia,756,412.0,4710723,87.46003532791039,4.482550871806033,True
SEPT7,LVG1,Muller glia,756,,4710723,,,False
SF3A3,LVG1,Muller glia,756,93.0,4710723,19.74219244052346,3.032169907943589,True
SFTA1P,LVG1,Muller glia,756,0.0,4710723,0.0,0.0,True
SGSM2,LVG1,Muller glia,756,66.0,4710723,14.010588183597294,2.7087558309933573,True
SLC25A45,LVG1,Muller glia,756,10.0,4710723,2.1228163914541356,1.1387352842108147,True
SLC39A13,LVG1,Muller glia,756,31.0,4710723,6.58073081350782,2.025609608398341,True
SMAD6,LVG1,Muller glia,756,264.0,4710723,56.042352734389176,4.043794022351987,True
SNORD14A,LVG1,Muller glia,756,,4710723,,,False
SSSCA1-AS1,LVG1,Muller glia,756,4.0,4710723,0.8491265565816543,0.6147133960235429,True
TARID,LVG1,Muller glia,756,1.0,4710723,0.21228163914541356,0.19250423618463,True
TBC1D31,LVG1,Muller glia,756,109.0,4710723,23.13869866685008,3.183816306463621,True
TBKBP1,LVG1,Muller glia,756,18.0,4710723,3.821069504617444,1.5729957923735833,True
TBPL1,LVG1,Muller glia,756,119.0,4710723,25.261515058304212,3.2681045617383444,True
TGFB3,LVG1,Muller glia,756,18.0,4710723,3.821069504617444,1.5729957923735833,True
THCAT158,LVG1,Muller glia,756,,4710723,,,False
THSD7A,LVG1,Muller glia,756,1016.0,4710723,215.6781453717402,5.378413051457056,True
TIGD3,LVG1,Muller glia,756,0.0,4710723,0.0,0.0,True
TMEM116,LVG1,Muller glia,756,132.0,4710723,28.021176367194588,3.3680257830643248,True
TMEM136,LVG1,Muller glia,756,,4710723,,,False
TMEM181,LVG1,Muller glia,756,100.0,4710723,21.228163914541355,3.101360129627545,True
TMEM263,LVG1,Muller glia,756,149.0,4710723,31.62996423266662,3.4852310144558887,True
TRIM26,LVG1,Muller glia,756,113.0,4710723,23.98782522343173,3.21838871518681,True
TRIOBP,LVG1,Muller glia,756,123.0,4710723,26.110641614885868,3.299926330323315,True
TSC22D2,LVG1,Muller glia,756,1236.0,4710723,262.38010598373114,5.573598258680547,True
TTC28,LVG1,Muller glia,756,2064.0,4710723,438.1493031961336,6.0848394536514805,True
TTLL5,LVG1,Muller glia,756,662.0,4710723,140.53044511426378,4.952514853757857,True
TXNDC8,LVG1,Muller glia,756,0.0,4710723,0.0,0.0,True
TXNRD2,LVG1,Muller glia,756,52.0,4710723,11.038645235561505,2.4881219115862736,True
UTP11,LVG1,Muller glia,756,63.0,4710723,13.373743266161055,2.66540315789892,True
VARS2,LVG1,Muller glia,756,25.0,4710723,5.307040978635339,1.8416666249864473,True
VCAM1,LVG1,Muller glia,756,29.0,4710723,6.156167535216993,1.96797457722499,True
WLS,LVG1,Muller glia,756,205.0,4710723,43.51773602480978,3.7958876721225927,True
WNT2B,LVG1,Muller glia,756,48.0,4710723,10.189518678979852,2.414977507902735,True
XRCC6P1,LVG1,Muller glia,756,,4710723,,,False
XXbac-BPG170G13.32,LVG1,Muller glia,756,,4710723,,,False
XXbac-BPG283O16.9,LVG1,Muller glia,756,,4710723,,,False
YAP1,LVG1,Muller glia,756,694.0,4710723,147.323457566917,4.999395413081144,True
YIF1A,LVG1,Muller glia,756,186.0,4710723,39.48438488104692,3.7009163412730386,True
ZNF280D,LVG1,Muller glia,756,783.0,4710723,166.21652345085883,5.119289520234644,True
ZNF638,LVG1,Muller glia,756,2670.0,4710723,566.7919765182542,6.341755113115243,True
ZNF638-IT1,LVG1,Muller glia,756,,4710723,,,False
DGKG,LVG1,Astrocyte,75,310.0,455268,680.9176133618001,6.524908849024083,True
SLC2A12,LVG1,Astrocyte,75,12.0,455268,26.358101162392263,3.3090126883865754,True
COL8A2,LVG1,Astrocyte,75,1.0,455268,2.196508430199355,1.162059098543036,True
NPC2,LVG1,Astrocyte,75,27.0,455268,59.30572761538259,4.099427084552047,True
PSMC3,LVG1,Astrocyte,75,15.0,455268,32.94762645299033,3.5248189385412454,True
RP11-466F5.8,LVG1,Astrocyte,75,,455268,,,False
LPP,LVG1,Astrocyte,75,141.0,455268,309.7076886581091,5.738852562337135,True
RP11-121M22.1,LVG1,Astrocyte,75,,455268,,,False
ABO,LVG1,Astrocyte,75,0.0,455268,0.0,0.0,True
ADAMTS8,LVG1,Astrocyte,75,0.0,455268,0.0,0.0,True
CALD1,LVG1,Astrocyte,75,56.0,455268,123.00447209116389,4.820317630206023,True
CHEK2,LVG1,Astrocyte,75,2.0,455268,4.39301686039871,1.6851049426989346,True
GAS7,LVG1,Astrocyte,75,71.0,455268,155.9520985441542,5.05594065398006,True
LMX1B,LVG1,Astrocyte,75,0.0,455268,0.0,0.0,True
TCF12,LVG1,Astrocyte,75,229.0,455268,503.00043051565234,6.222577122268727,True
TMCO1,LVG1,Astrocyte,75,61.0,455268,133.98701424216065,4.9051785830129875,True
TRIB2,LVG1,Astrocyte,75,33.0,455268,72.48477819657872,4.29707828540448,True
AC000078.5,LVG1,Astrocyte,75,,455268,,,False
AC002066.1,LVG1,Astrocyte,75,7.0,455268,15.375559011395486,2.7957899190391116,True
AC012066.1,LVG1,Astrocyte,75,,455268,,,False
AC091132.1,LVG1,Astrocyte,75,0.0,455268,0.0,0.0,True
ACBD4,LVG1,Astrocyte,75,5.0,455268,10.982542150996775,2.483450769758525,True
AFAP1,LVG1,Astrocyte,75,14.0,455268,30.751118022790973,3.4579279380349774,True
ALDH2,LVG1,Astrocyte,75,19.0,455268,41.73366017378775,3.7549869041617794,True
AP003068.23,LVG1,Astrocyte,75,,455268,,,False
AP5B1,LVG1,Astrocyte,75,3.0,455268,6.589525290598066,2.0267690453933516,True
AREL1,LVG1,Astrocyte,75,10.0,455268,21.96508430199355,3.133974988661224,True
ARHGAP27,LVG1,Astrocyte,75,0.0,455268,0.0,0.0,True
ARHGEF12,LVG1,Astrocyte,75,120.0,455268,263.5810116239226,5.57814748653559,True
ARL17A,LVG1,Astrocyte,75,24.0,455268,52.716202324784526,3.983714675276444,True
ATP5J,LVG1,Astrocyte,75,,455268,,,False
BICC1,LVG1,Astrocyte,75,25.0,455268,54.91271075498388,4.023791738123361,True
BORA,LVG1,Astrocyte,75,3.0,455268,6.589525290598066,2.0267690453933516,True
C1orf109,LVG1,Astrocyte,75,2.0,455268,4.39301686039871,1.6851049426989346,True
C1orf122,LVG1,Astrocyte,75,42.0,455268,92.25335406837291,4.535320026438711,True
C22orf29,LVG1,Astrocyte,75,,455268,,,False
C6orf15,LVG1,Astrocyte,75,0.0,455268,0.0,0.0,True
CADM1,LVG1,Astrocyte,75,908.0,455268,1994.4296546210144,7.598614671860915,True
CADM2,LVG1,Astrocyte,75,610.0,455268,1339.8701424216067,7.201074042218093,True
CAV2,LVG1,Astrocyte,75,26.0,455268,57.109219185183235,4.062324329155976,True
CCDC117,LVG1,Astrocyte,75,4.0,455268,8.78603372079742,2.2809562386812914,True
CDC14A,LVG1,Astrocyte,75,89.0,455268,195.4892502877426,5.280607723898097,True
CDKN2A,LVG1,Astrocyte,75,0.0,455268,0.0,0.0,True
CDKN2B-AS1,LVG1,Astrocyte,75,1.0,455268,2.196508430199355,1.162059098543036,True
CELF1,LVG1,Astrocyte,75,85.0,455268,186.70321656694517,5.234862080190144,True
CLIC5,LVG1,Astrocyte,75,23.0,455268,50.51969389458517,3.941964140291358,True
CMB9-22P13.1,LVG1,Astrocyte,75,,455268,,,False
COL11A1,LVG1,Astrocyte,75,72.0,455268,158.14860697435356,5.06983840077967,True
CRHR1,LVG1,Astrocyte,75,2.0,455268,4.39301686039871,1.6851049426989346,True
CTA-292E10.6,LVG1,Astrocyte,75,,455268,,,False
CTB-39G8.3,LVG1,Astrocyte,75,,455268,,,False
CTD-2005H7.1,LVG1,Astrocyte,75,,455268,,,False
CTD-2020K17.1,LVG1,Astrocyte,75,,455268,,,False
CTD-2020K17.3,LVG1,Astrocyte,75,,455268,,,False
CTTNBP2,LVG1,Astrocyte,75,94.0,455268,206.47179243873939,5.3349953903757985,True
DDX39BP2,LVG1,Astrocyte,75,,455268,,,False
DIO1,LVG1,Astrocyte,75,2.0,455268,4.39301686039871,1.6851049426989346,True
DND1P1,LVG1,Astrocyte,75,,455268,,,False
DYSF,LVG1,Astrocyte,75,1.0,455268,2.196508430199355,1.162059098543036,True
EFCAB13,LVG1,Astrocyte,75,59.0,455268,129.59399738176194,4.872093253931244,True
EFEMP1,LVG1,Astrocyte,75,15.0,455268,32.94762645299033,3.5248189385412454,True
EHBP1L1,LVG1,Astrocyte,75,0.0,455268,0.0,0.0,True
FAM215B,LVG1,Astrocyte,75,2.0,455268,4.39301686039871,1.6851049426989346,True
FAM83A,LVG1,Astrocyte,75,0.0,455268,0.0,0.0,True
FAM83A-AS1,LVG1,Astrocyte,75,0.0,455268,0.0,0.0,True
FAM89B,LVG1,Astrocyte,75,4.0,455268,8.78603372079742,2.2809562386812914,True
FHL3,LVG1,Astrocyte,75,0.0,455268,0.0,0.0,True
FLOT1,LVG1,Astrocyte,75,23.0,455268,50.51969389458517,3.941964140291358,True
FLVCR2,LVG1,Astrocyte,75,7.0,455268,15.375559011395486,2.7957899190391116,True
FMNL1,LVG1,Astrocyte,75,1.0,455268,2.196508430199355,1.162059098543036,True
FNDC4,LVG1,Astrocyte,75,2.0,455268,4.39301686039871,1.6851049426989346,True
GALR3,LVG1,Astrocyte,75,0.0,455268,0.0,0.0,True
GCAT,LVG1,Astrocyte,75,8.0,455268,17.57206744159484,2.921658701509839,True
GLIS1,LVG1,Astrocyte,75,0.0,455268,0.0,0.0,True
H1F0,LVG1,Astrocyte,75,10.0,455268,21.96508430199355,3.133974988661224,True
HCG4,LVG1,Astrocyte,75,,455268,,,False
HCG4B,LVG1,Astrocyte,75,,455268,,,False
HCG4P5,LVG1,Astrocyte,75,,455268,,,False
HCG4P7,LVG1,Astrocyte,75,,455268,,,False
HCG9,LVG1,Astrocyte,75,1.0,455268,2.196508430199355,1.162059098543036,True
HCP5B,LVG1,Astrocyte,75,,455268,,,False
HECTD4,LVG1,Astrocyte,75,85.0,455268,186.70321656694517,5.234862080190144,True
HLA-A,LVG1,Astrocyte,75,100.0,455268,219.6508430199355,5.396581556328858,True
HLA-C,LVG1,Astrocyte,75,87.0,455268,191.0962334273439,5.2579964622285305,True
HLA-F,LVG1,Astrocyte,75,10.0,455268,21.96508430199355,3.133974988661224,True
HLA-F-AS1,LVG1,Astrocyte,75,3.0,455268,6.589525290598066,2.0267690453933516,True
HLA-G,LVG1,Astrocyte,75,0.0,455268,0.0,0.0,True
HLA-H,LVG1,Astrocyte,75,,455268,,,False
HLA-J,LVG1,Astrocyte,75,,455268,,,False
HLA-L,LVG1,Astrocyte,75,,455268,,,False
HLA-T,LVG1,Astrocyte,75,,455268,,,False
HLA-U,LVG1,Astrocyte,75,,455268,,,False
HLA-V,LVG1,Astrocyte,75,,455268,,,False
HLA-W,LVG1,Astrocyte,75,,455268,,,False
HSCB,LVG1,Astrocyte,75,4.0,455268,8.78603372079742,2.2809562386812914,True
HTRA3,LVG1,Astrocyte,75,1.0,455268,2.196508430199355,1.162059098543036,True
IFITM4P,LVG1,Astrocyte,75,,455268,,,False
IFT172,LVG1,Astrocyte,75,33.0,455268,72.48477819657872,4.29707828540448,True
INPP5B,LVG1,Astrocyte,75,12.0,455268,26.358101162392263,3.3090126883865754,True
ITGB3,LVG1,Astrocyte,75,38.0,455268,83.4673203475755,4.436364718110556,True
KANSL1,LVG1,Astrocyte,75,149.0,455268,327.2797560997039,5.793866159797009,True
KANSL1-AS1,LVG1,Astrocyte,75,1.0,455268,2.196508430199355,1.162059098543036,True
KHK,LVG1,Astrocyte,75,7.0,455268,15.375559011395486,2.7957899190391116,True
KLF5,LVG1,Astrocyte,75,0.0,455268,0.0,0.0,True
KRT8P26,LVG1,Astrocyte,75,,455268,,,False
LHPP,LVG1,Astrocyte,75,4.0,455268,8.78603372079742,2.2809562386812914,True
LINC01948,LVG1,Astrocyte,75,2.0,455268,4.39301686039871,1.6851049426989346,True
LINC02052,LVG1,Astrocyte,75,0.0,455268,0.0,0.0,True
LINC02210,LVG1,Astrocyte,75,,455268,,,False
LMO4,LVG1,Astrocyte,75,71.0,455268,155.9520985441542,5.05594065398006,True
LMO7,LVG1,Astrocyte,75,26.0,455268,57.109219185183235,4.062324329155976,True
LOXL1,LVG1,Astrocyte,75,3.0,455268,6.589525290598066,2.0267690453933516,True
LOXL1-AS1,LVG1,Astrocyte,75,0.0,455268,0.0,0.0,True
LRRC37A,LVG1,Astrocyte,75,3.0,455268,6.589525290598066,2.0267690453933516,True
LRRC37A17P,LVG1,Astrocyte,75,,455268,,,False
LRRC37A2,LVG1,Astrocyte,75,20.0,455268,43.9301686039871,3.805109475667663,True
LRRC37A4P,LVG1,Astrocyte,75,,455268,,,False
LRWD1,LVG1,Astrocyte,75,2.0,455268,4.39301686039871,1.6851049426989346,True
LTBP2,LVG1,Astrocyte,75,2.0,455268,4.39301686039871,1.6851049426989346,True
LTBP3,LVG1,Astrocyte,75,29.0,455268,63.6987444757813,4.169741795998342,True
MADD,LVG1,Astrocyte,75,13.0,455268,28.554609592591618,3.386239724667571,True
MAPK8IP1P1,LVG1,Astrocyte,75,,455268,,,False
MAPK8IP1P2,LVG1,Astrocyte,75,,455268,,,False
MAPT,LVG1,Astrocyte,75,80.0,455268,175.7206744159484,5.174570375401254,True
MAPT-AS1,LVG1,Astrocyte,75,2.0,455268,4.39301686039871,1.6851049426989346,True
MAPT-IT1,LVG1,Astrocyte,75,1.0,455268,2.196508430199355,1.162059098543036,True
ME3,LVG1,Astrocyte,75,14.0,455268,30.751118022790973,3.4579279380349774,True
MICE,LVG1,Astrocyte,75,,455268,,,False
MOV10,LVG1,Astrocyte,75,24.0,455268,52.716202324784526,3.983714675276444,True
MRPL33,LVG1,Astrocyte,75,39.0,455268,85.66382877777485,4.462036596939464,True
MTCH2,LVG1,Astrocyte,75,20.0,455268,43.9301686039871,3.805109475667663,True
MVB12B,LVG1,Astrocyte,75,53.0,455268,116.41494680056582,4.765714214456768,True
Metazoa_SRP,LVG1,Astrocyte,75,,455268,,,False
NEAT1,LVG1,Astrocyte,75,622.0,455268,1366.2282435839988,7.220540789563431,True
NMT1,LVG1,Astrocyte,75,24.0,455268,52.716202324784526,3.983714675276444,True
NPEPPS,LVG1,Astrocyte,75,60.0,455268,131.7905058119613,4.888772742106822,True
NRBP1,LVG1,Astrocyte,75,27.0,455268,59.30572761538259,4.099427084552047,True
NSF,LVG1,Astrocyte,75,38.0,455268,83.4673203475755,4.436364718110556,True
NUCB2,LVG1,Astrocyte,75,29.0,455268,63.6987444757813,4.169741795998342,True
NUDT7,LVG1,Astrocyte,75,7.0,455268,15.375559011395486,2.7957899190391116,True
PDE6C,LVG1,Astrocyte,75,2.0,455268,4.39301686039871,1.6851049426989346,True
PGAM1P8,LVG1,Astrocyte,75,,455268,,,False
PIBF1,LVG1,Astrocyte,75,87.0,455268,191.0962334273439,5.2579964622285305,True
PIGC,LVG1,Astrocyte,75,17.0,455268,37.34064331338904,3.6465105166470226,True
PKIB,LVG1,Astrocyte,75,14.0,455268,30.751118022790973,3.4579279380349774,True
PLCE1,LVG1,Astrocyte,75,123.0,455268,270.17053691452065,5.602747910468801,True
PLCE1-AS1,LVG1,Astrocyte,75,2.0,455268,4.39301686039871,1.6851049426989346,True
PLEKHA7,LVG1,Astrocyte,75,58.0,455268,127.3974889515626,4.855130834612626,True
PLEKHM1,LVG1,Astrocyte,75,4.0,455268,8.78603372079742,2.2809562386812914,True
PPP1R18,LVG1,Astrocyte,75,3.0,455268,6.589525290598066,2.0267690453933516,True
PRKCE,LVG1,Astrocyte,75,102.0,455268,224.04385988033422,5.416295316008976,True
PROX2,LVG1,Astrocyte,75,1.0,455268,2.196508430199355,1.162059098543036,True
PRSS23,LVG1,Astrocyte,75,2.0,455268,4.39301686039871,1.6851049426989346,True
PSORS1C3,LVG1,Astrocyte,75,0.0,455268,0.0,0.0,True
RAPSN,LVG1,Astrocyte,75,0.0,455268,0.0,0.0,True
RERE,LVG1,Astrocyte,75,236.0,455268,518.3759895270478,6.252628070834464,True
RIC8B,LVG1,Astrocyte,75,30.0,455268,65.89525290598066,4.20312800655945,True
RORA,LVG1,Astrocyte,75,1461.0,455268,3209.098816521258,8.074056999613253,True
RP11-123K19.1,LVG1,Astrocyte,75,,455268,,,False
RP11-136H19.1,LVG1,Astrocyte,75,,455268,,,False
RP11-149I2.4,LVG1,Astrocyte,75,,455268,,,False
RP11-162I7.1,LVG1,Astrocyte,75,,455268,,,False
RP11-17G12.2,LVG1,Astrocyte,75,,455268,,,False
RP11-205K6.1,LVG1,Astrocyte,75,,455268,,,False
RP11-217B7.2,LVG1,Astrocyte,75,,455268,,,False
RP11-259A24.1,LVG1,Astrocyte,75,,455268,,,False
RP11-259G18.1,LVG1,Astrocyte,75,,455268,,,False
RP11-259G18.3,LVG1,Astrocyte,75,,455268,,,False
RP11-293E1.1,LVG1,Astrocyte,75,,455268,,,False
RP11-293E1.2,LVG1,Astrocyte,75,,455268,,,False
RP11-302L19.3,LVG1,Astrocyte,75,,455268,,,False
RP11-403A3.3,LVG1,Astrocyte,75,,455268,,,False
RP11-412D9.4,LVG1,Astrocyte,75,,455268,,,False
RP11-507B12.1,LVG1,Astrocyte,75,,455268,,,False
RP11-507B12.2,LVG1,Astrocyte,75,,455268,,,False
RP11-669E14.6,LVG1,Astrocyte,75,,455268,,,False
RP11-707O23.1,LVG1,Astrocyte,75,,455268,,,False
RP11-750H9.5,LVG1,Astrocyte,75,,455268,,,False
RP11-755F10.1,LVG1,Astrocyte,75,,455268,,,False
RP11-762L8.6,LVG1,Astrocyte,75,,455268,,,False
RP11-770G2.2,LVG1,Astrocyte,75,,455268,,,False
RP11-798G7.6,LVG1,Astrocyte,75,,455268,,,False
RP11-798G7.8,LVG1,Astrocyte,75,,455268,,,False
RP5-1115A15.1,LVG1,Astrocyte,75,,455268,,,False
RPS26P8,LVG1,Astrocyte,75,,455268,,,False
SCRN2,LVG1,Astrocyte,75,6.0,455268,13.179050581196131,2.651765564080755,True
SEMA3E,LVG1,Astrocyte,75,67.0,455268,147.1660648233568,4.9983337043430005,True
SEPT7,LVG1,Astrocyte,75,,455268,,,False
SF3A3,LVG1,Astrocyte,75,12.0,455268,26.358101162392263,3.3090126883865754,True
SFTA1P,LVG1,Astrocyte,75,0.0,455268,0.0,0.0,True
SGSM2,LVG1,Astrocyte,75,3.0,455268,6.589525290598066,2.0267690453933516,True
SLC25A45,LVG1,Astrocyte,75,5.0,455268,10.982542150996775,2.483450769758525,True
SLC39A13,LVG1,Astrocyte,75,3.0,455268,6.589525290598066,2.0267690453933516,True
SMAD6,LVG1,Astrocyte,75,18.0,455268,39.53715174358839,3.7022188806273912,True
SNORD14A,LVG1,Astrocyte,75,,455268,,,False
SSSCA1-AS1,LVG1,Astrocyte,75,1.0,455268,2.196508430199355,1.162059098543036,True
TARID,LVG1,Astrocyte,75,0.0,455268,0.0,0.0,True
TBC1D31,LVG1,Astrocyte,75,15.0,455268,32.94762645299033,3.5248189385412454,True
TBKBP1,LVG1,Astrocyte,75,2.0,455268,4.39301686039871,1.6851049426989346,True
TBPL1,LVG1,Astrocyte,75,12.0,455268,26.358101162392263,3.3090126883865754,True
TGFB3,LVG1,Astrocyte,75,2.0,455268,4.39301686039871,1.6851049426989346,True
THCAT158,LVG1,Astrocyte,75,,455268,,,False
THSD7A,LVG1,Astrocyte,75,34.0,455268,74.68128662677807,4.326530925481483,True
TIGD3,LVG1,Astrocyte,75,0.0,455268,0.0,0.0,True
TMEM116,LVG1,Astrocyte,75,8.0,455268,17.57206744159484,2.921658701509839,True
TMEM136,LVG1,Astrocyte,75,,455268,,,False
TMEM181,LVG1,Astrocyte,75,5.0,455268,10.982542150996775,2.483450769758525,True
TMEM263,LVG1,Astrocyte,75,6.0,455268,13.179050581196131,2.651765564080755,True
TRIM26,LVG1,Astrocyte,75,10.0,455268,21.96508430199355,3.133974988661224,True
TRIOBP,LVG1,Astrocyte,75,20.0,455268,43.9301686039871,3.805109475667663,True
TSC22D2,LVG1,Astrocyte,75,63.0,455268,138.38003110255937,4.937204239159719,True
TTC28,LVG1,Astrocyte,75,329.0,455268,722.6512735355878,6.58430960995989,True
TTLL5,LVG1,Astrocyte,75,62.0,455268,136.18352267236003,4.921319610939313,True
TXNDC8,LVG1,Astrocyte,75,0.0,455268,0.0,0.0,True
TXNRD2,LVG1,Astrocyte,75,11.0,455268,24.161592732192908,3.22531873396983,True
UTP11,LVG1,Astrocyte,75,3.0,455268,6.589525290598066,2.0267690453933516,True
VARS2,LVG1,Astrocyte,75,6.0,455268,13.179050581196131,2.651765564080755,True
VCAM1,LVG1,Astrocyte,75,3.0,455268,6.589525290598066,2.0267690453933516,True
WLS,LVG1,Astrocyte,75,22.0,455268,48.323185464385816,3.8983942638906157,True
WNT2B,LVG1,Astrocyte,75,15.0,455268,32.94762645299033,3.5248189385412454,True
XRCC6P1,LVG1,Astrocyte,75,,455268,,,False
XXbac-BPG170G13.32,LVG1,Astrocyte,75,,455268,,,False
XXbac-BPG283O16.9,LVG1,Astrocyte,75,,455268,,,False
YAP1,LVG1,Astrocyte,75,40.0,455268,87.8603372079742,4.4870658923235895,True
YIF1A,LVG1,Astrocyte,75,16.0,455268,35.14413488318968,3.5875146915466414,True
ZNF280D,LVG1,Astrocyte,75,124.0,455268,272.36704534472005,5.610815380611878,True
ZNF638,LVG1,Astrocyte,75,221.0,455268,485.4283630740575,6.187089641192936,True
ZNF638-IT1,LVG1,Astrocyte,75,,455268,,,False
DGKG,LVG1,Microglia,28,2.0,164432,12.163082611657098,2.577416139474408,True
SLC2A12,LVG1,Microglia,28,2.0,164432,12.163082611657098,2.577416139474408,True
COL8A2,LVG1,Microglia,28,0.0,164432,0.0,0.0,True
NPC2,LVG1,Microglia,28,17.0,164432,103.38620219908533,4.6480975038702494,True
PSMC3,LVG1,Microglia,28,3.0,164432,18.244623917485647,2.957231744714973,True
RP11-466F5.8,LVG1,Microglia,28,,164432,,,False
LPP,LVG1,Microglia,28,74.0,164432,450.03405663131264,6.1115428502465985,True
RP11-121M22.1,LVG1,Microglia,28,,164432,,,False
ABO,LVG1,Microglia,28,0.0,164432,0.0,0.0,True
ADAMTS8,LVG1,Microglia,28,0.0,164432,0.0,0.0,True
CALD1,LVG1,Microglia,28,25.0,164432,152.03853264571373,5.030689737041819,True
CHEK2,LVG1,Microglia,28,3.0,164432,18.244623917485647,2.957231744714973,True
GAS7,LVG1,Microglia,28,18.0,164432,109.46774350491388,4.704723564359948,True
LMX1B,LVG1,Microglia,28,0.0,164432,0.0,0.0,True
TCF12,LVG1,Microglia,28,102.0,164432,620.317213194512,6.43184176181143,True
TMCO1,LVG1,Microglia,28,11.0,164432,66.89695436411404,4.217991178832786,True
TRIB2,LVG1,Microglia,28,12.0,164432,72.97849566994259,4.303774451917253,True
AC000078.5,LVG1,Microglia,28,,164432,,,False
AC002066.1,LVG1,Microglia,28,2.0,164432,12.163082611657098,2.577416139474408,True
AC012066.1,LVG1,Microglia,28,,164432,,,False
AC091132.1,LVG1,Microglia,28,0.0,164432,0.0,0.0,True
ACBD4,LVG1,Microglia,28,4.0,164432,24.326165223314195,3.231838059868551,True
AFAP1,LVG1,Microglia,28,1.0,164432,6.081541305828549,1.957491582576089,True
ALDH2,LVG1,Microglia,28,11.0,164432,66.89695436411404,4.217991178832786,True
AP003068.23,LVG1,Microglia,28,,164432,,,False
AP5B1,LVG1,Microglia,28,1.0,164432,6.081541305828549,1.957491582576089,True
AREL1,LVG1,Microglia,28,4.0,164432,24.326165223314195,3.231838059868551,True
ARHGAP27,LVG1,Microglia,28,5.0,164432,30.407706529142747,3.4470532936653986,True
ARHGEF12,LVG1,Microglia,28,23.0,164432,139.87545003405663,4.947876166917795,True
ARL17A,LVG1,Microglia,28,13.0,164432,79.06003697577114,4.382776815415072,True
ATP5J,LVG1,Microglia,28,,164432,,,False
BICC1,LVG1,Microglia,28,6.0,164432,36.489247834971295,3.6240541674622997,True
BORA,LVG1,Microglia,28,1.0,164432,6.081541305828549,1.957491582576089,True
C1orf109,LVG1,Microglia,28,1.0,164432,6.081541305828549,1.957491582576089,True
C1orf122,LVG1,Microglia,28,17.0,164432,103.38620219908533,4.6480975038702494,True
C22orf29,LVG1,Microglia,28,,164432,,,False
C6orf15,LVG1,Microglia,28,0.0,164432,0.0,0.0,True
CADM1,LVG1,Microglia,28,283.0,164432,1721.0761895494795,7.451285928811156,True
CADM2,LVG1,Microglia,28,457.0,164432,2779.264376763647,7.930301301718275,True
CAV2,LVG1,Microglia,28,6.0,164432,36.489247834971295,3.6240541674622997,True
CCDC117,LVG1,Microglia,28,0.0,164432,0.0,0.0,True
CDC14A,LVG1,Microglia,28,21.0,164432,127.71236742239954,4.857580204953394,True
CDKN2A,LVG1,Microglia,28,1.0,164432,6.081541305828549,1.957491582576089,True
CDKN2B-AS1,LVG1,Microglia,28,0.0,164432,0.0,0.0,True
CELF1,LVG1,Microglia,28,8.0,164432,48.65233044662839,3.905045326884685,True
CLIC5,LVG1,Microglia,28,7.0,164432,42.570789140799846,3.77438695198736,True
CMB9-22P13.1,LVG1,Microglia,28,,164432,,,False
COL11A1,LVG1,Microglia,28,18.0,164432,109.46774350491388,4.704723564359948,True
CRHR1,LVG1,Microglia,28,1.0,164432,6.081541305828549,1.957491582576089,True
CTA-292E10.6,LVG1,Microglia,28,,164432,,,False
CTB-39G8.3,LVG1,Microglia,28,,164432,,,False
CTD-2005H7.1,LVG1,Microglia,28,,164432,,,False
CTD-2020K17.1,LVG1,Microglia,28,,164432,,,False
CTD-2020K17.3,LVG1,Microglia,28,,164432,,,False
CTTNBP2,LVG1,Microglia,28,33.0,164432,200.6908630923421,5.306736144441511,True
DDX39BP2,LVG1,Microglia,28,,164432,,,False
DIO1,LVG1,Microglia,28,1.0,164432,6.081541305828549,1.957491582576089,True
DND1P1,LVG1,Microglia,28,,164432,,,False
DYSF,LVG1,Microglia,28,0.0,164432,0.0,0.0,True
EFCAB13,LVG1,Microglia,28,8.0,164432,48.65233044662839,3.905045326884685,True
EFEMP1,LVG1,Microglia,28,2.0,164432,12.163082611657098,2.577416139474408,True
EHBP1L1,LVG1,Microglia,28,4.0,164432,24.326165223314195,3.231838059868551,True
FAM215B,LVG1,Microglia,28,3.0,164432,18.244623917485647,2.957231744714973,True
FAM83A,LVG1,Microglia,28,0.0,164432,0.0,0.0,True
FAM83A-AS1,LVG1,Microglia,28,0.0,164432,0.0,0.0,True
FAM89B,LVG1,Microglia,28,1.0,164432,6.081541305828549,1.957491582576089,True
FHL3,LVG1,Microglia,28,1.0,164432,6.081541305828549,1.957491582576089,True
FLOT1,LVG1,Microglia,28,10.0,164432,60.81541305828549,4.124152735605707,True
FLVCR2,LVG1,Microglia,28,1.0,164432,6.081541305828549,1.957491582576089,True
FMNL1,LVG1,Microglia,28,16.0,164432,97.30466089325678,4.588071441016418,True
FNDC4,LVG1,Microglia,28,0.0,164432,0.0,0.0,True
GALR3,LVG1,Microglia,28,0.0,164432,0.0,0.0,True
GCAT,LVG1,Microglia,28,0.0,164432,0.0,0.0,True
GLIS1,LVG1,Microglia,28,0.0,164432,0.0,0.0,True
H1F0,LVG1,Microglia,28,3.0,164432,18.244623917485647,2.957231744714973,True
HCG4,LVG1,Microglia,28,,164432,,,False
HCG4B,LVG1,Microglia,28,,164432,,,False
HCG4P5,LVG1,Microglia,28,,164432,,,False
HCG4P7,LVG1,Microglia,28,,164432,,,False
HCG9,LVG1,Microglia,28,1.0,164432,6.081541305828549,1.957491582576089,True
HCP5B,LVG1,Microglia,28,,164432,,,False
HECTD4,LVG1,Microglia,28,18.0,164432,109.46774350491388,4.704723564359948,True
HLA-A,LVG1,Microglia,28,22.0,164432,133.79390872822808,4.903747009981169,True
HLA-C,LVG1,Microglia,28,31.0,164432,188.52778048068504,5.244535612620586,True
HLA-F,LVG1,Microglia,28,4.0,164432,24.326165223314195,3.231838059868551,True
HLA-F-AS1,LVG1,Microglia,28,1.0,164432,6.081541305828549,1.957491582576089,True
HLA-G,LVG1,Microglia,28,0.0,164432,0.0,0.0,True
HLA-H,LVG1,Microglia,28,,164432,,,False
HLA-J,LVG1,Microglia,28,,164432,,,False
HLA-L,LVG1,Microglia,28,,164432,,,False
HLA-T,LVG1,Microglia,28,,164432,,,False
HLA-U,LVG1,Microglia,28,,164432,,,False
HLA-V,LVG1,Microglia,28,,164432,,,False
HLA-W,LVG1,Microglia,28,,164432,,,False
HSCB,LVG1,Microglia,28,2.0,164432,12.163082611657098,2.577416139474408,True
HTRA3,LVG1,Microglia,28,0.0,164432,0.0,0.0,True
IFITM4P,LVG1,Microglia,28,,164432,,,False
IFT172,LVG1,Microglia,28,8.0,164432,48.65233044662839,3.905045326884685,True
INPP5B,LVG1,Microglia,28,6.0,164432,36.489247834971295,3.6240541674622997,True
ITGB3,LVG1,Microglia,28,0.0,164432,0.0,0.0,True
KANSL1,LVG1,Microglia,28,50.0,164432,304.07706529142746,5.720564417777591,True
KANSL1-AS1,LVG1,Microglia,28,2.0,164432,12.163082611657098,2.577416139474408,True
KHK,LVG1,Microglia,28,0.0,164432,0.0,0.0,True
KLF5,LVG1,Microglia,28,0.0,164432,0.0,0.0,True
KRT8P26,LVG1,Microglia,28,,164432,,,False
LHPP,LVG1,Microglia,28,2.0,164432,12.163082611657098,2.577416139474408,True
LINC01948,LVG1,Microglia,28,0.0,164432,0.0,0.0,True
LINC02052,LVG1,Microglia,28,0.0,164432,0.0,0.0,True
LINC02210,LVG1,Microglia,28,,164432,,,False
LMO4,LVG1,Microglia,28,5.0,164432,30.407706529142747,3.4470532936653986,True
LMO7,LVG1,Microglia,28,10.0,164432,60.81541305828549,4.124152735605707,True
LOXL1,LVG1,Microglia,28,0.0,164432,0.0,0.0,True
LOXL1-AS1,LVG1,Microglia,28,0.0,164432,0.0,0.0,True
LRRC37A,LVG1,Microglia,28,0.0,164432,0.0,0.0,True
LRRC37A17P,LVG1,Microglia,28,,164432,,,False
LRRC37A2,LVG1,Microglia,28,9.0,164432,54.73387175245694,4.020588072566036,True
LRRC37A4P,LVG1,Microglia,28,,164432,,,False
LRWD1,LVG1,Microglia,28,1.0,164432,6.081541305828549,1.957491582576089,True
LTBP2,LVG1,Microglia,28,1.0,164432,6.081541305828549,1.957491582576089,True
LTBP3,LVG1,Microglia,28,5.0,164432,30.407706529142747,3.4470532936653986,True
MADD,LVG1,Microglia,28,11.0,164432,66.89695436411404,4.217991178832786,True
MAPK8IP1P1,LVG1,Microglia,28,,164432,,,False
MAPK8IP1P2,LVG1,Microglia,28,,164432,,,False
MAPT,LVG1,Microglia,28,11.0,164432,66.89695436411404,4.217991178832786,True
MAPT-AS1,LVG1,Microglia,28,4.0,164432,24.326165223314195,3.231838059868551,True
MAPT-IT1,LVG1,Microglia,28,0.0,164432,0.0,0.0,True
ME3,LVG1,Microglia,28,3.0,164432,18.244623917485647,2.957231744714973,True
MICE,LVG1,Microglia,28,,164432,,,False
MOV10,LVG1,Microglia,28,0.0,164432,0.0,0.0,True
MRPL33,LVG1,Microglia,28,11.0,164432,66.89695436411404,4.217991178832786,True
MTCH2,LVG1,Microglia,28,3.0,164432,18.244623917485647,2.957231744714973,True
MVB12B,LVG1,Microglia,28,19.0,164432,115.54928481074244,4.7583142291329725,True
Metazoa_SRP,LVG1,Microglia,28,,164432,,,False
NEAT1,LVG1,Microglia,28,297.0,164432,1806.217767831079,7.499543796795967,True
NMT1,LVG1,Microglia,28,12.0,164432,72.97849566994259,4.303774451917253,True
NPEPPS,LVG1,Microglia,28,28.0,164432,170.28315656319938,5.143318073368963,True
NRBP1,LVG1,Microglia,28,5.0,164432,30.407706529142747,3.4470532936653986,True
NSF,LVG1,Microglia,28,15.0,164432,91.22311958742824,4.524210853873173,True
NUCB2,LVG1,Microglia,28,14.0,164432,85.14157828159969,4.455992201742763,True
NUDT7,LVG1,Microglia,28,2.0,164432,12.163082611657098,2.577416139474408,True
PDE6C,LVG1,Microglia,28,1.0,164432,6.081541305828549,1.957491582576089,True
PGAM1P8,LVG1,Microglia,28,,164432,,,False
PIBF1,LVG1,Microglia,28,24.0,164432,145.95699133988518,4.9901399680509035,True
PIGC,LVG1,Microglia,28,4.0,164432,24.326165223314195,3.231838059868551,True
PKIB,LVG1,Microglia,28,5.0,164432,30.407706529142747,3.4470532936653986,True
PLCE1,LVG1,Microglia,28,37.0,164432,225.01702831565632,5.420610342963331,True
PLCE1-AS1,LVG1,Microglia,28,0.0,164432,0.0,0.0,True
PLEKHA7,LVG1,Microglia,28,34.0,164432,206.77240439817066,5.336443270992731,True
PLEKHM1,LVG1,Microglia,28,1.0,164432,6.081541305828549,1.957491582576089,True
PPP1R18,LVG1,Microglia,28,0.0,164432,0.0,0.0,True
PRKCE,LVG1,Microglia,28,48.0,164432,291.91398267977036,5.679878991443872,True
PROX2,LVG1,Microglia,28,0.0,164432,0.0,0.0,True
PRSS23,LVG1,Microglia,28,2.0,164432,12.163082611657098,2.577416139474408,True
PSORS1C3,LVG1,Microglia,28,0.0,164432,0.0,0.0,True
RAPSN,LVG1,Microglia,28,0.0,164432,0.0,0.0,True
RERE,LVG1,Microglia,28,121.0,164432,735.8664980052545,6.602406733318718,True
RIC8B,LVG1,Microglia,28,10.0,164432,60.81541305828549,4.124152735605707,True
RORA,LVG1,Microglia,28,126.0,164432,766.2742045343972,6.642844240130818,True
RP11-123K19.1,LVG1,Microglia,28,,164432,,,False
RP11-136H19.1,LVG1,Microglia,28,,164432,,,False
RP11-149I2.4,LVG1,Microglia,28,,164432,,,False
RP11-162I7.1,LVG1,Microglia,28,,164432,,,False
RP11-17G12.2,LVG1,Microglia,28,,164432,,,False
RP11-205K6.1,LVG1,Microglia,28,,164432,,,False
RP11-217B7.2,LVG1,Microglia,28,,164432,,,False
RP11-259A24.1,LVG1,Microglia,28,,164432,,,False
RP11-259G18.1,LVG1,Microglia,28,,164432,,,False
RP11-259G18.3,LVG1,Microglia,28,,164432,,,False
RP11-293E1.1,LVG1,Microglia,28,,164432,,,False
RP11-293E1.2,LVG1,Microglia,28,,164432,,,False
RP11-302L19.3,LVG1,Microglia,28,,164432,,,False
RP11-403A3.3,LVG1,Microglia,28,,164432,,,False
RP11-412D9.4,LVG1,Microglia,28,,164432,,,False
RP11-507B12.1,LVG1,Microglia,28,,164432,,,False
RP11-507B12.2,LVG1,Microglia,28,,164432,,,False
RP11-669E14.6,LVG1,Microglia,28,,164432,,,False
RP11-707O23.1,LVG1,Microglia,28,,164432,,,False
RP11-750H9.5,LVG1,Microglia,28,,164432,,,False
RP11-755F10.1,LVG1,Microglia,28,,164432,,,False
RP11-762L8.6,LVG1,Microglia,28,,164432,,,False
RP11-770G2.2,LVG1,Microglia,28,,164432,,,False
RP11-798G7.6,LVG1,Microglia,28,,164432,,,False
RP11-798G7.8,LVG1,Microglia,28,,164432,,,False
RP5-1115A15.1,LVG1,Microglia,28,,164432,,,False
RPS26P8,LVG1,Microglia,28,,164432,,,False
SCRN2,LVG1,Microglia,28,3.0,164432,18.244623917485647,2.957231744714973,True
SEMA3E,LVG1,Microglia,28,11.0,164432,66.89695436411404,4.217991178832786,True
SEPT7,LVG1,Microglia,28,,164432,,,False
SF3A3,LVG1,Microglia,28,6.0,164432,36.489247834971295,3.6240541674622997,True
SFTA1P,LVG1,Microglia,28,0.0,164432,0.0,0.0,True
SGSM2,LVG1,Microglia,28,4.0,164432,24.326165223314195,3.231838059868551,True
SLC25A45,LVG1,Microglia,28,3.0,164432,18.244623917485647,2.957231744714973,True
SLC39A13,LVG1,Microglia,28,0.0,164432,0.0,0.0,True
SMAD6,LVG1,Microglia,28,3.0,164432,18.244623917485647,2.957231744714973,True
SNORD14A,LVG1,Microglia,28,,164432,,,False
SSSCA1-AS1,LVG1,Microglia,28,0.0,164432,0.0,0.0,True
TARID,LVG1,Microglia,28,1.0,164432,6.081541305828549,1.957491582576089,True
TBC1D31,LVG1,Microglia,28,1.0,164432,6.081541305828549,1.957491582576089,True
TBKBP1,LVG1,Microglia,28,1.0,164432,6.081541305828549,1.957491582576089,True
TBPL1,LVG1,Microglia,28,9.0,164432,54.73387175245694,4.020588072566036,True
TGFB3,LVG1,Microglia,28,0.0,164432,0.0,0.0,True
THCAT158,LVG1,Microglia,28,,164432,,,False
THSD7A,LVG1,Microglia,28,19.0,164432,115.54928481074244,4.7583142291329725,True
TIGD3,LVG1,Microglia,28,0.0,164432,0.0,0.0,True
TMEM116,LVG1,Microglia,28,2.0,164432,12.163082611657098,2.577416139474408,True
TMEM136,LVG1,Microglia,28,,164432,,,False
TMEM181,LVG1,Microglia,28,6.0,164432,36.489247834971295,3.6240541674622997,True
TMEM263,LVG1,Microglia,28,5.0,164432,30.407706529142747,3.4470532936653986,True
TRIM26,LVG1,Microglia,28,3.0,164432,18.244623917485647,2.957231744714973,True
TRIOBP,LVG1,Microglia,28,3.0,164432,18.244623917485647,2.957231744714973,True
TSC22D2,LVG1,Microglia,28,20.0,164432,121.63082611657099,4.809178428410878,True
TTC28,LVG1,Microglia,28,76.0,164432,462.19713924296974,6.138152750166678,True
TTLL5,LVG1,Microglia,28,32.0,164432,194.60932178651356,5.276119413860403,True
TXNDC8,LVG1,Microglia,28,0.0,164432,0.0,0.0,True
TXNRD2,LVG1,Microglia,28,1.0,164432,6.081541305828549,1.957491582576089,True
UTP11,LVG1,Microglia,28,4.0,164432,24.326165223314195,3.231838059868551,True
VARS2,LVG1,Microglia,28,4.0,164432,24.326165223314195,3.231838059868551,True
VCAM1,LVG1,Microglia,28,0.0,164432,0.0,0.0,True
WLS,LVG1,Microglia,28,13.0,164432,79.06003697577114,4.382776815415072,True
WNT2B,LVG1,Microglia,28,4.0,164432,24.326165223314195,3.231838059868551,True
XRCC6P1,LVG1,Microglia,28,,164432,,,False
XXbac-BPG170G13.32,LVG1,Microglia,28,,164432,,,False
XXbac-BPG283O16.9,LVG1,Microglia,28,,164432,,,False
YAP1,LVG1,Microglia,28,9.0,164432,54.73387175245694,4.020588072566036,True
YIF1A,LVG1,Microglia,28,8.0,164432,48.65233044662839,3.905045326884685,True
ZNF280D,LVG1,Microglia,28,26.0,164432,158.12007395154228,5.0696590992988915,True
ZNF638,LVG1,Microglia,28,71.0,164432,431.789432713827,6.0702513111386,True
ZNF638-IT1,LVG1,Microglia,28,,164432,,,False
