gene,scenario,n_draws,comparison_types,baseline_top_type,modal_top_type,valid_draws,baseline_agreement_fraction,modal_top_fraction,zero_UMI_fraction,tie_fraction,top_fraction_Rod,top_fraction_Cone,top_fraction_Bipolar,top_fraction_RGC,top_fraction_Muller glia,top_fraction_Horizontal,top_fraction_Microglia
DGKG,equal_cells_20,300,Rod;Cone;Bipolar;RGC;Muller glia,Muller glia,Muller glia,270,0.7833333333333333,0.7833333333333333,0.1,0.0,0.0,0.0,0.0033333333333333335,0.11333333333333333,0.7833333333333333,,
SLC2A12,equal_cells_20,300,Rod;Cone;Bipolar;RGC;Muller glia,Muller glia,Muller glia,251,0.7166666666666667,0.7166666666666667,0.16333333333333333,0.0,0.0033333333333333335,0.0,0.0,0.11666666666666667,0.7166666666666667,,
COL8A2,equal_cells_20,300,Rod;Cone;Bipolar;RGC;Muller glia,RGC,RGC,85,0.2833333333333333,0.2833333333333333,0.7166666666666667,0.0,0.0,0.0,0.0,0.2833333333333333,0.0,,
NPC2,equal_cells_20,300,Rod;Cone;Bipolar;RGC;Muller glia,Muller glia,Muller glia,300,1.0,1.0,0.0,0.0,0.0,0.0,0.0,0.0,1.0,,
PSMC3,equal_cells_20,300,Rod;Cone;Bipolar;RGC;Muller glia,RGC,RGC,300,0.37333333333333335,0.37333333333333335,0.0,0.0,0.056666666666666664,0.11333333333333333,0.23666666666666666,0.37333333333333335,0.22,,
RP11-466F5.8,equal_cells_20,300,Rod;Cone;Bipolar;RGC;Muller glia,Rod,Cone,271,0.22666666666666666,0.43666666666666665,0.09666666666666666,0.0,0.22666666666666666,0.43666666666666665,0.09666666666666666,0.10666666666666667,0.03666666666666667,,
LPP,equal_cells_20,300,Rod;Cone;Bipolar;RGC;Muller glia,Muller glia,Muller glia,300,0.6433333333333333,0.6433333333333333,0.0,0.0,0.0033333333333333335,0.12666666666666668,0.023333333333333334,0.20333333333333334,0.6433333333333333,,
RP11-121M22.1,equal_cells_20,300,Rod;Cone;Bipolar;RGC;Muller glia,RGC,Cone,245,0.17,0.31666666666666665,0.18333333333333332,0.0,0.08,0.31666666666666665,0.14,0.17,0.11,,
ABO,equal_cells_20,300,Rod;Cone;Bipolar;RGC;Muller glia,RGC,RGC,31,0.10333333333333333,0.10333333333333333,0.8966666666666666,0.0,0.0,0.0,0.0,0.10333333333333333,0.0,,
ADAMTS8,equal_cells_20,300,Rod;Cone;Bipolar;RGC;Muller glia,RGC,RGC,46,0.09666666666666666,0.09666666666666666,0.8466666666666667,0.0,0.0,0.0,0.056666666666666664,0.09666666666666666,0.0,,
CALD1,equal_cells_20,300,Rod;Cone;Bipolar;RGC;Muller glia,Muller glia,Muller glia,300,0.8033333333333333,0.8033333333333333,0.0,0.0,0.0,0.0,0.18,0.016666666666666666,0.8033333333333333,,
CHEK2,equal_cells_20,300,Rod;Cone;Bipolar;RGC;Muller glia,RGC,RGC,180,0.3466666666666667,0.3466666666666667,0.4,0.0,0.04,0.0,0.13333333333333333,0.3466666666666667,0.08,,
GAS7,equal_cells_20,300,Rod;Cone;Bipolar;RGC;Muller glia,Cone,Cone,300,0.7133333333333334,0.7133333333333334,0.0,0.0,0.0,0.7133333333333334,0.02,0.26666666666666666,0.0,,
TCF12,equal_cells_20,300,Rod;Cone;Bipolar;RGC;Muller glia,Muller glia,Muller glia,300,0.74,0.74,0.0,0.0,0.05,0.14666666666666667,0.0,0.06333333333333334,0.74,,
TMCO1,equal_cells_20,300,Rod;Cone;Bipolar;RGC;Muller glia,Muller glia,Muller glia,300,1.0,1.0,0.0,0.0,0.0,0.0,0.0,0.0,1.0,,
TRIB2,equal_cells_20,300,Rod;Cone;Bipolar;RGC;Muller glia,Muller glia,Muller glia,300,0.6366666666666667,0.6366666666666667,0.0,0.0,0.15666666666666668,0.02666666666666667,0.17333333333333334,0.006666666666666667,0.6366666666666667,,
ACBD4,equal_cells_20,300,Rod;Cone;Bipolar;RGC;Muller glia,Muller glia,Muller glia,300,0.4,0.4,0.0,0.0,0.15333333333333332,0.18,0.15,0.11666666666666667,0.4,,
AFAP1,equal_cells_20,300,Rod;Cone;Bipolar;RGC;Muller glia,Muller glia,Muller glia,299,0.6833333333333333,0.6833333333333333,0.0033333333333333335,0.0,0.0,0.07666666666666666,0.02666666666666667,0.21,0.6833333333333333,,
ALDH2,equal_cells_20,300,Rod;Cone;Bipolar;RGC;Muller glia,Muller glia,Muller glia,300,0.6766666666666666,0.6766666666666666,0.0,0.0,0.016666666666666666,0.013333333333333334,0.29,0.0033333333333333335,0.6766666666666666,,
AP003068.23,equal_cells_20,300,Rod;Cone;Bipolar;RGC;Muller glia,Rod,Rod,224,0.25333333333333335,0.25333333333333335,0.25333333333333335,0.0,0.25333333333333335,0.24,0.0033333333333333335,0.12333333333333334,0.12666666666666668,,
AP5B1,equal_cells_20,300,Rod;Cone;Bipolar;RGC;Muller glia,Rod,Cone,289,0.24666666666666667,0.30333333333333334,0.03666666666666667,0.0,0.24666666666666667,0.30333333333333334,0.12,0.11666666666666667,0.17666666666666667,,
AREL1,equal_cells_20,300,Rod;Cone;Bipolar;RGC;Muller glia,RGC,RGC,300,0.4166666666666667,0.4166666666666667,0.0,0.0,0.08666666666666667,0.08666666666666667,0.23333333333333334,0.4166666666666667,0.17666666666666667,,
ARHGAP27,equal_cells_20,300,Rod;Cone;Bipolar;RGC;Muller glia,Bipolar,RGC,229,0.23666666666666666,0.24,0.23666666666666666,0.0,0.10666666666666667,0.1,0.23666666666666666,0.24,0.08,,
ARHGEF12,equal_cells_20,300,Rod;Cone;Bipolar;RGC;Muller glia,RGC,RGC,300,0.5566666666666666,0.5566666666666666,0.0,0.0,0.0033333333333333335,0.006666666666666667,0.43333333333333335,0.5566666666666666,0.0,,
ARL17A,equal_cells_20,300,Rod;Cone;Bipolar;RGC;Muller glia,RGC,Cone,300,0.23333333333333334,0.26666666666666666,0.0,0.0,0.20333333333333334,0.26666666666666666,0.21333333333333335,0.23333333333333334,0.08333333333333333,,
ATP5J,equal_cells_20,300,Rod;Cone;Bipolar;RGC;Muller glia,Cone,Cone,300,1.0,1.0,0.0,0.0,0.0,1.0,0.0,0.0,0.0,,
BICC1,equal_cells_20,300,Rod;Cone;Bipolar;RGC;Muller glia,Muller glia,Muller glia,299,0.9333333333333333,0.9333333333333333,0.0033333333333333335,0.0,0.0,0.0,0.0,0.06333333333333334,0.9333333333333333,,
BORA,equal_cells_20,300,Rod;Cone;Bipolar;RGC;Muller glia,Bipolar,Cone,297,0.23,0.43,0.01,0.0,0.17666666666666667,0.43,0.23,0.0,0.15333333333333332,,
C1orf109,equal_cells_20,300,Rod;Cone;Bipolar;RGC;Muller glia,RGC,Cone,300,0.26,0.29333333333333333,0.0,0.0,0.11666666666666667,0.29333333333333333,0.25666666666666665,0.26,0.07333333333333333,,
C1orf122,equal_cells_20,300,Rod;Cone;Bipolar;RGC;Muller glia,Cone,Cone,300,0.9666666666666667,0.9666666666666667,0.0,0.0,0.0,0.9666666666666667,0.03333333333333333,0.0,0.0,,
C22orf29,equal_cells_20,300,Rod;Cone;Bipolar;RGC;Muller glia,RGC,RGC,300,0.39,0.39,0.0,0.0,0.07,0.22666666666666666,0.2866666666666667,0.39,0.02666666666666667,,
CADM1,equal_cells_20,300,Rod;Cone;Bipolar;RGC;Muller glia,Bipolar,Bipolar,300,0.8,0.8,0.0,0.0,0.2,0.0,0.8,0.0,0.0,,
CADM2,equal_cells_20,300,Rod;Cone;Bipolar;RGC;Muller glia,Rod,Rod,300,0.8166666666666667,0.8166666666666667,0.0,0.0,0.8166666666666667,0.18333333333333332,0.0,0.0,0.0,,
CAV2,equal_cells_20,300,Rod;Cone;Bipolar;RGC;Muller glia,Muller glia,Muller glia,300,1.0,1.0,0.0,0.0,0.0,0.0,0.0,0.0,1.0,,
CCDC117,equal_cells_20,300,Rod;Cone;Bipolar;RGC;Muller glia,RGC,RGC,300,0.45,0.45,0.0,0.0,0.11,0.24666666666666667,0.13333333333333333,0.45,0.06,,
CDC14A,equal_cells_20,300,Rod;Cone;Bipolar;RGC;Muller glia,Muller glia,Muller glia,300,0.7133333333333334,0.7133333333333334,0.0,0.0,0.006666666666666667,0.26,0.0033333333333333335,0.016666666666666666,0.7133333333333334,,
CDKN2A,equal_cells_20,300,Rod;Cone;Bipolar;RGC;Muller glia,Bipolar,Bipolar,106,0.26,0.26,0.6466666666666666,0.0,0.0,0.0,0.26,0.0,0.09333333333333334,,
CDKN2B-AS1,equal_cells_20,300,Rod;Cone;Bipolar;RGC;Muller glia,Cone,Cone,36,0.07666666666666666,0.07666666666666666,0.88,0.0,0.0033333333333333335,0.07666666666666666,0.04,0.0,0.0,,
CELF1,equal_cells_20,300,Rod;Cone;Bipolar;RGC;Muller glia,RGC,RGC,300,0.53,0.53,0.0,0.0,0.0,0.03333333333333333,0.38,0.53,0.056666666666666664,,
CLIC5,equal_cells_20,300,Rod;Cone;Bipolar;RGC;Muller glia,Muller glia,Muller glia,300,1.0,1.0,0.0,0.0,0.0,0.0,0.0,0.0,1.0,,
COL11A1,equal_cells_20,300,Rod;Cone;Bipolar;RGC;Muller glia,Muller glia,Muller glia,300,0.7433333333333333,0.7433333333333333,0.0,0.0,0.0,0.0,0.0,0.25666666666666665,0.7433333333333333,,
CRHR1,equal_cells_20,300,Rod;Cone;Bipolar;RGC;Muller glia,Bipolar,Bipolar,9,0.02666666666666667,0.02666666666666667,0.97,0.0,0.0033333333333333335,0.0,0.02666666666666667,0.0,0.0,,
CTA-292E10.6,equal_cells_20,300,Rod;Cone;Bipolar;RGC;Muller glia,Rod,Rod,300,0.4533333333333333,0.4533333333333333,0.0,0.0,0.4533333333333333,0.24666666666666667,0.15666666666666668,0.10666666666666667,0.03666666666666667,,
CTD-2005H7.1,equal_cells_20,300,Rod;Cone;Bipolar;RGC;Muller glia,Bipolar,Bipolar,77,0.20666666666666667,0.20666666666666667,0.7433333333333333,0.0,0.0033333333333333335,0.0,0.20666666666666667,0.0,0.04666666666666667,,
CTD-2020K17.1,equal_cells_20,300,Rod;Cone;Bipolar;RGC;Muller glia,RGC,RGC,276,0.6333333333333333,0.6333333333333333,0.08,0.0,0.023333333333333334,0.016666666666666666,0.05333333333333334,0.6333333333333333,0.19333333333333333,,
CTD-2020K17.3,equal_cells_20,300,Rod;Cone;Bipolar;RGC;Muller glia,RGC,RGC,293,0.8133333333333334,0.8133333333333334,0.023333333333333334,0.0,0.0033333333333333335,0.0,0.15666666666666668,0.8133333333333334,0.0033333333333333335,,
CTTNBP2,equal_cells_20,300,Rod;Cone;Bipolar;RGC;Muller glia,Muller glia,Muller glia,300,0.85,0.85,0.0,0.0,0.0,0.0,0.0,0.15,0.85,,
DYSF,equal_cells_20,300,Rod;Cone;Bipolar;RGC;Muller glia,Bipolar,Bipolar,90,0.14666666666666667,0.14666666666666667,0.7,0.0,0.056666666666666664,0.0,0.14666666666666667,0.0,0.09666666666666666,,
EFCAB13,equal_cells_20,300,Rod;Cone;Bipolar;RGC;Muller glia,RGC,RGC,289,0.4266666666666667,0.4266666666666667,0.03666666666666667,0.0,0.08,0.05,0.24,0.4266666666666667,0.16666666666666666,,
EFEMP1,equal_cells_20,300,Rod;Cone;Bipolar;RGC;Muller glia,Muller glia,Muller glia,300,1.0,1.0,0.0,0.0,0.0,0.0,0.0,0.0,1.0,,
EHBP1L1,equal_cells_20,300,Rod;Cone;Bipolar;RGC;Muller glia,RGC,RGC,248,0.5533333333333333,0.5533333333333333,0.17333333333333334,0.0,0.006666666666666667,0.0,0.02666666666666667,0.5533333333333333,0.24,,
FAM215B,equal_cells_20,300,Rod;Cone;Bipolar;RGC;Muller glia,Bipolar,Bipolar,300,0.44333333333333336,0.44333333333333336,0.0,0.0,0.08333333333333333,0.08666666666666667,0.44333333333333336,0.26,0.12666666666666668,,
FAM89B,equal_cells_20,300,Rod;Cone;Bipolar;RGC;Muller glia,RGC,RGC,300,0.93,0.93,0.0,0.0,0.006666666666666667,0.0,0.05,0.93,0.013333333333333334,,
FHL3,equal_cells_20,300,Rod;Cone;Bipolar;RGC;Muller glia,Muller glia,Muller glia,148,0.24333333333333335,0.24333333333333335,0.5066666666666667,0.0,0.0,0.06,0.10333333333333333,0.08666666666666667,0.24333333333333335,,
FLOT1,equal_cells_20,300,Rod;Cone;Bipolar;RGC;Muller glia,RGC,RGC,300,0.9733333333333334,0.9733333333333334,0.0,0.0,0.0,0.0,0.0,0.9733333333333334,0.02666666666666667,,
FLVCR2,equal_cells_20,300,Rod;Cone;Bipolar;RGC;Muller glia,Muller glia,Muller glia,82,0.13333333333333333,0.13333333333333333,0.7266666666666667,0.0,0.03,0.11,0.0,0.0,0.13333333333333333,,
FMNL1,equal_cells_20,300,Rod;Cone;Bipolar;RGC;Muller glia,RGC,RGC,250,0.5366666666666666,0.5366666666666666,0.16666666666666666,0.0,0.006666666666666667,0.0,0.17333333333333334,0.5366666666666666,0.11666666666666667,,
FNDC4,equal_cells_20,300,Rod;Cone;Bipolar;RGC;Muller glia,RGC,RGC,300,0.9633333333333334,0.9633333333333334,0.0,0.0,0.006666666666666667,0.013333333333333334,0.01,0.9633333333333334,0.006666666666666667,,
GCAT,equal_cells_20,300,Rod;Cone;Bipolar;RGC;Muller glia,Muller glia,Muller glia,300,0.44,0.44,0.0,0.0,0.0,0.0,0.13333333333333333,0.4266666666666667,0.44,,
GLIS1,equal_cells_20,300,Rod;Cone;Bipolar;RGC;Muller glia,Muller glia,Muller glia,64,0.16,0.16,0.7866666666666666,0.0,0.0,0.0,0.05333333333333334,0.0,0.16,,
H1F0,equal_cells_20,300,Rod;Cone;Bipolar;RGC;Muller glia,Bipolar,Bipolar,300,0.8733333333333333,0.8733333333333333,0.0,0.0,0.0,0.0,0.8733333333333333,0.07,0.056666666666666664,,
HCG9,equal_cells_20,300,Rod;Cone;Bipolar;RGC;Muller glia,RGC,RGC,97,0.2633333333333333,0.2633333333333333,0.6766666666666666,0.0,0.0,0.0,0.06,0.2633333333333333,0.0,,
HCP5B,equal_cells_20,300,Rod;Cone;Bipolar;RGC;Muller glia,RGC,RGC,37,0.10666666666666667,0.10666666666666667,0.8766666666666667,0.0,0.0,0.0,0.016666666666666666,0.10666666666666667,0.0,,
HECTD4,equal_cells_20,300,Rod;Cone;Bipolar;RGC;Muller glia,RGC,RGC,300,0.72,0.72,0.0,0.0,0.006666666666666667,0.23333333333333334,0.03333333333333333,0.72,0.006666666666666667,,
HLA-A,equal_cells_20,300,Rod;Cone;Bipolar;RGC;Muller glia,Muller glia,Muller glia,300,0.85,0.85,0.0,0.0,0.0,0.0,0.0033333333333333335,0.14666666666666667,0.85,,
HLA-C,equal_cells_20,300,Rod;Cone;Bipolar;RGC;Muller glia,Muller glia,Muller glia,300,0.9966666666666667,0.9966666666666667,0.0,0.0,0.0,0.0,0.0,0.0033333333333333335,0.9966666666666667,,
HLA-F,equal_cells_20,300,Rod;Cone;Bipolar;RGC;Muller glia,Muller glia,Muller glia,267,0.6033333333333334,0.6033333333333334,0.11,0.0,0.03666666666666667,0.01,0.06,0.18,0.6033333333333334,,
HLA-G,equal_cells_20,300,Rod;Cone;Bipolar;RGC;Muller glia,Bipolar,Bipolar,34,0.08333333333333333,0.08333333333333333,0.8866666666666667,0.0,0.03,0.0,0.08333333333333333,0.0,0.0,,
HSCB,equal_cells_20,300,Rod;Cone;Bipolar;RGC;Muller glia,Muller glia,Muller glia,300,0.58,0.58,0.0,0.0,0.06,0.0,0.09666666666666666,0.2633333333333333,0.58,,
HTRA3,equal_cells_20,300,Rod;Cone;Bipolar;RGC;Muller glia,Muller glia,Muller glia,17,0.056666666666666664,0.056666666666666664,0.9433333333333334,0.0,0.0,0.0,0.0,0.0,0.056666666666666664,,
IFT172,equal_cells_20,300,Rod;Cone;Bipolar;RGC;Muller glia,Rod,Cone,300,0.23666666666666666,0.6433333333333333,0.0,0.0,0.23666666666666666,0.6433333333333333,0.03666666666666667,0.006666666666666667,0.07666666666666666,,
INPP5B,equal_cells_20,300,Rod;Cone;Bipolar;RGC;Muller glia,RGC,RGC,300,0.57,0.57,0.0,0.0,0.1,0.03666666666666667,0.13333333333333333,0.57,0.16,,
ITGB3,equal_cells_20,300,Rod;Cone;Bipolar;RGC;Muller glia,,,0,,0.0,1.0,0.0,0.0,0.0,0.0,0.0,0.0,,
KANSL1,equal_cells_20,300,Rod;Cone;Bipolar;RGC;Muller glia,RGC,RGC,300,0.43666666666666665,0.43666666666666665,0.0,0.0,0.15333333333333332,0.07,0.3333333333333333,0.43666666666666665,0.006666666666666667,,
KANSL1-AS1,equal_cells_20,300,Rod;Cone;Bipolar;RGC;Muller glia,Rod,Bipolar,300,0.20666666666666667,0.25333333333333335,0.0,0.0,0.20666666666666667,0.14666666666666667,0.25333333333333335,0.18333333333333332,0.21,,
KHK,equal_cells_20,300,Rod;Cone;Bipolar;RGC;Muller glia,RGC,RGC,300,0.77,0.77,0.0,0.0,0.006666666666666667,0.0033333333333333335,0.12,0.77,0.1,,
KLF5,equal_cells_20,300,Rod;Cone;Bipolar;RGC;Muller glia,Rod,Bipolar,17,0.016666666666666666,0.04,0.9433333333333334,0.0,0.016666666666666666,0.0,0.04,0.0,0.0,,
LHPP,equal_cells_20,300,Rod;Cone;Bipolar;RGC;Muller glia,RGC,Cone,300,0.35,0.44666666666666666,0.0,0.0,0.03666666666666667,0.44666666666666666,0.06333333333333334,0.35,0.10333333333333333,,
LINC01948,equal_cells_20,300,Rod;Cone;Bipolar;RGC;Muller glia,Bipolar,Bipolar,16,0.05333333333333334,0.05333333333333334,0.9466666666666667,0.0,0.0,0.0,0.05333333333333334,0.0,0.0,,
LMO4,equal_cells_20,300,Rod;Cone;Bipolar;RGC;Muller glia,RGC,RGC,300,0.9866666666666667,0.9866666666666667,0.0,0.0,0.0,0.0,0.013333333333333334,0.9866666666666667,0.0,,
LMO7,equal_cells_20,300,Rod;Cone;Bipolar;RGC;Muller glia,Rod,Cone,300,0.25666666666666665,0.39666666666666667,0.0,0.0,0.25666666666666665,0.39666666666666667,0.10333333333333333,0.11666666666666667,0.12666666666666668,,
LOXL1,equal_cells_20,300,Rod;Cone;Bipolar;RGC;Muller glia,RGC,RGC,300,0.7633333333333333,0.7633333333333333,0.0,0.0,0.0,0.0,0.006666666666666667,0.7633333333333333,0.23,,
LOXL1-AS1,equal_cells_20,300,Rod;Cone;Bipolar;RGC;Muller glia,RGC,RGC,289,0.7833333333333333,0.7833333333333333,0.03666666666666667,0.0,0.0,0.0,0.0,0.7833333333333333,0.18,,
LRRC37A,equal_cells_20,300,Rod;Cone;Bipolar;RGC;Muller glia,RGC,RGC,285,0.4666666666666667,0.4666666666666667,0.05,0.0,0.09,0.29333333333333333,0.1,0.4666666666666667,0.0,,
LRRC37A2,equal_cells_20,300,Rod;Cone;Bipolar;RGC;Muller glia,Bipolar,Cone,300,0.28,0.2866666666666667,0.0,0.0,0.17,0.2866666666666667,0.28,0.16333333333333333,0.1,,
LRWD1,equal_cells_20,300,Rod;Cone;Bipolar;RGC;Muller glia,RGC,RGC,300,0.36333333333333334,0.36333333333333334,0.0,0.0,0.22333333333333333,0.20666666666666667,0.13666666666666666,0.36333333333333334,0.07,,
LTBP2,equal_cells_20,300,Rod;Cone;Bipolar;RGC;Muller glia,Bipolar,Bipolar,160,0.31,0.31,0.4666666666666667,0.0,0.04666666666666667,0.03333333333333333,0.31,0.0,0.14333333333333334,,
LTBP3,equal_cells_20,300,Rod;Cone;Bipolar;RGC;Muller glia,Muller glia,Muller glia,300,0.7666666666666667,0.7666666666666667,0.0,0.0,0.0033333333333333335,0.0,0.08666666666666667,0.14333333333333334,0.7666666666666667,,
MADD,equal_cells_20,300,Rod;Cone;Bipolar;RGC;Muller glia,Cone,Cone,300,0.6433333333333333,0.6433333333333333,0.0,0.0,0.06333333333333334,0.6433333333333333,0.03666666666666667,0.25666666666666665,0.0,,
MAPT,equal_cells_20,300,Rod;Cone;Bipolar;RGC;Muller glia,Bipolar,Bipolar,300,0.7966666666666666,0.7966666666666666,0.0,0.0,0.0,0.0,0.7966666666666666,0.19333333333333333,0.01,,
MAPT-AS1,equal_cells_20,300,Rod;Cone;Bipolar;RGC;Muller glia,Bipolar,Bipolar,300,0.7133333333333334,0.7133333333333334,0.0,0.0,0.0,0.0,0.7133333333333334,0.07666666666666666,0.21,,
ME3,equal_cells_20,300,Rod;Cone;Bipolar;RGC;Muller glia,Bipolar,Bipolar,300,0.9466666666666667,0.9466666666666667,0.0,0.0,0.0033333333333333335,0.0,0.9466666666666667,0.02,0.03,,
MOV10,equal_cells_20,300,Rod;Cone;Bipolar;RGC;Muller glia,Muller glia,Muller glia,290,0.8066666666666666,0.8066666666666666,0.03333333333333333,0.0,0.006666666666666667,0.01,0.02,0.12333333333333334,0.8066666666666666,,
MRPL33,equal_cells_20,300,Rod;Cone;Bipolar;RGC;Muller glia,Cone,Cone,300,0.5233333333333333,0.5233333333333333,0.0,0.0,0.11,0.5233333333333333,0.36333333333333334,0.0033333333333333335,0.0,,
MTCH2,equal_cells_20,300,Rod;Cone;Bipolar;RGC;Muller glia,Cone,Cone,300,0.59,0.59,0.0,0.0,0.18333333333333332,0.59,0.08666666666666667,0.08,0.06,,
MVB12B,equal_cells_20,300,Rod;Cone;Bipolar;RGC;Muller glia,RGC,RGC,300,0.6433333333333333,0.6433333333333333,0.0,0.0,0.02666666666666667,0.0,0.05333333333333334,0.6433333333333333,0.27666666666666667,,
NEAT1,equal_cells_20,300,Rod;Cone;Bipolar;RGC;Muller glia,Muller glia,Muller glia,300,0.5933333333333334,0.5933333333333334,0.0,0.0,0.0,0.0,0.0,0.4066666666666667,0.5933333333333334,,
NMT1,equal_cells_20,300,Rod;Cone;Bipolar;RGC;Muller glia,Cone,Cone,300,0.6933333333333334,0.6933333333333334,0.0,0.0,0.26,0.6933333333333334,0.0033333333333333335,0.043333333333333335,0.0,,
NPEPPS,equal_cells_20,300,Rod;Cone;Bipolar;RGC;Muller glia,Cone,Cone,300,0.4,0.4,0.0,0.0,0.04,0.4,0.37333333333333335,0.18666666666666668,0.0,,
NRBP1,equal_cells_20,300,Rod;Cone;Bipolar;RGC;Muller glia,RGC,RGC,300,0.45666666666666667,0.45666666666666667,0.0,0.0,0.26,0.07333333333333333,0.15666666666666668,0.45666666666666667,0.05333333333333334,,
NSF,equal_cells_20,300,Rod;Cone;Bipolar;RGC;Muller glia,Cone,Cone,300,0.5866666666666667,0.5866666666666667,0.0,0.0,0.03666666666666667,0.5866666666666667,0.11333333333333333,0.2633333333333333,0.0,,
NUCB2,equal_cells_20,300,Rod;Cone;Bipolar;RGC;Muller glia,Rod,Rod,300,0.65,0.65,0.0,0.0,0.65,0.09666666666666666,0.14666666666666667,0.01,0.09666666666666666,,
NUDT7,equal_cells_20,300,Rod;Cone;Bipolar;RGC;Muller glia,Muller glia,Muller glia,300,0.98,0.98,0.0,0.0,0.016666666666666666,0.0,0.0033333333333333335,0.0,0.98,,
PDE6C,equal_cells_20,300,Rod;Cone;Bipolar;RGC;Muller glia,Cone,Cone,300,1.0,1.0,0.0,0.0,0.0,1.0,0.0,0.0,0.0,,
PIBF1,equal_cells_20,300,Rod;Cone;Bipolar;RGC;Muller glia,Rod,Muller glia,300,0.15666666666666668,0.23666666666666666,0.0,0.0,0.15666666666666668,0.19333333333333333,0.20666666666666667,0.20666666666666667,0.23666666666666666,,
PIGC,equal_cells_20,300,Rod;Cone;Bipolar;RGC;Muller glia,RGC,RGC,300,0.63,0.63,0.0,0.0,0.12,0.05,0.13666666666666666,0.63,0.06333333333333334,,
PKIB,equal_cells_20,300,Rod;Cone;Bipolar;RGC;Muller glia,Cone,Cone,300,0.79,0.79,0.0,0.0,0.20666666666666667,0.79,0.0,0.0033333333333333335,0.0,,
PLCE1,equal_cells_20,300,Rod;Cone;Bipolar;RGC;Muller glia,Muller glia,Muller glia,300,0.9933333333333333,0.9933333333333333,0.0,0.0,0.0,0.0033333333333333335,0.0,0.0033333333333333335,0.9933333333333333,,
PLEKHA7,equal_cells_20,300,Rod;Cone;Bipolar;RGC;Muller glia,Cone,Cone,300,0.88,0.88,0.0,0.0,0.03333333333333333,0.88,0.013333333333333334,0.0,0.07333333333333333,,
PLEKHM1,equal_cells_20,300,Rod;Cone;Bipolar;RGC;Muller glia,Muller glia,RGC,300,0.26666666666666666,0.38666666666666666,0.0,0.0,0.11666666666666667,0.023333333333333334,0.20666666666666667,0.38666666666666666,0.26666666666666666,,
PPP1R18,equal_cells_20,300,Rod;Cone;Bipolar;RGC;Muller glia,Rod,Cone,296,0.26,0.4533333333333333,0.013333333333333334,0.0,0.26,0.4533333333333333,0.05,0.2,0.023333333333333334,,
PRKCE,equal_cells_20,300,Rod;Cone;Bipolar;RGC;Muller glia,Bipolar,Bipolar,300,1.0,1.0,0.0,0.0,0.0,0.0,1.0,0.0,0.0,,
PRSS23,equal_cells_20,300,Rod;Cone;Bipolar;RGC;Muller glia,Bipolar,Bipolar,251,0.8366666666666667,0.8366666666666667,0.16333333333333333,0.0,0.0,0.0,0.8366666666666667,0.0,0.0,,
RAPSN,equal_cells_20,300,Rod;Cone;Bipolar;RGC;Muller glia,Muller glia,Muller glia,55,0.18333333333333332,0.18333333333333332,0.8166666666666667,0.0,0.0,0.0,0.0,0.0,0.18333333333333332,,
RERE,equal_cells_20,300,Rod;Cone;Bipolar;RGC;Muller glia,Bipolar,Bipolar,300,0.4066666666666667,0.4066666666666667,0.0,0.0,0.0,0.23666666666666666,0.4066666666666667,0.35333333333333333,0.0033333333333333335,,
RIC8B,equal_cells_20,300,Rod;Cone;Bipolar;RGC;Muller glia,Rod,Rod,300,0.6233333333333333,0.6233333333333333,0.0,0.0,0.6233333333333333,0.0,0.1,0.1,0.17666666666666667,,
RORA,equal_cells_20,300,Rod;Cone;Bipolar;RGC;Muller glia,Cone,Cone,300,1.0,1.0,0.0,0.0,0.0,1.0,0.0,0.0,0.0,,
RP11-217B7.2,equal_cells_20,300,Rod;Cone;Bipolar;RGC;Muller glia,Rod,Rod,13,0.043333333333333335,0.043333333333333335,0.9566666666666667,0.0,0.043333333333333335,0.0,0.0,0.0,0.0,,
RP11-302L19.3,equal_cells_20,300,Rod;Cone;Bipolar;RGC;Muller glia,Cone,Cone,37,0.12,0.12,0.8766666666666667,0.0,0.0033333333333333335,0.12,0.0,0.0,0.0,,
RP11-403A3.3,equal_cells_20,300,Rod;Cone;Bipolar;RGC;Muller glia,RGC,RGC,36,0.12,0.12,0.88,0.0,0.0,0.0,0.0,0.12,0.0,,
RP11-412D9.4,equal_cells_20,300,Rod;Cone;Bipolar;RGC;Muller glia,Bipolar,Bipolar,300,0.45666666666666667,0.45666666666666667,0.0,0.0,0.22333333333333333,0.14333333333333334,0.45666666666666667,0.06333333333333334,0.11333333333333333,,
RP11-507B12.2,equal_cells_20,300,Rod;Cone;Bipolar;RGC;Muller glia,Muller glia,Muller glia,44,0.14666666666666667,0.14666666666666667,0.8533333333333334,0.0,0.0,0.0,0.0,0.0,0.14666666666666667,,
RP11-669E14.6,equal_cells_20,300,Rod;Cone;Bipolar;RGC;Muller glia,RGC,RGC,226,0.37,0.37,0.24666666666666667,0.0,0.06333333333333334,0.06,0.19,0.37,0.07,,
RP11-755F10.1,equal_cells_20,300,Rod;Cone;Bipolar;RGC;Muller glia,RGC,Cone,83,0.12333333333333334,0.12666666666666668,0.7233333333333334,0.0,0.02,0.12666666666666668,0.006666666666666667,0.12333333333333334,0.0,,
RP11-798G7.6,equal_cells_20,300,Rod;Cone;Bipolar;RGC;Muller glia,Rod,Muller glia,284,0.27,0.37,0.05333333333333334,0.0,0.27,0.11,0.19666666666666666,0.0,0.37,,
RP5-1115A15.1,equal_cells_20,300,Rod;Cone;Bipolar;RGC;Muller glia,Rod,Rod,2,0.006666666666666667,0.006666666666666667,0.9933333333333333,0.0,0.006666666666666667,0.0,0.0,0.0,0.0,,
SCRN2,equal_cells_20,300,Rod;Cone;Bipolar;RGC;Muller glia,Muller glia,Muller glia,300,0.71,0.71,0.0,0.0,0.13333333333333333,0.03333333333333333,0.04666666666666667,0.07666666666666666,0.71,,
SEMA3E,equal_cells_20,300,Rod;Cone;Bipolar;RGC;Muller glia,Bipolar,Bipolar,300,1.0,1.0,0.0,0.0,0.0,0.0,1.0,0.0,0.0,,
SEPT7,equal_cells_20,300,Rod;Cone;Bipolar;RGC;Muller glia,RGC,RGC,300,0.9866666666666667,0.9866666666666667,0.0,0.0,0.0,0.0,0.006666666666666667,0.9866666666666667,0.006666666666666667,,
SF3A3,equal_cells_20,300,Rod;Cone;Bipolar;RGC;Muller glia,Bipolar,Bipolar,300,0.4633333333333333,0.4633333333333333,0.0,0.0,0.2633333333333333,0.03,0.4633333333333333,0.19333333333333333,0.05,,
SFTA1P,equal_cells_20,300,Rod;Cone;Bipolar;RGC;Muller glia,Muller glia,Muller glia,90,0.3,0.3,0.7,0.0,0.0,0.0,0.0,0.0,0.3,,
SGSM2,equal_cells_20,300,Rod;Cone;Bipolar;RGC;Muller glia,Cone,Cone,300,0.5133333333333333,0.5133333333333333,0.0,0.0,0.04,0.5133333333333333,0.2733333333333333,0.15333333333333332,0.02,,
SLC25A45,equal_cells_20,300,Rod;Cone;Bipolar;RGC;Muller glia,RGC,RGC,297,0.44,0.44,0.01,0.0,0.0,0.0,0.21,0.44,0.34,,
SLC39A13,equal_cells_20,300,Rod;Cone;Bipolar;RGC;Muller glia,RGC,Cone,300,0.26666666666666666,0.3,0.0,0.0,0.03333333333333333,0.3,0.16333333333333333,0.26666666666666666,0.23666666666666666,,
SMAD6,equal_cells_20,300,Rod;Cone;Bipolar;RGC;Muller glia,Muller glia,Muller glia,222,0.7066666666666667,0.7066666666666667,0.26,0.0,0.0033333333333333335,0.03,0.0,0.0,0.7066666666666667,,
TARID,equal_cells_20,300,Rod;Cone;Bipolar;RGC;Muller glia,Cone,Cone,207,0.6566666666666666,0.6566666666666666,0.31,0.0,0.0,0.6566666666666666,0.03333333333333333,0.0,0.0,,
TBC1D31,equal_cells_20,300,Rod;Cone;Bipolar;RGC;Muller glia,RGC,RGC,300,0.3466666666666667,0.3466666666666667,0.0,0.0,0.08333333333333333,0.30666666666666664,0.15333333333333332,0.3466666666666667,0.11,,
TBKBP1,equal_cells_20,300,Rod;Cone;Bipolar;RGC;Muller glia,Bipolar,RGC,300,0.31333333333333335,0.38,0.0,0.0,0.01,0.25666666666666665,0.31333333333333335,0.38,0.04,,
TBPL1,equal_cells_20,300,Rod;Cone;Bipolar;RGC;Muller glia,RGC,RGC,300,0.51,0.51,0.0,0.0,0.02,0.0,0.4666666666666667,0.51,0.0033333333333333335,,
TGFB3,equal_cells_20,300,Rod;Cone;Bipolar;RGC;Muller glia,Muller glia,Muller glia,172,0.45,0.45,0.4266666666666667,0.0,0.08333333333333333,0.04,0.0,0.0,0.45,,
THCAT158,equal_cells_20,300,Rod;Cone;Bipolar;RGC;Muller glia,Muller glia,Muller glia,66,0.21666666666666667,0.21666666666666667,0.78,0.0,0.0033333333333333335,0.0,0.0,0.0,0.21666666666666667,,
THSD7A,equal_cells_20,300,Rod;Cone;Bipolar;RGC;Muller glia,Bipolar,Bipolar,300,0.93,0.93,0.0,0.0,0.0,0.02,0.93,0.05,0.0,,
TIGD3,equal_cells_20,300,Rod;Cone;Bipolar;RGC;Muller glia,Bipolar,Bipolar,292,0.5133333333333333,0.5133333333333333,0.02666666666666667,0.0,0.18,0.04666666666666667,0.5133333333333333,0.22333333333333333,0.01,,
TMEM116,equal_cells_20,300,Rod;Cone;Bipolar;RGC;Muller glia,Rod,Muller glia,300,0.30333333333333334,0.3233333333333333,0.0,0.0,0.30333333333333334,0.13666666666666666,0.22666666666666666,0.01,0.3233333333333333,,
TMEM136,equal_cells_20,300,Rod;Cone;Bipolar;RGC;Muller glia,Rod,Rod,300,0.93,0.93,0.0,0.0,0.93,0.07,0.0,0.0,0.0,,
TMEM181,equal_cells_20,300,Rod;Cone;Bipolar;RGC;Muller glia,RGC,Cone,300,0.3466666666666667,0.38,0.0,0.0,0.07666666666666666,0.38,0.14666666666666667,0.3466666666666667,0.05,,
TMEM263,equal_cells_20,300,Rod;Cone;Bipolar;RGC;Muller glia,Muller glia,Muller glia,300,0.6966666666666667,0.6966666666666667,0.0,0.0,0.01,0.01,0.14,0.14333333333333334,0.6966666666666667,,
TRIM26,equal_cells_20,300,Rod;Cone;Bipolar;RGC;Muller glia,Rod,Cone,300,0.23666666666666666,0.3333333333333333,0.0,0.0,0.23666666666666666,0.3333333333333333,0.27,0.06666666666666667,0.09333333333333334,,
TRIOBP,equal_cells_20,300,Rod;Cone;Bipolar;RGC;Muller glia,Bipolar,Muller glia,300,0.41333333333333333,0.4633333333333333,0.0,0.0,0.013333333333333334,0.0,0.41333333333333333,0.11,0.4633333333333333,,
TSC22D2,equal_cells_20,300,Rod;Cone;Bipolar;RGC;Muller glia,Muller glia,Muller glia,300,0.7,0.7,0.0,0.0,0.05,0.15,0.07,0.03,0.7,,
TTC28,equal_cells_20,300,Rod;Cone;Bipolar;RGC;Muller glia,Bipolar,Bipolar,300,0.48,0.48,0.0,0.0,0.04,0.06666666666666667,0.48,0.21,0.20333333333333334,,
TTLL5,equal_cells_20,300,Rod;Cone;Bipolar;RGC;Muller glia,Rod,Cone,300,0.39666666666666667,0.49,0.0,0.0,0.39666666666666667,0.49,0.0033333333333333335,0.09,0.02,,
TXNRD2,equal_cells_20,300,Rod;Cone;Bipolar;RGC;Muller glia,Bipolar,Bipolar,300,0.5266666666666666,0.5266666666666666,0.0,0.0,0.013333333333333334,0.04666666666666667,0.5266666666666666,0.20333333333333334,0.21,,
UTP11,equal_cells_20,300,Rod;Cone;Bipolar;RGC;Muller glia,RGC,Cone,300,0.2,0.34,0.0,0.0,0.14,0.34,0.22666666666666666,0.2,0.09333333333333334,,
VARS2,equal_cells_20,300,Rod;Cone;Bipolar;RGC;Muller glia,Muller glia,Muller glia,299,0.4666666666666667,0.4666666666666667,0.0033333333333333335,0.0,0.09666666666666666,0.08333333333333333,0.18,0.17,0.4666666666666667,,
VCAM1,equal_cells_20,300,Rod;Cone;Bipolar;RGC;Muller glia,Muller glia,Muller glia,185,0.6166666666666667,0.6166666666666667,0.38333333333333336,0.0,0.0,0.0,0.0,0.0,0.6166666666666667,,
WLS,equal_cells_20,300,Rod;Cone;Bipolar;RGC;Muller glia,Rod,Rod,300,0.5333333333333333,0.5333333333333333,0.0,0.0,0.5333333333333333,0.4666666666666667,0.0,0.0,0.0,,
WNT2B,equal_cells_20,300,Rod;Cone;Bipolar;RGC;Muller glia,Muller glia,Muller glia,300,0.5133333333333333,0.5133333333333333,0.0,0.0,0.17333333333333334,0.28,0.03,0.0033333333333333335,0.5133333333333333,,
XXbac-BPG170G13.32,equal_cells_20,300,Rod;Cone;Bipolar;RGC;Muller glia,Muller glia,Muller glia,33,0.11,0.11,0.89,0.0,0.0,0.0,0.0,0.0,0.11,,
YAP1,equal_cells_20,300,Rod;Cone;Bipolar;RGC;Muller glia,Muller glia,Muller glia,298,0.9866666666666667,0.9866666666666667,0.006666666666666667,0.0,0.0033333333333333335,0.0033333333333333335,0.0,0.0,0.9866666666666667,,
YIF1A,equal_cells_20,300,Rod;Cone;Bipolar;RGC;Muller glia,Muller glia,Muller glia,300,0.7366666666666667,0.7366666666666667,0.0,0.0,0.17,0.06333333333333334,0.013333333333333334,0.016666666666666666,0.7366666666666667,,
ZNF280D,equal_cells_20,300,Rod;Cone;Bipolar;RGC;Muller glia,Bipolar,Bipolar,300,0.47333333333333333,0.47333333333333333,0.0,0.0,0.03,0.03,0.47333333333333333,0.4666666666666667,0.0,,
ZNF638,equal_cells_20,300,Rod;Cone;Bipolar;RGC;Muller glia,RGC,Bipolar,300,0.45,0.4633333333333333,0.0,0.0,0.03,0.0,0.4633333333333333,0.45,0.056666666666666664,,
DGKG,equal_cells_10_extended,300,Rod;Cone;Bipolar;Horizontal;RGC;Muller glia;Microglia,Muller glia,Horizontal,300,0.38666666666666666,0.48333333333333334,0.0,0.0,0.0,0.0,0.006666666666666667,0.06,0.38666666666666666,0.48333333333333334,0.06333333333333334
SLC2A12,equal_cells_10_extended,300,Rod;Cone;Bipolar;Horizontal;RGC;Muller glia;Microglia,Muller glia,Muller glia,164,0.43333333333333335,0.43333333333333335,0.4533333333333333,0.0,0.01,0.0,0.0,0.10333333333333333,0.43333333333333335,0.0,0.0
COL8A2,equal_cells_10_extended,300,Rod;Cone;Bipolar;Horizontal;RGC;Muller glia;Microglia,Microglia,Microglia,169,0.4633333333333333,0.4633333333333333,0.43666666666666665,0.0,0.0,0.0,0.0,0.1,0.0,0.0,0.4633333333333333
NPC2,equal_cells_10_extended,300,Rod;Cone;Bipolar;Horizontal;RGC;Muller glia;Microglia,Microglia,Microglia,300,1.0,1.0,0.0,0.0,0.0,0.0,0.0,0.0,0.0,0.0,1.0
PSMC3,equal_cells_10_extended,300,Rod;Cone;Bipolar;Horizontal;RGC;Muller glia;Microglia,Horizontal,Horizontal,300,0.21666666666666667,0.21666666666666667,0.0,0.0,0.07666666666666666,0.12333333333333334,0.16666666666666666,0.21333333333333335,0.17666666666666667,0.21666666666666667,0.02666666666666667
RP11-466F5.8,equal_cells_10_extended,300,Rod;Cone;Bipolar;Horizontal;RGC;Muller glia;Microglia,Rod,Cone,206,0.13,0.31333333333333335,0.31333333333333335,0.0,0.13,0.31333333333333335,0.11,0.1,0.03333333333333333,0.0,0.0
LPP,equal_cells_10_extended,300,Rod;Cone;Bipolar;Horizontal;RGC;Muller glia;Microglia,Muller glia,Muller glia,300,0.5066666666666667,0.5066666666666667,0.0,0.0,0.013333333333333334,0.16333333333333333,0.056666666666666664,0.24,0.5066666666666667,0.0,0.02
RP11-121M22.1,equal_cells_10_extended,300,Rod;Cone;Bipolar;Horizontal;RGC;Muller glia;Microglia,RGC,Cone,160,0.12666666666666668,0.25,0.4666666666666667,0.0,0.043333333333333335,0.25,0.056666666666666664,0.12666666666666668,0.056666666666666664,0.0,0.0
ABO,equal_cells_10_extended,300,Rod;Cone;Bipolar;Horizontal;RGC;Muller glia;Microglia,RGC,RGC,21,0.07,0.07,0.93,0.0,0.0,0.0,0.0,0.07,0.0,0.0,0.0
ADAMTS8,equal_cells_10_extended,300,Rod;Cone;Bipolar;Horizontal;RGC;Muller glia;Microglia,RGC,RGC,25,0.043333333333333335,0.043333333333333335,0.9166666666666666,0.0,0.0033333333333333335,0.0,0.03666666666666667,0.043333333333333335,0.0,0.0,0.0
CALD1,equal_cells_10_extended,300,Rod;Cone;Bipolar;Horizontal;RGC;Muller glia;Microglia,Muller glia,Muller glia,300,0.6466666666666666,0.6466666666666666,0.0,0.0,0.0,0.0,0.3,0.05333333333333334,0.6466666666666666,0.0,0.0
CHEK2,equal_cells_10_extended,300,Rod;Cone;Bipolar;Horizontal;RGC;Muller glia;Microglia,Microglia,Microglia,184,0.28,0.28,0.38666666666666666,0.0,0.02,0.0,0.07333333333333333,0.19,0.05,0.0,0.28
GAS7,equal_cells_10_extended,300,Rod;Cone;Bipolar;Horizontal;RGC;Muller glia;Microglia,Cone,Cone,300,0.6666666666666666,0.6666666666666666,0.0,0.0,0.0,0.6666666666666666,0.05333333333333334,0.28,0.0,0.0,0.0
TCF12,equal_cells_10_extended,300,Rod;Cone;Bipolar;Horizontal;RGC;Muller glia;Microglia,Muller glia,Muller glia,300,0.5133333333333333,0.5133333333333333,0.0,0.0,0.05,0.2966666666666667,0.043333333333333335,0.09333333333333334,0.5133333333333333,0.0,0.0033333333333333335
TMCO1,equal_cells_10_extended,300,Rod;Cone;Bipolar;Horizontal;RGC;Muller glia;Microglia,Muller glia,Muller glia,300,0.99,0.99,0.0,0.0,0.006666666666666667,0.0033333333333333335,0.0,0.0,0.99,0.0,0.0
TRIB2,equal_cells_10_extended,300,Rod;Cone;Bipolar;Horizontal;RGC;Muller glia;Microglia,Muller glia,Muller glia,300,0.49666666666666665,0.49666666666666665,0.0,0.0,0.15,0.07,0.25,0.03,0.49666666666666665,0.0033333333333333335,0.0
ACBD4,equal_cells_10_extended,300,Rod;Cone;Bipolar;Horizontal;RGC;Muller glia;Microglia,Muller glia,Muller glia,300,0.25666666666666665,0.25666666666666665,0.0,0.0,0.08333333333333333,0.2,0.13,0.08,0.25666666666666665,0.21666666666666667,0.03333333333333333
AFAP1,equal_cells_10_extended,300,Rod;Cone;Bipolar;Horizontal;RGC;Muller glia;Microglia,Muller glia,Muller glia,298,0.43333333333333335,0.43333333333333335,0.006666666666666667,0.0,0.0,0.04,0.02,0.18666666666666668,0.43333333333333335,0.2833333333333333,0.03
ALDH2,equal_cells_10_extended,300,Rod;Cone;Bipolar;Horizontal;RGC;Muller glia;Microglia,Microglia,Microglia,300,0.8433333333333334,0.8433333333333334,0.0,0.0,0.01,0.0033333333333333335,0.07666666666666666,0.0,0.06666666666666667,0.0,0.8433333333333334
AP003068.23,equal_cells_10_extended,300,Rod;Cone;Bipolar;Horizontal;RGC;Muller glia;Microglia,Rod,Cone,155,0.14333333333333334,0.16333333333333333,0.48333333333333334,0.0,0.14333333333333334,0.16333333333333333,0.01,0.08666666666666667,0.11333333333333333,0.0,0.0
AP5B1,equal_cells_10_extended,300,Rod;Cone;Bipolar;Horizontal;RGC;Muller glia;Microglia,Rod,Cone,264,0.2,0.23666666666666666,0.12,0.0,0.2,0.23666666666666666,0.10333333333333333,0.09666666666666666,0.13,0.0,0.11333333333333333
AREL1,equal_cells_10_extended,300,Rod;Cone;Bipolar;Horizontal;RGC;Muller glia;Microglia,RGC,RGC,300,0.33,0.33,0.0,0.0,0.08333333333333333,0.14,0.24,0.33,0.17666666666666667,0.03,0.0
ARHGAP27,equal_cells_10_extended,300,Rod;Cone;Bipolar;Horizontal;RGC;Muller glia;Microglia,Microglia,Microglia,294,0.9066666666666666,0.9066666666666666,0.02,0.0,0.016666666666666666,0.006666666666666667,0.03,0.016666666666666666,0.0033333333333333335,0.0,0.9066666666666666
ARHGEF12,equal_cells_10_extended,300,Rod;Cone;Bipolar;Horizontal;RGC;Muller glia;Microglia,RGC,RGC,300,0.5266666666666666,0.5266666666666666,0.0,0.0,0.0,0.016666666666666666,0.44333333333333336,0.5266666666666666,0.0,0.013333333333333334,0.0
ARL17A,equal_cells_10_extended,300,Rod;Cone;Bipolar;Horizontal;RGC;Muller glia;Microglia,Horizontal,Horizontal,300,0.4533333333333333,0.4533333333333333,0.0,0.0,0.09,0.14666666666666667,0.10666666666666667,0.14,0.05,0.4533333333333333,0.013333333333333334
ATP5J,equal_cells_10_extended,300,Rod;Cone;Bipolar;Horizontal;RGC;Muller glia;Microglia,Cone,Cone,300,0.9866666666666667,0.9866666666666667,0.0,0.0,0.0,0.9866666666666667,0.0,0.013333333333333334,0.0,0.0,0.0
BICC1,equal_cells_10_extended,300,Rod;Cone;Bipolar;Horizontal;RGC;Muller glia;Microglia,Muller glia,Muller glia,290,0.8066666666666666,0.8066666666666666,0.03333333333333333,0.0,0.006666666666666667,0.0,0.0,0.15333333333333332,0.8066666666666666,0.0,0.0
BORA,equal_cells_10_extended,300,Rod;Cone;Bipolar;Horizontal;RGC;Muller glia;Microglia,Bipolar,Cone,286,0.15333333333333332,0.24666666666666667,0.04666666666666667,0.0,0.16333333333333333,0.24666666666666667,0.15333333333333332,0.0,0.18666666666666668,0.09666666666666666,0.10666666666666667
C1orf109,equal_cells_10_extended,300,Rod;Cone;Bipolar;Horizontal;RGC;Muller glia;Microglia,Horizontal,Horizontal,300,0.5866666666666667,0.5866666666666667,0.0,0.0,0.03666666666666667,0.11666666666666667,0.08666666666666667,0.10333333333333333,0.04666666666666667,0.5866666666666667,0.023333333333333334
C1orf122,equal_cells_10_extended,300,Rod;Cone;Bipolar;Horizontal;RGC;Muller glia;Microglia,Cone,Cone,300,0.91,0.91,0.0,0.0,0.006666666666666667,0.91,0.08,0.0033333333333333335,0.0,0.0,0.0
C22orf29,equal_cells_10_extended,300,Rod;Cone;Bipolar;Horizontal;RGC;Muller glia;Microglia,Horizontal,Horizontal,300,0.57,0.57,0.0,0.0,0.03,0.08,0.13,0.15666666666666668,0.03,0.57,0.0033333333333333335
CADM1,equal_cells_10_extended,300,Rod;Cone;Bipolar;Horizontal;RGC;Muller glia;Microglia,Bipolar,Bipolar,300,0.7266666666666667,0.7266666666666667,0.0,0.0,0.26666666666666666,0.0,0.7266666666666667,0.0,0.006666666666666667,0.0,0.0
CADM2,equal_cells_10_extended,300,Rod;Cone;Bipolar;Horizontal;RGC;Muller glia;Microglia,Rod,Rod,300,0.6966666666666667,0.6966666666666667,0.0,0.0,0.6966666666666667,0.30333333333333334,0.0,0.0,0.0,0.0,0.0
CAV2,equal_cells_10_extended,300,Rod;Cone;Bipolar;Horizontal;RGC;Muller glia;Microglia,Muller glia,Muller glia,300,0.9966666666666667,0.9966666666666667,0.0,0.0,0.0,0.0,0.0,0.0033333333333333335,0.9966666666666667,0.0,0.0
CCDC117,equal_cells_10_extended,300,Rod;Cone;Bipolar;Horizontal;RGC;Muller glia;Microglia,RGC,Horizontal,300,0.25,0.2966666666666667,0.0,0.0,0.11,0.18,0.11,0.25,0.04,0.2966666666666667,0.013333333333333334
CDC14A,equal_cells_10_extended,300,Rod;Cone;Bipolar;Horizontal;RGC;Muller glia;Microglia,Muller glia,Muller glia,298,0.5866666666666667,0.5866666666666667,0.006666666666666667,0.0,0.043333333333333335,0.31666666666666665,0.013333333333333334,0.03333333333333333,0.5866666666666667,0.0,0.0
CDKN2A,equal_cells_10_extended,300,Rod;Cone;Bipolar;Horizontal;RGC;Muller glia;Microglia,Microglia,Microglia,196,0.5733333333333334,0.5733333333333334,0.3466666666666667,0.0,0.0,0.0,0.04,0.0,0.04,0.0,0.5733333333333334
CDKN2B-AS1,equal_cells_10_extended,300,Rod;Cone;Bipolar;Horizontal;RGC;Muller glia;Microglia,Microglia,Microglia,53,0.10666666666666667,0.10666666666666667,0.8233333333333334,0.0,0.0,0.06333333333333334,0.006666666666666667,0.0,0.0,0.0,0.10666666666666667
CELF1,equal_cells_10_extended,300,Rod;Cone;Bipolar;Horizontal;RGC;Muller glia;Microglia,Horizontal,Horizontal,300,0.5133333333333333,0.5133333333333333,0.0,0.0,0.0,0.006666666666666667,0.21666666666666667,0.24,0.02,0.5133333333333333,0.0033333333333333335
CLIC5,equal_cells_10_extended,300,Rod;Cone;Bipolar;Horizontal;RGC;Muller glia;Microglia,Muller glia,Muller glia,299,0.9966666666666667,0.9966666666666667,0.0033333333333333335,0.0,0.0,0.0,0.0,0.0,0.9966666666666667,0.0,0.0
COL11A1,equal_cells_10_extended,300,Rod;Cone;Bipolar;Horizontal;RGC;Muller glia;Microglia,Muller glia,Muller glia,300,0.7633333333333333,0.7633333333333333,0.0,0.0,0.0,0.0,0.0,0.23666666666666666,0.7633333333333333,0.0,0.0
CRHR1,equal_cells_10_extended,300,Rod;Cone;Bipolar;Horizontal;RGC;Muller glia;Microglia,Bipolar,Bipolar,3,0.01,0.01,0.99,0.0,0.0,0.0,0.01,0.0,0.0,0.0,0.0
CTA-292E10.6,equal_cells_10_extended,300,Rod;Cone;Bipolar;Horizontal;RGC;Muller glia;Microglia,Microglia,Microglia,300,0.8233333333333334,0.8233333333333334,0.0,0.0,0.12333333333333334,0.023333333333333334,0.013333333333333334,0.01,0.006666666666666667,0.0,0.8233333333333334
CTD-2005H7.1,equal_cells_10_extended,300,Rod;Cone;Bipolar;Horizontal;RGC;Muller glia;Microglia,Horizontal,Horizontal,178,0.48,0.48,0.4066666666666667,0.0,0.0033333333333333335,0.0,0.08666666666666667,0.0,0.023333333333333334,0.48,0.0
CTD-2020K17.1,equal_cells_10_extended,300,Rod;Cone;Bipolar;Horizontal;RGC;Muller glia;Microglia,RGC,RGC,235,0.37666666666666665,0.37666666666666665,0.21666666666666667,0.0,0.013333333333333334,0.02,0.02666666666666667,0.37666666666666665,0.12666666666666668,0.0,0.22
CTD-2020K17.3,equal_cells_10_extended,300,Rod;Cone;Bipolar;Horizontal;RGC;Muller glia;Microglia,RGC,RGC,299,0.4666666666666667,0.4666666666666667,0.0033333333333333335,0.0,0.0,0.0033333333333333335,0.16333333333333333,0.4666666666666667,0.0033333333333333335,0.36,0.0
CTTNBP2,equal_cells_10_extended,300,Rod;Cone;Bipolar;Horizontal;RGC;Muller glia;Microglia,Horizontal,Horizontal,300,0.8533333333333334,0.8533333333333334,0.0,0.0,0.0,0.0,0.0,0.023333333333333334,0.12333333333333334,0.8533333333333334,0.0
DYSF,equal_cells_10_extended,300,Rod;Cone;Bipolar;Horizontal;RGC;Muller glia;Microglia,Bipolar,Bipolar,48,0.07333333333333333,0.07333333333333333,0.84,0.0,0.023333333333333334,0.0,0.07333333333333333,0.0,0.06333333333333334,0.0,0.0
EFCAB13,equal_cells_10_extended,300,Rod;Cone;Bipolar;Horizontal;RGC;Muller glia;Microglia,RGC,RGC,286,0.2833333333333333,0.2833333333333333,0.04666666666666667,0.0,0.07333333333333333,0.06,0.20333333333333334,0.2833333333333333,0.18,0.11333333333333333,0.04
EFEMP1,equal_cells_10_extended,300,Rod;Cone;Bipolar;Horizontal;RGC;Muller glia;Microglia,Muller glia,Muller glia,300,1.0,1.0,0.0,0.0,0.0,0.0,0.0,0.0,1.0,0.0,0.0
EHBP1L1,equal_cells_10_extended,300,Rod;Cone;Bipolar;Horizontal;RGC;Muller glia;Microglia,Microglia,Microglia,239,0.49666666666666665,0.49666666666666665,0.20333333333333334,0.0,0.0033333333333333335,0.0,0.02,0.19666666666666666,0.08,0.0,0.49666666666666665
FAM215B,equal_cells_10_extended,300,Rod;Cone;Bipolar;Horizontal;RGC;Muller glia;Microglia,Horizontal,Horizontal,300,0.63,0.63,0.0,0.0,0.03666666666666667,0.023333333333333334,0.17666666666666667,0.07666666666666666,0.05333333333333334,0.63,0.0033333333333333335
FAM89B,equal_cells_10_extended,300,Rod;Cone;Bipolar;Horizontal;RGC;Muller glia;Microglia,Horizontal,Horizontal,300,0.72,0.72,0.0,0.0,0.006666666666666667,0.0,0.016666666666666666,0.24666666666666667,0.0033333333333333335,0.72,0.006666666666666667
FHL3,equal_cells_10_extended,300,Rod;Cone;Bipolar;Horizontal;RGC;Muller glia;Microglia,Microglia,Microglia,299,0.9933333333333333,0.9933333333333333,0.0033333333333333335,0.0,0.0,0.0033333333333333335,0.0,0.0,0.0,0.0,0.9933333333333333
FLOT1,equal_cells_10_extended,300,Rod;Cone;Bipolar;Horizontal;RGC;Muller glia;Microglia,Microglia,Microglia,300,0.5466666666666666,0.5466666666666666,0.0,0.0,0.0,0.0,0.0,0.43333333333333335,0.02,0.0,0.5466666666666666
FLVCR2,equal_cells_10_extended,300,Rod;Cone;Bipolar;Horizontal;RGC;Muller glia;Microglia,Microglia,Microglia,107,0.2966666666666667,0.2966666666666667,0.6433333333333333,0.0,0.0,0.03666666666666667,0.0,0.0,0.023333333333333334,0.0,0.2966666666666667
FMNL1,equal_cells_10_extended,300,Rod;Cone;Bipolar;Horizontal;RGC;Muller glia;Microglia,Microglia,Microglia,300,0.9866666666666667,0.9866666666666667,0.0,0.0,0.0,0.0,0.006666666666666667,0.006666666666666667,0.0,0.0,0.9866666666666667
FNDC4,equal_cells_10_extended,300,Rod;Cone;Bipolar;Horizontal;RGC;Muller glia;Microglia,RGC,RGC,300,0.81,0.81,0.0,0.0,0.01,0.1,0.04666666666666667,0.81,0.03333333333333333,0.0,0.0
GCAT,equal_cells_10_extended,300,Rod;Cone;Bipolar;Horizontal;RGC;Muller glia;Microglia,Muller glia,Horizontal,300,0.24666666666666667,0.38,0.0,0.0,0.0033333333333333335,0.0,0.11666666666666667,0.25333333333333335,0.24666666666666667,0.38,0.0
GLIS1,equal_cells_10_extended,300,Rod;Cone;Bipolar;Horizontal;RGC;Muller glia;Microglia,Muller glia,Muller glia,38,0.1,0.1,0.8733333333333333,0.0,0.0,0.0,0.02666666666666667,0.0,0.1,0.0,0.0
H1F0,equal_cells_10_extended,300,Rod;Cone;Bipolar;Horizontal;RGC;Muller glia;Microglia,Horizontal,Horizontal,300,0.7366666666666667,0.7366666666666667,0.0,0.0,0.0,0.0,0.19666666666666666,0.01,0.01,0.7366666666666667,0.04666666666666667
HCG9,equal_cells_10_extended,300,Rod;Cone;Bipolar;Horizontal;RGC;Muller glia;Microglia,RGC,RGC,49,0.13333333333333333,0.13333333333333333,0.8366666666666667,0.0,0.0,0.0,0.03,0.13333333333333333,0.0,0.0,0.0
HCP5B,equal_cells_10_extended,300,Rod;Cone;Bipolar;Horizontal;RGC;Muller glia;Microglia,RGC,RGC,17,0.04,0.04,0.9433333333333334,0.0,0.0,0.0,0.016666666666666666,0.04,0.0,0.0,0.0
HECTD4,equal_cells_10_extended,300,Rod;Cone;Bipolar;Horizontal;RGC;Muller glia;Microglia,RGC,RGC,300,0.4766666666666667,0.4766666666666667,0.0,0.0,0.023333333333333334,0.37666666666666665,0.09,0.4766666666666667,0.03,0.0033333333333333335,0.0
HLA-A,equal_cells_10_extended,300,Rod;Cone;Bipolar;Horizontal;RGC;Muller glia;Microglia,Microglia,Microglia,300,1.0,1.0,0.0,0.0,0.0,0.0,0.0,0.0,0.0,0.0,1.0
HLA-C,equal_cells_10_extended,300,Rod;Cone;Bipolar;Horizontal;RGC;Muller glia;Microglia,Microglia,Microglia,300,1.0,1.0,0.0,0.0,0.0,0.0,0.0,0.0,0.0,0.0,1.0
HLA-F,equal_cells_10_extended,300,Rod;Cone;Bipolar;Horizontal;RGC;Muller glia;Microglia,Microglia,Microglia,299,0.9033333333333333,0.9033333333333333,0.0033333333333333335,0.0,0.013333333333333334,0.0,0.0033333333333333335,0.016666666666666666,0.06,0.0,0.9033333333333333
HLA-G,equal_cells_10_extended,300,Rod;Cone;Bipolar;Horizontal;RGC;Muller glia;Microglia,Microglia,Microglia,59,0.13,0.13,0.8033333333333333,0.0,0.013333333333333334,0.0,0.05333333333333334,0.0,0.0,0.0,0.13
HSCB,equal_cells_10_extended,300,Rod;Cone;Bipolar;Horizontal;RGC;Muller glia;Microglia,Microglia,Microglia,300,0.5966666666666667,0.5966666666666667,0.0,0.0,0.02666666666666667,0.0033333333333333335,0.06,0.09666666666666666,0.20333333333333334,0.013333333333333334,0.5966666666666667
HTRA3,equal_cells_10_extended,300,Rod;Cone;Bipolar;Horizontal;RGC;Muller glia;Microglia,Muller glia,Muller glia,5,0.016666666666666666,0.016666666666666666,0.9833333333333333,0.0,0.0,0.0,0.0,0.0,0.016666666666666666,0.0,0.0
IFT172,equal_cells_10_extended,300,Rod;Cone;Bipolar;Horizontal;RGC;Muller glia;Microglia,Rod,Cone,300,0.19333333333333333,0.66,0.0,0.0,0.19333333333333333,0.66,0.05,0.0033333333333333335,0.08333333333333333,0.01,0.0
INPP5B,equal_cells_10_extended,300,Rod;Cone;Bipolar;Horizontal;RGC;Muller glia;Microglia,Horizontal,Horizontal,300,0.68,0.68,0.0,0.0,0.03,0.0033333333333333335,0.043333333333333335,0.18666666666666668,0.04666666666666667,0.68,0.01
ITGB3,equal_cells_10_extended,300,Rod;Cone;Bipolar;Horizontal;RGC;Muller glia;Microglia,Microglia,Microglia,46,0.15333333333333332,0.15333333333333332,0.8466666666666667,0.0,0.0,0.0,0.0,0.0,0.0,0.0,0.15333333333333332
KANSL1,equal_cells_10_extended,300,Rod;Cone;Bipolar;Horizontal;RGC;Muller glia;Microglia,RGC,Horizontal,300,0.30333333333333334,0.31,0.0,0.0,0.15,0.02,0.19,0.30333333333333334,0.02666666666666667,0.31,0.0
KANSL1-AS1,equal_cells_10_extended,300,Rod;Cone;Bipolar;Horizontal;RGC;Muller glia;Microglia,Rod,Horizontal,300,0.13,0.44333333333333336,0.0,0.0,0.13,0.08,0.11666666666666667,0.12666666666666668,0.08,0.44333333333333336,0.023333333333333334
KHK,equal_cells_10_extended,300,Rod;Cone;Bipolar;Horizontal;RGC;Muller glia;Microglia,RGC,Horizontal,300,0.38666666666666666,0.43666666666666665,0.0,0.0,0.013333333333333334,0.0,0.08,0.38666666666666666,0.08,0.43666666666666665,0.0033333333333333335
KLF5,equal_cells_10_extended,300,Rod;Cone;Bipolar;Horizontal;RGC;Muller glia;Microglia,Horizontal,Horizontal,268,0.88,0.88,0.10666666666666667,0.0,0.0033333333333333335,0.0,0.01,0.0,0.0,0.88,0.0
LHPP,equal_cells_10_extended,300,Rod;Cone;Bipolar;Horizontal;RGC;Muller glia;Microglia,Horizontal,Horizontal,300,0.65,0.65,0.0,0.0,0.013333333333333334,0.16333333333333333,0.03,0.11333333333333333,0.03,0.65,0.0
LINC01948,equal_cells_10_extended,300,Rod;Cone;Bipolar;Horizontal;RGC;Muller glia;Microglia,Bipolar,Bipolar,16,0.05333333333333334,0.05333333333333334,0.9466666666666667,0.0,0.0,0.0,0.05333333333333334,0.0,0.0,0.0,0.0
LMO4,equal_cells_10_extended,300,Rod;Cone;Bipolar;Horizontal;RGC;Muller glia;Microglia,RGC,RGC,300,0.9066666666666666,0.9066666666666666,0.0,0.0,0.0,0.0,0.09333333333333334,0.9066666666666666,0.0,0.0,0.0
LMO7,equal_cells_10_extended,300,Rod;Cone;Bipolar;Horizontal;RGC;Muller glia;Microglia,Rod,Cone,300,0.16333333333333333,0.27666666666666667,0.0,0.0,0.16333333333333333,0.27666666666666667,0.07333333333333333,0.14,0.10333333333333333,0.22666666666666666,0.016666666666666666
LOXL1,equal_cells_10_extended,300,Rod;Cone;Bipolar;Horizontal;RGC;Muller glia;Microglia,RGC,RGC,299,0.6533333333333333,0.6533333333333333,0.0033333333333333335,0.0,0.0,0.0,0.01,0.6533333333333333,0.2833333333333333,0.05,0.0
LOXL1-AS1,equal_cells_10_extended,300,Rod;Cone;Bipolar;Horizontal;RGC;Muller glia;Microglia,RGC,RGC,242,0.53,0.53,0.19333333333333333,0.0,0.0033333333333333335,0.0,0.0,0.53,0.23,0.0,0.043333333333333335
LRRC37A,equal_cells_10_extended,300,Rod;Cone;Bipolar;Horizontal;RGC;Muller glia;Microglia,RGC,RGC,248,0.3566666666666667,0.3566666666666667,0.17333333333333334,0.0,0.13,0.24666666666666667,0.09333333333333334,0.3566666666666667,0.0,0.0,0.0
LRRC37A2,equal_cells_10_extended,300,Rod;Cone;Bipolar;Horizontal;RGC;Muller glia;Microglia,Bipolar,Horizontal,300,0.19666666666666666,0.4066666666666667,0.0,0.0,0.07333333333333333,0.14,0.19666666666666666,0.12,0.05333333333333334,0.4066666666666667,0.01
LRWD1,equal_cells_10_extended,300,Rod;Cone;Bipolar;Horizontal;RGC;Muller glia;Microglia,RGC,RGC,300,0.25666666666666665,0.25666666666666665,0.0,0.0,0.15,0.18333333333333332,0.13333333333333333,0.25666666666666665,0.08666666666666667,0.15333333333333332,0.03666666666666667
LTBP2,equal_cells_10_extended,300,Rod;Cone;Bipolar;Horizontal;RGC;Muller glia;Microglia,Bipolar,Bipolar,84,0.14666666666666667,0.14666666666666667,0.72,0.0,0.03,0.013333333333333334,0.14666666666666667,0.0,0.09,0.0,0.0
LTBP3,equal_cells_10_extended,300,Rod;Cone;Bipolar;Horizontal;RGC;Muller glia;Microglia,Muller glia,Muller glia,300,0.6,0.6,0.0,0.0,0.0,0.0,0.08,0.14333333333333334,0.6,0.17666666666666667,0.0
MADD,equal_cells_10_extended,300,Rod;Cone;Bipolar;Horizontal;RGC;Muller glia;Microglia,Horizontal,Horizontal,300,0.47,0.47,0.0,0.0,0.07333333333333333,0.27,0.013333333333333334,0.17333333333333334,0.0,0.47,0.0
MAPT,equal_cells_10_extended,300,Rod;Cone;Bipolar;Horizontal;RGC;Muller glia;Microglia,Horizontal,Horizontal,300,0.9166666666666666,0.9166666666666666,0.0,0.0,0.0,0.0,0.06333333333333334,0.016666666666666666,0.0033333333333333335,0.9166666666666666,0.0
MAPT-AS1,equal_cells_10_extended,300,Rod;Cone;Bipolar;Horizontal;RGC;Muller glia;Microglia,Horizontal,Horizontal,300,0.7566666666666667,0.7566666666666667,0.0,0.0,0.0,0.0,0.17666666666666667,0.016666666666666666,0.05,0.7566666666666667,0.0
ME3,equal_cells_10_extended,300,Rod;Cone;Bipolar;Horizontal;RGC;Muller glia;Microglia,Bipolar,Horizontal,300,0.4266666666666667,0.55,0.0,0.0,0.0,0.0,0.4266666666666667,0.013333333333333334,0.01,0.55,0.0
MOV10,equal_cells_10_extended,300,Rod;Cone;Bipolar;Horizontal;RGC;Muller glia;Microglia,Muller glia,Muller glia,268,0.67,0.67,0.10666666666666667,0.0,0.006666666666666667,0.023333333333333334,0.03,0.13666666666666666,0.67,0.0,0.02666666666666667
MRPL33,equal_cells_10_extended,300,Rod;Cone;Bipolar;Horizontal;RGC;Muller glia;Microglia,Horizontal,Horizontal,300,0.94,0.94,0.0,0.0,0.013333333333333334,0.02,0.02666666666666667,0.0,0.0,0.94,0.0
MTCH2,equal_cells_10_extended,300,Rod;Cone;Bipolar;Horizontal;RGC;Muller glia;Microglia,Cone,Cone,300,0.4866666666666667,0.4866666666666667,0.0,0.0,0.19333333333333333,0.4866666666666667,0.07666666666666666,0.07333333333333333,0.09,0.08,0.0
MVB12B,equal_cells_10_extended,300,Rod;Cone;Bipolar;Horizontal;RGC;Muller glia;Microglia,RGC,Horizontal,300,0.37,0.4066666666666667,0.0,0.0,0.016666666666666666,0.0,0.03666666666666667,0.37,0.16333333333333333,0.4066666666666667,0.006666666666666667
NEAT1,equal_cells_10_extended,300,Rod;Cone;Bipolar;Horizontal;RGC;Muller glia;Microglia,Microglia,Microglia,300,0.9366666666666666,0.9366666666666666,0.0,0.0,0.0,0.0,0.0,0.0,0.0,0.06333333333333334,0.9366666666666666
NMT1,equal_cells_10_extended,300,Rod;Cone;Bipolar;Horizontal;RGC;Muller glia;Microglia,Cone,Cone,300,0.5833333333333334,0.5833333333333334,0.0,0.0,0.22,0.5833333333333334,0.013333333333333334,0.10666666666666667,0.0,0.07666666666666666,0.0
NPEPPS,equal_cells_10_extended,300,Rod;Cone;Bipolar;Horizontal;RGC;Muller glia;Microglia,Cone,Cone,300,0.33666666666666667,0.33666666666666667,0.0,0.0,0.06,0.33666666666666667,0.29,0.15666666666666668,0.0,0.15666666666666668,0.0
NRBP1,equal_cells_10_extended,300,Rod;Cone;Bipolar;Horizontal;RGC;Muller glia;Microglia,RGC,Horizontal,300,0.25,0.25,0.0,0.0,0.15,0.11333333333333333,0.11666666666666667,0.25,0.10333333333333333,0.25,0.016666666666666666
NSF,equal_cells_10_extended,300,Rod;Cone;Bipolar;Horizontal;RGC;Muller glia;Microglia,Cone,Cone,300,0.55,0.55,0.0,0.0,0.043333333333333335,0.55,0.16333333333333333,0.24333333333333335,0.0,0.0,0.0
NUCB2,equal_cells_10_extended,300,Rod;Cone;Bipolar;Horizontal;RGC;Muller glia;Microglia,Rod,Rod,300,0.46,0.46,0.0,0.0,0.46,0.17666666666666667,0.16,0.04666666666666667,0.14666666666666667,0.01,0.0
NUDT7,equal_cells_10_extended,300,Rod;Cone;Bipolar;Horizontal;RGC;Muller glia;Microglia,Muller glia,Muller glia,300,0.9066666666666666,0.9066666666666666,0.0,0.0,0.04666666666666667,0.013333333333333334,0.016666666666666666,0.006666666666666667,0.9066666666666666,0.006666666666666667,0.0033333333333333335
PDE6C,equal_cells_10_extended,300,Rod;Cone;Bipolar;Horizontal;RGC;Muller glia;Microglia,Cone,Cone,300,1.0,1.0,0.0,0.0,0.0,1.0,0.0,0.0,0.0,0.0,0.0
PIBF1,equal_cells_10_extended,300,Rod;Cone;Bipolar;Horizontal;RGC;Muller glia;Microglia,Horizontal,Horizontal,300,0.3466666666666667,0.3466666666666667,0.0,0.0,0.07333333333333333,0.11333333333333333,0.11,0.13666666666666666,0.14666666666666667,0.3466666666666667,0.07333333333333333
PIGC,equal_cells_10_extended,300,Rod;Cone;Bipolar;Horizontal;RGC;Muller glia;Microglia,RGC,Horizontal,300,0.32666666666666666,0.35,0.0,0.0,0.07333333333333333,0.08666666666666667,0.1,0.32666666666666666,0.06,0.35,0.0033333333333333335
PKIB,equal_cells_10_extended,300,Rod;Cone;Bipolar;Horizontal;RGC;Muller glia;Microglia,Cone,Cone,300,0.7666666666666667,0.7666666666666667,0.0,0.0,0.21,0.7666666666666667,0.0,0.023333333333333334,0.0,0.0,0.0
PLCE1,equal_cells_10_extended,300,Rod;Cone;Bipolar;Horizontal;RGC;Muller glia;Microglia,Muller glia,Muller glia,300,0.9333333333333333,0.9333333333333333,0.0,0.0,0.013333333333333334,0.016666666666666666,0.0033333333333333335,0.03333333333333333,0.9333333333333333,0.0,0.0
PLEKHA7,equal_cells_10_extended,300,Rod;Cone;Bipolar;Horizontal;RGC;Muller glia;Microglia,Cone,Cone,299,0.8733333333333333,0.8733333333333333,0.0033333333333333335,0.0,0.03,0.8733333333333333,0.013333333333333334,0.0,0.08,0.0,0.0
PLEKHM1,equal_cells_10_extended,300,Rod;Cone;Bipolar;Horizontal;RGC;Muller glia;Microglia,Microglia,Microglia,294,0.43666666666666665,0.43666666666666665,0.02,0.0,0.07666666666666666,0.016666666666666666,0.08,0.22333333333333333,0.14666666666666667,0.0,0.43666666666666665
PPP1R18,equal_cells_10_extended,300,Rod;Cone;Bipolar;Horizontal;RGC;Muller glia;Microglia,Microglia,Microglia,300,0.9366666666666666,0.9366666666666666,0.0,0.0,0.013333333333333334,0.03666666666666667,0.0,0.006666666666666667,0.006666666666666667,0.0,0.9366666666666666
PRKCE,equal_cells_10_extended,300,Rod;Cone;Bipolar;Horizontal;RGC;Muller glia;Microglia,Bipolar,Bipolar,300,0.96,0.96,0.0,0.0,0.0,0.0,0.96,0.02666666666666667,0.013333333333333334,0.0,0.0
PRSS23,equal_cells_10_extended,300,Rod;Cone;Bipolar;Horizontal;RGC;Muller glia;Microglia,Bipolar,Bipolar,252,0.5566666666666666,0.5566666666666666,0.16,0.0,0.0,0.0,0.5566666666666666,0.0,0.0,0.2833333333333333,0.0
RAPSN,equal_cells_10_extended,300,Rod;Cone;Bipolar;Horizontal;RGC;Muller glia;Microglia,Muller glia,Muller glia,23,0.07666666666666666,0.07666666666666666,0.9233333333333333,0.0,0.0,0.0,0.0,0.0,0.07666666666666666,0.0,0.0
RERE,equal_cells_10_extended,300,Rod;Cone;Bipolar;Horizontal;RGC;Muller glia;Microglia,Bipolar,Bipolar,300,0.37333333333333335,0.37333333333333335,0.0,0.0,0.01,0.23,0.37333333333333335,0.33,0.013333333333333334,0.043333333333333335,0.0
RIC8B,equal_cells_10_extended,300,Rod;Cone;Bipolar;Horizontal;RGC;Muller glia;Microglia,Rod,Rod,300,0.4633333333333333,0.4633333333333333,0.0,0.0,0.4633333333333333,0.0,0.09666666666666666,0.10333333333333333,0.20333333333333334,0.12666666666666668,0.006666666666666667
RORA,equal_cells_10_extended,300,Rod;Cone;Bipolar;Horizontal;RGC;Muller glia;Microglia,Cone,Cone,300,0.9333333333333333,0.9333333333333333,0.0,0.0,0.0,0.9333333333333333,0.0,0.0,0.0,0.06666666666666667,0.0
RP11-217B7.2,equal_cells_10_extended,300,Rod;Cone;Bipolar;Horizontal;RGC;Muller glia;Microglia,Rod,Rod,11,0.03666666666666667,0.03666666666666667,0.9633333333333334,0.0,0.03666666666666667,0.0,0.0,0.0,0.0,0.0,0.0
RP11-302L19.3,equal_cells_10_extended,300,Rod;Cone;Bipolar;Horizontal;RGC;Muller glia;Microglia,Cone,Cone,19,0.06,0.06,0.9366666666666666,0.0,0.0033333333333333335,0.06,0.0,0.0,0.0,0.0,0.0
RP11-403A3.3,equal_cells_10_extended,300,Rod;Cone;Bipolar;Horizontal;RGC;Muller glia;Microglia,RGC,RGC,27,0.09,0.09,0.91,0.0,0.0,0.0,0.0,0.09,0.0,0.0,0.0
RP11-412D9.4,equal_cells_10_extended,300,Rod;Cone;Bipolar;Horizontal;RGC;Muller glia;Microglia,Horizontal,Horizontal,300,0.69,0.69,0.0,0.0,0.06333333333333334,0.023333333333333334,0.16333333333333333,0.023333333333333334,0.03666666666666667,0.69,0.0
RP11-507B12.2,equal_cells_10_extended,300,Rod;Cone;Bipolar;Horizontal;RGC;Muller glia;Microglia,Muller glia,Muller glia,26,0.08666666666666667,0.08666666666666667,0.9133333333333333,0.0,0.0,0.0,0.0,0.0,0.08666666666666667,0.0,0.0
RP11-669E14.6,equal_cells_10_extended,300,Rod;Cone;Bipolar;Horizontal;RGC;Muller glia;Microglia,RGC,RGC,142,0.21666666666666667,0.21666666666666667,0.5266666666666666,0.0,0.023333333333333334,0.04666666666666667,0.12333333333333334,0.21666666666666667,0.06333333333333334,0.0,0.0
RP11-755F10.1,equal_cells_10_extended,300,Rod;Cone;Bipolar;Horizontal;RGC;Muller glia;Microglia,RGC,Cone,43,0.04,0.09333333333333334,0.8566666666666667,0.0,0.0033333333333333335,0.09333333333333334,0.006666666666666667,0.04,0.0,0.0,0.0
RP11-798G7.6,equal_cells_10_extended,300,Rod;Cone;Bipolar;Horizontal;RGC;Muller glia;Microglia,Rod,Horizontal,255,0.15,0.31,0.15,0.0,0.15,0.07333333333333333,0.10666666666666667,0.0,0.21,0.31,0.0
RP5-1115A15.1,equal_cells_10_extended,300,Rod;Cone;Bipolar;Horizontal;RGC;Muller glia;Microglia,Rod,Rod,1,0.0033333333333333335,0.0033333333333333335,0.9966666666666667,0.0,0.0033333333333333335,0.0,0.0,0.0,0.0,0.0,0.0
SCRN2,equal_cells_10_extended,300,Rod;Cone;Bipolar;Horizontal;RGC;Muller glia;Microglia,Muller glia,Muller glia,300,0.43333333333333335,0.43333333333333335,0.0,0.0,0.05,0.10333333333333333,0.06333333333333334,0.05333333333333334,0.43333333333333335,0.23333333333333334,0.06333333333333334
SEMA3E,equal_cells_10_extended,300,Rod;Cone;Bipolar;Horizontal;RGC;Muller glia;Microglia,Bipolar,Bipolar,300,0.98,0.98,0.0,0.0,0.0,0.0,0.98,0.0,0.02,0.0,0.0
SEPT7,equal_cells_10_extended,300,Rod;Cone;Bipolar;Horizontal;RGC;Muller glia;Microglia,Horizontal,Horizontal,300,1.0,1.0,0.0,0.0,0.0,0.0,0.0,0.0,0.0,1.0,0.0
SF3A3,equal_cells_10_extended,300,Rod;Cone;Bipolar;Horizontal;RGC;Muller glia;Microglia,Horizontal,Horizontal,300,0.76,0.76,0.0,0.0,0.08333333333333333,0.0,0.10333333333333333,0.03333333333333333,0.013333333333333334,0.76,0.006666666666666667
SFTA1P,equal_cells_10_extended,300,Rod;Cone;Bipolar;Horizontal;RGC;Muller glia;Microglia,Muller glia,Muller glia,49,0.16333333333333333,0.16333333333333333,0.8366666666666667,0.0,0.0,0.0,0.0,0.0,0.16333333333333333,0.0,0.0
SGSM2,equal_cells_10_extended,300,Rod;Cone;Bipolar;Horizontal;RGC;Muller glia;Microglia,Cone,Cone,300,0.3566666666666667,0.3566666666666667,0.0,0.0,0.04,0.3566666666666667,0.14666666666666667,0.09666666666666666,0.016666666666666666,0.3333333333333333,0.01
SLC25A45,equal_cells_10_extended,300,Rod;Cone;Bipolar;Horizontal;RGC;Muller glia;Microglia,Microglia,Microglia,297,0.8,0.8,0.01,0.0,0.0,0.0,0.05,0.07666666666666666,0.06333333333333334,0.0,0.8
SLC39A13,equal_cells_10_extended,300,Rod;Cone;Bipolar;Horizontal;RGC;Muller glia;Microglia,Horizontal,Horizontal,300,0.9333333333333333,0.9333333333333333,0.0,0.0,0.0033333333333333335,0.006666666666666667,0.016666666666666666,0.02,0.02,0.9333333333333333,0.0
SMAD6,equal_cells_10_extended,300,Rod;Cone;Bipolar;Horizontal;RGC;Muller glia;Microglia,Muller glia,Muller glia,137,0.42,0.42,0.5433333333333333,0.0,0.01,0.02666666666666667,0.0,0.0,0.42,0.0,0.0
TARID,equal_cells_10_extended,300,Rod;Cone;Bipolar;Horizontal;RGC;Muller glia;Microglia,Cone,Cone,102,0.33,0.33,0.66,0.0,0.0,0.33,0.01,0.0,0.0,0.0,0.0
TBC1D31,equal_cells_10_extended,300,Rod;Cone;Bipolar;Horizontal;RGC;Muller glia;Microglia,RGC,Cone,297,0.18333333333333332,0.27666666666666667,0.01,0.0,0.11,0.27666666666666667,0.10333333333333333,0.18333333333333332,0.056666666666666664,0.0,0.26
TBKBP1,equal_cells_10_extended,300,Rod;Cone;Bipolar;Horizontal;RGC;Muller glia;Microglia,Bipolar,Horizontal,300,0.19666666666666666,0.3333333333333333,0.0,0.0,0.006666666666666667,0.10333333333333333,0.19666666666666666,0.2966666666666667,0.06333333333333334,0.3333333333333333,0.0
TBPL1,equal_cells_10_extended,300,Rod;Cone;Bipolar;Horizontal;RGC;Muller glia;Microglia,RGC,Bipolar,300,0.34,0.4666666666666667,0.0,0.0,0.03,0.006666666666666667,0.4666666666666667,0.34,0.043333333333333335,0.11333333333333333,0.0
TGFB3,equal_cells_10_extended,300,Rod;Cone;Bipolar;Horizontal;RGC;Muller glia;Microglia,Muller glia,Muller glia,107,0.24,0.24,0.6433333333333333,0.0,0.06333333333333334,0.05333333333333334,0.0,0.0,0.24,0.0,0.0
THCAT158,equal_cells_10_extended,300,Rod;Cone;Bipolar;Horizontal;RGC;Muller glia;Microglia,Muller glia,Muller glia,35,0.11333333333333333,0.11333333333333333,0.8833333333333333,0.0,0.0033333333333333335,0.0,0.0,0.0,0.11333333333333333,0.0,0.0
THSD7A,equal_cells_10_extended,300,Rod;Cone;Bipolar;Horizontal;RGC;Muller glia;Microglia,Horizontal,Horizontal,300,0.8333333333333334,0.8333333333333334,0.0,0.0,0.0,0.0,0.16,0.006666666666666667,0.0,0.8333333333333334,0.0
TIGD3,equal_cells_10_extended,300,Rod;Cone;Bipolar;Horizontal;RGC;Muller glia;Microglia,Bipolar,Bipolar,272,0.31,0.31,0.09333333333333334,0.0,0.16333333333333333,0.04666666666666667,0.31,0.17333333333333334,0.013333333333333334,0.2,0.0
TMEM116,equal_cells_10_extended,300,Rod;Cone;Bipolar;Horizontal;RGC;Muller glia;Microglia,Rod,Muller glia,300,0.2633333333333333,0.2866666666666667,0.0,0.0,0.2633333333333333,0.13333333333333333,0.23333333333333334,0.07666666666666666,0.2866666666666667,0.006666666666666667,0.0
TMEM136,equal_cells_10_extended,300,Rod;Cone;Bipolar;Horizontal;RGC;Muller glia;Microglia,Rod,Rod,300,0.7333333333333333,0.7333333333333333,0.0,0.0,0.7333333333333333,0.26,0.0,0.0,0.0033333333333333335,0.0033333333333333335,0.0
TMEM181,equal_cells_10_extended,300,Rod;Cone;Bipolar;Horizontal;RGC;Muller glia;Microglia,Horizontal,Horizontal,300,0.67,0.67,0.0,0.0,0.016666666666666666,0.14333333333333334,0.04,0.08,0.02666666666666667,0.67,0.023333333333333334
TMEM263,equal_cells_10_extended,300,Rod;Cone;Bipolar;Horizontal;RGC;Muller glia;Microglia,Muller glia,Muller glia,300,0.49,0.49,0.0,0.0,0.013333333333333334,0.056666666666666664,0.21,0.16333333333333333,0.49,0.06666666666666667,0.0
TRIM26,equal_cells_10_extended,300,Rod;Cone;Bipolar;Horizontal;RGC;Muller glia;Microglia,Horizontal,Horizontal,300,0.5066666666666667,0.5066666666666667,0.0,0.0,0.11333333333333333,0.13333333333333333,0.13,0.05333333333333334,0.06333333333333334,0.5066666666666667,0.0
TRIOBP,equal_cells_10_extended,300,Rod;Cone;Bipolar;Horizontal;RGC;Muller glia;Microglia,Bipolar,Horizontal,300,0.23,0.36,0.0,0.0,0.0033333333333333335,0.0033333333333333335,0.23,0.06666666666666667,0.3,0.36,0.03666666666666667
TSC22D2,equal_cells_10_extended,300,Rod;Cone;Bipolar;Horizontal;RGC;Muller glia;Microglia,Muller glia,Muller glia,300,0.44333333333333336,0.44333333333333336,0.0,0.0,0.02666666666666667,0.1,0.043333333333333335,0.04,0.44333333333333336,0.3466666666666667,0.0
TTC28,equal_cells_10_extended,300,Rod;Cone;Bipolar;Horizontal;RGC;Muller glia;Microglia,Bipolar,Bipolar,300,0.39666666666666667,0.39666666666666667,0.0,0.0,0.03,0.16333333333333333,0.39666666666666667,0.14333333333333334,0.18333333333333332,0.08,0.0033333333333333335
TTLL5,equal_cells_10_extended,300,Rod;Cone;Bipolar;Horizontal;RGC;Muller glia;Microglia,Rod,Cone,300,0.23,0.3433333333333333,0.0,0.0,0.23,0.3433333333333333,0.013333333333333334,0.08,0.013333333333333334,0.31333333333333335,0.006666666666666667
TXNRD2,equal_cells_10_extended,300,Rod;Cone;Bipolar;Horizontal;RGC;Muller glia;Microglia,Bipolar,Bipolar,300,0.38,0.38,0.0,0.0,0.006666666666666667,0.06333333333333334,0.38,0.11,0.13666666666666666,0.30333333333333334,0.0
UTP11,equal_cells_10_extended,300,Rod;Cone;Bipolar;Horizontal;RGC;Muller glia;Microglia,Horizontal,Horizontal,300,0.7333333333333333,0.7333333333333333,0.0,0.0,0.02,0.1,0.06,0.06666666666666667,0.02,0.7333333333333333,0.0
VARS2,equal_cells_10_extended,300,Rod;Cone;Bipolar;Horizontal;RGC;Muller glia;Microglia,Muller glia,Muller glia,291,0.28,0.28,0.03,0.0,0.09666666666666666,0.056666666666666664,0.18,0.22,0.28,0.0,0.13666666666666666
VCAM1,equal_cells_10_extended,300,Rod;Cone;Bipolar;Horizontal;RGC;Muller glia;Microglia,Muller glia,Muller glia,111,0.37,0.37,0.63,0.0,0.0,0.0,0.0,0.0,0.37,0.0,0.0
WLS,equal_cells_10_extended,300,Rod;Cone;Bipolar;Horizontal;RGC;Muller glia;Microglia,Rod,Cone,300,0.4866666666666667,0.5133333333333333,0.0,0.0,0.4866666666666667,0.5133333333333333,0.0,0.0,0.0,0.0,0.0
WNT2B,equal_cells_10_extended,300,Rod;Cone;Bipolar;Horizontal;RGC;Muller glia;Microglia,Muller glia,Muller glia,300,0.41333333333333333,0.41333333333333333,0.0,0.0,0.2,0.2966666666666667,0.04,0.05,0.41333333333333333,0.0,0.0
XXbac-BPG170G13.32,equal_cells_10_extended,300,Rod;Cone;Bipolar;Horizontal;RGC;Muller glia;Microglia,Microglia,Microglia,40,0.07,0.07,0.8666666666666667,0.0,0.0,0.0,0.0,0.0,0.06333333333333334,0.0,0.07
YAP1,equal_cells_10_extended,300,Rod;Cone;Bipolar;Horizontal;RGC;Muller glia;Microglia,Muller glia,Muller glia,277,0.9066666666666666,0.9066666666666666,0.07666666666666666,0.0,0.013333333333333334,0.0,0.0033333333333333335,0.0,0.9066666666666666,0.0,0.0
YIF1A,equal_cells_10_extended,300,Rod;Cone;Bipolar;Horizontal;RGC;Muller glia;Microglia,Muller glia,Muller glia,300,0.5233333333333333,0.5233333333333333,0.0,0.0,0.20333333333333334,0.12333333333333334,0.08333333333333333,0.043333333333333335,0.5233333333333333,0.023333333333333334,0.0
ZNF280D,equal_cells_10_extended,300,Rod;Cone;Bipolar;Horizontal;RGC;Muller glia;Microglia,Horizontal,Horizontal,300,0.67,0.67,0.0,0.0,0.013333333333333334,0.0033333333333333335,0.15666666666666668,0.15666666666666668,0.0,0.67,0.0
ZNF638,equal_cells_10_extended,300,Rod;Cone;Bipolar;Horizontal;RGC;Muller glia;Microglia,RGC,RGC,300,0.41,0.41,0.0,0.0,0.03,0.0033333333333333335,0.30333333333333334,0.41,0.08666666666666667,0.16666666666666666,0.0
DGKG,cell_fraction_0.25,300,Rod;Cone;Bipolar;RGC;Muller glia,Muller glia,Muller glia,300,0.8966666666666666,0.8966666666666666,0.0,0.0,0.0,0.0,0.0,0.10333333333333333,0.8966666666666666,,
SLC2A12,cell_fraction_0.25,300,Rod;Cone;Bipolar;RGC;Muller glia,Muller glia,Muller glia,299,0.9366666666666666,0.9366666666666666,0.0033333333333333335,0.0,0.0,0.0,0.0,0.06,0.9366666666666666,,
COL8A2,cell_fraction_0.25,300,Rod;Cone;Bipolar;RGC;Muller glia,RGC,RGC,69,0.23,0.23,0.77,0.0,0.0,0.0,0.0,0.23,0.0,,
NPC2,cell_fraction_0.25,300,Rod;Cone;Bipolar;RGC;Muller glia,Muller glia,Muller glia,300,1.0,1.0,0.0,0.0,0.0,0.0,0.0,0.0,1.0,,
PSMC3,cell_fraction_0.25,300,Rod;Cone;Bipolar;RGC;Muller glia,RGC,RGC,300,0.45,0.45,0.0,0.0,0.0,0.09333333333333334,0.21,0.45,0.24666666666666667,,
RP11-466F5.8,cell_fraction_0.25,300,Rod;Cone;Bipolar;RGC;Muller glia,Rod,Rod,300,0.7966666666666666,0.7966666666666666,0.0,0.0,0.7966666666666666,0.19,0.01,0.0033333333333333335,0.0,,
LPP,cell_fraction_0.25,300,Rod;Cone;Bipolar;RGC;Muller glia,Muller glia,Muller glia,300,0.8033333333333333,0.8033333333333333,0.0,0.0,0.0,0.05,0.0,0.14666666666666667,0.8033333333333333,,
RP11-121M22.1,cell_fraction_0.25,300,Rod;Cone;Bipolar;RGC;Muller glia,RGC,Cone,300,0.24666666666666667,0.38666666666666666,0.0,0.0,0.06666666666666667,0.38666666666666666,0.16,0.24666666666666667,0.14,,
ABO,cell_fraction_0.25,300,Rod;Cone;Bipolar;RGC;Muller glia,RGC,RGC,72,0.24,0.24,0.76,0.0,0.0,0.0,0.0,0.24,0.0,,
ADAMTS8,cell_fraction_0.25,300,Rod;Cone;Bipolar;RGC;Muller glia,RGC,RGC,168,0.2633333333333333,0.2633333333333333,0.44,0.0,0.12,0.0,0.17666666666666667,0.2633333333333333,0.0,,
CALD1,cell_fraction_0.25,300,Rod;Cone;Bipolar;RGC;Muller glia,Muller glia,Muller glia,300,0.93,0.93,0.0,0.0,0.0,0.0,0.06666666666666667,0.0033333333333333335,0.93,,
CHEK2,cell_fraction_0.25,300,Rod;Cone;Bipolar;RGC;Muller glia,RGC,Bipolar,300,0.39,0.43,0.0,0.0,0.04666666666666667,0.0,0.43,0.39,0.13333333333333333,,
GAS7,cell_fraction_0.25,300,Rod;Cone;Bipolar;RGC;Muller glia,Cone,Cone,300,0.7633333333333333,0.7633333333333333,0.0,0.0,0.0,0.7633333333333333,0.0033333333333333335,0.23333333333333334,0.0,,
TCF12,cell_fraction_0.25,300,Rod;Cone;Bipolar;RGC;Muller glia,Muller glia,Muller glia,300,0.7466666666666667,0.7466666666666667,0.0,0.0,0.0033333333333333335,0.2,0.0,0.05,0.7466666666666667,,
TMCO1,cell_fraction_0.25,300,Rod;Cone;Bipolar;RGC;Muller glia,Muller glia,Muller glia,300,1.0,1.0,0.0,0.0,0.0,0.0,0.0,0.0,1.0,,
TRIB2,cell_fraction_0.25,300,Rod;Cone;Bipolar;RGC;Muller glia,Muller glia,Muller glia,300,0.9066666666666666,0.9066666666666666,0.0,0.0,0.03,0.0033333333333333335,0.06,0.0,0.9066666666666666,,
ACBD4,cell_fraction_0.25,300,Rod;Cone;Bipolar;RGC;Muller glia,Muller glia,Muller glia,300,0.48,0.48,0.0,0.0,0.17666666666666667,0.13666666666666666,0.11333333333333333,0.09333333333333334,0.48,,
AFAP1,cell_fraction_0.25,300,Rod;Cone;Bipolar;RGC;Muller glia,Muller glia,Muller glia,300,0.8366666666666667,0.8366666666666667,0.0,0.0,0.0,0.013333333333333334,0.02666666666666667,0.12333333333333334,0.8366666666666667,,
ALDH2,cell_fraction_0.25,300,Rod;Cone;Bipolar;RGC;Muller glia,Muller glia,Muller glia,300,0.8533333333333334,0.8533333333333334,0.0,0.0,0.0,0.0033333333333333335,0.14333333333333334,0.0,0.8533333333333334,,
AP003068.23,cell_fraction_0.25,300,Rod;Cone;Bipolar;RGC;Muller glia,Rod,Rod,300,0.8633333333333333,0.8633333333333333,0.0,0.0,0.8633333333333333,0.08333333333333333,0.0,0.03333333333333333,0.02,,
AP5B1,cell_fraction_0.25,300,Rod;Cone;Bipolar;RGC;Muller glia,Rod,Rod,300,0.7533333333333333,0.7533333333333333,0.0,0.0,0.7533333333333333,0.13666666666666666,0.03666666666666667,0.0,0.07333333333333333,,
AREL1,cell_fraction_0.25,300,Rod;Cone;Bipolar;RGC;Muller glia,RGC,Bipolar,300,0.2,0.6,0.0,0.0,0.04,0.0,0.6,0.2,0.16,,
ARHGAP27,cell_fraction_0.25,300,Rod;Cone;Bipolar;RGC;Muller glia,Bipolar,Bipolar,300,0.4166666666666667,0.4166666666666667,0.0,0.0,0.3466666666666667,0.07,0.4166666666666667,0.15666666666666668,0.01,,
ARHGEF12,cell_fraction_0.25,300,Rod;Cone;Bipolar;RGC;Muller glia,RGC,RGC,300,0.5533333333333333,0.5533333333333333,0.0,0.0,0.0,0.0,0.44666666666666666,0.5533333333333333,0.0,,
ARL17A,cell_fraction_0.25,300,Rod;Cone;Bipolar;RGC;Muller glia,RGC,Rod,300,0.26,0.42333333333333334,0.0,0.0,0.42333333333333334,0.23,0.07666666666666666,0.26,0.01,,
ATP5J,cell_fraction_0.25,300,Rod;Cone;Bipolar;RGC;Muller glia,Cone,Cone,300,1.0,1.0,0.0,0.0,0.0,1.0,0.0,0.0,0.0,,
BICC1,cell_fraction_0.25,300,Rod;Cone;Bipolar;RGC;Muller glia,Muller glia,Muller glia,300,0.9933333333333333,0.9933333333333333,0.0,0.0,0.0,0.0,0.0,0.006666666666666667,0.9933333333333333,,
BORA,cell_fraction_0.25,300,Rod;Cone;Bipolar;RGC;Muller glia,Bipolar,Rod,300,0.3433333333333333,0.44,0.0,0.0,0.44,0.13333333333333333,0.3433333333333333,0.0,0.08333333333333333,,
C1orf109,cell_fraction_0.25,300,Rod;Cone;Bipolar;RGC;Muller glia,RGC,Rod,300,0.2833333333333333,0.29333333333333333,0.0,0.0,0.29333333333333333,0.18333333333333332,0.21333333333333335,0.2833333333333333,0.02666666666666667,,
C1orf122,cell_fraction_0.25,300,Rod;Cone;Bipolar;RGC;Muller glia,Cone,Cone,300,0.97,0.97,0.0,0.0,0.0,0.97,0.03,0.0,0.0,,
C22orf29,cell_fraction_0.25,300,Rod;Cone;Bipolar;RGC;Muller glia,RGC,Bipolar,300,0.31,0.5133333333333333,0.0,0.0,0.006666666666666667,0.16333333333333333,0.5133333333333333,0.31,0.006666666666666667,,
CADM1,cell_fraction_0.25,300,Rod;Cone;Bipolar;RGC;Muller glia,Bipolar,Bipolar,300,1.0,1.0,0.0,0.0,0.0,0.0,1.0,0.0,0.0,,
CADM2,cell_fraction_0.25,300,Rod;Cone;Bipolar;RGC;Muller glia,Rod,Rod,300,0.98,0.98,0.0,0.0,0.98,0.02,0.0,0.0,0.0,,
CAV2,cell_fraction_0.25,300,Rod;Cone;Bipolar;RGC;Muller glia,Muller glia,Muller glia,300,1.0,1.0,0.0,0.0,0.0,0.0,0.0,0.0,1.0,,
CCDC117,cell_fraction_0.25,300,Rod;Cone;Bipolar;RGC;Muller glia,RGC,RGC,300,0.34,0.34,0.0,0.0,0.31333333333333335,0.19666666666666666,0.12,0.34,0.03,,
CDC14A,cell_fraction_0.25,300,Rod;Cone;Bipolar;RGC;Muller glia,Muller glia,Muller glia,300,0.9133333333333333,0.9133333333333333,0.0,0.0,0.006666666666666667,0.07666666666666666,0.0,0.0033333333333333335,0.9133333333333333,,
CDKN2A,cell_fraction_0.25,300,Rod;Cone;Bipolar;RGC;Muller glia,Bipolar,Bipolar,277,0.7833333333333333,0.7833333333333333,0.07666666666666666,0.0,0.0,0.0,0.7833333333333333,0.0,0.14,,
CDKN2B-AS1,cell_fraction_0.25,300,Rod;Cone;Bipolar;RGC;Muller glia,Cone,Cone,233,0.4633333333333333,0.4633333333333333,0.22333333333333333,0.0,0.09333333333333334,0.4633333333333333,0.22,0.0,0.0,,
CELF1,cell_fraction_0.25,300,Rod;Cone;Bipolar;RGC;Muller glia,RGC,RGC,300,0.5,0.5,0.0,0.0,0.0,0.006666666666666667,0.4866666666666667,0.5,0.006666666666666667,,
CLIC5,cell_fraction_0.25,300,Rod;Cone;Bipolar;RGC;Muller glia,Muller glia,Muller glia,300,1.0,1.0,0.0,0.0,0.0,0.0,0.0,0.0,1.0,,
COL11A1,cell_fraction_0.25,300,Rod;Cone;Bipolar;RGC;Muller glia,Muller glia,Muller glia,300,0.8666666666666667,0.8666666666666667,0.0,0.0,0.0,0.0,0.0,0.13333333333333333,0.8666666666666667,,
CRHR1,cell_fraction_0.25,300,Rod;Cone;Bipolar;RGC;Muller glia,Bipolar,Bipolar,141,0.28,0.28,0.53,0.0,0.19,0.0,0.28,0.0,0.0,,
CTA-292E10.6,cell_fraction_0.25,300,Rod;Cone;Bipolar;RGC;Muller glia,Rod,Rod,300,0.99,0.99,0.0,0.0,0.99,0.006666666666666667,0.0033333333333333335,0.0,0.0,,
CTD-2005H7.1,cell_fraction_0.25,300,Rod;Cone;Bipolar;RGC;Muller glia,Bipolar,Bipolar,269,0.75,0.75,0.10333333333333333,0.0,0.06333333333333334,0.0,0.75,0.0,0.08333333333333333,,
CTD-2020K17.1,cell_fraction_0.25,300,Rod;Cone;Bipolar;RGC;Muller glia,RGC,RGC,299,0.5933333333333334,0.5933333333333334,0.0033333333333333335,0.0,0.12333333333333334,0.006666666666666667,0.05,0.5933333333333334,0.22333333333333333,,
CTD-2020K17.3,cell_fraction_0.25,300,Rod;Cone;Bipolar;RGC;Muller glia,RGC,RGC,300,0.5166666666666667,0.5166666666666667,0.0,0.0,0.0,0.0,0.48333333333333334,0.5166666666666667,0.0,,
CTTNBP2,cell_fraction_0.25,300,Rod;Cone;Bipolar;RGC;Muller glia,Muller glia,Muller glia,300,0.91,0.91,0.0,0.0,0.0,0.0,0.0,0.09,0.91,,
DYSF,cell_fraction_0.25,300,Rod;Cone;Bipolar;RGC;Muller glia,Bipolar,Bipolar,288,0.42,0.42,0.04,0.0,0.3433333333333333,0.0,0.42,0.0,0.19666666666666666,,
EFCAB13,cell_fraction_0.25,300,Rod;Cone;Bipolar;RGC;Muller glia,RGC,Bipolar,300,0.25333333333333335,0.6,0.0,0.0,0.03,0.016666666666666666,0.6,0.25333333333333335,0.1,,
EFEMP1,cell_fraction_0.25,300,Rod;Cone;Bipolar;RGC;Muller glia,Muller glia,Muller glia,300,1.0,1.0,0.0,0.0,0.0,0.0,0.0,0.0,1.0,,
EHBP1L1,cell_fraction_0.25,300,Rod;Cone;Bipolar;RGC;Muller glia,RGC,RGC,291,0.5866666666666667,0.5866666666666667,0.03,0.0,0.03,0.0,0.07333333333333333,0.5866666666666667,0.28,,
FAM215B,cell_fraction_0.25,300,Rod;Cone;Bipolar;RGC;Muller glia,Bipolar,Bipolar,300,0.6633333333333333,0.6633333333333333,0.0,0.0,0.0033333333333333335,0.0,0.6633333333333333,0.25333333333333335,0.08,,
FAM89B,cell_fraction_0.25,300,Rod;Cone;Bipolar;RGC;Muller glia,RGC,RGC,300,0.9033333333333333,0.9033333333333333,0.0,0.0,0.0033333333333333335,0.0,0.09,0.9033333333333333,0.0033333333333333335,,
FHL3,cell_fraction_0.25,300,Rod;Cone;Bipolar;RGC;Muller glia,Muller glia,Muller glia,280,0.43,0.43,0.06666666666666667,0.0,0.0,0.06333333333333334,0.2633333333333333,0.17666666666666667,0.43,,
FLOT1,cell_fraction_0.25,300,Rod;Cone;Bipolar;RGC;Muller glia,RGC,RGC,300,0.9466666666666667,0.9466666666666667,0.0,0.0,0.0,0.0,0.0033333333333333335,0.9466666666666667,0.05,,
FLVCR2,cell_fraction_0.25,300,Rod;Cone;Bipolar;RGC;Muller glia,Muller glia,Muller glia,216,0.38333333333333336,0.38333333333333336,0.28,0.0,0.11,0.22666666666666666,0.0,0.0,0.38333333333333336,,
FMNL1,cell_fraction_0.25,300,Rod;Cone;Bipolar;RGC;Muller glia,RGC,Bipolar,300,0.4166666666666667,0.5233333333333333,0.0,0.0,0.0,0.0,0.5233333333333333,0.4166666666666667,0.06,,
FNDC4,cell_fraction_0.25,300,Rod;Cone;Bipolar;RGC;Muller glia,RGC,RGC,300,0.8666666666666667,0.8666666666666667,0.0,0.0,0.0,0.043333333333333335,0.02,0.8666666666666667,0.07,,
GCAT,cell_fraction_0.25,300,Rod;Cone;Bipolar;RGC;Muller glia,Muller glia,Muller glia,300,0.6333333333333333,0.6333333333333333,0.0,0.0,0.0,0.0,0.18,0.18666666666666668,0.6333333333333333,,
GLIS1,cell_fraction_0.25,300,Rod;Cone;Bipolar;RGC;Muller glia,Muller glia,Muller glia,233,0.4266666666666667,0.4266666666666667,0.22333333333333333,0.0,0.0,0.0,0.35,0.0,0.4266666666666667,,
H1F0,cell_fraction_0.25,300,Rod;Cone;Bipolar;RGC;Muller glia,Bipolar,Bipolar,300,0.99,0.99,0.0,0.0,0.0,0.0,0.99,0.01,0.0,,
HCG9,cell_fraction_0.25,300,Rod;Cone;Bipolar;RGC;Muller glia,RGC,Bipolar,176,0.23,0.3566666666666667,0.41333333333333333,0.0,0.0,0.0,0.3566666666666667,0.23,0.0,,
HCP5B,cell_fraction_0.25,300,Rod;Cone;Bipolar;RGC;Muller glia,RGC,RGC,138,0.26666666666666666,0.26666666666666666,0.54,0.0,0.0,0.0,0.19333333333333333,0.26666666666666666,0.0,,
HECTD4,cell_fraction_0.25,300,Rod;Cone;Bipolar;RGC;Muller glia,RGC,RGC,300,0.67,0.67,0.0,0.0,0.0033333333333333335,0.29,0.03666666666666667,0.67,0.0,,
HLA-A,cell_fraction_0.25,300,Rod;Cone;Bipolar;RGC;Muller glia,Muller glia,Muller glia,300,0.89,0.89,0.0,0.0,0.0,0.0,0.0,0.11,0.89,,
HLA-C,cell_fraction_0.25,300,Rod;Cone;Bipolar;RGC;Muller glia,Muller glia,Muller glia,300,0.9966666666666667,0.9966666666666667,0.0,0.0,0.0,0.0,0.0,0.0033333333333333335,0.9966666666666667,,
HLA-F,cell_fraction_0.25,300,Rod;Cone;Bipolar;RGC;Muller glia,Muller glia,Muller glia,299,0.83,0.83,0.0033333333333333335,0.0,0.0033333333333333335,0.0033333333333333335,0.023333333333333334,0.13666666666666666,0.83,,
HLA-G,cell_fraction_0.25,300,Rod;Cone;Bipolar;RGC;Muller glia,Bipolar,Bipolar,207,0.37666666666666665,0.37666666666666665,0.31,0.0,0.31333333333333335,0.0,0.37666666666666665,0.0,0.0,,
HSCB,cell_fraction_0.25,300,Rod;Cone;Bipolar;RGC;Muller glia,Muller glia,Muller glia,300,0.76,0.76,0.0,0.0,0.05,0.0,0.06333333333333334,0.12666666666666668,0.76,,
HTRA3,cell_fraction_0.25,300,Rod;Cone;Bipolar;RGC;Muller glia,Muller glia,Muller glia,82,0.2733333333333333,0.2733333333333333,0.7266666666666667,0.0,0.0,0.0,0.0,0.0,0.2733333333333333,,
IFT172,cell_fraction_0.25,300,Rod;Cone;Bipolar;RGC;Muller glia,Rod,Rod,300,0.6266666666666667,0.6266666666666667,0.0,0.0,0.6266666666666667,0.37,0.0,0.0,0.0033333333333333335,,
INPP5B,cell_fraction_0.25,300,Rod;Cone;Bipolar;RGC;Muller glia,RGC,RGC,300,0.43,0.43,0.0,0.0,0.19333333333333333,0.0,0.16,0.43,0.21666666666666667,,
ITGB3,cell_fraction_0.25,300,Rod;Cone;Bipolar;RGC;Muller glia,,,0,,0.0,1.0,0.0,0.0,0.0,0.0,0.0,0.0,,
KANSL1,cell_fraction_0.25,300,Rod;Cone;Bipolar;RGC;Muller glia,RGC,RGC,300,0.5566666666666666,0.5566666666666666,0.0,0.0,0.006666666666666667,0.03,0.4033333333333333,0.5566666666666666,0.0033333333333333335,,
KANSL1-AS1,cell_fraction_0.25,300,Rod;Cone;Bipolar;RGC;Muller glia,Rod,Rod,300,0.5966666666666667,0.5966666666666667,0.0,0.0,0.5966666666666667,0.0,0.12666666666666668,0.12,0.15666666666666668,,
KHK,cell_fraction_0.25,300,Rod;Cone;Bipolar;RGC;Muller glia,RGC,RGC,300,0.6566666666666666,0.6566666666666666,0.0,0.0,0.0,0.0,0.23333333333333334,0.6566666666666666,0.11,,
KLF5,cell_fraction_0.25,300,Rod;Cone;Bipolar;RGC;Muller glia,Rod,Rod,207,0.49333333333333335,0.49333333333333335,0.31,0.0,0.49333333333333335,0.0,0.19666666666666666,0.0,0.0,,
LHPP,cell_fraction_0.25,300,Rod;Cone;Bipolar;RGC;Muller glia,RGC,Cone,300,0.33,0.41333333333333333,0.0,0.0,0.05333333333333334,0.41333333333333333,0.06,0.33,0.14333333333333334,,
LINC01948,cell_fraction_0.25,300,Rod;Cone;Bipolar;RGC;Muller glia,Bipolar,Bipolar,164,0.5466666666666666,0.5466666666666666,0.4533333333333333,0.0,0.0,0.0,0.5466666666666666,0.0,0.0,,
LMO4,cell_fraction_0.25,300,Rod;Cone;Bipolar;RGC;Muller glia,RGC,RGC,300,0.98,0.98,0.0,0.0,0.0,0.0,0.02,0.98,0.0,,
LMO7,cell_fraction_0.25,300,Rod;Cone;Bipolar;RGC;Muller glia,Rod,Rod,300,0.65,0.65,0.0,0.0,0.65,0.15333333333333332,0.056666666666666664,0.05333333333333334,0.08666666666666667,,
LOXL1,cell_fraction_0.25,300,Rod;Cone;Bipolar;RGC;Muller glia,RGC,RGC,300,0.6233333333333333,0.6233333333333333,0.0,0.0,0.0,0.0,0.0,0.6233333333333333,0.37666666666666665,,
LOXL1-AS1,cell_fraction_0.25,300,Rod;Cone;Bipolar;RGC;Muller glia,RGC,RGC,294,0.7166666666666667,0.7166666666666667,0.02,0.0,0.013333333333333334,0.0,0.0,0.7166666666666667,0.25,,
LRRC37A,cell_fraction_0.25,300,Rod;Cone;Bipolar;RGC;Muller glia,RGC,RGC,300,0.43333333333333335,0.43333333333333335,0.0,0.0,0.19666666666666666,0.34,0.03,0.43333333333333335,0.0,,
LRRC37A2,cell_fraction_0.25,300,Rod;Cone;Bipolar;RGC;Muller glia,Bipolar,Bipolar,300,0.4666666666666667,0.4666666666666667,0.0,0.0,0.24333333333333335,0.17666666666666667,0.4666666666666667,0.06,0.05333333333333334,,
LRWD1,cell_fraction_0.25,300,Rod;Cone;Bipolar;RGC;Muller glia,RGC,Rod,300,0.29333333333333333,0.5933333333333334,0.0,0.0,0.5933333333333334,0.07,0.043333333333333335,0.29333333333333333,0.0,,
LTBP2,cell_fraction_0.25,300,Rod;Cone;Bipolar;RGC;Muller glia,Bipolar,Bipolar,299,0.71,0.71,0.0033333333333333335,0.0,0.11666666666666667,0.02666666666666667,0.71,0.0,0.14333333333333334,,
LTBP3,cell_fraction_0.25,300,Rod;Cone;Bipolar;RGC;Muller glia,Muller glia,Muller glia,300,0.9,0.9,0.0,0.0,0.0,0.0,0.016666666666666666,0.08333333333333333,0.9,,
MADD,cell_fraction_0.25,300,Rod;Cone;Bipolar;RGC;Muller glia,Cone,Cone,300,0.6233333333333333,0.6233333333333333,0.0,0.0,0.016666666666666666,0.6233333333333333,0.016666666666666666,0.3433333333333333,0.0,,
MAPT,cell_fraction_0.25,300,Rod;Cone;Bipolar;RGC;Muller glia,Bipolar,Bipolar,300,0.8733333333333333,0.8733333333333333,0.0,0.0,0.0,0.0,0.8733333333333333,0.12666666666666668,0.0,,
MAPT-AS1,cell_fraction_0.25,300,Rod;Cone;Bipolar;RGC;Muller glia,Bipolar,Bipolar,300,0.9633333333333334,0.9633333333333334,0.0,0.0,0.0,0.0,0.9633333333333334,0.0,0.03666666666666667,,
ME3,cell_fraction_0.25,300,Rod;Cone;Bipolar;RGC;Muller glia,Bipolar,Bipolar,300,1.0,1.0,0.0,0.0,0.0,0.0,1.0,0.0,0.0,,
MOV10,cell_fraction_0.25,300,Rod;Cone;Bipolar;RGC;Muller glia,Muller glia,Muller glia,300,0.9466666666666667,0.9466666666666667,0.0,0.0,0.0,0.0033333333333333335,0.0,0.05,0.9466666666666667,,
MRPL33,cell_fraction_0.25,300,Rod;Cone;Bipolar;RGC;Muller glia,Cone,Bipolar,300,0.4633333333333333,0.5233333333333333,0.0,0.0,0.0033333333333333335,0.4633333333333333,0.5233333333333333,0.01,0.0,,
MTCH2,cell_fraction_0.25,300,Rod;Cone;Bipolar;RGC;Muller glia,Cone,Cone,300,0.6066666666666667,0.6066666666666667,0.0,0.0,0.19333333333333333,0.6066666666666667,0.0,0.15,0.05,,
MVB12B,cell_fraction_0.25,300,Rod;Cone;Bipolar;RGC;Muller glia,RGC,RGC,300,0.5333333333333333,0.5333333333333333,0.0,0.0,0.016666666666666666,0.0,0.09,0.5333333333333333,0.36,,
NEAT1,cell_fraction_0.25,300,Rod;Cone;Bipolar;RGC;Muller glia,Muller glia,Muller glia,300,0.6333333333333333,0.6333333333333333,0.0,0.0,0.0,0.0,0.0,0.36666666666666664,0.6333333333333333,,
NMT1,cell_fraction_0.25,300,Rod;Cone;Bipolar;RGC;Muller glia,Cone,Cone,300,0.7566666666666667,0.7566666666666667,0.0,0.0,0.17666666666666667,0.7566666666666667,0.0,0.06666666666666667,0.0,,
NPEPPS,cell_fraction_0.25,300,Rod;Cone;Bipolar;RGC;Muller glia,Cone,Cone,300,0.44333333333333336,0.44333333333333336,0.0,0.0,0.0,0.44333333333333336,0.38333333333333336,0.17333333333333334,0.0,,
NRBP1,cell_fraction_0.25,300,Rod;Cone;Bipolar;RGC;Muller glia,RGC,RGC,300,0.48,0.48,0.0,0.0,0.36666666666666664,0.10666666666666667,0.023333333333333334,0.48,0.023333333333333334,,
NSF,cell_fraction_0.25,300,Rod;Cone;Bipolar;RGC;Muller glia,Cone,Cone,300,0.7133333333333334,0.7133333333333334,0.0,0.0,0.0,0.7133333333333334,0.03333333333333333,0.25333333333333335,0.0,,
NUCB2,cell_fraction_0.25,300,Rod;Cone;Bipolar;RGC;Muller glia,Rod,Rod,300,0.9766666666666667,0.9766666666666667,0.0,0.0,0.9766666666666667,0.016666666666666666,0.0,0.0,0.006666666666666667,,
NUDT7,cell_fraction_0.25,300,Rod;Cone;Bipolar;RGC;Muller glia,Muller glia,Muller glia,300,0.99,0.99,0.0,0.0,0.01,0.0,0.0,0.0,0.99,,
PDE6C,cell_fraction_0.25,300,Rod;Cone;Bipolar;RGC;Muller glia,Cone,Cone,300,1.0,1.0,0.0,0.0,0.0,1.0,0.0,0.0,0.0,,
PIBF1,cell_fraction_0.25,300,Rod;Cone;Bipolar;RGC;Muller glia,Rod,Rod,300,0.33,0.33,0.0,0.0,0.33,0.06666666666666667,0.1,0.20333333333333334,0.3,,
PIGC,cell_fraction_0.25,300,Rod;Cone;Bipolar;RGC;Muller glia,RGC,RGC,300,0.7066666666666667,0.7066666666666667,0.0,0.0,0.14666666666666667,0.02666666666666667,0.08,0.7066666666666667,0.04,,
PKIB,cell_fraction_0.25,300,Rod;Cone;Bipolar;RGC;Muller glia,Cone,Cone,300,0.8033333333333333,0.8033333333333333,0.0,0.0,0.18,0.8033333333333333,0.0,0.016666666666666666,0.0,,
PLCE1,cell_fraction_0.25,300,Rod;Cone;Bipolar;RGC;Muller glia,Muller glia,Muller glia,300,1.0,1.0,0.0,0.0,0.0,0.0,0.0,0.0,1.0,,
PLEKHA7,cell_fraction_0.25,300,Rod;Cone;Bipolar;RGC;Muller glia,Cone,Cone,300,0.8766666666666667,0.8766666666666667,0.0,0.0,0.03666666666666667,0.8766666666666667,0.0033333333333333335,0.0,0.08333333333333333,,
PLEKHM1,cell_fraction_0.25,300,Rod;Cone;Bipolar;RGC;Muller glia,Muller glia,Muller glia,300,0.3333333333333333,0.3333333333333333,0.0,0.0,0.13333333333333333,0.0,0.32,0.21333333333333335,0.3333333333333333,,
PPP1R18,cell_fraction_0.25,300,Rod;Cone;Bipolar;RGC;Muller glia,Rod,Rod,300,0.8166666666666667,0.8166666666666667,0.0,0.0,0.8166666666666667,0.15333333333333332,0.0,0.03,0.0,,
PRKCE,cell_fraction_0.25,300,Rod;Cone;Bipolar;RGC;Muller glia,Bipolar,Bipolar,300,1.0,1.0,0.0,0.0,0.0,0.0,1.0,0.0,0.0,,
PRSS23,cell_fraction_0.25,300,Rod;Cone;Bipolar;RGC;Muller glia,Bipolar,Bipolar,300,1.0,1.0,0.0,0.0,0.0,0.0,1.0,0.0,0.0,,
RAPSN,cell_fraction_0.25,300,Rod;Cone;Bipolar;RGC;Muller glia,Muller glia,Muller glia,71,0.23666666666666666,0.23666666666666666,0.7633333333333333,0.0,0.0,0.0,0.0,0.0,0.23666666666666666,,
RERE,cell_fraction_0.25,300,Rod;Cone;Bipolar;RGC;Muller glia,Bipolar,Bipolar,300,0.4533333333333333,0.4533333333333333,0.0,0.0,0.0,0.22,0.4533333333333333,0.32666666666666666,0.0,,
RIC8B,cell_fraction_0.25,300,Rod;Cone;Bipolar;RGC;Muller glia,Rod,Rod,300,1.0,1.0,0.0,0.0,1.0,0.0,0.0,0.0,0.0,,
RORA,cell_fraction_0.25,300,Rod;Cone;Bipolar;RGC;Muller glia,Cone,Cone,300,1.0,1.0,0.0,0.0,0.0,1.0,0.0,0.0,0.0,,
RP11-217B7.2,cell_fraction_0.25,300,Rod;Cone;Bipolar;RGC;Muller glia,Rod,Rod,286,0.9533333333333334,0.9533333333333334,0.04666666666666667,0.0,0.9533333333333334,0.0,0.0,0.0,0.0,,
RP11-302L19.3,cell_fraction_0.25,300,Rod;Cone;Bipolar;RGC;Muller glia,Cone,Cone,133,0.24,0.24,0.5566666666666666,0.0,0.20333333333333334,0.24,0.0,0.0,0.0,,
RP11-403A3.3,cell_fraction_0.25,300,Rod;Cone;Bipolar;RGC;Muller glia,RGC,RGC,79,0.2633333333333333,0.2633333333333333,0.7366666666666667,0.0,0.0,0.0,0.0,0.2633333333333333,0.0,,
RP11-412D9.4,cell_fraction_0.25,300,Rod;Cone;Bipolar;RGC;Muller glia,Bipolar,Bipolar,300,0.6633333333333333,0.6633333333333333,0.0,0.0,0.20333333333333334,0.09,0.6633333333333333,0.04,0.0033333333333333335,,
RP11-507B12.2,cell_fraction_0.25,300,Rod;Cone;Bipolar;RGC;Muller glia,Muller glia,Muller glia,77,0.25666666666666665,0.25666666666666665,0.7433333333333333,0.0,0.0,0.0,0.0,0.0,0.25666666666666665,,
RP11-669E14.6,cell_fraction_0.25,300,Rod;Cone;Bipolar;RGC;Muller glia,RGC,Bipolar,300,0.3233333333333333,0.4166666666666667,0.0,0.0,0.10666666666666667,0.05,0.4166666666666667,0.3233333333333333,0.10333333333333333,,
RP11-755F10.1,cell_fraction_0.25,300,Rod;Cone;Bipolar;RGC;Muller glia,RGC,Cone,268,0.24333333333333335,0.33,0.10666666666666667,0.0,0.21333333333333335,0.33,0.10666666666666667,0.24333333333333335,0.0,,
RP11-798G7.6,cell_fraction_0.25,300,Rod;Cone;Bipolar;RGC;Muller glia,Rod,Rod,300,0.6333333333333333,0.6333333333333333,0.0,0.0,0.6333333333333333,0.013333333333333334,0.07333333333333333,0.0,0.28,,
RP5-1115A15.1,cell_fraction_0.25,300,Rod;Cone;Bipolar;RGC;Muller glia,Rod,Rod,86,0.2866666666666667,0.2866666666666667,0.7133333333333334,0.0,0.2866666666666667,0.0,0.0,0.0,0.0,,
SCRN2,cell_fraction_0.25,300,Rod;Cone;Bipolar;RGC;Muller glia,Muller glia,Muller glia,300,0.8933333333333333,0.8933333333333333,0.0,0.0,0.02,0.016666666666666666,0.0,0.07,0.8933333333333333,,
SEMA3E,cell_fraction_0.25,300,Rod;Cone;Bipolar;RGC;Muller glia,Bipolar,Bipolar,300,1.0,1.0,0.0,0.0,0.0,0.0,1.0,0.0,0.0,,
SEPT7,cell_fraction_0.25,300,Rod;Cone;Bipolar;RGC;Muller glia,RGC,RGC,300,0.9833333333333333,0.9833333333333333,0.0,0.0,0.0,0.0,0.013333333333333334,0.9833333333333333,0.0033333333333333335,,
SF3A3,cell_fraction_0.25,300,Rod;Cone;Bipolar;RGC;Muller glia,Bipolar,Bipolar,300,0.7833333333333333,0.7833333333333333,0.0,0.0,0.09333333333333334,0.0,0.7833333333333333,0.12333333333333334,0.0,,
SFTA1P,cell_fraction_0.25,300,Rod;Cone;Bipolar;RGC;Muller glia,Muller glia,Muller glia,131,0.43666666666666665,0.43666666666666665,0.5633333333333334,0.0,0.0,0.0,0.0,0.0,0.43666666666666665,,
SGSM2,cell_fraction_0.25,300,Rod;Cone;Bipolar;RGC;Muller glia,Cone,Bipolar,300,0.41333333333333333,0.46,0.0,0.0,0.0033333333333333335,0.41333333333333333,0.46,0.12333333333333334,0.0,,
SLC25A45,cell_fraction_0.25,300,Rod;Cone;Bipolar;RGC;Muller glia,RGC,Muller glia,300,0.24333333333333335,0.3933333333333333,0.0,0.0,0.0,0.0,0.36333333333333334,0.24333333333333335,0.3933333333333333,,
SLC39A13,cell_fraction_0.25,300,Rod;Cone;Bipolar;RGC;Muller glia,RGC,Muller glia,300,0.21666666666666667,0.34,0.0,0.0,0.013333333333333334,0.3233333333333333,0.10666666666666667,0.21666666666666667,0.34,,
SMAD6,cell_fraction_0.25,300,Rod;Cone;Bipolar;RGC;Muller glia,Muller glia,Muller glia,299,0.9666666666666667,0.9666666666666667,0.0033333333333333335,0.0,0.0,0.03,0.0,0.0,0.9666666666666667,,
TARID,cell_fraction_0.25,300,Rod;Cone;Bipolar;RGC;Muller glia,Cone,Bipolar,133,0.22,0.22333333333333333,0.5566666666666666,0.0,0.0,0.22,0.22333333333333333,0.0,0.0,,
TBC1D31,cell_fraction_0.25,300,Rod;Cone;Bipolar;RGC;Muller glia,RGC,Rod,300,0.19333333333333333,0.3,0.0,0.0,0.3,0.23,0.16666666666666666,0.19333333333333333,0.11,,
TBKBP1,cell_fraction_0.25,300,Rod;Cone;Bipolar;RGC;Muller glia,Bipolar,Bipolar,300,0.7166666666666667,0.7166666666666667,0.0,0.0,0.0,0.06333333333333334,0.7166666666666667,0.2,0.02,,
TBPL1,cell_fraction_0.25,300,Rod;Cone;Bipolar;RGC;Muller glia,RGC,Bipolar,300,0.39,0.61,0.0,0.0,0.0,0.0,0.61,0.39,0.0,,
TGFB3,cell_fraction_0.25,300,Rod;Cone;Bipolar;RGC;Muller glia,Muller glia,Muller glia,300,0.6066666666666667,0.6066666666666667,0.0,0.0,0.3433333333333333,0.05,0.0,0.0,0.6066666666666667,,
THCAT158,cell_fraction_0.25,300,Rod;Cone;Bipolar;RGC;Muller glia,Muller glia,Rod,166,0.23,0.3233333333333333,0.44666666666666666,0.0,0.3233333333333333,0.0,0.0,0.0,0.23,,
THSD7A,cell_fraction_0.25,300,Rod;Cone;Bipolar;RGC;Muller glia,Bipolar,Bipolar,300,0.9966666666666667,0.9966666666666667,0.0,0.0,0.0,0.0,0.9966666666666667,0.0033333333333333335,0.0,,
TIGD3,cell_fraction_0.25,300,Rod;Cone;Bipolar;RGC;Muller glia,Bipolar,Bipolar,300,0.81,0.81,0.0,0.0,0.11,0.0,0.81,0.08,0.0,,
TMEM116,cell_fraction_0.25,300,Rod;Cone;Bipolar;RGC;Muller glia,Rod,Rod,300,0.7566666666666667,0.7566666666666667,0.0,0.0,0.7566666666666667,0.0,0.05333333333333334,0.0033333333333333335,0.18666666666666668,,
TMEM136,cell_fraction_0.25,300,Rod;Cone;Bipolar;RGC;Muller glia,Rod,Rod,300,1.0,1.0,0.0,0.0,1.0,0.0,0.0,0.0,0.0,,
TMEM181,cell_fraction_0.25,300,Rod;Cone;Bipolar;RGC;Muller glia,RGC,Cone,300,0.22666666666666666,0.44,0.0,0.0,0.09,0.44,0.16333333333333333,0.22666666666666666,0.08,,
TMEM263,cell_fraction_0.25,300,Rod;Cone;Bipolar;RGC;Muller glia,Muller glia,Muller glia,300,0.8,0.8,0.0,0.0,0.0,0.0,0.06333333333333334,0.13666666666666666,0.8,,
TRIM26,cell_fraction_0.25,300,Rod;Cone;Bipolar;RGC;Muller glia,Rod,Rod,300,0.7166666666666667,0.7166666666666667,0.0,0.0,0.7166666666666667,0.14666666666666667,0.11,0.0,0.02666666666666667,,
TRIOBP,cell_fraction_0.25,300,Rod;Cone;Bipolar;RGC;Muller glia,Bipolar,Bipolar,300,0.6,0.6,0.0,0.0,0.0,0.0,0.6,0.04,0.36,,
TSC22D2,cell_fraction_0.25,300,Rod;Cone;Bipolar;RGC;Muller glia,Muller glia,Muller glia,300,0.94,0.94,0.0,0.0,0.0,0.03,0.0033333333333333335,0.02666666666666667,0.94,,
TTC28,cell_fraction_0.25,300,Rod;Cone;Bipolar;RGC;Muller glia,Bipolar,Bipolar,300,0.7433333333333333,0.7433333333333333,0.0,0.0,0.0,0.013333333333333334,0.7433333333333333,0.18666666666666668,0.056666666666666664,,
TTLL5,cell_fraction_0.25,300,Rod;Cone;Bipolar;RGC;Muller glia,Rod,Rod,300,0.9166666666666666,0.9166666666666666,0.0,0.0,0.9166666666666666,0.07333333333333333,0.0,0.01,0.0,,
TXNRD2,cell_fraction_0.25,300,Rod;Cone;Bipolar;RGC;Muller glia,Bipolar,Bipolar,300,0.8233333333333334,0.8233333333333334,0.0,0.0,0.0,0.0033333333333333335,0.8233333333333334,0.09,0.08333333333333333,,
UTP11,cell_fraction_0.25,300,Rod;Cone;Bipolar;RGC;Muller glia,RGC,Cone,300,0.19333333333333333,0.33666666666666667,0.0,0.0,0.22333333333333333,0.33666666666666667,0.20333333333333334,0.19333333333333333,0.043333333333333335,,
VARS2,cell_fraction_0.25,300,Rod;Cone;Bipolar;RGC;Muller glia,Muller glia,Muller glia,300,0.4766666666666667,0.4766666666666667,0.0,0.0,0.12666666666666668,0.0,0.33,0.06666666666666667,0.4766666666666667,,
VCAM1,cell_fraction_0.25,300,Rod;Cone;Bipolar;RGC;Muller glia,Muller glia,Muller glia,270,0.9,0.9,0.1,0.0,0.0,0.0,0.0,0.0,0.9,,
WLS,cell_fraction_0.25,300,Rod;Cone;Bipolar;RGC;Muller glia,Rod,Rod,300,0.74,0.74,0.0,0.0,0.74,0.26,0.0,0.0,0.0,,
WNT2B,cell_fraction_0.25,300,Rod;Cone;Bipolar;RGC;Muller glia,Muller glia,Muller glia,300,0.5333333333333333,0.5333333333333333,0.0,0.0,0.38666666666666666,0.08,0.0,0.0,0.5333333333333333,,
XXbac-BPG170G13.32,cell_fraction_0.25,300,Rod;Cone;Bipolar;RGC;Muller glia,Muller glia,Muller glia,77,0.25666666666666665,0.25666666666666665,0.7433333333333333,0.0,0.0,0.0,0.0,0.0,0.25666666666666665,,
YAP1,cell_fraction_0.25,300,Rod;Cone;Bipolar;RGC;Muller glia,Muller glia,Muller glia,300,1.0,1.0,0.0,0.0,0.0,0.0,0.0,0.0,1.0,,
YIF1A,cell_fraction_0.25,300,Rod;Cone;Bipolar;RGC;Muller glia,Muller glia,Muller glia,300,0.8933333333333333,0.8933333333333333,0.0,0.0,0.05,0.05,0.0,0.006666666666666667,0.8933333333333333,,
ZNF280D,cell_fraction_0.25,300,Rod;Cone;Bipolar;RGC;Muller glia,Bipolar,Bipolar,300,0.5966666666666667,0.5966666666666667,0.0,0.0,0.0,0.0033333333333333335,0.5966666666666667,0.4,0.0,,
ZNF638,cell_fraction_0.25,300,Rod;Cone;Bipolar;RGC;Muller glia,RGC,Bipolar,300,0.47,0.53,0.0,0.0,0.0,0.0,0.53,0.47,0.0,,
DGKG,cell_fraction_0.5,300,Rod;Cone;Bipolar;RGC;Muller glia,Muller glia,Muller glia,300,0.9966666666666667,0.9966666666666667,0.0,0.0,0.0,0.0,0.0,0.0033333333333333335,0.9966666666666667,,
SLC2A12,cell_fraction_0.5,300,Rod;Cone;Bipolar;RGC;Muller glia,Muller glia,Muller glia,300,0.9966666666666667,0.9966666666666667,0.0,0.0,0.0,0.0,0.0,0.0033333333333333335,0.9966666666666667,,
COL8A2,cell_fraction_0.5,300,Rod;Cone;Bipolar;RGC;Muller glia,RGC,RGC,146,0.4866666666666667,0.4866666666666667,0.5133333333333333,0.0,0.0,0.0,0.0,0.4866666666666667,0.0,,
NPC2,cell_fraction_0.5,300,Rod;Cone;Bipolar;RGC;Muller glia,Muller glia,Muller glia,300,1.0,1.0,0.0,0.0,0.0,0.0,0.0,0.0,1.0,,
PSMC3,cell_fraction_0.5,300,Rod;Cone;Bipolar;RGC;Muller glia,RGC,RGC,300,0.5533333333333333,0.5533333333333333,0.0,0.0,0.0,0.02666666666666667,0.20333333333333334,0.5533333333333333,0.21666666666666667,,
RP11-466F5.8,cell_fraction_0.5,300,Rod;Cone;Bipolar;RGC;Muller glia,Rod,Rod,300,0.67,0.67,0.0,0.0,0.67,0.33,0.0,0.0,0.0,,
LPP,cell_fraction_0.5,300,Rod;Cone;Bipolar;RGC;Muller glia,Muller glia,Muller glia,300,0.9666666666666667,0.9666666666666667,0.0,0.0,0.0,0.0,0.0,0.03333333333333333,0.9666666666666667,,
RP11-121M22.1,cell_fraction_0.5,300,Rod;Cone;Bipolar;RGC;Muller glia,RGC,Cone,300,0.26666666666666666,0.5066666666666667,0.0,0.0,0.02666666666666667,0.5066666666666667,0.07,0.26666666666666666,0.13,,
ABO,cell_fraction_0.5,300,Rod;Cone;Bipolar;RGC;Muller glia,RGC,RGC,151,0.5033333333333333,0.5033333333333333,0.49666666666666665,0.0,0.0,0.0,0.0,0.5033333333333333,0.0,,
ADAMTS8,cell_fraction_0.5,300,Rod;Cone;Bipolar;RGC;Muller glia,RGC,RGC,269,0.51,0.51,0.10333333333333333,0.0,0.12666666666666668,0.0,0.26,0.51,0.0,,
CALD1,cell_fraction_0.5,300,Rod;Cone;Bipolar;RGC;Muller glia,Muller glia,Muller glia,300,0.9966666666666667,0.9966666666666667,0.0,0.0,0.0,0.0,0.0033333333333333335,0.0,0.9966666666666667,,
CHEK2,cell_fraction_0.5,300,Rod;Cone;Bipolar;RGC;Muller glia,RGC,RGC,300,0.64,0.64,0.0,0.0,0.006666666666666667,0.0,0.3433333333333333,0.64,0.01,,
GAS7,cell_fraction_0.5,300,Rod;Cone;Bipolar;RGC;Muller glia,Cone,Cone,300,0.8033333333333333,0.8033333333333333,0.0,0.0,0.0,0.8033333333333333,0.0,0.19666666666666666,0.0,,
TCF12,cell_fraction_0.5,300,Rod;Cone;Bipolar;RGC;Muller glia,Muller glia,Muller glia,300,0.98,0.98,0.0,0.0,0.0,0.02,0.0,0.0,0.98,,
TMCO1,cell_fraction_0.5,300,Rod;Cone;Bipolar;RGC;Muller glia,Muller glia,Muller glia,300,1.0,1.0,0.0,0.0,0.0,0.0,0.0,0.0,1.0,,
TRIB2,cell_fraction_0.5,300,Rod;Cone;Bipolar;RGC;Muller glia,Muller glia,Muller glia,300,0.99,0.99,0.0,0.0,0.006666666666666667,0.0,0.0033333333333333335,0.0,0.99,,
ACBD4,cell_fraction_0.5,300,Rod;Cone;Bipolar;RGC;Muller glia,Muller glia,Muller glia,300,0.6966666666666667,0.6966666666666667,0.0,0.0,0.07,0.04666666666666667,0.03666666666666667,0.15,0.6966666666666667,,
AFAP1,cell_fraction_0.5,300,Rod;Cone;Bipolar;RGC;Muller glia,Muller glia,Muller glia,300,0.88,0.88,0.0,0.0,0.0,0.0,0.0,0.12,0.88,,
ALDH2,cell_fraction_0.5,300,Rod;Cone;Bipolar;RGC;Muller glia,Muller glia,Muller glia,300,0.9566666666666667,0.9566666666666667,0.0,0.0,0.0,0.0,0.043333333333333335,0.0,0.9566666666666667,,
AP003068.23,cell_fraction_0.5,300,Rod;Cone;Bipolar;RGC;Muller glia,Rod,Rod,300,0.99,0.99,0.0,0.0,0.99,0.01,0.0,0.0,0.0,,
AP5B1,cell_fraction_0.5,300,Rod;Cone;Bipolar;RGC;Muller glia,Rod,Rod,300,0.7866666666666666,0.7866666666666666,0.0,0.0,0.7866666666666666,0.14666666666666667,0.0033333333333333335,0.0,0.06333333333333334,,
AREL1,cell_fraction_0.5,300,Rod;Cone;Bipolar;RGC;Muller glia,RGC,Bipolar,300,0.45,0.45,0.0,0.0,0.0033333333333333335,0.0,0.45,0.45,0.09666666666666666,,
ARHGAP27,cell_fraction_0.5,300,Rod;Cone;Bipolar;RGC;Muller glia,Bipolar,Bipolar,300,0.5866666666666667,0.5866666666666667,0.0,0.0,0.31,0.03333333333333333,0.5866666666666667,0.07,0.0,,
ARHGEF12,cell_fraction_0.5,300,Rod;Cone;Bipolar;RGC;Muller glia,RGC,RGC,300,0.59,0.59,0.0,0.0,0.0,0.0,0.41,0.59,0.0,,
ARL17A,cell_fraction_0.5,300,Rod;Cone;Bipolar;RGC;Muller glia,RGC,Rod,300,0.41333333333333333,0.4166666666666667,0.0,0.0,0.4166666666666667,0.13,0.04,0.41333333333333333,0.0,,
ATP5J,cell_fraction_0.5,300,Rod;Cone;Bipolar;RGC;Muller glia,Cone,Cone,300,1.0,1.0,0.0,0.0,0.0,1.0,0.0,0.0,0.0,,
BICC1,cell_fraction_0.5,300,Rod;Cone;Bipolar;RGC;Muller glia,Muller glia,Muller glia,300,1.0,1.0,0.0,0.0,0.0,0.0,0.0,0.0,1.0,,
BORA,cell_fraction_0.5,300,Rod;Cone;Bipolar;RGC;Muller glia,Bipolar,Bipolar,300,0.38333333333333336,0.38333333333333336,0.0,0.0,0.29,0.11666666666666667,0.38333333333333336,0.0,0.21,,
C1orf109,cell_fraction_0.5,300,Rod;Cone;Bipolar;RGC;Muller glia,RGC,RGC,300,0.5233333333333333,0.5233333333333333,0.0,0.0,0.17333333333333334,0.11666666666666667,0.18666666666666668,0.5233333333333333,0.0,,
C1orf122,cell_fraction_0.5,300,Rod;Cone;Bipolar;RGC;Muller glia,Cone,Cone,300,1.0,1.0,0.0,0.0,0.0,1.0,0.0,0.0,0.0,,
C22orf29,cell_fraction_0.5,300,Rod;Cone;Bipolar;RGC;Muller glia,RGC,RGC,300,0.5666666666666667,0.5666666666666667,0.0,0.0,0.0,0.13666666666666666,0.2966666666666667,0.5666666666666667,0.0,,
CADM1,cell_fraction_0.5,300,Rod;Cone;Bipolar;RGC;Muller glia,Bipolar,Bipolar,300,1.0,1.0,0.0,0.0,0.0,0.0,1.0,0.0,0.0,,
CADM2,cell_fraction_0.5,300,Rod;Cone;Bipolar;RGC;Muller glia,Rod,Rod,300,1.0,1.0,0.0,0.0,1.0,0.0,0.0,0.0,0.0,,
CAV2,cell_fraction_0.5,300,Rod;Cone;Bipolar;RGC;Muller glia,Muller glia,Muller glia,300,1.0,1.0,0.0,0.0,0.0,0.0,0.0,0.0,1.0,,
CCDC117,cell_fraction_0.5,300,Rod;Cone;Bipolar;RGC;Muller glia,RGC,RGC,300,0.7266666666666667,0.7266666666666667,0.0,0.0,0.12333333333333334,0.1,0.04666666666666667,0.7266666666666667,0.0033333333333333335,,
CDC14A,cell_fraction_0.5,300,Rod;Cone;Bipolar;RGC;Muller glia,Muller glia,Muller glia,300,0.9966666666666667,0.9966666666666667,0.0,0.0,0.0,0.0033333333333333335,0.0,0.0,0.9966666666666667,,
CDKN2A,cell_fraction_0.5,300,Rod;Cone;Bipolar;RGC;Muller glia,Bipolar,Bipolar,300,0.9266666666666666,0.9266666666666666,0.0,0.0,0.0,0.0,0.9266666666666666,0.0,0.07333333333333333,,
CDKN2B-AS1,cell_fraction_0.5,300,Rod;Cone;Bipolar;RGC;Muller glia,Cone,Cone,290,0.7966666666666666,0.7966666666666666,0.03333333333333333,0.0,0.03,0.7966666666666666,0.14,0.0,0.0,,
CELF1,cell_fraction_0.5,300,Rod;Cone;Bipolar;RGC;Muller glia,RGC,RGC,300,0.5733333333333334,0.5733333333333334,0.0,0.0,0.0,0.0,0.4266666666666667,0.5733333333333334,0.0,,
CLIC5,cell_fraction_0.5,300,Rod;Cone;Bipolar;RGC;Muller glia,Muller glia,Muller glia,300,1.0,1.0,0.0,0.0,0.0,0.0,0.0,0.0,1.0,,
COL11A1,cell_fraction_0.5,300,Rod;Cone;Bipolar;RGC;Muller glia,Muller glia,Muller glia,300,0.94,0.94,0.0,0.0,0.0,0.0,0.0,0.06,0.94,,
CRHR1,cell_fraction_0.5,300,Rod;Cone;Bipolar;RGC;Muller glia,Bipolar,Bipolar,226,0.48333333333333334,0.48333333333333334,0.24666666666666667,0.0,0.27,0.0,0.48333333333333334,0.0,0.0,,
CTA-292E10.6,cell_fraction_0.5,300,Rod;Cone;Bipolar;RGC;Muller glia,Rod,Rod,300,1.0,1.0,0.0,0.0,1.0,0.0,0.0,0.0,0.0,,
CTD-2005H7.1,cell_fraction_0.5,300,Rod;Cone;Bipolar;RGC;Muller glia,Bipolar,Bipolar,300,0.94,0.94,0.0,0.0,0.006666666666666667,0.0,0.94,0.0,0.05333333333333334,,
CTD-2020K17.1,cell_fraction_0.5,300,Rod;Cone;Bipolar;RGC;Muller glia,RGC,RGC,300,0.8133333333333334,0.8133333333333334,0.0,0.0,0.03333333333333333,0.0,0.0033333333333333335,0.8133333333333334,0.15,,
CTD-2020K17.3,cell_fraction_0.5,300,Rod;Cone;Bipolar;RGC;Muller glia,RGC,RGC,300,0.7666666666666667,0.7666666666666667,0.0,0.0,0.0,0.0,0.23333333333333334,0.7666666666666667,0.0,,
CTTNBP2,cell_fraction_0.5,300,Rod;Cone;Bipolar;RGC;Muller glia,Muller glia,Muller glia,300,1.0,1.0,0.0,0.0,0.0,0.0,0.0,0.0,1.0,,
DYSF,cell_fraction_0.5,300,Rod;Cone;Bipolar;RGC;Muller glia,Bipolar,Bipolar,300,0.5033333333333333,0.5033333333333333,0.0,0.0,0.14666666666666667,0.0,0.5033333333333333,0.0,0.35,,
EFCAB13,cell_fraction_0.5,300,Rod;Cone;Bipolar;RGC;Muller glia,RGC,Bipolar,300,0.44333333333333336,0.5433333333333333,0.0,0.0,0.0,0.0,0.5433333333333333,0.44333333333333336,0.013333333333333334,,
EFEMP1,cell_fraction_0.5,300,Rod;Cone;Bipolar;RGC;Muller glia,Muller glia,Muller glia,300,1.0,1.0,0.0,0.0,0.0,0.0,0.0,0.0,1.0,,
EHBP1L1,cell_fraction_0.5,300,Rod;Cone;Bipolar;RGC;Muller glia,RGC,RGC,300,0.6666666666666666,0.6666666666666666,0.0,0.0,0.0033333333333333335,0.0,0.0033333333333333335,0.6666666666666666,0.32666666666666666,,
FAM215B,cell_fraction_0.5,300,Rod;Cone;Bipolar;RGC;Muller glia,Bipolar,Bipolar,300,0.8033333333333333,0.8033333333333333,0.0,0.0,0.0,0.0,0.8033333333333333,0.16333333333333333,0.03333333333333333,,
FAM89B,cell_fraction_0.5,300,Rod;Cone;Bipolar;RGC;Muller glia,RGC,RGC,300,0.9933333333333333,0.9933333333333333,0.0,0.0,0.0,0.0,0.006666666666666667,0.9933333333333333,0.0,,
FHL3,cell_fraction_0.5,300,Rod;Cone;Bipolar;RGC;Muller glia,Muller glia,Muller glia,300,0.6066666666666667,0.6066666666666667,0.0,0.0,0.0,0.006666666666666667,0.23666666666666666,0.15,0.6066666666666667,,
FLOT1,cell_fraction_0.5,300,Rod;Cone;Bipolar;RGC;Muller glia,RGC,RGC,300,1.0,1.0,0.0,0.0,0.0,0.0,0.0,1.0,0.0,,
FLVCR2,cell_fraction_0.5,300,Rod;Cone;Bipolar;RGC;Muller glia,Muller glia,Muller glia,282,0.49666666666666665,0.49666666666666665,0.06,0.0,0.06666666666666667,0.37666666666666665,0.0,0.0,0.49666666666666665,,
FMNL1,cell_fraction_0.5,300,Rod;Cone;Bipolar;RGC;Muller glia,RGC,RGC,300,0.5766666666666667,0.5766666666666667,0.0,0.0,0.0,0.0,0.4,0.5766666666666667,0.023333333333333334,,
FNDC4,cell_fraction_0.5,300,Rod;Cone;Bipolar;RGC;Muller glia,RGC,RGC,300,0.9933333333333333,0.9933333333333333,0.0,0.0,0.0,0.0,0.0033333333333333335,0.9933333333333333,0.0033333333333333335,,
GCAT,cell_fraction_0.5,300,Rod;Cone;Bipolar;RGC;Muller glia,Muller glia,Muller glia,300,0.6033333333333334,0.6033333333333334,0.0,0.0,0.0,0.0,0.013333333333333334,0.38333333333333336,0.6033333333333334,,
GLIS1,cell_fraction_0.5,300,Rod;Cone;Bipolar;RGC;Muller glia,Muller glia,Muller glia,287,0.6633333333333333,0.6633333333333333,0.043333333333333335,0.0,0.0,0.0,0.29333333333333333,0.0,0.6633333333333333,,
H1F0,cell_fraction_0.5,300,Rod;Cone;Bipolar;RGC;Muller glia,Bipolar,Bipolar,300,1.0,1.0,0.0,0.0,0.0,0.0,1.0,0.0,0.0,,
HCG9,cell_fraction_0.5,300,Rod;Cone;Bipolar;RGC;Muller glia,RGC,RGC,270,0.4866666666666667,0.4866666666666667,0.1,0.0,0.0,0.0,0.41333333333333333,0.4866666666666667,0.0,,
HCP5B,cell_fraction_0.5,300,Rod;Cone;Bipolar;RGC;Muller glia,RGC,RGC,227,0.49333333333333335,0.49333333333333335,0.24333333333333335,0.0,0.0,0.0,0.2633333333333333,0.49333333333333335,0.0,,
HECTD4,cell_fraction_0.5,300,Rod;Cone;Bipolar;RGC;Muller glia,RGC,RGC,300,0.9433333333333334,0.9433333333333334,0.0,0.0,0.0,0.056666666666666664,0.0,0.9433333333333334,0.0,,
HLA-A,cell_fraction_0.5,300,Rod;Cone;Bipolar;RGC;Muller glia,Muller glia,Muller glia,300,0.97,0.97,0.0,0.0,0.0,0.0,0.0,0.03,0.97,,
HLA-C,cell_fraction_0.5,300,Rod;Cone;Bipolar;RGC;Muller glia,Muller glia,Muller glia,300,1.0,1.0,0.0,0.0,0.0,0.0,0.0,0.0,1.0,,
HLA-F,cell_fraction_0.5,300,Rod;Cone;Bipolar;RGC;Muller glia,Muller glia,Muller glia,300,0.9866666666666667,0.9866666666666667,0.0,0.0,0.0,0.0,0.0033333333333333335,0.01,0.9866666666666667,,
HLA-G,cell_fraction_0.5,300,Rod;Cone;Bipolar;RGC;Muller glia,Bipolar,Bipolar,274,0.5466666666666666,0.5466666666666666,0.08666666666666667,0.0,0.36666666666666664,0.0,0.5466666666666666,0.0,0.0,,
HSCB,cell_fraction_0.5,300,Rod;Cone;Bipolar;RGC;Muller glia,Muller glia,Muller glia,300,0.8533333333333334,0.8533333333333334,0.0,0.0,0.0,0.0,0.0033333333333333335,0.14333333333333334,0.8533333333333334,,
HTRA3,cell_fraction_0.5,300,Rod;Cone;Bipolar;RGC;Muller glia,Muller glia,Muller glia,145,0.48333333333333334,0.48333333333333334,0.5166666666666667,0.0,0.0,0.0,0.0,0.0,0.48333333333333334,,
IFT172,cell_fraction_0.5,300,Rod;Cone;Bipolar;RGC;Muller glia,Rod,Rod,300,0.6966666666666667,0.6966666666666667,0.0,0.0,0.6966666666666667,0.30333333333333334,0.0,0.0,0.0,,
INPP5B,cell_fraction_0.5,300,Rod;Cone;Bipolar;RGC;Muller glia,RGC,RGC,300,0.7166666666666667,0.7166666666666667,0.0,0.0,0.04666666666666667,0.0,0.05333333333333334,0.7166666666666667,0.18333333333333332,,
ITGB3,cell_fraction_0.5,300,Rod;Cone;Bipolar;RGC;Muller glia,,,0,,0.0,1.0,0.0,0.0,0.0,0.0,0.0,0.0,,
KANSL1,cell_fraction_0.5,300,Rod;Cone;Bipolar;RGC;Muller glia,RGC,RGC,300,0.6366666666666667,0.6366666666666667,0.0,0.0,0.0033333333333333335,0.0033333333333333335,0.3566666666666667,0.6366666666666667,0.0,,
KANSL1-AS1,cell_fraction_0.5,300,Rod;Cone;Bipolar;RGC;Muller glia,Rod,Rod,300,0.6,0.6,0.0,0.0,0.6,0.0,0.03333333333333333,0.26,0.10666666666666667,,
KHK,cell_fraction_0.5,300,Rod;Cone;Bipolar;RGC;Muller glia,RGC,RGC,300,0.9433333333333334,0.9433333333333334,0.0,0.0,0.0,0.0,0.043333333333333335,0.9433333333333334,0.013333333333333334,,
KLF5,cell_fraction_0.5,300,Rod;Cone;Bipolar;RGC;Muller glia,Rod,Rod,282,0.7,0.7,0.06,0.0,0.7,0.0,0.24,0.0,0.0,,
LHPP,cell_fraction_0.5,300,Rod;Cone;Bipolar;RGC;Muller glia,RGC,RGC,300,0.5066666666666667,0.5066666666666667,0.0,0.0,0.0033333333333333335,0.4266666666666667,0.006666666666666667,0.5066666666666667,0.056666666666666664,,
LINC01948,cell_fraction_0.5,300,Rod;Cone;Bipolar;RGC;Muller glia,Bipolar,Bipolar,260,0.8666666666666667,0.8666666666666667,0.13333333333333333,0.0,0.0,0.0,0.8666666666666667,0.0,0.0,,
LMO4,cell_fraction_0.5,300,Rod;Cone;Bipolar;RGC;Muller glia,RGC,RGC,300,1.0,1.0,0.0,0.0,0.0,0.0,0.0,1.0,0.0,,
LMO7,cell_fraction_0.5,300,Rod;Cone;Bipolar;RGC;Muller glia,Rod,Rod,300,0.68,0.68,0.0,0.0,0.68,0.25,0.0033333333333333335,0.0,0.06666666666666667,,
LOXL1,cell_fraction_0.5,300,Rod;Cone;Bipolar;RGC;Muller glia,RGC,RGC,300,0.8066666666666666,0.8066666666666666,0.0,0.0,0.0,0.0,0.0,0.8066666666666666,0.19333333333333333,,
LOXL1-AS1,cell_fraction_0.5,300,Rod;Cone;Bipolar;RGC;Muller glia,RGC,RGC,300,0.9466666666666667,0.9466666666666667,0.0,0.0,0.0,0.0,0.0,0.9466666666666667,0.05333333333333334,,
LRRC37A,cell_fraction_0.5,300,Rod;Cone;Bipolar;RGC;Muller glia,RGC,RGC,300,0.7666666666666667,0.7666666666666667,0.0,0.0,0.04666666666666667,0.18666666666666668,0.0,0.7666666666666667,0.0,,
LRRC37A2,cell_fraction_0.5,300,Rod;Cone;Bipolar;RGC;Muller glia,Bipolar,Bipolar,300,0.5633333333333334,0.5633333333333334,0.0,0.0,0.16333333333333333,0.08,0.5633333333333334,0.18666666666666668,0.006666666666666667,,
LRWD1,cell_fraction_0.5,300,Rod;Cone;Bipolar;RGC;Muller glia,RGC,RGC,300,0.54,0.54,0.0,0.0,0.45666666666666667,0.0,0.0033333333333333335,0.54,0.0,,
LTBP2,cell_fraction_0.5,300,Rod;Cone;Bipolar;RGC;Muller glia,Bipolar,Bipolar,300,0.93,0.93,0.0,0.0,0.01,0.0,0.93,0.0,0.06,,
LTBP3,cell_fraction_0.5,300,Rod;Cone;Bipolar;RGC;Muller glia,Muller glia,Muller glia,300,0.99,0.99,0.0,0.0,0.0,0.0,0.0,0.01,0.99,,
MADD,cell_fraction_0.5,300,Rod;Cone;Bipolar;RGC;Muller glia,Cone,Cone,300,0.7933333333333333,0.7933333333333333,0.0,0.0,0.0,0.7933333333333333,0.0,0.20666666666666667,0.0,,
MAPT,cell_fraction_0.5,300,Rod;Cone;Bipolar;RGC;Muller glia,Bipolar,Bipolar,300,0.9966666666666667,0.9966666666666667,0.0,0.0,0.0,0.0,0.9966666666666667,0.0033333333333333335,0.0,,
MAPT-AS1,cell_fraction_0.5,300,Rod;Cone;Bipolar;RGC;Muller glia,Bipolar,Bipolar,300,1.0,1.0,0.0,0.0,0.0,0.0,1.0,0.0,0.0,,
ME3,cell_fraction_0.5,300,Rod;Cone;Bipolar;RGC;Muller glia,Bipolar,Bipolar,300,1.0,1.0,0.0,0.0,0.0,0.0,1.0,0.0,0.0,,
MOV10,cell_fraction_0.5,300,Rod;Cone;Bipolar;RGC;Muller glia,Muller glia,Muller glia,300,1.0,1.0,0.0,0.0,0.0,0.0,0.0,0.0,1.0,,
MRPL33,cell_fraction_0.5,300,Rod;Cone;Bipolar;RGC;Muller glia,Cone,Cone,300,0.5366666666666666,0.5366666666666666,0.0,0.0,0.0,0.5366666666666666,0.4633333333333333,0.0,0.0,,
MTCH2,cell_fraction_0.5,300,Rod;Cone;Bipolar;RGC;Muller glia,Cone,Cone,300,0.8833333333333333,0.8833333333333333,0.0,0.0,0.08333333333333333,0.8833333333333333,0.0,0.02666666666666667,0.006666666666666667,,
MVB12B,cell_fraction_0.5,300,Rod;Cone;Bipolar;RGC;Muller glia,RGC,RGC,300,0.7366666666666667,0.7366666666666667,0.0,0.0,0.0,0.0,0.016666666666666666,0.7366666666666667,0.24666666666666667,,
NEAT1,cell_fraction_0.5,300,Rod;Cone;Bipolar;RGC;Muller glia,Muller glia,Muller glia,300,0.6466666666666666,0.6466666666666666,0.0,0.0,0.0,0.0,0.0,0.35333333333333333,0.6466666666666666,,
NMT1,cell_fraction_0.5,300,Rod;Cone;Bipolar;RGC;Muller glia,Cone,Cone,300,0.95,0.95,0.0,0.0,0.04666666666666667,0.95,0.0,0.0033333333333333335,0.0,,
NPEPPS,cell_fraction_0.5,300,Rod;Cone;Bipolar;RGC;Muller glia,Cone,Cone,300,0.48333333333333334,0.48333333333333334,0.0,0.0,0.0,0.48333333333333334,0.37,0.14666666666666667,0.0,,
NRBP1,cell_fraction_0.5,300,Rod;Cone;Bipolar;RGC;Muller glia,RGC,RGC,300,0.6066666666666667,0.6066666666666667,0.0,0.0,0.36,0.03333333333333333,0.0,0.6066666666666667,0.0,,
NSF,cell_fraction_0.5,300,Rod;Cone;Bipolar;RGC;Muller glia,Cone,Cone,300,0.8266666666666667,0.8266666666666667,0.0,0.0,0.0,0.8266666666666667,0.013333333333333334,0.16,0.0,,
NUCB2,cell_fraction_0.5,300,Rod;Cone;Bipolar;RGC;Muller glia,Rod,Rod,300,1.0,1.0,0.0,0.0,1.0,0.0,0.0,0.0,0.0,,
NUDT7,cell_fraction_0.5,300,Rod;Cone;Bipolar;RGC;Muller glia,Muller glia,Muller glia,300,1.0,1.0,0.0,0.0,0.0,0.0,0.0,0.0,1.0,,
PDE6C,cell_fraction_0.5,300,Rod;Cone;Bipolar;RGC;Muller glia,Cone,Cone,300,1.0,1.0,0.0,0.0,0.0,1.0,0.0,0.0,0.0,,
PIBF1,cell_fraction_0.5,300,Rod;Cone;Bipolar;RGC;Muller glia,Rod,Rod,300,0.4066666666666667,0.4066666666666667,0.0,0.0,0.4066666666666667,0.01,0.04666666666666667,0.22,0.31666666666666665,,
PIGC,cell_fraction_0.5,300,Rod;Cone;Bipolar;RGC;Muller glia,RGC,RGC,300,0.9366666666666666,0.9366666666666666,0.0,0.0,0.04,0.0,0.023333333333333334,0.9366666666666666,0.0,,
PKIB,cell_fraction_0.5,300,Rod;Cone;Bipolar;RGC;Muller glia,Cone,Cone,300,0.9633333333333334,0.9633333333333334,0.0,0.0,0.03666666666666667,0.9633333333333334,0.0,0.0,0.0,,
PLCE1,cell_fraction_0.5,300,Rod;Cone;Bipolar;RGC;Muller glia,Muller glia,Muller glia,300,1.0,1.0,0.0,0.0,0.0,0.0,0.0,0.0,1.0,,
PLEKHA7,cell_fraction_0.5,300,Rod;Cone;Bipolar;RGC;Muller glia,Cone,Cone,300,0.9966666666666667,0.9966666666666667,0.0,0.0,0.0,0.9966666666666667,0.0,0.0,0.0033333333333333335,,
PLEKHM1,cell_fraction_0.5,300,Rod;Cone;Bipolar;RGC;Muller glia,Muller glia,Muller glia,300,0.5933333333333334,0.5933333333333334,0.0,0.0,0.043333333333333335,0.0,0.16666666666666666,0.19666666666666666,0.5933333333333334,,
PPP1R18,cell_fraction_0.5,300,Rod;Cone;Bipolar;RGC;Muller glia,Rod,Rod,300,0.87,0.87,0.0,0.0,0.87,0.13,0.0,0.0,0.0,,
PRKCE,cell_fraction_0.5,300,Rod;Cone;Bipolar;RGC;Muller glia,Bipolar,Bipolar,300,1.0,1.0,0.0,0.0,0.0,0.0,1.0,0.0,0.0,,
PRSS23,cell_fraction_0.5,300,Rod;Cone;Bipolar;RGC;Muller glia,Bipolar,Bipolar,300,1.0,1.0,0.0,0.0,0.0,0.0,1.0,0.0,0.0,,
RAPSN,cell_fraction_0.5,300,Rod;Cone;Bipolar;RGC;Muller glia,Muller glia,Muller glia,141,0.47,0.47,0.53,0.0,0.0,0.0,0.0,0.0,0.47,,
RERE,cell_fraction_0.5,300,Rod;Cone;Bipolar;RGC;Muller glia,Bipolar,Bipolar,300,0.6166666666666667,0.6166666666666667,0.0,0.0,0.0,0.12,0.6166666666666667,0.2633333333333333,0.0,,
RIC8B,cell_fraction_0.5,300,Rod;Cone;Bipolar;RGC;Muller glia,Rod,Rod,300,1.0,1.0,0.0,0.0,1.0,0.0,0.0,0.0,0.0,,
RORA,cell_fraction_0.5,300,Rod;Cone;Bipolar;RGC;Muller glia,Cone,Cone,300,1.0,1.0,0.0,0.0,0.0,1.0,0.0,0.0,0.0,,
RP11-217B7.2,cell_fraction_0.5,300,Rod;Cone;Bipolar;RGC;Muller glia,Rod,Rod,300,1.0,1.0,0.0,0.0,1.0,0.0,0.0,0.0,0.0,,
RP11-302L19.3,cell_fraction_0.5,300,Rod;Cone;Bipolar;RGC;Muller glia,Cone,Cone,221,0.51,0.51,0.2633333333333333,0.0,0.22666666666666666,0.51,0.0,0.0,0.0,,
RP11-403A3.3,cell_fraction_0.5,300,Rod;Cone;Bipolar;RGC;Muller glia,RGC,RGC,150,0.5,0.5,0.5,0.0,0.0,0.0,0.0,0.5,0.0,,
RP11-412D9.4,cell_fraction_0.5,300,Rod;Cone;Bipolar;RGC;Muller glia,Bipolar,Bipolar,300,0.88,0.88,0.0,0.0,0.11,0.01,0.88,0.0,0.0,,
RP11-507B12.2,cell_fraction_0.5,300,Rod;Cone;Bipolar;RGC;Muller glia,Muller glia,Muller glia,135,0.45,0.45,0.55,0.0,0.0,0.0,0.0,0.0,0.45,,
RP11-669E14.6,cell_fraction_0.5,300,Rod;Cone;Bipolar;RGC;Muller glia,RGC,RGC,300,0.47333333333333333,0.47333333333333333,0.0,0.0,0.02,0.023333333333333334,0.4266666666666667,0.47333333333333333,0.056666666666666664,,
RP11-755F10.1,cell_fraction_0.5,300,Rod;Cone;Bipolar;RGC;Muller glia,RGC,Cone,300,0.33,0.5333333333333333,0.0,0.0,0.08333333333333333,0.5333333333333333,0.05333333333333334,0.33,0.0,,
RP11-798G7.6,cell_fraction_0.5,300,Rod;Cone;Bipolar;RGC;Muller glia,Rod,Rod,300,0.6566666666666666,0.6566666666666666,0.0,0.0,0.6566666666666666,0.0,0.006666666666666667,0.0,0.33666666666666667,,
RP5-1115A15.1,cell_fraction_0.5,300,Rod;Cone;Bipolar;RGC;Muller glia,Rod,Rod,154,0.5133333333333333,0.5133333333333333,0.4866666666666667,0.0,0.5133333333333333,0.0,0.0,0.0,0.0,,
SCRN2,cell_fraction_0.5,300,Rod;Cone;Bipolar;RGC;Muller glia,Muller glia,Muller glia,300,0.9966666666666667,0.9966666666666667,0.0,0.0,0.0,0.0,0.0,0.0033333333333333335,0.9966666666666667,,
SEMA3E,cell_fraction_0.5,300,Rod;Cone;Bipolar;RGC;Muller glia,Bipolar,Bipolar,300,1.0,1.0,0.0,0.0,0.0,0.0,1.0,0.0,0.0,,
SEPT7,cell_fraction_0.5,300,Rod;Cone;Bipolar;RGC;Muller glia,RGC,RGC,300,1.0,1.0,0.0,0.0,0.0,0.0,0.0,1.0,0.0,,
SF3A3,cell_fraction_0.5,300,Rod;Cone;Bipolar;RGC;Muller glia,Bipolar,Bipolar,300,0.91,0.91,0.0,0.0,0.02,0.0,0.91,0.07,0.0,,
SFTA1P,cell_fraction_0.5,300,Rod;Cone;Bipolar;RGC;Muller glia,Muller glia,Muller glia,222,0.74,0.74,0.26,0.0,0.0,0.0,0.0,0.0,0.74,,
SGSM2,cell_fraction_0.5,300,Rod;Cone;Bipolar;RGC;Muller glia,Cone,Cone,300,0.5633333333333334,0.5633333333333334,0.0,0.0,0.0,0.5633333333333334,0.36666666666666664,0.07,0.0,,
SLC25A45,cell_fraction_0.5,300,Rod;Cone;Bipolar;RGC;Muller glia,RGC,Muller glia,300,0.31333333333333335,0.53,0.0,0.0,0.0,0.0,0.15666666666666668,0.31333333333333335,0.53,,
SLC39A13,cell_fraction_0.5,300,Rod;Cone;Bipolar;RGC;Muller glia,RGC,RGC,300,0.36666666666666664,0.36666666666666664,0.0,0.0,0.0,0.26,0.03,0.36666666666666664,0.3433333333333333,,
SMAD6,cell_fraction_0.5,300,Rod;Cone;Bipolar;RGC;Muller glia,Muller glia,Muller glia,300,1.0,1.0,0.0,0.0,0.0,0.0,0.0,0.0,1.0,,
TARID,cell_fraction_0.5,300,Rod;Cone;Bipolar;RGC;Muller glia,Cone,Cone,215,0.4633333333333333,0.4633333333333333,0.2833333333333333,0.0,0.0,0.4633333333333333,0.25333333333333335,0.0,0.0,,
TBC1D31,cell_fraction_0.5,300,Rod;Cone;Bipolar;RGC;Muller glia,RGC,RGC,300,0.3466666666666667,0.3466666666666667,0.0,0.0,0.11333333333333333,0.30666666666666664,0.09333333333333334,0.3466666666666667,0.14,,
TBKBP1,cell_fraction_0.5,300,Rod;Cone;Bipolar;RGC;Muller glia,Bipolar,Bipolar,300,0.6066666666666667,0.6066666666666667,0.0,0.0,0.0,0.013333333333333334,0.6066666666666667,0.38,0.0,,
TBPL1,cell_fraction_0.5,300,Rod;Cone;Bipolar;RGC;Muller glia,RGC,Bipolar,300,0.48,0.52,0.0,0.0,0.0,0.0,0.52,0.48,0.0,,
TGFB3,cell_fraction_0.5,300,Rod;Cone;Bipolar;RGC;Muller glia,Muller glia,Muller glia,300,0.8033333333333333,0.8033333333333333,0.0,0.0,0.19666666666666666,0.0,0.0,0.0,0.8033333333333333,,
THCAT158,cell_fraction_0.5,300,Rod;Cone;Bipolar;RGC;Muller glia,Muller glia,Muller glia,259,0.5133333333333333,0.5133333333333333,0.13666666666666666,0.0,0.35,0.0,0.0,0.0,0.5133333333333333,,
THSD7A,cell_fraction_0.5,300,Rod;Cone;Bipolar;RGC;Muller glia,Bipolar,Bipolar,300,1.0,1.0,0.0,0.0,0.0,0.0,1.0,0.0,0.0,,
TIGD3,cell_fraction_0.5,300,Rod;Cone;Bipolar;RGC;Muller glia,Bipolar,Bipolar,300,0.96,0.96,0.0,0.0,0.01,0.0,0.96,0.03,0.0,,
TMEM116,cell_fraction_0.5,300,Rod;Cone;Bipolar;RGC;Muller glia,Rod,Rod,300,0.8333333333333334,0.8333333333333334,0.0,0.0,0.8333333333333334,0.0,0.01,0.0,0.15666666666666668,,
TMEM136,cell_fraction_0.5,300,Rod;Cone;Bipolar;RGC;Muller glia,Rod,Rod,300,1.0,1.0,0.0,0.0,1.0,0.0,0.0,0.0,0.0,,
TMEM181,cell_fraction_0.5,300,Rod;Cone;Bipolar;RGC;Muller glia,RGC,RGC,300,0.5166666666666667,0.5166666666666667,0.0,0.0,0.016666666666666666,0.4166666666666667,0.04666666666666667,0.5166666666666667,0.0033333333333333335,,
TMEM263,cell_fraction_0.5,300,Rod;Cone;Bipolar;RGC;Muller glia,Muller glia,Muller glia,300,0.9833333333333333,0.9833333333333333,0.0,0.0,0.0,0.0,0.006666666666666667,0.01,0.9833333333333333,,
TRIM26,cell_fraction_0.5,300,Rod;Cone;Bipolar;RGC;Muller glia,Rod,Rod,300,0.9433333333333334,0.9433333333333334,0.0,0.0,0.9433333333333334,0.02,0.03333333333333333,0.0,0.0033333333333333335,,
TRIOBP,cell_fraction_0.5,300,Rod;Cone;Bipolar;RGC;Muller glia,Bipolar,Bipolar,300,0.5333333333333333,0.5333333333333333,0.0,0.0,0.0,0.0,0.5333333333333333,0.03333333333333333,0.43333333333333335,,
TSC22D2,cell_fraction_0.5,300,Rod;Cone;Bipolar;RGC;Muller glia,Muller glia,Muller glia,300,1.0,1.0,0.0,0.0,0.0,0.0,0.0,0.0,1.0,,
TTC28,cell_fraction_0.5,300,Rod;Cone;Bipolar;RGC;Muller glia,Bipolar,Bipolar,300,0.6766666666666666,0.6766666666666666,0.0,0.0,0.0,0.0,0.6766666666666666,0.31666666666666665,0.006666666666666667,,
TTLL5,cell_fraction_0.5,300,Rod;Cone;Bipolar;RGC;Muller glia,Rod,Rod,300,1.0,1.0,0.0,0.0,1.0,0.0,0.0,0.0,0.0,,
TXNRD2,cell_fraction_0.5,300,Rod;Cone;Bipolar;RGC;Muller glia,Bipolar,Bipolar,300,0.9366666666666666,0.9366666666666666,0.0,0.0,0.0,0.0,0.9366666666666666,0.03666666666666667,0.02666666666666667,,
UTP11,cell_fraction_0.5,300,Rod;Cone;Bipolar;RGC;Muller glia,RGC,RGC,300,0.44666666666666666,0.44666666666666666,0.0,0.0,0.12,0.26,0.17333333333333334,0.44666666666666666,0.0,,
VARS2,cell_fraction_0.5,300,Rod;Cone;Bipolar;RGC;Muller glia,Muller glia,Muller glia,300,0.8166666666666667,0.8166666666666667,0.0,0.0,0.023333333333333334,0.0,0.15,0.01,0.8166666666666667,,
VCAM1,cell_fraction_0.5,300,Rod;Cone;Bipolar;RGC;Muller glia,Muller glia,Muller glia,300,1.0,1.0,0.0,0.0,0.0,0.0,0.0,0.0,1.0,,
WLS,cell_fraction_0.5,300,Rod;Cone;Bipolar;RGC;Muller glia,Rod,Rod,300,0.9333333333333333,0.9333333333333333,0.0,0.0,0.9333333333333333,0.06666666666666667,0.0,0.0,0.0,,
WNT2B,cell_fraction_0.5,300,Rod;Cone;Bipolar;RGC;Muller glia,Muller glia,Muller glia,300,0.7533333333333333,0.7533333333333333,0.0,0.0,0.24333333333333335,0.0033333333333333335,0.0,0.0,0.7533333333333333,,
XXbac-BPG170G13.32,cell_fraction_0.5,300,Rod;Cone;Bipolar;RGC;Muller glia,Muller glia,Muller glia,145,0.48333333333333334,0.48333333333333334,0.5166666666666667,0.0,0.0,0.0,0.0,0.0,0.48333333333333334,,
YAP1,cell_fraction_0.5,300,Rod;Cone;Bipolar;RGC;Muller glia,Muller glia,Muller glia,300,1.0,1.0,0.0,0.0,0.0,0.0,0.0,0.0,1.0,,
YIF1A,cell_fraction_0.5,300,Rod;Cone;Bipolar;RGC;Muller glia,Muller glia,Muller glia,300,0.99,0.99,0.0,0.0,0.01,0.0,0.0,0.0,0.99,,
ZNF280D,cell_fraction_0.5,300,Rod;Cone;Bipolar;RGC;Muller glia,Bipolar,Bipolar,300,0.58,0.58,0.0,0.0,0.0,0.0,0.58,0.42,0.0,,
ZNF638,cell_fraction_0.5,300,Rod;Cone;Bipolar;RGC;Muller glia,RGC,RGC,300,0.5266666666666666,0.5266666666666666,0.0,0.0,0.0,0.0,0.47333333333333333,0.5266666666666666,0.0,,
DGKG,cell_fraction_0.75,300,Rod;Cone;Bipolar;RGC;Muller glia,Muller glia,Muller glia,300,1.0,1.0,0.0,0.0,0.0,0.0,0.0,0.0,1.0,,
SLC2A12,cell_fraction_0.75,300,Rod;Cone;Bipolar;RGC;Muller glia,Muller glia,Muller glia,300,1.0,1.0,0.0,0.0,0.0,0.0,0.0,0.0,1.0,,
COL8A2,cell_fraction_0.75,300,Rod;Cone;Bipolar;RGC;Muller glia,RGC,RGC,226,0.7533333333333333,0.7533333333333333,0.24666666666666667,0.0,0.0,0.0,0.0,0.7533333333333333,0.0,,
NPC2,cell_fraction_0.75,300,Rod;Cone;Bipolar;RGC;Muller glia,Muller glia,Muller glia,300,1.0,1.0,0.0,0.0,0.0,0.0,0.0,0.0,1.0,,
PSMC3,cell_fraction_0.75,300,Rod;Cone;Bipolar;RGC;Muller glia,RGC,RGC,300,0.67,0.67,0.0,0.0,0.0,0.013333333333333334,0.14,0.67,0.17666666666666667,,
RP11-466F5.8,cell_fraction_0.75,300,Rod;Cone;Bipolar;RGC;Muller glia,Rod,Rod,300,0.5466666666666666,0.5466666666666666,0.0,0.0,0.5466666666666666,0.4533333333333333,0.0,0.0,0.0,,
LPP,cell_fraction_0.75,300,Rod;Cone;Bipolar;RGC;Muller glia,Muller glia,Muller glia,300,1.0,1.0,0.0,0.0,0.0,0.0,0.0,0.0,1.0,,
RP11-121M22.1,cell_fraction_0.75,300,Rod;Cone;Bipolar;RGC;Muller glia,RGC,RGC,300,0.54,0.54,0.0,0.0,0.0033333333333333335,0.36333333333333334,0.0033333333333333335,0.54,0.09,,
ABO,cell_fraction_0.75,300,Rod;Cone;Bipolar;RGC;Muller glia,RGC,RGC,217,0.7233333333333334,0.7233333333333334,0.27666666666666667,0.0,0.0,0.0,0.0,0.7233333333333334,0.0,,
ADAMTS8,cell_fraction_0.75,300,Rod;Cone;Bipolar;RGC;Muller glia,RGC,RGC,294,0.7766666666666666,0.7766666666666666,0.02,0.0,0.023333333333333334,0.0,0.18,0.7766666666666666,0.0,,
CALD1,cell_fraction_0.75,300,Rod;Cone;Bipolar;RGC;Muller glia,Muller glia,Muller glia,300,1.0,1.0,0.0,0.0,0.0,0.0,0.0,0.0,1.0,,
CHEK2,cell_fraction_0.75,300,Rod;Cone;Bipolar;RGC;Muller glia,RGC,RGC,300,0.75,0.75,0.0,0.0,0.0,0.0,0.25,0.75,0.0,,
GAS7,cell_fraction_0.75,300,Rod;Cone;Bipolar;RGC;Muller glia,Cone,Cone,300,0.9233333333333333,0.9233333333333333,0.0,0.0,0.0,0.9233333333333333,0.0,0.07666666666666666,0.0,,
TCF12,cell_fraction_0.75,300,Rod;Cone;Bipolar;RGC;Muller glia,Muller glia,Muller glia,300,1.0,1.0,0.0,0.0,0.0,0.0,0.0,0.0,1.0,,
TMCO1,cell_fraction_0.75,300,Rod;Cone;Bipolar;RGC;Muller glia,Muller glia,Muller glia,300,1.0,1.0,0.0,0.0,0.0,0.0,0.0,0.0,1.0,,
TRIB2,cell_fraction_0.75,300,Rod;Cone;Bipolar;RGC;Muller glia,Muller glia,Muller glia,300,1.0,1.0,0.0,0.0,0.0,0.0,0.0,0.0,1.0,,
ACBD4,cell_fraction_0.75,300,Rod;Cone;Bipolar;RGC;Muller glia,Muller glia,Muller glia,300,0.9566666666666667,0.9566666666666667,0.0,0.0,0.006666666666666667,0.0,0.01,0.02666666666666667,0.9566666666666667,,
AFAP1,cell_fraction_0.75,300,Rod;Cone;Bipolar;RGC;Muller glia,Muller glia,Muller glia,300,0.9833333333333333,0.9833333333333333,0.0,0.0,0.0,0.0,0.0,0.016666666666666666,0.9833333333333333,,
ALDH2,cell_fraction_0.75,300,Rod;Cone;Bipolar;RGC;Muller glia,Muller glia,Muller glia,300,0.9933333333333333,0.9933333333333333,0.0,0.0,0.0,0.0,0.006666666666666667,0.0,0.9933333333333333,,
AP003068.23,cell_fraction_0.75,300,Rod;Cone;Bipolar;RGC;Muller glia,Rod,Rod,300,1.0,1.0,0.0,0.0,1.0,0.0,0.0,0.0,0.0,,
AP5B1,cell_fraction_0.75,300,Rod;Cone;Bipolar;RGC;Muller glia,Rod,Rod,300,0.97,0.97,0.0,0.0,0.97,0.03,0.0,0.0,0.0,,
AREL1,cell_fraction_0.75,300,Rod;Cone;Bipolar;RGC;Muller glia,RGC,RGC,300,0.7033333333333334,0.7033333333333334,0.0,0.0,0.0,0.0,0.28,0.7033333333333334,0.016666666666666666,,
ARHGAP27,cell_fraction_0.75,300,Rod;Cone;Bipolar;RGC;Muller glia,Bipolar,Bipolar,300,0.7066666666666667,0.7066666666666667,0.0,0.0,0.29,0.0,0.7066666666666667,0.0033333333333333335,0.0,,
ARHGEF12,cell_fraction_0.75,300,Rod;Cone;Bipolar;RGC;Muller glia,RGC,RGC,300,0.7633333333333333,0.7633333333333333,0.0,0.0,0.0,0.0,0.23666666666666666,0.7633333333333333,0.0,,
ARL17A,cell_fraction_0.75,300,Rod;Cone;Bipolar;RGC;Muller glia,RGC,RGC,300,0.5466666666666666,0.5466666666666666,0.0,0.0,0.39666666666666667,0.05333333333333334,0.0033333333333333335,0.5466666666666666,0.0,,
ATP5J,cell_fraction_0.75,300,Rod;Cone;Bipolar;RGC;Muller glia,Cone,Cone,300,1.0,1.0,0.0,0.0,0.0,1.0,0.0,0.0,0.0,,
BICC1,cell_fraction_0.75,300,Rod;Cone;Bipolar;RGC;Muller glia,Muller glia,Muller glia,300,1.0,1.0,0.0,0.0,0.0,0.0,0.0,0.0,1.0,,
BORA,cell_fraction_0.75,300,Rod;Cone;Bipolar;RGC;Muller glia,Bipolar,Bipolar,300,0.5833333333333334,0.5833333333333334,0.0,0.0,0.25333333333333335,0.016666666666666666,0.5833333333333334,0.0,0.14666666666666667,,
C1orf109,cell_fraction_0.75,300,Rod;Cone;Bipolar;RGC;Muller glia,RGC,RGC,300,0.68,0.68,0.0,0.0,0.09333333333333334,0.06666666666666667,0.16,0.68,0.0,,
C1orf122,cell_fraction_0.75,300,Rod;Cone;Bipolar;RGC;Muller glia,Cone,Cone,300,1.0,1.0,0.0,0.0,0.0,1.0,0.0,0.0,0.0,,
C22orf29,cell_fraction_0.75,300,Rod;Cone;Bipolar;RGC;Muller glia,RGC,RGC,300,0.7766666666666666,0.7766666666666666,0.0,0.0,0.0,0.006666666666666667,0.21666666666666667,0.7766666666666666,0.0,,
CADM1,cell_fraction_0.75,300,Rod;Cone;Bipolar;RGC;Muller glia,Bipolar,Bipolar,300,1.0,1.0,0.0,0.0,0.0,0.0,1.0,0.0,0.0,,
CADM2,cell_fraction_0.75,300,Rod;Cone;Bipolar;RGC;Muller glia,Rod,Rod,300,1.0,1.0,0.0,0.0,1.0,0.0,0.0,0.0,0.0,,
CAV2,cell_fraction_0.75,300,Rod;Cone;Bipolar;RGC;Muller glia,Muller glia,Muller glia,300,1.0,1.0,0.0,0.0,0.0,0.0,0.0,0.0,1.0,,
CCDC117,cell_fraction_0.75,300,Rod;Cone;Bipolar;RGC;Muller glia,RGC,RGC,300,0.9366666666666666,0.9366666666666666,0.0,0.0,0.03333333333333333,0.02,0.01,0.9366666666666666,0.0,,
CDC14A,cell_fraction_0.75,300,Rod;Cone;Bipolar;RGC;Muller glia,Muller glia,Muller glia,300,1.0,1.0,0.0,0.0,0.0,0.0,0.0,0.0,1.0,,
CDKN2A,cell_fraction_0.75,300,Rod;Cone;Bipolar;RGC;Muller glia,Bipolar,Bipolar,300,0.9866666666666667,0.9866666666666667,0.0,0.0,0.0,0.0,0.9866666666666667,0.0,0.013333333333333334,,
CDKN2B-AS1,cell_fraction_0.75,300,Rod;Cone;Bipolar;RGC;Muller glia,Cone,Cone,299,0.92,0.92,0.0033333333333333335,0.0,0.0,0.92,0.07666666666666666,0.0,0.0,,
CELF1,cell_fraction_0.75,300,Rod;Cone;Bipolar;RGC;Muller glia,RGC,RGC,300,0.62,0.62,0.0,0.0,0.0,0.0,0.38,0.62,0.0,,
CLIC5,cell_fraction_0.75,300,Rod;Cone;Bipolar;RGC;Muller glia,Muller glia,Muller glia,300,1.0,1.0,0.0,0.0,0.0,0.0,0.0,0.0,1.0,,
COL11A1,cell_fraction_0.75,300,Rod;Cone;Bipolar;RGC;Muller glia,Muller glia,Muller glia,300,1.0,1.0,0.0,0.0,0.0,0.0,0.0,0.0,1.0,,
CRHR1,cell_fraction_0.75,300,Rod;Cone;Bipolar;RGC;Muller glia,Bipolar,Bipolar,278,0.74,0.74,0.07333333333333333,0.0,0.18666666666666668,0.0,0.74,0.0,0.0,,
CTA-292E10.6,cell_fraction_0.75,300,Rod;Cone;Bipolar;RGC;Muller glia,Rod,Rod,300,1.0,1.0,0.0,0.0,1.0,0.0,0.0,0.0,0.0,,
CTD-2005H7.1,cell_fraction_0.75,300,Rod;Cone;Bipolar;RGC;Muller glia,Bipolar,Bipolar,300,1.0,1.0,0.0,0.0,0.0,0.0,1.0,0.0,0.0,,
CTD-2020K17.1,cell_fraction_0.75,300,Rod;Cone;Bipolar;RGC;Muller glia,RGC,RGC,300,0.9333333333333333,0.9333333333333333,0.0,0.0,0.0,0.0,0.0,0.9333333333333333,0.06666666666666667,,
CTD-2020K17.3,cell_fraction_0.75,300,Rod;Cone;Bipolar;RGC;Muller glia,RGC,RGC,300,0.9366666666666666,0.9366666666666666,0.0,0.0,0.0,0.0,0.06333333333333334,0.9366666666666666,0.0,,
CTTNBP2,cell_fraction_0.75,300,Rod;Cone;Bipolar;RGC;Muller glia,Muller glia,Muller glia,300,1.0,1.0,0.0,0.0,0.0,0.0,0.0,0.0,1.0,,
DYSF,cell_fraction_0.75,300,Rod;Cone;Bipolar;RGC;Muller glia,Bipolar,Bipolar,300,0.5766666666666667,0.5766666666666667,0.0,0.0,0.02666666666666667,0.0,0.5766666666666667,0.0,0.39666666666666667,,
EFCAB13,cell_fraction_0.75,300,Rod;Cone;Bipolar;RGC;Muller glia,RGC,RGC,300,0.7166666666666667,0.7166666666666667,0.0,0.0,0.0,0.0,0.2833333333333333,0.7166666666666667,0.0,,
EFEMP1,cell_fraction_0.75,300,Rod;Cone;Bipolar;RGC;Muller glia,Muller glia,Muller glia,300,1.0,1.0,0.0,0.0,0.0,0.0,0.0,0.0,1.0,,
EHBP1L1,cell_fraction_0.75,300,Rod;Cone;Bipolar;RGC;Muller glia,RGC,RGC,300,0.8133333333333334,0.8133333333333334,0.0,0.0,0.0,0.0,0.0,0.8133333333333334,0.18666666666666668,,
FAM215B,cell_fraction_0.75,300,Rod;Cone;Bipolar;RGC;Muller glia,Bipolar,Bipolar,300,0.88,0.88,0.0,0.0,0.0,0.0,0.88,0.12,0.0,,
FAM89B,cell_fraction_0.75,300,Rod;Cone;Bipolar;RGC;Muller glia,RGC,RGC,300,1.0,1.0,0.0,0.0,0.0,0.0,0.0,1.0,0.0,,
FHL3,cell_fraction_0.75,300,Rod;Cone;Bipolar;RGC;Muller glia,Muller glia,Muller glia,300,0.6866666666666666,0.6866666666666666,0.0,0.0,0.0,0.0,0.21,0.10333333333333333,0.6866666666666666,,
FLOT1,cell_fraction_0.75,300,Rod;Cone;Bipolar;RGC;Muller glia,RGC,RGC,300,1.0,1.0,0.0,0.0,0.0,0.0,0.0,1.0,0.0,,
FLVCR2,cell_fraction_0.75,300,Rod;Cone;Bipolar;RGC;Muller glia,Muller glia,Muller glia,297,0.6133333333333333,0.6133333333333333,0.01,0.0,0.013333333333333334,0.36333333333333334,0.0,0.0,0.6133333333333333,,
FMNL1,cell_fraction_0.75,300,Rod;Cone;Bipolar;RGC;Muller glia,RGC,RGC,300,0.8166666666666667,0.8166666666666667,0.0,0.0,0.0,0.0,0.18333333333333332,0.8166666666666667,0.0,,
FNDC4,cell_fraction_0.75,300,Rod;Cone;Bipolar;RGC;Muller glia,RGC,RGC,300,1.0,1.0,0.0,0.0,0.0,0.0,0.0,1.0,0.0,,
GCAT,cell_fraction_0.75,300,Rod;Cone;Bipolar;RGC;Muller glia,Muller glia,Muller glia,300,0.6266666666666667,0.6266666666666667,0.0,0.0,0.0,0.0,0.0033333333333333335,0.37,0.6266666666666667,,
GLIS1,cell_fraction_0.75,300,Rod;Cone;Bipolar;RGC;Muller glia,Muller glia,Muller glia,299,0.8266666666666667,0.8266666666666667,0.0033333333333333335,0.0,0.0,0.0,0.17,0.0,0.8266666666666667,,
H1F0,cell_fraction_0.75,300,Rod;Cone;Bipolar;RGC;Muller glia,Bipolar,Bipolar,300,1.0,1.0,0.0,0.0,0.0,0.0,1.0,0.0,0.0,,
HCG9,cell_fraction_0.75,300,Rod;Cone;Bipolar;RGC;Muller glia,RGC,RGC,290,0.7266666666666667,0.7266666666666667,0.03333333333333333,0.0,0.0,0.0,0.24,0.7266666666666667,0.0,,
HCP5B,cell_fraction_0.75,300,Rod;Cone;Bipolar;RGC;Muller glia,RGC,RGC,273,0.75,0.75,0.09,0.0,0.0,0.0,0.16,0.75,0.0,,
HECTD4,cell_fraction_0.75,300,Rod;Cone;Bipolar;RGC;Muller glia,RGC,RGC,300,0.99,0.99,0.0,0.0,0.0,0.01,0.0,0.99,0.0,,
HLA-A,cell_fraction_0.75,300,Rod;Cone;Bipolar;RGC;Muller glia,Muller glia,Muller glia,300,1.0,1.0,0.0,0.0,0.0,0.0,0.0,0.0,1.0,,
HLA-C,cell_fraction_0.75,300,Rod;Cone;Bipolar;RGC;Muller glia,Muller glia,Muller glia,300,1.0,1.0,0.0,0.0,0.0,0.0,0.0,0.0,1.0,,
HLA-F,cell_fraction_0.75,300,Rod;Cone;Bipolar;RGC;Muller glia,Muller glia,Muller glia,300,1.0,1.0,0.0,0.0,0.0,0.0,0.0,0.0,1.0,,
HLA-G,cell_fraction_0.75,300,Rod;Cone;Bipolar;RGC;Muller glia,Bipolar,Bipolar,299,0.7166666666666667,0.7166666666666667,0.0033333333333333335,0.0,0.28,0.0,0.7166666666666667,0.0,0.0,,
HSCB,cell_fraction_0.75,300,Rod;Cone;Bipolar;RGC;Muller glia,Muller glia,Muller glia,300,0.9733333333333334,0.9733333333333334,0.0,0.0,0.0,0.0,0.0,0.02666666666666667,0.9733333333333334,,
HTRA3,cell_fraction_0.75,300,Rod;Cone;Bipolar;RGC;Muller glia,Muller glia,Muller glia,230,0.7666666666666667,0.7666666666666667,0.23333333333333334,0.0,0.0,0.0,0.0,0.0,0.7666666666666667,,
IFT172,cell_fraction_0.75,300,Rod;Cone;Bipolar;RGC;Muller glia,Rod,Rod,300,0.8266666666666667,0.8266666666666667,0.0,0.0,0.8266666666666667,0.17333333333333334,0.0,0.0,0.0,,
INPP5B,cell_fraction_0.75,300,Rod;Cone;Bipolar;RGC;Muller glia,RGC,RGC,300,0.95,0.95,0.0,0.0,0.0,0.0,0.0,0.95,0.05,,
ITGB3,cell_fraction_0.75,300,Rod;Cone;Bipolar;RGC;Muller glia,,,0,,0.0,1.0,0.0,0.0,0.0,0.0,0.0,0.0,,
KANSL1,cell_fraction_0.75,300,Rod;Cone;Bipolar;RGC;Muller glia,RGC,RGC,300,0.79,0.79,0.0,0.0,0.0,0.0,0.21,0.79,0.0,,
KANSL1-AS1,cell_fraction_0.75,300,Rod;Cone;Bipolar;RGC;Muller glia,Rod,Rod,300,0.8366666666666667,0.8366666666666667,0.0,0.0,0.8366666666666667,0.0,0.0,0.15,0.013333333333333334,,
KHK,cell_fraction_0.75,300,Rod;Cone;Bipolar;RGC;Muller glia,RGC,RGC,300,0.9966666666666667,0.9966666666666667,0.0,0.0,0.0,0.0,0.0033333333333333335,0.9966666666666667,0.0,,
KLF5,cell_fraction_0.75,300,Rod;Cone;Bipolar;RGC;Muller glia,Rod,Rod,299,0.7933333333333333,0.7933333333333333,0.0033333333333333335,0.0,0.7933333333333333,0.0,0.20333333333333334,0.0,0.0,,
LHPP,cell_fraction_0.75,300,Rod;Cone;Bipolar;RGC;Muller glia,RGC,RGC,300,0.63,0.63,0.0,0.0,0.0,0.36666666666666664,0.0,0.63,0.0033333333333333335,,
LINC01948,cell_fraction_0.75,300,Rod;Cone;Bipolar;RGC;Muller glia,Bipolar,Bipolar,296,0.9866666666666667,0.9866666666666667,0.013333333333333334,0.0,0.0,0.0,0.9866666666666667,0.0,0.0,,
LMO4,cell_fraction_0.75,300,Rod;Cone;Bipolar;RGC;Muller glia,RGC,RGC,300,1.0,1.0,0.0,0.0,0.0,0.0,0.0,1.0,0.0,,
LMO7,cell_fraction_0.75,300,Rod;Cone;Bipolar;RGC;Muller glia,Rod,Rod,300,0.8033333333333333,0.8033333333333333,0.0,0.0,0.8033333333333333,0.19666666666666666,0.0,0.0,0.0,,
LOXL1,cell_fraction_0.75,300,Rod;Cone;Bipolar;RGC;Muller glia,RGC,RGC,300,0.96,0.96,0.0,0.0,0.0,0.0,0.0,0.96,0.04,,
LOXL1-AS1,cell_fraction_0.75,300,Rod;Cone;Bipolar;RGC;Muller glia,RGC,RGC,300,0.9833333333333333,0.9833333333333333,0.0,0.0,0.0,0.0,0.0,0.9833333333333333,0.016666666666666666,,
LRRC37A,cell_fraction_0.75,300,Rod;Cone;Bipolar;RGC;Muller glia,RGC,RGC,300,0.97,0.97,0.0,0.0,0.0,0.03,0.0,0.97,0.0,,
LRRC37A2,cell_fraction_0.75,300,Rod;Cone;Bipolar;RGC;Muller glia,Bipolar,Bipolar,300,0.7866666666666666,0.7866666666666666,0.0,0.0,0.07666666666666666,0.016666666666666666,0.7866666666666666,0.12,0.0,,
LRWD1,cell_fraction_0.75,300,Rod;Cone;Bipolar;RGC;Muller glia,RGC,RGC,300,0.6466666666666666,0.6466666666666666,0.0,0.0,0.35333333333333333,0.0,0.0,0.6466666666666666,0.0,,
LTBP2,cell_fraction_0.75,300,Rod;Cone;Bipolar;RGC;Muller glia,Bipolar,Bipolar,300,0.9933333333333333,0.9933333333333333,0.0,0.0,0.0,0.0,0.9933333333333333,0.0,0.006666666666666667,,
LTBP3,cell_fraction_0.75,300,Rod;Cone;Bipolar;RGC;Muller glia,Muller glia,Muller glia,300,1.0,1.0,0.0,0.0,0.0,0.0,0.0,0.0,1.0,,
MADD,cell_fraction_0.75,300,Rod;Cone;Bipolar;RGC;Muller glia,Cone,Cone,300,0.8833333333333333,0.8833333333333333,0.0,0.0,0.0,0.8833333333333333,0.0,0.11666666666666667,0.0,,
MAPT,cell_fraction_0.75,300,Rod;Cone;Bipolar;RGC;Muller glia,Bipolar,Bipolar,300,1.0,1.0,0.0,0.0,0.0,0.0,1.0,0.0,0.0,,
MAPT-AS1,cell_fraction_0.75,300,Rod;Cone;Bipolar;RGC;Muller glia,Bipolar,Bipolar,300,1.0,1.0,0.0,0.0,0.0,0.0,1.0,0.0,0.0,,
ME3,cell_fraction_0.75,300,Rod;Cone;Bipolar;RGC;Muller glia,Bipolar,Bipolar,300,1.0,1.0,0.0,0.0,0.0,0.0,1.0,0.0,0.0,,
MOV10,cell_fraction_0.75,300,Rod;Cone;Bipolar;RGC;Muller glia,Muller glia,Muller glia,300,1.0,1.0,0.0,0.0,0.0,0.0,0.0,0.0,1.0,,
MRPL33,cell_fraction_0.75,300,Rod;Cone;Bipolar;RGC;Muller glia,Cone,Cone,300,0.6033333333333334,0.6033333333333334,0.0,0.0,0.0,0.6033333333333334,0.39666666666666667,0.0,0.0,,
MTCH2,cell_fraction_0.75,300,Rod;Cone;Bipolar;RGC;Muller glia,Cone,Cone,300,0.98,0.98,0.0,0.0,0.02,0.98,0.0,0.0,0.0,,
MVB12B,cell_fraction_0.75,300,Rod;Cone;Bipolar;RGC;Muller glia,RGC,RGC,300,0.95,0.95,0.0,0.0,0.0,0.0,0.0,0.95,0.05,,
NEAT1,cell_fraction_0.75,300,Rod;Cone;Bipolar;RGC;Muller glia,Muller glia,Muller glia,300,0.6866666666666666,0.6866666666666666,0.0,0.0,0.0,0.0,0.0,0.31333333333333335,0.6866666666666666,,
NMT1,cell_fraction_0.75,300,Rod;Cone;Bipolar;RGC;Muller glia,Cone,Cone,300,0.9966666666666667,0.9966666666666667,0.0,0.0,0.0033333333333333335,0.9966666666666667,0.0,0.0,0.0,,
NPEPPS,cell_fraction_0.75,300,Rod;Cone;Bipolar;RGC;Muller glia,Cone,Cone,300,0.58,0.58,0.0,0.0,0.0,0.58,0.4,0.02,0.0,,
NRBP1,cell_fraction_0.75,300,Rod;Cone;Bipolar;RGC;Muller glia,RGC,RGC,300,0.8066666666666666,0.8066666666666666,0.0,0.0,0.19333333333333333,0.0,0.0,0.8066666666666666,0.0,,
NSF,cell_fraction_0.75,300,Rod;Cone;Bipolar;RGC;Muller glia,Cone,Cone,300,0.9433333333333334,0.9433333333333334,0.0,0.0,0.0,0.9433333333333334,0.0,0.056666666666666664,0.0,,
NUCB2,cell_fraction_0.75,300,Rod;Cone;Bipolar;RGC;Muller glia,Rod,Rod,300,1.0,1.0,0.0,0.0,1.0,0.0,0.0,0.0,0.0,,
NUDT7,cell_fraction_0.75,300,Rod;Cone;Bipolar;RGC;Muller glia,Muller glia,Muller glia,300,1.0,1.0,0.0,0.0,0.0,0.0,0.0,0.0,1.0,,
PDE6C,cell_fraction_0.75,300,Rod;Cone;Bipolar;RGC;Muller glia,Cone,Cone,300,1.0,1.0,0.0,0.0,0.0,1.0,0.0,0.0,0.0,,
PIBF1,cell_fraction_0.75,300,Rod;Cone;Bipolar;RGC;Muller glia,Rod,Rod,300,0.5966666666666667,0.5966666666666667,0.0,0.0,0.5966666666666667,0.0,0.0,0.19,0.21333333333333335,,
PIGC,cell_fraction_0.75,300,Rod;Cone;Bipolar;RGC;Muller glia,RGC,RGC,300,0.9966666666666667,0.9966666666666667,0.0,0.0,0.0033333333333333335,0.0,0.0,0.9966666666666667,0.0,,
PKIB,cell_fraction_0.75,300,Rod;Cone;Bipolar;RGC;Muller glia,Cone,Cone,300,1.0,1.0,0.0,0.0,0.0,1.0,0.0,0.0,0.0,,
PLCE1,cell_fraction_0.75,300,Rod;Cone;Bipolar;RGC;Muller glia,Muller glia,Muller glia,300,1.0,1.0,0.0,0.0,0.0,0.0,0.0,0.0,1.0,,
PLEKHA7,cell_fraction_0.75,300,Rod;Cone;Bipolar;RGC;Muller glia,Cone,Cone,300,1.0,1.0,0.0,0.0,0.0,1.0,0.0,0.0,0.0,,
PLEKHM1,cell_fraction_0.75,300,Rod;Cone;Bipolar;RGC;Muller glia,Muller glia,Muller glia,300,0.8366666666666667,0.8366666666666667,0.0,0.0,0.01,0.0,0.07666666666666666,0.07666666666666666,0.8366666666666667,,
PPP1R18,cell_fraction_0.75,300,Rod;Cone;Bipolar;RGC;Muller glia,Rod,Rod,300,0.97,0.97,0.0,0.0,0.97,0.03,0.0,0.0,0.0,,
PRKCE,cell_fraction_0.75,300,Rod;Cone;Bipolar;RGC;Muller glia,Bipolar,Bipolar,300,1.0,1.0,0.0,0.0,0.0,0.0,1.0,0.0,0.0,,
PRSS23,cell_fraction_0.75,300,Rod;Cone;Bipolar;RGC;Muller glia,Bipolar,Bipolar,300,1.0,1.0,0.0,0.0,0.0,0.0,1.0,0.0,0.0,,
RAPSN,cell_fraction_0.75,300,Rod;Cone;Bipolar;RGC;Muller glia,Muller glia,Muller glia,225,0.75,0.75,0.25,0.0,0.0,0.0,0.0,0.0,0.75,,
RERE,cell_fraction_0.75,300,Rod;Cone;Bipolar;RGC;Muller glia,Bipolar,Bipolar,300,0.7933333333333333,0.7933333333333333,0.0,0.0,0.0,0.02666666666666667,0.7933333333333333,0.18,0.0,,
RIC8B,cell_fraction_0.75,300,Rod;Cone;Bipolar;RGC;Muller glia,Rod,Rod,300,1.0,1.0,0.0,0.0,1.0,0.0,0.0,0.0,0.0,,
RORA,cell_fraction_0.75,300,Rod;Cone;Bipolar;RGC;Muller glia,Cone,Cone,300,1.0,1.0,0.0,0.0,0.0,1.0,0.0,0.0,0.0,,
RP11-217B7.2,cell_fraction_0.75,300,Rod;Cone;Bipolar;RGC;Muller glia,Rod,Rod,300,1.0,1.0,0.0,0.0,1.0,0.0,0.0,0.0,0.0,,
RP11-302L19.3,cell_fraction_0.75,300,Rod;Cone;Bipolar;RGC;Muller glia,Cone,Cone,282,0.7366666666666667,0.7366666666666667,0.06,0.0,0.20333333333333334,0.7366666666666667,0.0,0.0,0.0,,
RP11-403A3.3,cell_fraction_0.75,300,Rod;Cone;Bipolar;RGC;Muller glia,RGC,RGC,218,0.7266666666666667,0.7266666666666667,0.2733333333333333,0.0,0.0,0.0,0.0,0.7266666666666667,0.0,,
RP11-412D9.4,cell_fraction_0.75,300,Rod;Cone;Bipolar;RGC;Muller glia,Bipolar,Bipolar,300,1.0,1.0,0.0,0.0,0.0,0.0,1.0,0.0,0.0,,
RP11-507B12.2,cell_fraction_0.75,300,Rod;Cone;Bipolar;RGC;Muller glia,Muller glia,Muller glia,235,0.7833333333333333,0.7833333333333333,0.21666666666666667,0.0,0.0,0.0,0.0,0.0,0.7833333333333333,,
RP11-669E14.6,cell_fraction_0.75,300,Rod;Cone;Bipolar;RGC;Muller glia,RGC,RGC,300,0.6866666666666666,0.6866666666666666,0.0,0.0,0.006666666666666667,0.0,0.30666666666666664,0.6866666666666666,0.0,,
RP11-755F10.1,cell_fraction_0.75,300,Rod;Cone;Bipolar;RGC;Muller glia,RGC,RGC,300,0.6533333333333333,0.6533333333333333,0.0,0.0,0.013333333333333334,0.32666666666666666,0.006666666666666667,0.6533333333333333,0.0,,
RP11-798G7.6,cell_fraction_0.75,300,Rod;Cone;Bipolar;RGC;Muller glia,Rod,Rod,300,0.7366666666666667,0.7366666666666667,0.0,0.0,0.7366666666666667,0.0,0.0,0.0,0.2633333333333333,,
RP5-1115A15.1,cell_fraction_0.75,300,Rod;Cone;Bipolar;RGC;Muller glia,Rod,Rod,233,0.7766666666666666,0.7766666666666666,0.22333333333333333,0.0,0.7766666666666666,0.0,0.0,0.0,0.0,,
SCRN2,cell_fraction_0.75,300,Rod;Cone;Bipolar;RGC;Muller glia,Muller glia,Muller glia,300,1.0,1.0,0.0,0.0,0.0,0.0,0.0,0.0,1.0,,
SEMA3E,cell_fraction_0.75,300,Rod;Cone;Bipolar;RGC;Muller glia,Bipolar,Bipolar,300,1.0,1.0,0.0,0.0,0.0,0.0,1.0,0.0,0.0,,
SEPT7,cell_fraction_0.75,300,Rod;Cone;Bipolar;RGC;Muller glia,RGC,RGC,300,1.0,1.0,0.0,0.0,0.0,0.0,0.0,1.0,0.0,,
SF3A3,cell_fraction_0.75,300,Rod;Cone;Bipolar;RGC;Muller glia,Bipolar,Bipolar,300,0.9933333333333333,0.9933333333333333,0.0,0.0,0.0,0.0,0.9933333333333333,0.006666666666666667,0.0,,
SFTA1P,cell_fraction_0.75,300,Rod;Cone;Bipolar;RGC;Muller glia,Muller glia,Muller glia,279,0.93,0.93,0.07,0.0,0.0,0.0,0.0,0.0,0.93,,
SGSM2,cell_fraction_0.75,300,Rod;Cone;Bipolar;RGC;Muller glia,Cone,Cone,300,0.6166666666666667,0.6166666666666667,0.0,0.0,0.0,0.6166666666666667,0.37666666666666665,0.006666666666666667,0.0,,
SLC25A45,cell_fraction_0.75,300,Rod;Cone;Bipolar;RGC;Muller glia,RGC,RGC,300,0.55,0.55,0.0,0.0,0.0,0.0,0.04,0.55,0.41,,
SLC39A13,cell_fraction_0.75,300,Rod;Cone;Bipolar;RGC;Muller glia,RGC,RGC,300,0.43333333333333335,0.43333333333333335,0.0,0.0,0.0,0.16666666666666666,0.0033333333333333335,0.43333333333333335,0.39666666666666667,,
SMAD6,cell_fraction_0.75,300,Rod;Cone;Bipolar;RGC;Muller glia,Muller glia,Muller glia,300,1.0,1.0,0.0,0.0,0.0,0.0,0.0,0.0,1.0,,
TARID,cell_fraction_0.75,300,Rod;Cone;Bipolar;RGC;Muller glia,Cone,Cone,282,0.76,0.76,0.06,0.0,0.0,0.76,0.18,0.0,0.0,,
TBC1D31,cell_fraction_0.75,300,Rod;Cone;Bipolar;RGC;Muller glia,RGC,RGC,300,0.7033333333333334,0.7033333333333334,0.0,0.0,0.06,0.19,0.01,0.7033333333333334,0.03666666666666667,,
TBKBP1,cell_fraction_0.75,300,Rod;Cone;Bipolar;RGC;Muller glia,Bipolar,Bipolar,300,0.55,0.55,0.0,0.0,0.0,0.0,0.55,0.45,0.0,,
TBPL1,cell_fraction_0.75,300,Rod;Cone;Bipolar;RGC;Muller glia,RGC,RGC,300,0.5266666666666666,0.5266666666666666,0.0,0.0,0.0,0.0,0.47333333333333333,0.5266666666666666,0.0,,
TGFB3,cell_fraction_0.75,300,Rod;Cone;Bipolar;RGC;Muller glia,Muller glia,Muller glia,300,0.9333333333333333,0.9333333333333333,0.0,0.0,0.06666666666666667,0.0,0.0,0.0,0.9333333333333333,,
THCAT158,cell_fraction_0.75,300,Rod;Cone;Bipolar;RGC;Muller glia,Muller glia,Muller glia,297,0.73,0.73,0.01,0.0,0.26,0.0,0.0,0.0,0.73,,
THSD7A,cell_fraction_0.75,300,Rod;Cone;Bipolar;RGC;Muller glia,Bipolar,Bipolar,300,1.0,1.0,0.0,0.0,0.0,0.0,1.0,0.0,0.0,,
TIGD3,cell_fraction_0.75,300,Rod;Cone;Bipolar;RGC;Muller glia,Bipolar,Bipolar,300,1.0,1.0,0.0,0.0,0.0,0.0,1.0,0.0,0.0,,
TMEM116,cell_fraction_0.75,300,Rod;Cone;Bipolar;RGC;Muller glia,Rod,Rod,300,0.9833333333333333,0.9833333333333333,0.0,0.0,0.9833333333333333,0.0,0.0,0.0,0.016666666666666666,,
TMEM136,cell_fraction_0.75,300,Rod;Cone;Bipolar;RGC;Muller glia,Rod,Rod,300,1.0,1.0,0.0,0.0,1.0,0.0,0.0,0.0,0.0,,
TMEM181,cell_fraction_0.75,300,Rod;Cone;Bipolar;RGC;Muller glia,RGC,RGC,300,0.6533333333333333,0.6533333333333333,0.0,0.0,0.0,0.34,0.006666666666666667,0.6533333333333333,0.0,,
TMEM263,cell_fraction_0.75,300,Rod;Cone;Bipolar;RGC;Muller glia,Muller glia,Muller glia,300,1.0,1.0,0.0,0.0,0.0,0.0,0.0,0.0,1.0,,
TRIM26,cell_fraction_0.75,300,Rod;Cone;Bipolar;RGC;Muller glia,Rod,Rod,300,0.9966666666666667,0.9966666666666667,0.0,0.0,0.9966666666666667,0.0,0.0033333333333333335,0.0,0.0,,
TRIOBP,cell_fraction_0.75,300,Rod;Cone;Bipolar;RGC;Muller glia,Bipolar,Bipolar,300,0.54,0.54,0.0,0.0,0.0,0.0,0.54,0.0,0.46,,
TSC22D2,cell_fraction_0.75,300,Rod;Cone;Bipolar;RGC;Muller glia,Muller glia,Muller glia,300,1.0,1.0,0.0,0.0,0.0,0.0,0.0,0.0,1.0,,
TTC28,cell_fraction_0.75,300,Rod;Cone;Bipolar;RGC;Muller glia,Bipolar,Bipolar,300,0.8766666666666667,0.8766666666666667,0.0,0.0,0.0,0.0,0.8766666666666667,0.12333333333333334,0.0,,
TTLL5,cell_fraction_0.75,300,Rod;Cone;Bipolar;RGC;Muller glia,Rod,Rod,300,1.0,1.0,0.0,0.0,1.0,0.0,0.0,0.0,0.0,,
TXNRD2,cell_fraction_0.75,300,Rod;Cone;Bipolar;RGC;Muller glia,Bipolar,Bipolar,300,0.9966666666666667,0.9966666666666667,0.0,0.0,0.0,0.0,0.9966666666666667,0.0033333333333333335,0.0,,
UTP11,cell_fraction_0.75,300,Rod;Cone;Bipolar;RGC;Muller glia,RGC,RGC,300,0.6566666666666666,0.6566666666666666,0.0,0.0,0.06,0.19,0.09333333333333334,0.6566666666666666,0.0,,
VARS2,cell_fraction_0.75,300,Rod;Cone;Bipolar;RGC;Muller glia,Muller glia,Muller glia,300,0.96,0.96,0.0,0.0,0.0,0.0,0.04,0.0,0.96,,
VCAM1,cell_fraction_0.75,300,Rod;Cone;Bipolar;RGC;Muller glia,Muller glia,Muller glia,300,1.0,1.0,0.0,0.0,0.0,0.0,0.0,0.0,1.0,,
WLS,cell_fraction_0.75,300,Rod;Cone;Bipolar;RGC;Muller glia,Rod,Rod,300,0.9633333333333334,0.9633333333333334,0.0,0.0,0.9633333333333334,0.03666666666666667,0.0,0.0,0.0,,
WNT2B,cell_fraction_0.75,300,Rod;Cone;Bipolar;RGC;Muller glia,Muller glia,Muller glia,300,0.9,0.9,0.0,0.0,0.1,0.0,0.0,0.0,0.9,,
XXbac-BPG170G13.32,cell_fraction_0.75,300,Rod;Cone;Bipolar;RGC;Muller glia,Muller glia,Muller glia,227,0.7566666666666667,0.7566666666666667,0.24333333333333335,0.0,0.0,0.0,0.0,0.0,0.7566666666666667,,
YAP1,cell_fraction_0.75,300,Rod;Cone;Bipolar;RGC;Muller glia,Muller glia,Muller glia,300,1.0,1.0,0.0,0.0,0.0,0.0,0.0,0.0,1.0,,
YIF1A,cell_fraction_0.75,300,Rod;Cone;Bipolar;RGC;Muller glia,Muller glia,Muller glia,300,1.0,1.0,0.0,0.0,0.0,0.0,0.0,0.0,1.0,,
ZNF280D,cell_fraction_0.75,300,Rod;Cone;Bipolar;RGC;Muller glia,Bipolar,Bipolar,300,0.5733333333333334,0.5733333333333334,0.0,0.0,0.0,0.0,0.5733333333333334,0.4266666666666667,0.0,,
ZNF638,cell_fraction_0.75,300,Rod;Cone;Bipolar;RGC;Muller glia,RGC,RGC,300,0.6066666666666667,0.6066666666666667,0.0,0.0,0.0,0.0,0.3933333333333333,0.6066666666666667,0.0,,
DGKG,UMI_fraction_0.25,300,Rod;Cone;Bipolar;RGC;Muller glia,Muller glia,Muller glia,298,0.9266666666666666,0.9266666666666666,0.006666666666666667,0.0,0.0,0.0,0.0,0.06666666666666667,0.9266666666666666,,
SLC2A12,UMI_fraction_0.25,300,Rod;Cone;Bipolar;RGC;Muller glia,Muller glia,Muller glia,297,0.9433333333333334,0.9433333333333334,0.01,0.0,0.0033333333333333335,0.0,0.0,0.043333333333333335,0.9433333333333334,,
COL8A2,UMI_fraction_0.25,300,Rod;Cone;Bipolar;RGC;Muller glia,RGC,RGC,78,0.26,0.26,0.74,0.0,0.0,0.0,0.0,0.26,0.0,,
NPC2,UMI_fraction_0.25,300,Rod;Cone;Bipolar;RGC;Muller glia,Muller glia,Muller glia,300,1.0,1.0,0.0,0.0,0.0,0.0,0.0,0.0,1.0,,
PSMC3,UMI_fraction_0.25,300,Rod;Cone;Bipolar;RGC;Muller glia,RGC,RGC,300,0.4266666666666667,0.4266666666666667,0.0,0.0,0.0,0.11,0.23333333333333334,0.4266666666666667,0.23,,
RP11-466F5.8,UMI_fraction_0.25,300,Rod;Cone;Bipolar;RGC;Muller glia,Rod,Rod,300,0.8033333333333333,0.8033333333333333,0.0,0.0,0.8033333333333333,0.18333333333333332,0.0033333333333333335,0.01,0.0,,
LPP,UMI_fraction_0.25,300,Rod;Cone;Bipolar;RGC;Muller glia,Muller glia,Muller glia,300,0.8233333333333334,0.8233333333333334,0.0,0.0,0.0,0.043333333333333335,0.006666666666666667,0.12666666666666668,0.8233333333333334,,
RP11-121M22.1,UMI_fraction_0.25,300,Rod;Cone;Bipolar;RGC;Muller glia,RGC,Cone,300,0.22333333333333333,0.4066666666666667,0.0,0.0,0.08666666666666667,0.4066666666666667,0.14,0.22333333333333333,0.14333333333333334,,
ABO,UMI_fraction_0.25,300,Rod;Cone;Bipolar;RGC;Muller glia,RGC,RGC,74,0.24666666666666667,0.24666666666666667,0.7533333333333333,0.0,0.0,0.0,0.0,0.24666666666666667,0.0,,
ADAMTS8,UMI_fraction_0.25,300,Rod;Cone;Bipolar;RGC;Muller glia,RGC,RGC,176,0.24666666666666667,0.24666666666666667,0.41333333333333333,0.0,0.16333333333333333,0.0,0.17666666666666667,0.24666666666666667,0.0,,
CALD1,UMI_fraction_0.25,300,Rod;Cone;Bipolar;RGC;Muller glia,Muller glia,Muller glia,300,0.92,0.92,0.0,0.0,0.0,0.0,0.08,0.0,0.92,,
CHEK2,UMI_fraction_0.25,300,Rod;Cone;Bipolar;RGC;Muller glia,RGC,RGC,300,0.44333333333333336,0.44333333333333336,0.0,0.0,0.06666666666666667,0.0,0.36666666666666664,0.44333333333333336,0.12333333333333334,,
GAS7,UMI_fraction_0.25,300,Rod;Cone;Bipolar;RGC;Muller glia,Cone,Cone,300,0.7433333333333333,0.7433333333333333,0.0,0.0,0.0,0.7433333333333333,0.0,0.25666666666666665,0.0,,
TCF12,UMI_fraction_0.25,300,Rod;Cone;Bipolar;RGC;Muller glia,Muller glia,Muller glia,300,0.81,0.81,0.0,0.0,0.0,0.13666666666666666,0.0,0.05333333333333334,0.81,,
TMCO1,UMI_fraction_0.25,300,Rod;Cone;Bipolar;RGC;Muller glia,Muller glia,Muller glia,300,1.0,1.0,0.0,0.0,0.0,0.0,0.0,0.0,1.0,,
TRIB2,UMI_fraction_0.25,300,Rod;Cone;Bipolar;RGC;Muller glia,Muller glia,Muller glia,300,0.9533333333333334,0.9533333333333334,0.0,0.0,0.02,0.0,0.02666666666666667,0.0,0.9533333333333334,,
ACBD4,UMI_fraction_0.25,300,Rod;Cone;Bipolar;RGC;Muller glia,Muller glia,Muller glia,300,0.53,0.53,0.0,0.0,0.11,0.16,0.09666666666666666,0.10333333333333333,0.53,,
AFAP1,UMI_fraction_0.25,300,Rod;Cone;Bipolar;RGC;Muller glia,Muller glia,Muller glia,300,0.83,0.83,0.0,0.0,0.0,0.02666666666666667,0.023333333333333334,0.12,0.83,,
ALDH2,UMI_fraction_0.25,300,Rod;Cone;Bipolar;RGC;Muller glia,Muller glia,Muller glia,300,0.8266666666666667,0.8266666666666667,0.0,0.0,0.0,0.0,0.17333333333333334,0.0,0.8266666666666667,,
AP003068.23,UMI_fraction_0.25,300,Rod;Cone;Bipolar;RGC;Muller glia,Rod,Rod,300,0.8933333333333333,0.8933333333333333,0.0,0.0,0.8933333333333333,0.07,0.0,0.023333333333333334,0.013333333333333334,,
AP5B1,UMI_fraction_0.25,300,Rod;Cone;Bipolar;RGC;Muller glia,Rod,Rod,300,0.7566666666666667,0.7566666666666667,0.0,0.0,0.7566666666666667,0.12,0.02666666666666667,0.006666666666666667,0.09,,
AREL1,UMI_fraction_0.25,300,Rod;Cone;Bipolar;RGC;Muller glia,RGC,Bipolar,300,0.23333333333333334,0.5833333333333334,0.0,0.0,0.02,0.0033333333333333335,0.5833333333333334,0.23333333333333334,0.16,,
ARHGAP27,UMI_fraction_0.25,300,Rod;Cone;Bipolar;RGC;Muller glia,Bipolar,Bipolar,300,0.44333333333333336,0.44333333333333336,0.0,0.0,0.36333333333333334,0.04666666666666667,0.44333333333333336,0.13666666666666666,0.01,,
ARHGEF12,UMI_fraction_0.25,300,Rod;Cone;Bipolar;RGC;Muller glia,RGC,RGC,300,0.5433333333333333,0.5433333333333333,0.0,0.0,0.0,0.0,0.45666666666666667,0.5433333333333333,0.0,,
ARL17A,UMI_fraction_0.25,300,Rod;Cone;Bipolar;RGC;Muller glia,RGC,Rod,300,0.30333333333333334,0.3933333333333333,0.0,0.0,0.3933333333333333,0.19,0.11,0.30333333333333334,0.0033333333333333335,,
ATP5J,UMI_fraction_0.25,300,Rod;Cone;Bipolar;RGC;Muller glia,Cone,Cone,300,1.0,1.0,0.0,0.0,0.0,1.0,0.0,0.0,0.0,,
BICC1,UMI_fraction_0.25,300,Rod;Cone;Bipolar;RGC;Muller glia,Muller glia,Muller glia,300,0.99,0.99,0.0,0.0,0.0,0.0,0.0,0.01,0.99,,
BORA,UMI_fraction_0.25,300,Rod;Cone;Bipolar;RGC;Muller glia,Bipolar,Bipolar,300,0.36,0.36,0.0,0.0,0.3566666666666667,0.18,0.36,0.0,0.10333333333333333,,
C1orf109,UMI_fraction_0.25,300,Rod;Cone;Bipolar;RGC;Muller glia,RGC,RGC,300,0.29333333333333333,0.29333333333333333,0.0,0.0,0.24666666666666667,0.19,0.24333333333333335,0.29333333333333333,0.02666666666666667,,
C1orf122,UMI_fraction_0.25,300,Rod;Cone;Bipolar;RGC;Muller glia,Cone,Cone,300,0.9933333333333333,0.9933333333333333,0.0,0.0,0.0,0.9933333333333333,0.006666666666666667,0.0,0.0,,
C22orf29,UMI_fraction_0.25,300,Rod;Cone;Bipolar;RGC;Muller glia,RGC,Bipolar,300,0.39,0.44666666666666666,0.0,0.0,0.0,0.15666666666666668,0.44666666666666666,0.39,0.006666666666666667,,
CADM1,UMI_fraction_0.25,300,Rod;Cone;Bipolar;RGC;Muller glia,Bipolar,Bipolar,300,1.0,1.0,0.0,0.0,0.0,0.0,1.0,0.0,0.0,,
CADM2,UMI_fraction_0.25,300,Rod;Cone;Bipolar;RGC;Muller glia,Rod,Rod,300,1.0,1.0,0.0,0.0,1.0,0.0,0.0,0.0,0.0,,
CAV2,UMI_fraction_0.25,300,Rod;Cone;Bipolar;RGC;Muller glia,Muller glia,Muller glia,300,1.0,1.0,0.0,0.0,0.0,0.0,0.0,0.0,1.0,,
CCDC117,UMI_fraction_0.25,300,Rod;Cone;Bipolar;RGC;Muller glia,RGC,RGC,300,0.35,0.35,0.0,0.0,0.30666666666666664,0.19,0.11333333333333333,0.35,0.04,,
CDC14A,UMI_fraction_0.25,300,Rod;Cone;Bipolar;RGC;Muller glia,Muller glia,Muller glia,300,0.9433333333333334,0.9433333333333334,0.0,0.0,0.0,0.05333333333333334,0.0,0.0033333333333333335,0.9433333333333334,,
CDKN2A,UMI_fraction_0.25,300,Rod;Cone;Bipolar;RGC;Muller glia,Bipolar,Bipolar,295,0.7966666666666666,0.7966666666666666,0.016666666666666666,0.0,0.0,0.0,0.7966666666666666,0.0,0.18666666666666668,,
CDKN2B-AS1,UMI_fraction_0.25,300,Rod;Cone;Bipolar;RGC;Muller glia,Cone,Cone,226,0.4533333333333333,0.4533333333333333,0.24666666666666667,0.0,0.07333333333333333,0.4533333333333333,0.22666666666666666,0.0,0.0,,
CELF1,UMI_fraction_0.25,300,Rod;Cone;Bipolar;RGC;Muller glia,RGC,Bipolar,300,0.43666666666666665,0.5466666666666666,0.0,0.0,0.0,0.006666666666666667,0.5466666666666666,0.43666666666666665,0.01,,
CLIC5,UMI_fraction_0.25,300,Rod;Cone;Bipolar;RGC;Muller glia,Muller glia,Muller glia,300,1.0,1.0,0.0,0.0,0.0,0.0,0.0,0.0,1.0,,
COL11A1,UMI_fraction_0.25,300,Rod;Cone;Bipolar;RGC;Muller glia,Muller glia,Muller glia,300,0.8733333333333333,0.8733333333333333,0.0,0.0,0.0,0.0,0.0,0.12666666666666668,0.8733333333333333,,
CRHR1,UMI_fraction_0.25,300,Rod;Cone;Bipolar;RGC;Muller glia,Bipolar,Bipolar,118,0.25333333333333335,0.25333333333333335,0.6066666666666667,0.0,0.14,0.0,0.25333333333333335,0.0,0.0,,
CTA-292E10.6,UMI_fraction_0.25,300,Rod;Cone;Bipolar;RGC;Muller glia,Rod,Rod,300,0.9966666666666667,0.9966666666666667,0.0,0.0,0.9966666666666667,0.0,0.0033333333333333335,0.0,0.0,,
CTD-2005H7.1,UMI_fraction_0.25,300,Rod;Cone;Bipolar;RGC;Muller glia,Bipolar,Bipolar,285,0.7733333333333333,0.7733333333333333,0.05,0.0,0.06333333333333334,0.0,0.7733333333333333,0.0,0.11333333333333333,,
CTD-2020K17.1,UMI_fraction_0.25,300,Rod;Cone;Bipolar;RGC;Muller glia,RGC,RGC,300,0.58,0.58,0.0,0.0,0.12333333333333334,0.0,0.07333333333333333,0.58,0.22333333333333333,,
CTD-2020K17.3,UMI_fraction_0.25,300,Rod;Cone;Bipolar;RGC;Muller glia,RGC,RGC,300,0.5333333333333333,0.5333333333333333,0.0,0.0,0.0,0.0,0.4666666666666667,0.5333333333333333,0.0,,
CTTNBP2,UMI_fraction_0.25,300,Rod;Cone;Bipolar;RGC;Muller glia,Muller glia,Muller glia,300,0.9433333333333334,0.9433333333333334,0.0,0.0,0.0,0.0,0.0,0.056666666666666664,0.9433333333333334,,
DYSF,UMI_fraction_0.25,300,Rod;Cone;Bipolar;RGC;Muller glia,Bipolar,Bipolar,295,0.48333333333333334,0.48333333333333334,0.016666666666666666,0.0,0.30666666666666664,0.0,0.48333333333333334,0.0,0.19333333333333333,,
EFCAB13,UMI_fraction_0.25,300,Rod;Cone;Bipolar;RGC;Muller glia,RGC,Bipolar,300,0.2733333333333333,0.5733333333333334,0.0,0.0,0.05,0.006666666666666667,0.5733333333333334,0.2733333333333333,0.09666666666666666,,
EFEMP1,UMI_fraction_0.25,300,Rod;Cone;Bipolar;RGC;Muller glia,Muller glia,Muller glia,300,1.0,1.0,0.0,0.0,0.0,0.0,0.0,0.0,1.0,,
EHBP1L1,UMI_fraction_0.25,300,Rod;Cone;Bipolar;RGC;Muller glia,RGC,RGC,291,0.6233333333333333,0.6233333333333333,0.03,0.0,0.016666666666666666,0.0,0.06333333333333334,0.6233333333333333,0.26666666666666666,,
FAM215B,UMI_fraction_0.25,300,Rod;Cone;Bipolar;RGC;Muller glia,Bipolar,Bipolar,300,0.65,0.65,0.0,0.0,0.0033333333333333335,0.016666666666666666,0.65,0.22666666666666666,0.10333333333333333,,
FAM89B,UMI_fraction_0.25,300,Rod;Cone;Bipolar;RGC;Muller glia,RGC,RGC,300,0.95,0.95,0.0,0.0,0.006666666666666667,0.0,0.043333333333333335,0.95,0.0,,
FHL3,UMI_fraction_0.25,300,Rod;Cone;Bipolar;RGC;Muller glia,Muller glia,Muller glia,284,0.37666666666666665,0.37666666666666665,0.05333333333333334,0.0,0.0,0.08666666666666667,0.32666666666666666,0.15666666666666668,0.37666666666666665,,
FLOT1,UMI_fraction_0.25,300,Rod;Cone;Bipolar;RGC;Muller glia,RGC,RGC,300,0.9866666666666667,0.9866666666666667,0.0,0.0,0.0,0.0,0.0,0.9866666666666667,0.013333333333333334,,
FLVCR2,UMI_fraction_0.25,300,Rod;Cone;Bipolar;RGC;Muller glia,Muller glia,Muller glia,194,0.3433333333333333,0.3433333333333333,0.35333333333333333,0.0,0.10333333333333333,0.2,0.0,0.0,0.3433333333333333,,
FMNL1,UMI_fraction_0.25,300,Rod;Cone;Bipolar;RGC;Muller glia,RGC,Bipolar,300,0.4166666666666667,0.55,0.0,0.0,0.0033333333333333335,0.0,0.55,0.4166666666666667,0.03,,
FNDC4,UMI_fraction_0.25,300,Rod;Cone;Bipolar;RGC;Muller glia,RGC,RGC,300,0.9033333333333333,0.9033333333333333,0.0,0.0,0.0,0.03333333333333333,0.02666666666666667,0.9033333333333333,0.03666666666666667,,
GCAT,UMI_fraction_0.25,300,Rod;Cone;Bipolar;RGC;Muller glia,Muller glia,Muller glia,300,0.5766666666666667,0.5766666666666667,0.0,0.0,0.0,0.0,0.19666666666666666,0.22666666666666666,0.5766666666666667,,
GLIS1,UMI_fraction_0.25,300,Rod;Cone;Bipolar;RGC;Muller glia,Muller glia,Muller glia,239,0.43333333333333335,0.43333333333333335,0.20333333333333334,0.0,0.0,0.0,0.36333333333333334,0.0,0.43333333333333335,,
H1F0,UMI_fraction_0.25,300,Rod;Cone;Bipolar;RGC;Muller glia,Bipolar,Bipolar,300,0.9966666666666667,0.9966666666666667,0.0,0.0,0.0,0.0,0.9966666666666667,0.0033333333333333335,0.0,,
HCG9,UMI_fraction_0.25,300,Rod;Cone;Bipolar;RGC;Muller glia,RGC,Bipolar,179,0.2866666666666667,0.31,0.4033333333333333,0.0,0.0,0.0,0.31,0.2866666666666667,0.0,,
HCP5B,UMI_fraction_0.25,300,Rod;Cone;Bipolar;RGC;Muller glia,RGC,RGC,116,0.21,0.21,0.6133333333333333,0.0,0.0,0.0,0.17666666666666667,0.21,0.0,,
HECTD4,UMI_fraction_0.25,300,Rod;Cone;Bipolar;RGC;Muller glia,RGC,RGC,300,0.7466666666666667,0.7466666666666667,0.0,0.0,0.0,0.23,0.023333333333333334,0.7466666666666667,0.0,,
HLA-A,UMI_fraction_0.25,300,Rod;Cone;Bipolar;RGC;Muller glia,Muller glia,Muller glia,300,0.9133333333333333,0.9133333333333333,0.0,0.0,0.0,0.0,0.0,0.08666666666666667,0.9133333333333333,,
HLA-C,UMI_fraction_0.25,300,Rod;Cone;Bipolar;RGC;Muller glia,Muller glia,Muller glia,300,1.0,1.0,0.0,0.0,0.0,0.0,0.0,0.0,1.0,,
HLA-F,UMI_fraction_0.25,300,Rod;Cone;Bipolar;RGC;Muller glia,Muller glia,Muller glia,300,0.82,0.82,0.0,0.0,0.03333333333333333,0.0,0.03666666666666667,0.11,0.82,,
HLA-G,UMI_fraction_0.25,300,Rod;Cone;Bipolar;RGC;Muller glia,Bipolar,Bipolar,198,0.3466666666666667,0.3466666666666667,0.34,0.0,0.31333333333333335,0.0,0.3466666666666667,0.0,0.0,,
HSCB,UMI_fraction_0.25,300,Rod;Cone;Bipolar;RGC;Muller glia,Muller glia,Muller glia,300,0.76,0.76,0.0,0.0,0.043333333333333335,0.0,0.07666666666666666,0.12,0.76,,
HTRA3,UMI_fraction_0.25,300,Rod;Cone;Bipolar;RGC;Muller glia,Muller glia,Muller glia,63,0.21,0.21,0.79,0.0,0.0,0.0,0.0,0.0,0.21,,
IFT172,UMI_fraction_0.25,300,Rod;Cone;Bipolar;RGC;Muller glia,Rod,Rod,300,0.67,0.67,0.0,0.0,0.67,0.33,0.0,0.0,0.0,,
INPP5B,UMI_fraction_0.25,300,Rod;Cone;Bipolar;RGC;Muller glia,RGC,RGC,300,0.5333333333333333,0.5333333333333333,0.0,0.0,0.14333333333333334,0.0,0.13666666666666666,0.5333333333333333,0.18666666666666668,,
ITGB3,UMI_fraction_0.25,300,Rod;Cone;Bipolar;RGC;Muller glia,,,0,,0.0,1.0,0.0,0.0,0.0,0.0,0.0,0.0,,
KANSL1,UMI_fraction_0.25,300,Rod;Cone;Bipolar;RGC;Muller glia,RGC,RGC,300,0.56,0.56,0.0,0.0,0.02666666666666667,0.03,0.38333333333333336,0.56,0.0,,
KANSL1-AS1,UMI_fraction_0.25,300,Rod;Cone;Bipolar;RGC;Muller glia,Rod,Rod,300,0.5833333333333334,0.5833333333333334,0.0,0.0,0.5833333333333334,0.0,0.1,0.14666666666666667,0.17,,
KHK,UMI_fraction_0.25,300,Rod;Cone;Bipolar;RGC;Muller glia,RGC,RGC,300,0.6166666666666667,0.6166666666666667,0.0,0.0,0.0,0.0,0.26,0.6166666666666667,0.12333333333333334,,
KLF5,UMI_fraction_0.25,300,Rod;Cone;Bipolar;RGC;Muller glia,Rod,Rod,199,0.47333333333333333,0.47333333333333333,0.33666666666666667,0.0,0.47333333333333333,0.0,0.19,0.0,0.0,,
LHPP,UMI_fraction_0.25,300,Rod;Cone;Bipolar;RGC;Muller glia,RGC,Cone,300,0.36,0.37,0.0,0.0,0.05333333333333334,0.37,0.07,0.36,0.14666666666666667,,
LINC01948,UMI_fraction_0.25,300,Rod;Cone;Bipolar;RGC;Muller glia,Bipolar,Bipolar,188,0.6266666666666667,0.6266666666666667,0.37333333333333335,0.0,0.0,0.0,0.6266666666666667,0.0,0.0,,
LMO4,UMI_fraction_0.25,300,Rod;Cone;Bipolar;RGC;Muller glia,RGC,RGC,300,1.0,1.0,0.0,0.0,0.0,0.0,0.0,1.0,0.0,,
LMO7,UMI_fraction_0.25,300,Rod;Cone;Bipolar;RGC;Muller glia,Rod,Rod,300,0.5833333333333334,0.5833333333333334,0.0,0.0,0.5833333333333334,0.23,0.05333333333333334,0.04,0.09333333333333334,,
LOXL1,UMI_fraction_0.25,300,Rod;Cone;Bipolar;RGC;Muller glia,RGC,RGC,300,0.6033333333333334,0.6033333333333334,0.0,0.0,0.0,0.0,0.0,0.6033333333333334,0.39666666666666667,,
LOXL1-AS1,UMI_fraction_0.25,300,Rod;Cone;Bipolar;RGC;Muller glia,RGC,RGC,296,0.7333333333333333,0.7333333333333333,0.013333333333333334,0.0,0.02,0.0,0.0,0.7333333333333333,0.23333333333333334,,
LRRC37A,UMI_fraction_0.25,300,Rod;Cone;Bipolar;RGC;Muller glia,RGC,RGC,300,0.5166666666666667,0.5166666666666667,0.0,0.0,0.16666666666666666,0.2833333333333333,0.03333333333333333,0.5166666666666667,0.0,,
LRRC37A2,UMI_fraction_0.25,300,Rod;Cone;Bipolar;RGC;Muller glia,Bipolar,Bipolar,300,0.46,0.46,0.0,0.0,0.23333333333333334,0.21,0.46,0.07333333333333333,0.023333333333333334,,
LRWD1,UMI_fraction_0.25,300,Rod;Cone;Bipolar;RGC;Muller glia,RGC,Rod,300,0.27666666666666667,0.58,0.0,0.0,0.58,0.08666666666666667,0.056666666666666664,0.27666666666666667,0.0,,
LTBP2,UMI_fraction_0.25,300,Rod;Cone;Bipolar;RGC;Muller glia,Bipolar,Bipolar,300,0.75,0.75,0.0,0.0,0.09,0.03333333333333333,0.75,0.0,0.12666666666666668,,
LTBP3,UMI_fraction_0.25,300,Rod;Cone;Bipolar;RGC;Muller glia,Muller glia,Muller glia,300,0.9133333333333333,0.9133333333333333,0.0,0.0,0.0,0.0,0.016666666666666666,0.07,0.9133333333333333,,
MADD,UMI_fraction_0.25,300,Rod;Cone;Bipolar;RGC;Muller glia,Cone,Cone,300,0.6366666666666667,0.6366666666666667,0.0,0.0,0.02666666666666667,0.6366666666666667,0.01,0.32666666666666666,0.0,,
MAPT,UMI_fraction_0.25,300,Rod;Cone;Bipolar;RGC;Muller glia,Bipolar,Bipolar,300,0.8933333333333333,0.8933333333333333,0.0,0.0,0.0,0.0,0.8933333333333333,0.10666666666666667,0.0,,
MAPT-AS1,UMI_fraction_0.25,300,Rod;Cone;Bipolar;RGC;Muller glia,Bipolar,Bipolar,300,0.95,0.95,0.0,0.0,0.0,0.0,0.95,0.0,0.05,,
ME3,UMI_fraction_0.25,300,Rod;Cone;Bipolar;RGC;Muller glia,Bipolar,Bipolar,300,1.0,1.0,0.0,0.0,0.0,0.0,1.0,0.0,0.0,,
MOV10,UMI_fraction_0.25,300,Rod;Cone;Bipolar;RGC;Muller glia,Muller glia,Muller glia,300,0.9366666666666666,0.9366666666666666,0.0,0.0,0.0,0.0,0.0,0.06333333333333334,0.9366666666666666,,
MRPL33,UMI_fraction_0.25,300,Rod;Cone;Bipolar;RGC;Muller glia,Cone,Cone,300,0.5266666666666666,0.5266666666666666,0.0,0.0,0.0,0.5266666666666666,0.4666666666666667,0.006666666666666667,0.0,,
MTCH2,UMI_fraction_0.25,300,Rod;Cone;Bipolar;RGC;Muller glia,Cone,Cone,300,0.72,0.72,0.0,0.0,0.17,0.72,0.01,0.07666666666666666,0.023333333333333334,,
MVB12B,UMI_fraction_0.25,300,Rod;Cone;Bipolar;RGC;Muller glia,RGC,RGC,300,0.5066666666666667,0.5066666666666667,0.0,0.0,0.02,0.0,0.08,0.5066666666666667,0.3933333333333333,,
NEAT1,UMI_fraction_0.25,300,Rod;Cone;Bipolar;RGC;Muller glia,Muller glia,Muller glia,300,0.64,0.64,0.0,0.0,0.0,0.0,0.0,0.36,0.64,,
NMT1,UMI_fraction_0.25,300,Rod;Cone;Bipolar;RGC;Muller glia,Cone,Cone,300,0.71,0.71,0.0,0.0,0.21,0.71,0.0,0.08,0.0,,
NPEPPS,UMI_fraction_0.25,300,Rod;Cone;Bipolar;RGC;Muller glia,Cone,Cone,300,0.4066666666666667,0.4066666666666667,0.0,0.0,0.0,0.4066666666666667,0.39,0.20333333333333334,0.0,,
NRBP1,UMI_fraction_0.25,300,Rod;Cone;Bipolar;RGC;Muller glia,RGC,RGC,300,0.4866666666666667,0.4866666666666667,0.0,0.0,0.38666666666666666,0.08333333333333333,0.023333333333333334,0.4866666666666667,0.02,,
NSF,UMI_fraction_0.25,300,Rod;Cone;Bipolar;RGC;Muller glia,Cone,Cone,300,0.7233333333333334,0.7233333333333334,0.0,0.0,0.0,0.7233333333333334,0.04,0.23666666666666666,0.0,,
NUCB2,UMI_fraction_0.25,300,Rod;Cone;Bipolar;RGC;Muller glia,Rod,Rod,300,0.9766666666666667,0.9766666666666667,0.0,0.0,0.9766666666666667,0.0033333333333333335,0.0,0.006666666666666667,0.013333333333333334,,
NUDT7,UMI_fraction_0.25,300,Rod;Cone;Bipolar;RGC;Muller glia,Muller glia,Muller glia,300,0.9966666666666667,0.9966666666666667,0.0,0.0,0.0033333333333333335,0.0,0.0,0.0,0.9966666666666667,,
PDE6C,UMI_fraction_0.25,300,Rod;Cone;Bipolar;RGC;Muller glia,Cone,Cone,300,1.0,1.0,0.0,0.0,0.0,1.0,0.0,0.0,0.0,,
PIBF1,UMI_fraction_0.25,300,Rod;Cone;Bipolar;RGC;Muller glia,Rod,Rod,300,0.3566666666666667,0.3566666666666667,0.0,0.0,0.3566666666666667,0.07333333333333333,0.11666666666666667,0.20333333333333334,0.25,,
PIGC,UMI_fraction_0.25,300,Rod;Cone;Bipolar;RGC;Muller glia,RGC,RGC,300,0.7366666666666667,0.7366666666666667,0.0,0.0,0.14666666666666667,0.02666666666666667,0.06,0.7366666666666667,0.03,,
PKIB,UMI_fraction_0.25,300,Rod;Cone;Bipolar;RGC;Muller glia,Cone,Cone,300,0.8233333333333334,0.8233333333333334,0.0,0.0,0.17666666666666667,0.8233333333333334,0.0,0.0,0.0,,
PLCE1,UMI_fraction_0.25,300,Rod;Cone;Bipolar;RGC;Muller glia,Muller glia,Muller glia,300,1.0,1.0,0.0,0.0,0.0,0.0,0.0,0.0,1.0,,
PLEKHA7,UMI_fraction_0.25,300,Rod;Cone;Bipolar;RGC;Muller glia,Cone,Cone,300,0.9133333333333333,0.9133333333333333,0.0,0.0,0.03,0.9133333333333333,0.0,0.0,0.056666666666666664,,
PLEKHM1,UMI_fraction_0.25,300,Rod;Cone;Bipolar;RGC;Muller glia,Muller glia,Muller glia,300,0.3933333333333333,0.3933333333333333,0.0,0.0,0.16333333333333333,0.0,0.16666666666666666,0.27666666666666667,0.3933333333333333,,
PPP1R18,UMI_fraction_0.25,300,Rod;Cone;Bipolar;RGC;Muller glia,Rod,Rod,300,0.7633333333333333,0.7633333333333333,0.0,0.0,0.7633333333333333,0.19333333333333333,0.0,0.043333333333333335,0.0,,
PRKCE,UMI_fraction_0.25,300,Rod;Cone;Bipolar;RGC;Muller glia,Bipolar,Bipolar,300,1.0,1.0,0.0,0.0,0.0,0.0,1.0,0.0,0.0,,
PRSS23,UMI_fraction_0.25,300,Rod;Cone;Bipolar;RGC;Muller glia,Bipolar,Bipolar,300,1.0,1.0,0.0,0.0,0.0,0.0,1.0,0.0,0.0,,
RAPSN,UMI_fraction_0.25,300,Rod;Cone;Bipolar;RGC;Muller glia,Muller glia,Muller glia,110,0.36666666666666664,0.36666666666666664,0.6333333333333333,0.0,0.0,0.0,0.0,0.0,0.36666666666666664,,
RERE,UMI_fraction_0.25,300,Rod;Cone;Bipolar;RGC;Muller glia,Bipolar,Bipolar,300,0.5266666666666666,0.5266666666666666,0.0,0.0,0.0,0.18666666666666668,0.5266666666666666,0.2866666666666667,0.0,,
RIC8B,UMI_fraction_0.25,300,Rod;Cone;Bipolar;RGC;Muller glia,Rod,Rod,300,1.0,1.0,0.0,0.0,1.0,0.0,0.0,0.0,0.0,,
RORA,UMI_fraction_0.25,300,Rod;Cone;Bipolar;RGC;Muller glia,Cone,Cone,300,1.0,1.0,0.0,0.0,0.0,1.0,0.0,0.0,0.0,,
RP11-217B7.2,UMI_fraction_0.25,300,Rod;Cone;Bipolar;RGC;Muller glia,Rod,Rod,287,0.9566666666666667,0.9566666666666667,0.043333333333333335,0.0,0.9566666666666667,0.0,0.0,0.0,0.0,,
RP11-302L19.3,UMI_fraction_0.25,300,Rod;Cone;Bipolar;RGC;Muller glia,Cone,Cone,137,0.23333333333333334,0.23333333333333334,0.5433333333333333,0.0,0.22333333333333333,0.23333333333333334,0.0,0.0,0.0,,
RP11-403A3.3,UMI_fraction_0.25,300,Rod;Cone;Bipolar;RGC;Muller glia,RGC,RGC,76,0.25333333333333335,0.25333333333333335,0.7466666666666667,0.0,0.0,0.0,0.0,0.25333333333333335,0.0,,
RP11-412D9.4,UMI_fraction_0.25,300,Rod;Cone;Bipolar;RGC;Muller glia,Bipolar,Bipolar,300,0.6466666666666666,0.6466666666666666,0.0,0.0,0.25666666666666665,0.056666666666666664,0.6466666666666666,0.03666666666666667,0.0033333333333333335,,
RP11-507B12.2,UMI_fraction_0.25,300,Rod;Cone;Bipolar;RGC;Muller glia,Muller glia,Muller glia,83,0.27666666666666667,0.27666666666666667,0.7233333333333334,0.0,0.0,0.0,0.0,0.0,0.27666666666666667,,
RP11-669E14.6,UMI_fraction_0.25,300,Rod;Cone;Bipolar;RGC;Muller glia,RGC,Bipolar,300,0.3333333333333333,0.4166666666666667,0.0,0.0,0.08333333333333333,0.05,0.4166666666666667,0.3333333333333333,0.11666666666666667,,
RP11-755F10.1,UMI_fraction_0.25,300,Rod;Cone;Bipolar;RGC;Muller glia,RGC,Cone,271,0.20666666666666667,0.3466666666666667,0.09666666666666666,0.0,0.23666666666666666,0.3466666666666667,0.11333333333333333,0.20666666666666667,0.0,,
RP11-798G7.6,UMI_fraction_0.25,300,Rod;Cone;Bipolar;RGC;Muller glia,Rod,Rod,300,0.6,0.6,0.0,0.0,0.6,0.006666666666666667,0.08333333333333333,0.0,0.31,,
RP5-1115A15.1,UMI_fraction_0.25,300,Rod;Cone;Bipolar;RGC;Muller glia,Rod,Rod,75,0.25,0.25,0.75,0.0,0.25,0.0,0.0,0.0,0.0,,
SCRN2,UMI_fraction_0.25,300,Rod;Cone;Bipolar;RGC;Muller glia,Muller glia,Muller glia,300,0.88,0.88,0.0,0.0,0.04666666666666667,0.01,0.006666666666666667,0.056666666666666664,0.88,,
SEMA3E,UMI_fraction_0.25,300,Rod;Cone;Bipolar;RGC;Muller glia,Bipolar,Bipolar,300,1.0,1.0,0.0,0.0,0.0,0.0,1.0,0.0,0.0,,
SEPT7,UMI_fraction_0.25,300,Rod;Cone;Bipolar;RGC;Muller glia,RGC,RGC,300,0.9966666666666667,0.9966666666666667,0.0,0.0,0.0,0.0,0.0033333333333333335,0.9966666666666667,0.0,,
SF3A3,UMI_fraction_0.25,300,Rod;Cone;Bipolar;RGC;Muller glia,Bipolar,Bipolar,300,0.77,0.77,0.0,0.0,0.09333333333333334,0.0,0.77,0.13666666666666666,0.0,,
SFTA1P,UMI_fraction_0.25,300,Rod;Cone;Bipolar;RGC;Muller glia,Muller glia,Muller glia,138,0.46,0.46,0.54,0.0,0.0,0.0,0.0,0.0,0.46,,
SGSM2,UMI_fraction_0.25,300,Rod;Cone;Bipolar;RGC;Muller glia,Cone,Bipolar,300,0.43666666666666665,0.45,0.0,0.0,0.013333333333333334,0.43666666666666665,0.45,0.1,0.0,,
SLC25A45,UMI_fraction_0.25,300,Rod;Cone;Bipolar;RGC;Muller glia,RGC,Muller glia,300,0.30333333333333334,0.4033333333333333,0.0,0.0,0.0,0.0,0.29333333333333333,0.30333333333333334,0.4033333333333333,,
SLC39A13,UMI_fraction_0.25,300,Rod;Cone;Bipolar;RGC;Muller glia,RGC,Cone,300,0.24333333333333335,0.33666666666666667,0.0,0.0,0.013333333333333334,0.33666666666666667,0.12333333333333334,0.24333333333333335,0.2833333333333333,,
SMAD6,UMI_fraction_0.25,300,Rod;Cone;Bipolar;RGC;Muller glia,Muller glia,Muller glia,294,0.9466666666666667,0.9466666666666667,0.02,0.0,0.0033333333333333335,0.03,0.0,0.0,0.9466666666666667,,
TARID,UMI_fraction_0.25,300,Rod;Cone;Bipolar;RGC;Muller glia,Cone,Cone,128,0.24,0.24,0.5733333333333334,0.0,0.0,0.24,0.18666666666666668,0.0,0.0,,
TBC1D31,UMI_fraction_0.25,300,Rod;Cone;Bipolar;RGC;Muller glia,RGC,Rod,300,0.15333333333333332,0.2633333333333333,0.0,0.0,0.2633333333333333,0.24,0.19333333333333333,0.15333333333333332,0.15,,
TBKBP1,UMI_fraction_0.25,300,Rod;Cone;Bipolar;RGC;Muller glia,Bipolar,Bipolar,300,0.7133333333333334,0.7133333333333334,0.0,0.0,0.0,0.08,0.7133333333333334,0.19,0.016666666666666666,,
TBPL1,UMI_fraction_0.25,300,Rod;Cone;Bipolar;RGC;Muller glia,RGC,Bipolar,300,0.4166666666666667,0.5833333333333334,0.0,0.0,0.0,0.0,0.5833333333333334,0.4166666666666667,0.0,,
TGFB3,UMI_fraction_0.25,300,Rod;Cone;Bipolar;RGC;Muller glia,Muller glia,Muller glia,300,0.55,0.55,0.0,0.0,0.4,0.05,0.0,0.0,0.55,,
THCAT158,UMI_fraction_0.25,300,Rod;Cone;Bipolar;RGC;Muller glia,Muller glia,Rod,191,0.26666666666666666,0.37,0.36333333333333334,0.0,0.37,0.0,0.0,0.0,0.26666666666666666,,
THSD7A,UMI_fraction_0.25,300,Rod;Cone;Bipolar;RGC;Muller glia,Bipolar,Bipolar,300,0.9966666666666667,0.9966666666666667,0.0,0.0,0.0,0.0,0.9966666666666667,0.0033333333333333335,0.0,,
TIGD3,UMI_fraction_0.25,300,Rod;Cone;Bipolar;RGC;Muller glia,Bipolar,Bipolar,300,0.8066666666666666,0.8066666666666666,0.0,0.0,0.11666666666666667,0.0,0.8066666666666666,0.07666666666666666,0.0,,
TMEM116,UMI_fraction_0.25,300,Rod;Cone;Bipolar;RGC;Muller glia,Rod,Rod,300,0.76,0.76,0.0,0.0,0.76,0.0,0.05,0.0033333333333333335,0.18666666666666668,,
TMEM136,UMI_fraction_0.25,300,Rod;Cone;Bipolar;RGC;Muller glia,Rod,Rod,300,1.0,1.0,0.0,0.0,1.0,0.0,0.0,0.0,0.0,,
TMEM181,UMI_fraction_0.25,300,Rod;Cone;Bipolar;RGC;Muller glia,RGC,Cone,300,0.22666666666666666,0.48333333333333334,0.0,0.0,0.08,0.48333333333333334,0.15333333333333332,0.22666666666666666,0.056666666666666664,,
TMEM263,UMI_fraction_0.25,300,Rod;Cone;Bipolar;RGC;Muller glia,Muller glia,Muller glia,300,0.83,0.83,0.0,0.0,0.0,0.006666666666666667,0.06666666666666667,0.09666666666666666,0.83,,
TRIM26,UMI_fraction_0.25,300,Rod;Cone;Bipolar;RGC;Muller glia,Rod,Rod,300,0.73,0.73,0.0,0.0,0.73,0.13666666666666666,0.10333333333333333,0.0,0.03,,
TRIOBP,UMI_fraction_0.25,300,Rod;Cone;Bipolar;RGC;Muller glia,Bipolar,Bipolar,300,0.54,0.54,0.0,0.0,0.0,0.0,0.54,0.06333333333333334,0.39666666666666667,,
TSC22D2,UMI_fraction_0.25,300,Rod;Cone;Bipolar;RGC;Muller glia,Muller glia,Muller glia,300,0.93,0.93,0.0,0.0,0.006666666666666667,0.05333333333333334,0.0033333333333333335,0.006666666666666667,0.93,,
TTC28,UMI_fraction_0.25,300,Rod;Cone;Bipolar;RGC;Muller glia,Bipolar,Bipolar,300,0.6766666666666666,0.6766666666666666,0.0,0.0,0.0,0.01,0.6766666666666666,0.26,0.05333333333333334,,
TTLL5,UMI_fraction_0.25,300,Rod;Cone;Bipolar;RGC;Muller glia,Rod,Rod,300,0.91,0.91,0.0,0.0,0.91,0.08333333333333333,0.0,0.006666666666666667,0.0,,
TXNRD2,UMI_fraction_0.25,300,Rod;Cone;Bipolar;RGC;Muller glia,Bipolar,Bipolar,300,0.8133333333333334,0.8133333333333334,0.0,0.0,0.0,0.0,0.8133333333333334,0.11333333333333333,0.07333333333333333,,
UTP11,UMI_fraction_0.25,300,Rod;Cone;Bipolar;RGC;Muller glia,RGC,Cone,300,0.24333333333333335,0.31666666666666665,0.0,0.0,0.19666666666666666,0.31666666666666665,0.20333333333333334,0.24333333333333335,0.04,,
VARS2,UMI_fraction_0.25,300,Rod;Cone;Bipolar;RGC;Muller glia,Muller glia,Muller glia,300,0.46,0.46,0.0,0.0,0.13666666666666666,0.0033333333333333335,0.34,0.06,0.46,,
VCAM1,UMI_fraction_0.25,300,Rod;Cone;Bipolar;RGC;Muller glia,Muller glia,Muller glia,267,0.89,0.89,0.11,0.0,0.0,0.0,0.0,0.0,0.89,,
WLS,UMI_fraction_0.25,300,Rod;Cone;Bipolar;RGC;Muller glia,Rod,Rod,300,0.7333333333333333,0.7333333333333333,0.0,0.0,0.7333333333333333,0.26666666666666666,0.0,0.0,0.0,,
WNT2B,UMI_fraction_0.25,300,Rod;Cone;Bipolar;RGC;Muller glia,Muller glia,Muller glia,300,0.56,0.56,0.0,0.0,0.4066666666666667,0.03333333333333333,0.0,0.0,0.56,,
XXbac-BPG170G13.32,UMI_fraction_0.25,300,Rod;Cone;Bipolar;RGC;Muller glia,Muller glia,Muller glia,73,0.24333333333333335,0.24333333333333335,0.7566666666666667,0.0,0.0,0.0,0.0,0.0,0.24333333333333335,,
YAP1,UMI_fraction_0.25,300,Rod;Cone;Bipolar;RGC;Muller glia,Muller glia,Muller glia,300,1.0,1.0,0.0,0.0,0.0,0.0,0.0,0.0,1.0,,
YIF1A,UMI_fraction_0.25,300,Rod;Cone;Bipolar;RGC;Muller glia,Muller glia,Muller glia,300,0.9066666666666666,0.9066666666666666,0.0,0.0,0.05333333333333334,0.03333333333333333,0.0,0.006666666666666667,0.9066666666666666,,
ZNF280D,UMI_fraction_0.25,300,Rod;Cone;Bipolar;RGC;Muller glia,Bipolar,Bipolar,300,0.6066666666666667,0.6066666666666667,0.0,0.0,0.0,0.006666666666666667,0.6066666666666667,0.38666666666666666,0.0,,
ZNF638,UMI_fraction_0.25,300,Rod;Cone;Bipolar;RGC;Muller glia,RGC,RGC,300,0.5266666666666666,0.5266666666666666,0.0,0.0,0.0,0.0,0.47333333333333333,0.5266666666666666,0.0,,
DGKG,UMI_fraction_0.5,300,Rod;Cone;Bipolar;RGC;Muller glia,Muller glia,Muller glia,300,0.9933333333333333,0.9933333333333333,0.0,0.0,0.0,0.0,0.0,0.006666666666666667,0.9933333333333333,,
SLC2A12,UMI_fraction_0.5,300,Rod;Cone;Bipolar;RGC;Muller glia,Muller glia,Muller glia,300,0.9966666666666667,0.9966666666666667,0.0,0.0,0.0,0.0,0.0,0.0033333333333333335,0.9966666666666667,,
COL8A2,UMI_fraction_0.5,300,Rod;Cone;Bipolar;RGC;Muller glia,RGC,RGC,171,0.57,0.57,0.43,0.0,0.0,0.0,0.0,0.57,0.0,,
NPC2,UMI_fraction_0.5,300,Rod;Cone;Bipolar;RGC;Muller glia,Muller glia,Muller glia,300,1.0,1.0,0.0,0.0,0.0,0.0,0.0,0.0,1.0,,
PSMC3,UMI_fraction_0.5,300,Rod;Cone;Bipolar;RGC;Muller glia,RGC,RGC,300,0.49,0.49,0.0,0.0,0.0,0.03333333333333333,0.21666666666666667,0.49,0.26,,
RP11-466F5.8,UMI_fraction_0.5,300,Rod;Cone;Bipolar;RGC;Muller glia,Rod,Rod,300,0.7233333333333334,0.7233333333333334,0.0,0.0,0.7233333333333334,0.27666666666666667,0.0,0.0,0.0,,
LPP,UMI_fraction_0.5,300,Rod;Cone;Bipolar;RGC;Muller glia,Muller glia,Muller glia,300,0.9166666666666666,0.9166666666666666,0.0,0.0,0.0,0.0,0.0,0.08333333333333333,0.9166666666666666,,
RP11-121M22.1,UMI_fraction_0.5,300,Rod;Cone;Bipolar;RGC;Muller glia,RGC,Cone,300,0.31,0.42333333333333334,0.0,0.0,0.03666666666666667,0.42333333333333334,0.056666666666666664,0.31,0.17333333333333334,,
ABO,UMI_fraction_0.5,300,Rod;Cone;Bipolar;RGC;Muller glia,RGC,RGC,153,0.51,0.51,0.49,0.0,0.0,0.0,0.0,0.51,0.0,,
ADAMTS8,UMI_fraction_0.5,300,Rod;Cone;Bipolar;RGC;Muller glia,RGC,RGC,259,0.5133333333333333,0.5133333333333333,0.13666666666666666,0.0,0.13666666666666666,0.0,0.21333333333333335,0.5133333333333333,0.0,,
CALD1,UMI_fraction_0.5,300,Rod;Cone;Bipolar;RGC;Muller glia,Muller glia,Muller glia,300,0.99,0.99,0.0,0.0,0.0,0.0,0.01,0.0,0.99,,
CHEK2,UMI_fraction_0.5,300,Rod;Cone;Bipolar;RGC;Muller glia,RGC,RGC,300,0.6666666666666666,0.6666666666666666,0.0,0.0,0.0033333333333333335,0.0,0.31666666666666665,0.6666666666666666,0.013333333333333334,,
GAS7,UMI_fraction_0.5,300,Rod;Cone;Bipolar;RGC;Muller glia,Cone,Cone,300,0.85,0.85,0.0,0.0,0.0,0.85,0.0,0.15,0.0,,
TCF12,UMI_fraction_0.5,300,Rod;Cone;Bipolar;RGC;Muller glia,Muller glia,Muller glia,300,0.98,0.98,0.0,0.0,0.0,0.02,0.0,0.0,0.98,,
TMCO1,UMI_fraction_0.5,300,Rod;Cone;Bipolar;RGC;Muller glia,Muller glia,Muller glia,300,1.0,1.0,0.0,0.0,0.0,0.0,0.0,0.0,1.0,,
TRIB2,UMI_fraction_0.5,300,Rod;Cone;Bipolar;RGC;Muller glia,Muller glia,Muller glia,300,0.9966666666666667,0.9966666666666667,0.0,0.0,0.0,0.0,0.0033333333333333335,0.0,0.9966666666666667,,
ACBD4,UMI_fraction_0.5,300,Rod;Cone;Bipolar;RGC;Muller glia,Muller glia,Muller glia,300,0.6833333333333333,0.6833333333333333,0.0,0.0,0.056666666666666664,0.06,0.03666666666666667,0.16333333333333333,0.6833333333333333,,
AFAP1,UMI_fraction_0.5,300,Rod;Cone;Bipolar;RGC;Muller glia,Muller glia,Muller glia,300,0.91,0.91,0.0,0.0,0.0,0.0,0.0,0.09,0.91,,
ALDH2,UMI_fraction_0.5,300,Rod;Cone;Bipolar;RGC;Muller glia,Muller glia,Muller glia,300,0.97,0.97,0.0,0.0,0.0,0.0,0.03,0.0,0.97,,
AP003068.23,UMI_fraction_0.5,300,Rod;Cone;Bipolar;RGC;Muller glia,Rod,Rod,300,0.9866666666666667,0.9866666666666667,0.0,0.0,0.9866666666666667,0.013333333333333334,0.0,0.0,0.0,,
AP5B1,UMI_fraction_0.5,300,Rod;Cone;Bipolar;RGC;Muller glia,Rod,Rod,300,0.74,0.74,0.0,0.0,0.74,0.14333333333333334,0.0,0.0,0.11666666666666667,,
AREL1,UMI_fraction_0.5,300,Rod;Cone;Bipolar;RGC;Muller glia,RGC,RGC,300,0.4666666666666667,0.4666666666666667,0.0,0.0,0.0,0.0,0.43,0.4666666666666667,0.10333333333333333,,
ARHGAP27,UMI_fraction_0.5,300,Rod;Cone;Bipolar;RGC;Muller glia,Bipolar,Bipolar,300,0.6166666666666667,0.6166666666666667,0.0,0.0,0.3233333333333333,0.006666666666666667,0.6166666666666667,0.05333333333333334,0.0,,
ARHGEF12,UMI_fraction_0.5,300,Rod;Cone;Bipolar;RGC;Muller glia,RGC,RGC,300,0.6433333333333333,0.6433333333333333,0.0,0.0,0.0,0.0,0.3566666666666667,0.6433333333333333,0.0,,
ARL17A,UMI_fraction_0.5,300,Rod;Cone;Bipolar;RGC;Muller glia,RGC,Rod,300,0.4,0.43333333333333335,0.0,0.0,0.43333333333333335,0.14666666666666667,0.02,0.4,0.0,,
ATP5J,UMI_fraction_0.5,300,Rod;Cone;Bipolar;RGC;Muller glia,Cone,Cone,300,1.0,1.0,0.0,0.0,0.0,1.0,0.0,0.0,0.0,,
BICC1,UMI_fraction_0.5,300,Rod;Cone;Bipolar;RGC;Muller glia,Muller glia,Muller glia,300,1.0,1.0,0.0,0.0,0.0,0.0,0.0,0.0,1.0,,
BORA,UMI_fraction_0.5,300,Rod;Cone;Bipolar;RGC;Muller glia,Bipolar,Bipolar,300,0.44333333333333336,0.44333333333333336,0.0,0.0,0.24666666666666667,0.09666666666666666,0.44333333333333336,0.0,0.21333333333333335,,
C1orf109,UMI_fraction_0.5,300,Rod;Cone;Bipolar;RGC;Muller glia,RGC,RGC,300,0.5033333333333333,0.5033333333333333,0.0,0.0,0.18,0.11333333333333333,0.20333333333333334,0.5033333333333333,0.0,,
C1orf122,UMI_fraction_0.5,300,Rod;Cone;Bipolar;RGC;Muller glia,Cone,Cone,300,1.0,1.0,0.0,0.0,0.0,1.0,0.0,0.0,0.0,,
C22orf29,UMI_fraction_0.5,300,Rod;Cone;Bipolar;RGC;Muller glia,RGC,RGC,300,0.6,0.6,0.0,0.0,0.0,0.06333333333333334,0.33666666666666667,0.6,0.0,,
CADM1,UMI_fraction_0.5,300,Rod;Cone;Bipolar;RGC;Muller glia,Bipolar,Bipolar,300,1.0,1.0,0.0,0.0,0.0,0.0,1.0,0.0,0.0,,
CADM2,UMI_fraction_0.5,300,Rod;Cone;Bipolar;RGC;Muller glia,Rod,Rod,300,1.0,1.0,0.0,0.0,1.0,0.0,0.0,0.0,0.0,,
CAV2,UMI_fraction_0.5,300,Rod;Cone;Bipolar;RGC;Muller glia,Muller glia,Muller glia,300,1.0,1.0,0.0,0.0,0.0,0.0,0.0,0.0,1.0,,
CCDC117,UMI_fraction_0.5,300,Rod;Cone;Bipolar;RGC;Muller glia,RGC,RGC,300,0.73,0.73,0.0,0.0,0.13,0.07666666666666666,0.06333333333333334,0.73,0.0,,
CDC14A,UMI_fraction_0.5,300,Rod;Cone;Bipolar;RGC;Muller glia,Muller glia,Muller glia,300,0.9933333333333333,0.9933333333333333,0.0,0.0,0.0,0.006666666666666667,0.0,0.0,0.9933333333333333,,
CDKN2A,UMI_fraction_0.5,300,Rod;Cone;Bipolar;RGC;Muller glia,Bipolar,Bipolar,300,0.91,0.91,0.0,0.0,0.0,0.0,0.91,0.0,0.09,,
CDKN2B-AS1,UMI_fraction_0.5,300,Rod;Cone;Bipolar;RGC;Muller glia,Cone,Cone,292,0.7466666666666667,0.7466666666666667,0.02666666666666667,0.0,0.03333333333333333,0.7466666666666667,0.19333333333333333,0.0,0.0,,
CELF1,UMI_fraction_0.5,300,Rod;Cone;Bipolar;RGC;Muller glia,RGC,RGC,300,0.5966666666666667,0.5966666666666667,0.0,0.0,0.0,0.0,0.4033333333333333,0.5966666666666667,0.0,,
CLIC5,UMI_fraction_0.5,300,Rod;Cone;Bipolar;RGC;Muller glia,Muller glia,Muller glia,300,1.0,1.0,0.0,0.0,0.0,0.0,0.0,0.0,1.0,,
COL11A1,UMI_fraction_0.5,300,Rod;Cone;Bipolar;RGC;Muller glia,Muller glia,Muller glia,300,0.95,0.95,0.0,0.0,0.0,0.0,0.0,0.05,0.95,,
CRHR1,UMI_fraction_0.5,300,Rod;Cone;Bipolar;RGC;Muller glia,Bipolar,Bipolar,232,0.54,0.54,0.22666666666666666,0.0,0.23333333333333334,0.0,0.54,0.0,0.0,,
CTA-292E10.6,UMI_fraction_0.5,300,Rod;Cone;Bipolar;RGC;Muller glia,Rod,Rod,300,1.0,1.0,0.0,0.0,1.0,0.0,0.0,0.0,0.0,,
CTD-2005H7.1,UMI_fraction_0.5,300,Rod;Cone;Bipolar;RGC;Muller glia,Bipolar,Bipolar,297,0.9333333333333333,0.9333333333333333,0.01,0.0,0.0,0.0,0.9333333333333333,0.0,0.056666666666666664,,
CTD-2020K17.1,UMI_fraction_0.5,300,Rod;Cone;Bipolar;RGC;Muller glia,RGC,RGC,300,0.79,0.79,0.0,0.0,0.016666666666666666,0.0,0.0033333333333333335,0.79,0.19,,
CTD-2020K17.3,UMI_fraction_0.5,300,Rod;Cone;Bipolar;RGC;Muller glia,RGC,RGC,300,0.77,0.77,0.0,0.0,0.0,0.0,0.23,0.77,0.0,,
CTTNBP2,UMI_fraction_0.5,300,Rod;Cone;Bipolar;RGC;Muller glia,Muller glia,Muller glia,300,0.9966666666666667,0.9966666666666667,0.0,0.0,0.0,0.0,0.0,0.0033333333333333335,0.9966666666666667,,
DYSF,UMI_fraction_0.5,300,Rod;Cone;Bipolar;RGC;Muller glia,Bipolar,Muller glia,300,0.43,0.44,0.0,0.0,0.13,0.0,0.43,0.0,0.44,,
EFCAB13,UMI_fraction_0.5,300,Rod;Cone;Bipolar;RGC;Muller glia,RGC,Bipolar,300,0.4066666666666667,0.5766666666666667,0.0,0.0,0.0033333333333333335,0.0,0.5766666666666667,0.4066666666666667,0.013333333333333334,,
EFEMP1,UMI_fraction_0.5,300,Rod;Cone;Bipolar;RGC;Muller glia,Muller glia,Muller glia,300,1.0,1.0,0.0,0.0,0.0,0.0,0.0,0.0,1.0,,
EHBP1L1,UMI_fraction_0.5,300,Rod;Cone;Bipolar;RGC;Muller glia,RGC,RGC,300,0.6866666666666666,0.6866666666666666,0.0,0.0,0.0,0.0,0.0033333333333333335,0.6866666666666666,0.31,,
FAM215B,UMI_fraction_0.5,300,Rod;Cone;Bipolar;RGC;Muller glia,Bipolar,Bipolar,300,0.7033333333333334,0.7033333333333334,0.0,0.0,0.0,0.0,0.7033333333333334,0.2633333333333333,0.03333333333333333,,
FAM89B,UMI_fraction_0.5,300,Rod;Cone;Bipolar;RGC;Muller glia,RGC,RGC,300,0.9966666666666667,0.9966666666666667,0.0,0.0,0.0,0.0,0.0033333333333333335,0.9966666666666667,0.0,,
FHL3,UMI_fraction_0.5,300,Rod;Cone;Bipolar;RGC;Muller glia,Muller glia,Muller glia,300,0.5633333333333334,0.5633333333333334,0.0,0.0,0.0,0.016666666666666666,0.20333333333333334,0.21666666666666667,0.5633333333333334,,
FLOT1,UMI_fraction_0.5,300,Rod;Cone;Bipolar;RGC;Muller glia,RGC,RGC,300,1.0,1.0,0.0,0.0,0.0,0.0,0.0,1.0,0.0,,
FLVCR2,UMI_fraction_0.5,300,Rod;Cone;Bipolar;RGC;Muller glia,Muller glia,Muller glia,292,0.4766666666666667,0.4766666666666667,0.02666666666666667,0.0,0.07333333333333333,0.42333333333333334,0.0,0.0,0.4766666666666667,,
FMNL1,UMI_fraction_0.5,300,Rod;Cone;Bipolar;RGC;Muller glia,RGC,RGC,300,0.6,0.6,0.0,0.0,0.0,0.0,0.37333333333333335,0.6,0.02666666666666667,,
FNDC4,UMI_fraction_0.5,300,Rod;Cone;Bipolar;RGC;Muller glia,RGC,RGC,300,1.0,1.0,0.0,0.0,0.0,0.0,0.0,1.0,0.0,,
GCAT,UMI_fraction_0.5,300,Rod;Cone;Bipolar;RGC;Muller glia,Muller glia,Muller glia,300,0.68,0.68,0.0,0.0,0.0,0.0,0.013333333333333334,0.30666666666666664,0.68,,
GLIS1,UMI_fraction_0.5,300,Rod;Cone;Bipolar;RGC;Muller glia,Muller glia,Muller glia,294,0.7566666666666667,0.7566666666666667,0.02,0.0,0.0,0.0,0.22333333333333333,0.0,0.7566666666666667,,
H1F0,UMI_fraction_0.5,300,Rod;Cone;Bipolar;RGC;Muller glia,Bipolar,Bipolar,300,1.0,1.0,0.0,0.0,0.0,0.0,1.0,0.0,0.0,,
HCG9,UMI_fraction_0.5,300,Rod;Cone;Bipolar;RGC;Muller glia,RGC,RGC,263,0.4866666666666667,0.4866666666666667,0.12333333333333334,0.0,0.0,0.0,0.39,0.4866666666666667,0.0,,
HCP5B,UMI_fraction_0.5,300,Rod;Cone;Bipolar;RGC;Muller glia,RGC,RGC,231,0.5,0.5,0.23,0.0,0.0,0.0,0.27,0.5,0.0,,
HECTD4,UMI_fraction_0.5,300,Rod;Cone;Bipolar;RGC;Muller glia,RGC,RGC,300,0.92,0.92,0.0,0.0,0.0,0.08,0.0,0.92,0.0,,
HLA-A,UMI_fraction_0.5,300,Rod;Cone;Bipolar;RGC;Muller glia,Muller glia,Muller glia,300,0.9866666666666667,0.9866666666666667,0.0,0.0,0.0,0.0,0.0,0.013333333333333334,0.9866666666666667,,
HLA-C,UMI_fraction_0.5,300,Rod;Cone;Bipolar;RGC;Muller glia,Muller glia,Muller glia,300,1.0,1.0,0.0,0.0,0.0,0.0,0.0,0.0,1.0,,
HLA-F,UMI_fraction_0.5,300,Rod;Cone;Bipolar;RGC;Muller glia,Muller glia,Muller glia,300,0.9833333333333333,0.9833333333333333,0.0,0.0,0.0,0.0,0.0,0.016666666666666666,0.9833333333333333,,
HLA-G,UMI_fraction_0.5,300,Rod;Cone;Bipolar;RGC;Muller glia,Bipolar,Bipolar,286,0.6066666666666667,0.6066666666666667,0.04666666666666667,0.0,0.3466666666666667,0.0,0.6066666666666667,0.0,0.0,,
HSCB,UMI_fraction_0.5,300,Rod;Cone;Bipolar;RGC;Muller glia,Muller glia,Muller glia,300,0.8133333333333334,0.8133333333333334,0.0,0.0,0.0,0.0,0.0033333333333333335,0.18333333333333332,0.8133333333333334,,
HTRA3,UMI_fraction_0.5,300,Rod;Cone;Bipolar;RGC;Muller glia,Muller glia,Muller glia,153,0.51,0.51,0.49,0.0,0.0,0.0,0.0,0.0,0.51,,
IFT172,UMI_fraction_0.5,300,Rod;Cone;Bipolar;RGC;Muller glia,Rod,Rod,300,0.73,0.73,0.0,0.0,0.73,0.27,0.0,0.0,0.0,,
INPP5B,UMI_fraction_0.5,300,Rod;Cone;Bipolar;RGC;Muller glia,RGC,RGC,300,0.78,0.78,0.0,0.0,0.023333333333333334,0.0,0.05333333333333334,0.78,0.14333333333333334,,
ITGB3,UMI_fraction_0.5,300,Rod;Cone;Bipolar;RGC;Muller glia,,,0,,0.0,1.0,0.0,0.0,0.0,0.0,0.0,0.0,,
KANSL1,UMI_fraction_0.5,300,Rod;Cone;Bipolar;RGC;Muller glia,RGC,RGC,300,0.67,0.67,0.0,0.0,0.0,0.0,0.33,0.67,0.0,,
KANSL1-AS1,UMI_fraction_0.5,300,Rod;Cone;Bipolar;RGC;Muller glia,Rod,Rod,300,0.6266666666666667,0.6266666666666667,0.0,0.0,0.6266666666666667,0.0,0.023333333333333334,0.24666666666666667,0.10333333333333333,,
KHK,UMI_fraction_0.5,300,Rod;Cone;Bipolar;RGC;Muller glia,RGC,RGC,300,0.9033333333333333,0.9033333333333333,0.0,0.0,0.0,0.0,0.043333333333333335,0.9033333333333333,0.05333333333333334,,
KLF5,UMI_fraction_0.5,300,Rod;Cone;Bipolar;RGC;Muller glia,Rod,Rod,280,0.67,0.67,0.06666666666666667,0.0,0.67,0.0,0.2633333333333333,0.0,0.0,,
LHPP,UMI_fraction_0.5,300,Rod;Cone;Bipolar;RGC;Muller glia,RGC,RGC,300,0.58,0.58,0.0,0.0,0.0,0.36666666666666664,0.0033333333333333335,0.58,0.05,,
LINC01948,UMI_fraction_0.5,300,Rod;Cone;Bipolar;RGC;Muller glia,Bipolar,Bipolar,254,0.8466666666666667,0.8466666666666667,0.15333333333333332,0.0,0.0,0.0,0.8466666666666667,0.0,0.0,,
LMO4,UMI_fraction_0.5,300,Rod;Cone;Bipolar;RGC;Muller glia,RGC,RGC,300,1.0,1.0,0.0,0.0,0.0,0.0,0.0,1.0,0.0,,
LMO7,UMI_fraction_0.5,300,Rod;Cone;Bipolar;RGC;Muller glia,Rod,Rod,300,0.6933333333333334,0.6933333333333334,0.0,0.0,0.6933333333333334,0.25666666666666665,0.0033333333333333335,0.0,0.04666666666666667,,
LOXL1,UMI_fraction_0.5,300,Rod;Cone;Bipolar;RGC;Muller glia,RGC,RGC,300,0.7966666666666666,0.7966666666666666,0.0,0.0,0.0,0.0,0.0,0.7966666666666666,0.20333333333333334,,
LOXL1-AS1,UMI_fraction_0.5,300,Rod;Cone;Bipolar;RGC;Muller glia,RGC,RGC,300,0.9333333333333333,0.9333333333333333,0.0,0.0,0.0,0.0,0.0,0.9333333333333333,0.06666666666666667,,
LRRC37A,UMI_fraction_0.5,300,Rod;Cone;Bipolar;RGC;Muller glia,RGC,RGC,300,0.7833333333333333,0.7833333333333333,0.0,0.0,0.04,0.17666666666666667,0.0,0.7833333333333333,0.0,,
LRRC37A2,UMI_fraction_0.5,300,Rod;Cone;Bipolar;RGC;Muller glia,Bipolar,Bipolar,300,0.5733333333333334,0.5733333333333334,0.0,0.0,0.16666666666666666,0.10666666666666667,0.5733333333333334,0.15333333333333332,0.0,,
LRWD1,UMI_fraction_0.5,300,Rod;Cone;Bipolar;RGC;Muller glia,RGC,Rod,300,0.47,0.5266666666666666,0.0,0.0,0.5266666666666666,0.0033333333333333335,0.0,0.47,0.0,,
LTBP2,UMI_fraction_0.5,300,Rod;Cone;Bipolar;RGC;Muller glia,Bipolar,Bipolar,300,0.91,0.91,0.0,0.0,0.016666666666666666,0.0,0.91,0.0,0.07333333333333333,,
LTBP3,UMI_fraction_0.5,300,Rod;Cone;Bipolar;RGC;Muller glia,Muller glia,Muller glia,300,0.9766666666666667,0.9766666666666667,0.0,0.0,0.0,0.0,0.0,0.023333333333333334,0.9766666666666667,,
MADD,UMI_fraction_0.5,300,Rod;Cone;Bipolar;RGC;Muller glia,Cone,Cone,300,0.7666666666666667,0.7666666666666667,0.0,0.0,0.0,0.7666666666666667,0.0,0.23333333333333334,0.0,,
MAPT,UMI_fraction_0.5,300,Rod;Cone;Bipolar;RGC;Muller glia,Bipolar,Bipolar,300,0.9833333333333333,0.9833333333333333,0.0,0.0,0.0,0.0,0.9833333333333333,0.016666666666666666,0.0,,
MAPT-AS1,UMI_fraction_0.5,300,Rod;Cone;Bipolar;RGC;Muller glia,Bipolar,Bipolar,300,0.9966666666666667,0.9966666666666667,0.0,0.0,0.0,0.0,0.9966666666666667,0.0,0.0033333333333333335,,
ME3,UMI_fraction_0.5,300,Rod;Cone;Bipolar;RGC;Muller glia,Bipolar,Bipolar,300,1.0,1.0,0.0,0.0,0.0,0.0,1.0,0.0,0.0,,
MOV10,UMI_fraction_0.5,300,Rod;Cone;Bipolar;RGC;Muller glia,Muller glia,Muller glia,300,1.0,1.0,0.0,0.0,0.0,0.0,0.0,0.0,1.0,,
MRPL33,UMI_fraction_0.5,300,Rod;Cone;Bipolar;RGC;Muller glia,Cone,Cone,300,0.57,0.57,0.0,0.0,0.0,0.57,0.43,0.0,0.0,,
MTCH2,UMI_fraction_0.5,300,Rod;Cone;Bipolar;RGC;Muller glia,Cone,Cone,300,0.8933333333333333,0.8933333333333333,0.0,0.0,0.09,0.8933333333333333,0.0,0.016666666666666666,0.0,,
MVB12B,UMI_fraction_0.5,300,Rod;Cone;Bipolar;RGC;Muller glia,RGC,RGC,300,0.7666666666666667,0.7666666666666667,0.0,0.0,0.0,0.0,0.016666666666666666,0.7666666666666667,0.21666666666666667,,
NEAT1,UMI_fraction_0.5,300,Rod;Cone;Bipolar;RGC;Muller glia,Muller glia,Muller glia,300,0.71,0.71,0.0,0.0,0.0,0.0,0.0,0.29,0.71,,
NMT1,UMI_fraction_0.5,300,Rod;Cone;Bipolar;RGC;Muller glia,Cone,Cone,300,0.9,0.9,0.0,0.0,0.09333333333333334,0.9,0.0,0.006666666666666667,0.0,,
NPEPPS,UMI_fraction_0.5,300,Rod;Cone;Bipolar;RGC;Muller glia,Cone,Cone,300,0.5066666666666667,0.5066666666666667,0.0,0.0,0.0,0.5066666666666667,0.38333333333333336,0.11,0.0,,
NRBP1,UMI_fraction_0.5,300,Rod;Cone;Bipolar;RGC;Muller glia,RGC,RGC,300,0.64,0.64,0.0,0.0,0.3333333333333333,0.02666666666666667,0.0,0.64,0.0,,
NSF,UMI_fraction_0.5,300,Rod;Cone;Bipolar;RGC;Muller glia,Cone,Cone,300,0.8433333333333334,0.8433333333333334,0.0,0.0,0.0,0.8433333333333334,0.0,0.15666666666666668,0.0,,
NUCB2,UMI_fraction_0.5,300,Rod;Cone;Bipolar;RGC;Muller glia,Rod,Rod,300,1.0,1.0,0.0,0.0,1.0,0.0,0.0,0.0,0.0,,
NUDT7,UMI_fraction_0.5,300,Rod;Cone;Bipolar;RGC;Muller glia,Muller glia,Muller glia,300,1.0,1.0,0.0,0.0,0.0,0.0,0.0,0.0,1.0,,
PDE6C,UMI_fraction_0.5,300,Rod;Cone;Bipolar;RGC;Muller glia,Cone,Cone,300,1.0,1.0,0.0,0.0,0.0,1.0,0.0,0.0,0.0,,
PIBF1,UMI_fraction_0.5,300,Rod;Cone;Bipolar;RGC;Muller glia,Rod,Rod,300,0.4,0.4,0.0,0.0,0.4,0.02666666666666667,0.05,0.24,0.2833333333333333,,
PIGC,UMI_fraction_0.5,300,Rod;Cone;Bipolar;RGC;Muller glia,RGC,RGC,300,0.95,0.95,0.0,0.0,0.04,0.0033333333333333335,0.006666666666666667,0.95,0.0,,
PKIB,UMI_fraction_0.5,300,Rod;Cone;Bipolar;RGC;Muller glia,Cone,Cone,300,0.9633333333333334,0.9633333333333334,0.0,0.0,0.03666666666666667,0.9633333333333334,0.0,0.0,0.0,,
PLCE1,UMI_fraction_0.5,300,Rod;Cone;Bipolar;RGC;Muller glia,Muller glia,Muller glia,300,1.0,1.0,0.0,0.0,0.0,0.0,0.0,0.0,1.0,,
PLEKHA7,UMI_fraction_0.5,300,Rod;Cone;Bipolar;RGC;Muller glia,Cone,Cone,300,1.0,1.0,0.0,0.0,0.0,1.0,0.0,0.0,0.0,,
PLEKHM1,UMI_fraction_0.5,300,Rod;Cone;Bipolar;RGC;Muller glia,Muller glia,Muller glia,300,0.6066666666666667,0.6066666666666667,0.0,0.0,0.05,0.0,0.17333333333333334,0.17,0.6066666666666667,,
PPP1R18,UMI_fraction_0.5,300,Rod;Cone;Bipolar;RGC;Muller glia,Rod,Rod,300,0.8266666666666667,0.8266666666666667,0.0,0.0,0.8266666666666667,0.17333333333333334,0.0,0.0,0.0,,
PRKCE,UMI_fraction_0.5,300,Rod;Cone;Bipolar;RGC;Muller glia,Bipolar,Bipolar,300,1.0,1.0,0.0,0.0,0.0,0.0,1.0,0.0,0.0,,
PRSS23,UMI_fraction_0.5,300,Rod;Cone;Bipolar;RGC;Muller glia,Bipolar,Bipolar,300,1.0,1.0,0.0,0.0,0.0,0.0,1.0,0.0,0.0,,
RAPSN,UMI_fraction_0.5,300,Rod;Cone;Bipolar;RGC;Muller glia,Muller glia,Muller glia,227,0.7566666666666667,0.7566666666666667,0.24333333333333335,0.0,0.0,0.0,0.0,0.0,0.7566666666666667,,
RERE,UMI_fraction_0.5,300,Rod;Cone;Bipolar;RGC;Muller glia,Bipolar,Bipolar,300,0.66,0.66,0.0,0.0,0.0,0.09333333333333334,0.66,0.24666666666666667,0.0,,
RIC8B,UMI_fraction_0.5,300,Rod;Cone;Bipolar;RGC;Muller glia,Rod,Rod,300,1.0,1.0,0.0,0.0,1.0,0.0,0.0,0.0,0.0,,
RORA,UMI_fraction_0.5,300,Rod;Cone;Bipolar;RGC;Muller glia,Cone,Cone,300,1.0,1.0,0.0,0.0,0.0,1.0,0.0,0.0,0.0,,
RP11-217B7.2,UMI_fraction_0.5,300,Rod;Cone;Bipolar;RGC;Muller glia,Rod,Rod,300,1.0,1.0,0.0,0.0,1.0,0.0,0.0,0.0,0.0,,
RP11-302L19.3,UMI_fraction_0.5,300,Rod;Cone;Bipolar;RGC;Muller glia,Cone,Cone,233,0.52,0.52,0.22333333333333333,0.0,0.25666666666666665,0.52,0.0,0.0,0.0,,
RP11-403A3.3,UMI_fraction_0.5,300,Rod;Cone;Bipolar;RGC;Muller glia,RGC,RGC,154,0.5133333333333333,0.5133333333333333,0.4866666666666667,0.0,0.0,0.0,0.0,0.5133333333333333,0.0,,
RP11-412D9.4,UMI_fraction_0.5,300,Rod;Cone;Bipolar;RGC;Muller glia,Bipolar,Bipolar,300,0.87,0.87,0.0,0.0,0.12666666666666668,0.0033333333333333335,0.87,0.0,0.0,,
RP11-507B12.2,UMI_fraction_0.5,300,Rod;Cone;Bipolar;RGC;Muller glia,Muller glia,Muller glia,156,0.52,0.52,0.48,0.0,0.0,0.0,0.0,0.0,0.52,,
RP11-669E14.6,UMI_fraction_0.5,300,Rod;Cone;Bipolar;RGC;Muller glia,RGC,RGC,300,0.54,0.54,0.0,0.0,0.016666666666666666,0.013333333333333334,0.3933333333333333,0.54,0.03666666666666667,,
RP11-755F10.1,UMI_fraction_0.5,300,Rod;Cone;Bipolar;RGC;Muller glia,RGC,Cone,300,0.38,0.5166666666666667,0.0,0.0,0.06,0.5166666666666667,0.043333333333333335,0.38,0.0,,
RP11-798G7.6,UMI_fraction_0.5,300,Rod;Cone;Bipolar;RGC;Muller glia,Rod,Rod,300,0.6833333333333333,0.6833333333333333,0.0,0.0,0.6833333333333333,0.0,0.01,0.0,0.30666666666666664,,
RP5-1115A15.1,UMI_fraction_0.5,300,Rod;Cone;Bipolar;RGC;Muller glia,Rod,Rod,142,0.47333333333333333,0.47333333333333333,0.5266666666666666,0.0,0.47333333333333333,0.0,0.0,0.0,0.0,,
SCRN2,UMI_fraction_0.5,300,Rod;Cone;Bipolar;RGC;Muller glia,Muller glia,Muller glia,300,0.9933333333333333,0.9933333333333333,0.0,0.0,0.0,0.0,0.0,0.006666666666666667,0.9933333333333333,,
SEMA3E,UMI_fraction_0.5,300,Rod;Cone;Bipolar;RGC;Muller glia,Bipolar,Bipolar,300,1.0,1.0,0.0,0.0,0.0,0.0,1.0,0.0,0.0,,
SEPT7,UMI_fraction_0.5,300,Rod;Cone;Bipolar;RGC;Muller glia,RGC,RGC,300,1.0,1.0,0.0,0.0,0.0,0.0,0.0,1.0,0.0,,
SF3A3,UMI_fraction_0.5,300,Rod;Cone;Bipolar;RGC;Muller glia,Bipolar,Bipolar,300,0.9233333333333333,0.9233333333333333,0.0,0.0,0.02,0.0,0.9233333333333333,0.056666666666666664,0.0,,
SFTA1P,UMI_fraction_0.5,300,Rod;Cone;Bipolar;RGC;Muller glia,Muller glia,Muller glia,227,0.7566666666666667,0.7566666666666667,0.24333333333333335,0.0,0.0,0.0,0.0,0.0,0.7566666666666667,,
SGSM2,UMI_fraction_0.5,300,Rod;Cone;Bipolar;RGC;Muller glia,Cone,Cone,300,0.5733333333333334,0.5733333333333334,0.0,0.0,0.0,0.5733333333333334,0.3566666666666667,0.07,0.0,,
SLC25A45,UMI_fraction_0.5,300,Rod;Cone;Bipolar;RGC;Muller glia,RGC,Muller glia,300,0.4066666666666667,0.47,0.0,0.0,0.0,0.0,0.12333333333333334,0.4066666666666667,0.47,,
SLC39A13,UMI_fraction_0.5,300,Rod;Cone;Bipolar;RGC;Muller glia,RGC,RGC,300,0.4166666666666667,0.4166666666666667,0.0,0.0,0.0,0.21,0.03333333333333333,0.4166666666666667,0.34,,
SMAD6,UMI_fraction_0.5,300,Rod;Cone;Bipolar;RGC;Muller glia,Muller glia,Muller glia,300,1.0,1.0,0.0,0.0,0.0,0.0,0.0,0.0,1.0,,
TARID,UMI_fraction_0.5,300,Rod;Cone;Bipolar;RGC;Muller glia,Cone,Cone,224,0.48333333333333334,0.48333333333333334,0.25333333333333335,0.0,0.0,0.48333333333333334,0.2633333333333333,0.0,0.0,,
TBC1D31,UMI_fraction_0.5,300,Rod;Cone;Bipolar;RGC;Muller glia,RGC,RGC,300,0.3433333333333333,0.3433333333333333,0.0,0.0,0.15,0.2866666666666667,0.09666666666666666,0.3433333333333333,0.12333333333333334,,
TBKBP1,UMI_fraction_0.5,300,Rod;Cone;Bipolar;RGC;Muller glia,Bipolar,Bipolar,300,0.59,0.59,0.0,0.0,0.0,0.02666666666666667,0.59,0.38333333333333336,0.0,,
TBPL1,UMI_fraction_0.5,300,Rod;Cone;Bipolar;RGC;Muller glia,RGC,Bipolar,300,0.4666666666666667,0.5333333333333333,0.0,0.0,0.0,0.0,0.5333333333333333,0.4666666666666667,0.0,,
TGFB3,UMI_fraction_0.5,300,Rod;Cone;Bipolar;RGC;Muller glia,Muller glia,Muller glia,300,0.8033333333333333,0.8033333333333333,0.0,0.0,0.19333333333333333,0.0033333333333333335,0.0,0.0,0.8033333333333333,,
THCAT158,UMI_fraction_0.5,300,Rod;Cone;Bipolar;RGC;Muller glia,Muller glia,Muller glia,265,0.5166666666666667,0.5166666666666667,0.11666666666666667,0.0,0.36666666666666664,0.0,0.0,0.0,0.5166666666666667,,
THSD7A,UMI_fraction_0.5,300,Rod;Cone;Bipolar;RGC;Muller glia,Bipolar,Bipolar,300,1.0,1.0,0.0,0.0,0.0,0.0,1.0,0.0,0.0,,
TIGD3,UMI_fraction_0.5,300,Rod;Cone;Bipolar;RGC;Muller glia,Bipolar,Bipolar,300,0.96,0.96,0.0,0.0,0.016666666666666666,0.0,0.96,0.023333333333333334,0.0,,
TMEM116,UMI_fraction_0.5,300,Rod;Cone;Bipolar;RGC;Muller glia,Rod,Rod,300,0.8666666666666667,0.8666666666666667,0.0,0.0,0.8666666666666667,0.0,0.0033333333333333335,0.0,0.13,,
TMEM136,UMI_fraction_0.5,300,Rod;Cone;Bipolar;RGC;Muller glia,Rod,Rod,300,1.0,1.0,0.0,0.0,1.0,0.0,0.0,0.0,0.0,,
TMEM181,UMI_fraction_0.5,300,Rod;Cone;Bipolar;RGC;Muller glia,RGC,RGC,300,0.5333333333333333,0.5333333333333333,0.0,0.0,0.013333333333333334,0.42,0.03,0.5333333333333333,0.0033333333333333335,,
TMEM263,UMI_fraction_0.5,300,Rod;Cone;Bipolar;RGC;Muller glia,Muller glia,Muller glia,300,0.98,0.98,0.0,0.0,0.0,0.0,0.0033333333333333335,0.016666666666666666,0.98,,
TRIM26,UMI_fraction_0.5,300,Rod;Cone;Bipolar;RGC;Muller glia,Rod,Rod,300,0.9333333333333333,0.9333333333333333,0.0,0.0,0.9333333333333333,0.03666666666666667,0.03,0.0,0.0,,
TRIOBP,UMI_fraction_0.5,300,Rod;Cone;Bipolar;RGC;Muller glia,Bipolar,Bipolar,300,0.5666666666666667,0.5666666666666667,0.0,0.0,0.0,0.0,0.5666666666666667,0.006666666666666667,0.4266666666666667,,
TSC22D2,UMI_fraction_0.5,300,Rod;Cone;Bipolar;RGC;Muller glia,Muller glia,Muller glia,300,1.0,1.0,0.0,0.0,0.0,0.0,0.0,0.0,1.0,,
TTC28,UMI_fraction_0.5,300,Rod;Cone;Bipolar;RGC;Muller glia,Bipolar,Bipolar,300,0.8,0.8,0.0,0.0,0.0,0.0,0.8,0.2,0.0,,
TTLL5,UMI_fraction_0.5,300,Rod;Cone;Bipolar;RGC;Muller glia,Rod,Rod,300,0.9966666666666667,0.9966666666666667,0.0,0.0,0.9966666666666667,0.0033333333333333335,0.0,0.0,0.0,,
TXNRD2,UMI_fraction_0.5,300,Rod;Cone;Bipolar;RGC;Muller glia,Bipolar,Bipolar,300,0.9766666666666667,0.9766666666666667,0.0,0.0,0.0,0.0,0.9766666666666667,0.016666666666666666,0.006666666666666667,,
UTP11,UMI_fraction_0.5,300,Rod;Cone;Bipolar;RGC;Muller glia,RGC,RGC,300,0.45666666666666667,0.45666666666666667,0.0,0.0,0.13,0.2633333333333333,0.14333333333333334,0.45666666666666667,0.006666666666666667,,
VARS2,UMI_fraction_0.5,300,Rod;Cone;Bipolar;RGC;Muller glia,Muller glia,Muller glia,300,0.81,0.81,0.0,0.0,0.023333333333333334,0.0,0.15666666666666668,0.01,0.81,,
VCAM1,UMI_fraction_0.5,300,Rod;Cone;Bipolar;RGC;Muller glia,Muller glia,Muller glia,300,1.0,1.0,0.0,0.0,0.0,0.0,0.0,0.0,1.0,,
WLS,UMI_fraction_0.5,300,Rod;Cone;Bipolar;RGC;Muller glia,Rod,Rod,300,0.9133333333333333,0.9133333333333333,0.0,0.0,0.9133333333333333,0.08666666666666667,0.0,0.0,0.0,,
WNT2B,UMI_fraction_0.5,300,Rod;Cone;Bipolar;RGC;Muller glia,Muller glia,Muller glia,300,0.7666666666666667,0.7666666666666667,0.0,0.0,0.22333333333333333,0.01,0.0,0.0,0.7666666666666667,,
XXbac-BPG170G13.32,UMI_fraction_0.5,300,Rod;Cone;Bipolar;RGC;Muller glia,Muller glia,Muller glia,160,0.5333333333333333,0.5333333333333333,0.4666666666666667,0.0,0.0,0.0,0.0,0.0,0.5333333333333333,,
YAP1,UMI_fraction_0.5,300,Rod;Cone;Bipolar;RGC;Muller glia,Muller glia,Muller glia,300,1.0,1.0,0.0,0.0,0.0,0.0,0.0,0.0,1.0,,
YIF1A,UMI_fraction_0.5,300,Rod;Cone;Bipolar;RGC;Muller glia,Muller glia,Muller glia,300,0.9866666666666667,0.9866666666666667,0.0,0.0,0.013333333333333334,0.0,0.0,0.0,0.9866666666666667,,
ZNF280D,UMI_fraction_0.5,300,Rod;Cone;Bipolar;RGC;Muller glia,Bipolar,Bipolar,300,0.6366666666666667,0.6366666666666667,0.0,0.0,0.0,0.0,0.6366666666666667,0.36333333333333334,0.0,,
ZNF638,UMI_fraction_0.5,300,Rod;Cone;Bipolar;RGC;Muller glia,RGC,RGC,300,0.5466666666666666,0.5466666666666666,0.0,0.0,0.0,0.0,0.45,0.5466666666666666,0.0033333333333333335,,
DGKG,UMI_fraction_0.75,300,Rod;Cone;Bipolar;RGC;Muller glia,Muller glia,Muller glia,300,1.0,1.0,0.0,0.0,0.0,0.0,0.0,0.0,1.0,,
SLC2A12,UMI_fraction_0.75,300,Rod;Cone;Bipolar;RGC;Muller glia,Muller glia,Muller glia,300,1.0,1.0,0.0,0.0,0.0,0.0,0.0,0.0,1.0,,
COL8A2,UMI_fraction_0.75,300,Rod;Cone;Bipolar;RGC;Muller glia,RGC,RGC,225,0.75,0.75,0.25,0.0,0.0,0.0,0.0,0.75,0.0,,
NPC2,UMI_fraction_0.75,300,Rod;Cone;Bipolar;RGC;Muller glia,Muller glia,Muller glia,300,1.0,1.0,0.0,0.0,0.0,0.0,0.0,0.0,1.0,,
PSMC3,UMI_fraction_0.75,300,Rod;Cone;Bipolar;RGC;Muller glia,RGC,RGC,300,0.73,0.73,0.0,0.0,0.0,0.01,0.11333333333333333,0.73,0.14666666666666667,,
RP11-466F5.8,UMI_fraction_0.75,300,Rod;Cone;Bipolar;RGC;Muller glia,Rod,Rod,300,0.5233333333333333,0.5233333333333333,0.0,0.0,0.5233333333333333,0.4766666666666667,0.0,0.0,0.0,,
LPP,UMI_fraction_0.75,300,Rod;Cone;Bipolar;RGC;Muller glia,Muller glia,Muller glia,300,1.0,1.0,0.0,0.0,0.0,0.0,0.0,0.0,1.0,,
RP11-121M22.1,UMI_fraction_0.75,300,Rod;Cone;Bipolar;RGC;Muller glia,RGC,RGC,300,0.6066666666666667,0.6066666666666667,0.0,0.0,0.0,0.31666666666666665,0.02,0.6066666666666667,0.056666666666666664,,
ABO,UMI_fraction_0.75,300,Rod;Cone;Bipolar;RGC;Muller glia,RGC,RGC,226,0.7533333333333333,0.7533333333333333,0.24666666666666667,0.0,0.0,0.0,0.0,0.7533333333333333,0.0,,
ADAMTS8,UMI_fraction_0.75,300,Rod;Cone;Bipolar;RGC;Muller glia,RGC,RGC,296,0.7166666666666667,0.7166666666666667,0.013333333333333334,0.0,0.056666666666666664,0.0,0.21333333333333335,0.7166666666666667,0.0,,
CALD1,UMI_fraction_0.75,300,Rod;Cone;Bipolar;RGC;Muller glia,Muller glia,Muller glia,300,1.0,1.0,0.0,0.0,0.0,0.0,0.0,0.0,1.0,,
CHEK2,UMI_fraction_0.75,300,Rod;Cone;Bipolar;RGC;Muller glia,RGC,RGC,300,0.68,0.68,0.0,0.0,0.0,0.0,0.32,0.68,0.0,,
GAS7,UMI_fraction_0.75,300,Rod;Cone;Bipolar;RGC;Muller glia,Cone,Cone,300,0.97,0.97,0.0,0.0,0.0,0.97,0.0,0.03,0.0,,
TCF12,UMI_fraction_0.75,300,Rod;Cone;Bipolar;RGC;Muller glia,Muller glia,Muller glia,300,1.0,1.0,0.0,0.0,0.0,0.0,0.0,0.0,1.0,,
TMCO1,UMI_fraction_0.75,300,Rod;Cone;Bipolar;RGC;Muller glia,Muller glia,Muller glia,300,1.0,1.0,0.0,0.0,0.0,0.0,0.0,0.0,1.0,,
TRIB2,UMI_fraction_0.75,300,Rod;Cone;Bipolar;RGC;Muller glia,Muller glia,Muller glia,300,1.0,1.0,0.0,0.0,0.0,0.0,0.0,0.0,1.0,,
ACBD4,UMI_fraction_0.75,300,Rod;Cone;Bipolar;RGC;Muller glia,Muller glia,Muller glia,300,0.95,0.95,0.0,0.0,0.023333333333333334,0.0033333333333333335,0.0033333333333333335,0.02,0.95,,
AFAP1,UMI_fraction_0.75,300,Rod;Cone;Bipolar;RGC;Muller glia,Muller glia,Muller glia,300,1.0,1.0,0.0,0.0,0.0,0.0,0.0,0.0,1.0,,
ALDH2,UMI_fraction_0.75,300,Rod;Cone;Bipolar;RGC;Muller glia,Muller glia,Muller glia,300,1.0,1.0,0.0,0.0,0.0,0.0,0.0,0.0,1.0,,
AP003068.23,UMI_fraction_0.75,300,Rod;Cone;Bipolar;RGC;Muller glia,Rod,Rod,300,1.0,1.0,0.0,0.0,1.0,0.0,0.0,0.0,0.0,,
AP5B1,UMI_fraction_0.75,300,Rod;Cone;Bipolar;RGC;Muller glia,Rod,Rod,300,0.97,0.97,0.0,0.0,0.97,0.02666666666666667,0.0,0.0,0.0033333333333333335,,
AREL1,UMI_fraction_0.75,300,Rod;Cone;Bipolar;RGC;Muller glia,RGC,RGC,300,0.6833333333333333,0.6833333333333333,0.0,0.0,0.0,0.0,0.29333333333333333,0.6833333333333333,0.023333333333333334,,
ARHGAP27,UMI_fraction_0.75,300,Rod;Cone;Bipolar;RGC;Muller glia,Bipolar,Bipolar,300,0.7766666666666666,0.7766666666666666,0.0,0.0,0.22333333333333333,0.0,0.7766666666666666,0.0,0.0,,
ARHGEF12,UMI_fraction_0.75,300,Rod;Cone;Bipolar;RGC;Muller glia,RGC,RGC,300,0.8,0.8,0.0,0.0,0.0,0.0,0.2,0.8,0.0,,
ARL17A,UMI_fraction_0.75,300,Rod;Cone;Bipolar;RGC;Muller glia,RGC,RGC,300,0.53,0.53,0.0,0.0,0.4166666666666667,0.04,0.013333333333333334,0.53,0.0,,
ATP5J,UMI_fraction_0.75,300,Rod;Cone;Bipolar;RGC;Muller glia,Cone,Cone,300,1.0,1.0,0.0,0.0,0.0,1.0,0.0,0.0,0.0,,
BICC1,UMI_fraction_0.75,300,Rod;Cone;Bipolar;RGC;Muller glia,Muller glia,Muller glia,300,1.0,1.0,0.0,0.0,0.0,0.0,0.0,0.0,1.0,,
BORA,UMI_fraction_0.75,300,Rod;Cone;Bipolar;RGC;Muller glia,Bipolar,Bipolar,300,0.5033333333333333,0.5033333333333333,0.0,0.0,0.27666666666666667,0.023333333333333334,0.5033333333333333,0.0,0.19666666666666666,,
C1orf109,UMI_fraction_0.75,300,Rod;Cone;Bipolar;RGC;Muller glia,RGC,RGC,300,0.7033333333333334,0.7033333333333334,0.0,0.0,0.09,0.043333333333333335,0.16333333333333333,0.7033333333333334,0.0,,
C1orf122,UMI_fraction_0.75,300,Rod;Cone;Bipolar;RGC;Muller glia,Cone,Cone,300,1.0,1.0,0.0,0.0,0.0,1.0,0.0,0.0,0.0,,
C22orf29,UMI_fraction_0.75,300,Rod;Cone;Bipolar;RGC;Muller glia,RGC,RGC,300,0.7333333333333333,0.7333333333333333,0.0,0.0,0.0,0.013333333333333334,0.25333333333333335,0.7333333333333333,0.0,,
CADM1,UMI_fraction_0.75,300,Rod;Cone;Bipolar;RGC;Muller glia,Bipolar,Bipolar,300,1.0,1.0,0.0,0.0,0.0,0.0,1.0,0.0,0.0,,
CADM2,UMI_fraction_0.75,300,Rod;Cone;Bipolar;RGC;Muller glia,Rod,Rod,300,1.0,1.0,0.0,0.0,1.0,0.0,0.0,0.0,0.0,,
CAV2,UMI_fraction_0.75,300,Rod;Cone;Bipolar;RGC;Muller glia,Muller glia,Muller glia,300,1.0,1.0,0.0,0.0,0.0,0.0,0.0,0.0,1.0,,
CCDC117,UMI_fraction_0.75,300,Rod;Cone;Bipolar;RGC;Muller glia,RGC,RGC,300,0.9233333333333333,0.9233333333333333,0.0,0.0,0.03,0.03333333333333333,0.013333333333333334,0.9233333333333333,0.0,,
CDC14A,UMI_fraction_0.75,300,Rod;Cone;Bipolar;RGC;Muller glia,Muller glia,Muller glia,300,1.0,1.0,0.0,0.0,0.0,0.0,0.0,0.0,1.0,,
CDKN2A,UMI_fraction_0.75,300,Rod;Cone;Bipolar;RGC;Muller glia,Bipolar,Bipolar,300,0.9966666666666667,0.9966666666666667,0.0,0.0,0.0,0.0,0.9966666666666667,0.0,0.0033333333333333335,,
CDKN2B-AS1,UMI_fraction_0.75,300,Rod;Cone;Bipolar;RGC;Muller glia,Cone,Cone,300,0.94,0.94,0.0,0.0,0.006666666666666667,0.94,0.05333333333333334,0.0,0.0,,
CELF1,UMI_fraction_0.75,300,Rod;Cone;Bipolar;RGC;Muller glia,RGC,RGC,300,0.7333333333333333,0.7333333333333333,0.0,0.0,0.0,0.0,0.26666666666666666,0.7333333333333333,0.0,,
CLIC5,UMI_fraction_0.75,300,Rod;Cone;Bipolar;RGC;Muller glia,Muller glia,Muller glia,300,1.0,1.0,0.0,0.0,0.0,0.0,0.0,0.0,1.0,,
COL11A1,UMI_fraction_0.75,300,Rod;Cone;Bipolar;RGC;Muller glia,Muller glia,Muller glia,300,1.0,1.0,0.0,0.0,0.0,0.0,0.0,0.0,1.0,,
CRHR1,UMI_fraction_0.75,300,Rod;Cone;Bipolar;RGC;Muller glia,Bipolar,Bipolar,285,0.8033333333333333,0.8033333333333333,0.05,0.0,0.14666666666666667,0.0,0.8033333333333333,0.0,0.0,,
CTA-292E10.6,UMI_fraction_0.75,300,Rod;Cone;Bipolar;RGC;Muller glia,Rod,Rod,300,1.0,1.0,0.0,0.0,1.0,0.0,0.0,0.0,0.0,,
CTD-2005H7.1,UMI_fraction_0.75,300,Rod;Cone;Bipolar;RGC;Muller glia,Bipolar,Bipolar,300,0.9933333333333333,0.9933333333333333,0.0,0.0,0.0,0.0,0.9933333333333333,0.0,0.006666666666666667,,
CTD-2020K17.1,UMI_fraction_0.75,300,Rod;Cone;Bipolar;RGC;Muller glia,RGC,RGC,300,0.9266666666666666,0.9266666666666666,0.0,0.0,0.006666666666666667,0.0,0.0,0.9266666666666666,0.06666666666666667,,
CTD-2020K17.3,UMI_fraction_0.75,300,Rod;Cone;Bipolar;RGC;Muller glia,RGC,RGC,300,0.9133333333333333,0.9133333333333333,0.0,0.0,0.0,0.0,0.08666666666666667,0.9133333333333333,0.0,,
CTTNBP2,UMI_fraction_0.75,300,Rod;Cone;Bipolar;RGC;Muller glia,Muller glia,Muller glia,300,1.0,1.0,0.0,0.0,0.0,0.0,0.0,0.0,1.0,,
DYSF,UMI_fraction_0.75,300,Rod;Cone;Bipolar;RGC;Muller glia,Bipolar,Bipolar,300,0.5166666666666667,0.5166666666666667,0.0,0.0,0.04,0.0,0.5166666666666667,0.0,0.44333333333333336,,
EFCAB13,UMI_fraction_0.75,300,Rod;Cone;Bipolar;RGC;Muller glia,RGC,RGC,300,0.6666666666666666,0.6666666666666666,0.0,0.0,0.0,0.0,0.3333333333333333,0.6666666666666666,0.0,,
EFEMP1,UMI_fraction_0.75,300,Rod;Cone;Bipolar;RGC;Muller glia,Muller glia,Muller glia,300,1.0,1.0,0.0,0.0,0.0,0.0,0.0,0.0,1.0,,
EHBP1L1,UMI_fraction_0.75,300,Rod;Cone;Bipolar;RGC;Muller glia,RGC,RGC,300,0.8566666666666667,0.8566666666666667,0.0,0.0,0.0,0.0,0.0,0.8566666666666667,0.14333333333333334,,
FAM215B,UMI_fraction_0.75,300,Rod;Cone;Bipolar;RGC;Muller glia,Bipolar,Bipolar,300,0.9166666666666666,0.9166666666666666,0.0,0.0,0.0,0.0,0.9166666666666666,0.08333333333333333,0.0,,
FAM89B,UMI_fraction_0.75,300,Rod;Cone;Bipolar;RGC;Muller glia,RGC,RGC,300,1.0,1.0,0.0,0.0,0.0,0.0,0.0,1.0,0.0,,
FHL3,UMI_fraction_0.75,300,Rod;Cone;Bipolar;RGC;Muller glia,Muller glia,Muller glia,300,0.7133333333333334,0.7133333333333334,0.0,0.0,0.0,0.0,0.2,0.08666666666666667,0.7133333333333334,,
FLOT1,UMI_fraction_0.75,300,Rod;Cone;Bipolar;RGC;Muller glia,RGC,RGC,300,1.0,1.0,0.0,0.0,0.0,0.0,0.0,1.0,0.0,,
FLVCR2,UMI_fraction_0.75,300,Rod;Cone;Bipolar;RGC;Muller glia,Muller glia,Muller glia,300,0.6333333333333333,0.6333333333333333,0.0,0.0,0.006666666666666667,0.36,0.0,0.0,0.6333333333333333,,
FMNL1,UMI_fraction_0.75,300,Rod;Cone;Bipolar;RGC;Muller glia,RGC,RGC,300,0.8166666666666667,0.8166666666666667,0.0,0.0,0.0,0.0,0.18333333333333332,0.8166666666666667,0.0,,
FNDC4,UMI_fraction_0.75,300,Rod;Cone;Bipolar;RGC;Muller glia,RGC,RGC,300,1.0,1.0,0.0,0.0,0.0,0.0,0.0,1.0,0.0,,
GCAT,UMI_fraction_0.75,300,Rod;Cone;Bipolar;RGC;Muller glia,Muller glia,Muller glia,300,0.6633333333333333,0.6633333333333333,0.0,0.0,0.0,0.0,0.0033333333333333335,0.3333333333333333,0.6633333333333333,,
GLIS1,UMI_fraction_0.75,300,Rod;Cone;Bipolar;RGC;Muller glia,Muller glia,Muller glia,300,0.84,0.84,0.0,0.0,0.0,0.0,0.16,0.0,0.84,,
H1F0,UMI_fraction_0.75,300,Rod;Cone;Bipolar;RGC;Muller glia,Bipolar,Bipolar,300,1.0,1.0,0.0,0.0,0.0,0.0,1.0,0.0,0.0,,
HCG9,UMI_fraction_0.75,300,Rod;Cone;Bipolar;RGC;Muller glia,RGC,RGC,292,0.72,0.72,0.02666666666666667,0.0,0.0,0.0,0.25333333333333335,0.72,0.0,,
HCP5B,UMI_fraction_0.75,300,Rod;Cone;Bipolar;RGC;Muller glia,RGC,RGC,285,0.79,0.79,0.05,0.0,0.0,0.0,0.16,0.79,0.0,,
HECTD4,UMI_fraction_0.75,300,Rod;Cone;Bipolar;RGC;Muller glia,RGC,RGC,300,0.9966666666666667,0.9966666666666667,0.0,0.0,0.0,0.0033333333333333335,0.0,0.9966666666666667,0.0,,
HLA-A,UMI_fraction_0.75,300,Rod;Cone;Bipolar;RGC;Muller glia,Muller glia,Muller glia,300,1.0,1.0,0.0,0.0,0.0,0.0,0.0,0.0,1.0,,
HLA-C,UMI_fraction_0.75,300,Rod;Cone;Bipolar;RGC;Muller glia,Muller glia,Muller glia,300,1.0,1.0,0.0,0.0,0.0,0.0,0.0,0.0,1.0,,
HLA-F,UMI_fraction_0.75,300,Rod;Cone;Bipolar;RGC;Muller glia,Muller glia,Muller glia,300,1.0,1.0,0.0,0.0,0.0,0.0,0.0,0.0,1.0,,
HLA-G,UMI_fraction_0.75,300,Rod;Cone;Bipolar;RGC;Muller glia,Bipolar,Bipolar,300,0.76,0.76,0.0,0.0,0.24,0.0,0.76,0.0,0.0,,
HSCB,UMI_fraction_0.75,300,Rod;Cone;Bipolar;RGC;Muller glia,Muller glia,Muller glia,300,0.9833333333333333,0.9833333333333333,0.0,0.0,0.0,0.0,0.0,0.016666666666666666,0.9833333333333333,,
HTRA3,UMI_fraction_0.75,300,Rod;Cone;Bipolar;RGC;Muller glia,Muller glia,Muller glia,224,0.7466666666666667,0.7466666666666667,0.25333333333333335,0.0,0.0,0.0,0.0,0.0,0.7466666666666667,,
IFT172,UMI_fraction_0.75,300,Rod;Cone;Bipolar;RGC;Muller glia,Rod,Rod,300,0.78,0.78,0.0,0.0,0.78,0.22,0.0,0.0,0.0,,
INPP5B,UMI_fraction_0.75,300,Rod;Cone;Bipolar;RGC;Muller glia,RGC,RGC,300,0.9666666666666667,0.9666666666666667,0.0,0.0,0.0,0.0,0.01,0.9666666666666667,0.023333333333333334,,
ITGB3,UMI_fraction_0.75,300,Rod;Cone;Bipolar;RGC;Muller glia,,,0,,0.0,1.0,0.0,0.0,0.0,0.0,0.0,0.0,,
KANSL1,UMI_fraction_0.75,300,Rod;Cone;Bipolar;RGC;Muller glia,RGC,RGC,300,0.87,0.87,0.0,0.0,0.0,0.0,0.13,0.87,0.0,,
KANSL1-AS1,UMI_fraction_0.75,300,Rod;Cone;Bipolar;RGC;Muller glia,Rod,Rod,300,0.8666666666666667,0.8666666666666667,0.0,0.0,0.8666666666666667,0.0,0.0,0.11666666666666667,0.016666666666666666,,
KHK,UMI_fraction_0.75,300,Rod;Cone;Bipolar;RGC;Muller glia,RGC,RGC,300,1.0,1.0,0.0,0.0,0.0,0.0,0.0,1.0,0.0,,
KLF5,UMI_fraction_0.75,300,Rod;Cone;Bipolar;RGC;Muller glia,Rod,Rod,299,0.8166666666666667,0.8166666666666667,0.0033333333333333335,0.0,0.8166666666666667,0.0,0.18,0.0,0.0,,
LHPP,UMI_fraction_0.75,300,Rod;Cone;Bipolar;RGC;Muller glia,RGC,RGC,300,0.68,0.68,0.0,0.0,0.0,0.31666666666666665,0.0,0.68,0.0033333333333333335,,
LINC01948,UMI_fraction_0.75,300,Rod;Cone;Bipolar;RGC;Muller glia,Bipolar,Bipolar,294,0.98,0.98,0.02,0.0,0.0,0.0,0.98,0.0,0.0,,
LMO4,UMI_fraction_0.75,300,Rod;Cone;Bipolar;RGC;Muller glia,RGC,RGC,300,1.0,1.0,0.0,0.0,0.0,0.0,0.0,1.0,0.0,,
LMO7,UMI_fraction_0.75,300,Rod;Cone;Bipolar;RGC;Muller glia,Rod,Rod,300,0.7866666666666666,0.7866666666666666,0.0,0.0,0.7866666666666666,0.21,0.0,0.0,0.0033333333333333335,,
LOXL1,UMI_fraction_0.75,300,Rod;Cone;Bipolar;RGC;Muller glia,RGC,RGC,300,0.9466666666666667,0.9466666666666667,0.0,0.0,0.0,0.0,0.0,0.9466666666666667,0.05333333333333334,,
LOXL1-AS1,UMI_fraction_0.75,300,Rod;Cone;Bipolar;RGC;Muller glia,RGC,RGC,300,0.9833333333333333,0.9833333333333333,0.0,0.0,0.0,0.0,0.0,0.9833333333333333,0.016666666666666666,,
LRRC37A,UMI_fraction_0.75,300,Rod;Cone;Bipolar;RGC;Muller glia,RGC,RGC,300,0.99,0.99,0.0,0.0,0.0033333333333333335,0.006666666666666667,0.0,0.99,0.0,,
LRRC37A2,UMI_fraction_0.75,300,Rod;Cone;Bipolar;RGC;Muller glia,Bipolar,Bipolar,300,0.8066666666666666,0.8066666666666666,0.0,0.0,0.07666666666666666,0.043333333333333335,0.8066666666666666,0.07333333333333333,0.0,,
LRWD1,UMI_fraction_0.75,300,Rod;Cone;Bipolar;RGC;Muller glia,RGC,RGC,300,0.6433333333333333,0.6433333333333333,0.0,0.0,0.3566666666666667,0.0,0.0,0.6433333333333333,0.0,,
LTBP2,UMI_fraction_0.75,300,Rod;Cone;Bipolar;RGC;Muller glia,Bipolar,Bipolar,300,1.0,1.0,0.0,0.0,0.0,0.0,1.0,0.0,0.0,,
LTBP3,UMI_fraction_0.75,300,Rod;Cone;Bipolar;RGC;Muller glia,Muller glia,Muller glia,300,1.0,1.0,0.0,0.0,0.0,0.0,0.0,0.0,1.0,,
MADD,UMI_fraction_0.75,300,Rod;Cone;Bipolar;RGC;Muller glia,Cone,Cone,300,0.9366666666666666,0.9366666666666666,0.0,0.0,0.0,0.9366666666666666,0.0,0.06333333333333334,0.0,,
MAPT,UMI_fraction_0.75,300,Rod;Cone;Bipolar;RGC;Muller glia,Bipolar,Bipolar,300,1.0,1.0,0.0,0.0,0.0,0.0,1.0,0.0,0.0,,
MAPT-AS1,UMI_fraction_0.75,300,Rod;Cone;Bipolar;RGC;Muller glia,Bipolar,Bipolar,300,1.0,1.0,0.0,0.0,0.0,0.0,1.0,0.0,0.0,,
ME3,UMI_fraction_0.75,300,Rod;Cone;Bipolar;RGC;Muller glia,Bipolar,Bipolar,300,1.0,1.0,0.0,0.0,0.0,0.0,1.0,0.0,0.0,,
MOV10,UMI_fraction_0.75,300,Rod;Cone;Bipolar;RGC;Muller glia,Muller glia,Muller glia,300,1.0,1.0,0.0,0.0,0.0,0.0,0.0,0.0,1.0,,
MRPL33,UMI_fraction_0.75,300,Rod;Cone;Bipolar;RGC;Muller glia,Cone,Cone,300,0.65,0.65,0.0,0.0,0.0,0.65,0.35,0.0,0.0,,
MTCH2,UMI_fraction_0.75,300,Rod;Cone;Bipolar;RGC;Muller glia,Cone,Cone,300,0.9733333333333334,0.9733333333333334,0.0,0.0,0.023333333333333334,0.9733333333333334,0.0,0.0033333333333333335,0.0,,
MVB12B,UMI_fraction_0.75,300,Rod;Cone;Bipolar;RGC;Muller glia,RGC,RGC,300,0.9433333333333334,0.9433333333333334,0.0,0.0,0.0,0.0,0.0,0.9433333333333334,0.056666666666666664,,
NEAT1,UMI_fraction_0.75,300,Rod;Cone;Bipolar;RGC;Muller glia,Muller glia,Muller glia,300,0.7466666666666667,0.7466666666666667,0.0,0.0,0.0,0.0,0.0,0.25333333333333335,0.7466666666666667,,
NMT1,UMI_fraction_0.75,300,Rod;Cone;Bipolar;RGC;Muller glia,Cone,Cone,300,0.9966666666666667,0.9966666666666667,0.0,0.0,0.0033333333333333335,0.9966666666666667,0.0,0.0,0.0,,
NPEPPS,UMI_fraction_0.75,300,Rod;Cone;Bipolar;RGC;Muller glia,Cone,Cone,300,0.6266666666666667,0.6266666666666667,0.0,0.0,0.0,0.6266666666666667,0.3466666666666667,0.02666666666666667,0.0,,
NRBP1,UMI_fraction_0.75,300,Rod;Cone;Bipolar;RGC;Muller glia,RGC,RGC,300,0.8266666666666667,0.8266666666666667,0.0,0.0,0.17333333333333334,0.0,0.0,0.8266666666666667,0.0,,
NSF,UMI_fraction_0.75,300,Rod;Cone;Bipolar;RGC;Muller glia,Cone,Cone,300,0.9733333333333334,0.9733333333333334,0.0,0.0,0.0,0.9733333333333334,0.0,0.02666666666666667,0.0,,
NUCB2,UMI_fraction_0.75,300,Rod;Cone;Bipolar;RGC;Muller glia,Rod,Rod,300,1.0,1.0,0.0,0.0,1.0,0.0,0.0,0.0,0.0,,
NUDT7,UMI_fraction_0.75,300,Rod;Cone;Bipolar;RGC;Muller glia,Muller glia,Muller glia,300,1.0,1.0,0.0,0.0,0.0,0.0,0.0,0.0,1.0,,
PDE6C,UMI_fraction_0.75,300,Rod;Cone;Bipolar;RGC;Muller glia,Cone,Cone,300,1.0,1.0,0.0,0.0,0.0,1.0,0.0,0.0,0.0,,
PIBF1,UMI_fraction_0.75,300,Rod;Cone;Bipolar;RGC;Muller glia,Rod,Rod,300,0.49666666666666665,0.49666666666666665,0.0,0.0,0.49666666666666665,0.0,0.0,0.24333333333333335,0.26,,
PIGC,UMI_fraction_0.75,300,Rod;Cone;Bipolar;RGC;Muller glia,RGC,RGC,300,0.99,0.99,0.0,0.0,0.01,0.0,0.0,0.99,0.0,,
PKIB,UMI_fraction_0.75,300,Rod;Cone;Bipolar;RGC;Muller glia,Cone,Cone,300,1.0,1.0,0.0,0.0,0.0,1.0,0.0,0.0,0.0,,
PLCE1,UMI_fraction_0.75,300,Rod;Cone;Bipolar;RGC;Muller glia,Muller glia,Muller glia,300,1.0,1.0,0.0,0.0,0.0,0.0,0.0,0.0,1.0,,
PLEKHA7,UMI_fraction_0.75,300,Rod;Cone;Bipolar;RGC;Muller glia,Cone,Cone,300,1.0,1.0,0.0,0.0,0.0,1.0,0.0,0.0,0.0,,
PLEKHM1,UMI_fraction_0.75,300,Rod;Cone;Bipolar;RGC;Muller glia,Muller glia,Muller glia,300,0.87,0.87,0.0,0.0,0.0033333333333333335,0.0,0.05,0.07666666666666666,0.87,,
PPP1R18,UMI_fraction_0.75,300,Rod;Cone;Bipolar;RGC;Muller glia,Rod,Rod,300,0.96,0.96,0.0,0.0,0.96,0.04,0.0,0.0,0.0,,
PRKCE,UMI_fraction_0.75,300,Rod;Cone;Bipolar;RGC;Muller glia,Bipolar,Bipolar,300,1.0,1.0,0.0,0.0,0.0,0.0,1.0,0.0,0.0,,
PRSS23,UMI_fraction_0.75,300,Rod;Cone;Bipolar;RGC;Muller glia,Bipolar,Bipolar,300,1.0,1.0,0.0,0.0,0.0,0.0,1.0,0.0,0.0,,
RAPSN,UMI_fraction_0.75,300,Rod;Cone;Bipolar;RGC;Muller glia,Muller glia,Muller glia,287,0.9566666666666667,0.9566666666666667,0.043333333333333335,0.0,0.0,0.0,0.0,0.0,0.9566666666666667,,
RERE,UMI_fraction_0.75,300,Rod;Cone;Bipolar;RGC;Muller glia,Bipolar,Bipolar,300,0.8266666666666667,0.8266666666666667,0.0,0.0,0.0,0.016666666666666666,0.8266666666666667,0.15666666666666668,0.0,,
RIC8B,UMI_fraction_0.75,300,Rod;Cone;Bipolar;RGC;Muller glia,Rod,Rod,300,1.0,1.0,0.0,0.0,1.0,0.0,0.0,0.0,0.0,,
RORA,UMI_fraction_0.75,300,Rod;Cone;Bipolar;RGC;Muller glia,Cone,Cone,300,1.0,1.0,0.0,0.0,0.0,1.0,0.0,0.0,0.0,,
RP11-217B7.2,UMI_fraction_0.75,300,Rod;Cone;Bipolar;RGC;Muller glia,Rod,Rod,300,1.0,1.0,0.0,0.0,1.0,0.0,0.0,0.0,0.0,,
RP11-302L19.3,UMI_fraction_0.75,300,Rod;Cone;Bipolar;RGC;Muller glia,Cone,Cone,285,0.78,0.78,0.05,0.0,0.17,0.78,0.0,0.0,0.0,,
RP11-403A3.3,UMI_fraction_0.75,300,Rod;Cone;Bipolar;RGC;Muller glia,RGC,RGC,229,0.7633333333333333,0.7633333333333333,0.23666666666666666,0.0,0.0,0.0,0.0,0.7633333333333333,0.0,,
RP11-412D9.4,UMI_fraction_0.75,300,Rod;Cone;Bipolar;RGC;Muller glia,Bipolar,Bipolar,300,0.9833333333333333,0.9833333333333333,0.0,0.0,0.016666666666666666,0.0,0.9833333333333333,0.0,0.0,,
RP11-507B12.2,UMI_fraction_0.75,300,Rod;Cone;Bipolar;RGC;Muller glia,Muller glia,Muller glia,217,0.7233333333333334,0.7233333333333334,0.27666666666666667,0.0,0.0,0.0,0.0,0.0,0.7233333333333334,,
RP11-669E14.6,UMI_fraction_0.75,300,Rod;Cone;Bipolar;RGC;Muller glia,RGC,RGC,300,0.68,0.68,0.0,0.0,0.006666666666666667,0.0,0.31,0.68,0.0033333333333333335,,
RP11-755F10.1,UMI_fraction_0.75,300,Rod;Cone;Bipolar;RGC;Muller glia,RGC,RGC,300,0.7566666666666667,0.7566666666666667,0.0,0.0,0.01,0.23333333333333334,0.0,0.7566666666666667,0.0,,
RP11-798G7.6,UMI_fraction_0.75,300,Rod;Cone;Bipolar;RGC;Muller glia,Rod,Rod,300,0.7066666666666667,0.7066666666666667,0.0,0.0,0.7066666666666667,0.0,0.0,0.0,0.29333333333333333,,
RP5-1115A15.1,UMI_fraction_0.75,300,Rod;Cone;Bipolar;RGC;Muller glia,Rod,Rod,223,0.7433333333333333,0.7433333333333333,0.25666666666666665,0.0,0.7433333333333333,0.0,0.0,0.0,0.0,,
SCRN2,UMI_fraction_0.75,300,Rod;Cone;Bipolar;RGC;Muller glia,Muller glia,Muller glia,300,1.0,1.0,0.0,0.0,0.0,0.0,0.0,0.0,1.0,,
SEMA3E,UMI_fraction_0.75,300,Rod;Cone;Bipolar;RGC;Muller glia,Bipolar,Bipolar,300,1.0,1.0,0.0,0.0,0.0,0.0,1.0,0.0,0.0,,
SEPT7,UMI_fraction_0.75,300,Rod;Cone;Bipolar;RGC;Muller glia,RGC,RGC,300,1.0,1.0,0.0,0.0,0.0,0.0,0.0,1.0,0.0,,
SF3A3,UMI_fraction_0.75,300,Rod;Cone;Bipolar;RGC;Muller glia,Bipolar,Bipolar,300,1.0,1.0,0.0,0.0,0.0,0.0,1.0,0.0,0.0,,
SFTA1P,UMI_fraction_0.75,300,Rod;Cone;Bipolar;RGC;Muller glia,Muller glia,Muller glia,277,0.9233333333333333,0.9233333333333333,0.07666666666666666,0.0,0.0,0.0,0.0,0.0,0.9233333333333333,,
SGSM2,UMI_fraction_0.75,300,Rod;Cone;Bipolar;RGC;Muller glia,Cone,Cone,300,0.6866666666666666,0.6866666666666666,0.0,0.0,0.0,0.6866666666666666,0.31,0.0033333333333333335,0.0,,
SLC25A45,UMI_fraction_0.75,300,Rod;Cone;Bipolar;RGC;Muller glia,RGC,RGC,300,0.6533333333333333,0.6533333333333333,0.0,0.0,0.0,0.0,0.02,0.6533333333333333,0.32666666666666666,,
SLC39A13,UMI_fraction_0.75,300,Rod;Cone;Bipolar;RGC;Muller glia,RGC,RGC,300,0.44333333333333336,0.44333333333333336,0.0,0.0,0.0,0.19666666666666666,0.0,0.44333333333333336,0.36,,
SMAD6,UMI_fraction_0.75,300,Rod;Cone;Bipolar;RGC;Muller glia,Muller glia,Muller glia,300,1.0,1.0,0.0,0.0,0.0,0.0,0.0,0.0,1.0,,
TARID,UMI_fraction_0.75,300,Rod;Cone;Bipolar;RGC;Muller glia,Cone,Cone,283,0.75,0.75,0.056666666666666664,0.0,0.0,0.75,0.19333333333333333,0.0,0.0,,
TBC1D31,UMI_fraction_0.75,300,Rod;Cone;Bipolar;RGC;Muller glia,RGC,RGC,300,0.68,0.68,0.0,0.0,0.056666666666666664,0.20666666666666667,0.023333333333333334,0.68,0.03333333333333333,,
TBKBP1,UMI_fraction_0.75,300,Rod;Cone;Bipolar;RGC;Muller glia,Bipolar,Bipolar,300,0.5566666666666666,0.5566666666666666,0.0,0.0,0.0,0.0,0.5566666666666666,0.44333333333333336,0.0,,
TBPL1,UMI_fraction_0.75,300,Rod;Cone;Bipolar;RGC;Muller glia,RGC,RGC,300,0.52,0.52,0.0,0.0,0.0,0.0,0.48,0.52,0.0,,
TGFB3,UMI_fraction_0.75,300,Rod;Cone;Bipolar;RGC;Muller glia,Muller glia,Muller glia,300,0.9466666666666667,0.9466666666666667,0.0,0.0,0.05333333333333334,0.0,0.0,0.0,0.9466666666666667,,
THCAT158,UMI_fraction_0.75,300,Rod;Cone;Bipolar;RGC;Muller glia,Muller glia,Muller glia,300,0.7766666666666666,0.7766666666666666,0.0,0.0,0.22333333333333333,0.0,0.0,0.0,0.7766666666666666,,
THSD7A,UMI_fraction_0.75,300,Rod;Cone;Bipolar;RGC;Muller glia,Bipolar,Bipolar,300,1.0,1.0,0.0,0.0,0.0,0.0,1.0,0.0,0.0,,
TIGD3,UMI_fraction_0.75,300,Rod;Cone;Bipolar;RGC;Muller glia,Bipolar,Bipolar,300,1.0,1.0,0.0,0.0,0.0,0.0,1.0,0.0,0.0,,
TMEM116,UMI_fraction_0.75,300,Rod;Cone;Bipolar;RGC;Muller glia,Rod,Rod,300,0.9766666666666667,0.9766666666666667,0.0,0.0,0.9766666666666667,0.0,0.0,0.0,0.023333333333333334,,
TMEM136,UMI_fraction_0.75,300,Rod;Cone;Bipolar;RGC;Muller glia,Rod,Rod,300,1.0,1.0,0.0,0.0,1.0,0.0,0.0,0.0,0.0,,
TMEM181,UMI_fraction_0.75,300,Rod;Cone;Bipolar;RGC;Muller glia,RGC,RGC,300,0.6233333333333333,0.6233333333333333,0.0,0.0,0.0,0.37333333333333335,0.0033333333333333335,0.6233333333333333,0.0,,
TMEM263,UMI_fraction_0.75,300,Rod;Cone;Bipolar;RGC;Muller glia,Muller glia,Muller glia,300,1.0,1.0,0.0,0.0,0.0,0.0,0.0,0.0,1.0,,
TRIM26,UMI_fraction_0.75,300,Rod;Cone;Bipolar;RGC;Muller glia,Rod,Rod,300,0.9966666666666667,0.9966666666666667,0.0,0.0,0.9966666666666667,0.0,0.0033333333333333335,0.0,0.0,,
TRIOBP,UMI_fraction_0.75,300,Rod;Cone;Bipolar;RGC;Muller glia,Bipolar,Bipolar,300,0.5533333333333333,0.5533333333333333,0.0,0.0,0.0,0.0,0.5533333333333333,0.0,0.44666666666666666,,
TSC22D2,UMI_fraction_0.75,300,Rod;Cone;Bipolar;RGC;Muller glia,Muller glia,Muller glia,300,1.0,1.0,0.0,0.0,0.0,0.0,0.0,0.0,1.0,,
TTC28,UMI_fraction_0.75,300,Rod;Cone;Bipolar;RGC;Muller glia,Bipolar,Bipolar,300,0.8866666666666667,0.8866666666666667,0.0,0.0,0.0,0.0,0.8866666666666667,0.11333333333333333,0.0,,
TTLL5,UMI_fraction_0.75,300,Rod;Cone;Bipolar;RGC;Muller glia,Rod,Rod,300,1.0,1.0,0.0,0.0,1.0,0.0,0.0,0.0,0.0,,
TXNRD2,UMI_fraction_0.75,300,Rod;Cone;Bipolar;RGC;Muller glia,Bipolar,Bipolar,300,1.0,1.0,0.0,0.0,0.0,0.0,1.0,0.0,0.0,,
UTP11,UMI_fraction_0.75,300,Rod;Cone;Bipolar;RGC;Muller glia,RGC,RGC,300,0.6633333333333333,0.6633333333333333,0.0,0.0,0.04,0.22,0.07666666666666666,0.6633333333333333,0.0,,
VARS2,UMI_fraction_0.75,300,Rod;Cone;Bipolar;RGC;Muller glia,Muller glia,Muller glia,300,0.98,0.98,0.0,0.0,0.0,0.0,0.02,0.0,0.98,,
VCAM1,UMI_fraction_0.75,300,Rod;Cone;Bipolar;RGC;Muller glia,Muller glia,Muller glia,300,1.0,1.0,0.0,0.0,0.0,0.0,0.0,0.0,1.0,,
WLS,UMI_fraction_0.75,300,Rod;Cone;Bipolar;RGC;Muller glia,Rod,Rod,300,0.97,0.97,0.0,0.0,0.97,0.03,0.0,0.0,0.0,,
WNT2B,UMI_fraction_0.75,300,Rod;Cone;Bipolar;RGC;Muller glia,Muller glia,Muller glia,300,0.9033333333333333,0.9033333333333333,0.0,0.0,0.09666666666666666,0.0,0.0,0.0,0.9033333333333333,,
XXbac-BPG170G13.32,UMI_fraction_0.75,300,Rod;Cone;Bipolar;RGC;Muller glia,Muller glia,Muller glia,239,0.7966666666666666,0.7966666666666666,0.20333333333333334,0.0,0.0,0.0,0.0,0.0,0.7966666666666666,,
YAP1,UMI_fraction_0.75,300,Rod;Cone;Bipolar;RGC;Muller glia,Muller glia,Muller glia,300,1.0,1.0,0.0,0.0,0.0,0.0,0.0,0.0,1.0,,
YIF1A,UMI_fraction_0.75,300,Rod;Cone;Bipolar;RGC;Muller glia,Muller glia,Muller glia,300,1.0,1.0,0.0,0.0,0.0,0.0,0.0,0.0,1.0,,
ZNF280D,UMI_fraction_0.75,300,Rod;Cone;Bipolar;RGC;Muller glia,Bipolar,Bipolar,300,0.67,0.67,0.0,0.0,0.0,0.0,0.67,0.33,0.0,,
ZNF638,UMI_fraction_0.75,300,Rod;Cone;Bipolar;RGC;Muller glia,RGC,RGC,300,0.62,0.62,0.0,0.0,0.0,0.0,0.38,0.62,0.0,,
