gene,study,source_variant_id,position,reason
NPC2,GCST90011766,rs58429599:74085327:GAAAAT:G,73618623,position_absent_in_GWAS
NPC2,GCST90011766,rs67656337:74086623:C:CT,73619919,position_absent_in_GWAS
NPC2,GCST90011766,rs66884513:74087938:CG:C,73621234,position_absent_in_GWAS
NPC2,GCST90011766,rs66727007:74087941:CA:C,73621237,position_absent_in_GWAS
NPC2,GCST90011766,rs201928779:74089621:G:GT,73622917,position_absent_in_GWAS
NPC2,GCST90011766,rs151231344:74092985:CA:C,73626281,position_absent_in_GWAS
NPC2,GCST90011766,rs60392311:74093365:TA:T,73626661,position_absent_in_GWAS
NPC2,GCST90011766,rs71112783:74094523:AT:A,73627819,position_absent_in_GWAS
NPC2,GCST90011766,rs138956191:74094997:CAT:C,73628293,position_absent_in_GWAS
NPC2,GCST90011766,rs59345677:74095602:CA:C,73628898,position_absent_in_GWAS
NPC2,GCST90011766,rs71112784:74095760:C:CA,73629056,position_absent_in_GWAS
NPC2,GCST90011766,rs145127767:74099128:CTTCCAGAACCA:C,73632424,position_absent_in_GWAS
NPC2,GCST90011766,rs199544681:74099563:AG:A,73632859,position_absent_in_GWAS
NPC2,GCST90011766,rs138746241:74102783:GC:G,73636080,position_absent_in_GWAS
NPC2,GCST90011766,rs200312739:74103278:TCAAA:T,73636575,position_absent_in_GWAS
NPC2,GCST90011766,rs11320189:74105280:CA:C,73638577,position_absent_in_GWAS
NPC2,GCST90011766,rs5809622:74107448:TA:T,73640745,position_absent_in_GWAS
NPC2,GCST90011766,rs138276373:74107792:CA:C,73641089,position_absent_in_GWAS
NPC2,GCST90011766,rs10716422:74110260:GT:G,73643557,position_absent_in_GWAS
NPC2,GCST90011766,rs35544357:74110928:AT:A,73644225,position_absent_in_GWAS
NPC2,GCST90011766,rs139150382:74111120:AATTATT:A,73644417,position_absent_in_GWAS
NPC2,GCST90011766,rs201091492:74114070:AAAAAAAAAAAAAAAG:A,73647367,position_absent_in_GWAS
NPC2,GCST90011766,14:74125864:AT:A,73659161,position_absent_in_GWAS
NPC2,GCST90011766,rs143340050:74126796:A:AT,73660093,position_absent_in_GWAS
NPC2,GCST90011766,rs112233204:74131562:TA:T,73664859,position_absent_in_GWAS
NPC2,GCST90011766,rs35746041:74139310:CA:C,73672607,position_absent_in_GWAS
NPC2,GCST90011766,rs11403998:74140589:G:GA,73673886,position_absent_in_GWAS
NPC2,GCST90011766,rs150007114:74141888:TTC:T,73675185,position_absent_in_GWAS
NPC2,GCST90011766,rs75678079:74143666:AT:A,73676963,position_absent_in_GWAS
NPC2,GCST90011766,rs142899983:74146582:CT:C,73679879,position_absent_in_GWAS
NPC2,GCST90011766,rs145987029:74147795:TTTG:T,73681092,position_absent_in_GWAS
NPC2,GCST90011766,rs74378828:74151634:CATTT:C,73684931,position_absent_in_GWAS
NPC2,GCST90011766,rs140633074:74151836:CAT:C,73685133,position_absent_in_GWAS
NPC2,GCST90011766,14:74152163:A:AT,73685460,position_absent_in_GWAS
NPC2,GCST90011766,rs11312662:74156754:AG:A,73690051,position_absent_in_GWAS
NPC2,GCST90011766,rs35404058:74158699:CTT:C,73691996,position_absent_in_GWAS
NPC2,GCST90011766,rs72413615:74159313:GA:G,73692610,position_absent_in_GWAS
NPC2,GCST90011766,rs5809627:74167061:GA:G,73700358,position_absent_in_GWAS
NPC2,GCST90011766,rs11287416:74168084:TA:T,73701381,position_absent_in_GWAS
NPC2,GCST90011766,rs370710507:74172924:CT:C,73706221,position_absent_in_GWAS
NPC2,GCST90011766,rs200911280:74173376:CG:C,73706673,position_absent_in_GWAS
NPC2,GCST90011766,rs372732969:74173432:GA:G,73706729,position_absent_in_GWAS
NPC2,GCST90011766,rs202246877:74175816:ACT:A,73709113,position_absent_in_GWAS
NPC2,GCST90011766,rs200776761:74176106:TG:T,73709403,position_absent_in_GWAS
NPC2,GCST90011766,14:74177799:AT:A,73711096,position_absent_in_GWAS
NPC2,GCST90011766,rs1305033:74179050:CTGGCATT:C,73712347,position_absent_in_GWAS
NPC2,GCST90011766,rs35626305:74183215:TA:T,73716512,position_absent_in_GWAS
NPC2,GCST90011766,rs113901874:74186497:CACCT:C,73719794,position_absent_in_GWAS
NPC2,GCST90011766,rs143224767:74192968:AGGG:A,73726265,position_absent_in_GWAS
NPC2,GCST90011766,rs10566700:74194957:TA:T,73728254,position_absent_in_GWAS
NPC2,GCST90011766,rs201822325:74196266:GC:G,73729563,position_absent_in_GWAS
NPC2,GCST90011766,rs138782626:74198904:CTG:C,73732201,position_absent_in_GWAS
NPC2,GCST90011766,rs147940377:74199053:GAAA:G,73732350,position_absent_in_GWAS
NPC2,GCST90011766,rs11378988:74203335:G:GA,73736632,position_absent_in_GWAS
NPC2,GCST90011766,14:74204476:CTTTTTTTTTTT:C,73737773,position_absent_in_GWAS
NPC2,GCST90011766,rs72365435:74205198:GCAGCCGCC:G,73738495,position_absent_in_GWAS
NPC2,GCST90011766,14:74208345:CGCTCCTCTGCAGGCTTCCGCA:C,73741642,position_absent_in_GWAS
NPC2,GCST90011766,rs10137796:74210766:T:A,73744063,position_absent_in_GWAS
NPC2,GCST90011766,rs138721645:74211397:CCT:C,73744694,position_absent_in_GWAS
NPC2,GCST90011766,rs34545428:74213416:CA:C,73746713,position_absent_in_GWAS
NPC2,GCST90011766,rs55972902:74215471:CAA:C,73748768,position_absent_in_GWAS
NPC2,GCST90011766,rs11328827:74216005:GC:G,73749302,position_absent_in_GWAS
NPC2,GCST90011766,rs34820384:74220572:A:AG,73753869,position_absent_in_GWAS
NPC2,GCST90011766,rs10708298:74226840:GA:G,73760137,position_absent_in_GWAS
NPC2,GCST90011766,rs59819061:74235214:CTTTTTTTT:C,73768511,position_absent_in_GWAS
NPC2,GCST90011766,rs71460918:74236292:T:TTTTTG,73769589,position_absent_in_GWAS
NPC2,GCST90011766,rs57653729:74236616:TG:T,73769913,position_absent_in_GWAS
NPC2,GCST90011766,rs150185844:74239540:TTTG:T,73772837,position_absent_in_GWAS
NPC2,GCST90011766,rs35223288:74248264:CCT:C,73781561,position_absent_in_GWAS
NPC2,GCST90011766,rs146806755:74254599:TAG:T,73787896,position_absent_in_GWAS
NPC2,GCST90011766,rs34093953:74258238:GTAA:G,73791535,position_absent_in_GWAS
NPC2,GCST90011766,rs201541691:74260176:C:CA,73793473,position_absent_in_GWAS
NPC2,GCST90011766,rs66461070:74263978:CA:C,73797275,position_absent_in_GWAS
NPC2,GCST90011766,rs56352049:74265306:TA:T,73798603,position_absent_in_GWAS
NPC2,GCST90011766,rs35887597:74265691:TA:T,73798988,position_absent_in_GWAS
NPC2,GCST90011766,rs371090029:74267124:CA:C,73800421,position_absent_in_GWAS
NPC2,GCST90011766,rs71460924:74270310:T:TA,73803607,position_absent_in_GWAS
NPC2,GCST90011766,rs34461029:74272792:CA:C,73806089,position_absent_in_GWAS
NPC2,GCST90011766,14:74274844:CT:C,73808141,position_absent_in_GWAS
NPC2,GCST90011766,rs56258737:74278762:C:CA,73812059,position_absent_in_GWAS
NPC2,GCST90011766,rs36004173:74280699:TA:T,73813996,position_absent_in_GWAS
NPC2,GCST90011766,14:74281714:C:CA,73815011,position_absent_in_GWAS
NPC2,GCST90011766,rs72302283:74283064:GGAGA:G,73816361,position_absent_in_GWAS
NPC2,GCST90011766,rs139609064:74284920:GC:G,73818217,position_absent_in_GWAS
NPC2,GCST90011766,rs375416968:74285266:TA:T,73818563,position_absent_in_GWAS
NPC2,GCST90011766,14:74285980:CT:C,73819277,position_absent_in_GWAS
NPC2,GCST90011766,14:74286463:CA:C,73819760,position_absent_in_GWAS
NPC2,GCST90011766,rs34270929:74288951:CT:C,73822248,position_absent_in_GWAS
NPC2,GCST90011766,rs11439716:74290781:C:CT,73824078,position_absent_in_GWAS
NPC2,GCST90011766,rs10616022:74291116:AAGAC:A,73824413,position_absent_in_GWAS
NPC2,GCST90011766,rs35244712:74292444:TAA:T,73825741,position_absent_in_GWAS
NPC2,GCST90011766,rs141229211:74292904:AG:A,73826201,position_absent_in_GWAS
NPC2,GCST90011766,rs201733568:74294642:C:CT,73827939,position_absent_in_GWAS
NPC2,GCST90011766,14:74294643:C:CAT,73827940,position_absent_in_GWAS
NPC2,GCST90011766,rs200841037:74294644:G:GC,73827941,position_absent_in_GWAS
NPC2,GCST90011766,rs201037083:74294908:TATATAC:T,73828205,position_absent_in_GWAS
NPC2,GCST90011766,rs142964019:74295081:TCTGA:T,73828378,position_absent_in_GWAS
NPC2,GCST90011766,rs201327034:74297613:TTTC:T,73830910,position_absent_in_GWAS
NPC2,GCST90011766,rs11424982:74300164:C:CT,73833461,position_absent_in_GWAS
NPC2,GCST90011766,rs375607491:74301665:TTA:T,73834962,position_absent_in_GWAS
NPC2,GCST90011766,rs11409207:74304490:A:AT,73837787,position_absent_in_GWAS
NPC2,GCST90011766,rs142598223:74305009:CT:C,73838306,position_absent_in_GWAS
NPC2,GCST90011766,rs145857052:74306627:C:CT,73839924,position_absent_in_GWAS
NPC2,GCST90011766,rs202173357:74307097:CA:C,73840394,position_absent_in_GWAS
NPC2,GCST90011766,rs58805214:74308515:ATGTTTT:A,73841812,position_absent_in_GWAS
NPC2,GCST90011766,rs3076694:74310270:C:CCCCT,73843567,position_absent_in_GWAS
NPC2,GCST90011766,14:74310885:CA:C,73844182,position_absent_in_GWAS
NPC2,GCST90011766,rs58789771:74311607:AT:A,73844904,position_absent_in_GWAS
NPC2,GCST90011766,rs56364415:74311904:AT:A,73845201,position_absent_in_GWAS
NPC2,GCST90011766,rs56371410:74312919:CAA:C,73846216,position_absent_in_GWAS
NPC2,GCST90011766,rs372660914:74314670:ATTTTTTTTTTTTTTTTTTTTT:A,73847967,position_absent_in_GWAS
NPC2,GCST90011766,rs60352417:74316664:CAAAAAAAAAAAA:C,73849961,position_absent_in_GWAS
NPC2,GCST90011766,rs11292350:74320051:GT:G,73853348,position_absent_in_GWAS
NPC2,GCST90011766,rs34887856:74323116:A:AT,73856413,position_absent_in_GWAS
NPC2,GCST90011766,rs143781299:74323820:CAG:C,73857117,position_absent_in_GWAS
NPC2,GCST90011766,rs35564304:74325016:GA:G,73858313,position_absent_in_GWAS
NPC2,GCST90011766,rs5809632:74326487:TA:T,73859784,position_absent_in_GWAS
NPC2,GCST90011766,rs35206130:74326568:G:GT,73859865,position_absent_in_GWAS
NPC2,GCST90011766,14:74333791:CAAAA:C,73867088,position_absent_in_GWAS
NPC2,GCST90011766,rs35088714:74334205:TA:T,73867502,position_absent_in_GWAS
NPC2,GCST90011766,rs34798468:74336276:CA:C,73869573,position_absent_in_GWAS
NPC2,GCST90011766,14:74336896:C:CT,73870193,position_absent_in_GWAS
NPC2,GCST90011766,rs140534483:74340021:AAAAG:A,73873318,position_absent_in_GWAS
NPC2,GCST90011766,rs373183552:74340168:CT:C,73873465,position_absent_in_GWAS
NPC2,GCST90011766,rs202193452:74342441:CT:C,73875738,position_absent_in_GWAS
NPC2,GCST90011766,rs150196513:74343979:AT:A,73877276,position_absent_in_GWAS
NPC2,GCST90011766,rs112355112:74347121:CA:C,73880418,position_absent_in_GWAS
NPC2,GCST90011766,rs111478120:74350063:CT:C,73883360,position_absent_in_GWAS
NPC2,GCST90011766,rs66810906:74356513:TTC:T,73889810,position_absent_in_GWAS
NPC2,GCST90011766,rs34857294:74357794:CT:C,73891091,position_absent_in_GWAS
NPC2,GCST90011766,rs140665239:74358703:CCT:C,73892000,position_absent_in_GWAS
NPC2,GCST90011766,rs34199208:74362244:T:TA,73895541,position_absent_in_GWAS
NPC2,GCST90011766,14:74364674:CA:C,73897971,position_absent_in_GWAS
NPC2,GCST90011766,rs75896997:74365332:GT:G,73898629,position_absent_in_GWAS
NPC2,GCST90011766,rs201313257:74368773:GT:G,73902070,position_absent_in_GWAS
NPC2,GCST90011766,rs35370876:74371467:TA:T,73904764,position_absent_in_GWAS
NPC2,GCST90011766,rs369772096:74373011:CT:C,73906308,position_absent_in_GWAS
NPC2,GCST90011766,rs201352270:74375551:T:G,73908848,position_absent_in_GWAS
NPC2,GCST90011766,rs371940267:74376310:TG:T,73909607,position_absent_in_GWAS
NPC2,GCST90011766,rs34162465:74378872:CT:C,73912169,position_absent_in_GWAS
NPC2,GCST90011766,rs113148965:74379013:CA:C,73912310,position_absent_in_GWAS
NPC2,GCST90011766,rs371094338:74379573:CT:C,73912870,position_absent_in_GWAS
NPC2,GCST90011766,rs112532996:74379752:AT:A,73913049,position_absent_in_GWAS
NPC2,GCST90011766,rs199555385:74381964:C:CA,73915261,position_absent_in_GWAS
NPC2,GCST90011766,rs34020079:74383513:CAA:C,73916810,position_absent_in_GWAS
NPC2,GCST90011766,rs34270029:74383664:CAG:C,73916961,position_absent_in_GWAS
NPC2,GCST90011766,rs71305806:74391386:C:CT,73924683,position_absent_in_GWAS
NPC2,GCST90011766,rs58959688:74392136:CT:C,73925433,position_absent_in_GWAS
NPC2,GCST90011766,rs34942142:74393444:TG:T,73926741,position_absent_in_GWAS
NPC2,GCST90011766,rs11461357:74394535:A:AT,73927832,position_absent_in_GWAS
NPC2,GCST90011766,rs11452149:74396516:T:TA,73929813,position_absent_in_GWAS
NPC2,GCST90011766,rs11421857:74402251:T:TA,73935548,position_absent_in_GWAS
NPC2,GCST90011766,rs200473639:74403777:CAT:C,73937074,position_absent_in_GWAS
NPC2,GCST90011766,rs5809637:74403798:GA:G,73937095,position_absent_in_GWAS
NPC2,GCST90011766,14:74407811:CTT:C,73941108,position_absent_in_GWAS
NPC2,GCST90011766,rs60789767:74414088:C:CA,73947385,position_absent_in_GWAS
NPC2,GCST90011766,rs60171220:74414628:AT:A,73947925,position_absent_in_GWAS
NPC2,GCST90011766,rs35341495:74416222:A:AT,73949519,position_absent_in_GWAS
NPC2,GCST90011766,rs148549829:74416403:TTTCTC:T,73949700,position_absent_in_GWAS
NPC2,GCST90011766,rs149145286:74418078:CTT:C,73951375,position_absent_in_GWAS
NPC2,GCST90011766,rs143983947:74420524:ATGT:A,73953821,position_absent_in_GWAS
NPC2,GCST90011766,14:74421657:AT:A,73954954,position_absent_in_GWAS
NPC2,GCST90011766,rs143222231:74423356:ATCCACTT:A,73956653,position_absent_in_GWAS
NPC2,GCST90011766,rs141459361:74429264:G:GA,73962561,position_absent_in_GWAS
NPC2,GCST90011766,rs57794133:74429409:TTA:T,73962706,position_absent_in_GWAS
NPC2,GCST90011766,14:74434502:CAA:C,73967799,position_absent_in_GWAS
NPC2,GCST90011766,rs139171971:74436002:CAG:C,73969299,position_absent_in_GWAS
NPC2,GCST90011766,rs113156308:74437865:GT:G,73971162,position_absent_in_GWAS
NPC2,GCST90011766,rs11320515:74439382:TA:T,73972679,position_absent_in_GWAS
NPC2,GCST90011766,14:74442106:CTT:C,73975403,position_absent_in_GWAS
NPC2,GCST90011766,rs113384416:74445304:C:CAAACA,73978601,position_absent_in_GWAS
NPC2,GCST90011766,14:74446175:C:CT,73979472,position_absent_in_GWAS
NPC2,GCST90011766,rs140409853:74448197:G:GTA,73981494,position_absent_in_GWAS
NPC2,GCST90011766,rs56117033:74448510:CA:C,73981807,position_absent_in_GWAS
NPC2,GCST90011766,rs71907518:74449980:CCT:C,73983277,position_absent_in_GWAS
NPC2,GCST90011766,rs201370826:74450396:TA:T,73983693,position_absent_in_GWAS
NPC2,GCST90011766,rs145826937:74450764:CTT:C,73984061,position_absent_in_GWAS
NPC2,GCST90011766,rs199818408:74453706:AT:A,73987003,position_absent_in_GWAS
NPC2,GCST90011766,rs67647627:74458311:CA:C,73991608,position_absent_in_GWAS
NPC2,GCST90011766,rs199594365:74459386:CAAAAAAAA:C,73992683,position_absent_in_GWAS
NPC2,GCST90011766,rs199579611:74460636:AAC:A,73993933,position_absent_in_GWAS
NPC2,GCST90011766,rs34061808:74461751:AT:A,73995048,position_absent_in_GWAS
NPC2,GCST90011766,rs35138656:74462288:AAAT:A,73995585,position_absent_in_GWAS
NPC2,GCST90011766,rs34536315:74466790:CA:C,74000087,position_absent_in_GWAS
NPC2,GCST90011766,rs148678859:74470893:CAG:C,74004190,position_absent_in_GWAS
NPC2,GCST90011766,rs200270127:74474068:T:TA,74007365,position_absent_in_GWAS
NPC2,GCST90011766,rs372239362:74474534:AAT:A,74007831,position_absent_in_GWAS
NPC2,GCST90011766,rs147211263:74475856:CAGA:C,74009153,position_absent_in_GWAS
NPC2,GCST90011766,rs57848975:74477257:C:CA,74010554,position_absent_in_GWAS
NPC2,GCST90011766,rs142371267:74481093:CA:C,74014390,position_absent_in_GWAS
NPC2,GCST90011766,rs72486473:74484029:AAG:A,74017326,position_absent_in_GWAS
NPC2,GCST90011766,rs375780216:74484272:ACT:A,74017569,position_absent_in_GWAS
NPC2,GCST90011766,rs11287731:74486946:AT:A,74020243,position_absent_in_GWAS
NPC2,GCST90011766,rs33959730:74487208:CT:C,74020505,position_absent_in_GWAS
NPC2,GCST90011766,rs202166090:74492608:T:TG,74025905,position_absent_in_GWAS
NPC2,GCST90011766,14:74492843:C:CA,74026140,position_absent_in_GWAS
NPC2,GCST90011766,rs200271464:74493618:ACT:A,74026915,position_absent_in_GWAS
NPC2,GCST90011766,rs201489319:74493633:GAA:G,74026930,position_absent_in_GWAS
NPC2,GCST90011766,rs147466614:74495218:T:TAGAA,74028515,position_absent_in_GWAS
NPC2,GCST90011766,14:74495651:C:CCACA,74028948,position_absent_in_GWAS
NPC2,GCST90011766,rs201835078:74499192:C:CT,74032489,position_absent_in_GWAS
NPC2,GCST90011766,rs71115945:74499919:AT:A,74033216,position_absent_in_GWAS
NPC2,GCST90011766,rs141637204:74501929:TA:T,74035226,position_absent_in_GWAS
NPC2,GCST90011766,rs72129796:74502559:TCACA:T,74035856,position_absent_in_GWAS
NPC2,GCST90011766,rs35769157:74503386:C:CA,74036683,position_absent_in_GWAS
NPC2,GCST90011766,rs201370950:74505110:AT:A,74038407,position_absent_in_GWAS
NPC2,GCST90011766,rs35078321:74506298:A:AT,74039595,position_absent_in_GWAS
NPC2,GCST90011766,rs141688431:74506763:TCA:T,74040060,position_absent_in_GWAS
NPC2,GCST90011766,rs72019658:74508740:AAAC:A,74042037,position_absent_in_GWAS
NPC2,GCST90011766,rs3082878:74513105:CATCCAGGCT:C,74046402,position_absent_in_GWAS
NPC2,GCST90011766,rs35753773:74516082:T:TA,74049379,position_absent_in_GWAS
NPC2,GCST90011766,rs142399602:74519637:AGGCTGCAGTGAGCCAT:A,74052934,position_absent_in_GWAS
NPC2,GCST90011766,14:74521381:C:CT,74054678,position_absent_in_GWAS
NPC2,GCST90011766,rs200751645:74522736:T:TA,74056033,position_absent_in_GWAS
NPC2,GCST90011766,rs71460949:74522901:A:AT,74056198,position_absent_in_GWAS
NPC2,GCST90011766,rs200205554:74525299:C:CT,74058596,position_absent_in_GWAS
NPC2,GCST90011766,rs10564858:74528288:CAA:C,74061585,position_absent_in_GWAS
NPC2,GCST90011766,rs71460951:74529511:GA:G,74062808,position_absent_in_GWAS
NPC2,GCST90011766,rs372681195:74529893:CT:C,74063190,position_absent_in_GWAS
NPC2,GCST90011766,rs71115948:74530568:CA:C,74063865,position_absent_in_GWAS
NPC2,GCST90011766,14:74540620:CA:C,74073917,position_absent_in_GWAS
NPC2,GCST90011766,rs201196501:74545063:CT:C,74078360,position_absent_in_GWAS
NPC2,GCST90011766,rs112520921:74546132:GT:G,74079429,position_absent_in_GWAS
NPC2,GCST90011766,rs4646854:74550214:GA:G,74083511,position_absent_in_GWAS
NPC2,GCST90011766,rs34499648:74552408:CAATT:C,74085705,position_absent_in_GWAS
NPC2,GCST90011766,rs34078951:74553372:GA:G,74086669,position_absent_in_GWAS
NPC2,GCST90011766,rs151235071:74553651:G:GA,74086948,position_absent_in_GWAS
NPC2,GCST90011766,rs138770843:74556499:TA:T,74089796,position_absent_in_GWAS
NPC2,GCST90011766,rs112639675:74558467:ACT:A,74091764,position_absent_in_GWAS
NPC2,GCST90011766,14:74558476:CA:C,74091773,position_absent_in_GWAS
NPC2,GCST90011766,rs71115955:74559018:GT:G,74092315,position_absent_in_GWAS
NPC2,GCST90011766,rs61367762:74561436:C:CT,74094733,position_absent_in_GWAS
NPC2,GCST90011766,rs10587416:74562541:CTT:C,74095838,position_absent_in_GWAS
NPC2,GCST90011766,rs140178951:74569645:CAT:C,74102942,position_absent_in_GWAS
NPC2,GCST90011766,14:74570130:ATTTTTTTTTTTTT:A,74103427,position_absent_in_GWAS
NPC2,GCST90011766,rs71115957:74570436:GT:G,74103733,position_absent_in_GWAS
NPC2,GCST90011766,rs201667013:74571294:A:AT,74104591,position_absent_in_GWAS
NPC2,GCST90011766,rs138992205:74574905:GCTTT:G,74108202,position_absent_in_GWAS
NPC2,GCST90011766,rs372748686:74578158:ATT:A,74111455,position_absent_in_GWAS
NPC2,GCST90011766,rs372218709:74578309:GTATT:G,74111606,position_absent_in_GWAS
NPC2,GCST90011766,rs139884141:74578570:TTTTTTTTC:T,74111867,position_absent_in_GWAS
NPC2,GCST90011766,rs372736982:74582179:CTG:C,74115476,position_absent_in_GWAS
NPC2,GCST90011766,rs369107859:74583005:CAAAAAAT:C,74116302,position_absent_in_GWAS
NPC2,GCST90011766,rs10591434:74583012:TAAAAAA:T,74116309,position_absent_in_GWAS
NPC2,GCST90011766,rs3216533:74584630:CA:C,74117927,position_absent_in_GWAS
NPC2,GCST90011766,14:74585863:CT:C,74119160,position_absent_in_GWAS
NPC2,GCST90011766,rs71115960:74586010:GC:G,74119307,position_absent_in_GWAS
NPC2,GCST90011766,rs78079658:74586539:CT:C,74119836,position_absent_in_GWAS
NPC2,GCST90011766,14:74587457:C:CA,74120754,position_absent_in_GWAS
NPC2,GCST90011766,rs11332437:74588428:CT:C,74121725,position_absent_in_GWAS
NPC2,GCST90011766,rs74777859:74589587:CAAACAA:C,74122884,position_absent_in_GWAS
NPC2,GCST90011766,rs138610644:74589604:A:AAAAAC,74122901,position_absent_in_GWAS
NPC2,GCST90011766,rs35775748:74592739:T:TA,74126036,position_absent_in_GWAS
NPC2,GCST90011766,rs142747496:74597651:AT:A,74130948,position_absent_in_GWAS
NPC2,GCST90011766,rs138444518:74597657:A:ATTAT,74130954,position_absent_in_GWAS
NPC2,GCST90011766,rs143147506:74601343:AT:A,74134640,position_absent_in_GWAS
NPC2,GCST90011766,rs34777883:74602250:AT:A,74135547,position_absent_in_GWAS
NPC2,GCST90011766,rs11305985:74602522:GT:G,74135819,position_absent_in_GWAS
NPC2,GCST90011766,rs78447334:74604010:ATAT:A,74137307,position_absent_in_GWAS
NPC2,GCST90011766,rs35627946:74605472:C:CA,74138769,position_absent_in_GWAS
NPC2,GCST90011766,rs144807819:74605723:TA:T,74139020,position_absent_in_GWAS
NPC2,GCST90011766,rs60487392:74610830:AT:A,74144127,position_absent_in_GWAS
NPC2,GCST90011766,rs141927261:74615444:G:GA,74148741,position_absent_in_GWAS
NPC2,GCST90011766,rs68112555:74618207:TTAAAA:T,74151504,position_absent_in_GWAS
NPC2,GCST90011766,rs11325725:74625184:TG:T,74158481,position_absent_in_GWAS
NPC2,GCST90011766,rs35991875:74630687:A:AT,74163984,position_absent_in_GWAS
NPC2,GCST90011766,rs35317050:74634669:A:AT,74167966,position_absent_in_GWAS
NPC2,GCST90011766,rs57293533:74637209:CA:C,74170506,position_absent_in_GWAS
NPC2,GCST90011766,rs58342051:74637584:AT:A,74170881,position_absent_in_GWAS
NPC2,GCST90011766,14:74637721:CA:C,74171018,position_absent_in_GWAS
NPC2,GCST90011766,rs59113909:74638408:TTA:T,74171705,position_absent_in_GWAS
NPC2,GCST90011766,rs34353375:74644183:AAT:A,74177480,position_absent_in_GWAS
NPC2,GCST90011766,rs35242538:74645335:AT:A,74178632,position_absent_in_GWAS
NPC2,GCST90011766,rs60035088:74648353:TACAG:T,74181650,position_absent_in_GWAS
NPC2,GCST90011766,rs4026727:74648860:CATG:C,74182157,position_absent_in_GWAS
NPC2,GCST90011766,rs5809653:74649805:TC:T,74183102,position_absent_in_GWAS
NPC2,GCST90011766,rs68037994:74657092:CTTT:C,74190389,position_absent_in_GWAS
NPC2,GCST90011766,rs71449181:74658789:AC:A,74192086,position_absent_in_GWAS
NPC2,GCST90011766,rs34984934:74660120:TA:T,74193417,position_absent_in_GWAS
NPC2,GCST90011766,rs59983890:74672396:TA:T,74205693,position_absent_in_GWAS
NPC2,GCST90011766,14:74673094:G:GCCTC,74206391,position_absent_in_GWAS
NPC2,GCST90011766,rs144065224:74677767:GAC:G,74211064,position_absent_in_GWAS
NPC2,GCST90011766,rs71449183:74682030:CAAAA:C,74215327,position_absent_in_GWAS
NPC2,GCST90011766,rs11390505:74686515:G:GC,74219812,position_absent_in_GWAS
NPC2,GCST90011766,rs71303901:74693721:G:GT,74227018,position_absent_in_GWAS
NPC2,GCST90011766,rs112459840:74696445:G:GTTGT,74229742,position_absent_in_GWAS
NPC2,GCST90011766,rs199735353:74698372:AAG:A,74231669,position_absent_in_GWAS
NPC2,GCST90011766,rs58098762:74699071:C:CA,74232368,position_absent_in_GWAS
NPC2,GCST90011766,rs11314588:74700862:CG:C,74234159,position_absent_in_GWAS
NPC2,GCST90011766,rs34235832:74702608:C:CT,74235905,position_absent_in_GWAS
NPC2,GCST90011766,rs71698527:74703623:CT:C,74236920,position_absent_in_GWAS
NPC2,GCST90011766,rs71115970:74709320:C:CT,74242617,position_absent_in_GWAS
NPC2,GCST90011766,rs113901119:74710258:CT:C,74243555,position_absent_in_GWAS
NPC2,GCST90011766,rs149163494:74713043:CG:C,74246340,position_absent_in_GWAS
NPC2,GCST90011766,rs34470396:74714503:T:TA,74247800,position_absent_in_GWAS
NPC2,GCST90011766,rs57369966:74715407:C:CA,74248704,position_absent_in_GWAS
NPC2,GCST90011766,rs140976408:74716951:AAT:A,74250248,position_absent_in_GWAS
NPC2,GCST90011766,rs111906304:74717407:A:AT,74250704,position_absent_in_GWAS
NPC2,GCST90011766,rs59786099:74718522:CAG:C,74251819,position_absent_in_GWAS
NPC2,GCST90011766,rs77697300:74719201:CTCCTGCCTCATCCTCCTGAG:C,74252498,position_absent_in_GWAS
NPC2,GCST90011766,rs34396021:74719751:CA:C,74253048,position_absent_in_GWAS
NPC2,GCST90011766,14:74721487:A:AT,74254784,position_absent_in_GWAS
NPC2,GCST90011766,rs142143044:74722469:CTCTG:C,74255766,position_absent_in_GWAS
NPC2,GCST90011766,rs10592020:74729166:CTT:C,74262463,position_absent_in_GWAS
NPC2,GCST90011766,rs35641565:74736541:C:CT,74269838,position_absent_in_GWAS
NPC2,GCST90011766,rs11385593:74742806:C:CA,74276103,position_absent_in_GWAS
NPC2,GCST90011766,rs35294707:74744102:C:CT,74277399,position_absent_in_GWAS
NPC2,GCST90011766,rs61524280:74747057:AC:A,74280354,position_absent_in_GWAS
NPC2,GCST90011766,rs3837654:74754238:CAG:C,74287535,position_absent_in_GWAS
NPC2,GCST90011766,rs60498100:74755814:CAAAAAAAAA:C,74289111,position_absent_in_GWAS
NPC2,GCST90011766,rs58682308:74760760:CT:C,74294057,position_absent_in_GWAS
NPC2,GCST90011766,14:74766766:CAAA:C,74300063,position_absent_in_GWAS
NPC2,GCST90011766,14:74767296:CA:C,74300593,position_absent_in_GWAS
NPC2,GCST90011766,rs71115979:74772033:CAAAAAA:C,74305330,position_absent_in_GWAS
NPC2,GCST90011766,rs11290399:74775569:GT:G,74308866,position_absent_in_GWAS
NPC2,GCST90011766,rs77689318:74778447:GA:G,74311744,position_absent_in_GWAS
NPC2,GCST90011766,rs34712936:74778475:C:CT,74311772,position_absent_in_GWAS
NPC2,GCST90011766,rs71873401:74779457:G:GT,74312754,position_absent_in_GWAS
NPC2,GCST90011766,rs370697776:74783340:CT:C,74316637,position_absent_in_GWAS
NPC2,GCST90011766,14:74788208:CT:C,74321505,position_absent_in_GWAS
NPC2,GCST90011766,rs11408933:74788855:A:AT,74322152,position_absent_in_GWAS
NPC2,GCST90011766,rs58625748:74790846:CT:C,74324143,position_absent_in_GWAS
NPC2,GCST90011766,rs113777746:74792274:GC:G,74325571,position_absent_in_GWAS
NPC2,GCST90011766,rs112807869:74794960:AG:A,74328257,position_absent_in_GWAS
NPC2,GCST90011766,rs57850959:74795978:C:CA,74329275,position_absent_in_GWAS
NPC2,GCST90011766,rs34686412:74797144:C:CT,74330441,position_absent_in_GWAS
NPC2,GCST90011766,rs36042325:74797922:T:TAAAC,74331219,position_absent_in_GWAS
NPC2,GCST90011766,rs113250765:74802443:AT:A,74335740,position_absent_in_GWAS
NPC2,GCST90011766,rs36068153:74808687:GC:G,74341984,position_absent_in_GWAS
NPC2,GCST90011766,rs35159504:74808951:G:GA,74342248,position_absent_in_GWAS
NPC2,GCST90011766,14:74812049:ATTT:A,74345346,position_absent_in_GWAS
NPC2,GCST90011766,rs59810913:74818198:GT:G,74351495,position_absent_in_GWAS
NPC2,GCST90011766,14:74818555:C:CT,74351852,position_absent_in_GWAS
NPC2,GCST90011766,rs142033742:74830482:CA:C,74363779,position_absent_in_GWAS
NPC2,GCST90011766,rs5809662:74838280:AT:A,74371577,position_absent_in_GWAS
NPC2,GCST90011766,14:74839457:CA:C,74372754,position_absent_in_GWAS
NPC2,GCST90011766,rs71115990:74841933:TA:T,74375230,position_absent_in_GWAS
NPC2,GCST90011766,rs146328869:74848835:A:AAAACAAAC,74382132,position_absent_in_GWAS
NPC2,GCST90011766,14:74851901:ATATGGGTGCTCCTG:A,74385198,position_absent_in_GWAS
NPC2,GCST90011766,rs200291887:74854447:C:CT,74387744,position_absent_in_GWAS
NPC2,GCST90011766,14:74857469:C:CCTTT,74390766,position_absent_in_GWAS
NPC2,GCST90011766,rs201928532:74862293:AAAG:A,74395590,position_absent_in_GWAS
NPC2,GCST90011766,rs72311182:74870670:ATC:A,74403967,position_absent_in_GWAS
NPC2,GCST90011766,rs10642138:74875751:T:TTTTA,74409048,position_absent_in_GWAS
NPC2,GCST90011766,rs72355761:74880479:TCACA:T,74413776,position_absent_in_GWAS
NPC2,GCST90011766,rs111851921:74889356:T:TCA,74422653,position_absent_in_GWAS
NPC2,GCST90011766,rs59843281:74897143:CT:C,74430440,position_absent_in_GWAS
NPC2,GCST90011766,rs74779748:74902930:AT:A,74436227,position_absent_in_GWAS
NPC2,GCST90011766,rs66499739:74906582:CA:C,74439879,position_absent_in_GWAS
NPC2,GCST90011766,rs144060483:74907672:GT:G,74440969,position_absent_in_GWAS
NPC2,GCST90011766,rs68008170:74912157:TTGTG:T,74445454,position_absent_in_GWAS
NPC2,GCST90011766,rs35098950:74913318:C:CT,74446615,position_absent_in_GWAS
NPC2,GCST90011766,14:74916141:C:CAAAAAAAAA,74449438,position_absent_in_GWAS
NPC2,GCST90011766,14:74920094:AG:A,74453391,position_absent_in_GWAS
NPC2,GCST90011766,rs148583913:74928352:TCA:T,74461649,position_absent_in_GWAS
NPC2,GCST90011766,rs34848569:74936222:T:TA,74469519,position_absent_in_GWAS
NPC2,GCST90011766,rs78261954:74944319:CTTT:C,74477616,position_absent_in_GWAS
NPC2,GCST90011766,rs199628163:74952246:TAG:T,74485543,position_absent_in_GWAS
NPC2,GCST90011766,rs33935452:74952269:GA:G,74485566,position_absent_in_GWAS
NPC2,GCST90011766,rs61201972:74953714:GCA:G,74487011,position_absent_in_GWAS
NPC2,GCST90011766,rs150813068:74953846:GT:G,74487143,position_absent_in_GWAS
NPC2,GCST90011766,rs67289103:74956240:AGT:A,74489537,position_absent_in_GWAS
NPC2,GCST90011766,rs3047739:74960368:TGG:T,74493665,position_absent_in_GWAS
NPC2,GCST90011766,14:74968468:G:GA,74501765,position_absent_in_GWAS
NPC2,GCST90011766,rs36016624:74971650:TGACCCTTCGAG:T,74504947,position_absent_in_GWAS
NPC2,GCST90011766,rs142594510:74979650:AG:A,74512947,position_absent_in_GWAS
NPC2,GCST90011766,rs113811161:74980506:TCAAA:T,74513803,position_absent_in_GWAS
NPC2,GCST90011766,14:74981955:ATTTT:A,74515252,position_absent_in_GWAS
NPC2,GCST90011766,rs147745131:74983491:GT:G,74516788,position_absent_in_GWAS
NPC2,GCST90011766,rs36111387:74987504:AAATG:A,74520801,position_absent_in_GWAS
NPC2,GCST90011766,rs3837653:74988127:CCACAT:C,74521424,position_absent_in_GWAS
NPC2,GCST90011766,rs369981475:75005207:GTTAGT:G,74538504,position_absent_in_GWAS
NPC2,GCST90011766,14:75009472:A:AT,74542769,position_absent_in_GWAS
NPC2,GCST90011766,rs202057022:75009806:GCACGGTGGTT:G,74543103,position_absent_in_GWAS
NPC2,GCST90011766,rs3217475:75018742:GC:G,74552039,position_absent_in_GWAS
NPC2,GCST90011766,rs199881481:75020718:AG:A,74554015,position_absent_in_GWAS
NPC2,GCST90011766,rs3837652:75026351:CTG:C,74559648,position_absent_in_GWAS
NPC2,GCST90011766,rs199951008:75029326:G:GA,74562623,position_absent_in_GWAS
NPC2,GCST90011766,rs200535606:75032773:G:GT,74566070,position_absent_in_GWAS
NPC2,GCST90011766,14:75039150:C:CT,74572447,position_absent_in_GWAS
NPC2,GCST90011766,rs71449199:75062929:A:AAAATAAAT,74596226,position_absent_in_GWAS
NPC2,GCST90011766,rs58210192:75063648:AG:A,74596945,position_absent_in_GWAS
NPC2,GCST90011766,rs5809673:75075418:G:GA,74608715,position_absent_in_GWAS
NPC2,GCST90011766,rs5809674:75075464:A:AGAAAT,74608761,position_absent_in_GWAS
NPC2,GCST90011766,rs368319740:75079632:TTTTC:T,74612929,position_absent_in_GWAS
NPC2,GCST90011766,rs377741002:75090257:CAA:C,74623554,position_absent_in_GWAS
NPC2,GCST90011766,14:75093857:CA:C,74627154,position_absent_in_GWAS
NPC2,GCST90011766,rs11361453:75094347:CA:C,74627644,position_absent_in_GWAS
NPC2,GCST90011766,rs112820270:75100929:C:A,74634226,position_absent_in_GWAS
NPC2,GCST90011766,rs200920928:75106269:AAAAC:A,74639566,position_absent_in_GWAS
NPC2,GCST90011766,rs146329221:75111593:CTTT:C,74644890,position_absent_in_GWAS
NPC2,GCST90011766,rs11291765:75123642:TA:T,74656939,position_absent_in_GWAS
NPC2,GCST90011766,rs34192596:75128308:GAA:G,74661605,position_absent_in_GWAS
NPC2,GCST90011766,rs16661:75128316:A:C,74661613,position_absent_in_GWAS
NPC2,GCST90011766,rs71449202:75133421:AT:A,74666718,position_absent_in_GWAS
NPC2,GCST90011766,14:75138024:CTTTTTTTTTTTT:C,74671321,position_absent_in_GWAS
NPC2,GCST90011766,rs71119311:75145398:CA:C,74678695,position_absent_in_GWAS
NPC2,GCST90011766,rs141206776:75146547:TAATA:T,74679844,position_absent_in_GWAS
NPC2,GCST90011766,rs36079107:75160878:AAAAT:A,74694175,position_absent_in_GWAS
NPC2,GCST90011766,14:75161693:GA:G,74694990,position_absent_in_GWAS
NPC2,GCST90011766,14:75165561:TA:T,74698858,position_absent_in_GWAS
NPC2,GCST90011766,rs58161849:75171746:G:GT,74705043,position_absent_in_GWAS
NPC2,GCST90011766,rs35181427:75174495:C:CA,74707792,position_absent_in_GWAS
NPC2,GCST90011766,rs35901005:75181481:CA:C,74714778,position_absent_in_GWAS
NPC2,GCST90011766,rs143512112:75183883:AC:A,74717180,position_absent_in_GWAS
NPC2,GCST90011766,rs11396572:75190531:C:CA,74723828,position_absent_in_GWAS
NPC2,GCST90011766,rs34861456:75191772:T:TA,74725069,position_absent_in_GWAS
NPC2,GCST90011766,rs58398533:75193306:CT:C,74726603,position_absent_in_GWAS
NPC2,GCST90011766,rs150479967:75198857:T:TTA,74732154,position_absent_in_GWAS
NPC2,GCST90011766,rs3214408:75201071:TA:T,74734368,position_absent_in_GWAS
NPC2,GCST90011766,rs71303897:75201222:T:TA,74734519,position_absent_in_GWAS
NPC2,GCST90011766,rs5809677:75204694:CA:C,74737991,position_absent_in_GWAS
NPC2,GCST90011766,rs34705212:75208521:CA:C,74741818,position_absent_in_GWAS
NPC2,GCST90011766,rs148323132:75213205:ATATCC:A,74746502,position_absent_in_GWAS
NPC2,GCST90011766,rs61531232:75213283:CT:C,74746580,position_absent_in_GWAS
NPC2,GCST90011766,rs34464875:75215224:C:CA,74748521,position_absent_in_GWAS
NPC2,GCST90011766,rs375326155:75216600:TTTTTGTTTTGTTTTG:T,74749897,position_absent_in_GWAS
NPC2,GCST90011766,rs35781097:75224141:CA:C,74757438,position_absent_in_GWAS
NPC2,GCST90011766,rs201124850:75225369:CAAATAAAT:C,74758666,position_absent_in_GWAS
NPC2,GCST90011766,rs34253239:75228486:CT:C,74761783,position_absent_in_GWAS
NPC2,GCST90011766,rs34503309:75236290:A:AT,74769587,position_absent_in_GWAS
NPC2,GCST90011766,rs201030717:75236557:CCCCCCCCCG:C,74769854,position_absent_in_GWAS
NPC2,GCST90011766,14:75238920:CT:C,74772217,position_absent_in_GWAS
NPC2,GCST90011766,rs36010497:75241230:TC:T,74774527,position_absent_in_GWAS
NPC2,GCST90011766,rs35237469:75241506:CA:C,74774803,position_absent_in_GWAS
NPC2,GCST90011766,rs138962436:75242832:GT:G,74776129,position_absent_in_GWAS
NPC2,GCST90011766,rs138166786:75244677:C:CA,74777974,position_absent_in_GWAS
NPC2,GCST90011766,rs10707814:75253064:CA:C,74786361,position_absent_in_GWAS
NPC2,GCST90011766,rs75017235:75254820:CT:C,74788117,position_absent_in_GWAS
NPC2,GCST90011766,rs57279878:75261302:C:CT,74794599,position_absent_in_GWAS
NPC2,GCST90011766,rs138774247:75261467:TAC:T,74794764,position_absent_in_GWAS
NPC2,GCST90011766,rs75951306:75261489:C:T,74794786,position_absent_in_GWAS
NPC2,GCST90011766,rs58158508:75261660:TG:T,74794957,position_absent_in_GWAS
NPC2,GCST90011766,rs34503917:75268920:CA:C,74802217,position_absent_in_GWAS
NPC2,GCST90011766,rs138718009:75271114:ACCATTGCTTGCTACT:A,74804411,position_absent_in_GWAS
NPC2,GCST90011766,14:75272407:CT:C,74805704,position_absent_in_GWAS
NPC2,GCST90011766,rs60143650:75272572:AT:A,74805869,position_absent_in_GWAS
NPC2,GCST90011766,rs148417567:75277423:TTTA:T,74810720,position_absent_in_GWAS
NPC2,GCST90011766,rs5809679:75282873:AT:A,74816170,position_absent_in_GWAS
NPC2,GCST90011766,rs199631116:75284758:C:CA,74818055,position_absent_in_GWAS
NPC2,GCST90011766,rs139072553:75285614:CTGTT:C,74818911,position_absent_in_GWAS
NPC2,GCST90011766,rs71932018:75289548:GATA:G,74822845,position_absent_in_GWAS
NPC2,GCST90011766,rs35622588:75300886:TA:T,74834183,position_absent_in_GWAS
NPC2,GCST90011766,rs199949839:75304977:C:CT,74838274,position_absent_in_GWAS
NPC2,GCST90011766,rs201995772:75312197:C:CA,74845494,position_absent_in_GWAS
NPC2,GCST90011766,rs143130721:75315409:AATCTT:A,74848706,position_absent_in_GWAS
NPC2,GCST90011766,rs60979977:75316023:TAAATAAAAAAA:T,74849320,position_absent_in_GWAS
NPC2,GCST90011766,rs56309042:75316882:CAA:C,74850179,position_absent_in_GWAS
NPC2,GCST90011766,rs11335240:75317089:CT:C,74850386,position_absent_in_GWAS
NPC2,GCST90011766,rs147024588:75325481:T:TTGTG,74858778,position_absent_in_GWAS
NPC2,GCST90011766,rs367557046:75325545:TTGTG:T,74858842,position_absent_in_GWAS
NPC2,GCST90011766,rs11346049:75327075:CA:C,74860372,position_absent_in_GWAS
NPC2,GCST90011766,rs72148999:75328932:GTC:G,74862229,position_absent_in_GWAS
NPC2,GCST90011766,rs200511111:75331865:G:GA,74865162,position_absent_in_GWAS
NPC2,GCST90011766,rs34902627:75335538:CA:C,74868835,position_absent_in_GWAS
NPC2,GCST90011766,14:75335983:CTT:C,74869280,position_absent_in_GWAS
NPC2,GCST90011766,rs11388832:75336966:C:CA,74870263,position_absent_in_GWAS
NPC2,GCST90011766,rs67622010:75337127:CA:C,74870424,position_absent_in_GWAS
NPC2,GCST90011766,14:75340954:GTT:G,74874251,position_absent_in_GWAS
NPC2,GCST90011766,rs34311445:75343813:CA:C,74877110,position_absent_in_GWAS
NPC2,GCST90011766,rs201391764:75344192:C:CA,74877489,position_absent_in_GWAS
NPC2,GCST90011766,rs58707063:75345371:AGTGT:A,74878668,position_absent_in_GWAS
NPC2,GCST90011766,14:75346892:C:CT,74880189,position_absent_in_GWAS
NPC2,GCST90011766,rs72245024:75348126:C:CT,74881423,position_absent_in_GWAS
NPC2,GCST90011766,rs55729619:75354977:GT:G,74888274,position_absent_in_GWAS
NPC2,GCST90011766,rs57898381:75355767:TA:T,74889064,position_absent_in_GWAS
NPC2,GCST90011766,14:75356070:AT:A,74889367,position_absent_in_GWAS
NPC2,GCST90011766,rs5809682:75356799:T:TA,74890096,position_absent_in_GWAS
NPC2,GCST90011766,rs3081752:75356827:CT:C,74890124,position_absent_in_GWAS
NPC2,GCST90011766,rs201992318:75359215:GT:G,74892512,position_absent_in_GWAS
NPC2,GCST90011766,rs58288168:75359757:ACT:A,74893054,position_absent_in_GWAS
NPC2,GCST90011766,rs138664705:75367594:ATTC:A,74900891,position_absent_in_GWAS
NPC2,GCST90011766,rs11325303:75368547:AT:A,74901844,position_absent_in_GWAS
NPC2,GCST90011766,14:75368863:G:T,74902160,position_absent_in_GWAS
NPC2,GCST90011766,rs10536168:75372084:CTG:C,74905381,position_absent_in_GWAS
NPC2,GCST90011766,14:75373112:T:TGGG,74906409,position_absent_in_GWAS
NPC2,GCST90011766,rs112024638:75377144:GA:G,74910441,position_absent_in_GWAS
NPC2,GCST90011766,rs71897309:75390180:GCAGGTCTAGAATCATC:G,74923477,position_absent_in_GWAS
NPC2,GCST90011766,rs140653412:75393606:AT:A,74926903,position_absent_in_GWAS
NPC2,GCST90011766,rs55906517:75396955:C:CT,74930252,position_absent_in_GWAS
NPC2,GCST90011766,rs11304993:75399002:TA:T,74932299,position_absent_in_GWAS
NPC2,GCST90011766,rs141061319:75400613:AT:A,74933910,position_absent_in_GWAS
NPC2,GCST90011766,rs36003084:75402674:A:AT,74935971,position_absent_in_GWAS
NPC2,GCST90011766,rs55850304:75404114:C:CT,74937411,position_absent_in_GWAS
NPC2,GCST90011766,rs5809686:75407250:GACACAGAC:G,74940547,position_absent_in_GWAS
NPC2,GCST90011766,rs58701358:75410784:A:AT,74944081,position_absent_in_GWAS
NPC2,GCST90011766,rs5809688:75411625:CT:C,74944922,position_absent_in_GWAS
NPC2,GCST90011766,rs33954784:75430911:TC:T,74964208,position_absent_in_GWAS
NPC2,GCST90011766,14:75434957:T:TAAA,74968254,position_absent_in_GWAS
NPC2,GCST90011766,rs79107045:75444711:TC:T,74978008,position_absent_in_GWAS
NPC2,GCST90011766,rs57323464:75448527:CT:C,74981824,position_absent_in_GWAS
NPC2,GCST90011766,rs56239186:75450065:T:TA,74983362,position_absent_in_GWAS
NPC2,GCST90011766,14:75456747:C:CAAAAA,74990044,position_absent_in_GWAS
NPC2,GCST90011766,rs34986025:75457452:C:CT,74990749,position_absent_in_GWAS
NPC2,GCST90011766,rs140091697:75464458:TAA:T,74997755,position_absent_in_GWAS
NPC2,GCST90011766,rs34675328:75471177:TGAGACCAG:T,75004474,position_absent_in_GWAS
NPC2,GCST90011766,rs2307511:75474784:TATAGACAA:T,75008081,position_absent_in_GWAS
NPC2,GCST90011766,rs66516707:75476461:TGA:T,75009758,position_absent_in_GWAS
NPC2,GCST90011766,rs5809689:75482443:AG:A,75015740,position_absent_in_GWAS
NPC2,GCST90011766,rs56375606:75484678:GTC:G,75017975,position_absent_in_GWAS
NPC2,GCST90011766,rs5809691:75484855:C:CA,75018152,position_absent_in_GWAS
NPC2,GCST90011766,rs35881732:75487568:C:CATT,75020865,position_absent_in_GWAS
NPC2,GCST90011766,rs34129769:75495119:AT:A,75028416,position_absent_in_GWAS
NPC2,GCST90011766,rs35978930:75496687:CA:C,75029984,position_absent_in_GWAS
NPC2,GCST90011766,rs56995931:75500894:TA:T,75034191,position_absent_in_GWAS
NPC2,GCST90011766,rs5809692:75503759:G:GA,75037056,position_absent_in_GWAS
NPC2,GCST90011766,14:75506557:TATATATATATATA:T,75039854,position_absent_in_GWAS
NPC2,GCST90011766,rs151015271:75506891:ACCTGTAATCTCAG:A,75040188,position_absent_in_GWAS
NPC2,GCST90011766,rs11309437:75518640:CT:C,75051937,position_absent_in_GWAS
NPC2,GCST90011766,14:75529362:CAAA:C,75062659,position_absent_in_GWAS
NPC2,GCST90011766,rs144010513:75532422:TC:T,75065719,position_absent_in_GWAS
NPC2,GCST90011766,rs67397772:75543464:CTAAG:C,75076761,position_absent_in_GWAS
NPC2,GCST90011766,rs66560922:75545918:CA:C,75079215,position_absent_in_GWAS
NPC2,GCST90011766,rs149123282:75552890:AAAAAAT:A,75086187,position_absent_in_GWAS
NPC2,GCST90011766,14:75556980:CT:C,75090277,position_absent_in_GWAS
NPC2,GCST90011766,rs113097149:75558975:A:AT,75092272,position_absent_in_GWAS
NPC2,GCST90011766,14:75562979:CAAAA:C,75096276,position_absent_in_GWAS
NPC2,GCST90011766,rs35432461:75563532:C:CA,75096829,position_absent_in_GWAS
NPC2,GCST90011766,rs11446568:75566485:C:CA,75099782,position_absent_in_GWAS
NPC2,GCST90011766,rs35499335:75569216:G:GT,75102513,position_absent_in_GWAS
NPC2,GCST90011766,rs56719668:75571191:C:CT,75104488,position_absent_in_GWAS
NPC2,GCST90011766,rs10632881:75581817:T:TACAC,75115114,position_absent_in_GWAS
NPC2,GCST90011766,rs374021221:75590107:CAAA:C,75123404,position_absent_in_GWAS
NPC2,GCST90011766,rs34921975:75591478:CT:C,75124775,position_absent_in_GWAS
NPC2,GCST90011766,rs113303427:75591641:AT:A,75124938,position_absent_in_GWAS
NPC2,GCST90011766,rs55959885:75596037:AG:A,75129334,position_absent_in_GWAS
NPC2,GCST90011766,rs368437388:75604411:CT:C,75137708,position_absent_in_GWAS
NPC2,GCST90011766,rs145288922:75606313:TG:T,75139610,position_absent_in_GWAS
NPC2,GCST90011766,rs5809695:75610636:C:CA,75143933,position_absent_in_GWAS
NPC2,GCST90011766,rs35810783:75613611:C:CAGAT,75146908,position_absent_in_GWAS
NPC2,GCST90011766,rs76033420:75616540:GCT:G,75149837,position_absent_in_GWAS
NPC2,GCST90011766,rs369868350:75616548:CTGT:C,75149845,position_absent_in_GWAS
NPC2,GCST90011766,rs78523802:75620940:CA:C,75154237,position_absent_in_GWAS
NPC2,GCST90011766,rs148563522:75623619:A:AAAAAG,75156916,position_absent_in_GWAS
NPC2,GCST90011766,rs76416253:75624345:CAT:C,75157642,position_absent_in_GWAS
NPC2,GCST90011766,rs76379942:75628199:AG:A,75161496,position_absent_in_GWAS
NPC2,GCST90011766,rs35308116:75633642:CT:C,75166939,position_absent_in_GWAS
NPC2,GCST90011766,rs147990412:75637899:GGAA:G,75171196,position_absent_in_GWAS
NPC2,GCST90011766,rs11366602:75644857:GT:G,75178154,position_absent_in_GWAS
NPC2,GCST90011766,rs34903218:75649790:T:TA,75183087,position_absent_in_GWAS
NPC2,GCST90011766,rs11351733:75654929:AC:A,75188226,position_absent_in_GWAS
NPC2,GCST90011766,rs10593937:75662679:CTGAG:C,75195976,position_absent_in_GWAS
NPC2,GCST90011766,rs145732009:75666563:TTTG:T,75199860,position_absent_in_GWAS
NPC2,GCST90011766,rs150903779:75666733:T:TTTTG,75200030,position_absent_in_GWAS
NPC2,GCST90011766,rs112371094:75668789:CT:C,75202086,position_absent_in_GWAS
NPC2,GCST90011766,rs34796348:75669750:G:GT,75203047,position_absent_in_GWAS
NPC2,GCST90011766,rs113963248:75670358:TA:T,75203655,position_absent_in_GWAS
NPC2,GCST90011766,rs199512633:75670739:CATCTT:C,75204036,position_absent_in_GWAS
NPC2,GCST90011766,rs11335433:75675910:CT:C,75209207,position_absent_in_GWAS
NPC2,GCST90011766,rs75732983:75677669:C:G,75210966,position_absent_in_GWAS
NPC2,GCST90011766,rs201105776:75678968:C:CA,75212265,position_absent_in_GWAS
NPC2,GCST90011766,rs61617176:75678978:G:GA,75212275,position_absent_in_GWAS
NPC2,GCST90011766,rs113752059:75680350:C:CT,75213647,position_absent_in_GWAS
NPC2,GCST90011766,rs34360074:75687309:CAAAG:C,75220606,position_absent_in_GWAS
NPC2,GCST90011766,rs57284265:75689806:AT:A,75223103,position_absent_in_GWAS
NPC2,GCST90011766,rs111253226:75692319:C:CA,75225616,position_absent_in_GWAS
NPC2,GCST90011766,rs202006956:75701903:AT:A,75235200,position_absent_in_GWAS
NPC2,GCST90011766,rs113668738:75702084:CA:C,75235381,position_absent_in_GWAS
NPC2,GCST90011766,rs111843691:75705194:T:TA,75238491,position_absent_in_GWAS
NPC2,GCST90011766,rs34741974:75706345:AT:A,75239642,position_absent_in_GWAS
NPC2,GCST90011766,rs5809699:75713098:CA:C,75246395,position_absent_in_GWAS
NPC2,GCST90011766,rs113844849:75715655:C:CA,75248952,position_absent_in_GWAS
NPC2,GCST90011766,rs57290969:75717439:G:GA,75250736,position_absent_in_GWAS
NPC2,GCST90011766,rs67204041:75718772:CAT:C,75252069,position_absent_in_GWAS
NPC2,GCST90011766,rs145023521:75722081:AAAAG:A,75255378,position_absent_in_GWAS
NPC2,GCST90011766,rs151175216:75725029:ACT:A,75258326,position_absent_in_GWAS
NPC2,GCST90011766,rs77752202:75730370:CAAAAAAAAA:C,75263667,position_absent_in_GWAS
NPC2,GCST90011766,rs4026017:75740642:TGGG:T,75273939,position_absent_in_GWAS
NPC2,GCST90011766,rs3216792:75747407:AG:A,75280704,position_absent_in_GWAS
NPC2,GCST90011766,14:75750890:CAAA:C,75284187,position_absent_in_GWAS
NPC2,GCST90011766,rs10548721:75753001:AAGAG:A,75286298,position_absent_in_GWAS
NPC2,GCST90011766,14:75753071:CA:C,75286368,position_absent_in_GWAS
NPC2,GCST90011766,rs139324711:75759347:TAA:T,75292644,position_absent_in_GWAS
NPC2,GCST90011766,rs58802026:75760034:A:AAC,75293331,position_absent_in_GWAS
NPC2,GCST90011766,rs11435136:75766315:G:GA,75299612,position_absent_in_GWAS
NPC2,GCST90011766,rs368422989:75769355:CT:C,75302652,position_absent_in_GWAS
NPC2,GCST90011766,rs60454234:75771016:GA:G,75304313,position_absent_in_GWAS
NPC2,GCST90011766,rs55884442:75771221:C:CT,75304518,position_absent_in_GWAS
NPC2,GCST90011766,14:75771947:G:C,75305244,position_absent_in_GWAS
NPC2,GCST90011766,rs79803796:75775218:TAG:T,75308515,position_absent_in_GWAS
NPC2,GCST90011766,rs149349578:75775607:ATC:A,75308904,position_absent_in_GWAS
NPC2,GCST90011766,rs139701411:75775623:CTCCTT:C,75308920,position_absent_in_GWAS
NPC2,GCST90011766,rs57225898:75778835:AT:A,75312132,position_absent_in_GWAS
NPC2,GCST90011766,rs11285189:75781208:CT:C,75314505,position_absent_in_GWAS
NPC2,GCST90011766,rs201277279:75783095:G:GA,75316392,position_absent_in_GWAS
NPC2,GCST90011766,rs67390988:75784741:AT:A,75318038,position_absent_in_GWAS
NPC2,GCST90011766,rs35255022:75788041:ACTCT:A,75321338,position_absent_in_GWAS
NPC2,GCST90011766,rs72296115:75788110:AT:A,75321407,position_absent_in_GWAS
NPC2,GCST90011766,14:75792496:CTATTTTATTTTATTTTATTTTATTT:C,75325793,position_absent_in_GWAS
NPC2,GCST90011766,rs34890289:75794536:TA:T,75327833,position_absent_in_GWAS
NPC2,GCST90011766,rs149918954:75795404:GCCTCTCCCATCC:G,75328701,position_absent_in_GWAS
NPC2,GCST90011766,rs34134739:75796828:C:CA,75330125,position_absent_in_GWAS
NPC2,GCST90011766,rs368213190:75800107:TTTTC:T,75333404,position_absent_in_GWAS
NPC2,GCST90011766,rs200478554:75800559:GGA:G,75333856,position_absent_in_GWAS
NPC2,GCST90011766,rs71119359:75804183:T:TA,75337480,position_absent_in_GWAS
NPC2,GCST90011766,rs66507860:75804855:AG:A,75338152,position_absent_in_GWAS
NPC2,GCST90011766,rs1882833:75804856:G:A,75338153,position_absent_in_GWAS
NPC2,GCST90011766,rs147592271:75810248:AC:A,75343545,position_absent_in_GWAS
NPC2,GCST90011766,rs10707079:75811967:AT:A,75345264,position_absent_in_GWAS
NPC2,GCST90011766,rs75573516:75822084:CTG:C,75355381,position_absent_in_GWAS
NPC2,GCST90011766,rs78355014:75822371:AT:A,75355668,position_absent_in_GWAS
NPC2,GCST90011766,rs138708205:75822424:AATAC:A,75355721,position_absent_in_GWAS
NPC2,GCST90011766,14:75824326:A:G,75357623,position_absent_in_GWAS
NPC2,GCST90011766,rs35408085:75825226:CT:C,75358523,position_absent_in_GWAS
NPC2,GCST90011766,rs35623518:75825458:CT:C,75358755,position_absent_in_GWAS
NPC2,GCST90011766,rs34291029:75835778:C:CT,75369075,position_absent_in_GWAS
NPC2,GCST90011766,rs139948389:75838621:AAAT:A,75371918,position_absent_in_GWAS
NPC2,GCST90011766,rs34970808:75844713:CT:C,75378010,position_absent_in_GWAS
NPC2,GCST90011766,rs145186912:75846551:GA:G,75379848,position_absent_in_GWAS
NPC2,GCST90011766,rs33964417:75848193:TA:T,75381490,position_absent_in_GWAS
NPC2,GCST90011766,rs34638224:75848965:AT:A,75382262,position_absent_in_GWAS
NPC2,GCST90011766,rs34555998:75852291:CA:C,75385588,position_absent_in_GWAS
NPC2,GCST90011766,rs56070995:75863675:TAA:T,75396972,position_absent_in_GWAS
NPC2,GCST90011766,rs34930581:75863773:GA:G,75397070,position_absent_in_GWAS
NPC2,GCST90011766,rs201237222:75864822:A:AT,75398119,position_absent_in_GWAS
NPC2,GCST90011766,rs368026981:75864904:AAAAAAAAAGAG:A,75398201,position_absent_in_GWAS
NPC2,GCST90011766,rs34695694:75866789:AT:A,75400086,position_absent_in_GWAS
NPC2,GCST90011766,rs11296931:75872323:CA:C,75405620,position_absent_in_GWAS
NPC2,GCST90011766,rs78050098:75873359:T:TTC,75406656,position_absent_in_GWAS
NPC2,GCST90011766,rs34775832:75874266:C:CT,75407563,position_absent_in_GWAS
NPC2,GCST90011766,rs58736488:75874699:CAAAAAAAAAA:C,75407996,position_absent_in_GWAS
NPC2,GCST90011766,rs201241015:75875245:T:TA,75408542,position_absent_in_GWAS
NPC2,GCST90011766,rs140721010:75879577:TG:T,75412874,position_absent_in_GWAS
NPC2,GCST90011766,rs11343314:75883593:TC:T,75416890,position_absent_in_GWAS
NPC2,GCST90011766,rs11440462:75884097:G:GA,75417394,position_absent_in_GWAS
NPC2,GCST90011766,rs55774466:75884896:ATTTG:A,75418193,position_absent_in_GWAS
NPC2,GCST90011766,rs72407516:75885636:TTGAA:T,75418933,position_absent_in_GWAS
NPC2,GCST90011766,rs34592704:75886127:CA:C,75419424,position_absent_in_GWAS
NPC2,GCST90011766,rs34393267:75902941:TG:T,75436238,position_absent_in_GWAS
NPC2,GCST90011766,rs11302124:75903875:CA:C,75437172,position_absent_in_GWAS
NPC2,GCST90011766,rs11409834:75910612:A:AT,75443909,position_absent_in_GWAS
NPC2,GCST90011766,rs34492646:75914312:GC:G,75447609,position_absent_in_GWAS
NPC2,GCST90011766,rs35602019:75932741:TA:T,75466038,position_absent_in_GWAS
NPC2,GCST90011766,rs35536778:75948969:C:CAATA,75482266,position_absent_in_GWAS
NPC2,GCST90011766,rs370239599:75953233:AAAG:A,75486530,position_absent_in_GWAS
NPC2,GCST90011766,rs148650469:75954573:TTTG:T,75488230,position_absent_in_GWAS
NPC2,GCST90011766,14:75954937:A:AGTATAT,75488594,position_absent_in_GWAS
NPC2,GCST90011766,14:75959059:A:AAAAG,75492716,position_absent_in_GWAS
NPC2,GCST90011770,rs58429599:74085327:GAAAAT:G,73618623,position_absent_in_GWAS
NPC2,GCST90011770,rs67656337:74086623:C:CT,73619919,position_absent_in_GWAS
NPC2,GCST90011770,rs66884513:74087938:CG:C,73621234,position_absent_in_GWAS
NPC2,GCST90011770,rs66727007:74087941:CA:C,73621237,position_absent_in_GWAS
NPC2,GCST90011770,rs201928779:74089621:G:GT,73622917,position_absent_in_GWAS
NPC2,GCST90011770,rs151231344:74092985:CA:C,73626281,position_absent_in_GWAS
NPC2,GCST90011770,rs60392311:74093365:TA:T,73626661,position_absent_in_GWAS
NPC2,GCST90011770,rs71112783:74094523:AT:A,73627819,position_absent_in_GWAS
NPC2,GCST90011770,rs138956191:74094997:CAT:C,73628293,position_absent_in_GWAS
NPC2,GCST90011770,rs59345677:74095602:CA:C,73628898,position_absent_in_GWAS
NPC2,GCST90011770,rs71112784:74095760:C:CA,73629056,position_absent_in_GWAS
NPC2,GCST90011770,rs145127767:74099128:CTTCCAGAACCA:C,73632424,position_absent_in_GWAS
NPC2,GCST90011770,rs199544681:74099563:AG:A,73632859,position_absent_in_GWAS
NPC2,GCST90011770,rs138746241:74102783:GC:G,73636080,position_absent_in_GWAS
NPC2,GCST90011770,rs200312739:74103278:TCAAA:T,73636575,position_absent_in_GWAS
NPC2,GCST90011770,rs11320189:74105280:CA:C,73638577,position_absent_in_GWAS
NPC2,GCST90011770,rs5809622:74107448:TA:T,73640745,position_absent_in_GWAS
NPC2,GCST90011770,rs138276373:74107792:CA:C,73641089,position_absent_in_GWAS
NPC2,GCST90011770,rs10716422:74110260:GT:G,73643557,position_absent_in_GWAS
NPC2,GCST90011770,rs35544357:74110928:AT:A,73644225,position_absent_in_GWAS
NPC2,GCST90011770,rs139150382:74111120:AATTATT:A,73644417,position_absent_in_GWAS
NPC2,GCST90011770,rs201091492:74114070:AAAAAAAAAAAAAAAG:A,73647367,position_absent_in_GWAS
NPC2,GCST90011770,14:74125864:AT:A,73659161,position_absent_in_GWAS
NPC2,GCST90011770,rs143340050:74126796:A:AT,73660093,position_absent_in_GWAS
NPC2,GCST90011770,rs112233204:74131562:TA:T,73664859,position_absent_in_GWAS
NPC2,GCST90011770,rs35746041:74139310:CA:C,73672607,position_absent_in_GWAS
NPC2,GCST90011770,rs11403998:74140589:G:GA,73673886,position_absent_in_GWAS
NPC2,GCST90011770,rs150007114:74141888:TTC:T,73675185,position_absent_in_GWAS
NPC2,GCST90011770,rs75678079:74143666:AT:A,73676963,position_absent_in_GWAS
NPC2,GCST90011770,rs142899983:74146582:CT:C,73679879,position_absent_in_GWAS
NPC2,GCST90011770,rs145987029:74147795:TTTG:T,73681092,position_absent_in_GWAS
NPC2,GCST90011770,rs74378828:74151634:CATTT:C,73684931,position_absent_in_GWAS
NPC2,GCST90011770,rs140633074:74151836:CAT:C,73685133,position_absent_in_GWAS
NPC2,GCST90011770,14:74152163:A:AT,73685460,position_absent_in_GWAS
NPC2,GCST90011770,rs11312662:74156754:AG:A,73690051,position_absent_in_GWAS
NPC2,GCST90011770,rs35404058:74158699:CTT:C,73691996,position_absent_in_GWAS
NPC2,GCST90011770,rs72413615:74159313:GA:G,73692610,position_absent_in_GWAS
NPC2,GCST90011770,rs5809627:74167061:GA:G,73700358,position_absent_in_GWAS
NPC2,GCST90011770,rs11287416:74168084:TA:T,73701381,position_absent_in_GWAS
NPC2,GCST90011770,rs370710507:74172924:CT:C,73706221,position_absent_in_GWAS
NPC2,GCST90011770,rs200911280:74173376:CG:C,73706673,position_absent_in_GWAS
NPC2,GCST90011770,rs372732969:74173432:GA:G,73706729,position_absent_in_GWAS
NPC2,GCST90011770,rs202246877:74175816:ACT:A,73709113,position_absent_in_GWAS
NPC2,GCST90011770,rs200776761:74176106:TG:T,73709403,position_absent_in_GWAS
NPC2,GCST90011770,14:74177799:AT:A,73711096,position_absent_in_GWAS
NPC2,GCST90011770,rs1305033:74179050:CTGGCATT:C,73712347,position_absent_in_GWAS
NPC2,GCST90011770,rs35626305:74183215:TA:T,73716512,position_absent_in_GWAS
NPC2,GCST90011770,rs113901874:74186497:CACCT:C,73719794,position_absent_in_GWAS
NPC2,GCST90011770,rs143224767:74192968:AGGG:A,73726265,position_absent_in_GWAS
NPC2,GCST90011770,rs10566700:74194957:TA:T,73728254,position_absent_in_GWAS
NPC2,GCST90011770,rs201822325:74196266:GC:G,73729563,position_absent_in_GWAS
NPC2,GCST90011770,rs138782626:74198904:CTG:C,73732201,position_absent_in_GWAS
NPC2,GCST90011770,rs147940377:74199053:GAAA:G,73732350,position_absent_in_GWAS
NPC2,GCST90011770,rs11378988:74203335:G:GA,73736632,position_absent_in_GWAS
NPC2,GCST90011770,14:74204476:CTTTTTTTTTTT:C,73737773,position_absent_in_GWAS
NPC2,GCST90011770,rs72365435:74205198:GCAGCCGCC:G,73738495,position_absent_in_GWAS
NPC2,GCST90011770,14:74208345:CGCTCCTCTGCAGGCTTCCGCA:C,73741642,position_absent_in_GWAS
NPC2,GCST90011770,rs10137796:74210766:T:A,73744063,position_absent_in_GWAS
NPC2,GCST90011770,rs138721645:74211397:CCT:C,73744694,position_absent_in_GWAS
NPC2,GCST90011770,rs34545428:74213416:CA:C,73746713,position_absent_in_GWAS
NPC2,GCST90011770,rs55972902:74215471:CAA:C,73748768,position_absent_in_GWAS
NPC2,GCST90011770,rs11328827:74216005:GC:G,73749302,position_absent_in_GWAS
NPC2,GCST90011770,rs34820384:74220572:A:AG,73753869,position_absent_in_GWAS
NPC2,GCST90011770,rs10708298:74226840:GA:G,73760137,position_absent_in_GWAS
NPC2,GCST90011770,rs59819061:74235214:CTTTTTTTT:C,73768511,position_absent_in_GWAS
NPC2,GCST90011770,rs71460918:74236292:T:TTTTTG,73769589,position_absent_in_GWAS
NPC2,GCST90011770,rs57653729:74236616:TG:T,73769913,position_absent_in_GWAS
NPC2,GCST90011770,rs150185844:74239540:TTTG:T,73772837,position_absent_in_GWAS
NPC2,GCST90011770,rs35223288:74248264:CCT:C,73781561,position_absent_in_GWAS
NPC2,GCST90011770,rs146806755:74254599:TAG:T,73787896,position_absent_in_GWAS
NPC2,GCST90011770,rs34093953:74258238:GTAA:G,73791535,position_absent_in_GWAS
NPC2,GCST90011770,rs201541691:74260176:C:CA,73793473,position_absent_in_GWAS
NPC2,GCST90011770,rs66461070:74263978:CA:C,73797275,position_absent_in_GWAS
NPC2,GCST90011770,rs56352049:74265306:TA:T,73798603,position_absent_in_GWAS
NPC2,GCST90011770,rs35887597:74265691:TA:T,73798988,position_absent_in_GWAS
NPC2,GCST90011770,rs371090029:74267124:CA:C,73800421,position_absent_in_GWAS
NPC2,GCST90011770,rs71460924:74270310:T:TA,73803607,position_absent_in_GWAS
NPC2,GCST90011770,rs34461029:74272792:CA:C,73806089,position_absent_in_GWAS
NPC2,GCST90011770,14:74274844:CT:C,73808141,position_absent_in_GWAS
NPC2,GCST90011770,rs56258737:74278762:C:CA,73812059,position_absent_in_GWAS
NPC2,GCST90011770,rs36004173:74280699:TA:T,73813996,position_absent_in_GWAS
NPC2,GCST90011770,14:74281714:C:CA,73815011,position_absent_in_GWAS
NPC2,GCST90011770,rs72302283:74283064:GGAGA:G,73816361,position_absent_in_GWAS
NPC2,GCST90011770,rs139609064:74284920:GC:G,73818217,position_absent_in_GWAS
NPC2,GCST90011770,rs375416968:74285266:TA:T,73818563,position_absent_in_GWAS
NPC2,GCST90011770,14:74285980:CT:C,73819277,position_absent_in_GWAS
NPC2,GCST90011770,14:74286463:CA:C,73819760,position_absent_in_GWAS
NPC2,GCST90011770,rs34270929:74288951:CT:C,73822248,position_absent_in_GWAS
NPC2,GCST90011770,rs11439716:74290781:C:CT,73824078,position_absent_in_GWAS
NPC2,GCST90011770,rs10616022:74291116:AAGAC:A,73824413,position_absent_in_GWAS
NPC2,GCST90011770,rs35244712:74292444:TAA:T,73825741,position_absent_in_GWAS
NPC2,GCST90011770,rs141229211:74292904:AG:A,73826201,position_absent_in_GWAS
NPC2,GCST90011770,rs201733568:74294642:C:CT,73827939,position_absent_in_GWAS
NPC2,GCST90011770,14:74294643:C:CAT,73827940,position_absent_in_GWAS
NPC2,GCST90011770,rs200841037:74294644:G:GC,73827941,position_absent_in_GWAS
NPC2,GCST90011770,rs201037083:74294908:TATATAC:T,73828205,position_absent_in_GWAS
NPC2,GCST90011770,rs142964019:74295081:TCTGA:T,73828378,position_absent_in_GWAS
NPC2,GCST90011770,rs201327034:74297613:TTTC:T,73830910,position_absent_in_GWAS
NPC2,GCST90011770,rs11424982:74300164:C:CT,73833461,position_absent_in_GWAS
NPC2,GCST90011770,rs375607491:74301665:TTA:T,73834962,position_absent_in_GWAS
NPC2,GCST90011770,rs11409207:74304490:A:AT,73837787,position_absent_in_GWAS
NPC2,GCST90011770,rs142598223:74305009:CT:C,73838306,position_absent_in_GWAS
NPC2,GCST90011770,rs145857052:74306627:C:CT,73839924,position_absent_in_GWAS
NPC2,GCST90011770,rs202173357:74307097:CA:C,73840394,position_absent_in_GWAS
NPC2,GCST90011770,rs58805214:74308515:ATGTTTT:A,73841812,position_absent_in_GWAS
NPC2,GCST90011770,rs3076694:74310270:C:CCCCT,73843567,position_absent_in_GWAS
NPC2,GCST90011770,14:74310885:CA:C,73844182,position_absent_in_GWAS
NPC2,GCST90011770,rs58789771:74311607:AT:A,73844904,position_absent_in_GWAS
NPC2,GCST90011770,rs56364415:74311904:AT:A,73845201,position_absent_in_GWAS
NPC2,GCST90011770,rs56371410:74312919:CAA:C,73846216,position_absent_in_GWAS
NPC2,GCST90011770,rs372660914:74314670:ATTTTTTTTTTTTTTTTTTTTT:A,73847967,position_absent_in_GWAS
NPC2,GCST90011770,rs60352417:74316664:CAAAAAAAAAAAA:C,73849961,position_absent_in_GWAS
NPC2,GCST90011770,rs11292350:74320051:GT:G,73853348,position_absent_in_GWAS
NPC2,GCST90011770,rs34887856:74323116:A:AT,73856413,position_absent_in_GWAS
NPC2,GCST90011770,rs143781299:74323820:CAG:C,73857117,position_absent_in_GWAS
NPC2,GCST90011770,rs35564304:74325016:GA:G,73858313,position_absent_in_GWAS
NPC2,GCST90011770,rs5809632:74326487:TA:T,73859784,position_absent_in_GWAS
NPC2,GCST90011770,rs35206130:74326568:G:GT,73859865,position_absent_in_GWAS
NPC2,GCST90011770,14:74333791:CAAAA:C,73867088,position_absent_in_GWAS
NPC2,GCST90011770,rs35088714:74334205:TA:T,73867502,position_absent_in_GWAS
NPC2,GCST90011770,rs34798468:74336276:CA:C,73869573,position_absent_in_GWAS
NPC2,GCST90011770,14:74336896:C:CT,73870193,position_absent_in_GWAS
NPC2,GCST90011770,rs140534483:74340021:AAAAG:A,73873318,position_absent_in_GWAS
NPC2,GCST90011770,rs373183552:74340168:CT:C,73873465,position_absent_in_GWAS
NPC2,GCST90011770,rs202193452:74342441:CT:C,73875738,position_absent_in_GWAS
NPC2,GCST90011770,rs150196513:74343979:AT:A,73877276,position_absent_in_GWAS
NPC2,GCST90011770,rs112355112:74347121:CA:C,73880418,position_absent_in_GWAS
NPC2,GCST90011770,rs111478120:74350063:CT:C,73883360,position_absent_in_GWAS
NPC2,GCST90011770,rs66810906:74356513:TTC:T,73889810,position_absent_in_GWAS
NPC2,GCST90011770,rs34857294:74357794:CT:C,73891091,position_absent_in_GWAS
NPC2,GCST90011770,rs140665239:74358703:CCT:C,73892000,position_absent_in_GWAS
NPC2,GCST90011770,rs34199208:74362244:T:TA,73895541,position_absent_in_GWAS
NPC2,GCST90011770,14:74364674:CA:C,73897971,position_absent_in_GWAS
NPC2,GCST90011770,rs75896997:74365332:GT:G,73898629,position_absent_in_GWAS
NPC2,GCST90011770,rs201313257:74368773:GT:G,73902070,position_absent_in_GWAS
NPC2,GCST90011770,rs35370876:74371467:TA:T,73904764,position_absent_in_GWAS
NPC2,GCST90011770,rs369772096:74373011:CT:C,73906308,position_absent_in_GWAS
NPC2,GCST90011770,rs371940267:74376310:TG:T,73909607,position_absent_in_GWAS
NPC2,GCST90011770,rs34162465:74378872:CT:C,73912169,position_absent_in_GWAS
NPC2,GCST90011770,rs113148965:74379013:CA:C,73912310,position_absent_in_GWAS
NPC2,GCST90011770,rs371094338:74379573:CT:C,73912870,position_absent_in_GWAS
NPC2,GCST90011770,rs112532996:74379752:AT:A,73913049,position_absent_in_GWAS
NPC2,GCST90011770,rs199555385:74381964:C:CA,73915261,position_absent_in_GWAS
NPC2,GCST90011770,rs34020079:74383513:CAA:C,73916810,position_absent_in_GWAS
NPC2,GCST90011770,rs34270029:74383664:CAG:C,73916961,position_absent_in_GWAS
NPC2,GCST90011770,rs71305806:74391386:C:CT,73924683,position_absent_in_GWAS
NPC2,GCST90011770,rs58959688:74392136:CT:C,73925433,position_absent_in_GWAS
NPC2,GCST90011770,rs34942142:74393444:TG:T,73926741,position_absent_in_GWAS
NPC2,GCST90011770,rs11461357:74394535:A:AT,73927832,position_absent_in_GWAS
NPC2,GCST90011770,rs11452149:74396516:T:TA,73929813,position_absent_in_GWAS
NPC2,GCST90011770,rs11421857:74402251:T:TA,73935548,position_absent_in_GWAS
NPC2,GCST90011770,rs200473639:74403777:CAT:C,73937074,position_absent_in_GWAS
NPC2,GCST90011770,rs5809637:74403798:GA:G,73937095,position_absent_in_GWAS
NPC2,GCST90011770,14:74407811:CTT:C,73941108,position_absent_in_GWAS
NPC2,GCST90011770,rs60789767:74414088:C:CA,73947385,position_absent_in_GWAS
NPC2,GCST90011770,rs60171220:74414628:AT:A,73947925,position_absent_in_GWAS
NPC2,GCST90011770,rs35341495:74416222:A:AT,73949519,position_absent_in_GWAS
NPC2,GCST90011770,rs148549829:74416403:TTTCTC:T,73949700,position_absent_in_GWAS
NPC2,GCST90011770,rs149145286:74418078:CTT:C,73951375,position_absent_in_GWAS
NPC2,GCST90011770,rs143983947:74420524:ATGT:A,73953821,position_absent_in_GWAS
NPC2,GCST90011770,14:74421657:AT:A,73954954,position_absent_in_GWAS
NPC2,GCST90011770,rs143222231:74423356:ATCCACTT:A,73956653,position_absent_in_GWAS
NPC2,GCST90011770,rs141459361:74429264:G:GA,73962561,position_absent_in_GWAS
NPC2,GCST90011770,rs57794133:74429409:TTA:T,73962706,position_absent_in_GWAS
NPC2,GCST90011770,14:74434502:CAA:C,73967799,position_absent_in_GWAS
NPC2,GCST90011770,rs139171971:74436002:CAG:C,73969299,position_absent_in_GWAS
NPC2,GCST90011770,rs113156308:74437865:GT:G,73971162,position_absent_in_GWAS
NPC2,GCST90011770,rs11320515:74439382:TA:T,73972679,position_absent_in_GWAS
NPC2,GCST90011770,14:74442106:CTT:C,73975403,position_absent_in_GWAS
NPC2,GCST90011770,rs113384416:74445304:C:CAAACA,73978601,position_absent_in_GWAS
NPC2,GCST90011770,14:74446175:C:CT,73979472,position_absent_in_GWAS
NPC2,GCST90011770,rs140409853:74448197:G:GTA,73981494,position_absent_in_GWAS
NPC2,GCST90011770,rs56117033:74448510:CA:C,73981807,position_absent_in_GWAS
NPC2,GCST90011770,rs71907518:74449980:CCT:C,73983277,position_absent_in_GWAS
NPC2,GCST90011770,rs201370826:74450396:TA:T,73983693,position_absent_in_GWAS
NPC2,GCST90011770,rs145826937:74450764:CTT:C,73984061,position_absent_in_GWAS
NPC2,GCST90011770,rs199818408:74453706:AT:A,73987003,position_absent_in_GWAS
NPC2,GCST90011770,rs67647627:74458311:CA:C,73991608,position_absent_in_GWAS
NPC2,GCST90011770,rs199594365:74459386:CAAAAAAAA:C,73992683,position_absent_in_GWAS
NPC2,GCST90011770,rs199579611:74460636:AAC:A,73993933,position_absent_in_GWAS
NPC2,GCST90011770,rs34061808:74461751:AT:A,73995048,position_absent_in_GWAS
NPC2,GCST90011770,rs35138656:74462288:AAAT:A,73995585,position_absent_in_GWAS
NPC2,GCST90011770,rs34536315:74466790:CA:C,74000087,position_absent_in_GWAS
NPC2,GCST90011770,rs148678859:74470893:CAG:C,74004190,position_absent_in_GWAS
NPC2,GCST90011770,rs200270127:74474068:T:TA,74007365,position_absent_in_GWAS
NPC2,GCST90011770,rs372239362:74474534:AAT:A,74007831,position_absent_in_GWAS
NPC2,GCST90011770,rs147211263:74475856:CAGA:C,74009153,position_absent_in_GWAS
NPC2,GCST90011770,rs57848975:74477257:C:CA,74010554,position_absent_in_GWAS
NPC2,GCST90011770,rs142371267:74481093:CA:C,74014390,position_absent_in_GWAS
NPC2,GCST90011770,rs72486473:74484029:AAG:A,74017326,position_absent_in_GWAS
NPC2,GCST90011770,rs375780216:74484272:ACT:A,74017569,position_absent_in_GWAS
NPC2,GCST90011770,rs11287731:74486946:AT:A,74020243,position_absent_in_GWAS
NPC2,GCST90011770,rs33959730:74487208:CT:C,74020505,position_absent_in_GWAS
NPC2,GCST90011770,rs202166090:74492608:T:TG,74025905,position_absent_in_GWAS
NPC2,GCST90011770,14:74492843:C:CA,74026140,position_absent_in_GWAS
NPC2,GCST90011770,rs200271464:74493618:ACT:A,74026915,position_absent_in_GWAS
NPC2,GCST90011770,rs201489319:74493633:GAA:G,74026930,position_absent_in_GWAS
NPC2,GCST90011770,rs147466614:74495218:T:TAGAA,74028515,position_absent_in_GWAS
NPC2,GCST90011770,14:74495651:C:CCACA,74028948,position_absent_in_GWAS
NPC2,GCST90011770,rs201835078:74499192:C:CT,74032489,position_absent_in_GWAS
NPC2,GCST90011770,rs71115945:74499919:AT:A,74033216,position_absent_in_GWAS
NPC2,GCST90011770,rs141637204:74501929:TA:T,74035226,position_absent_in_GWAS
NPC2,GCST90011770,rs72129796:74502559:TCACA:T,74035856,position_absent_in_GWAS
NPC2,GCST90011770,rs35769157:74503386:C:CA,74036683,position_absent_in_GWAS
NPC2,GCST90011770,rs201370950:74505110:AT:A,74038407,position_absent_in_GWAS
NPC2,GCST90011770,rs35078321:74506298:A:AT,74039595,position_absent_in_GWAS
NPC2,GCST90011770,rs141688431:74506763:TCA:T,74040060,position_absent_in_GWAS
NPC2,GCST90011770,rs72019658:74508740:AAAC:A,74042037,position_absent_in_GWAS
NPC2,GCST90011770,rs3082878:74513105:CATCCAGGCT:C,74046402,position_absent_in_GWAS
NPC2,GCST90011770,rs35753773:74516082:T:TA,74049379,position_absent_in_GWAS
NPC2,GCST90011770,rs142399602:74519637:AGGCTGCAGTGAGCCAT:A,74052934,position_absent_in_GWAS
NPC2,GCST90011770,14:74521381:C:CT,74054678,position_absent_in_GWAS
NPC2,GCST90011770,rs200751645:74522736:T:TA,74056033,position_absent_in_GWAS
NPC2,GCST90011770,rs71460949:74522901:A:AT,74056198,position_absent_in_GWAS
NPC2,GCST90011770,rs200205554:74525299:C:CT,74058596,position_absent_in_GWAS
NPC2,GCST90011770,rs10564858:74528288:CAA:C,74061585,position_absent_in_GWAS
NPC2,GCST90011770,rs71460951:74529511:GA:G,74062808,position_absent_in_GWAS
NPC2,GCST90011770,rs372681195:74529893:CT:C,74063190,position_absent_in_GWAS
NPC2,GCST90011770,rs71115948:74530568:CA:C,74063865,position_absent_in_GWAS
NPC2,GCST90011770,14:74540620:CA:C,74073917,position_absent_in_GWAS
NPC2,GCST90011770,rs201196501:74545063:CT:C,74078360,position_absent_in_GWAS
NPC2,GCST90011770,rs112520921:74546132:GT:G,74079429,position_absent_in_GWAS
NPC2,GCST90011770,rs4646854:74550214:GA:G,74083511,position_absent_in_GWAS
NPC2,GCST90011770,rs34499648:74552408:CAATT:C,74085705,position_absent_in_GWAS
NPC2,GCST90011770,rs34078951:74553372:GA:G,74086669,position_absent_in_GWAS
NPC2,GCST90011770,rs151235071:74553651:G:GA,74086948,position_absent_in_GWAS
NPC2,GCST90011770,rs138770843:74556499:TA:T,74089796,position_absent_in_GWAS
NPC2,GCST90011770,rs112639675:74558467:ACT:A,74091764,position_absent_in_GWAS
NPC2,GCST90011770,14:74558476:CA:C,74091773,position_absent_in_GWAS
NPC2,GCST90011770,rs71115955:74559018:GT:G,74092315,position_absent_in_GWAS
NPC2,GCST90011770,rs61367762:74561436:C:CT,74094733,position_absent_in_GWAS
NPC2,GCST90011770,rs10587416:74562541:CTT:C,74095838,position_absent_in_GWAS
NPC2,GCST90011770,rs140178951:74569645:CAT:C,74102942,position_absent_in_GWAS
NPC2,GCST90011770,14:74570130:ATTTTTTTTTTTTT:A,74103427,position_absent_in_GWAS
NPC2,GCST90011770,rs71115957:74570436:GT:G,74103733,position_absent_in_GWAS
NPC2,GCST90011770,rs201667013:74571294:A:AT,74104591,position_absent_in_GWAS
NPC2,GCST90011770,rs138992205:74574905:GCTTT:G,74108202,position_absent_in_GWAS
NPC2,GCST90011770,rs372748686:74578158:ATT:A,74111455,position_absent_in_GWAS
NPC2,GCST90011770,rs372218709:74578309:GTATT:G,74111606,position_absent_in_GWAS
NPC2,GCST90011770,rs139884141:74578570:TTTTTTTTC:T,74111867,position_absent_in_GWAS
NPC2,GCST90011770,rs372736982:74582179:CTG:C,74115476,position_absent_in_GWAS
NPC2,GCST90011770,rs369107859:74583005:CAAAAAAT:C,74116302,position_absent_in_GWAS
NPC2,GCST90011770,rs10591434:74583012:TAAAAAA:T,74116309,position_absent_in_GWAS
NPC2,GCST90011770,rs3216533:74584630:CA:C,74117927,position_absent_in_GWAS
NPC2,GCST90011770,14:74585863:CT:C,74119160,position_absent_in_GWAS
NPC2,GCST90011770,rs71115960:74586010:GC:G,74119307,position_absent_in_GWAS
NPC2,GCST90011770,rs78079658:74586539:CT:C,74119836,position_absent_in_GWAS
NPC2,GCST90011770,14:74587457:C:CA,74120754,position_absent_in_GWAS
NPC2,GCST90011770,rs11332437:74588428:CT:C,74121725,position_absent_in_GWAS
NPC2,GCST90011770,rs74777859:74589587:CAAACAA:C,74122884,position_absent_in_GWAS
NPC2,GCST90011770,rs138610644:74589604:A:AAAAAC,74122901,position_absent_in_GWAS
NPC2,GCST90011770,rs35775748:74592739:T:TA,74126036,position_absent_in_GWAS
NPC2,GCST90011770,rs142747496:74597651:AT:A,74130948,position_absent_in_GWAS
NPC2,GCST90011770,rs138444518:74597657:A:ATTAT,74130954,position_absent_in_GWAS
NPC2,GCST90011770,rs143147506:74601343:AT:A,74134640,position_absent_in_GWAS
NPC2,GCST90011770,rs34777883:74602250:AT:A,74135547,position_absent_in_GWAS
NPC2,GCST90011770,rs11305985:74602522:GT:G,74135819,position_absent_in_GWAS
NPC2,GCST90011770,rs78447334:74604010:ATAT:A,74137307,position_absent_in_GWAS
NPC2,GCST90011770,rs35627946:74605472:C:CA,74138769,position_absent_in_GWAS
NPC2,GCST90011770,rs144807819:74605723:TA:T,74139020,position_absent_in_GWAS
NPC2,GCST90011770,rs60487392:74610830:AT:A,74144127,position_absent_in_GWAS
NPC2,GCST90011770,rs141927261:74615444:G:GA,74148741,position_absent_in_GWAS
NPC2,GCST90011770,rs68112555:74618207:TTAAAA:T,74151504,position_absent_in_GWAS
NPC2,GCST90011770,rs11325725:74625184:TG:T,74158481,position_absent_in_GWAS
NPC2,GCST90011770,rs35991875:74630687:A:AT,74163984,position_absent_in_GWAS
NPC2,GCST90011770,rs35317050:74634669:A:AT,74167966,position_absent_in_GWAS
NPC2,GCST90011770,rs57293533:74637209:CA:C,74170506,position_absent_in_GWAS
NPC2,GCST90011770,rs58342051:74637584:AT:A,74170881,position_absent_in_GWAS
NPC2,GCST90011770,14:74637721:CA:C,74171018,position_absent_in_GWAS
NPC2,GCST90011770,rs59113909:74638408:TTA:T,74171705,position_absent_in_GWAS
NPC2,GCST90011770,rs34353375:74644183:AAT:A,74177480,position_absent_in_GWAS
NPC2,GCST90011770,rs35242538:74645335:AT:A,74178632,position_absent_in_GWAS
NPC2,GCST90011770,rs60035088:74648353:TACAG:T,74181650,position_absent_in_GWAS
NPC2,GCST90011770,rs4026727:74648860:CATG:C,74182157,position_absent_in_GWAS
NPC2,GCST90011770,rs5809653:74649805:TC:T,74183102,position_absent_in_GWAS
NPC2,GCST90011770,rs68037994:74657092:CTTT:C,74190389,position_absent_in_GWAS
NPC2,GCST90011770,rs71449181:74658789:AC:A,74192086,position_absent_in_GWAS
NPC2,GCST90011770,rs34984934:74660120:TA:T,74193417,position_absent_in_GWAS
NPC2,GCST90011770,rs59983890:74672396:TA:T,74205693,position_absent_in_GWAS
NPC2,GCST90011770,14:74673094:G:GCCTC,74206391,position_absent_in_GWAS
NPC2,GCST90011770,rs144065224:74677767:GAC:G,74211064,position_absent_in_GWAS
NPC2,GCST90011770,rs71449183:74682030:CAAAA:C,74215327,position_absent_in_GWAS
NPC2,GCST90011770,rs11390505:74686515:G:GC,74219812,position_absent_in_GWAS
NPC2,GCST90011770,rs71303901:74693721:G:GT,74227018,position_absent_in_GWAS
NPC2,GCST90011770,rs112459840:74696445:G:GTTGT,74229742,position_absent_in_GWAS
NPC2,GCST90011770,rs199735353:74698372:AAG:A,74231669,position_absent_in_GWAS
NPC2,GCST90011770,rs58098762:74699071:C:CA,74232368,position_absent_in_GWAS
NPC2,GCST90011770,rs11314588:74700862:CG:C,74234159,position_absent_in_GWAS
NPC2,GCST90011770,rs34235832:74702608:C:CT,74235905,position_absent_in_GWAS
NPC2,GCST90011770,rs71698527:74703623:CT:C,74236920,position_absent_in_GWAS
NPC2,GCST90011770,rs71115970:74709320:C:CT,74242617,position_absent_in_GWAS
NPC2,GCST90011770,rs113901119:74710258:CT:C,74243555,position_absent_in_GWAS
NPC2,GCST90011770,rs149163494:74713043:CG:C,74246340,position_absent_in_GWAS
NPC2,GCST90011770,rs34470396:74714503:T:TA,74247800,position_absent_in_GWAS
NPC2,GCST90011770,rs57369966:74715407:C:CA,74248704,position_absent_in_GWAS
NPC2,GCST90011770,rs140976408:74716951:AAT:A,74250248,position_absent_in_GWAS
NPC2,GCST90011770,rs111906304:74717407:A:AT,74250704,position_absent_in_GWAS
NPC2,GCST90011770,rs59786099:74718522:CAG:C,74251819,position_absent_in_GWAS
NPC2,GCST90011770,rs77697300:74719201:CTCCTGCCTCATCCTCCTGAG:C,74252498,position_absent_in_GWAS
NPC2,GCST90011770,rs34396021:74719751:CA:C,74253048,position_absent_in_GWAS
NPC2,GCST90011770,14:74721487:A:AT,74254784,position_absent_in_GWAS
NPC2,GCST90011770,rs142143044:74722469:CTCTG:C,74255766,position_absent_in_GWAS
NPC2,GCST90011770,rs10592020:74729166:CTT:C,74262463,position_absent_in_GWAS
NPC2,GCST90011770,rs35641565:74736541:C:CT,74269838,position_absent_in_GWAS
NPC2,GCST90011770,rs11385593:74742806:C:CA,74276103,position_absent_in_GWAS
NPC2,GCST90011770,rs35294707:74744102:C:CT,74277399,position_absent_in_GWAS
NPC2,GCST90011770,rs61524280:74747057:AC:A,74280354,position_absent_in_GWAS
NPC2,GCST90011770,rs3837654:74754238:CAG:C,74287535,position_absent_in_GWAS
NPC2,GCST90011770,rs60498100:74755814:CAAAAAAAAA:C,74289111,position_absent_in_GWAS
NPC2,GCST90011770,rs58682308:74760760:CT:C,74294057,position_absent_in_GWAS
NPC2,GCST90011770,14:74766766:CAAA:C,74300063,position_absent_in_GWAS
NPC2,GCST90011770,14:74767296:CA:C,74300593,position_absent_in_GWAS
NPC2,GCST90011770,rs71115979:74772033:CAAAAAA:C,74305330,position_absent_in_GWAS
NPC2,GCST90011770,rs11290399:74775569:GT:G,74308866,position_absent_in_GWAS
NPC2,GCST90011770,rs77689318:74778447:GA:G,74311744,position_absent_in_GWAS
NPC2,GCST90011770,rs34712936:74778475:C:CT,74311772,position_absent_in_GWAS
NPC2,GCST90011770,rs71873401:74779457:G:GT,74312754,position_absent_in_GWAS
NPC2,GCST90011770,rs370697776:74783340:CT:C,74316637,position_absent_in_GWAS
NPC2,GCST90011770,14:74788208:CT:C,74321505,position_absent_in_GWAS
NPC2,GCST90011770,rs11408933:74788855:A:AT,74322152,position_absent_in_GWAS
NPC2,GCST90011770,rs58625748:74790846:CT:C,74324143,position_absent_in_GWAS
NPC2,GCST90011770,rs113777746:74792274:GC:G,74325571,position_absent_in_GWAS
NPC2,GCST90011770,rs112807869:74794960:AG:A,74328257,position_absent_in_GWAS
NPC2,GCST90011770,rs57850959:74795978:C:CA,74329275,position_absent_in_GWAS
NPC2,GCST90011770,rs34686412:74797144:C:CT,74330441,position_absent_in_GWAS
NPC2,GCST90011770,rs36042325:74797922:T:TAAAC,74331219,position_absent_in_GWAS
NPC2,GCST90011770,rs113250765:74802443:AT:A,74335740,position_absent_in_GWAS
NPC2,GCST90011770,rs36068153:74808687:GC:G,74341984,position_absent_in_GWAS
NPC2,GCST90011770,rs35159504:74808951:G:GA,74342248,position_absent_in_GWAS
NPC2,GCST90011770,14:74812049:ATTT:A,74345346,position_absent_in_GWAS
NPC2,GCST90011770,rs59810913:74818198:GT:G,74351495,position_absent_in_GWAS
NPC2,GCST90011770,14:74818555:C:CT,74351852,position_absent_in_GWAS
NPC2,GCST90011770,rs142033742:74830482:CA:C,74363779,position_absent_in_GWAS
NPC2,GCST90011770,rs5809662:74838280:AT:A,74371577,position_absent_in_GWAS
NPC2,GCST90011770,14:74839457:CA:C,74372754,position_absent_in_GWAS
NPC2,GCST90011770,rs71115990:74841933:TA:T,74375230,position_absent_in_GWAS
NPC2,GCST90011770,rs146328869:74848835:A:AAAACAAAC,74382132,position_absent_in_GWAS
NPC2,GCST90011770,14:74851901:ATATGGGTGCTCCTG:A,74385198,position_absent_in_GWAS
NPC2,GCST90011770,rs200291887:74854447:C:CT,74387744,position_absent_in_GWAS
NPC2,GCST90011770,14:74857469:C:CCTTT,74390766,position_absent_in_GWAS
NPC2,GCST90011770,rs201928532:74862293:AAAG:A,74395590,position_absent_in_GWAS
NPC2,GCST90011770,rs72311182:74870670:ATC:A,74403967,position_absent_in_GWAS
NPC2,GCST90011770,rs10642138:74875751:T:TTTTA,74409048,position_absent_in_GWAS
NPC2,GCST90011770,rs72355761:74880479:TCACA:T,74413776,position_absent_in_GWAS
NPC2,GCST90011770,rs111851921:74889356:T:TCA,74422653,position_absent_in_GWAS
NPC2,GCST90011770,rs59843281:74897143:CT:C,74430440,position_absent_in_GWAS
NPC2,GCST90011770,rs74779748:74902930:AT:A,74436227,position_absent_in_GWAS
NPC2,GCST90011770,rs66499739:74906582:CA:C,74439879,position_absent_in_GWAS
NPC2,GCST90011770,rs144060483:74907672:GT:G,74440969,position_absent_in_GWAS
NPC2,GCST90011770,rs68008170:74912157:TTGTG:T,74445454,position_absent_in_GWAS
NPC2,GCST90011770,rs35098950:74913318:C:CT,74446615,position_absent_in_GWAS
NPC2,GCST90011770,14:74916141:C:CAAAAAAAAA,74449438,position_absent_in_GWAS
NPC2,GCST90011770,14:74920094:AG:A,74453391,position_absent_in_GWAS
NPC2,GCST90011770,rs148583913:74928352:TCA:T,74461649,position_absent_in_GWAS
NPC2,GCST90011770,rs34848569:74936222:T:TA,74469519,position_absent_in_GWAS
NPC2,GCST90011770,rs78261954:74944319:CTTT:C,74477616,position_absent_in_GWAS
NPC2,GCST90011770,rs199628163:74952246:TAG:T,74485543,position_absent_in_GWAS
NPC2,GCST90011770,rs33935452:74952269:GA:G,74485566,position_absent_in_GWAS
NPC2,GCST90011770,rs61201972:74953714:GCA:G,74487011,position_absent_in_GWAS
NPC2,GCST90011770,rs150813068:74953846:GT:G,74487143,position_absent_in_GWAS
NPC2,GCST90011770,rs67289103:74956240:AGT:A,74489537,position_absent_in_GWAS
NPC2,GCST90011770,rs3047739:74960368:TGG:T,74493665,position_absent_in_GWAS
NPC2,GCST90011770,14:74968468:G:GA,74501765,position_absent_in_GWAS
NPC2,GCST90011770,rs36016624:74971650:TGACCCTTCGAG:T,74504947,position_absent_in_GWAS
NPC2,GCST90011770,rs142594510:74979650:AG:A,74512947,position_absent_in_GWAS
NPC2,GCST90011770,rs113811161:74980506:TCAAA:T,74513803,position_absent_in_GWAS
NPC2,GCST90011770,14:74981955:ATTTT:A,74515252,position_absent_in_GWAS
NPC2,GCST90011770,rs147745131:74983491:GT:G,74516788,position_absent_in_GWAS
NPC2,GCST90011770,rs36111387:74987504:AAATG:A,74520801,position_absent_in_GWAS
NPC2,GCST90011770,rs3837653:74988127:CCACAT:C,74521424,position_absent_in_GWAS
NPC2,GCST90011770,rs369981475:75005207:GTTAGT:G,74538504,position_absent_in_GWAS
NPC2,GCST90011770,14:75009472:A:AT,74542769,position_absent_in_GWAS
NPC2,GCST90011770,rs202057022:75009806:GCACGGTGGTT:G,74543103,position_absent_in_GWAS
NPC2,GCST90011770,rs3217475:75018742:GC:G,74552039,position_absent_in_GWAS
NPC2,GCST90011770,rs199881481:75020718:AG:A,74554015,position_absent_in_GWAS
NPC2,GCST90011770,rs3837652:75026351:CTG:C,74559648,position_absent_in_GWAS
NPC2,GCST90011770,rs199951008:75029326:G:GA,74562623,position_absent_in_GWAS
NPC2,GCST90011770,rs200535606:75032773:G:GT,74566070,position_absent_in_GWAS
NPC2,GCST90011770,14:75039150:C:CT,74572447,position_absent_in_GWAS
NPC2,GCST90011770,rs71449199:75062929:A:AAAATAAAT,74596226,position_absent_in_GWAS
NPC2,GCST90011770,rs58210192:75063648:AG:A,74596945,position_absent_in_GWAS
NPC2,GCST90011770,rs5809673:75075418:G:GA,74608715,position_absent_in_GWAS
NPC2,GCST90011770,rs5809674:75075464:A:AGAAAT,74608761,position_absent_in_GWAS
NPC2,GCST90011770,rs368319740:75079632:TTTTC:T,74612929,position_absent_in_GWAS
NPC2,GCST90011770,rs377741002:75090257:CAA:C,74623554,position_absent_in_GWAS
NPC2,GCST90011770,14:75093857:CA:C,74627154,position_absent_in_GWAS
NPC2,GCST90011770,rs11361453:75094347:CA:C,74627644,position_absent_in_GWAS
NPC2,GCST90011770,rs200920928:75106269:AAAAC:A,74639566,position_absent_in_GWAS
NPC2,GCST90011770,rs146329221:75111593:CTTT:C,74644890,position_absent_in_GWAS
NPC2,GCST90011770,rs11291765:75123642:TA:T,74656939,position_absent_in_GWAS
NPC2,GCST90011770,rs34192596:75128308:GAA:G,74661605,position_absent_in_GWAS
NPC2,GCST90011770,rs16661:75128316:A:C,74661613,position_absent_in_GWAS
NPC2,GCST90011770,rs71449202:75133421:AT:A,74666718,position_absent_in_GWAS
NPC2,GCST90011770,14:75138024:CTTTTTTTTTTTT:C,74671321,position_absent_in_GWAS
NPC2,GCST90011770,rs71119311:75145398:CA:C,74678695,position_absent_in_GWAS
NPC2,GCST90011770,rs141206776:75146547:TAATA:T,74679844,position_absent_in_GWAS
NPC2,GCST90011770,rs36079107:75160878:AAAAT:A,74694175,position_absent_in_GWAS
NPC2,GCST90011770,14:75161693:GA:G,74694990,position_absent_in_GWAS
NPC2,GCST90011770,14:75165561:TA:T,74698858,position_absent_in_GWAS
NPC2,GCST90011770,rs58161849:75171746:G:GT,74705043,position_absent_in_GWAS
NPC2,GCST90011770,rs35181427:75174495:C:CA,74707792,position_absent_in_GWAS
NPC2,GCST90011770,rs35901005:75181481:CA:C,74714778,position_absent_in_GWAS
NPC2,GCST90011770,rs143512112:75183883:AC:A,74717180,position_absent_in_GWAS
NPC2,GCST90011770,rs11396572:75190531:C:CA,74723828,position_absent_in_GWAS
NPC2,GCST90011770,rs34861456:75191772:T:TA,74725069,position_absent_in_GWAS
NPC2,GCST90011770,rs58398533:75193306:CT:C,74726603,position_absent_in_GWAS
NPC2,GCST90011770,rs150479967:75198857:T:TTA,74732154,position_absent_in_GWAS
NPC2,GCST90011770,rs3214408:75201071:TA:T,74734368,position_absent_in_GWAS
NPC2,GCST90011770,rs71303897:75201222:T:TA,74734519,position_absent_in_GWAS
NPC2,GCST90011770,rs5809677:75204694:CA:C,74737991,position_absent_in_GWAS
NPC2,GCST90011770,rs34705212:75208521:CA:C,74741818,position_absent_in_GWAS
NPC2,GCST90011770,rs148323132:75213205:ATATCC:A,74746502,position_absent_in_GWAS
NPC2,GCST90011770,rs61531232:75213283:CT:C,74746580,position_absent_in_GWAS
NPC2,GCST90011770,rs34464875:75215224:C:CA,74748521,position_absent_in_GWAS
NPC2,GCST90011770,rs375326155:75216600:TTTTTGTTTTGTTTTG:T,74749897,position_absent_in_GWAS
NPC2,GCST90011770,rs35781097:75224141:CA:C,74757438,position_absent_in_GWAS
NPC2,GCST90011770,rs201124850:75225369:CAAATAAAT:C,74758666,position_absent_in_GWAS
NPC2,GCST90011770,rs34253239:75228486:CT:C,74761783,position_absent_in_GWAS
NPC2,GCST90011770,rs34503309:75236290:A:AT,74769587,position_absent_in_GWAS
NPC2,GCST90011770,rs201030717:75236557:CCCCCCCCCG:C,74769854,position_absent_in_GWAS
NPC2,GCST90011770,14:75238920:CT:C,74772217,position_absent_in_GWAS
NPC2,GCST90011770,rs36010497:75241230:TC:T,74774527,position_absent_in_GWAS
NPC2,GCST90011770,rs35237469:75241506:CA:C,74774803,position_absent_in_GWAS
NPC2,GCST90011770,rs138962436:75242832:GT:G,74776129,position_absent_in_GWAS
NPC2,GCST90011770,rs138166786:75244677:C:CA,74777974,position_absent_in_GWAS
NPC2,GCST90011770,rs10707814:75253064:CA:C,74786361,position_absent_in_GWAS
NPC2,GCST90011770,rs75017235:75254820:CT:C,74788117,position_absent_in_GWAS
NPC2,GCST90011770,rs57279878:75261302:C:CT,74794599,position_absent_in_GWAS
NPC2,GCST90011770,rs138774247:75261467:TAC:T,74794764,position_absent_in_GWAS
NPC2,GCST90011770,rs58158508:75261660:TG:T,74794957,position_absent_in_GWAS
NPC2,GCST90011770,rs34503917:75268920:CA:C,74802217,position_absent_in_GWAS
NPC2,GCST90011770,rs138718009:75271114:ACCATTGCTTGCTACT:A,74804411,position_absent_in_GWAS
NPC2,GCST90011770,14:75272407:CT:C,74805704,position_absent_in_GWAS
NPC2,GCST90011770,rs60143650:75272572:AT:A,74805869,position_absent_in_GWAS
NPC2,GCST90011770,rs148417567:75277423:TTTA:T,74810720,position_absent_in_GWAS
NPC2,GCST90011770,rs5809679:75282873:AT:A,74816170,position_absent_in_GWAS
NPC2,GCST90011770,rs199631116:75284758:C:CA,74818055,position_absent_in_GWAS
NPC2,GCST90011770,rs139072553:75285614:CTGTT:C,74818911,position_absent_in_GWAS
NPC2,GCST90011770,rs71932018:75289548:GATA:G,74822845,position_absent_in_GWAS
NPC2,GCST90011770,rs35622588:75300886:TA:T,74834183,position_absent_in_GWAS
NPC2,GCST90011770,rs199949839:75304977:C:CT,74838274,position_absent_in_GWAS
NPC2,GCST90011770,rs201995772:75312197:C:CA,74845494,position_absent_in_GWAS
NPC2,GCST90011770,rs143130721:75315409:AATCTT:A,74848706,position_absent_in_GWAS
NPC2,GCST90011770,rs60979977:75316023:TAAATAAAAAAA:T,74849320,position_absent_in_GWAS
NPC2,GCST90011770,rs56309042:75316882:CAA:C,74850179,position_absent_in_GWAS
NPC2,GCST90011770,rs11335240:75317089:CT:C,74850386,position_absent_in_GWAS
NPC2,GCST90011770,rs147024588:75325481:T:TTGTG,74858778,position_absent_in_GWAS
NPC2,GCST90011770,rs367557046:75325545:TTGTG:T,74858842,position_absent_in_GWAS
NPC2,GCST90011770,rs11346049:75327075:CA:C,74860372,position_absent_in_GWAS
NPC2,GCST90011770,rs72148999:75328932:GTC:G,74862229,position_absent_in_GWAS
NPC2,GCST90011770,rs200511111:75331865:G:GA,74865162,position_absent_in_GWAS
NPC2,GCST90011770,rs34902627:75335538:CA:C,74868835,position_absent_in_GWAS
NPC2,GCST90011770,14:75335983:CTT:C,74869280,position_absent_in_GWAS
NPC2,GCST90011770,rs11388832:75336966:C:CA,74870263,position_absent_in_GWAS
NPC2,GCST90011770,rs67622010:75337127:CA:C,74870424,position_absent_in_GWAS
NPC2,GCST90011770,14:75340954:GTT:G,74874251,position_absent_in_GWAS
NPC2,GCST90011770,rs34311445:75343813:CA:C,74877110,position_absent_in_GWAS
NPC2,GCST90011770,rs201391764:75344192:C:CA,74877489,position_absent_in_GWAS
NPC2,GCST90011770,rs58707063:75345371:AGTGT:A,74878668,position_absent_in_GWAS
NPC2,GCST90011770,14:75346892:C:CT,74880189,position_absent_in_GWAS
NPC2,GCST90011770,rs72245024:75348126:C:CT,74881423,position_absent_in_GWAS
NPC2,GCST90011770,rs55729619:75354977:GT:G,74888274,position_absent_in_GWAS
NPC2,GCST90011770,rs57898381:75355767:TA:T,74889064,position_absent_in_GWAS
NPC2,GCST90011770,14:75356070:AT:A,74889367,position_absent_in_GWAS
NPC2,GCST90011770,rs5809682:75356799:T:TA,74890096,position_absent_in_GWAS
NPC2,GCST90011770,rs3081752:75356827:CT:C,74890124,position_absent_in_GWAS
NPC2,GCST90011770,rs201992318:75359215:GT:G,74892512,position_absent_in_GWAS
NPC2,GCST90011770,rs58288168:75359757:ACT:A,74893054,position_absent_in_GWAS
NPC2,GCST90011770,rs138664705:75367594:ATTC:A,74900891,position_absent_in_GWAS
NPC2,GCST90011770,rs11325303:75368547:AT:A,74901844,position_absent_in_GWAS
NPC2,GCST90011770,14:75368863:G:T,74902160,position_absent_in_GWAS
NPC2,GCST90011770,rs10536168:75372084:CTG:C,74905381,position_absent_in_GWAS
NPC2,GCST90011770,14:75373112:T:TGGG,74906409,position_absent_in_GWAS
NPC2,GCST90011770,rs112024638:75377144:GA:G,74910441,position_absent_in_GWAS
NPC2,GCST90011770,rs71897309:75390180:GCAGGTCTAGAATCATC:G,74923477,position_absent_in_GWAS
NPC2,GCST90011770,rs140653412:75393606:AT:A,74926903,position_absent_in_GWAS
NPC2,GCST90011770,rs55906517:75396955:C:CT,74930252,position_absent_in_GWAS
NPC2,GCST90011770,rs11304993:75399002:TA:T,74932299,position_absent_in_GWAS
NPC2,GCST90011770,rs141061319:75400613:AT:A,74933910,position_absent_in_GWAS
NPC2,GCST90011770,rs36003084:75402674:A:AT,74935971,position_absent_in_GWAS
NPC2,GCST90011770,rs55850304:75404114:C:CT,74937411,position_absent_in_GWAS
NPC2,GCST90011770,rs5809686:75407250:GACACAGAC:G,74940547,position_absent_in_GWAS
NPC2,GCST90011770,rs58701358:75410784:A:AT,74944081,position_absent_in_GWAS
NPC2,GCST90011770,rs5809688:75411625:CT:C,74944922,position_absent_in_GWAS
NPC2,GCST90011770,rs33954784:75430911:TC:T,74964208,position_absent_in_GWAS
NPC2,GCST90011770,14:75434957:T:TAAA,74968254,position_absent_in_GWAS
NPC2,GCST90011770,rs79107045:75444711:TC:T,74978008,position_absent_in_GWAS
NPC2,GCST90011770,rs57323464:75448527:CT:C,74981824,position_absent_in_GWAS
NPC2,GCST90011770,rs56239186:75450065:T:TA,74983362,position_absent_in_GWAS
NPC2,GCST90011770,14:75456747:C:CAAAAA,74990044,position_absent_in_GWAS
NPC2,GCST90011770,rs34986025:75457452:C:CT,74990749,position_absent_in_GWAS
NPC2,GCST90011770,rs140091697:75464458:TAA:T,74997755,position_absent_in_GWAS
NPC2,GCST90011770,rs34675328:75471177:TGAGACCAG:T,75004474,position_absent_in_GWAS
NPC2,GCST90011770,rs2307511:75474784:TATAGACAA:T,75008081,position_absent_in_GWAS
NPC2,GCST90011770,rs66516707:75476461:TGA:T,75009758,position_absent_in_GWAS
NPC2,GCST90011770,rs5809689:75482443:AG:A,75015740,position_absent_in_GWAS
NPC2,GCST90011770,rs56375606:75484678:GTC:G,75017975,position_absent_in_GWAS
NPC2,GCST90011770,rs5809691:75484855:C:CA,75018152,position_absent_in_GWAS
NPC2,GCST90011770,rs35881732:75487568:C:CATT,75020865,position_absent_in_GWAS
NPC2,GCST90011770,rs34129769:75495119:AT:A,75028416,position_absent_in_GWAS
NPC2,GCST90011770,rs35978930:75496687:CA:C,75029984,position_absent_in_GWAS
NPC2,GCST90011770,rs56995931:75500894:TA:T,75034191,position_absent_in_GWAS
NPC2,GCST90011770,rs5809692:75503759:G:GA,75037056,position_absent_in_GWAS
NPC2,GCST90011770,14:75506557:TATATATATATATA:T,75039854,position_absent_in_GWAS
NPC2,GCST90011770,rs151015271:75506891:ACCTGTAATCTCAG:A,75040188,position_absent_in_GWAS
NPC2,GCST90011770,rs11309437:75518640:CT:C,75051937,position_absent_in_GWAS
NPC2,GCST90011770,14:75529362:CAAA:C,75062659,position_absent_in_GWAS
NPC2,GCST90011770,rs144010513:75532422:TC:T,75065719,position_absent_in_GWAS
NPC2,GCST90011770,rs67397772:75543464:CTAAG:C,75076761,position_absent_in_GWAS
NPC2,GCST90011770,rs66560922:75545918:CA:C,75079215,position_absent_in_GWAS
NPC2,GCST90011770,rs149123282:75552890:AAAAAAT:A,75086187,position_absent_in_GWAS
NPC2,GCST90011770,14:75556980:CT:C,75090277,position_absent_in_GWAS
NPC2,GCST90011770,rs113097149:75558975:A:AT,75092272,position_absent_in_GWAS
NPC2,GCST90011770,14:75562979:CAAAA:C,75096276,position_absent_in_GWAS
NPC2,GCST90011770,rs35432461:75563532:C:CA,75096829,position_absent_in_GWAS
NPC2,GCST90011770,rs11446568:75566485:C:CA,75099782,position_absent_in_GWAS
NPC2,GCST90011770,rs35499335:75569216:G:GT,75102513,position_absent_in_GWAS
NPC2,GCST90011770,rs56719668:75571191:C:CT,75104488,position_absent_in_GWAS
NPC2,GCST90011770,rs10632881:75581817:T:TACAC,75115114,position_absent_in_GWAS
NPC2,GCST90011770,rs374021221:75590107:CAAA:C,75123404,position_absent_in_GWAS
NPC2,GCST90011770,rs34921975:75591478:CT:C,75124775,position_absent_in_GWAS
NPC2,GCST90011770,rs113303427:75591641:AT:A,75124938,position_absent_in_GWAS
NPC2,GCST90011770,rs55959885:75596037:AG:A,75129334,position_absent_in_GWAS
NPC2,GCST90011770,rs368437388:75604411:CT:C,75137708,position_absent_in_GWAS
NPC2,GCST90011770,rs145288922:75606313:TG:T,75139610,position_absent_in_GWAS
NPC2,GCST90011770,rs5809695:75610636:C:CA,75143933,position_absent_in_GWAS
NPC2,GCST90011770,rs35810783:75613611:C:CAGAT,75146908,position_absent_in_GWAS
NPC2,GCST90011770,rs76033420:75616540:GCT:G,75149837,position_absent_in_GWAS
NPC2,GCST90011770,rs369868350:75616548:CTGT:C,75149845,position_absent_in_GWAS
NPC2,GCST90011770,rs78523802:75620940:CA:C,75154237,position_absent_in_GWAS
NPC2,GCST90011770,rs148563522:75623619:A:AAAAAG,75156916,position_absent_in_GWAS
NPC2,GCST90011770,rs76416253:75624345:CAT:C,75157642,position_absent_in_GWAS
NPC2,GCST90011770,rs76379942:75628199:AG:A,75161496,position_absent_in_GWAS
NPC2,GCST90011770,rs35308116:75633642:CT:C,75166939,position_absent_in_GWAS
NPC2,GCST90011770,rs147990412:75637899:GGAA:G,75171196,position_absent_in_GWAS
NPC2,GCST90011770,rs11366602:75644857:GT:G,75178154,position_absent_in_GWAS
NPC2,GCST90011770,rs34903218:75649790:T:TA,75183087,position_absent_in_GWAS
NPC2,GCST90011770,rs11351733:75654929:AC:A,75188226,position_absent_in_GWAS
NPC2,GCST90011770,rs10593937:75662679:CTGAG:C,75195976,position_absent_in_GWAS
NPC2,GCST90011770,rs145732009:75666563:TTTG:T,75199860,position_absent_in_GWAS
NPC2,GCST90011770,rs112371094:75668789:CT:C,75202086,position_absent_in_GWAS
NPC2,GCST90011770,rs34796348:75669750:G:GT,75203047,position_absent_in_GWAS
NPC2,GCST90011770,rs113963248:75670358:TA:T,75203655,position_absent_in_GWAS
NPC2,GCST90011770,rs199512633:75670739:CATCTT:C,75204036,position_absent_in_GWAS
NPC2,GCST90011770,rs11335433:75675910:CT:C,75209207,position_absent_in_GWAS
NPC2,GCST90011770,rs75732983:75677669:C:G,75210966,position_absent_in_GWAS
NPC2,GCST90011770,rs201105776:75678968:C:CA,75212265,position_absent_in_GWAS
NPC2,GCST90011770,rs61617176:75678978:G:GA,75212275,position_absent_in_GWAS
NPC2,GCST90011770,rs113752059:75680350:C:CT,75213647,position_absent_in_GWAS
NPC2,GCST90011770,rs34360074:75687309:CAAAG:C,75220606,position_absent_in_GWAS
NPC2,GCST90011770,rs57284265:75689806:AT:A,75223103,position_absent_in_GWAS
NPC2,GCST90011770,rs111253226:75692319:C:CA,75225616,position_absent_in_GWAS
NPC2,GCST90011770,rs202006956:75701903:AT:A,75235200,position_absent_in_GWAS
NPC2,GCST90011770,rs113668738:75702084:CA:C,75235381,position_absent_in_GWAS
NPC2,GCST90011770,rs111843691:75705194:T:TA,75238491,position_absent_in_GWAS
NPC2,GCST90011770,rs34741974:75706345:AT:A,75239642,position_absent_in_GWAS
NPC2,GCST90011770,rs5809699:75713098:CA:C,75246395,position_absent_in_GWAS
NPC2,GCST90011770,rs113844849:75715655:C:CA,75248952,position_absent_in_GWAS
NPC2,GCST90011770,rs57290969:75717439:G:GA,75250736,position_absent_in_GWAS
NPC2,GCST90011770,rs67204041:75718772:CAT:C,75252069,position_absent_in_GWAS
NPC2,GCST90011770,rs145023521:75722081:AAAAG:A,75255378,position_absent_in_GWAS
NPC2,GCST90011770,rs151175216:75725029:ACT:A,75258326,position_absent_in_GWAS
NPC2,GCST90011770,rs77752202:75730370:CAAAAAAAAA:C,75263667,position_absent_in_GWAS
NPC2,GCST90011770,rs4026017:75740642:TGGG:T,75273939,position_absent_in_GWAS
NPC2,GCST90011770,rs3216792:75747407:AG:A,75280704,position_absent_in_GWAS
NPC2,GCST90011770,14:75750890:CAAA:C,75284187,position_absent_in_GWAS
NPC2,GCST90011770,rs10548721:75753001:AAGAG:A,75286298,position_absent_in_GWAS
NPC2,GCST90011770,14:75753071:CA:C,75286368,position_absent_in_GWAS
NPC2,GCST90011770,rs139324711:75759347:TAA:T,75292644,position_absent_in_GWAS
NPC2,GCST90011770,rs58802026:75760034:A:AAC,75293331,position_absent_in_GWAS
NPC2,GCST90011770,rs11435136:75766315:G:GA,75299612,position_absent_in_GWAS
NPC2,GCST90011770,rs368422989:75769355:CT:C,75302652,position_absent_in_GWAS
NPC2,GCST90011770,rs60454234:75771016:GA:G,75304313,position_absent_in_GWAS
NPC2,GCST90011770,rs55884442:75771221:C:CT,75304518,position_absent_in_GWAS
NPC2,GCST90011770,14:75771947:G:C,75305244,position_absent_in_GWAS
NPC2,GCST90011770,rs79803796:75775218:TAG:T,75308515,position_absent_in_GWAS
NPC2,GCST90011770,rs149349578:75775607:ATC:A,75308904,position_absent_in_GWAS
NPC2,GCST90011770,rs139701411:75775623:CTCCTT:C,75308920,position_absent_in_GWAS
NPC2,GCST90011770,rs57225898:75778835:AT:A,75312132,position_absent_in_GWAS
NPC2,GCST90011770,rs11285189:75781208:CT:C,75314505,position_absent_in_GWAS
NPC2,GCST90011770,rs201277279:75783095:G:GA,75316392,position_absent_in_GWAS
NPC2,GCST90011770,rs67390988:75784741:AT:A,75318038,position_absent_in_GWAS
NPC2,GCST90011770,rs35255022:75788041:ACTCT:A,75321338,position_absent_in_GWAS
NPC2,GCST90011770,rs72296115:75788110:AT:A,75321407,position_absent_in_GWAS
NPC2,GCST90011770,14:75792496:CTATTTTATTTTATTTTATTTTATTT:C,75325793,position_absent_in_GWAS
NPC2,GCST90011770,rs34890289:75794536:TA:T,75327833,position_absent_in_GWAS
NPC2,GCST90011770,rs149918954:75795404:GCCTCTCCCATCC:G,75328701,position_absent_in_GWAS
NPC2,GCST90011770,rs34134739:75796828:C:CA,75330125,position_absent_in_GWAS
NPC2,GCST90011770,rs368213190:75800107:TTTTC:T,75333404,position_absent_in_GWAS
NPC2,GCST90011770,rs200478554:75800559:GGA:G,75333856,position_absent_in_GWAS
NPC2,GCST90011770,rs71119359:75804183:T:TA,75337480,position_absent_in_GWAS
NPC2,GCST90011770,rs66507860:75804855:AG:A,75338152,position_absent_in_GWAS
NPC2,GCST90011770,rs1882833:75804856:G:A,75338153,position_absent_in_GWAS
NPC2,GCST90011770,rs147592271:75810248:AC:A,75343545,position_absent_in_GWAS
NPC2,GCST90011770,rs10707079:75811967:AT:A,75345264,position_absent_in_GWAS
NPC2,GCST90011770,rs75573516:75822084:CTG:C,75355381,position_absent_in_GWAS
NPC2,GCST90011770,rs78355014:75822371:AT:A,75355668,position_absent_in_GWAS
NPC2,GCST90011770,rs138708205:75822424:AATAC:A,75355721,position_absent_in_GWAS
NPC2,GCST90011770,rs35408085:75825226:CT:C,75358523,position_absent_in_GWAS
NPC2,GCST90011770,rs35623518:75825458:CT:C,75358755,position_absent_in_GWAS
NPC2,GCST90011770,rs34291029:75835778:C:CT,75369075,position_absent_in_GWAS
NPC2,GCST90011770,rs139948389:75838621:AAAT:A,75371918,position_absent_in_GWAS
NPC2,GCST90011770,rs34970808:75844713:CT:C,75378010,position_absent_in_GWAS
NPC2,GCST90011770,rs145186912:75846551:GA:G,75379848,position_absent_in_GWAS
NPC2,GCST90011770,rs33964417:75848193:TA:T,75381490,position_absent_in_GWAS
NPC2,GCST90011770,rs34638224:75848965:AT:A,75382262,position_absent_in_GWAS
NPC2,GCST90011770,rs34555998:75852291:CA:C,75385588,position_absent_in_GWAS
NPC2,GCST90011770,rs56070995:75863675:TAA:T,75396972,position_absent_in_GWAS
NPC2,GCST90011770,rs34930581:75863773:GA:G,75397070,position_absent_in_GWAS
NPC2,GCST90011770,rs201237222:75864822:A:AT,75398119,position_absent_in_GWAS
NPC2,GCST90011770,rs368026981:75864904:AAAAAAAAAGAG:A,75398201,position_absent_in_GWAS
NPC2,GCST90011770,rs34695694:75866789:AT:A,75400086,position_absent_in_GWAS
NPC2,GCST90011770,rs11296931:75872323:CA:C,75405620,position_absent_in_GWAS
NPC2,GCST90011770,rs78050098:75873359:T:TTC,75406656,position_absent_in_GWAS
NPC2,GCST90011770,rs34775832:75874266:C:CT,75407563,position_absent_in_GWAS
NPC2,GCST90011770,rs58736488:75874699:CAAAAAAAAAA:C,75407996,position_absent_in_GWAS
NPC2,GCST90011770,rs201241015:75875245:T:TA,75408542,position_absent_in_GWAS
NPC2,GCST90011770,rs140721010:75879577:TG:T,75412874,position_absent_in_GWAS
NPC2,GCST90011770,rs11343314:75883593:TC:T,75416890,position_absent_in_GWAS
NPC2,GCST90011770,rs11440462:75884097:G:GA,75417394,position_absent_in_GWAS
NPC2,GCST90011770,rs55774466:75884896:ATTTG:A,75418193,position_absent_in_GWAS
NPC2,GCST90011770,rs72407516:75885636:TTGAA:T,75418933,position_absent_in_GWAS
NPC2,GCST90011770,rs34592704:75886127:CA:C,75419424,position_absent_in_GWAS
NPC2,GCST90011770,rs34393267:75902941:TG:T,75436238,position_absent_in_GWAS
NPC2,GCST90011770,rs11302124:75903875:CA:C,75437172,position_absent_in_GWAS
NPC2,GCST90011770,rs11409834:75910612:A:AT,75443909,position_absent_in_GWAS
NPC2,GCST90011770,rs34492646:75914312:GC:G,75447609,position_absent_in_GWAS
NPC2,GCST90011770,rs35602019:75932741:TA:T,75466038,position_absent_in_GWAS
NPC2,GCST90011770,rs35536778:75948969:C:CAATA,75482266,position_absent_in_GWAS
NPC2,GCST90011770,rs370239599:75953233:AAAG:A,75486530,position_absent_in_GWAS
NPC2,GCST90011770,rs148650469:75954573:TTTG:T,75488230,position_absent_in_GWAS
NPC2,GCST90011770,14:75954937:A:AGTATAT,75488594,position_absent_in_GWAS
NPC2,GCST90011770,14:75959059:A:AAAAG,75492716,position_absent_in_GWAS
LTBP2,GCST90011766,rs58429599:74085327:GAAAAT:G,73618623,position_absent_in_GWAS
LTBP2,GCST90011766,rs67656337:74086623:C:CT,73619919,position_absent_in_GWAS
LTBP2,GCST90011766,rs66884513:74087938:CG:C,73621234,position_absent_in_GWAS
LTBP2,GCST90011766,rs66727007:74087941:CA:C,73621237,position_absent_in_GWAS
LTBP2,GCST90011766,rs201928779:74089621:G:GT,73622917,position_absent_in_GWAS
LTBP2,GCST90011766,rs151231344:74092985:CA:C,73626281,position_absent_in_GWAS
LTBP2,GCST90011766,rs60392311:74093365:TA:T,73626661,position_absent_in_GWAS
LTBP2,GCST90011766,rs71112783:74094523:AT:A,73627819,position_absent_in_GWAS
LTBP2,GCST90011766,rs138956191:74094997:CAT:C,73628293,position_absent_in_GWAS
LTBP2,GCST90011766,rs59345677:74095602:CA:C,73628898,position_absent_in_GWAS
LTBP2,GCST90011766,rs71112784:74095760:C:CA,73629056,position_absent_in_GWAS
LTBP2,GCST90011766,rs145127767:74099128:CTTCCAGAACCA:C,73632424,position_absent_in_GWAS
LTBP2,GCST90011766,rs199544681:74099563:AG:A,73632859,position_absent_in_GWAS
LTBP2,GCST90011766,rs138746241:74102783:GC:G,73636080,position_absent_in_GWAS
LTBP2,GCST90011766,rs200312739:74103278:TCAAA:T,73636575,position_absent_in_GWAS
LTBP2,GCST90011766,rs11320189:74105280:CA:C,73638577,position_absent_in_GWAS
LTBP2,GCST90011766,rs5809622:74107448:TA:T,73640745,position_absent_in_GWAS
LTBP2,GCST90011766,rs138276373:74107792:CA:C,73641089,position_absent_in_GWAS
LTBP2,GCST90011766,rs10716422:74110260:GT:G,73643557,position_absent_in_GWAS
LTBP2,GCST90011766,rs35544357:74110928:AT:A,73644225,position_absent_in_GWAS
LTBP2,GCST90011766,rs139150382:74111120:AATTATT:A,73644417,position_absent_in_GWAS
LTBP2,GCST90011766,rs201091492:74114070:AAAAAAAAAAAAAAAG:A,73647367,position_absent_in_GWAS
LTBP2,GCST90011766,14:74125864:AT:A,73659161,position_absent_in_GWAS
LTBP2,GCST90011766,rs143340050:74126796:A:AT,73660093,position_absent_in_GWAS
LTBP2,GCST90011766,rs112233204:74131562:TA:T,73664859,position_absent_in_GWAS
LTBP2,GCST90011766,rs35746041:74139310:CA:C,73672607,position_absent_in_GWAS
LTBP2,GCST90011766,rs11403998:74140589:G:GA,73673886,position_absent_in_GWAS
LTBP2,GCST90011766,rs150007114:74141888:TTC:T,73675185,position_absent_in_GWAS
LTBP2,GCST90011766,rs75678079:74143666:AT:A,73676963,position_absent_in_GWAS
LTBP2,GCST90011766,rs142899983:74146582:CT:C,73679879,position_absent_in_GWAS
LTBP2,GCST90011766,rs145987029:74147795:TTTG:T,73681092,position_absent_in_GWAS
LTBP2,GCST90011766,rs74378828:74151634:CATTT:C,73684931,position_absent_in_GWAS
LTBP2,GCST90011766,rs140633074:74151836:CAT:C,73685133,position_absent_in_GWAS
LTBP2,GCST90011766,14:74152163:A:AT,73685460,position_absent_in_GWAS
LTBP2,GCST90011766,rs11312662:74156754:AG:A,73690051,position_absent_in_GWAS
LTBP2,GCST90011766,rs35404058:74158699:CTT:C,73691996,position_absent_in_GWAS
LTBP2,GCST90011766,rs72413615:74159313:GA:G,73692610,position_absent_in_GWAS
LTBP2,GCST90011766,rs5809627:74167061:GA:G,73700358,position_absent_in_GWAS
LTBP2,GCST90011766,rs11287416:74168084:TA:T,73701381,position_absent_in_GWAS
LTBP2,GCST90011766,rs370710507:74172924:CT:C,73706221,position_absent_in_GWAS
LTBP2,GCST90011766,rs200911280:74173376:CG:C,73706673,position_absent_in_GWAS
LTBP2,GCST90011766,rs372732969:74173432:GA:G,73706729,position_absent_in_GWAS
LTBP2,GCST90011766,rs202246877:74175816:ACT:A,73709113,position_absent_in_GWAS
LTBP2,GCST90011766,rs200776761:74176106:TG:T,73709403,position_absent_in_GWAS
LTBP2,GCST90011766,14:74177799:AT:A,73711096,position_absent_in_GWAS
LTBP2,GCST90011766,rs1305033:74179050:CTGGCATT:C,73712347,position_absent_in_GWAS
LTBP2,GCST90011766,rs35626305:74183215:TA:T,73716512,position_absent_in_GWAS
LTBP2,GCST90011766,rs113901874:74186497:CACCT:C,73719794,position_absent_in_GWAS
LTBP2,GCST90011766,rs143224767:74192968:AGGG:A,73726265,position_absent_in_GWAS
LTBP2,GCST90011766,rs10566700:74194957:TA:T,73728254,position_absent_in_GWAS
LTBP2,GCST90011766,rs201822325:74196266:GC:G,73729563,position_absent_in_GWAS
LTBP2,GCST90011766,rs138782626:74198904:CTG:C,73732201,position_absent_in_GWAS
LTBP2,GCST90011766,rs147940377:74199053:GAAA:G,73732350,position_absent_in_GWAS
LTBP2,GCST90011766,rs11378988:74203335:G:GA,73736632,position_absent_in_GWAS
LTBP2,GCST90011766,14:74204476:CTTTTTTTTTTT:C,73737773,position_absent_in_GWAS
LTBP2,GCST90011766,rs72365435:74205198:GCAGCCGCC:G,73738495,position_absent_in_GWAS
LTBP2,GCST90011766,14:74208345:CGCTCCTCTGCAGGCTTCCGCA:C,73741642,position_absent_in_GWAS
LTBP2,GCST90011766,rs10137796:74210766:T:A,73744063,position_absent_in_GWAS
LTBP2,GCST90011766,rs138721645:74211397:CCT:C,73744694,position_absent_in_GWAS
LTBP2,GCST90011766,rs34545428:74213416:CA:C,73746713,position_absent_in_GWAS
LTBP2,GCST90011766,rs55972902:74215471:CAA:C,73748768,position_absent_in_GWAS
LTBP2,GCST90011766,rs11328827:74216005:GC:G,73749302,position_absent_in_GWAS
LTBP2,GCST90011766,rs34820384:74220572:A:AG,73753869,position_absent_in_GWAS
LTBP2,GCST90011766,rs10708298:74226840:GA:G,73760137,position_absent_in_GWAS
LTBP2,GCST90011766,rs59819061:74235214:CTTTTTTTT:C,73768511,position_absent_in_GWAS
LTBP2,GCST90011766,rs71460918:74236292:T:TTTTTG,73769589,position_absent_in_GWAS
LTBP2,GCST90011766,rs57653729:74236616:TG:T,73769913,position_absent_in_GWAS
LTBP2,GCST90011766,rs150185844:74239540:TTTG:T,73772837,position_absent_in_GWAS
LTBP2,GCST90011766,rs35223288:74248264:CCT:C,73781561,position_absent_in_GWAS
LTBP2,GCST90011766,rs146806755:74254599:TAG:T,73787896,position_absent_in_GWAS
LTBP2,GCST90011766,rs34093953:74258238:GTAA:G,73791535,position_absent_in_GWAS
LTBP2,GCST90011766,rs201541691:74260176:C:CA,73793473,position_absent_in_GWAS
LTBP2,GCST90011766,rs66461070:74263978:CA:C,73797275,position_absent_in_GWAS
LTBP2,GCST90011766,rs56352049:74265306:TA:T,73798603,position_absent_in_GWAS
LTBP2,GCST90011766,rs35887597:74265691:TA:T,73798988,position_absent_in_GWAS
LTBP2,GCST90011766,rs371090029:74267124:CA:C,73800421,position_absent_in_GWAS
LTBP2,GCST90011766,rs71460924:74270310:T:TA,73803607,position_absent_in_GWAS
LTBP2,GCST90011766,rs34461029:74272792:CA:C,73806089,position_absent_in_GWAS
LTBP2,GCST90011766,14:74274844:CT:C,73808141,position_absent_in_GWAS
LTBP2,GCST90011766,rs56258737:74278762:C:CA,73812059,position_absent_in_GWAS
LTBP2,GCST90011766,rs36004173:74280699:TA:T,73813996,position_absent_in_GWAS
LTBP2,GCST90011766,14:74281714:C:CA,73815011,position_absent_in_GWAS
LTBP2,GCST90011766,rs72302283:74283064:GGAGA:G,73816361,position_absent_in_GWAS
LTBP2,GCST90011766,rs139609064:74284920:GC:G,73818217,position_absent_in_GWAS
LTBP2,GCST90011766,rs375416968:74285266:TA:T,73818563,position_absent_in_GWAS
LTBP2,GCST90011766,14:74285980:CT:C,73819277,position_absent_in_GWAS
LTBP2,GCST90011766,14:74286463:CA:C,73819760,position_absent_in_GWAS
LTBP2,GCST90011766,rs34270929:74288951:CT:C,73822248,position_absent_in_GWAS
LTBP2,GCST90011766,rs11439716:74290781:C:CT,73824078,position_absent_in_GWAS
LTBP2,GCST90011766,rs10616022:74291116:AAGAC:A,73824413,position_absent_in_GWAS
LTBP2,GCST90011766,rs35244712:74292444:TAA:T,73825741,position_absent_in_GWAS
LTBP2,GCST90011766,rs141229211:74292904:AG:A,73826201,position_absent_in_GWAS
LTBP2,GCST90011766,rs201733568:74294642:C:CT,73827939,position_absent_in_GWAS
LTBP2,GCST90011766,14:74294643:C:CAT,73827940,position_absent_in_GWAS
LTBP2,GCST90011766,rs200841037:74294644:G:GC,73827941,position_absent_in_GWAS
LTBP2,GCST90011766,rs201037083:74294908:TATATAC:T,73828205,position_absent_in_GWAS
LTBP2,GCST90011766,rs142964019:74295081:TCTGA:T,73828378,position_absent_in_GWAS
LTBP2,GCST90011766,rs201327034:74297613:TTTC:T,73830910,position_absent_in_GWAS
LTBP2,GCST90011766,rs11424982:74300164:C:CT,73833461,position_absent_in_GWAS
LTBP2,GCST90011766,rs375607491:74301665:TTA:T,73834962,position_absent_in_GWAS
LTBP2,GCST90011766,rs11409207:74304490:A:AT,73837787,position_absent_in_GWAS
LTBP2,GCST90011766,rs142598223:74305009:CT:C,73838306,position_absent_in_GWAS
LTBP2,GCST90011766,rs145857052:74306627:C:CT,73839924,position_absent_in_GWAS
LTBP2,GCST90011766,rs202173357:74307097:CA:C,73840394,position_absent_in_GWAS
LTBP2,GCST90011766,rs58805214:74308515:ATGTTTT:A,73841812,position_absent_in_GWAS
LTBP2,GCST90011766,rs3076694:74310270:C:CCCCT,73843567,position_absent_in_GWAS
LTBP2,GCST90011766,14:74310885:CA:C,73844182,position_absent_in_GWAS
LTBP2,GCST90011766,rs58789771:74311607:AT:A,73844904,position_absent_in_GWAS
LTBP2,GCST90011766,rs56364415:74311904:AT:A,73845201,position_absent_in_GWAS
LTBP2,GCST90011766,rs56371410:74312919:CAA:C,73846216,position_absent_in_GWAS
LTBP2,GCST90011766,rs372660914:74314670:ATTTTTTTTTTTTTTTTTTTTT:A,73847967,position_absent_in_GWAS
LTBP2,GCST90011766,rs60352417:74316664:CAAAAAAAAAAAA:C,73849961,position_absent_in_GWAS
LTBP2,GCST90011766,rs11292350:74320051:GT:G,73853348,position_absent_in_GWAS
LTBP2,GCST90011766,rs34887856:74323116:A:AT,73856413,position_absent_in_GWAS
LTBP2,GCST90011766,rs143781299:74323820:CAG:C,73857117,position_absent_in_GWAS
LTBP2,GCST90011766,rs35564304:74325016:GA:G,73858313,position_absent_in_GWAS
LTBP2,GCST90011766,rs5809632:74326487:TA:T,73859784,position_absent_in_GWAS
LTBP2,GCST90011766,rs35206130:74326568:G:GT,73859865,position_absent_in_GWAS
LTBP2,GCST90011766,14:74333791:CAAAA:C,73867088,position_absent_in_GWAS
LTBP2,GCST90011766,rs35088714:74334205:TA:T,73867502,position_absent_in_GWAS
LTBP2,GCST90011766,rs34798468:74336276:CA:C,73869573,position_absent_in_GWAS
LTBP2,GCST90011766,14:74336896:C:CT,73870193,position_absent_in_GWAS
LTBP2,GCST90011766,rs140534483:74340021:AAAAG:A,73873318,position_absent_in_GWAS
LTBP2,GCST90011766,rs373183552:74340168:CT:C,73873465,position_absent_in_GWAS
LTBP2,GCST90011766,rs202193452:74342441:CT:C,73875738,position_absent_in_GWAS
LTBP2,GCST90011766,rs150196513:74343979:AT:A,73877276,position_absent_in_GWAS
LTBP2,GCST90011766,rs112355112:74347121:CA:C,73880418,position_absent_in_GWAS
LTBP2,GCST90011766,rs111478120:74350063:CT:C,73883360,position_absent_in_GWAS
LTBP2,GCST90011766,rs66810906:74356513:TTC:T,73889810,position_absent_in_GWAS
LTBP2,GCST90011766,rs34857294:74357794:CT:C,73891091,position_absent_in_GWAS
LTBP2,GCST90011766,rs140665239:74358703:CCT:C,73892000,position_absent_in_GWAS
LTBP2,GCST90011766,rs34199208:74362244:T:TA,73895541,position_absent_in_GWAS
LTBP2,GCST90011766,14:74364674:CA:C,73897971,position_absent_in_GWAS
LTBP2,GCST90011766,rs75896997:74365332:GT:G,73898629,position_absent_in_GWAS
LTBP2,GCST90011766,rs201313257:74368773:GT:G,73902070,position_absent_in_GWAS
LTBP2,GCST90011766,rs35370876:74371467:TA:T,73904764,position_absent_in_GWAS
LTBP2,GCST90011766,rs369772096:74373011:CT:C,73906308,position_absent_in_GWAS
LTBP2,GCST90011766,rs201352270:74375551:T:G,73908848,position_absent_in_GWAS
LTBP2,GCST90011766,rs371940267:74376310:TG:T,73909607,position_absent_in_GWAS
LTBP2,GCST90011766,rs34162465:74378872:CT:C,73912169,position_absent_in_GWAS
LTBP2,GCST90011766,rs113148965:74379013:CA:C,73912310,position_absent_in_GWAS
LTBP2,GCST90011766,rs371094338:74379573:CT:C,73912870,position_absent_in_GWAS
LTBP2,GCST90011766,rs112532996:74379752:AT:A,73913049,position_absent_in_GWAS
LTBP2,GCST90011766,rs199555385:74381964:C:CA,73915261,position_absent_in_GWAS
LTBP2,GCST90011766,rs34020079:74383513:CAA:C,73916810,position_absent_in_GWAS
LTBP2,GCST90011766,rs34270029:74383664:CAG:C,73916961,position_absent_in_GWAS
LTBP2,GCST90011766,rs71305806:74391386:C:CT,73924683,position_absent_in_GWAS
LTBP2,GCST90011766,rs58959688:74392136:CT:C,73925433,position_absent_in_GWAS
LTBP2,GCST90011766,rs34942142:74393444:TG:T,73926741,position_absent_in_GWAS
LTBP2,GCST90011766,rs11461357:74394535:A:AT,73927832,position_absent_in_GWAS
LTBP2,GCST90011766,rs11452149:74396516:T:TA,73929813,position_absent_in_GWAS
LTBP2,GCST90011766,rs11421857:74402251:T:TA,73935548,position_absent_in_GWAS
LTBP2,GCST90011766,rs200473639:74403777:CAT:C,73937074,position_absent_in_GWAS
LTBP2,GCST90011766,rs5809637:74403798:GA:G,73937095,position_absent_in_GWAS
LTBP2,GCST90011766,14:74407811:CTT:C,73941108,position_absent_in_GWAS
LTBP2,GCST90011766,rs60789767:74414088:C:CA,73947385,position_absent_in_GWAS
LTBP2,GCST90011766,rs60171220:74414628:AT:A,73947925,position_absent_in_GWAS
LTBP2,GCST90011766,rs35341495:74416222:A:AT,73949519,position_absent_in_GWAS
LTBP2,GCST90011766,rs148549829:74416403:TTTCTC:T,73949700,position_absent_in_GWAS
LTBP2,GCST90011766,rs149145286:74418078:CTT:C,73951375,position_absent_in_GWAS
LTBP2,GCST90011766,rs143983947:74420524:ATGT:A,73953821,position_absent_in_GWAS
LTBP2,GCST90011766,14:74421657:AT:A,73954954,position_absent_in_GWAS
LTBP2,GCST90011766,rs143222231:74423356:ATCCACTT:A,73956653,position_absent_in_GWAS
LTBP2,GCST90011766,rs141459361:74429264:G:GA,73962561,position_absent_in_GWAS
LTBP2,GCST90011766,rs57794133:74429409:TTA:T,73962706,position_absent_in_GWAS
LTBP2,GCST90011766,14:74434502:CAA:C,73967799,position_absent_in_GWAS
LTBP2,GCST90011766,rs139171971:74436002:CAG:C,73969299,position_absent_in_GWAS
LTBP2,GCST90011766,rs113156308:74437865:GT:G,73971162,position_absent_in_GWAS
LTBP2,GCST90011766,rs11320515:74439382:TA:T,73972679,position_absent_in_GWAS
LTBP2,GCST90011766,14:74442106:CTT:C,73975403,position_absent_in_GWAS
LTBP2,GCST90011766,rs113384416:74445304:C:CAAACA,73978601,position_absent_in_GWAS
LTBP2,GCST90011766,14:74446175:C:CT,73979472,position_absent_in_GWAS
LTBP2,GCST90011766,rs140409853:74448197:G:GTA,73981494,position_absent_in_GWAS
LTBP2,GCST90011766,rs56117033:74448510:CA:C,73981807,position_absent_in_GWAS
LTBP2,GCST90011766,rs71907518:74449980:CCT:C,73983277,position_absent_in_GWAS
LTBP2,GCST90011766,rs201370826:74450396:TA:T,73983693,position_absent_in_GWAS
LTBP2,GCST90011766,rs145826937:74450764:CTT:C,73984061,position_absent_in_GWAS
LTBP2,GCST90011766,rs199818408:74453706:AT:A,73987003,position_absent_in_GWAS
LTBP2,GCST90011766,rs67647627:74458311:CA:C,73991608,position_absent_in_GWAS
LTBP2,GCST90011766,rs199594365:74459386:CAAAAAAAA:C,73992683,position_absent_in_GWAS
LTBP2,GCST90011766,rs199579611:74460636:AAC:A,73993933,position_absent_in_GWAS
LTBP2,GCST90011766,rs34061808:74461751:AT:A,73995048,position_absent_in_GWAS
LTBP2,GCST90011766,rs35138656:74462288:AAAT:A,73995585,position_absent_in_GWAS
LTBP2,GCST90011766,rs34536315:74466790:CA:C,74000087,position_absent_in_GWAS
LTBP2,GCST90011766,rs148678859:74470893:CAG:C,74004190,position_absent_in_GWAS
LTBP2,GCST90011766,rs200270127:74474068:T:TA,74007365,position_absent_in_GWAS
LTBP2,GCST90011766,rs372239362:74474534:AAT:A,74007831,position_absent_in_GWAS
LTBP2,GCST90011766,rs147211263:74475856:CAGA:C,74009153,position_absent_in_GWAS
LTBP2,GCST90011766,rs57848975:74477257:C:CA,74010554,position_absent_in_GWAS
LTBP2,GCST90011766,rs142371267:74481093:CA:C,74014390,position_absent_in_GWAS
LTBP2,GCST90011766,rs72486473:74484029:AAG:A,74017326,position_absent_in_GWAS
LTBP2,GCST90011766,rs375780216:74484272:ACT:A,74017569,position_absent_in_GWAS
LTBP2,GCST90011766,rs11287731:74486946:AT:A,74020243,position_absent_in_GWAS
LTBP2,GCST90011766,rs33959730:74487208:CT:C,74020505,position_absent_in_GWAS
LTBP2,GCST90011766,rs202166090:74492608:T:TG,74025905,position_absent_in_GWAS
LTBP2,GCST90011766,14:74492843:C:CA,74026140,position_absent_in_GWAS
LTBP2,GCST90011766,rs200271464:74493618:ACT:A,74026915,position_absent_in_GWAS
LTBP2,GCST90011766,rs201489319:74493633:GAA:G,74026930,position_absent_in_GWAS
LTBP2,GCST90011766,rs147466614:74495218:T:TAGAA,74028515,position_absent_in_GWAS
LTBP2,GCST90011766,14:74495651:C:CCACA,74028948,position_absent_in_GWAS
LTBP2,GCST90011766,rs201835078:74499192:C:CT,74032489,position_absent_in_GWAS
LTBP2,GCST90011766,rs71115945:74499919:AT:A,74033216,position_absent_in_GWAS
LTBP2,GCST90011766,rs141637204:74501929:TA:T,74035226,position_absent_in_GWAS
LTBP2,GCST90011766,rs72129796:74502559:TCACA:T,74035856,position_absent_in_GWAS
LTBP2,GCST90011766,rs35769157:74503386:C:CA,74036683,position_absent_in_GWAS
LTBP2,GCST90011766,rs201370950:74505110:AT:A,74038407,position_absent_in_GWAS
LTBP2,GCST90011766,rs35078321:74506298:A:AT,74039595,position_absent_in_GWAS
LTBP2,GCST90011766,rs141688431:74506763:TCA:T,74040060,position_absent_in_GWAS
LTBP2,GCST90011766,rs72019658:74508740:AAAC:A,74042037,position_absent_in_GWAS
LTBP2,GCST90011766,rs3082878:74513105:CATCCAGGCT:C,74046402,position_absent_in_GWAS
LTBP2,GCST90011766,rs35753773:74516082:T:TA,74049379,position_absent_in_GWAS
LTBP2,GCST90011766,rs142399602:74519637:AGGCTGCAGTGAGCCAT:A,74052934,position_absent_in_GWAS
LTBP2,GCST90011766,14:74521381:C:CT,74054678,position_absent_in_GWAS
LTBP2,GCST90011766,rs200751645:74522736:T:TA,74056033,position_absent_in_GWAS
LTBP2,GCST90011766,rs71460949:74522901:A:AT,74056198,position_absent_in_GWAS
LTBP2,GCST90011766,rs200205554:74525299:C:CT,74058596,position_absent_in_GWAS
LTBP2,GCST90011766,rs10564858:74528288:CAA:C,74061585,position_absent_in_GWAS
LTBP2,GCST90011766,rs71460951:74529511:GA:G,74062808,position_absent_in_GWAS
LTBP2,GCST90011766,rs372681195:74529893:CT:C,74063190,position_absent_in_GWAS
LTBP2,GCST90011766,rs71115948:74530568:CA:C,74063865,position_absent_in_GWAS
LTBP2,GCST90011766,14:74540620:CA:C,74073917,position_absent_in_GWAS
LTBP2,GCST90011766,rs201196501:74545063:CT:C,74078360,position_absent_in_GWAS
LTBP2,GCST90011766,rs112520921:74546132:GT:G,74079429,position_absent_in_GWAS
LTBP2,GCST90011766,rs4646854:74550214:GA:G,74083511,position_absent_in_GWAS
LTBP2,GCST90011766,rs34499648:74552408:CAATT:C,74085705,position_absent_in_GWAS
LTBP2,GCST90011766,rs34078951:74553372:GA:G,74086669,position_absent_in_GWAS
LTBP2,GCST90011766,rs151235071:74553651:G:GA,74086948,position_absent_in_GWAS
LTBP2,GCST90011766,rs138770843:74556499:TA:T,74089796,position_absent_in_GWAS
LTBP2,GCST90011766,rs112639675:74558467:ACT:A,74091764,position_absent_in_GWAS
LTBP2,GCST90011766,14:74558476:CA:C,74091773,position_absent_in_GWAS
LTBP2,GCST90011766,rs71115955:74559018:GT:G,74092315,position_absent_in_GWAS
LTBP2,GCST90011766,rs61367762:74561436:C:CT,74094733,position_absent_in_GWAS
LTBP2,GCST90011766,rs10587416:74562541:CTT:C,74095838,position_absent_in_GWAS
LTBP2,GCST90011766,rs140178951:74569645:CAT:C,74102942,position_absent_in_GWAS
LTBP2,GCST90011766,14:74570130:ATTTTTTTTTTTTT:A,74103427,position_absent_in_GWAS
LTBP2,GCST90011766,rs71115957:74570436:GT:G,74103733,position_absent_in_GWAS
LTBP2,GCST90011766,rs201667013:74571294:A:AT,74104591,position_absent_in_GWAS
LTBP2,GCST90011766,rs138992205:74574905:GCTTT:G,74108202,position_absent_in_GWAS
LTBP2,GCST90011766,rs372748686:74578158:ATT:A,74111455,position_absent_in_GWAS
LTBP2,GCST90011766,rs372218709:74578309:GTATT:G,74111606,position_absent_in_GWAS
LTBP2,GCST90011766,rs139884141:74578570:TTTTTTTTC:T,74111867,position_absent_in_GWAS
LTBP2,GCST90011766,rs372736982:74582179:CTG:C,74115476,position_absent_in_GWAS
LTBP2,GCST90011766,rs369107859:74583005:CAAAAAAT:C,74116302,position_absent_in_GWAS
LTBP2,GCST90011766,rs10591434:74583012:TAAAAAA:T,74116309,position_absent_in_GWAS
LTBP2,GCST90011766,rs3216533:74584630:CA:C,74117927,position_absent_in_GWAS
LTBP2,GCST90011766,14:74585863:CT:C,74119160,position_absent_in_GWAS
LTBP2,GCST90011766,rs71115960:74586010:GC:G,74119307,position_absent_in_GWAS
LTBP2,GCST90011766,rs78079658:74586539:CT:C,74119836,position_absent_in_GWAS
LTBP2,GCST90011766,14:74587457:C:CA,74120754,position_absent_in_GWAS
LTBP2,GCST90011766,rs11332437:74588428:CT:C,74121725,position_absent_in_GWAS
LTBP2,GCST90011766,rs74777859:74589587:CAAACAA:C,74122884,position_absent_in_GWAS
LTBP2,GCST90011766,rs138610644:74589604:A:AAAAAC,74122901,position_absent_in_GWAS
LTBP2,GCST90011766,rs35775748:74592739:T:TA,74126036,position_absent_in_GWAS
LTBP2,GCST90011766,rs142747496:74597651:AT:A,74130948,position_absent_in_GWAS
LTBP2,GCST90011766,rs138444518:74597657:A:ATTAT,74130954,position_absent_in_GWAS
LTBP2,GCST90011766,rs143147506:74601343:AT:A,74134640,position_absent_in_GWAS
LTBP2,GCST90011766,rs34777883:74602250:AT:A,74135547,position_absent_in_GWAS
LTBP2,GCST90011766,rs11305985:74602522:GT:G,74135819,position_absent_in_GWAS
LTBP2,GCST90011766,rs78447334:74604010:ATAT:A,74137307,position_absent_in_GWAS
LTBP2,GCST90011766,rs35627946:74605472:C:CA,74138769,position_absent_in_GWAS
LTBP2,GCST90011766,rs144807819:74605723:TA:T,74139020,position_absent_in_GWAS
LTBP2,GCST90011766,rs60487392:74610830:AT:A,74144127,position_absent_in_GWAS
LTBP2,GCST90011766,rs141927261:74615444:G:GA,74148741,position_absent_in_GWAS
LTBP2,GCST90011766,rs68112555:74618207:TTAAAA:T,74151504,position_absent_in_GWAS
LTBP2,GCST90011766,rs11325725:74625184:TG:T,74158481,position_absent_in_GWAS
LTBP2,GCST90011766,rs35991875:74630687:A:AT,74163984,position_absent_in_GWAS
LTBP2,GCST90011766,rs35317050:74634669:A:AT,74167966,position_absent_in_GWAS
LTBP2,GCST90011766,rs57293533:74637209:CA:C,74170506,position_absent_in_GWAS
LTBP2,GCST90011766,rs58342051:74637584:AT:A,74170881,position_absent_in_GWAS
LTBP2,GCST90011766,14:74637721:CA:C,74171018,position_absent_in_GWAS
LTBP2,GCST90011766,rs59113909:74638408:TTA:T,74171705,position_absent_in_GWAS
LTBP2,GCST90011766,rs34353375:74644183:AAT:A,74177480,position_absent_in_GWAS
LTBP2,GCST90011766,rs35242538:74645335:AT:A,74178632,position_absent_in_GWAS
LTBP2,GCST90011766,rs60035088:74648353:TACAG:T,74181650,position_absent_in_GWAS
LTBP2,GCST90011766,rs4026727:74648860:CATG:C,74182157,position_absent_in_GWAS
LTBP2,GCST90011766,rs5809653:74649805:TC:T,74183102,position_absent_in_GWAS
LTBP2,GCST90011766,rs68037994:74657092:CTTT:C,74190389,position_absent_in_GWAS
LTBP2,GCST90011766,rs71449181:74658789:AC:A,74192086,position_absent_in_GWAS
LTBP2,GCST90011766,rs34984934:74660120:TA:T,74193417,position_absent_in_GWAS
LTBP2,GCST90011766,rs59983890:74672396:TA:T,74205693,position_absent_in_GWAS
LTBP2,GCST90011766,14:74673094:G:GCCTC,74206391,position_absent_in_GWAS
LTBP2,GCST90011766,rs144065224:74677767:GAC:G,74211064,position_absent_in_GWAS
LTBP2,GCST90011766,rs71449183:74682030:CAAAA:C,74215327,position_absent_in_GWAS
LTBP2,GCST90011766,rs11390505:74686515:G:GC,74219812,position_absent_in_GWAS
LTBP2,GCST90011766,rs71303901:74693721:G:GT,74227018,position_absent_in_GWAS
LTBP2,GCST90011766,rs112459840:74696445:G:GTTGT,74229742,position_absent_in_GWAS
LTBP2,GCST90011766,rs199735353:74698372:AAG:A,74231669,position_absent_in_GWAS
LTBP2,GCST90011766,rs58098762:74699071:C:CA,74232368,position_absent_in_GWAS
LTBP2,GCST90011766,rs11314588:74700862:CG:C,74234159,position_absent_in_GWAS
LTBP2,GCST90011766,rs34235832:74702608:C:CT,74235905,position_absent_in_GWAS
LTBP2,GCST90011766,rs71698527:74703623:CT:C,74236920,position_absent_in_GWAS
LTBP2,GCST90011766,rs71115970:74709320:C:CT,74242617,position_absent_in_GWAS
LTBP2,GCST90011766,rs113901119:74710258:CT:C,74243555,position_absent_in_GWAS
LTBP2,GCST90011766,rs149163494:74713043:CG:C,74246340,position_absent_in_GWAS
LTBP2,GCST90011766,rs34470396:74714503:T:TA,74247800,position_absent_in_GWAS
LTBP2,GCST90011766,rs57369966:74715407:C:CA,74248704,position_absent_in_GWAS
LTBP2,GCST90011766,rs140976408:74716951:AAT:A,74250248,position_absent_in_GWAS
LTBP2,GCST90011766,rs111906304:74717407:A:AT,74250704,position_absent_in_GWAS
LTBP2,GCST90011766,rs59786099:74718522:CAG:C,74251819,position_absent_in_GWAS
LTBP2,GCST90011766,rs77697300:74719201:CTCCTGCCTCATCCTCCTGAG:C,74252498,position_absent_in_GWAS
LTBP2,GCST90011766,rs34396021:74719751:CA:C,74253048,position_absent_in_GWAS
LTBP2,GCST90011766,14:74721487:A:AT,74254784,position_absent_in_GWAS
LTBP2,GCST90011766,rs142143044:74722469:CTCTG:C,74255766,position_absent_in_GWAS
LTBP2,GCST90011766,rs10592020:74729166:CTT:C,74262463,position_absent_in_GWAS
LTBP2,GCST90011766,rs35641565:74736541:C:CT,74269838,position_absent_in_GWAS
LTBP2,GCST90011766,rs11385593:74742806:C:CA,74276103,position_absent_in_GWAS
LTBP2,GCST90011766,rs35294707:74744102:C:CT,74277399,position_absent_in_GWAS
LTBP2,GCST90011766,rs61524280:74747057:AC:A,74280354,position_absent_in_GWAS
LTBP2,GCST90011766,rs3837654:74754238:CAG:C,74287535,position_absent_in_GWAS
LTBP2,GCST90011766,rs60498100:74755814:CAAAAAAAAA:C,74289111,position_absent_in_GWAS
LTBP2,GCST90011766,rs58682308:74760760:CT:C,74294057,position_absent_in_GWAS
LTBP2,GCST90011766,14:74766766:CAAA:C,74300063,position_absent_in_GWAS
LTBP2,GCST90011766,14:74767296:CA:C,74300593,position_absent_in_GWAS
LTBP2,GCST90011766,rs71115979:74772033:CAAAAAA:C,74305330,position_absent_in_GWAS
LTBP2,GCST90011766,rs11290399:74775569:GT:G,74308866,position_absent_in_GWAS
LTBP2,GCST90011766,rs77689318:74778447:GA:G,74311744,position_absent_in_GWAS
LTBP2,GCST90011766,rs34712936:74778475:C:CT,74311772,position_absent_in_GWAS
LTBP2,GCST90011766,rs71873401:74779457:G:GT,74312754,position_absent_in_GWAS
LTBP2,GCST90011766,rs370697776:74783340:CT:C,74316637,position_absent_in_GWAS
LTBP2,GCST90011766,14:74788208:CT:C,74321505,position_absent_in_GWAS
LTBP2,GCST90011766,rs11408933:74788855:A:AT,74322152,position_absent_in_GWAS
LTBP2,GCST90011766,rs58625748:74790846:CT:C,74324143,position_absent_in_GWAS
LTBP2,GCST90011766,rs113777746:74792274:GC:G,74325571,position_absent_in_GWAS
LTBP2,GCST90011766,rs112807869:74794960:AG:A,74328257,position_absent_in_GWAS
LTBP2,GCST90011766,rs57850959:74795978:C:CA,74329275,position_absent_in_GWAS
LTBP2,GCST90011766,rs34686412:74797144:C:CT,74330441,position_absent_in_GWAS
LTBP2,GCST90011766,rs36042325:74797922:T:TAAAC,74331219,position_absent_in_GWAS
LTBP2,GCST90011766,rs113250765:74802443:AT:A,74335740,position_absent_in_GWAS
LTBP2,GCST90011766,rs36068153:74808687:GC:G,74341984,position_absent_in_GWAS
LTBP2,GCST90011766,rs35159504:74808951:G:GA,74342248,position_absent_in_GWAS
LTBP2,GCST90011766,14:74812049:ATTT:A,74345346,position_absent_in_GWAS
LTBP2,GCST90011766,rs59810913:74818198:GT:G,74351495,position_absent_in_GWAS
LTBP2,GCST90011766,14:74818555:C:CT,74351852,position_absent_in_GWAS
LTBP2,GCST90011766,rs142033742:74830482:CA:C,74363779,position_absent_in_GWAS
LTBP2,GCST90011766,rs5809662:74838280:AT:A,74371577,position_absent_in_GWAS
LTBP2,GCST90011766,14:74839457:CA:C,74372754,position_absent_in_GWAS
LTBP2,GCST90011766,rs71115990:74841933:TA:T,74375230,position_absent_in_GWAS
LTBP2,GCST90011766,rs146328869:74848835:A:AAAACAAAC,74382132,position_absent_in_GWAS
LTBP2,GCST90011766,14:74851901:ATATGGGTGCTCCTG:A,74385198,position_absent_in_GWAS
LTBP2,GCST90011766,rs200291887:74854447:C:CT,74387744,position_absent_in_GWAS
LTBP2,GCST90011766,14:74857469:C:CCTTT,74390766,position_absent_in_GWAS
LTBP2,GCST90011766,rs201928532:74862293:AAAG:A,74395590,position_absent_in_GWAS
LTBP2,GCST90011766,rs72311182:74870670:ATC:A,74403967,position_absent_in_GWAS
LTBP2,GCST90011766,rs10642138:74875751:T:TTTTA,74409048,position_absent_in_GWAS
LTBP2,GCST90011766,rs72355761:74880479:TCACA:T,74413776,position_absent_in_GWAS
LTBP2,GCST90011766,rs111851921:74889356:T:TCA,74422653,position_absent_in_GWAS
LTBP2,GCST90011766,rs59843281:74897143:CT:C,74430440,position_absent_in_GWAS
LTBP2,GCST90011766,rs74779748:74902930:AT:A,74436227,position_absent_in_GWAS
LTBP2,GCST90011766,rs66499739:74906582:CA:C,74439879,position_absent_in_GWAS
LTBP2,GCST90011766,rs144060483:74907672:GT:G,74440969,position_absent_in_GWAS
LTBP2,GCST90011766,rs68008170:74912157:TTGTG:T,74445454,position_absent_in_GWAS
LTBP2,GCST90011766,rs35098950:74913318:C:CT,74446615,position_absent_in_GWAS
LTBP2,GCST90011766,14:74916141:C:CAAAAAAAAA,74449438,position_absent_in_GWAS
LTBP2,GCST90011766,14:74920094:AG:A,74453391,position_absent_in_GWAS
LTBP2,GCST90011766,rs148583913:74928352:TCA:T,74461649,position_absent_in_GWAS
LTBP2,GCST90011766,rs34848569:74936222:T:TA,74469519,position_absent_in_GWAS
LTBP2,GCST90011766,rs78261954:74944319:CTTT:C,74477616,position_absent_in_GWAS
LTBP2,GCST90011766,rs199628163:74952246:TAG:T,74485543,position_absent_in_GWAS
LTBP2,GCST90011766,rs33935452:74952269:GA:G,74485566,position_absent_in_GWAS
LTBP2,GCST90011766,rs61201972:74953714:GCA:G,74487011,position_absent_in_GWAS
LTBP2,GCST90011766,rs150813068:74953846:GT:G,74487143,position_absent_in_GWAS
LTBP2,GCST90011766,rs67289103:74956240:AGT:A,74489537,position_absent_in_GWAS
LTBP2,GCST90011766,rs3047739:74960368:TGG:T,74493665,position_absent_in_GWAS
LTBP2,GCST90011766,14:74968468:G:GA,74501765,position_absent_in_GWAS
LTBP2,GCST90011766,rs36016624:74971650:TGACCCTTCGAG:T,74504947,position_absent_in_GWAS
LTBP2,GCST90011766,rs142594510:74979650:AG:A,74512947,position_absent_in_GWAS
LTBP2,GCST90011766,rs113811161:74980506:TCAAA:T,74513803,position_absent_in_GWAS
LTBP2,GCST90011766,14:74981955:ATTTT:A,74515252,position_absent_in_GWAS
LTBP2,GCST90011766,rs147745131:74983491:GT:G,74516788,position_absent_in_GWAS
LTBP2,GCST90011766,rs36111387:74987504:AAATG:A,74520801,position_absent_in_GWAS
LTBP2,GCST90011766,rs3837653:74988127:CCACAT:C,74521424,position_absent_in_GWAS
LTBP2,GCST90011766,rs369981475:75005207:GTTAGT:G,74538504,position_absent_in_GWAS
LTBP2,GCST90011766,14:75009472:A:AT,74542769,position_absent_in_GWAS
LTBP2,GCST90011766,rs202057022:75009806:GCACGGTGGTT:G,74543103,position_absent_in_GWAS
LTBP2,GCST90011766,rs3217475:75018742:GC:G,74552039,position_absent_in_GWAS
LTBP2,GCST90011766,rs199881481:75020718:AG:A,74554015,position_absent_in_GWAS
LTBP2,GCST90011766,rs3837652:75026351:CTG:C,74559648,position_absent_in_GWAS
LTBP2,GCST90011766,rs199951008:75029326:G:GA,74562623,position_absent_in_GWAS
LTBP2,GCST90011766,rs200535606:75032773:G:GT,74566070,position_absent_in_GWAS
LTBP2,GCST90011766,14:75039150:C:CT,74572447,position_absent_in_GWAS
LTBP2,GCST90011766,rs71449199:75062929:A:AAAATAAAT,74596226,position_absent_in_GWAS
LTBP2,GCST90011766,rs58210192:75063648:AG:A,74596945,position_absent_in_GWAS
LTBP2,GCST90011766,rs5809673:75075418:G:GA,74608715,position_absent_in_GWAS
LTBP2,GCST90011766,rs5809674:75075464:A:AGAAAT,74608761,position_absent_in_GWAS
LTBP2,GCST90011766,rs368319740:75079632:TTTTC:T,74612929,position_absent_in_GWAS
LTBP2,GCST90011766,rs377741002:75090257:CAA:C,74623554,position_absent_in_GWAS
LTBP2,GCST90011766,14:75093857:CA:C,74627154,position_absent_in_GWAS
LTBP2,GCST90011766,rs11361453:75094347:CA:C,74627644,position_absent_in_GWAS
LTBP2,GCST90011766,rs112820270:75100929:C:A,74634226,position_absent_in_GWAS
LTBP2,GCST90011766,rs200920928:75106269:AAAAC:A,74639566,position_absent_in_GWAS
LTBP2,GCST90011766,rs146329221:75111593:CTTT:C,74644890,position_absent_in_GWAS
LTBP2,GCST90011766,rs11291765:75123642:TA:T,74656939,position_absent_in_GWAS
LTBP2,GCST90011766,rs34192596:75128308:GAA:G,74661605,position_absent_in_GWAS
LTBP2,GCST90011766,rs16661:75128316:A:C,74661613,position_absent_in_GWAS
LTBP2,GCST90011766,rs71449202:75133421:AT:A,74666718,position_absent_in_GWAS
LTBP2,GCST90011766,14:75138024:CTTTTTTTTTTTT:C,74671321,position_absent_in_GWAS
LTBP2,GCST90011766,rs71119311:75145398:CA:C,74678695,position_absent_in_GWAS
LTBP2,GCST90011766,rs141206776:75146547:TAATA:T,74679844,position_absent_in_GWAS
LTBP2,GCST90011766,rs36079107:75160878:AAAAT:A,74694175,position_absent_in_GWAS
LTBP2,GCST90011766,14:75161693:GA:G,74694990,position_absent_in_GWAS
LTBP2,GCST90011766,14:75165561:TA:T,74698858,position_absent_in_GWAS
LTBP2,GCST90011766,rs58161849:75171746:G:GT,74705043,position_absent_in_GWAS
LTBP2,GCST90011766,rs35181427:75174495:C:CA,74707792,position_absent_in_GWAS
LTBP2,GCST90011766,rs35901005:75181481:CA:C,74714778,position_absent_in_GWAS
LTBP2,GCST90011766,rs143512112:75183883:AC:A,74717180,position_absent_in_GWAS
LTBP2,GCST90011766,rs11396572:75190531:C:CA,74723828,position_absent_in_GWAS
LTBP2,GCST90011766,rs34861456:75191772:T:TA,74725069,position_absent_in_GWAS
LTBP2,GCST90011766,rs58398533:75193306:CT:C,74726603,position_absent_in_GWAS
LTBP2,GCST90011766,rs150479967:75198857:T:TTA,74732154,position_absent_in_GWAS
LTBP2,GCST90011766,rs3214408:75201071:TA:T,74734368,position_absent_in_GWAS
LTBP2,GCST90011766,rs71303897:75201222:T:TA,74734519,position_absent_in_GWAS
LTBP2,GCST90011766,rs5809677:75204694:CA:C,74737991,position_absent_in_GWAS
LTBP2,GCST90011766,rs34705212:75208521:CA:C,74741818,position_absent_in_GWAS
LTBP2,GCST90011766,rs148323132:75213205:ATATCC:A,74746502,position_absent_in_GWAS
LTBP2,GCST90011766,rs61531232:75213283:CT:C,74746580,position_absent_in_GWAS
LTBP2,GCST90011766,rs34464875:75215224:C:CA,74748521,position_absent_in_GWAS
LTBP2,GCST90011766,rs375326155:75216600:TTTTTGTTTTGTTTTG:T,74749897,position_absent_in_GWAS
LTBP2,GCST90011766,rs35781097:75224141:CA:C,74757438,position_absent_in_GWAS
LTBP2,GCST90011766,rs201124850:75225369:CAAATAAAT:C,74758666,position_absent_in_GWAS
LTBP2,GCST90011766,rs34253239:75228486:CT:C,74761783,position_absent_in_GWAS
LTBP2,GCST90011766,rs34503309:75236290:A:AT,74769587,position_absent_in_GWAS
LTBP2,GCST90011766,rs201030717:75236557:CCCCCCCCCG:C,74769854,position_absent_in_GWAS
LTBP2,GCST90011766,14:75238920:CT:C,74772217,position_absent_in_GWAS
LTBP2,GCST90011766,rs36010497:75241230:TC:T,74774527,position_absent_in_GWAS
LTBP2,GCST90011766,rs35237469:75241506:CA:C,74774803,position_absent_in_GWAS
LTBP2,GCST90011766,rs138962436:75242832:GT:G,74776129,position_absent_in_GWAS
LTBP2,GCST90011766,rs138166786:75244677:C:CA,74777974,position_absent_in_GWAS
LTBP2,GCST90011766,rs10707814:75253064:CA:C,74786361,position_absent_in_GWAS
LTBP2,GCST90011766,rs75017235:75254820:CT:C,74788117,position_absent_in_GWAS
LTBP2,GCST90011766,rs57279878:75261302:C:CT,74794599,position_absent_in_GWAS
LTBP2,GCST90011766,rs138774247:75261467:TAC:T,74794764,position_absent_in_GWAS
LTBP2,GCST90011766,rs75951306:75261489:C:T,74794786,position_absent_in_GWAS
LTBP2,GCST90011766,rs58158508:75261660:TG:T,74794957,position_absent_in_GWAS
LTBP2,GCST90011766,rs34503917:75268920:CA:C,74802217,position_absent_in_GWAS
LTBP2,GCST90011766,rs138718009:75271114:ACCATTGCTTGCTACT:A,74804411,position_absent_in_GWAS
LTBP2,GCST90011766,14:75272407:CT:C,74805704,position_absent_in_GWAS
LTBP2,GCST90011766,rs60143650:75272572:AT:A,74805869,position_absent_in_GWAS
LTBP2,GCST90011766,rs148417567:75277423:TTTA:T,74810720,position_absent_in_GWAS
LTBP2,GCST90011766,rs5809679:75282873:AT:A,74816170,position_absent_in_GWAS
LTBP2,GCST90011766,rs199631116:75284758:C:CA,74818055,position_absent_in_GWAS
LTBP2,GCST90011766,rs139072553:75285614:CTGTT:C,74818911,position_absent_in_GWAS
LTBP2,GCST90011766,rs71932018:75289548:GATA:G,74822845,position_absent_in_GWAS
LTBP2,GCST90011766,rs35622588:75300886:TA:T,74834183,position_absent_in_GWAS
LTBP2,GCST90011766,rs199949839:75304977:C:CT,74838274,position_absent_in_GWAS
LTBP2,GCST90011766,rs201995772:75312197:C:CA,74845494,position_absent_in_GWAS
LTBP2,GCST90011766,rs143130721:75315409:AATCTT:A,74848706,position_absent_in_GWAS
LTBP2,GCST90011766,rs60979977:75316023:TAAATAAAAAAA:T,74849320,position_absent_in_GWAS
LTBP2,GCST90011766,rs56309042:75316882:CAA:C,74850179,position_absent_in_GWAS
LTBP2,GCST90011766,rs11335240:75317089:CT:C,74850386,position_absent_in_GWAS
LTBP2,GCST90011766,rs147024588:75325481:T:TTGTG,74858778,position_absent_in_GWAS
LTBP2,GCST90011766,rs367557046:75325545:TTGTG:T,74858842,position_absent_in_GWAS
LTBP2,GCST90011766,rs11346049:75327075:CA:C,74860372,position_absent_in_GWAS
LTBP2,GCST90011766,rs72148999:75328932:GTC:G,74862229,position_absent_in_GWAS
LTBP2,GCST90011766,rs200511111:75331865:G:GA,74865162,position_absent_in_GWAS
LTBP2,GCST90011766,rs34902627:75335538:CA:C,74868835,position_absent_in_GWAS
LTBP2,GCST90011766,14:75335983:CTT:C,74869280,position_absent_in_GWAS
LTBP2,GCST90011766,rs11388832:75336966:C:CA,74870263,position_absent_in_GWAS
LTBP2,GCST90011766,rs67622010:75337127:CA:C,74870424,position_absent_in_GWAS
LTBP2,GCST90011766,14:75340954:GTT:G,74874251,position_absent_in_GWAS
LTBP2,GCST90011766,rs34311445:75343813:CA:C,74877110,position_absent_in_GWAS
LTBP2,GCST90011766,rs201391764:75344192:C:CA,74877489,position_absent_in_GWAS
LTBP2,GCST90011766,rs58707063:75345371:AGTGT:A,74878668,position_absent_in_GWAS
LTBP2,GCST90011766,14:75346892:C:CT,74880189,position_absent_in_GWAS
LTBP2,GCST90011766,rs72245024:75348126:C:CT,74881423,position_absent_in_GWAS
LTBP2,GCST90011766,rs55729619:75354977:GT:G,74888274,position_absent_in_GWAS
LTBP2,GCST90011766,rs57898381:75355767:TA:T,74889064,position_absent_in_GWAS
LTBP2,GCST90011766,14:75356070:AT:A,74889367,position_absent_in_GWAS
LTBP2,GCST90011766,rs5809682:75356799:T:TA,74890096,position_absent_in_GWAS
LTBP2,GCST90011766,rs3081752:75356827:CT:C,74890124,position_absent_in_GWAS
LTBP2,GCST90011766,rs201992318:75359215:GT:G,74892512,position_absent_in_GWAS
LTBP2,GCST90011766,rs58288168:75359757:ACT:A,74893054,position_absent_in_GWAS
LTBP2,GCST90011766,rs138664705:75367594:ATTC:A,74900891,position_absent_in_GWAS
LTBP2,GCST90011766,rs11325303:75368547:AT:A,74901844,position_absent_in_GWAS
LTBP2,GCST90011766,14:75368863:G:T,74902160,position_absent_in_GWAS
LTBP2,GCST90011766,rs10536168:75372084:CTG:C,74905381,position_absent_in_GWAS
LTBP2,GCST90011766,14:75373112:T:TGGG,74906409,position_absent_in_GWAS
LTBP2,GCST90011766,rs112024638:75377144:GA:G,74910441,position_absent_in_GWAS
LTBP2,GCST90011766,rs71897309:75390180:GCAGGTCTAGAATCATC:G,74923477,position_absent_in_GWAS
LTBP2,GCST90011766,rs140653412:75393606:AT:A,74926903,position_absent_in_GWAS
LTBP2,GCST90011766,rs55906517:75396955:C:CT,74930252,position_absent_in_GWAS
LTBP2,GCST90011766,rs11304993:75399002:TA:T,74932299,position_absent_in_GWAS
LTBP2,GCST90011766,rs141061319:75400613:AT:A,74933910,position_absent_in_GWAS
LTBP2,GCST90011766,rs36003084:75402674:A:AT,74935971,position_absent_in_GWAS
LTBP2,GCST90011766,rs55850304:75404114:C:CT,74937411,position_absent_in_GWAS
LTBP2,GCST90011766,rs5809686:75407250:GACACAGAC:G,74940547,position_absent_in_GWAS
LTBP2,GCST90011766,rs58701358:75410784:A:AT,74944081,position_absent_in_GWAS
LTBP2,GCST90011766,rs5809688:75411625:CT:C,74944922,position_absent_in_GWAS
LTBP2,GCST90011766,rs33954784:75430911:TC:T,74964208,position_absent_in_GWAS
LTBP2,GCST90011766,14:75434957:T:TAAA,74968254,position_absent_in_GWAS
LTBP2,GCST90011766,rs79107045:75444711:TC:T,74978008,position_absent_in_GWAS
LTBP2,GCST90011766,rs57323464:75448527:CT:C,74981824,position_absent_in_GWAS
LTBP2,GCST90011766,rs56239186:75450065:T:TA,74983362,position_absent_in_GWAS
LTBP2,GCST90011766,14:75456747:C:CAAAAA,74990044,position_absent_in_GWAS
LTBP2,GCST90011766,rs34986025:75457452:C:CT,74990749,position_absent_in_GWAS
LTBP2,GCST90011766,rs140091697:75464458:TAA:T,74997755,position_absent_in_GWAS
LTBP2,GCST90011766,rs34675328:75471177:TGAGACCAG:T,75004474,position_absent_in_GWAS
LTBP2,GCST90011766,rs2307511:75474784:TATAGACAA:T,75008081,position_absent_in_GWAS
LTBP2,GCST90011766,rs66516707:75476461:TGA:T,75009758,position_absent_in_GWAS
LTBP2,GCST90011766,rs5809689:75482443:AG:A,75015740,position_absent_in_GWAS
LTBP2,GCST90011766,rs56375606:75484678:GTC:G,75017975,position_absent_in_GWAS
LTBP2,GCST90011766,rs5809691:75484855:C:CA,75018152,position_absent_in_GWAS
LTBP2,GCST90011766,rs35881732:75487568:C:CATT,75020865,position_absent_in_GWAS
LTBP2,GCST90011766,rs34129769:75495119:AT:A,75028416,position_absent_in_GWAS
LTBP2,GCST90011766,rs35978930:75496687:CA:C,75029984,position_absent_in_GWAS
LTBP2,GCST90011766,rs56995931:75500894:TA:T,75034191,position_absent_in_GWAS
LTBP2,GCST90011766,rs5809692:75503759:G:GA,75037056,position_absent_in_GWAS
LTBP2,GCST90011766,14:75506557:TATATATATATATA:T,75039854,position_absent_in_GWAS
LTBP2,GCST90011766,rs151015271:75506891:ACCTGTAATCTCAG:A,75040188,position_absent_in_GWAS
LTBP2,GCST90011766,rs11309437:75518640:CT:C,75051937,position_absent_in_GWAS
LTBP2,GCST90011766,14:75529362:CAAA:C,75062659,position_absent_in_GWAS
LTBP2,GCST90011766,rs144010513:75532422:TC:T,75065719,position_absent_in_GWAS
LTBP2,GCST90011766,rs67397772:75543464:CTAAG:C,75076761,position_absent_in_GWAS
LTBP2,GCST90011766,rs66560922:75545918:CA:C,75079215,position_absent_in_GWAS
LTBP2,GCST90011766,rs149123282:75552890:AAAAAAT:A,75086187,position_absent_in_GWAS
LTBP2,GCST90011766,14:75556980:CT:C,75090277,position_absent_in_GWAS
LTBP2,GCST90011766,rs113097149:75558975:A:AT,75092272,position_absent_in_GWAS
LTBP2,GCST90011766,14:75562979:CAAAA:C,75096276,position_absent_in_GWAS
LTBP2,GCST90011766,rs35432461:75563532:C:CA,75096829,position_absent_in_GWAS
LTBP2,GCST90011766,rs11446568:75566485:C:CA,75099782,position_absent_in_GWAS
LTBP2,GCST90011766,rs35499335:75569216:G:GT,75102513,position_absent_in_GWAS
LTBP2,GCST90011766,rs56719668:75571191:C:CT,75104488,position_absent_in_GWAS
LTBP2,GCST90011766,rs10632881:75581817:T:TACAC,75115114,position_absent_in_GWAS
LTBP2,GCST90011766,rs374021221:75590107:CAAA:C,75123404,position_absent_in_GWAS
LTBP2,GCST90011766,rs34921975:75591478:CT:C,75124775,position_absent_in_GWAS
LTBP2,GCST90011766,rs113303427:75591641:AT:A,75124938,position_absent_in_GWAS
LTBP2,GCST90011766,rs55959885:75596037:AG:A,75129334,position_absent_in_GWAS
LTBP2,GCST90011766,rs368437388:75604411:CT:C,75137708,position_absent_in_GWAS
LTBP2,GCST90011766,rs145288922:75606313:TG:T,75139610,position_absent_in_GWAS
LTBP2,GCST90011766,rs5809695:75610636:C:CA,75143933,position_absent_in_GWAS
LTBP2,GCST90011766,rs35810783:75613611:C:CAGAT,75146908,position_absent_in_GWAS
LTBP2,GCST90011766,rs76033420:75616540:GCT:G,75149837,position_absent_in_GWAS
LTBP2,GCST90011766,rs369868350:75616548:CTGT:C,75149845,position_absent_in_GWAS
LTBP2,GCST90011766,rs78523802:75620940:CA:C,75154237,position_absent_in_GWAS
LTBP2,GCST90011766,rs148563522:75623619:A:AAAAAG,75156916,position_absent_in_GWAS
LTBP2,GCST90011766,rs76416253:75624345:CAT:C,75157642,position_absent_in_GWAS
LTBP2,GCST90011766,rs76379942:75628199:AG:A,75161496,position_absent_in_GWAS
LTBP2,GCST90011766,rs35308116:75633642:CT:C,75166939,position_absent_in_GWAS
LTBP2,GCST90011766,rs147990412:75637899:GGAA:G,75171196,position_absent_in_GWAS
LTBP2,GCST90011766,rs11366602:75644857:GT:G,75178154,position_absent_in_GWAS
LTBP2,GCST90011766,rs34903218:75649790:T:TA,75183087,position_absent_in_GWAS
LTBP2,GCST90011766,rs11351733:75654929:AC:A,75188226,position_absent_in_GWAS
LTBP2,GCST90011766,rs10593937:75662679:CTGAG:C,75195976,position_absent_in_GWAS
LTBP2,GCST90011766,rs145732009:75666563:TTTG:T,75199860,position_absent_in_GWAS
LTBP2,GCST90011766,rs150903779:75666733:T:TTTTG,75200030,position_absent_in_GWAS
LTBP2,GCST90011766,rs112371094:75668789:CT:C,75202086,position_absent_in_GWAS
LTBP2,GCST90011766,rs34796348:75669750:G:GT,75203047,position_absent_in_GWAS
LTBP2,GCST90011766,rs113963248:75670358:TA:T,75203655,position_absent_in_GWAS
LTBP2,GCST90011766,rs199512633:75670739:CATCTT:C,75204036,position_absent_in_GWAS
LTBP2,GCST90011766,rs11335433:75675910:CT:C,75209207,position_absent_in_GWAS
LTBP2,GCST90011766,rs75732983:75677669:C:G,75210966,position_absent_in_GWAS
LTBP2,GCST90011766,rs201105776:75678968:C:CA,75212265,position_absent_in_GWAS
LTBP2,GCST90011766,rs61617176:75678978:G:GA,75212275,position_absent_in_GWAS
LTBP2,GCST90011766,rs113752059:75680350:C:CT,75213647,position_absent_in_GWAS
LTBP2,GCST90011766,rs34360074:75687309:CAAAG:C,75220606,position_absent_in_GWAS
LTBP2,GCST90011766,rs57284265:75689806:AT:A,75223103,position_absent_in_GWAS
LTBP2,GCST90011766,rs111253226:75692319:C:CA,75225616,position_absent_in_GWAS
LTBP2,GCST90011766,rs202006956:75701903:AT:A,75235200,position_absent_in_GWAS
LTBP2,GCST90011766,rs113668738:75702084:CA:C,75235381,position_absent_in_GWAS
LTBP2,GCST90011766,rs111843691:75705194:T:TA,75238491,position_absent_in_GWAS
LTBP2,GCST90011766,rs34741974:75706345:AT:A,75239642,position_absent_in_GWAS
LTBP2,GCST90011766,rs5809699:75713098:CA:C,75246395,position_absent_in_GWAS
LTBP2,GCST90011766,rs113844849:75715655:C:CA,75248952,position_absent_in_GWAS
LTBP2,GCST90011766,rs57290969:75717439:G:GA,75250736,position_absent_in_GWAS
LTBP2,GCST90011766,rs67204041:75718772:CAT:C,75252069,position_absent_in_GWAS
LTBP2,GCST90011766,rs145023521:75722081:AAAAG:A,75255378,position_absent_in_GWAS
LTBP2,GCST90011766,rs151175216:75725029:ACT:A,75258326,position_absent_in_GWAS
LTBP2,GCST90011766,rs77752202:75730370:CAAAAAAAAA:C,75263667,position_absent_in_GWAS
LTBP2,GCST90011766,rs4026017:75740642:TGGG:T,75273939,position_absent_in_GWAS
LTBP2,GCST90011766,rs3216792:75747407:AG:A,75280704,position_absent_in_GWAS
LTBP2,GCST90011766,14:75750890:CAAA:C,75284187,position_absent_in_GWAS
LTBP2,GCST90011766,rs10548721:75753001:AAGAG:A,75286298,position_absent_in_GWAS
LTBP2,GCST90011766,14:75753071:CA:C,75286368,position_absent_in_GWAS
LTBP2,GCST90011766,rs139324711:75759347:TAA:T,75292644,position_absent_in_GWAS
LTBP2,GCST90011766,rs58802026:75760034:A:AAC,75293331,position_absent_in_GWAS
LTBP2,GCST90011766,rs11435136:75766315:G:GA,75299612,position_absent_in_GWAS
LTBP2,GCST90011766,rs368422989:75769355:CT:C,75302652,position_absent_in_GWAS
LTBP2,GCST90011766,rs60454234:75771016:GA:G,75304313,position_absent_in_GWAS
LTBP2,GCST90011766,rs55884442:75771221:C:CT,75304518,position_absent_in_GWAS
LTBP2,GCST90011766,14:75771947:G:C,75305244,position_absent_in_GWAS
LTBP2,GCST90011766,rs79803796:75775218:TAG:T,75308515,position_absent_in_GWAS
LTBP2,GCST90011766,rs149349578:75775607:ATC:A,75308904,position_absent_in_GWAS
LTBP2,GCST90011766,rs139701411:75775623:CTCCTT:C,75308920,position_absent_in_GWAS
LTBP2,GCST90011766,rs57225898:75778835:AT:A,75312132,position_absent_in_GWAS
LTBP2,GCST90011766,rs11285189:75781208:CT:C,75314505,position_absent_in_GWAS
LTBP2,GCST90011766,rs201277279:75783095:G:GA,75316392,position_absent_in_GWAS
LTBP2,GCST90011766,rs67390988:75784741:AT:A,75318038,position_absent_in_GWAS
LTBP2,GCST90011766,rs35255022:75788041:ACTCT:A,75321338,position_absent_in_GWAS
LTBP2,GCST90011766,rs72296115:75788110:AT:A,75321407,position_absent_in_GWAS
LTBP2,GCST90011766,14:75792496:CTATTTTATTTTATTTTATTTTATTT:C,75325793,position_absent_in_GWAS
LTBP2,GCST90011766,rs34890289:75794536:TA:T,75327833,position_absent_in_GWAS
LTBP2,GCST90011766,rs149918954:75795404:GCCTCTCCCATCC:G,75328701,position_absent_in_GWAS
LTBP2,GCST90011766,rs34134739:75796828:C:CA,75330125,position_absent_in_GWAS
LTBP2,GCST90011766,rs368213190:75800107:TTTTC:T,75333404,position_absent_in_GWAS
LTBP2,GCST90011766,rs200478554:75800559:GGA:G,75333856,position_absent_in_GWAS
LTBP2,GCST90011766,rs71119359:75804183:T:TA,75337480,position_absent_in_GWAS
LTBP2,GCST90011766,rs66507860:75804855:AG:A,75338152,position_absent_in_GWAS
LTBP2,GCST90011766,rs1882833:75804856:G:A,75338153,position_absent_in_GWAS
LTBP2,GCST90011766,rs147592271:75810248:AC:A,75343545,position_absent_in_GWAS
LTBP2,GCST90011766,rs10707079:75811967:AT:A,75345264,position_absent_in_GWAS
LTBP2,GCST90011766,rs75573516:75822084:CTG:C,75355381,position_absent_in_GWAS
LTBP2,GCST90011766,rs78355014:75822371:AT:A,75355668,position_absent_in_GWAS
LTBP2,GCST90011766,rs138708205:75822424:AATAC:A,75355721,position_absent_in_GWAS
LTBP2,GCST90011766,14:75824326:A:G,75357623,position_absent_in_GWAS
LTBP2,GCST90011766,rs35408085:75825226:CT:C,75358523,position_absent_in_GWAS
LTBP2,GCST90011766,rs35623518:75825458:CT:C,75358755,position_absent_in_GWAS
LTBP2,GCST90011766,rs34291029:75835778:C:CT,75369075,position_absent_in_GWAS
LTBP2,GCST90011766,rs139948389:75838621:AAAT:A,75371918,position_absent_in_GWAS
LTBP2,GCST90011766,rs34970808:75844713:CT:C,75378010,position_absent_in_GWAS
LTBP2,GCST90011766,rs145186912:75846551:GA:G,75379848,position_absent_in_GWAS
LTBP2,GCST90011766,rs33964417:75848193:TA:T,75381490,position_absent_in_GWAS
LTBP2,GCST90011766,rs34638224:75848965:AT:A,75382262,position_absent_in_GWAS
LTBP2,GCST90011766,rs34555998:75852291:CA:C,75385588,position_absent_in_GWAS
LTBP2,GCST90011766,rs56070995:75863675:TAA:T,75396972,position_absent_in_GWAS
LTBP2,GCST90011766,rs34930581:75863773:GA:G,75397070,position_absent_in_GWAS
LTBP2,GCST90011766,rs201237222:75864822:A:AT,75398119,position_absent_in_GWAS
LTBP2,GCST90011766,rs368026981:75864904:AAAAAAAAAGAG:A,75398201,position_absent_in_GWAS
LTBP2,GCST90011766,rs34695694:75866789:AT:A,75400086,position_absent_in_GWAS
LTBP2,GCST90011766,rs11296931:75872323:CA:C,75405620,position_absent_in_GWAS
LTBP2,GCST90011766,rs78050098:75873359:T:TTC,75406656,position_absent_in_GWAS
LTBP2,GCST90011766,rs34775832:75874266:C:CT,75407563,position_absent_in_GWAS
LTBP2,GCST90011766,rs58736488:75874699:CAAAAAAAAAA:C,75407996,position_absent_in_GWAS
LTBP2,GCST90011766,rs201241015:75875245:T:TA,75408542,position_absent_in_GWAS
LTBP2,GCST90011766,rs140721010:75879577:TG:T,75412874,position_absent_in_GWAS
LTBP2,GCST90011766,rs11343314:75883593:TC:T,75416890,position_absent_in_GWAS
LTBP2,GCST90011766,rs11440462:75884097:G:GA,75417394,position_absent_in_GWAS
LTBP2,GCST90011766,rs55774466:75884896:ATTTG:A,75418193,position_absent_in_GWAS
LTBP2,GCST90011766,rs72407516:75885636:TTGAA:T,75418933,position_absent_in_GWAS
LTBP2,GCST90011766,rs34592704:75886127:CA:C,75419424,position_absent_in_GWAS
LTBP2,GCST90011766,rs34393267:75902941:TG:T,75436238,position_absent_in_GWAS
LTBP2,GCST90011766,rs11302124:75903875:CA:C,75437172,position_absent_in_GWAS
LTBP2,GCST90011766,rs11409834:75910612:A:AT,75443909,position_absent_in_GWAS
LTBP2,GCST90011766,rs34492646:75914312:GC:G,75447609,position_absent_in_GWAS
LTBP2,GCST90011766,rs35602019:75932741:TA:T,75466038,position_absent_in_GWAS
LTBP2,GCST90011766,rs35536778:75948969:C:CAATA,75482266,position_absent_in_GWAS
LTBP2,GCST90011766,rs370239599:75953233:AAAG:A,75486530,position_absent_in_GWAS
LTBP2,GCST90011766,rs148650469:75954573:TTTG:T,75488230,position_absent_in_GWAS
LTBP2,GCST90011766,14:75954937:A:AGTATAT,75488594,position_absent_in_GWAS
LTBP2,GCST90011766,14:75959059:A:AAAAG,75492716,position_absent_in_GWAS
LTBP2,GCST90011766,rs67416621:75960750:CTT:C,75494407,position_absent_in_GWAS
LTBP2,GCST90011766,rs11384266:75965654:C:CT,75499311,position_absent_in_GWAS
LTBP2,GCST90011766,rs372225721:75969725:CT:C,75503382,position_absent_in_GWAS
LTBP2,GCST90011766,rs369502679:75969879:TTTTTCTTTTC:T,75503536,position_absent_in_GWAS
LTBP2,GCST90011766,rs5809710:75971201:CAT:C,75504858,position_absent_in_GWAS
LTBP2,GCST90011766,rs144103246:75975425:TTGA:T,75509082,position_absent_in_GWAS
LTBP2,GCST90011766,rs71119374:75983650:CCT:C,75517307,position_absent_in_GWAS
LTBP2,GCST90011766,rs34162352:75984071:C:CT,75517728,position_absent_in_GWAS
LTBP2,GCST90011766,rs5809713:75988109:T:TTTC,75521766,position_absent_in_GWAS
LTBP2,GCST90011766,14:75996404:CA:C,75530061,position_absent_in_GWAS
LTBP2,GCST90011766,rs142263347:76003382:GTTC:G,75537039,position_absent_in_GWAS
LTBP2,GCST90011766,rs147049789:76009805:A:AC,75543462,position_absent_in_GWAS
LTBP2,GCST90011766,14:76010171:C:CA,75543828,position_absent_in_GWAS
LTBP2,GCST90011766,rs60729859:76013520:GTCTCCTTCTCCT:G,75547177,position_absent_in_GWAS
LTBP2,GCST90011766,rs144252728:76016340:TTC:T,75549997,position_absent_in_GWAS
LTBP2,GCST90011766,rs149545562:76019779:ATT:A,75553436,position_absent_in_GWAS
LTBP2,GCST90011766,14:76022011:CT:C,75555668,position_absent_in_GWAS
LTBP2,GCST90011766,rs71303888:76024437:AT:A,75558094,position_absent_in_GWAS
LTBP2,GCST90011766,rs72166004:76025929:CCTT:C,75559586,position_absent_in_GWAS
LTBP2,GCST90011766,14:76029252:CT:C,75562909,position_absent_in_GWAS
LTBP2,GCST90011766,rs34634673:76041228:G:GT,75574885,position_absent_in_GWAS
LTBP2,GCST90011766,rs148092740:76045193:GTC:G,75578850,position_absent_in_GWAS
LTBP2,GCST90011766,rs59485467:76063634:AAAG:A,75597291,position_absent_in_GWAS
LTBP2,GCST90011766,rs149988837:76063920:C:CT,75597577,position_absent_in_GWAS
LTBP2,GCST90011766,rs35898436:76067219:CA:C,75600876,position_absent_in_GWAS
LTBP2,GCST90011766,rs11306197:76070905:TA:T,75604562,position_absent_in_GWAS
LTBP2,GCST90011766,rs140729219:76078526:GCA:G,75612183,position_absent_in_GWAS
LTBP2,GCST90011770,rs58429599:74085327:GAAAAT:G,73618623,position_absent_in_GWAS
LTBP2,GCST90011770,rs67656337:74086623:C:CT,73619919,position_absent_in_GWAS
LTBP2,GCST90011770,rs66884513:74087938:CG:C,73621234,position_absent_in_GWAS
LTBP2,GCST90011770,rs66727007:74087941:CA:C,73621237,position_absent_in_GWAS
LTBP2,GCST90011770,rs201928779:74089621:G:GT,73622917,position_absent_in_GWAS
LTBP2,GCST90011770,rs151231344:74092985:CA:C,73626281,position_absent_in_GWAS
LTBP2,GCST90011770,rs60392311:74093365:TA:T,73626661,position_absent_in_GWAS
LTBP2,GCST90011770,rs71112783:74094523:AT:A,73627819,position_absent_in_GWAS
LTBP2,GCST90011770,rs138956191:74094997:CAT:C,73628293,position_absent_in_GWAS
LTBP2,GCST90011770,rs59345677:74095602:CA:C,73628898,position_absent_in_GWAS
LTBP2,GCST90011770,rs71112784:74095760:C:CA,73629056,position_absent_in_GWAS
LTBP2,GCST90011770,rs145127767:74099128:CTTCCAGAACCA:C,73632424,position_absent_in_GWAS
LTBP2,GCST90011770,rs199544681:74099563:AG:A,73632859,position_absent_in_GWAS
LTBP2,GCST90011770,rs138746241:74102783:GC:G,73636080,position_absent_in_GWAS
LTBP2,GCST90011770,rs200312739:74103278:TCAAA:T,73636575,position_absent_in_GWAS
LTBP2,GCST90011770,rs11320189:74105280:CA:C,73638577,position_absent_in_GWAS
LTBP2,GCST90011770,rs5809622:74107448:TA:T,73640745,position_absent_in_GWAS
LTBP2,GCST90011770,rs138276373:74107792:CA:C,73641089,position_absent_in_GWAS
LTBP2,GCST90011770,rs10716422:74110260:GT:G,73643557,position_absent_in_GWAS
LTBP2,GCST90011770,rs35544357:74110928:AT:A,73644225,position_absent_in_GWAS
LTBP2,GCST90011770,rs139150382:74111120:AATTATT:A,73644417,position_absent_in_GWAS
LTBP2,GCST90011770,rs201091492:74114070:AAAAAAAAAAAAAAAG:A,73647367,position_absent_in_GWAS
LTBP2,GCST90011770,14:74125864:AT:A,73659161,position_absent_in_GWAS
LTBP2,GCST90011770,rs143340050:74126796:A:AT,73660093,position_absent_in_GWAS
LTBP2,GCST90011770,rs112233204:74131562:TA:T,73664859,position_absent_in_GWAS
LTBP2,GCST90011770,rs35746041:74139310:CA:C,73672607,position_absent_in_GWAS
LTBP2,GCST90011770,rs11403998:74140589:G:GA,73673886,position_absent_in_GWAS
LTBP2,GCST90011770,rs150007114:74141888:TTC:T,73675185,position_absent_in_GWAS
LTBP2,GCST90011770,rs75678079:74143666:AT:A,73676963,position_absent_in_GWAS
LTBP2,GCST90011770,rs142899983:74146582:CT:C,73679879,position_absent_in_GWAS
LTBP2,GCST90011770,rs145987029:74147795:TTTG:T,73681092,position_absent_in_GWAS
LTBP2,GCST90011770,rs74378828:74151634:CATTT:C,73684931,position_absent_in_GWAS
LTBP2,GCST90011770,rs140633074:74151836:CAT:C,73685133,position_absent_in_GWAS
LTBP2,GCST90011770,14:74152163:A:AT,73685460,position_absent_in_GWAS
LTBP2,GCST90011770,rs11312662:74156754:AG:A,73690051,position_absent_in_GWAS
LTBP2,GCST90011770,rs35404058:74158699:CTT:C,73691996,position_absent_in_GWAS
LTBP2,GCST90011770,rs72413615:74159313:GA:G,73692610,position_absent_in_GWAS
LTBP2,GCST90011770,rs5809627:74167061:GA:G,73700358,position_absent_in_GWAS
LTBP2,GCST90011770,rs11287416:74168084:TA:T,73701381,position_absent_in_GWAS
LTBP2,GCST90011770,rs370710507:74172924:CT:C,73706221,position_absent_in_GWAS
LTBP2,GCST90011770,rs200911280:74173376:CG:C,73706673,position_absent_in_GWAS
LTBP2,GCST90011770,rs372732969:74173432:GA:G,73706729,position_absent_in_GWAS
LTBP2,GCST90011770,rs202246877:74175816:ACT:A,73709113,position_absent_in_GWAS
LTBP2,GCST90011770,rs200776761:74176106:TG:T,73709403,position_absent_in_GWAS
LTBP2,GCST90011770,14:74177799:AT:A,73711096,position_absent_in_GWAS
LTBP2,GCST90011770,rs1305033:74179050:CTGGCATT:C,73712347,position_absent_in_GWAS
LTBP2,GCST90011770,rs35626305:74183215:TA:T,73716512,position_absent_in_GWAS
LTBP2,GCST90011770,rs113901874:74186497:CACCT:C,73719794,position_absent_in_GWAS
LTBP2,GCST90011770,rs143224767:74192968:AGGG:A,73726265,position_absent_in_GWAS
LTBP2,GCST90011770,rs10566700:74194957:TA:T,73728254,position_absent_in_GWAS
LTBP2,GCST90011770,rs201822325:74196266:GC:G,73729563,position_absent_in_GWAS
LTBP2,GCST90011770,rs138782626:74198904:CTG:C,73732201,position_absent_in_GWAS
LTBP2,GCST90011770,rs147940377:74199053:GAAA:G,73732350,position_absent_in_GWAS
LTBP2,GCST90011770,rs11378988:74203335:G:GA,73736632,position_absent_in_GWAS
LTBP2,GCST90011770,14:74204476:CTTTTTTTTTTT:C,73737773,position_absent_in_GWAS
LTBP2,GCST90011770,rs72365435:74205198:GCAGCCGCC:G,73738495,position_absent_in_GWAS
LTBP2,GCST90011770,14:74208345:CGCTCCTCTGCAGGCTTCCGCA:C,73741642,position_absent_in_GWAS
LTBP2,GCST90011770,rs10137796:74210766:T:A,73744063,position_absent_in_GWAS
LTBP2,GCST90011770,rs138721645:74211397:CCT:C,73744694,position_absent_in_GWAS
LTBP2,GCST90011770,rs34545428:74213416:CA:C,73746713,position_absent_in_GWAS
LTBP2,GCST90011770,rs55972902:74215471:CAA:C,73748768,position_absent_in_GWAS
LTBP2,GCST90011770,rs11328827:74216005:GC:G,73749302,position_absent_in_GWAS
LTBP2,GCST90011770,rs34820384:74220572:A:AG,73753869,position_absent_in_GWAS
LTBP2,GCST90011770,rs10708298:74226840:GA:G,73760137,position_absent_in_GWAS
LTBP2,GCST90011770,rs59819061:74235214:CTTTTTTTT:C,73768511,position_absent_in_GWAS
LTBP2,GCST90011770,rs71460918:74236292:T:TTTTTG,73769589,position_absent_in_GWAS
LTBP2,GCST90011770,rs57653729:74236616:TG:T,73769913,position_absent_in_GWAS
LTBP2,GCST90011770,rs150185844:74239540:TTTG:T,73772837,position_absent_in_GWAS
LTBP2,GCST90011770,rs35223288:74248264:CCT:C,73781561,position_absent_in_GWAS
LTBP2,GCST90011770,rs146806755:74254599:TAG:T,73787896,position_absent_in_GWAS
LTBP2,GCST90011770,rs34093953:74258238:GTAA:G,73791535,position_absent_in_GWAS
LTBP2,GCST90011770,rs201541691:74260176:C:CA,73793473,position_absent_in_GWAS
LTBP2,GCST90011770,rs66461070:74263978:CA:C,73797275,position_absent_in_GWAS
LTBP2,GCST90011770,rs56352049:74265306:TA:T,73798603,position_absent_in_GWAS
LTBP2,GCST90011770,rs35887597:74265691:TA:T,73798988,position_absent_in_GWAS
LTBP2,GCST90011770,rs371090029:74267124:CA:C,73800421,position_absent_in_GWAS
LTBP2,GCST90011770,rs71460924:74270310:T:TA,73803607,position_absent_in_GWAS
LTBP2,GCST90011770,rs34461029:74272792:CA:C,73806089,position_absent_in_GWAS
LTBP2,GCST90011770,14:74274844:CT:C,73808141,position_absent_in_GWAS
LTBP2,GCST90011770,rs56258737:74278762:C:CA,73812059,position_absent_in_GWAS
LTBP2,GCST90011770,rs36004173:74280699:TA:T,73813996,position_absent_in_GWAS
LTBP2,GCST90011770,14:74281714:C:CA,73815011,position_absent_in_GWAS
LTBP2,GCST90011770,rs72302283:74283064:GGAGA:G,73816361,position_absent_in_GWAS
LTBP2,GCST90011770,rs139609064:74284920:GC:G,73818217,position_absent_in_GWAS
LTBP2,GCST90011770,rs375416968:74285266:TA:T,73818563,position_absent_in_GWAS
LTBP2,GCST90011770,14:74285980:CT:C,73819277,position_absent_in_GWAS
LTBP2,GCST90011770,14:74286463:CA:C,73819760,position_absent_in_GWAS
LTBP2,GCST90011770,rs34270929:74288951:CT:C,73822248,position_absent_in_GWAS
LTBP2,GCST90011770,rs11439716:74290781:C:CT,73824078,position_absent_in_GWAS
LTBP2,GCST90011770,rs10616022:74291116:AAGAC:A,73824413,position_absent_in_GWAS
LTBP2,GCST90011770,rs35244712:74292444:TAA:T,73825741,position_absent_in_GWAS
LTBP2,GCST90011770,rs141229211:74292904:AG:A,73826201,position_absent_in_GWAS
LTBP2,GCST90011770,rs201733568:74294642:C:CT,73827939,position_absent_in_GWAS
LTBP2,GCST90011770,14:74294643:C:CAT,73827940,position_absent_in_GWAS
LTBP2,GCST90011770,rs200841037:74294644:G:GC,73827941,position_absent_in_GWAS
LTBP2,GCST90011770,rs201037083:74294908:TATATAC:T,73828205,position_absent_in_GWAS
LTBP2,GCST90011770,rs142964019:74295081:TCTGA:T,73828378,position_absent_in_GWAS
LTBP2,GCST90011770,rs201327034:74297613:TTTC:T,73830910,position_absent_in_GWAS
LTBP2,GCST90011770,rs11424982:74300164:C:CT,73833461,position_absent_in_GWAS
LTBP2,GCST90011770,rs375607491:74301665:TTA:T,73834962,position_absent_in_GWAS
LTBP2,GCST90011770,rs11409207:74304490:A:AT,73837787,position_absent_in_GWAS
LTBP2,GCST90011770,rs142598223:74305009:CT:C,73838306,position_absent_in_GWAS
LTBP2,GCST90011770,rs145857052:74306627:C:CT,73839924,position_absent_in_GWAS
LTBP2,GCST90011770,rs202173357:74307097:CA:C,73840394,position_absent_in_GWAS
LTBP2,GCST90011770,rs58805214:74308515:ATGTTTT:A,73841812,position_absent_in_GWAS
LTBP2,GCST90011770,rs3076694:74310270:C:CCCCT,73843567,position_absent_in_GWAS
LTBP2,GCST90011770,14:74310885:CA:C,73844182,position_absent_in_GWAS
LTBP2,GCST90011770,rs58789771:74311607:AT:A,73844904,position_absent_in_GWAS
LTBP2,GCST90011770,rs56364415:74311904:AT:A,73845201,position_absent_in_GWAS
LTBP2,GCST90011770,rs56371410:74312919:CAA:C,73846216,position_absent_in_GWAS
LTBP2,GCST90011770,rs372660914:74314670:ATTTTTTTTTTTTTTTTTTTTT:A,73847967,position_absent_in_GWAS
LTBP2,GCST90011770,rs60352417:74316664:CAAAAAAAAAAAA:C,73849961,position_absent_in_GWAS
LTBP2,GCST90011770,rs11292350:74320051:GT:G,73853348,position_absent_in_GWAS
LTBP2,GCST90011770,rs34887856:74323116:A:AT,73856413,position_absent_in_GWAS
LTBP2,GCST90011770,rs143781299:74323820:CAG:C,73857117,position_absent_in_GWAS
LTBP2,GCST90011770,rs35564304:74325016:GA:G,73858313,position_absent_in_GWAS
LTBP2,GCST90011770,rs5809632:74326487:TA:T,73859784,position_absent_in_GWAS
LTBP2,GCST90011770,rs35206130:74326568:G:GT,73859865,position_absent_in_GWAS
LTBP2,GCST90011770,14:74333791:CAAAA:C,73867088,position_absent_in_GWAS
LTBP2,GCST90011770,rs35088714:74334205:TA:T,73867502,position_absent_in_GWAS
LTBP2,GCST90011770,rs34798468:74336276:CA:C,73869573,position_absent_in_GWAS
LTBP2,GCST90011770,14:74336896:C:CT,73870193,position_absent_in_GWAS
LTBP2,GCST90011770,rs140534483:74340021:AAAAG:A,73873318,position_absent_in_GWAS
LTBP2,GCST90011770,rs373183552:74340168:CT:C,73873465,position_absent_in_GWAS
LTBP2,GCST90011770,rs202193452:74342441:CT:C,73875738,position_absent_in_GWAS
LTBP2,GCST90011770,rs150196513:74343979:AT:A,73877276,position_absent_in_GWAS
LTBP2,GCST90011770,rs112355112:74347121:CA:C,73880418,position_absent_in_GWAS
LTBP2,GCST90011770,rs111478120:74350063:CT:C,73883360,position_absent_in_GWAS
LTBP2,GCST90011770,rs66810906:74356513:TTC:T,73889810,position_absent_in_GWAS
LTBP2,GCST90011770,rs34857294:74357794:CT:C,73891091,position_absent_in_GWAS
LTBP2,GCST90011770,rs140665239:74358703:CCT:C,73892000,position_absent_in_GWAS
LTBP2,GCST90011770,rs34199208:74362244:T:TA,73895541,position_absent_in_GWAS
LTBP2,GCST90011770,14:74364674:CA:C,73897971,position_absent_in_GWAS
LTBP2,GCST90011770,rs75896997:74365332:GT:G,73898629,position_absent_in_GWAS
LTBP2,GCST90011770,rs201313257:74368773:GT:G,73902070,position_absent_in_GWAS
LTBP2,GCST90011770,rs35370876:74371467:TA:T,73904764,position_absent_in_GWAS
LTBP2,GCST90011770,rs369772096:74373011:CT:C,73906308,position_absent_in_GWAS
LTBP2,GCST90011770,rs371940267:74376310:TG:T,73909607,position_absent_in_GWAS
LTBP2,GCST90011770,rs34162465:74378872:CT:C,73912169,position_absent_in_GWAS
LTBP2,GCST90011770,rs113148965:74379013:CA:C,73912310,position_absent_in_GWAS
LTBP2,GCST90011770,rs371094338:74379573:CT:C,73912870,position_absent_in_GWAS
LTBP2,GCST90011770,rs112532996:74379752:AT:A,73913049,position_absent_in_GWAS
LTBP2,GCST90011770,rs199555385:74381964:C:CA,73915261,position_absent_in_GWAS
LTBP2,GCST90011770,rs34020079:74383513:CAA:C,73916810,position_absent_in_GWAS
LTBP2,GCST90011770,rs34270029:74383664:CAG:C,73916961,position_absent_in_GWAS
LTBP2,GCST90011770,rs71305806:74391386:C:CT,73924683,position_absent_in_GWAS
LTBP2,GCST90011770,rs58959688:74392136:CT:C,73925433,position_absent_in_GWAS
LTBP2,GCST90011770,rs34942142:74393444:TG:T,73926741,position_absent_in_GWAS
LTBP2,GCST90011770,rs11461357:74394535:A:AT,73927832,position_absent_in_GWAS
LTBP2,GCST90011770,rs11452149:74396516:T:TA,73929813,position_absent_in_GWAS
LTBP2,GCST90011770,rs11421857:74402251:T:TA,73935548,position_absent_in_GWAS
LTBP2,GCST90011770,rs200473639:74403777:CAT:C,73937074,position_absent_in_GWAS
LTBP2,GCST90011770,rs5809637:74403798:GA:G,73937095,position_absent_in_GWAS
LTBP2,GCST90011770,14:74407811:CTT:C,73941108,position_absent_in_GWAS
LTBP2,GCST90011770,rs60789767:74414088:C:CA,73947385,position_absent_in_GWAS
LTBP2,GCST90011770,rs60171220:74414628:AT:A,73947925,position_absent_in_GWAS
LTBP2,GCST90011770,rs35341495:74416222:A:AT,73949519,position_absent_in_GWAS
LTBP2,GCST90011770,rs148549829:74416403:TTTCTC:T,73949700,position_absent_in_GWAS
LTBP2,GCST90011770,rs149145286:74418078:CTT:C,73951375,position_absent_in_GWAS
LTBP2,GCST90011770,rs143983947:74420524:ATGT:A,73953821,position_absent_in_GWAS
LTBP2,GCST90011770,14:74421657:AT:A,73954954,position_absent_in_GWAS
LTBP2,GCST90011770,rs143222231:74423356:ATCCACTT:A,73956653,position_absent_in_GWAS
LTBP2,GCST90011770,rs141459361:74429264:G:GA,73962561,position_absent_in_GWAS
LTBP2,GCST90011770,rs57794133:74429409:TTA:T,73962706,position_absent_in_GWAS
LTBP2,GCST90011770,14:74434502:CAA:C,73967799,position_absent_in_GWAS
LTBP2,GCST90011770,rs139171971:74436002:CAG:C,73969299,position_absent_in_GWAS
LTBP2,GCST90011770,rs113156308:74437865:GT:G,73971162,position_absent_in_GWAS
LTBP2,GCST90011770,rs11320515:74439382:TA:T,73972679,position_absent_in_GWAS
LTBP2,GCST90011770,14:74442106:CTT:C,73975403,position_absent_in_GWAS
LTBP2,GCST90011770,rs113384416:74445304:C:CAAACA,73978601,position_absent_in_GWAS
LTBP2,GCST90011770,14:74446175:C:CT,73979472,position_absent_in_GWAS
LTBP2,GCST90011770,rs140409853:74448197:G:GTA,73981494,position_absent_in_GWAS
LTBP2,GCST90011770,rs56117033:74448510:CA:C,73981807,position_absent_in_GWAS
LTBP2,GCST90011770,rs71907518:74449980:CCT:C,73983277,position_absent_in_GWAS
LTBP2,GCST90011770,rs201370826:74450396:TA:T,73983693,position_absent_in_GWAS
LTBP2,GCST90011770,rs145826937:74450764:CTT:C,73984061,position_absent_in_GWAS
LTBP2,GCST90011770,rs199818408:74453706:AT:A,73987003,position_absent_in_GWAS
LTBP2,GCST90011770,rs67647627:74458311:CA:C,73991608,position_absent_in_GWAS
LTBP2,GCST90011770,rs199594365:74459386:CAAAAAAAA:C,73992683,position_absent_in_GWAS
LTBP2,GCST90011770,rs199579611:74460636:AAC:A,73993933,position_absent_in_GWAS
LTBP2,GCST90011770,rs34061808:74461751:AT:A,73995048,position_absent_in_GWAS
LTBP2,GCST90011770,rs35138656:74462288:AAAT:A,73995585,position_absent_in_GWAS
LTBP2,GCST90011770,rs34536315:74466790:CA:C,74000087,position_absent_in_GWAS
LTBP2,GCST90011770,rs148678859:74470893:CAG:C,74004190,position_absent_in_GWAS
LTBP2,GCST90011770,rs200270127:74474068:T:TA,74007365,position_absent_in_GWAS
LTBP2,GCST90011770,rs372239362:74474534:AAT:A,74007831,position_absent_in_GWAS
LTBP2,GCST90011770,rs147211263:74475856:CAGA:C,74009153,position_absent_in_GWAS
LTBP2,GCST90011770,rs57848975:74477257:C:CA,74010554,position_absent_in_GWAS
LTBP2,GCST90011770,rs142371267:74481093:CA:C,74014390,position_absent_in_GWAS
LTBP2,GCST90011770,rs72486473:74484029:AAG:A,74017326,position_absent_in_GWAS
LTBP2,GCST90011770,rs375780216:74484272:ACT:A,74017569,position_absent_in_GWAS
LTBP2,GCST90011770,rs11287731:74486946:AT:A,74020243,position_absent_in_GWAS
LTBP2,GCST90011770,rs33959730:74487208:CT:C,74020505,position_absent_in_GWAS
LTBP2,GCST90011770,rs202166090:74492608:T:TG,74025905,position_absent_in_GWAS
LTBP2,GCST90011770,14:74492843:C:CA,74026140,position_absent_in_GWAS
LTBP2,GCST90011770,rs200271464:74493618:ACT:A,74026915,position_absent_in_GWAS
LTBP2,GCST90011770,rs201489319:74493633:GAA:G,74026930,position_absent_in_GWAS
LTBP2,GCST90011770,rs147466614:74495218:T:TAGAA,74028515,position_absent_in_GWAS
LTBP2,GCST90011770,14:74495651:C:CCACA,74028948,position_absent_in_GWAS
LTBP2,GCST90011770,rs201835078:74499192:C:CT,74032489,position_absent_in_GWAS
LTBP2,GCST90011770,rs71115945:74499919:AT:A,74033216,position_absent_in_GWAS
LTBP2,GCST90011770,rs141637204:74501929:TA:T,74035226,position_absent_in_GWAS
LTBP2,GCST90011770,rs72129796:74502559:TCACA:T,74035856,position_absent_in_GWAS
LTBP2,GCST90011770,rs35769157:74503386:C:CA,74036683,position_absent_in_GWAS
LTBP2,GCST90011770,rs201370950:74505110:AT:A,74038407,position_absent_in_GWAS
LTBP2,GCST90011770,rs35078321:74506298:A:AT,74039595,position_absent_in_GWAS
LTBP2,GCST90011770,rs141688431:74506763:TCA:T,74040060,position_absent_in_GWAS
LTBP2,GCST90011770,rs72019658:74508740:AAAC:A,74042037,position_absent_in_GWAS
LTBP2,GCST90011770,rs3082878:74513105:CATCCAGGCT:C,74046402,position_absent_in_GWAS
LTBP2,GCST90011770,rs35753773:74516082:T:TA,74049379,position_absent_in_GWAS
LTBP2,GCST90011770,rs142399602:74519637:AGGCTGCAGTGAGCCAT:A,74052934,position_absent_in_GWAS
LTBP2,GCST90011770,14:74521381:C:CT,74054678,position_absent_in_GWAS
LTBP2,GCST90011770,rs200751645:74522736:T:TA,74056033,position_absent_in_GWAS
LTBP2,GCST90011770,rs71460949:74522901:A:AT,74056198,position_absent_in_GWAS
LTBP2,GCST90011770,rs200205554:74525299:C:CT,74058596,position_absent_in_GWAS
LTBP2,GCST90011770,rs10564858:74528288:CAA:C,74061585,position_absent_in_GWAS
LTBP2,GCST90011770,rs71460951:74529511:GA:G,74062808,position_absent_in_GWAS
LTBP2,GCST90011770,rs372681195:74529893:CT:C,74063190,position_absent_in_GWAS
LTBP2,GCST90011770,rs71115948:74530568:CA:C,74063865,position_absent_in_GWAS
LTBP2,GCST90011770,14:74540620:CA:C,74073917,position_absent_in_GWAS
LTBP2,GCST90011770,rs201196501:74545063:CT:C,74078360,position_absent_in_GWAS
LTBP2,GCST90011770,rs112520921:74546132:GT:G,74079429,position_absent_in_GWAS
LTBP2,GCST90011770,rs4646854:74550214:GA:G,74083511,position_absent_in_GWAS
LTBP2,GCST90011770,rs34499648:74552408:CAATT:C,74085705,position_absent_in_GWAS
LTBP2,GCST90011770,rs34078951:74553372:GA:G,74086669,position_absent_in_GWAS
LTBP2,GCST90011770,rs151235071:74553651:G:GA,74086948,position_absent_in_GWAS
LTBP2,GCST90011770,rs138770843:74556499:TA:T,74089796,position_absent_in_GWAS
LTBP2,GCST90011770,rs112639675:74558467:ACT:A,74091764,position_absent_in_GWAS
LTBP2,GCST90011770,14:74558476:CA:C,74091773,position_absent_in_GWAS
LTBP2,GCST90011770,rs71115955:74559018:GT:G,74092315,position_absent_in_GWAS
LTBP2,GCST90011770,rs61367762:74561436:C:CT,74094733,position_absent_in_GWAS
LTBP2,GCST90011770,rs10587416:74562541:CTT:C,74095838,position_absent_in_GWAS
LTBP2,GCST90011770,rs140178951:74569645:CAT:C,74102942,position_absent_in_GWAS
LTBP2,GCST90011770,14:74570130:ATTTTTTTTTTTTT:A,74103427,position_absent_in_GWAS
LTBP2,GCST90011770,rs71115957:74570436:GT:G,74103733,position_absent_in_GWAS
LTBP2,GCST90011770,rs201667013:74571294:A:AT,74104591,position_absent_in_GWAS
LTBP2,GCST90011770,rs138992205:74574905:GCTTT:G,74108202,position_absent_in_GWAS
LTBP2,GCST90011770,rs372748686:74578158:ATT:A,74111455,position_absent_in_GWAS
LTBP2,GCST90011770,rs372218709:74578309:GTATT:G,74111606,position_absent_in_GWAS
LTBP2,GCST90011770,rs139884141:74578570:TTTTTTTTC:T,74111867,position_absent_in_GWAS
LTBP2,GCST90011770,rs372736982:74582179:CTG:C,74115476,position_absent_in_GWAS
LTBP2,GCST90011770,rs369107859:74583005:CAAAAAAT:C,74116302,position_absent_in_GWAS
LTBP2,GCST90011770,rs10591434:74583012:TAAAAAA:T,74116309,position_absent_in_GWAS
LTBP2,GCST90011770,rs3216533:74584630:CA:C,74117927,position_absent_in_GWAS
LTBP2,GCST90011770,14:74585863:CT:C,74119160,position_absent_in_GWAS
LTBP2,GCST90011770,rs71115960:74586010:GC:G,74119307,position_absent_in_GWAS
LTBP2,GCST90011770,rs78079658:74586539:CT:C,74119836,position_absent_in_GWAS
LTBP2,GCST90011770,14:74587457:C:CA,74120754,position_absent_in_GWAS
LTBP2,GCST90011770,rs11332437:74588428:CT:C,74121725,position_absent_in_GWAS
LTBP2,GCST90011770,rs74777859:74589587:CAAACAA:C,74122884,position_absent_in_GWAS
LTBP2,GCST90011770,rs138610644:74589604:A:AAAAAC,74122901,position_absent_in_GWAS
LTBP2,GCST90011770,rs35775748:74592739:T:TA,74126036,position_absent_in_GWAS
LTBP2,GCST90011770,rs142747496:74597651:AT:A,74130948,position_absent_in_GWAS
LTBP2,GCST90011770,rs138444518:74597657:A:ATTAT,74130954,position_absent_in_GWAS
LTBP2,GCST90011770,rs143147506:74601343:AT:A,74134640,position_absent_in_GWAS
LTBP2,GCST90011770,rs34777883:74602250:AT:A,74135547,position_absent_in_GWAS
LTBP2,GCST90011770,rs11305985:74602522:GT:G,74135819,position_absent_in_GWAS
LTBP2,GCST90011770,rs78447334:74604010:ATAT:A,74137307,position_absent_in_GWAS
LTBP2,GCST90011770,rs35627946:74605472:C:CA,74138769,position_absent_in_GWAS
LTBP2,GCST90011770,rs144807819:74605723:TA:T,74139020,position_absent_in_GWAS
LTBP2,GCST90011770,rs60487392:74610830:AT:A,74144127,position_absent_in_GWAS
LTBP2,GCST90011770,rs141927261:74615444:G:GA,74148741,position_absent_in_GWAS
LTBP2,GCST90011770,rs68112555:74618207:TTAAAA:T,74151504,position_absent_in_GWAS
LTBP2,GCST90011770,rs11325725:74625184:TG:T,74158481,position_absent_in_GWAS
LTBP2,GCST90011770,rs35991875:74630687:A:AT,74163984,position_absent_in_GWAS
LTBP2,GCST90011770,rs35317050:74634669:A:AT,74167966,position_absent_in_GWAS
LTBP2,GCST90011770,rs57293533:74637209:CA:C,74170506,position_absent_in_GWAS
LTBP2,GCST90011770,rs58342051:74637584:AT:A,74170881,position_absent_in_GWAS
LTBP2,GCST90011770,14:74637721:CA:C,74171018,position_absent_in_GWAS
LTBP2,GCST90011770,rs59113909:74638408:TTA:T,74171705,position_absent_in_GWAS
LTBP2,GCST90011770,rs34353375:74644183:AAT:A,74177480,position_absent_in_GWAS
LTBP2,GCST90011770,rs35242538:74645335:AT:A,74178632,position_absent_in_GWAS
LTBP2,GCST90011770,rs60035088:74648353:TACAG:T,74181650,position_absent_in_GWAS
LTBP2,GCST90011770,rs4026727:74648860:CATG:C,74182157,position_absent_in_GWAS
LTBP2,GCST90011770,rs5809653:74649805:TC:T,74183102,position_absent_in_GWAS
LTBP2,GCST90011770,rs68037994:74657092:CTTT:C,74190389,position_absent_in_GWAS
LTBP2,GCST90011770,rs71449181:74658789:AC:A,74192086,position_absent_in_GWAS
LTBP2,GCST90011770,rs34984934:74660120:TA:T,74193417,position_absent_in_GWAS
LTBP2,GCST90011770,rs59983890:74672396:TA:T,74205693,position_absent_in_GWAS
LTBP2,GCST90011770,14:74673094:G:GCCTC,74206391,position_absent_in_GWAS
LTBP2,GCST90011770,rs144065224:74677767:GAC:G,74211064,position_absent_in_GWAS
LTBP2,GCST90011770,rs71449183:74682030:CAAAA:C,74215327,position_absent_in_GWAS
LTBP2,GCST90011770,rs11390505:74686515:G:GC,74219812,position_absent_in_GWAS
LTBP2,GCST90011770,rs71303901:74693721:G:GT,74227018,position_absent_in_GWAS
LTBP2,GCST90011770,rs112459840:74696445:G:GTTGT,74229742,position_absent_in_GWAS
LTBP2,GCST90011770,rs199735353:74698372:AAG:A,74231669,position_absent_in_GWAS
LTBP2,GCST90011770,rs58098762:74699071:C:CA,74232368,position_absent_in_GWAS
LTBP2,GCST90011770,rs11314588:74700862:CG:C,74234159,position_absent_in_GWAS
LTBP2,GCST90011770,rs34235832:74702608:C:CT,74235905,position_absent_in_GWAS
LTBP2,GCST90011770,rs71698527:74703623:CT:C,74236920,position_absent_in_GWAS
LTBP2,GCST90011770,rs71115970:74709320:C:CT,74242617,position_absent_in_GWAS
LTBP2,GCST90011770,rs113901119:74710258:CT:C,74243555,position_absent_in_GWAS
LTBP2,GCST90011770,rs149163494:74713043:CG:C,74246340,position_absent_in_GWAS
LTBP2,GCST90011770,rs34470396:74714503:T:TA,74247800,position_absent_in_GWAS
LTBP2,GCST90011770,rs57369966:74715407:C:CA,74248704,position_absent_in_GWAS
LTBP2,GCST90011770,rs140976408:74716951:AAT:A,74250248,position_absent_in_GWAS
LTBP2,GCST90011770,rs111906304:74717407:A:AT,74250704,position_absent_in_GWAS
LTBP2,GCST90011770,rs59786099:74718522:CAG:C,74251819,position_absent_in_GWAS
LTBP2,GCST90011770,rs77697300:74719201:CTCCTGCCTCATCCTCCTGAG:C,74252498,position_absent_in_GWAS
LTBP2,GCST90011770,rs34396021:74719751:CA:C,74253048,position_absent_in_GWAS
LTBP2,GCST90011770,14:74721487:A:AT,74254784,position_absent_in_GWAS
LTBP2,GCST90011770,rs142143044:74722469:CTCTG:C,74255766,position_absent_in_GWAS
LTBP2,GCST90011770,rs10592020:74729166:CTT:C,74262463,position_absent_in_GWAS
LTBP2,GCST90011770,rs35641565:74736541:C:CT,74269838,position_absent_in_GWAS
LTBP2,GCST90011770,rs11385593:74742806:C:CA,74276103,position_absent_in_GWAS
LTBP2,GCST90011770,rs35294707:74744102:C:CT,74277399,position_absent_in_GWAS
LTBP2,GCST90011770,rs61524280:74747057:AC:A,74280354,position_absent_in_GWAS
LTBP2,GCST90011770,rs3837654:74754238:CAG:C,74287535,position_absent_in_GWAS
LTBP2,GCST90011770,rs60498100:74755814:CAAAAAAAAA:C,74289111,position_absent_in_GWAS
LTBP2,GCST90011770,rs58682308:74760760:CT:C,74294057,position_absent_in_GWAS
LTBP2,GCST90011770,14:74766766:CAAA:C,74300063,position_absent_in_GWAS
LTBP2,GCST90011770,14:74767296:CA:C,74300593,position_absent_in_GWAS
LTBP2,GCST90011770,rs71115979:74772033:CAAAAAA:C,74305330,position_absent_in_GWAS
LTBP2,GCST90011770,rs11290399:74775569:GT:G,74308866,position_absent_in_GWAS
LTBP2,GCST90011770,rs77689318:74778447:GA:G,74311744,position_absent_in_GWAS
LTBP2,GCST90011770,rs34712936:74778475:C:CT,74311772,position_absent_in_GWAS
LTBP2,GCST90011770,rs71873401:74779457:G:GT,74312754,position_absent_in_GWAS
LTBP2,GCST90011770,rs370697776:74783340:CT:C,74316637,position_absent_in_GWAS
LTBP2,GCST90011770,14:74788208:CT:C,74321505,position_absent_in_GWAS
LTBP2,GCST90011770,rs11408933:74788855:A:AT,74322152,position_absent_in_GWAS
LTBP2,GCST90011770,rs58625748:74790846:CT:C,74324143,position_absent_in_GWAS
LTBP2,GCST90011770,rs113777746:74792274:GC:G,74325571,position_absent_in_GWAS
LTBP2,GCST90011770,rs112807869:74794960:AG:A,74328257,position_absent_in_GWAS
LTBP2,GCST90011770,rs57850959:74795978:C:CA,74329275,position_absent_in_GWAS
LTBP2,GCST90011770,rs34686412:74797144:C:CT,74330441,position_absent_in_GWAS
LTBP2,GCST90011770,rs36042325:74797922:T:TAAAC,74331219,position_absent_in_GWAS
LTBP2,GCST90011770,rs113250765:74802443:AT:A,74335740,position_absent_in_GWAS
LTBP2,GCST90011770,rs36068153:74808687:GC:G,74341984,position_absent_in_GWAS
LTBP2,GCST90011770,rs35159504:74808951:G:GA,74342248,position_absent_in_GWAS
LTBP2,GCST90011770,14:74812049:ATTT:A,74345346,position_absent_in_GWAS
LTBP2,GCST90011770,rs59810913:74818198:GT:G,74351495,position_absent_in_GWAS
LTBP2,GCST90011770,14:74818555:C:CT,74351852,position_absent_in_GWAS
LTBP2,GCST90011770,rs142033742:74830482:CA:C,74363779,position_absent_in_GWAS
LTBP2,GCST90011770,rs5809662:74838280:AT:A,74371577,position_absent_in_GWAS
LTBP2,GCST90011770,14:74839457:CA:C,74372754,position_absent_in_GWAS
LTBP2,GCST90011770,rs71115990:74841933:TA:T,74375230,position_absent_in_GWAS
LTBP2,GCST90011770,rs146328869:74848835:A:AAAACAAAC,74382132,position_absent_in_GWAS
LTBP2,GCST90011770,14:74851901:ATATGGGTGCTCCTG:A,74385198,position_absent_in_GWAS
LTBP2,GCST90011770,rs200291887:74854447:C:CT,74387744,position_absent_in_GWAS
LTBP2,GCST90011770,14:74857469:C:CCTTT,74390766,position_absent_in_GWAS
LTBP2,GCST90011770,rs201928532:74862293:AAAG:A,74395590,position_absent_in_GWAS
LTBP2,GCST90011770,rs72311182:74870670:ATC:A,74403967,position_absent_in_GWAS
LTBP2,GCST90011770,rs10642138:74875751:T:TTTTA,74409048,position_absent_in_GWAS
LTBP2,GCST90011770,rs72355761:74880479:TCACA:T,74413776,position_absent_in_GWAS
LTBP2,GCST90011770,rs111851921:74889356:T:TCA,74422653,position_absent_in_GWAS
LTBP2,GCST90011770,rs59843281:74897143:CT:C,74430440,position_absent_in_GWAS
LTBP2,GCST90011770,rs74779748:74902930:AT:A,74436227,position_absent_in_GWAS
LTBP2,GCST90011770,rs66499739:74906582:CA:C,74439879,position_absent_in_GWAS
LTBP2,GCST90011770,rs144060483:74907672:GT:G,74440969,position_absent_in_GWAS
LTBP2,GCST90011770,rs68008170:74912157:TTGTG:T,74445454,position_absent_in_GWAS
LTBP2,GCST90011770,rs35098950:74913318:C:CT,74446615,position_absent_in_GWAS
LTBP2,GCST90011770,14:74916141:C:CAAAAAAAAA,74449438,position_absent_in_GWAS
LTBP2,GCST90011770,14:74920094:AG:A,74453391,position_absent_in_GWAS
LTBP2,GCST90011770,rs148583913:74928352:TCA:T,74461649,position_absent_in_GWAS
LTBP2,GCST90011770,rs34848569:74936222:T:TA,74469519,position_absent_in_GWAS
LTBP2,GCST90011770,rs78261954:74944319:CTTT:C,74477616,position_absent_in_GWAS
LTBP2,GCST90011770,rs199628163:74952246:TAG:T,74485543,position_absent_in_GWAS
LTBP2,GCST90011770,rs33935452:74952269:GA:G,74485566,position_absent_in_GWAS
LTBP2,GCST90011770,rs61201972:74953714:GCA:G,74487011,position_absent_in_GWAS
LTBP2,GCST90011770,rs150813068:74953846:GT:G,74487143,position_absent_in_GWAS
LTBP2,GCST90011770,rs67289103:74956240:AGT:A,74489537,position_absent_in_GWAS
LTBP2,GCST90011770,rs3047739:74960368:TGG:T,74493665,position_absent_in_GWAS
LTBP2,GCST90011770,14:74968468:G:GA,74501765,position_absent_in_GWAS
LTBP2,GCST90011770,rs36016624:74971650:TGACCCTTCGAG:T,74504947,position_absent_in_GWAS
LTBP2,GCST90011770,rs142594510:74979650:AG:A,74512947,position_absent_in_GWAS
LTBP2,GCST90011770,rs113811161:74980506:TCAAA:T,74513803,position_absent_in_GWAS
LTBP2,GCST90011770,14:74981955:ATTTT:A,74515252,position_absent_in_GWAS
LTBP2,GCST90011770,rs147745131:74983491:GT:G,74516788,position_absent_in_GWAS
LTBP2,GCST90011770,rs36111387:74987504:AAATG:A,74520801,position_absent_in_GWAS
LTBP2,GCST90011770,rs3837653:74988127:CCACAT:C,74521424,position_absent_in_GWAS
LTBP2,GCST90011770,rs369981475:75005207:GTTAGT:G,74538504,position_absent_in_GWAS
LTBP2,GCST90011770,14:75009472:A:AT,74542769,position_absent_in_GWAS
LTBP2,GCST90011770,rs202057022:75009806:GCACGGTGGTT:G,74543103,position_absent_in_GWAS
LTBP2,GCST90011770,rs3217475:75018742:GC:G,74552039,position_absent_in_GWAS
LTBP2,GCST90011770,rs199881481:75020718:AG:A,74554015,position_absent_in_GWAS
LTBP2,GCST90011770,rs3837652:75026351:CTG:C,74559648,position_absent_in_GWAS
LTBP2,GCST90011770,rs199951008:75029326:G:GA,74562623,position_absent_in_GWAS
LTBP2,GCST90011770,rs200535606:75032773:G:GT,74566070,position_absent_in_GWAS
LTBP2,GCST90011770,14:75039150:C:CT,74572447,position_absent_in_GWAS
LTBP2,GCST90011770,rs71449199:75062929:A:AAAATAAAT,74596226,position_absent_in_GWAS
LTBP2,GCST90011770,rs58210192:75063648:AG:A,74596945,position_absent_in_GWAS
LTBP2,GCST90011770,rs5809673:75075418:G:GA,74608715,position_absent_in_GWAS
LTBP2,GCST90011770,rs5809674:75075464:A:AGAAAT,74608761,position_absent_in_GWAS
LTBP2,GCST90011770,rs368319740:75079632:TTTTC:T,74612929,position_absent_in_GWAS
LTBP2,GCST90011770,rs377741002:75090257:CAA:C,74623554,position_absent_in_GWAS
LTBP2,GCST90011770,14:75093857:CA:C,74627154,position_absent_in_GWAS
LTBP2,GCST90011770,rs11361453:75094347:CA:C,74627644,position_absent_in_GWAS
LTBP2,GCST90011770,rs200920928:75106269:AAAAC:A,74639566,position_absent_in_GWAS
LTBP2,GCST90011770,rs146329221:75111593:CTTT:C,74644890,position_absent_in_GWAS
LTBP2,GCST90011770,rs11291765:75123642:TA:T,74656939,position_absent_in_GWAS
LTBP2,GCST90011770,rs34192596:75128308:GAA:G,74661605,position_absent_in_GWAS
LTBP2,GCST90011770,rs16661:75128316:A:C,74661613,position_absent_in_GWAS
LTBP2,GCST90011770,rs71449202:75133421:AT:A,74666718,position_absent_in_GWAS
LTBP2,GCST90011770,14:75138024:CTTTTTTTTTTTT:C,74671321,position_absent_in_GWAS
LTBP2,GCST90011770,rs71119311:75145398:CA:C,74678695,position_absent_in_GWAS
LTBP2,GCST90011770,rs141206776:75146547:TAATA:T,74679844,position_absent_in_GWAS
LTBP2,GCST90011770,rs36079107:75160878:AAAAT:A,74694175,position_absent_in_GWAS
LTBP2,GCST90011770,14:75161693:GA:G,74694990,position_absent_in_GWAS
LTBP2,GCST90011770,14:75165561:TA:T,74698858,position_absent_in_GWAS
LTBP2,GCST90011770,rs58161849:75171746:G:GT,74705043,position_absent_in_GWAS
LTBP2,GCST90011770,rs35181427:75174495:C:CA,74707792,position_absent_in_GWAS
LTBP2,GCST90011770,rs35901005:75181481:CA:C,74714778,position_absent_in_GWAS
LTBP2,GCST90011770,rs143512112:75183883:AC:A,74717180,position_absent_in_GWAS
LTBP2,GCST90011770,rs11396572:75190531:C:CA,74723828,position_absent_in_GWAS
LTBP2,GCST90011770,rs34861456:75191772:T:TA,74725069,position_absent_in_GWAS
LTBP2,GCST90011770,rs58398533:75193306:CT:C,74726603,position_absent_in_GWAS
LTBP2,GCST90011770,rs150479967:75198857:T:TTA,74732154,position_absent_in_GWAS
LTBP2,GCST90011770,rs3214408:75201071:TA:T,74734368,position_absent_in_GWAS
LTBP2,GCST90011770,rs71303897:75201222:T:TA,74734519,position_absent_in_GWAS
LTBP2,GCST90011770,rs5809677:75204694:CA:C,74737991,position_absent_in_GWAS
LTBP2,GCST90011770,rs34705212:75208521:CA:C,74741818,position_absent_in_GWAS
LTBP2,GCST90011770,rs148323132:75213205:ATATCC:A,74746502,position_absent_in_GWAS
LTBP2,GCST90011770,rs61531232:75213283:CT:C,74746580,position_absent_in_GWAS
LTBP2,GCST90011770,rs34464875:75215224:C:CA,74748521,position_absent_in_GWAS
LTBP2,GCST90011770,rs375326155:75216600:TTTTTGTTTTGTTTTG:T,74749897,position_absent_in_GWAS
LTBP2,GCST90011770,rs35781097:75224141:CA:C,74757438,position_absent_in_GWAS
LTBP2,GCST90011770,rs201124850:75225369:CAAATAAAT:C,74758666,position_absent_in_GWAS
LTBP2,GCST90011770,rs34253239:75228486:CT:C,74761783,position_absent_in_GWAS
LTBP2,GCST90011770,rs34503309:75236290:A:AT,74769587,position_absent_in_GWAS
LTBP2,GCST90011770,rs201030717:75236557:CCCCCCCCCG:C,74769854,position_absent_in_GWAS
LTBP2,GCST90011770,14:75238920:CT:C,74772217,position_absent_in_GWAS
LTBP2,GCST90011770,rs36010497:75241230:TC:T,74774527,position_absent_in_GWAS
LTBP2,GCST90011770,rs35237469:75241506:CA:C,74774803,position_absent_in_GWAS
LTBP2,GCST90011770,rs138962436:75242832:GT:G,74776129,position_absent_in_GWAS
LTBP2,GCST90011770,rs138166786:75244677:C:CA,74777974,position_absent_in_GWAS
LTBP2,GCST90011770,rs10707814:75253064:CA:C,74786361,position_absent_in_GWAS
LTBP2,GCST90011770,rs75017235:75254820:CT:C,74788117,position_absent_in_GWAS
LTBP2,GCST90011770,rs57279878:75261302:C:CT,74794599,position_absent_in_GWAS
LTBP2,GCST90011770,rs138774247:75261467:TAC:T,74794764,position_absent_in_GWAS
LTBP2,GCST90011770,rs58158508:75261660:TG:T,74794957,position_absent_in_GWAS
LTBP2,GCST90011770,rs34503917:75268920:CA:C,74802217,position_absent_in_GWAS
LTBP2,GCST90011770,rs138718009:75271114:ACCATTGCTTGCTACT:A,74804411,position_absent_in_GWAS
LTBP2,GCST90011770,14:75272407:CT:C,74805704,position_absent_in_GWAS
LTBP2,GCST90011770,rs60143650:75272572:AT:A,74805869,position_absent_in_GWAS
LTBP2,GCST90011770,rs148417567:75277423:TTTA:T,74810720,position_absent_in_GWAS
LTBP2,GCST90011770,rs5809679:75282873:AT:A,74816170,position_absent_in_GWAS
LTBP2,GCST90011770,rs199631116:75284758:C:CA,74818055,position_absent_in_GWAS
LTBP2,GCST90011770,rs139072553:75285614:CTGTT:C,74818911,position_absent_in_GWAS
LTBP2,GCST90011770,rs71932018:75289548:GATA:G,74822845,position_absent_in_GWAS
LTBP2,GCST90011770,rs35622588:75300886:TA:T,74834183,position_absent_in_GWAS
LTBP2,GCST90011770,rs199949839:75304977:C:CT,74838274,position_absent_in_GWAS
LTBP2,GCST90011770,rs201995772:75312197:C:CA,74845494,position_absent_in_GWAS
LTBP2,GCST90011770,rs143130721:75315409:AATCTT:A,74848706,position_absent_in_GWAS
LTBP2,GCST90011770,rs60979977:75316023:TAAATAAAAAAA:T,74849320,position_absent_in_GWAS
LTBP2,GCST90011770,rs56309042:75316882:CAA:C,74850179,position_absent_in_GWAS
LTBP2,GCST90011770,rs11335240:75317089:CT:C,74850386,position_absent_in_GWAS
LTBP2,GCST90011770,rs147024588:75325481:T:TTGTG,74858778,position_absent_in_GWAS
LTBP2,GCST90011770,rs367557046:75325545:TTGTG:T,74858842,position_absent_in_GWAS
LTBP2,GCST90011770,rs11346049:75327075:CA:C,74860372,position_absent_in_GWAS
LTBP2,GCST90011770,rs72148999:75328932:GTC:G,74862229,position_absent_in_GWAS
LTBP2,GCST90011770,rs200511111:75331865:G:GA,74865162,position_absent_in_GWAS
LTBP2,GCST90011770,rs34902627:75335538:CA:C,74868835,position_absent_in_GWAS
LTBP2,GCST90011770,14:75335983:CTT:C,74869280,position_absent_in_GWAS
LTBP2,GCST90011770,rs11388832:75336966:C:CA,74870263,position_absent_in_GWAS
LTBP2,GCST90011770,rs67622010:75337127:CA:C,74870424,position_absent_in_GWAS
LTBP2,GCST90011770,14:75340954:GTT:G,74874251,position_absent_in_GWAS
LTBP2,GCST90011770,rs34311445:75343813:CA:C,74877110,position_absent_in_GWAS
LTBP2,GCST90011770,rs201391764:75344192:C:CA,74877489,position_absent_in_GWAS
LTBP2,GCST90011770,rs58707063:75345371:AGTGT:A,74878668,position_absent_in_GWAS
LTBP2,GCST90011770,14:75346892:C:CT,74880189,position_absent_in_GWAS
LTBP2,GCST90011770,rs72245024:75348126:C:CT,74881423,position_absent_in_GWAS
LTBP2,GCST90011770,rs55729619:75354977:GT:G,74888274,position_absent_in_GWAS
LTBP2,GCST90011770,rs57898381:75355767:TA:T,74889064,position_absent_in_GWAS
LTBP2,GCST90011770,14:75356070:AT:A,74889367,position_absent_in_GWAS
LTBP2,GCST90011770,rs5809682:75356799:T:TA,74890096,position_absent_in_GWAS
LTBP2,GCST90011770,rs3081752:75356827:CT:C,74890124,position_absent_in_GWAS
LTBP2,GCST90011770,rs201992318:75359215:GT:G,74892512,position_absent_in_GWAS
LTBP2,GCST90011770,rs58288168:75359757:ACT:A,74893054,position_absent_in_GWAS
LTBP2,GCST90011770,rs138664705:75367594:ATTC:A,74900891,position_absent_in_GWAS
LTBP2,GCST90011770,rs11325303:75368547:AT:A,74901844,position_absent_in_GWAS
LTBP2,GCST90011770,14:75368863:G:T,74902160,position_absent_in_GWAS
LTBP2,GCST90011770,rs10536168:75372084:CTG:C,74905381,position_absent_in_GWAS
LTBP2,GCST90011770,14:75373112:T:TGGG,74906409,position_absent_in_GWAS
LTBP2,GCST90011770,rs112024638:75377144:GA:G,74910441,position_absent_in_GWAS
LTBP2,GCST90011770,rs71897309:75390180:GCAGGTCTAGAATCATC:G,74923477,position_absent_in_GWAS
LTBP2,GCST90011770,rs140653412:75393606:AT:A,74926903,position_absent_in_GWAS
LTBP2,GCST90011770,rs55906517:75396955:C:CT,74930252,position_absent_in_GWAS
LTBP2,GCST90011770,rs11304993:75399002:TA:T,74932299,position_absent_in_GWAS
LTBP2,GCST90011770,rs141061319:75400613:AT:A,74933910,position_absent_in_GWAS
LTBP2,GCST90011770,rs36003084:75402674:A:AT,74935971,position_absent_in_GWAS
LTBP2,GCST90011770,rs55850304:75404114:C:CT,74937411,position_absent_in_GWAS
LTBP2,GCST90011770,rs5809686:75407250:GACACAGAC:G,74940547,position_absent_in_GWAS
LTBP2,GCST90011770,rs58701358:75410784:A:AT,74944081,position_absent_in_GWAS
LTBP2,GCST90011770,rs5809688:75411625:CT:C,74944922,position_absent_in_GWAS
LTBP2,GCST90011770,rs33954784:75430911:TC:T,74964208,position_absent_in_GWAS
LTBP2,GCST90011770,14:75434957:T:TAAA,74968254,position_absent_in_GWAS
LTBP2,GCST90011770,rs79107045:75444711:TC:T,74978008,position_absent_in_GWAS
LTBP2,GCST90011770,rs57323464:75448527:CT:C,74981824,position_absent_in_GWAS
LTBP2,GCST90011770,rs56239186:75450065:T:TA,74983362,position_absent_in_GWAS
LTBP2,GCST90011770,14:75456747:C:CAAAAA,74990044,position_absent_in_GWAS
LTBP2,GCST90011770,rs34986025:75457452:C:CT,74990749,position_absent_in_GWAS
LTBP2,GCST90011770,rs140091697:75464458:TAA:T,74997755,position_absent_in_GWAS
LTBP2,GCST90011770,rs34675328:75471177:TGAGACCAG:T,75004474,position_absent_in_GWAS
LTBP2,GCST90011770,rs2307511:75474784:TATAGACAA:T,75008081,position_absent_in_GWAS
LTBP2,GCST90011770,rs66516707:75476461:TGA:T,75009758,position_absent_in_GWAS
LTBP2,GCST90011770,rs5809689:75482443:AG:A,75015740,position_absent_in_GWAS
LTBP2,GCST90011770,rs56375606:75484678:GTC:G,75017975,position_absent_in_GWAS
LTBP2,GCST90011770,rs5809691:75484855:C:CA,75018152,position_absent_in_GWAS
LTBP2,GCST90011770,rs35881732:75487568:C:CATT,75020865,position_absent_in_GWAS
LTBP2,GCST90011770,rs34129769:75495119:AT:A,75028416,position_absent_in_GWAS
LTBP2,GCST90011770,rs35978930:75496687:CA:C,75029984,position_absent_in_GWAS
LTBP2,GCST90011770,rs56995931:75500894:TA:T,75034191,position_absent_in_GWAS
LTBP2,GCST90011770,rs5809692:75503759:G:GA,75037056,position_absent_in_GWAS
LTBP2,GCST90011770,14:75506557:TATATATATATATA:T,75039854,position_absent_in_GWAS
LTBP2,GCST90011770,rs151015271:75506891:ACCTGTAATCTCAG:A,75040188,position_absent_in_GWAS
LTBP2,GCST90011770,rs11309437:75518640:CT:C,75051937,position_absent_in_GWAS
LTBP2,GCST90011770,14:75529362:CAAA:C,75062659,position_absent_in_GWAS
LTBP2,GCST90011770,rs144010513:75532422:TC:T,75065719,position_absent_in_GWAS
LTBP2,GCST90011770,rs67397772:75543464:CTAAG:C,75076761,position_absent_in_GWAS
LTBP2,GCST90011770,rs66560922:75545918:CA:C,75079215,position_absent_in_GWAS
LTBP2,GCST90011770,rs149123282:75552890:AAAAAAT:A,75086187,position_absent_in_GWAS
LTBP2,GCST90011770,14:75556980:CT:C,75090277,position_absent_in_GWAS
LTBP2,GCST90011770,rs113097149:75558975:A:AT,75092272,position_absent_in_GWAS
LTBP2,GCST90011770,14:75562979:CAAAA:C,75096276,position_absent_in_GWAS
LTBP2,GCST90011770,rs35432461:75563532:C:CA,75096829,position_absent_in_GWAS
LTBP2,GCST90011770,rs11446568:75566485:C:CA,75099782,position_absent_in_GWAS
LTBP2,GCST90011770,rs35499335:75569216:G:GT,75102513,position_absent_in_GWAS
LTBP2,GCST90011770,rs56719668:75571191:C:CT,75104488,position_absent_in_GWAS
LTBP2,GCST90011770,rs10632881:75581817:T:TACAC,75115114,position_absent_in_GWAS
LTBP2,GCST90011770,rs374021221:75590107:CAAA:C,75123404,position_absent_in_GWAS
LTBP2,GCST90011770,rs34921975:75591478:CT:C,75124775,position_absent_in_GWAS
LTBP2,GCST90011770,rs113303427:75591641:AT:A,75124938,position_absent_in_GWAS
LTBP2,GCST90011770,rs55959885:75596037:AG:A,75129334,position_absent_in_GWAS
LTBP2,GCST90011770,rs368437388:75604411:CT:C,75137708,position_absent_in_GWAS
LTBP2,GCST90011770,rs145288922:75606313:TG:T,75139610,position_absent_in_GWAS
LTBP2,GCST90011770,rs5809695:75610636:C:CA,75143933,position_absent_in_GWAS
LTBP2,GCST90011770,rs35810783:75613611:C:CAGAT,75146908,position_absent_in_GWAS
LTBP2,GCST90011770,rs76033420:75616540:GCT:G,75149837,position_absent_in_GWAS
LTBP2,GCST90011770,rs369868350:75616548:CTGT:C,75149845,position_absent_in_GWAS
LTBP2,GCST90011770,rs78523802:75620940:CA:C,75154237,position_absent_in_GWAS
LTBP2,GCST90011770,rs148563522:75623619:A:AAAAAG,75156916,position_absent_in_GWAS
LTBP2,GCST90011770,rs76416253:75624345:CAT:C,75157642,position_absent_in_GWAS
LTBP2,GCST90011770,rs76379942:75628199:AG:A,75161496,position_absent_in_GWAS
LTBP2,GCST90011770,rs35308116:75633642:CT:C,75166939,position_absent_in_GWAS
LTBP2,GCST90011770,rs147990412:75637899:GGAA:G,75171196,position_absent_in_GWAS
LTBP2,GCST90011770,rs11366602:75644857:GT:G,75178154,position_absent_in_GWAS
LTBP2,GCST90011770,rs34903218:75649790:T:TA,75183087,position_absent_in_GWAS
LTBP2,GCST90011770,rs11351733:75654929:AC:A,75188226,position_absent_in_GWAS
LTBP2,GCST90011770,rs10593937:75662679:CTGAG:C,75195976,position_absent_in_GWAS
LTBP2,GCST90011770,rs145732009:75666563:TTTG:T,75199860,position_absent_in_GWAS
LTBP2,GCST90011770,rs112371094:75668789:CT:C,75202086,position_absent_in_GWAS
LTBP2,GCST90011770,rs34796348:75669750:G:GT,75203047,position_absent_in_GWAS
LTBP2,GCST90011770,rs113963248:75670358:TA:T,75203655,position_absent_in_GWAS
LTBP2,GCST90011770,rs199512633:75670739:CATCTT:C,75204036,position_absent_in_GWAS
LTBP2,GCST90011770,rs11335433:75675910:CT:C,75209207,position_absent_in_GWAS
LTBP2,GCST90011770,rs75732983:75677669:C:G,75210966,position_absent_in_GWAS
LTBP2,GCST90011770,rs201105776:75678968:C:CA,75212265,position_absent_in_GWAS
LTBP2,GCST90011770,rs61617176:75678978:G:GA,75212275,position_absent_in_GWAS
LTBP2,GCST90011770,rs113752059:75680350:C:CT,75213647,position_absent_in_GWAS
LTBP2,GCST90011770,rs34360074:75687309:CAAAG:C,75220606,position_absent_in_GWAS
LTBP2,GCST90011770,rs57284265:75689806:AT:A,75223103,position_absent_in_GWAS
LTBP2,GCST90011770,rs111253226:75692319:C:CA,75225616,position_absent_in_GWAS
LTBP2,GCST90011770,rs202006956:75701903:AT:A,75235200,position_absent_in_GWAS
LTBP2,GCST90011770,rs113668738:75702084:CA:C,75235381,position_absent_in_GWAS
LTBP2,GCST90011770,rs111843691:75705194:T:TA,75238491,position_absent_in_GWAS
LTBP2,GCST90011770,rs34741974:75706345:AT:A,75239642,position_absent_in_GWAS
LTBP2,GCST90011770,rs5809699:75713098:CA:C,75246395,position_absent_in_GWAS
LTBP2,GCST90011770,rs113844849:75715655:C:CA,75248952,position_absent_in_GWAS
LTBP2,GCST90011770,rs57290969:75717439:G:GA,75250736,position_absent_in_GWAS
LTBP2,GCST90011770,rs67204041:75718772:CAT:C,75252069,position_absent_in_GWAS
LTBP2,GCST90011770,rs145023521:75722081:AAAAG:A,75255378,position_absent_in_GWAS
LTBP2,GCST90011770,rs151175216:75725029:ACT:A,75258326,position_absent_in_GWAS
LTBP2,GCST90011770,rs77752202:75730370:CAAAAAAAAA:C,75263667,position_absent_in_GWAS
LTBP2,GCST90011770,rs4026017:75740642:TGGG:T,75273939,position_absent_in_GWAS
LTBP2,GCST90011770,rs3216792:75747407:AG:A,75280704,position_absent_in_GWAS
LTBP2,GCST90011770,14:75750890:CAAA:C,75284187,position_absent_in_GWAS
LTBP2,GCST90011770,rs10548721:75753001:AAGAG:A,75286298,position_absent_in_GWAS
LTBP2,GCST90011770,14:75753071:CA:C,75286368,position_absent_in_GWAS
LTBP2,GCST90011770,rs139324711:75759347:TAA:T,75292644,position_absent_in_GWAS
LTBP2,GCST90011770,rs58802026:75760034:A:AAC,75293331,position_absent_in_GWAS
LTBP2,GCST90011770,rs11435136:75766315:G:GA,75299612,position_absent_in_GWAS
LTBP2,GCST90011770,rs368422989:75769355:CT:C,75302652,position_absent_in_GWAS
LTBP2,GCST90011770,rs60454234:75771016:GA:G,75304313,position_absent_in_GWAS
LTBP2,GCST90011770,rs55884442:75771221:C:CT,75304518,position_absent_in_GWAS
LTBP2,GCST90011770,14:75771947:G:C,75305244,position_absent_in_GWAS
LTBP2,GCST90011770,rs79803796:75775218:TAG:T,75308515,position_absent_in_GWAS
LTBP2,GCST90011770,rs149349578:75775607:ATC:A,75308904,position_absent_in_GWAS
LTBP2,GCST90011770,rs139701411:75775623:CTCCTT:C,75308920,position_absent_in_GWAS
LTBP2,GCST90011770,rs57225898:75778835:AT:A,75312132,position_absent_in_GWAS
LTBP2,GCST90011770,rs11285189:75781208:CT:C,75314505,position_absent_in_GWAS
LTBP2,GCST90011770,rs201277279:75783095:G:GA,75316392,position_absent_in_GWAS
LTBP2,GCST90011770,rs67390988:75784741:AT:A,75318038,position_absent_in_GWAS
LTBP2,GCST90011770,rs35255022:75788041:ACTCT:A,75321338,position_absent_in_GWAS
LTBP2,GCST90011770,rs72296115:75788110:AT:A,75321407,position_absent_in_GWAS
LTBP2,GCST90011770,14:75792496:CTATTTTATTTTATTTTATTTTATTT:C,75325793,position_absent_in_GWAS
LTBP2,GCST90011770,rs34890289:75794536:TA:T,75327833,position_absent_in_GWAS
LTBP2,GCST90011770,rs149918954:75795404:GCCTCTCCCATCC:G,75328701,position_absent_in_GWAS
LTBP2,GCST90011770,rs34134739:75796828:C:CA,75330125,position_absent_in_GWAS
LTBP2,GCST90011770,rs368213190:75800107:TTTTC:T,75333404,position_absent_in_GWAS
LTBP2,GCST90011770,rs200478554:75800559:GGA:G,75333856,position_absent_in_GWAS
LTBP2,GCST90011770,rs71119359:75804183:T:TA,75337480,position_absent_in_GWAS
LTBP2,GCST90011770,rs66507860:75804855:AG:A,75338152,position_absent_in_GWAS
LTBP2,GCST90011770,rs1882833:75804856:G:A,75338153,position_absent_in_GWAS
LTBP2,GCST90011770,rs147592271:75810248:AC:A,75343545,position_absent_in_GWAS
LTBP2,GCST90011770,rs10707079:75811967:AT:A,75345264,position_absent_in_GWAS
LTBP2,GCST90011770,rs75573516:75822084:CTG:C,75355381,position_absent_in_GWAS
LTBP2,GCST90011770,rs78355014:75822371:AT:A,75355668,position_absent_in_GWAS
LTBP2,GCST90011770,rs138708205:75822424:AATAC:A,75355721,position_absent_in_GWAS
LTBP2,GCST90011770,rs35408085:75825226:CT:C,75358523,position_absent_in_GWAS
LTBP2,GCST90011770,rs35623518:75825458:CT:C,75358755,position_absent_in_GWAS
LTBP2,GCST90011770,rs34291029:75835778:C:CT,75369075,position_absent_in_GWAS
LTBP2,GCST90011770,rs139948389:75838621:AAAT:A,75371918,position_absent_in_GWAS
LTBP2,GCST90011770,rs34970808:75844713:CT:C,75378010,position_absent_in_GWAS
LTBP2,GCST90011770,rs145186912:75846551:GA:G,75379848,position_absent_in_GWAS
LTBP2,GCST90011770,rs33964417:75848193:TA:T,75381490,position_absent_in_GWAS
LTBP2,GCST90011770,rs34638224:75848965:AT:A,75382262,position_absent_in_GWAS
LTBP2,GCST90011770,rs34555998:75852291:CA:C,75385588,position_absent_in_GWAS
LTBP2,GCST90011770,rs56070995:75863675:TAA:T,75396972,position_absent_in_GWAS
LTBP2,GCST90011770,rs34930581:75863773:GA:G,75397070,position_absent_in_GWAS
LTBP2,GCST90011770,rs201237222:75864822:A:AT,75398119,position_absent_in_GWAS
LTBP2,GCST90011770,rs368026981:75864904:AAAAAAAAAGAG:A,75398201,position_absent_in_GWAS
LTBP2,GCST90011770,rs34695694:75866789:AT:A,75400086,position_absent_in_GWAS
LTBP2,GCST90011770,rs11296931:75872323:CA:C,75405620,position_absent_in_GWAS
LTBP2,GCST90011770,rs78050098:75873359:T:TTC,75406656,position_absent_in_GWAS
LTBP2,GCST90011770,rs34775832:75874266:C:CT,75407563,position_absent_in_GWAS
LTBP2,GCST90011770,rs58736488:75874699:CAAAAAAAAAA:C,75407996,position_absent_in_GWAS
LTBP2,GCST90011770,rs201241015:75875245:T:TA,75408542,position_absent_in_GWAS
LTBP2,GCST90011770,rs140721010:75879577:TG:T,75412874,position_absent_in_GWAS
LTBP2,GCST90011770,rs11343314:75883593:TC:T,75416890,position_absent_in_GWAS
LTBP2,GCST90011770,rs11440462:75884097:G:GA,75417394,position_absent_in_GWAS
LTBP2,GCST90011770,rs55774466:75884896:ATTTG:A,75418193,position_absent_in_GWAS
LTBP2,GCST90011770,rs72407516:75885636:TTGAA:T,75418933,position_absent_in_GWAS
LTBP2,GCST90011770,rs34592704:75886127:CA:C,75419424,position_absent_in_GWAS
LTBP2,GCST90011770,rs34393267:75902941:TG:T,75436238,position_absent_in_GWAS
LTBP2,GCST90011770,rs11302124:75903875:CA:C,75437172,position_absent_in_GWAS
LTBP2,GCST90011770,rs11409834:75910612:A:AT,75443909,position_absent_in_GWAS
LTBP2,GCST90011770,rs34492646:75914312:GC:G,75447609,position_absent_in_GWAS
LTBP2,GCST90011770,rs35602019:75932741:TA:T,75466038,position_absent_in_GWAS
LTBP2,GCST90011770,rs35536778:75948969:C:CAATA,75482266,position_absent_in_GWAS
LTBP2,GCST90011770,rs370239599:75953233:AAAG:A,75486530,position_absent_in_GWAS
LTBP2,GCST90011770,rs148650469:75954573:TTTG:T,75488230,position_absent_in_GWAS
LTBP2,GCST90011770,14:75954937:A:AGTATAT,75488594,position_absent_in_GWAS
LTBP2,GCST90011770,14:75959059:A:AAAAG,75492716,position_absent_in_GWAS
LTBP2,GCST90011770,rs67416621:75960750:CTT:C,75494407,position_absent_in_GWAS
LTBP2,GCST90011770,rs11384266:75965654:C:CT,75499311,position_absent_in_GWAS
LTBP2,GCST90011770,rs372225721:75969725:CT:C,75503382,position_absent_in_GWAS
LTBP2,GCST90011770,rs369502679:75969879:TTTTTCTTTTC:T,75503536,position_absent_in_GWAS
LTBP2,GCST90011770,rs5809710:75971201:CAT:C,75504858,position_absent_in_GWAS
LTBP2,GCST90011770,rs144103246:75975425:TTGA:T,75509082,position_absent_in_GWAS
LTBP2,GCST90011770,rs71119374:75983650:CCT:C,75517307,position_absent_in_GWAS
LTBP2,GCST90011770,rs34162352:75984071:C:CT,75517728,position_absent_in_GWAS
LTBP2,GCST90011770,rs5809713:75988109:T:TTTC,75521766,position_absent_in_GWAS
LTBP2,GCST90011770,14:75996404:CA:C,75530061,position_absent_in_GWAS
LTBP2,GCST90011770,rs142263347:76003382:GTTC:G,75537039,position_absent_in_GWAS
LTBP2,GCST90011770,rs147049789:76009805:A:AC,75543462,position_absent_in_GWAS
LTBP2,GCST90011770,14:76010171:C:CA,75543828,position_absent_in_GWAS
LTBP2,GCST90011770,rs60729859:76013520:GTCTCCTTCTCCT:G,75547177,position_absent_in_GWAS
LTBP2,GCST90011770,rs144252728:76016340:TTC:T,75549997,position_absent_in_GWAS
LTBP2,GCST90011770,rs149545562:76019779:ATT:A,75553436,position_absent_in_GWAS
LTBP2,GCST90011770,14:76022011:CT:C,75555668,position_absent_in_GWAS
LTBP2,GCST90011770,rs71303888:76024437:AT:A,75558094,position_absent_in_GWAS
LTBP2,GCST90011770,rs72166004:76025929:CCTT:C,75559586,position_absent_in_GWAS
LTBP2,GCST90011770,14:76029252:CT:C,75562909,position_absent_in_GWAS
LTBP2,GCST90011770,rs34634673:76041228:G:GT,75574885,position_absent_in_GWAS
LTBP2,GCST90011770,rs148092740:76045193:GTC:G,75578850,position_absent_in_GWAS
LTBP2,GCST90011770,rs59485467:76063634:AAAG:A,75597291,position_absent_in_GWAS
LTBP2,GCST90011770,rs149988837:76063920:C:CT,75597577,position_absent_in_GWAS
LTBP2,GCST90011770,rs35898436:76067219:CA:C,75600876,position_absent_in_GWAS
LTBP2,GCST90011770,rs11306197:76070905:TA:T,75604562,position_absent_in_GWAS
LTBP2,GCST90011770,rs140729219:76078526:GCA:G,75612183,position_absent_in_GWAS
YLPM1,GCST90011766,rs59819061:74235214:CTTTTTTTT:C,73768511,position_absent_in_GWAS
YLPM1,GCST90011766,rs71460918:74236292:T:TTTTTG,73769589,position_absent_in_GWAS
YLPM1,GCST90011766,rs57653729:74236616:TG:T,73769913,position_absent_in_GWAS
YLPM1,GCST90011766,rs150185844:74239540:TTTG:T,73772837,position_absent_in_GWAS
YLPM1,GCST90011766,rs35223288:74248264:CCT:C,73781561,position_absent_in_GWAS
YLPM1,GCST90011766,rs146806755:74254599:TAG:T,73787896,position_absent_in_GWAS
YLPM1,GCST90011766,rs34093953:74258238:GTAA:G,73791535,position_absent_in_GWAS
YLPM1,GCST90011766,rs201541691:74260176:C:CA,73793473,position_absent_in_GWAS
YLPM1,GCST90011766,rs66461070:74263978:CA:C,73797275,position_absent_in_GWAS
YLPM1,GCST90011766,rs56352049:74265306:TA:T,73798603,position_absent_in_GWAS
YLPM1,GCST90011766,rs35887597:74265691:TA:T,73798988,position_absent_in_GWAS
YLPM1,GCST90011766,rs371090029:74267124:CA:C,73800421,position_absent_in_GWAS
YLPM1,GCST90011766,rs71460924:74270310:T:TA,73803607,position_absent_in_GWAS
YLPM1,GCST90011766,rs34461029:74272792:CA:C,73806089,position_absent_in_GWAS
YLPM1,GCST90011766,14:74274844:CT:C,73808141,position_absent_in_GWAS
YLPM1,GCST90011766,rs56258737:74278762:C:CA,73812059,position_absent_in_GWAS
YLPM1,GCST90011766,rs36004173:74280699:TA:T,73813996,position_absent_in_GWAS
YLPM1,GCST90011766,14:74281714:C:CA,73815011,position_absent_in_GWAS
YLPM1,GCST90011766,rs72302283:74283064:GGAGA:G,73816361,position_absent_in_GWAS
YLPM1,GCST90011766,rs139609064:74284920:GC:G,73818217,position_absent_in_GWAS
YLPM1,GCST90011766,rs375416968:74285266:TA:T,73818563,position_absent_in_GWAS
YLPM1,GCST90011766,14:74285980:CT:C,73819277,position_absent_in_GWAS
YLPM1,GCST90011766,14:74286463:CA:C,73819760,position_absent_in_GWAS
YLPM1,GCST90011766,rs34270929:74288951:CT:C,73822248,position_absent_in_GWAS
YLPM1,GCST90011766,rs11439716:74290781:C:CT,73824078,position_absent_in_GWAS
YLPM1,GCST90011766,rs10616022:74291116:AAGAC:A,73824413,position_absent_in_GWAS
YLPM1,GCST90011766,rs35244712:74292444:TAA:T,73825741,position_absent_in_GWAS
YLPM1,GCST90011766,rs141229211:74292904:AG:A,73826201,position_absent_in_GWAS
YLPM1,GCST90011766,rs201733568:74294642:C:CT,73827939,position_absent_in_GWAS
YLPM1,GCST90011766,14:74294643:C:CAT,73827940,position_absent_in_GWAS
YLPM1,GCST90011766,rs200841037:74294644:G:GC,73827941,position_absent_in_GWAS
YLPM1,GCST90011766,rs201037083:74294908:TATATAC:T,73828205,position_absent_in_GWAS
YLPM1,GCST90011766,rs142964019:74295081:TCTGA:T,73828378,position_absent_in_GWAS
YLPM1,GCST90011766,rs201327034:74297613:TTTC:T,73830910,position_absent_in_GWAS
YLPM1,GCST90011766,rs11424982:74300164:C:CT,73833461,position_absent_in_GWAS
YLPM1,GCST90011766,rs375607491:74301665:TTA:T,73834962,position_absent_in_GWAS
YLPM1,GCST90011766,rs11409207:74304490:A:AT,73837787,position_absent_in_GWAS
YLPM1,GCST90011766,rs142598223:74305009:CT:C,73838306,position_absent_in_GWAS
YLPM1,GCST90011766,rs145857052:74306627:C:CT,73839924,position_absent_in_GWAS
YLPM1,GCST90011766,rs202173357:74307097:CA:C,73840394,position_absent_in_GWAS
YLPM1,GCST90011766,rs58805214:74308515:ATGTTTT:A,73841812,position_absent_in_GWAS
YLPM1,GCST90011766,rs3076694:74310270:C:CCCCT,73843567,position_absent_in_GWAS
YLPM1,GCST90011766,14:74310885:CA:C,73844182,position_absent_in_GWAS
YLPM1,GCST90011766,rs58789771:74311607:AT:A,73844904,position_absent_in_GWAS
YLPM1,GCST90011766,rs56364415:74311904:AT:A,73845201,position_absent_in_GWAS
YLPM1,GCST90011766,rs56371410:74312919:CAA:C,73846216,position_absent_in_GWAS
YLPM1,GCST90011766,rs372660914:74314670:ATTTTTTTTTTTTTTTTTTTTT:A,73847967,position_absent_in_GWAS
YLPM1,GCST90011766,rs60352417:74316664:CAAAAAAAAAAAA:C,73849961,position_absent_in_GWAS
YLPM1,GCST90011766,rs11292350:74320051:GT:G,73853348,position_absent_in_GWAS
YLPM1,GCST90011766,rs34887856:74323116:A:AT,73856413,position_absent_in_GWAS
YLPM1,GCST90011766,rs143781299:74323820:CAG:C,73857117,position_absent_in_GWAS
YLPM1,GCST90011766,rs35564304:74325016:GA:G,73858313,position_absent_in_GWAS
YLPM1,GCST90011766,rs5809632:74326487:TA:T,73859784,position_absent_in_GWAS
YLPM1,GCST90011766,rs35206130:74326568:G:GT,73859865,position_absent_in_GWAS
YLPM1,GCST90011766,14:74333791:CAAAA:C,73867088,position_absent_in_GWAS
YLPM1,GCST90011766,rs35088714:74334205:TA:T,73867502,position_absent_in_GWAS
YLPM1,GCST90011766,rs34798468:74336276:CA:C,73869573,position_absent_in_GWAS
YLPM1,GCST90011766,14:74336896:C:CT,73870193,position_absent_in_GWAS
YLPM1,GCST90011766,rs140534483:74340021:AAAAG:A,73873318,position_absent_in_GWAS
YLPM1,GCST90011766,rs373183552:74340168:CT:C,73873465,position_absent_in_GWAS
YLPM1,GCST90011766,rs202193452:74342441:CT:C,73875738,position_absent_in_GWAS
YLPM1,GCST90011766,rs150196513:74343979:AT:A,73877276,position_absent_in_GWAS
YLPM1,GCST90011766,rs112355112:74347121:CA:C,73880418,position_absent_in_GWAS
YLPM1,GCST90011766,rs111478120:74350063:CT:C,73883360,position_absent_in_GWAS
YLPM1,GCST90011766,rs66810906:74356513:TTC:T,73889810,position_absent_in_GWAS
YLPM1,GCST90011766,rs34857294:74357794:CT:C,73891091,position_absent_in_GWAS
YLPM1,GCST90011766,rs140665239:74358703:CCT:C,73892000,position_absent_in_GWAS
YLPM1,GCST90011766,rs34199208:74362244:T:TA,73895541,position_absent_in_GWAS
YLPM1,GCST90011766,14:74364674:CA:C,73897971,position_absent_in_GWAS
YLPM1,GCST90011766,rs75896997:74365332:GT:G,73898629,position_absent_in_GWAS
YLPM1,GCST90011766,rs201313257:74368773:GT:G,73902070,position_absent_in_GWAS
YLPM1,GCST90011766,rs35370876:74371467:TA:T,73904764,position_absent_in_GWAS
YLPM1,GCST90011766,rs369772096:74373011:CT:C,73906308,position_absent_in_GWAS
YLPM1,GCST90011766,rs201352270:74375551:T:G,73908848,position_absent_in_GWAS
YLPM1,GCST90011766,rs371940267:74376310:TG:T,73909607,position_absent_in_GWAS
YLPM1,GCST90011766,rs34162465:74378872:CT:C,73912169,position_absent_in_GWAS
YLPM1,GCST90011766,rs113148965:74379013:CA:C,73912310,position_absent_in_GWAS
YLPM1,GCST90011766,rs371094338:74379573:CT:C,73912870,position_absent_in_GWAS
YLPM1,GCST90011766,rs112532996:74379752:AT:A,73913049,position_absent_in_GWAS
YLPM1,GCST90011766,rs199555385:74381964:C:CA,73915261,position_absent_in_GWAS
YLPM1,GCST90011766,rs34020079:74383513:CAA:C,73916810,position_absent_in_GWAS
YLPM1,GCST90011766,rs34270029:74383664:CAG:C,73916961,position_absent_in_GWAS
YLPM1,GCST90011766,rs71305806:74391386:C:CT,73924683,position_absent_in_GWAS
YLPM1,GCST90011766,rs58959688:74392136:CT:C,73925433,position_absent_in_GWAS
YLPM1,GCST90011766,rs34942142:74393444:TG:T,73926741,position_absent_in_GWAS
YLPM1,GCST90011766,rs11461357:74394535:A:AT,73927832,position_absent_in_GWAS
YLPM1,GCST90011766,rs11452149:74396516:T:TA,73929813,position_absent_in_GWAS
YLPM1,GCST90011766,rs11421857:74402251:T:TA,73935548,position_absent_in_GWAS
YLPM1,GCST90011766,rs200473639:74403777:CAT:C,73937074,position_absent_in_GWAS
YLPM1,GCST90011766,rs5809637:74403798:GA:G,73937095,position_absent_in_GWAS
YLPM1,GCST90011766,14:74407811:CTT:C,73941108,position_absent_in_GWAS
YLPM1,GCST90011766,rs60789767:74414088:C:CA,73947385,position_absent_in_GWAS
YLPM1,GCST90011766,rs60171220:74414628:AT:A,73947925,position_absent_in_GWAS
YLPM1,GCST90011766,rs35341495:74416222:A:AT,73949519,position_absent_in_GWAS
YLPM1,GCST90011766,rs148549829:74416403:TTTCTC:T,73949700,position_absent_in_GWAS
YLPM1,GCST90011766,rs149145286:74418078:CTT:C,73951375,position_absent_in_GWAS
YLPM1,GCST90011766,rs143983947:74420524:ATGT:A,73953821,position_absent_in_GWAS
YLPM1,GCST90011766,14:74421657:AT:A,73954954,position_absent_in_GWAS
YLPM1,GCST90011766,rs143222231:74423356:ATCCACTT:A,73956653,position_absent_in_GWAS
YLPM1,GCST90011766,rs141459361:74429264:G:GA,73962561,position_absent_in_GWAS
YLPM1,GCST90011766,rs57794133:74429409:TTA:T,73962706,position_absent_in_GWAS
YLPM1,GCST90011766,14:74434502:CAA:C,73967799,position_absent_in_GWAS
YLPM1,GCST90011766,rs139171971:74436002:CAG:C,73969299,position_absent_in_GWAS
YLPM1,GCST90011766,rs113156308:74437865:GT:G,73971162,position_absent_in_GWAS
YLPM1,GCST90011766,rs11320515:74439382:TA:T,73972679,position_absent_in_GWAS
YLPM1,GCST90011766,14:74442106:CTT:C,73975403,position_absent_in_GWAS
YLPM1,GCST90011766,rs113384416:74445304:C:CAAACA,73978601,position_absent_in_GWAS
YLPM1,GCST90011766,14:74446175:C:CT,73979472,position_absent_in_GWAS
YLPM1,GCST90011766,rs140409853:74448197:G:GTA,73981494,position_absent_in_GWAS
YLPM1,GCST90011766,rs56117033:74448510:CA:C,73981807,position_absent_in_GWAS
YLPM1,GCST90011766,rs71907518:74449980:CCT:C,73983277,position_absent_in_GWAS
YLPM1,GCST90011766,rs201370826:74450396:TA:T,73983693,position_absent_in_GWAS
YLPM1,GCST90011766,rs145826937:74450764:CTT:C,73984061,position_absent_in_GWAS
YLPM1,GCST90011766,rs199818408:74453706:AT:A,73987003,position_absent_in_GWAS
YLPM1,GCST90011766,rs67647627:74458311:CA:C,73991608,position_absent_in_GWAS
YLPM1,GCST90011766,rs199594365:74459386:CAAAAAAAA:C,73992683,position_absent_in_GWAS
YLPM1,GCST90011766,rs199579611:74460636:AAC:A,73993933,position_absent_in_GWAS
YLPM1,GCST90011766,rs34061808:74461751:AT:A,73995048,position_absent_in_GWAS
YLPM1,GCST90011766,rs35138656:74462288:AAAT:A,73995585,position_absent_in_GWAS
YLPM1,GCST90011766,rs34536315:74466790:CA:C,74000087,position_absent_in_GWAS
YLPM1,GCST90011766,rs148678859:74470893:CAG:C,74004190,position_absent_in_GWAS
YLPM1,GCST90011766,rs200270127:74474068:T:TA,74007365,position_absent_in_GWAS
YLPM1,GCST90011766,rs372239362:74474534:AAT:A,74007831,position_absent_in_GWAS
YLPM1,GCST90011766,rs147211263:74475856:CAGA:C,74009153,position_absent_in_GWAS
YLPM1,GCST90011766,rs57848975:74477257:C:CA,74010554,position_absent_in_GWAS
YLPM1,GCST90011766,rs142371267:74481093:CA:C,74014390,position_absent_in_GWAS
YLPM1,GCST90011766,rs72486473:74484029:AAG:A,74017326,position_absent_in_GWAS
YLPM1,GCST90011766,rs375780216:74484272:ACT:A,74017569,position_absent_in_GWAS
YLPM1,GCST90011766,rs11287731:74486946:AT:A,74020243,position_absent_in_GWAS
YLPM1,GCST90011766,rs33959730:74487208:CT:C,74020505,position_absent_in_GWAS
YLPM1,GCST90011766,rs202166090:74492608:T:TG,74025905,position_absent_in_GWAS
YLPM1,GCST90011766,14:74492843:C:CA,74026140,position_absent_in_GWAS
YLPM1,GCST90011766,rs200271464:74493618:ACT:A,74026915,position_absent_in_GWAS
YLPM1,GCST90011766,rs201489319:74493633:GAA:G,74026930,position_absent_in_GWAS
YLPM1,GCST90011766,rs147466614:74495218:T:TAGAA,74028515,position_absent_in_GWAS
YLPM1,GCST90011766,14:74495651:C:CCACA,74028948,position_absent_in_GWAS
YLPM1,GCST90011766,rs201835078:74499192:C:CT,74032489,position_absent_in_GWAS
YLPM1,GCST90011766,rs71115945:74499919:AT:A,74033216,position_absent_in_GWAS
YLPM1,GCST90011766,rs141637204:74501929:TA:T,74035226,position_absent_in_GWAS
YLPM1,GCST90011766,rs72129796:74502559:TCACA:T,74035856,position_absent_in_GWAS
YLPM1,GCST90011766,rs35769157:74503386:C:CA,74036683,position_absent_in_GWAS
YLPM1,GCST90011766,rs201370950:74505110:AT:A,74038407,position_absent_in_GWAS
YLPM1,GCST90011766,rs35078321:74506298:A:AT,74039595,position_absent_in_GWAS
YLPM1,GCST90011766,rs141688431:74506763:TCA:T,74040060,position_absent_in_GWAS
YLPM1,GCST90011766,rs72019658:74508740:AAAC:A,74042037,position_absent_in_GWAS
YLPM1,GCST90011766,rs3082878:74513105:CATCCAGGCT:C,74046402,position_absent_in_GWAS
YLPM1,GCST90011766,rs35753773:74516082:T:TA,74049379,position_absent_in_GWAS
YLPM1,GCST90011766,rs142399602:74519637:AGGCTGCAGTGAGCCAT:A,74052934,position_absent_in_GWAS
YLPM1,GCST90011766,14:74521381:C:CT,74054678,position_absent_in_GWAS
YLPM1,GCST90011766,rs200751645:74522736:T:TA,74056033,position_absent_in_GWAS
YLPM1,GCST90011766,rs71460949:74522901:A:AT,74056198,position_absent_in_GWAS
YLPM1,GCST90011766,rs200205554:74525299:C:CT,74058596,position_absent_in_GWAS
YLPM1,GCST90011766,rs10564858:74528288:CAA:C,74061585,position_absent_in_GWAS
YLPM1,GCST90011766,rs71460951:74529511:GA:G,74062808,position_absent_in_GWAS
YLPM1,GCST90011766,rs372681195:74529893:CT:C,74063190,position_absent_in_GWAS
YLPM1,GCST90011766,rs71115948:74530568:CA:C,74063865,position_absent_in_GWAS
YLPM1,GCST90011766,14:74540620:CA:C,74073917,position_absent_in_GWAS
YLPM1,GCST90011766,rs201196501:74545063:CT:C,74078360,position_absent_in_GWAS
YLPM1,GCST90011766,rs112520921:74546132:GT:G,74079429,position_absent_in_GWAS
YLPM1,GCST90011766,rs4646854:74550214:GA:G,74083511,position_absent_in_GWAS
YLPM1,GCST90011766,rs34499648:74552408:CAATT:C,74085705,position_absent_in_GWAS
YLPM1,GCST90011766,rs34078951:74553372:GA:G,74086669,position_absent_in_GWAS
YLPM1,GCST90011766,rs151235071:74553651:G:GA,74086948,position_absent_in_GWAS
YLPM1,GCST90011766,rs138770843:74556499:TA:T,74089796,position_absent_in_GWAS
YLPM1,GCST90011766,rs112639675:74558467:ACT:A,74091764,position_absent_in_GWAS
YLPM1,GCST90011766,14:74558476:CA:C,74091773,position_absent_in_GWAS
YLPM1,GCST90011766,rs71115955:74559018:GT:G,74092315,position_absent_in_GWAS
YLPM1,GCST90011766,rs61367762:74561436:C:CT,74094733,position_absent_in_GWAS
YLPM1,GCST90011766,rs10587416:74562541:CTT:C,74095838,position_absent_in_GWAS
YLPM1,GCST90011766,rs140178951:74569645:CAT:C,74102942,position_absent_in_GWAS
YLPM1,GCST90011766,14:74570130:ATTTTTTTTTTTTT:A,74103427,position_absent_in_GWAS
YLPM1,GCST90011766,rs71115957:74570436:GT:G,74103733,position_absent_in_GWAS
YLPM1,GCST90011766,rs201667013:74571294:A:AT,74104591,position_absent_in_GWAS
YLPM1,GCST90011766,rs138992205:74574905:GCTTT:G,74108202,position_absent_in_GWAS
YLPM1,GCST90011766,rs372748686:74578158:ATT:A,74111455,position_absent_in_GWAS
YLPM1,GCST90011766,rs372218709:74578309:GTATT:G,74111606,position_absent_in_GWAS
YLPM1,GCST90011766,rs139884141:74578570:TTTTTTTTC:T,74111867,position_absent_in_GWAS
YLPM1,GCST90011766,rs372736982:74582179:CTG:C,74115476,position_absent_in_GWAS
YLPM1,GCST90011766,rs369107859:74583005:CAAAAAAT:C,74116302,position_absent_in_GWAS
YLPM1,GCST90011766,rs10591434:74583012:TAAAAAA:T,74116309,position_absent_in_GWAS
YLPM1,GCST90011766,rs3216533:74584630:CA:C,74117927,position_absent_in_GWAS
YLPM1,GCST90011766,14:74585863:CT:C,74119160,position_absent_in_GWAS
YLPM1,GCST90011766,rs71115960:74586010:GC:G,74119307,position_absent_in_GWAS
YLPM1,GCST90011766,rs78079658:74586539:CT:C,74119836,position_absent_in_GWAS
YLPM1,GCST90011766,14:74587457:C:CA,74120754,position_absent_in_GWAS
YLPM1,GCST90011766,rs11332437:74588428:CT:C,74121725,position_absent_in_GWAS
YLPM1,GCST90011766,rs74777859:74589587:CAAACAA:C,74122884,position_absent_in_GWAS
YLPM1,GCST90011766,rs138610644:74589604:A:AAAAAC,74122901,position_absent_in_GWAS
YLPM1,GCST90011766,rs35775748:74592739:T:TA,74126036,position_absent_in_GWAS
YLPM1,GCST90011766,rs142747496:74597651:AT:A,74130948,position_absent_in_GWAS
YLPM1,GCST90011766,rs138444518:74597657:A:ATTAT,74130954,position_absent_in_GWAS
YLPM1,GCST90011766,rs143147506:74601343:AT:A,74134640,position_absent_in_GWAS
YLPM1,GCST90011766,rs34777883:74602250:AT:A,74135547,position_absent_in_GWAS
YLPM1,GCST90011766,rs11305985:74602522:GT:G,74135819,position_absent_in_GWAS
YLPM1,GCST90011766,rs78447334:74604010:ATAT:A,74137307,position_absent_in_GWAS
YLPM1,GCST90011766,rs35627946:74605472:C:CA,74138769,position_absent_in_GWAS
YLPM1,GCST90011766,rs144807819:74605723:TA:T,74139020,position_absent_in_GWAS
YLPM1,GCST90011766,rs60487392:74610830:AT:A,74144127,position_absent_in_GWAS
YLPM1,GCST90011766,rs141927261:74615444:G:GA,74148741,position_absent_in_GWAS
YLPM1,GCST90011766,rs68112555:74618207:TTAAAA:T,74151504,position_absent_in_GWAS
YLPM1,GCST90011766,rs11325725:74625184:TG:T,74158481,position_absent_in_GWAS
YLPM1,GCST90011766,rs35991875:74630687:A:AT,74163984,position_absent_in_GWAS
YLPM1,GCST90011766,rs35317050:74634669:A:AT,74167966,position_absent_in_GWAS
YLPM1,GCST90011766,rs57293533:74637209:CA:C,74170506,position_absent_in_GWAS
YLPM1,GCST90011766,rs58342051:74637584:AT:A,74170881,position_absent_in_GWAS
YLPM1,GCST90011766,14:74637721:CA:C,74171018,position_absent_in_GWAS
YLPM1,GCST90011766,rs59113909:74638408:TTA:T,74171705,position_absent_in_GWAS
YLPM1,GCST90011766,rs34353375:74644183:AAT:A,74177480,position_absent_in_GWAS
YLPM1,GCST90011766,rs35242538:74645335:AT:A,74178632,position_absent_in_GWAS
YLPM1,GCST90011766,rs60035088:74648353:TACAG:T,74181650,position_absent_in_GWAS
YLPM1,GCST90011766,rs4026727:74648860:CATG:C,74182157,position_absent_in_GWAS
YLPM1,GCST90011766,rs5809653:74649805:TC:T,74183102,position_absent_in_GWAS
YLPM1,GCST90011766,rs68037994:74657092:CTTT:C,74190389,position_absent_in_GWAS
YLPM1,GCST90011766,rs71449181:74658789:AC:A,74192086,position_absent_in_GWAS
YLPM1,GCST90011766,rs34984934:74660120:TA:T,74193417,position_absent_in_GWAS
YLPM1,GCST90011766,rs59983890:74672396:TA:T,74205693,position_absent_in_GWAS
YLPM1,GCST90011766,14:74673094:G:GCCTC,74206391,position_absent_in_GWAS
YLPM1,GCST90011766,rs144065224:74677767:GAC:G,74211064,position_absent_in_GWAS
YLPM1,GCST90011766,rs71449183:74682030:CAAAA:C,74215327,position_absent_in_GWAS
YLPM1,GCST90011766,rs11390505:74686515:G:GC,74219812,position_absent_in_GWAS
YLPM1,GCST90011766,rs71303901:74693721:G:GT,74227018,position_absent_in_GWAS
YLPM1,GCST90011766,rs112459840:74696445:G:GTTGT,74229742,position_absent_in_GWAS
YLPM1,GCST90011766,rs199735353:74698372:AAG:A,74231669,position_absent_in_GWAS
YLPM1,GCST90011766,rs58098762:74699071:C:CA,74232368,position_absent_in_GWAS
YLPM1,GCST90011766,rs11314588:74700862:CG:C,74234159,position_absent_in_GWAS
YLPM1,GCST90011766,rs34235832:74702608:C:CT,74235905,position_absent_in_GWAS
YLPM1,GCST90011766,rs71698527:74703623:CT:C,74236920,position_absent_in_GWAS
YLPM1,GCST90011766,rs71115970:74709320:C:CT,74242617,position_absent_in_GWAS
YLPM1,GCST90011766,rs113901119:74710258:CT:C,74243555,position_absent_in_GWAS
YLPM1,GCST90011766,rs149163494:74713043:CG:C,74246340,position_absent_in_GWAS
YLPM1,GCST90011766,rs34470396:74714503:T:TA,74247800,position_absent_in_GWAS
YLPM1,GCST90011766,rs57369966:74715407:C:CA,74248704,position_absent_in_GWAS
YLPM1,GCST90011766,rs140976408:74716951:AAT:A,74250248,position_absent_in_GWAS
YLPM1,GCST90011766,rs111906304:74717407:A:AT,74250704,position_absent_in_GWAS
YLPM1,GCST90011766,rs59786099:74718522:CAG:C,74251819,position_absent_in_GWAS
YLPM1,GCST90011766,rs77697300:74719201:CTCCTGCCTCATCCTCCTGAG:C,74252498,position_absent_in_GWAS
YLPM1,GCST90011766,rs34396021:74719751:CA:C,74253048,position_absent_in_GWAS
YLPM1,GCST90011766,14:74721487:A:AT,74254784,position_absent_in_GWAS
YLPM1,GCST90011766,rs142143044:74722469:CTCTG:C,74255766,position_absent_in_GWAS
YLPM1,GCST90011766,rs10592020:74729166:CTT:C,74262463,position_absent_in_GWAS
YLPM1,GCST90011766,rs35641565:74736541:C:CT,74269838,position_absent_in_GWAS
YLPM1,GCST90011766,rs11385593:74742806:C:CA,74276103,position_absent_in_GWAS
YLPM1,GCST90011766,rs35294707:74744102:C:CT,74277399,position_absent_in_GWAS
YLPM1,GCST90011766,rs61524280:74747057:AC:A,74280354,position_absent_in_GWAS
YLPM1,GCST90011766,rs3837654:74754238:CAG:C,74287535,position_absent_in_GWAS
YLPM1,GCST90011766,rs60498100:74755814:CAAAAAAAAA:C,74289111,position_absent_in_GWAS
YLPM1,GCST90011766,rs58682308:74760760:CT:C,74294057,position_absent_in_GWAS
YLPM1,GCST90011766,14:74766766:CAAA:C,74300063,position_absent_in_GWAS
YLPM1,GCST90011766,14:74767296:CA:C,74300593,position_absent_in_GWAS
YLPM1,GCST90011766,rs71115979:74772033:CAAAAAA:C,74305330,position_absent_in_GWAS
YLPM1,GCST90011766,rs11290399:74775569:GT:G,74308866,position_absent_in_GWAS
YLPM1,GCST90011766,rs77689318:74778447:GA:G,74311744,position_absent_in_GWAS
YLPM1,GCST90011766,rs34712936:74778475:C:CT,74311772,position_absent_in_GWAS
YLPM1,GCST90011766,rs71873401:74779457:G:GT,74312754,position_absent_in_GWAS
YLPM1,GCST90011766,rs370697776:74783340:CT:C,74316637,position_absent_in_GWAS
YLPM1,GCST90011766,14:74788208:CT:C,74321505,position_absent_in_GWAS
YLPM1,GCST90011766,rs11408933:74788855:A:AT,74322152,position_absent_in_GWAS
YLPM1,GCST90011766,rs58625748:74790846:CT:C,74324143,position_absent_in_GWAS
YLPM1,GCST90011766,rs113777746:74792274:GC:G,74325571,position_absent_in_GWAS
YLPM1,GCST90011766,rs112807869:74794960:AG:A,74328257,position_absent_in_GWAS
YLPM1,GCST90011766,rs57850959:74795978:C:CA,74329275,position_absent_in_GWAS
YLPM1,GCST90011766,rs34686412:74797144:C:CT,74330441,position_absent_in_GWAS
YLPM1,GCST90011766,rs36042325:74797922:T:TAAAC,74331219,position_absent_in_GWAS
YLPM1,GCST90011766,rs113250765:74802443:AT:A,74335740,position_absent_in_GWAS
YLPM1,GCST90011766,rs36068153:74808687:GC:G,74341984,position_absent_in_GWAS
YLPM1,GCST90011766,rs35159504:74808951:G:GA,74342248,position_absent_in_GWAS
YLPM1,GCST90011766,14:74812049:ATTT:A,74345346,position_absent_in_GWAS
YLPM1,GCST90011766,rs59810913:74818198:GT:G,74351495,position_absent_in_GWAS
YLPM1,GCST90011766,14:74818555:C:CT,74351852,position_absent_in_GWAS
YLPM1,GCST90011766,rs142033742:74830482:CA:C,74363779,position_absent_in_GWAS
YLPM1,GCST90011766,rs5809662:74838280:AT:A,74371577,position_absent_in_GWAS
YLPM1,GCST90011766,14:74839457:CA:C,74372754,position_absent_in_GWAS
YLPM1,GCST90011766,rs71115990:74841933:TA:T,74375230,position_absent_in_GWAS
YLPM1,GCST90011766,rs146328869:74848835:A:AAAACAAAC,74382132,position_absent_in_GWAS
YLPM1,GCST90011766,14:74851901:ATATGGGTGCTCCTG:A,74385198,position_absent_in_GWAS
YLPM1,GCST90011766,rs200291887:74854447:C:CT,74387744,position_absent_in_GWAS
YLPM1,GCST90011766,14:74857469:C:CCTTT,74390766,position_absent_in_GWAS
YLPM1,GCST90011766,rs201928532:74862293:AAAG:A,74395590,position_absent_in_GWAS
YLPM1,GCST90011766,rs72311182:74870670:ATC:A,74403967,position_absent_in_GWAS
YLPM1,GCST90011766,rs10642138:74875751:T:TTTTA,74409048,position_absent_in_GWAS
YLPM1,GCST90011766,rs72355761:74880479:TCACA:T,74413776,position_absent_in_GWAS
YLPM1,GCST90011766,rs111851921:74889356:T:TCA,74422653,position_absent_in_GWAS
YLPM1,GCST90011766,rs59843281:74897143:CT:C,74430440,position_absent_in_GWAS
YLPM1,GCST90011766,rs74779748:74902930:AT:A,74436227,position_absent_in_GWAS
YLPM1,GCST90011766,rs66499739:74906582:CA:C,74439879,position_absent_in_GWAS
YLPM1,GCST90011766,rs144060483:74907672:GT:G,74440969,position_absent_in_GWAS
YLPM1,GCST90011766,rs68008170:74912157:TTGTG:T,74445454,position_absent_in_GWAS
YLPM1,GCST90011766,rs35098950:74913318:C:CT,74446615,position_absent_in_GWAS
YLPM1,GCST90011766,14:74916141:C:CAAAAAAAAA,74449438,position_absent_in_GWAS
YLPM1,GCST90011766,14:74920094:AG:A,74453391,position_absent_in_GWAS
YLPM1,GCST90011766,rs148583913:74928352:TCA:T,74461649,position_absent_in_GWAS
YLPM1,GCST90011766,rs34848569:74936222:T:TA,74469519,position_absent_in_GWAS
YLPM1,GCST90011766,rs78261954:74944319:CTTT:C,74477616,position_absent_in_GWAS
YLPM1,GCST90011766,rs199628163:74952246:TAG:T,74485543,position_absent_in_GWAS
YLPM1,GCST90011766,rs33935452:74952269:GA:G,74485566,position_absent_in_GWAS
YLPM1,GCST90011766,rs61201972:74953714:GCA:G,74487011,position_absent_in_GWAS
YLPM1,GCST90011766,rs150813068:74953846:GT:G,74487143,position_absent_in_GWAS
YLPM1,GCST90011766,rs67289103:74956240:AGT:A,74489537,position_absent_in_GWAS
YLPM1,GCST90011766,rs3047739:74960368:TGG:T,74493665,position_absent_in_GWAS
YLPM1,GCST90011766,14:74968468:G:GA,74501765,position_absent_in_GWAS
YLPM1,GCST90011766,rs36016624:74971650:TGACCCTTCGAG:T,74504947,position_absent_in_GWAS
YLPM1,GCST90011766,rs142594510:74979650:AG:A,74512947,position_absent_in_GWAS
YLPM1,GCST90011766,rs113811161:74980506:TCAAA:T,74513803,position_absent_in_GWAS
YLPM1,GCST90011766,14:74981955:ATTTT:A,74515252,position_absent_in_GWAS
YLPM1,GCST90011766,rs147745131:74983491:GT:G,74516788,position_absent_in_GWAS
YLPM1,GCST90011766,rs36111387:74987504:AAATG:A,74520801,position_absent_in_GWAS
YLPM1,GCST90011766,rs3837653:74988127:CCACAT:C,74521424,position_absent_in_GWAS
YLPM1,GCST90011766,rs369981475:75005207:GTTAGT:G,74538504,position_absent_in_GWAS
YLPM1,GCST90011766,14:75009472:A:AT,74542769,position_absent_in_GWAS
YLPM1,GCST90011766,rs202057022:75009806:GCACGGTGGTT:G,74543103,position_absent_in_GWAS
YLPM1,GCST90011766,rs3217475:75018742:GC:G,74552039,position_absent_in_GWAS
YLPM1,GCST90011766,rs199881481:75020718:AG:A,74554015,position_absent_in_GWAS
YLPM1,GCST90011766,rs3837652:75026351:CTG:C,74559648,position_absent_in_GWAS
YLPM1,GCST90011766,rs199951008:75029326:G:GA,74562623,position_absent_in_GWAS
YLPM1,GCST90011766,rs200535606:75032773:G:GT,74566070,position_absent_in_GWAS
YLPM1,GCST90011766,14:75039150:C:CT,74572447,position_absent_in_GWAS
YLPM1,GCST90011766,rs71449199:75062929:A:AAAATAAAT,74596226,position_absent_in_GWAS
YLPM1,GCST90011766,rs58210192:75063648:AG:A,74596945,position_absent_in_GWAS
YLPM1,GCST90011766,rs5809673:75075418:G:GA,74608715,position_absent_in_GWAS
YLPM1,GCST90011766,rs5809674:75075464:A:AGAAAT,74608761,position_absent_in_GWAS
YLPM1,GCST90011766,rs368319740:75079632:TTTTC:T,74612929,position_absent_in_GWAS
YLPM1,GCST90011766,rs377741002:75090257:CAA:C,74623554,position_absent_in_GWAS
YLPM1,GCST90011766,14:75093857:CA:C,74627154,position_absent_in_GWAS
YLPM1,GCST90011766,rs11361453:75094347:CA:C,74627644,position_absent_in_GWAS
YLPM1,GCST90011766,rs112820270:75100929:C:A,74634226,position_absent_in_GWAS
YLPM1,GCST90011766,rs200920928:75106269:AAAAC:A,74639566,position_absent_in_GWAS
YLPM1,GCST90011766,rs146329221:75111593:CTTT:C,74644890,position_absent_in_GWAS
YLPM1,GCST90011766,rs11291765:75123642:TA:T,74656939,position_absent_in_GWAS
YLPM1,GCST90011766,rs34192596:75128308:GAA:G,74661605,position_absent_in_GWAS
YLPM1,GCST90011766,rs16661:75128316:A:C,74661613,position_absent_in_GWAS
YLPM1,GCST90011766,rs71449202:75133421:AT:A,74666718,position_absent_in_GWAS
YLPM1,GCST90011766,14:75138024:CTTTTTTTTTTTT:C,74671321,position_absent_in_GWAS
YLPM1,GCST90011766,rs71119311:75145398:CA:C,74678695,position_absent_in_GWAS
YLPM1,GCST90011766,rs141206776:75146547:TAATA:T,74679844,position_absent_in_GWAS
YLPM1,GCST90011766,rs36079107:75160878:AAAAT:A,74694175,position_absent_in_GWAS
YLPM1,GCST90011766,14:75161693:GA:G,74694990,position_absent_in_GWAS
YLPM1,GCST90011766,14:75165561:TA:T,74698858,position_absent_in_GWAS
YLPM1,GCST90011766,rs58161849:75171746:G:GT,74705043,position_absent_in_GWAS
YLPM1,GCST90011766,rs35181427:75174495:C:CA,74707792,position_absent_in_GWAS
YLPM1,GCST90011766,rs35901005:75181481:CA:C,74714778,position_absent_in_GWAS
YLPM1,GCST90011766,rs143512112:75183883:AC:A,74717180,position_absent_in_GWAS
YLPM1,GCST90011766,rs11396572:75190531:C:CA,74723828,position_absent_in_GWAS
YLPM1,GCST90011766,rs34861456:75191772:T:TA,74725069,position_absent_in_GWAS
YLPM1,GCST90011766,rs58398533:75193306:CT:C,74726603,position_absent_in_GWAS
YLPM1,GCST90011766,rs150479967:75198857:T:TTA,74732154,position_absent_in_GWAS
YLPM1,GCST90011766,rs3214408:75201071:TA:T,74734368,position_absent_in_GWAS
YLPM1,GCST90011766,rs71303897:75201222:T:TA,74734519,position_absent_in_GWAS
YLPM1,GCST90011766,rs5809677:75204694:CA:C,74737991,position_absent_in_GWAS
YLPM1,GCST90011766,rs34705212:75208521:CA:C,74741818,position_absent_in_GWAS
YLPM1,GCST90011766,rs148323132:75213205:ATATCC:A,74746502,position_absent_in_GWAS
YLPM1,GCST90011766,rs61531232:75213283:CT:C,74746580,position_absent_in_GWAS
YLPM1,GCST90011766,rs34464875:75215224:C:CA,74748521,position_absent_in_GWAS
YLPM1,GCST90011766,rs375326155:75216600:TTTTTGTTTTGTTTTG:T,74749897,position_absent_in_GWAS
YLPM1,GCST90011766,rs35781097:75224141:CA:C,74757438,position_absent_in_GWAS
YLPM1,GCST90011766,rs201124850:75225369:CAAATAAAT:C,74758666,position_absent_in_GWAS
YLPM1,GCST90011766,rs34253239:75228486:CT:C,74761783,position_absent_in_GWAS
YLPM1,GCST90011766,rs34503309:75236290:A:AT,74769587,position_absent_in_GWAS
YLPM1,GCST90011766,rs201030717:75236557:CCCCCCCCCG:C,74769854,position_absent_in_GWAS
YLPM1,GCST90011766,14:75238920:CT:C,74772217,position_absent_in_GWAS
YLPM1,GCST90011766,rs36010497:75241230:TC:T,74774527,position_absent_in_GWAS
YLPM1,GCST90011766,rs35237469:75241506:CA:C,74774803,position_absent_in_GWAS
YLPM1,GCST90011766,rs138962436:75242832:GT:G,74776129,position_absent_in_GWAS
YLPM1,GCST90011766,rs138166786:75244677:C:CA,74777974,position_absent_in_GWAS
YLPM1,GCST90011766,rs10707814:75253064:CA:C,74786361,position_absent_in_GWAS
YLPM1,GCST90011766,rs75017235:75254820:CT:C,74788117,position_absent_in_GWAS
YLPM1,GCST90011766,rs57279878:75261302:C:CT,74794599,position_absent_in_GWAS
YLPM1,GCST90011766,rs138774247:75261467:TAC:T,74794764,position_absent_in_GWAS
YLPM1,GCST90011766,rs75951306:75261489:C:T,74794786,position_absent_in_GWAS
YLPM1,GCST90011766,rs58158508:75261660:TG:T,74794957,position_absent_in_GWAS
YLPM1,GCST90011766,rs34503917:75268920:CA:C,74802217,position_absent_in_GWAS
YLPM1,GCST90011766,rs138718009:75271114:ACCATTGCTTGCTACT:A,74804411,position_absent_in_GWAS
YLPM1,GCST90011766,14:75272407:CT:C,74805704,position_absent_in_GWAS
YLPM1,GCST90011766,rs60143650:75272572:AT:A,74805869,position_absent_in_GWAS
YLPM1,GCST90011766,rs148417567:75277423:TTTA:T,74810720,position_absent_in_GWAS
YLPM1,GCST90011766,rs5809679:75282873:AT:A,74816170,position_absent_in_GWAS
YLPM1,GCST90011766,rs199631116:75284758:C:CA,74818055,position_absent_in_GWAS
YLPM1,GCST90011766,rs139072553:75285614:CTGTT:C,74818911,position_absent_in_GWAS
YLPM1,GCST90011766,rs71932018:75289548:GATA:G,74822845,position_absent_in_GWAS
YLPM1,GCST90011766,rs35622588:75300886:TA:T,74834183,position_absent_in_GWAS
YLPM1,GCST90011766,rs199949839:75304977:C:CT,74838274,position_absent_in_GWAS
YLPM1,GCST90011766,rs201995772:75312197:C:CA,74845494,position_absent_in_GWAS
YLPM1,GCST90011766,rs143130721:75315409:AATCTT:A,74848706,position_absent_in_GWAS
YLPM1,GCST90011766,rs60979977:75316023:TAAATAAAAAAA:T,74849320,position_absent_in_GWAS
YLPM1,GCST90011766,rs56309042:75316882:CAA:C,74850179,position_absent_in_GWAS
YLPM1,GCST90011766,rs11335240:75317089:CT:C,74850386,position_absent_in_GWAS
YLPM1,GCST90011766,rs147024588:75325481:T:TTGTG,74858778,position_absent_in_GWAS
YLPM1,GCST90011766,rs367557046:75325545:TTGTG:T,74858842,position_absent_in_GWAS
YLPM1,GCST90011766,rs11346049:75327075:CA:C,74860372,position_absent_in_GWAS
YLPM1,GCST90011766,rs72148999:75328932:GTC:G,74862229,position_absent_in_GWAS
YLPM1,GCST90011766,rs200511111:75331865:G:GA,74865162,position_absent_in_GWAS
YLPM1,GCST90011766,rs34902627:75335538:CA:C,74868835,position_absent_in_GWAS
YLPM1,GCST90011766,14:75335983:CTT:C,74869280,position_absent_in_GWAS
YLPM1,GCST90011766,rs11388832:75336966:C:CA,74870263,position_absent_in_GWAS
YLPM1,GCST90011766,rs67622010:75337127:CA:C,74870424,position_absent_in_GWAS
YLPM1,GCST90011766,14:75340954:GTT:G,74874251,position_absent_in_GWAS
YLPM1,GCST90011766,rs34311445:75343813:CA:C,74877110,position_absent_in_GWAS
YLPM1,GCST90011766,rs201391764:75344192:C:CA,74877489,position_absent_in_GWAS
YLPM1,GCST90011766,rs58707063:75345371:AGTGT:A,74878668,position_absent_in_GWAS
YLPM1,GCST90011766,14:75346892:C:CT,74880189,position_absent_in_GWAS
YLPM1,GCST90011766,rs72245024:75348126:C:CT,74881423,position_absent_in_GWAS
YLPM1,GCST90011766,rs55729619:75354977:GT:G,74888274,position_absent_in_GWAS
YLPM1,GCST90011766,rs57898381:75355767:TA:T,74889064,position_absent_in_GWAS
YLPM1,GCST90011766,14:75356070:AT:A,74889367,position_absent_in_GWAS
YLPM1,GCST90011766,rs5809682:75356799:T:TA,74890096,position_absent_in_GWAS
YLPM1,GCST90011766,rs3081752:75356827:CT:C,74890124,position_absent_in_GWAS
YLPM1,GCST90011766,rs201992318:75359215:GT:G,74892512,position_absent_in_GWAS
YLPM1,GCST90011766,rs58288168:75359757:ACT:A,74893054,position_absent_in_GWAS
YLPM1,GCST90011766,rs138664705:75367594:ATTC:A,74900891,position_absent_in_GWAS
YLPM1,GCST90011766,rs11325303:75368547:AT:A,74901844,position_absent_in_GWAS
YLPM1,GCST90011766,14:75368863:G:T,74902160,position_absent_in_GWAS
YLPM1,GCST90011766,rs10536168:75372084:CTG:C,74905381,position_absent_in_GWAS
YLPM1,GCST90011766,14:75373112:T:TGGG,74906409,position_absent_in_GWAS
YLPM1,GCST90011766,rs112024638:75377144:GA:G,74910441,position_absent_in_GWAS
YLPM1,GCST90011766,rs71897309:75390180:GCAGGTCTAGAATCATC:G,74923477,position_absent_in_GWAS
YLPM1,GCST90011766,rs140653412:75393606:AT:A,74926903,position_absent_in_GWAS
YLPM1,GCST90011766,rs55906517:75396955:C:CT,74930252,position_absent_in_GWAS
YLPM1,GCST90011766,rs11304993:75399002:TA:T,74932299,position_absent_in_GWAS
YLPM1,GCST90011766,rs141061319:75400613:AT:A,74933910,position_absent_in_GWAS
YLPM1,GCST90011766,rs36003084:75402674:A:AT,74935971,position_absent_in_GWAS
YLPM1,GCST90011766,rs55850304:75404114:C:CT,74937411,position_absent_in_GWAS
YLPM1,GCST90011766,rs5809686:75407250:GACACAGAC:G,74940547,position_absent_in_GWAS
YLPM1,GCST90011766,rs58701358:75410784:A:AT,74944081,position_absent_in_GWAS
YLPM1,GCST90011766,rs5809688:75411625:CT:C,74944922,position_absent_in_GWAS
YLPM1,GCST90011766,rs33954784:75430911:TC:T,74964208,position_absent_in_GWAS
YLPM1,GCST90011766,14:75434957:T:TAAA,74968254,position_absent_in_GWAS
YLPM1,GCST90011766,rs79107045:75444711:TC:T,74978008,position_absent_in_GWAS
YLPM1,GCST90011766,rs57323464:75448527:CT:C,74981824,position_absent_in_GWAS
YLPM1,GCST90011766,rs56239186:75450065:T:TA,74983362,position_absent_in_GWAS
YLPM1,GCST90011766,14:75456747:C:CAAAAA,74990044,position_absent_in_GWAS
YLPM1,GCST90011766,rs34986025:75457452:C:CT,74990749,position_absent_in_GWAS
YLPM1,GCST90011766,rs140091697:75464458:TAA:T,74997755,position_absent_in_GWAS
YLPM1,GCST90011766,rs34675328:75471177:TGAGACCAG:T,75004474,position_absent_in_GWAS
YLPM1,GCST90011766,rs2307511:75474784:TATAGACAA:T,75008081,position_absent_in_GWAS
YLPM1,GCST90011766,rs66516707:75476461:TGA:T,75009758,position_absent_in_GWAS
YLPM1,GCST90011766,rs5809689:75482443:AG:A,75015740,position_absent_in_GWAS
YLPM1,GCST90011766,rs56375606:75484678:GTC:G,75017975,position_absent_in_GWAS
YLPM1,GCST90011766,rs5809691:75484855:C:CA,75018152,position_absent_in_GWAS
YLPM1,GCST90011766,rs35881732:75487568:C:CATT,75020865,position_absent_in_GWAS
YLPM1,GCST90011766,rs34129769:75495119:AT:A,75028416,position_absent_in_GWAS
YLPM1,GCST90011766,rs35978930:75496687:CA:C,75029984,position_absent_in_GWAS
YLPM1,GCST90011766,rs56995931:75500894:TA:T,75034191,position_absent_in_GWAS
YLPM1,GCST90011766,rs5809692:75503759:G:GA,75037056,position_absent_in_GWAS
YLPM1,GCST90011766,14:75506557:TATATATATATATA:T,75039854,position_absent_in_GWAS
YLPM1,GCST90011766,rs151015271:75506891:ACCTGTAATCTCAG:A,75040188,position_absent_in_GWAS
YLPM1,GCST90011766,rs11309437:75518640:CT:C,75051937,position_absent_in_GWAS
YLPM1,GCST90011766,14:75529362:CAAA:C,75062659,position_absent_in_GWAS
YLPM1,GCST90011766,rs144010513:75532422:TC:T,75065719,position_absent_in_GWAS
YLPM1,GCST90011766,rs67397772:75543464:CTAAG:C,75076761,position_absent_in_GWAS
YLPM1,GCST90011766,rs66560922:75545918:CA:C,75079215,position_absent_in_GWAS
YLPM1,GCST90011766,rs149123282:75552890:AAAAAAT:A,75086187,position_absent_in_GWAS
YLPM1,GCST90011766,14:75556980:CT:C,75090277,position_absent_in_GWAS
YLPM1,GCST90011766,rs113097149:75558975:A:AT,75092272,position_absent_in_GWAS
YLPM1,GCST90011766,14:75562979:CAAAA:C,75096276,position_absent_in_GWAS
YLPM1,GCST90011766,rs35432461:75563532:C:CA,75096829,position_absent_in_GWAS
YLPM1,GCST90011766,rs11446568:75566485:C:CA,75099782,position_absent_in_GWAS
YLPM1,GCST90011766,rs35499335:75569216:G:GT,75102513,position_absent_in_GWAS
YLPM1,GCST90011766,rs56719668:75571191:C:CT,75104488,position_absent_in_GWAS
YLPM1,GCST90011766,rs10632881:75581817:T:TACAC,75115114,position_absent_in_GWAS
YLPM1,GCST90011766,rs374021221:75590107:CAAA:C,75123404,position_absent_in_GWAS
YLPM1,GCST90011766,rs34921975:75591478:CT:C,75124775,position_absent_in_GWAS
YLPM1,GCST90011766,rs113303427:75591641:AT:A,75124938,position_absent_in_GWAS
YLPM1,GCST90011766,rs55959885:75596037:AG:A,75129334,position_absent_in_GWAS
YLPM1,GCST90011766,rs368437388:75604411:CT:C,75137708,position_absent_in_GWAS
YLPM1,GCST90011766,rs145288922:75606313:TG:T,75139610,position_absent_in_GWAS
YLPM1,GCST90011766,rs5809695:75610636:C:CA,75143933,position_absent_in_GWAS
YLPM1,GCST90011766,rs35810783:75613611:C:CAGAT,75146908,position_absent_in_GWAS
YLPM1,GCST90011766,rs76033420:75616540:GCT:G,75149837,position_absent_in_GWAS
YLPM1,GCST90011766,rs369868350:75616548:CTGT:C,75149845,position_absent_in_GWAS
YLPM1,GCST90011766,rs78523802:75620940:CA:C,75154237,position_absent_in_GWAS
YLPM1,GCST90011766,rs148563522:75623619:A:AAAAAG,75156916,position_absent_in_GWAS
YLPM1,GCST90011766,rs76416253:75624345:CAT:C,75157642,position_absent_in_GWAS
YLPM1,GCST90011766,rs76379942:75628199:AG:A,75161496,position_absent_in_GWAS
YLPM1,GCST90011766,rs35308116:75633642:CT:C,75166939,position_absent_in_GWAS
YLPM1,GCST90011766,rs147990412:75637899:GGAA:G,75171196,position_absent_in_GWAS
YLPM1,GCST90011766,rs11366602:75644857:GT:G,75178154,position_absent_in_GWAS
YLPM1,GCST90011766,rs34903218:75649790:T:TA,75183087,position_absent_in_GWAS
YLPM1,GCST90011766,rs11351733:75654929:AC:A,75188226,position_absent_in_GWAS
YLPM1,GCST90011766,rs10593937:75662679:CTGAG:C,75195976,position_absent_in_GWAS
YLPM1,GCST90011766,rs145732009:75666563:TTTG:T,75199860,position_absent_in_GWAS
YLPM1,GCST90011766,rs150903779:75666733:T:TTTTG,75200030,position_absent_in_GWAS
YLPM1,GCST90011766,rs112371094:75668789:CT:C,75202086,position_absent_in_GWAS
YLPM1,GCST90011766,rs34796348:75669750:G:GT,75203047,position_absent_in_GWAS
YLPM1,GCST90011766,rs113963248:75670358:TA:T,75203655,position_absent_in_GWAS
YLPM1,GCST90011766,rs199512633:75670739:CATCTT:C,75204036,position_absent_in_GWAS
YLPM1,GCST90011766,rs11335433:75675910:CT:C,75209207,position_absent_in_GWAS
YLPM1,GCST90011766,rs75732983:75677669:C:G,75210966,position_absent_in_GWAS
YLPM1,GCST90011766,rs201105776:75678968:C:CA,75212265,position_absent_in_GWAS
YLPM1,GCST90011766,rs61617176:75678978:G:GA,75212275,position_absent_in_GWAS
YLPM1,GCST90011766,rs113752059:75680350:C:CT,75213647,position_absent_in_GWAS
YLPM1,GCST90011766,rs34360074:75687309:CAAAG:C,75220606,position_absent_in_GWAS
YLPM1,GCST90011766,rs57284265:75689806:AT:A,75223103,position_absent_in_GWAS
YLPM1,GCST90011766,rs111253226:75692319:C:CA,75225616,position_absent_in_GWAS
YLPM1,GCST90011766,rs202006956:75701903:AT:A,75235200,position_absent_in_GWAS
YLPM1,GCST90011766,rs113668738:75702084:CA:C,75235381,position_absent_in_GWAS
YLPM1,GCST90011766,rs111843691:75705194:T:TA,75238491,position_absent_in_GWAS
YLPM1,GCST90011766,rs34741974:75706345:AT:A,75239642,position_absent_in_GWAS
YLPM1,GCST90011766,rs5809699:75713098:CA:C,75246395,position_absent_in_GWAS
YLPM1,GCST90011766,rs113844849:75715655:C:CA,75248952,position_absent_in_GWAS
YLPM1,GCST90011766,rs57290969:75717439:G:GA,75250736,position_absent_in_GWAS
YLPM1,GCST90011766,rs67204041:75718772:CAT:C,75252069,position_absent_in_GWAS
YLPM1,GCST90011766,rs145023521:75722081:AAAAG:A,75255378,position_absent_in_GWAS
YLPM1,GCST90011766,rs151175216:75725029:ACT:A,75258326,position_absent_in_GWAS
YLPM1,GCST90011766,rs77752202:75730370:CAAAAAAAAA:C,75263667,position_absent_in_GWAS
YLPM1,GCST90011766,rs4026017:75740642:TGGG:T,75273939,position_absent_in_GWAS
YLPM1,GCST90011766,rs3216792:75747407:AG:A,75280704,position_absent_in_GWAS
YLPM1,GCST90011766,14:75750890:CAAA:C,75284187,position_absent_in_GWAS
YLPM1,GCST90011766,rs10548721:75753001:AAGAG:A,75286298,position_absent_in_GWAS
YLPM1,GCST90011766,14:75753071:CA:C,75286368,position_absent_in_GWAS
YLPM1,GCST90011766,rs139324711:75759347:TAA:T,75292644,position_absent_in_GWAS
YLPM1,GCST90011766,rs58802026:75760034:A:AAC,75293331,position_absent_in_GWAS
YLPM1,GCST90011766,rs11435136:75766315:G:GA,75299612,position_absent_in_GWAS
YLPM1,GCST90011766,rs368422989:75769355:CT:C,75302652,position_absent_in_GWAS
YLPM1,GCST90011766,rs60454234:75771016:GA:G,75304313,position_absent_in_GWAS
YLPM1,GCST90011766,rs55884442:75771221:C:CT,75304518,position_absent_in_GWAS
YLPM1,GCST90011766,14:75771947:G:C,75305244,position_absent_in_GWAS
YLPM1,GCST90011766,rs79803796:75775218:TAG:T,75308515,position_absent_in_GWAS
YLPM1,GCST90011766,rs149349578:75775607:ATC:A,75308904,position_absent_in_GWAS
YLPM1,GCST90011766,rs139701411:75775623:CTCCTT:C,75308920,position_absent_in_GWAS
YLPM1,GCST90011766,rs57225898:75778835:AT:A,75312132,position_absent_in_GWAS
YLPM1,GCST90011766,rs11285189:75781208:CT:C,75314505,position_absent_in_GWAS
YLPM1,GCST90011766,rs201277279:75783095:G:GA,75316392,position_absent_in_GWAS
YLPM1,GCST90011766,rs67390988:75784741:AT:A,75318038,position_absent_in_GWAS
YLPM1,GCST90011766,rs35255022:75788041:ACTCT:A,75321338,position_absent_in_GWAS
YLPM1,GCST90011766,rs72296115:75788110:AT:A,75321407,position_absent_in_GWAS
YLPM1,GCST90011766,14:75792496:CTATTTTATTTTATTTTATTTTATTT:C,75325793,position_absent_in_GWAS
YLPM1,GCST90011766,rs34890289:75794536:TA:T,75327833,position_absent_in_GWAS
YLPM1,GCST90011766,rs149918954:75795404:GCCTCTCCCATCC:G,75328701,position_absent_in_GWAS
YLPM1,GCST90011766,rs34134739:75796828:C:CA,75330125,position_absent_in_GWAS
YLPM1,GCST90011766,rs368213190:75800107:TTTTC:T,75333404,position_absent_in_GWAS
YLPM1,GCST90011766,rs200478554:75800559:GGA:G,75333856,position_absent_in_GWAS
YLPM1,GCST90011766,rs71119359:75804183:T:TA,75337480,position_absent_in_GWAS
YLPM1,GCST90011766,rs66507860:75804855:AG:A,75338152,position_absent_in_GWAS
YLPM1,GCST90011766,rs1882833:75804856:G:A,75338153,position_absent_in_GWAS
YLPM1,GCST90011766,rs147592271:75810248:AC:A,75343545,position_absent_in_GWAS
YLPM1,GCST90011766,rs10707079:75811967:AT:A,75345264,position_absent_in_GWAS
YLPM1,GCST90011766,rs75573516:75822084:CTG:C,75355381,position_absent_in_GWAS
YLPM1,GCST90011766,rs78355014:75822371:AT:A,75355668,position_absent_in_GWAS
YLPM1,GCST90011766,rs138708205:75822424:AATAC:A,75355721,position_absent_in_GWAS
YLPM1,GCST90011766,14:75824326:A:G,75357623,position_absent_in_GWAS
YLPM1,GCST90011766,rs35408085:75825226:CT:C,75358523,position_absent_in_GWAS
YLPM1,GCST90011766,rs35623518:75825458:CT:C,75358755,position_absent_in_GWAS
YLPM1,GCST90011766,rs34291029:75835778:C:CT,75369075,position_absent_in_GWAS
YLPM1,GCST90011766,rs139948389:75838621:AAAT:A,75371918,position_absent_in_GWAS
YLPM1,GCST90011766,rs34970808:75844713:CT:C,75378010,position_absent_in_GWAS
YLPM1,GCST90011766,rs145186912:75846551:GA:G,75379848,position_absent_in_GWAS
YLPM1,GCST90011766,rs33964417:75848193:TA:T,75381490,position_absent_in_GWAS
YLPM1,GCST90011766,rs34638224:75848965:AT:A,75382262,position_absent_in_GWAS
YLPM1,GCST90011766,rs34555998:75852291:CA:C,75385588,position_absent_in_GWAS
YLPM1,GCST90011766,rs56070995:75863675:TAA:T,75396972,position_absent_in_GWAS
YLPM1,GCST90011766,rs34930581:75863773:GA:G,75397070,position_absent_in_GWAS
YLPM1,GCST90011766,rs201237222:75864822:A:AT,75398119,position_absent_in_GWAS
YLPM1,GCST90011766,rs368026981:75864904:AAAAAAAAAGAG:A,75398201,position_absent_in_GWAS
YLPM1,GCST90011766,rs34695694:75866789:AT:A,75400086,position_absent_in_GWAS
YLPM1,GCST90011766,rs11296931:75872323:CA:C,75405620,position_absent_in_GWAS
YLPM1,GCST90011766,rs78050098:75873359:T:TTC,75406656,position_absent_in_GWAS
YLPM1,GCST90011766,rs34775832:75874266:C:CT,75407563,position_absent_in_GWAS
YLPM1,GCST90011766,rs58736488:75874699:CAAAAAAAAAA:C,75407996,position_absent_in_GWAS
YLPM1,GCST90011766,rs201241015:75875245:T:TA,75408542,position_absent_in_GWAS
YLPM1,GCST90011766,rs140721010:75879577:TG:T,75412874,position_absent_in_GWAS
YLPM1,GCST90011766,rs11343314:75883593:TC:T,75416890,position_absent_in_GWAS
YLPM1,GCST90011766,rs11440462:75884097:G:GA,75417394,position_absent_in_GWAS
YLPM1,GCST90011766,rs55774466:75884896:ATTTG:A,75418193,position_absent_in_GWAS
YLPM1,GCST90011766,rs72407516:75885636:TTGAA:T,75418933,position_absent_in_GWAS
YLPM1,GCST90011766,rs34592704:75886127:CA:C,75419424,position_absent_in_GWAS
YLPM1,GCST90011766,rs34393267:75902941:TG:T,75436238,position_absent_in_GWAS
YLPM1,GCST90011766,rs11302124:75903875:CA:C,75437172,position_absent_in_GWAS
YLPM1,GCST90011766,rs11409834:75910612:A:AT,75443909,position_absent_in_GWAS
YLPM1,GCST90011766,rs34492646:75914312:GC:G,75447609,position_absent_in_GWAS
YLPM1,GCST90011766,rs35602019:75932741:TA:T,75466038,position_absent_in_GWAS
YLPM1,GCST90011766,rs35536778:75948969:C:CAATA,75482266,position_absent_in_GWAS
YLPM1,GCST90011766,rs370239599:75953233:AAAG:A,75486530,position_absent_in_GWAS
YLPM1,GCST90011766,rs148650469:75954573:TTTG:T,75488230,position_absent_in_GWAS
YLPM1,GCST90011766,14:75954937:A:AGTATAT,75488594,position_absent_in_GWAS
YLPM1,GCST90011766,14:75959059:A:AAAAG,75492716,position_absent_in_GWAS
YLPM1,GCST90011766,rs67416621:75960750:CTT:C,75494407,position_absent_in_GWAS
YLPM1,GCST90011766,rs11384266:75965654:C:CT,75499311,position_absent_in_GWAS
YLPM1,GCST90011766,rs372225721:75969725:CT:C,75503382,position_absent_in_GWAS
YLPM1,GCST90011766,rs369502679:75969879:TTTTTCTTTTC:T,75503536,position_absent_in_GWAS
YLPM1,GCST90011766,rs5809710:75971201:CAT:C,75504858,position_absent_in_GWAS
YLPM1,GCST90011766,rs144103246:75975425:TTGA:T,75509082,position_absent_in_GWAS
YLPM1,GCST90011766,rs71119374:75983650:CCT:C,75517307,position_absent_in_GWAS
YLPM1,GCST90011766,rs34162352:75984071:C:CT,75517728,position_absent_in_GWAS
YLPM1,GCST90011766,rs5809713:75988109:T:TTTC,75521766,position_absent_in_GWAS
YLPM1,GCST90011766,14:75996404:CA:C,75530061,position_absent_in_GWAS
YLPM1,GCST90011766,rs142263347:76003382:GTTC:G,75537039,position_absent_in_GWAS
YLPM1,GCST90011766,rs147049789:76009805:A:AC,75543462,position_absent_in_GWAS
YLPM1,GCST90011766,14:76010171:C:CA,75543828,position_absent_in_GWAS
YLPM1,GCST90011766,rs60729859:76013520:GTCTCCTTCTCCT:G,75547177,position_absent_in_GWAS
YLPM1,GCST90011766,rs144252728:76016340:TTC:T,75549997,position_absent_in_GWAS
YLPM1,GCST90011766,rs149545562:76019779:ATT:A,75553436,position_absent_in_GWAS
YLPM1,GCST90011766,14:76022011:CT:C,75555668,position_absent_in_GWAS
YLPM1,GCST90011766,rs71303888:76024437:AT:A,75558094,position_absent_in_GWAS
YLPM1,GCST90011766,rs72166004:76025929:CCTT:C,75559586,position_absent_in_GWAS
YLPM1,GCST90011766,14:76029252:CT:C,75562909,position_absent_in_GWAS
YLPM1,GCST90011766,rs34634673:76041228:G:GT,75574885,position_absent_in_GWAS
YLPM1,GCST90011766,rs148092740:76045193:GTC:G,75578850,position_absent_in_GWAS
YLPM1,GCST90011766,rs59485467:76063634:AAAG:A,75597291,position_absent_in_GWAS
YLPM1,GCST90011766,rs149988837:76063920:C:CT,75597577,position_absent_in_GWAS
YLPM1,GCST90011766,rs35898436:76067219:CA:C,75600876,position_absent_in_GWAS
YLPM1,GCST90011766,rs11306197:76070905:TA:T,75604562,position_absent_in_GWAS
YLPM1,GCST90011766,rs140729219:76078526:GCA:G,75612183,position_absent_in_GWAS
YLPM1,GCST90011770,rs59819061:74235214:CTTTTTTTT:C,73768511,position_absent_in_GWAS
YLPM1,GCST90011770,rs71460918:74236292:T:TTTTTG,73769589,position_absent_in_GWAS
YLPM1,GCST90011770,rs57653729:74236616:TG:T,73769913,position_absent_in_GWAS
YLPM1,GCST90011770,rs150185844:74239540:TTTG:T,73772837,position_absent_in_GWAS
YLPM1,GCST90011770,rs35223288:74248264:CCT:C,73781561,position_absent_in_GWAS
YLPM1,GCST90011770,rs146806755:74254599:TAG:T,73787896,position_absent_in_GWAS
YLPM1,GCST90011770,rs34093953:74258238:GTAA:G,73791535,position_absent_in_GWAS
YLPM1,GCST90011770,rs201541691:74260176:C:CA,73793473,position_absent_in_GWAS
YLPM1,GCST90011770,rs66461070:74263978:CA:C,73797275,position_absent_in_GWAS
YLPM1,GCST90011770,rs56352049:74265306:TA:T,73798603,position_absent_in_GWAS
YLPM1,GCST90011770,rs35887597:74265691:TA:T,73798988,position_absent_in_GWAS
YLPM1,GCST90011770,rs371090029:74267124:CA:C,73800421,position_absent_in_GWAS
YLPM1,GCST90011770,rs71460924:74270310:T:TA,73803607,position_absent_in_GWAS
YLPM1,GCST90011770,rs34461029:74272792:CA:C,73806089,position_absent_in_GWAS
YLPM1,GCST90011770,14:74274844:CT:C,73808141,position_absent_in_GWAS
YLPM1,GCST90011770,rs56258737:74278762:C:CA,73812059,position_absent_in_GWAS
YLPM1,GCST90011770,rs36004173:74280699:TA:T,73813996,position_absent_in_GWAS
YLPM1,GCST90011770,14:74281714:C:CA,73815011,position_absent_in_GWAS
YLPM1,GCST90011770,rs72302283:74283064:GGAGA:G,73816361,position_absent_in_GWAS
YLPM1,GCST90011770,rs139609064:74284920:GC:G,73818217,position_absent_in_GWAS
YLPM1,GCST90011770,rs375416968:74285266:TA:T,73818563,position_absent_in_GWAS
YLPM1,GCST90011770,14:74285980:CT:C,73819277,position_absent_in_GWAS
YLPM1,GCST90011770,14:74286463:CA:C,73819760,position_absent_in_GWAS
YLPM1,GCST90011770,rs34270929:74288951:CT:C,73822248,position_absent_in_GWAS
YLPM1,GCST90011770,rs11439716:74290781:C:CT,73824078,position_absent_in_GWAS
YLPM1,GCST90011770,rs10616022:74291116:AAGAC:A,73824413,position_absent_in_GWAS
YLPM1,GCST90011770,rs35244712:74292444:TAA:T,73825741,position_absent_in_GWAS
YLPM1,GCST90011770,rs141229211:74292904:AG:A,73826201,position_absent_in_GWAS
YLPM1,GCST90011770,rs201733568:74294642:C:CT,73827939,position_absent_in_GWAS
YLPM1,GCST90011770,14:74294643:C:CAT,73827940,position_absent_in_GWAS
YLPM1,GCST90011770,rs200841037:74294644:G:GC,73827941,position_absent_in_GWAS
YLPM1,GCST90011770,rs201037083:74294908:TATATAC:T,73828205,position_absent_in_GWAS
YLPM1,GCST90011770,rs142964019:74295081:TCTGA:T,73828378,position_absent_in_GWAS
YLPM1,GCST90011770,rs201327034:74297613:TTTC:T,73830910,position_absent_in_GWAS
YLPM1,GCST90011770,rs11424982:74300164:C:CT,73833461,position_absent_in_GWAS
YLPM1,GCST90011770,rs375607491:74301665:TTA:T,73834962,position_absent_in_GWAS
YLPM1,GCST90011770,rs11409207:74304490:A:AT,73837787,position_absent_in_GWAS
YLPM1,GCST90011770,rs142598223:74305009:CT:C,73838306,position_absent_in_GWAS
YLPM1,GCST90011770,rs145857052:74306627:C:CT,73839924,position_absent_in_GWAS
YLPM1,GCST90011770,rs202173357:74307097:CA:C,73840394,position_absent_in_GWAS
YLPM1,GCST90011770,rs58805214:74308515:ATGTTTT:A,73841812,position_absent_in_GWAS
YLPM1,GCST90011770,rs3076694:74310270:C:CCCCT,73843567,position_absent_in_GWAS
YLPM1,GCST90011770,14:74310885:CA:C,73844182,position_absent_in_GWAS
YLPM1,GCST90011770,rs58789771:74311607:AT:A,73844904,position_absent_in_GWAS
YLPM1,GCST90011770,rs56364415:74311904:AT:A,73845201,position_absent_in_GWAS
YLPM1,GCST90011770,rs56371410:74312919:CAA:C,73846216,position_absent_in_GWAS
YLPM1,GCST90011770,rs372660914:74314670:ATTTTTTTTTTTTTTTTTTTTT:A,73847967,position_absent_in_GWAS
YLPM1,GCST90011770,rs60352417:74316664:CAAAAAAAAAAAA:C,73849961,position_absent_in_GWAS
YLPM1,GCST90011770,rs11292350:74320051:GT:G,73853348,position_absent_in_GWAS
YLPM1,GCST90011770,rs34887856:74323116:A:AT,73856413,position_absent_in_GWAS
YLPM1,GCST90011770,rs143781299:74323820:CAG:C,73857117,position_absent_in_GWAS
YLPM1,GCST90011770,rs35564304:74325016:GA:G,73858313,position_absent_in_GWAS
YLPM1,GCST90011770,rs5809632:74326487:TA:T,73859784,position_absent_in_GWAS
YLPM1,GCST90011770,rs35206130:74326568:G:GT,73859865,position_absent_in_GWAS
YLPM1,GCST90011770,14:74333791:CAAAA:C,73867088,position_absent_in_GWAS
YLPM1,GCST90011770,rs35088714:74334205:TA:T,73867502,position_absent_in_GWAS
YLPM1,GCST90011770,rs34798468:74336276:CA:C,73869573,position_absent_in_GWAS
YLPM1,GCST90011770,14:74336896:C:CT,73870193,position_absent_in_GWAS
YLPM1,GCST90011770,rs140534483:74340021:AAAAG:A,73873318,position_absent_in_GWAS
YLPM1,GCST90011770,rs373183552:74340168:CT:C,73873465,position_absent_in_GWAS
YLPM1,GCST90011770,rs202193452:74342441:CT:C,73875738,position_absent_in_GWAS
YLPM1,GCST90011770,rs150196513:74343979:AT:A,73877276,position_absent_in_GWAS
YLPM1,GCST90011770,rs112355112:74347121:CA:C,73880418,position_absent_in_GWAS
YLPM1,GCST90011770,rs111478120:74350063:CT:C,73883360,position_absent_in_GWAS
YLPM1,GCST90011770,rs66810906:74356513:TTC:T,73889810,position_absent_in_GWAS
YLPM1,GCST90011770,rs34857294:74357794:CT:C,73891091,position_absent_in_GWAS
YLPM1,GCST90011770,rs140665239:74358703:CCT:C,73892000,position_absent_in_GWAS
YLPM1,GCST90011770,rs34199208:74362244:T:TA,73895541,position_absent_in_GWAS
YLPM1,GCST90011770,14:74364674:CA:C,73897971,position_absent_in_GWAS
YLPM1,GCST90011770,rs75896997:74365332:GT:G,73898629,position_absent_in_GWAS
YLPM1,GCST90011770,rs201313257:74368773:GT:G,73902070,position_absent_in_GWAS
YLPM1,GCST90011770,rs35370876:74371467:TA:T,73904764,position_absent_in_GWAS
YLPM1,GCST90011770,rs369772096:74373011:CT:C,73906308,position_absent_in_GWAS
YLPM1,GCST90011770,rs371940267:74376310:TG:T,73909607,position_absent_in_GWAS
YLPM1,GCST90011770,rs34162465:74378872:CT:C,73912169,position_absent_in_GWAS
YLPM1,GCST90011770,rs113148965:74379013:CA:C,73912310,position_absent_in_GWAS
YLPM1,GCST90011770,rs371094338:74379573:CT:C,73912870,position_absent_in_GWAS
YLPM1,GCST90011770,rs112532996:74379752:AT:A,73913049,position_absent_in_GWAS
YLPM1,GCST90011770,rs199555385:74381964:C:CA,73915261,position_absent_in_GWAS
YLPM1,GCST90011770,rs34020079:74383513:CAA:C,73916810,position_absent_in_GWAS
YLPM1,GCST90011770,rs34270029:74383664:CAG:C,73916961,position_absent_in_GWAS
YLPM1,GCST90011770,rs71305806:74391386:C:CT,73924683,position_absent_in_GWAS
YLPM1,GCST90011770,rs58959688:74392136:CT:C,73925433,position_absent_in_GWAS
YLPM1,GCST90011770,rs34942142:74393444:TG:T,73926741,position_absent_in_GWAS
YLPM1,GCST90011770,rs11461357:74394535:A:AT,73927832,position_absent_in_GWAS
YLPM1,GCST90011770,rs11452149:74396516:T:TA,73929813,position_absent_in_GWAS
YLPM1,GCST90011770,rs11421857:74402251:T:TA,73935548,position_absent_in_GWAS
YLPM1,GCST90011770,rs200473639:74403777:CAT:C,73937074,position_absent_in_GWAS
YLPM1,GCST90011770,rs5809637:74403798:GA:G,73937095,position_absent_in_GWAS
YLPM1,GCST90011770,14:74407811:CTT:C,73941108,position_absent_in_GWAS
YLPM1,GCST90011770,rs60789767:74414088:C:CA,73947385,position_absent_in_GWAS
YLPM1,GCST90011770,rs60171220:74414628:AT:A,73947925,position_absent_in_GWAS
YLPM1,GCST90011770,rs35341495:74416222:A:AT,73949519,position_absent_in_GWAS
YLPM1,GCST90011770,rs148549829:74416403:TTTCTC:T,73949700,position_absent_in_GWAS
YLPM1,GCST90011770,rs149145286:74418078:CTT:C,73951375,position_absent_in_GWAS
YLPM1,GCST90011770,rs143983947:74420524:ATGT:A,73953821,position_absent_in_GWAS
YLPM1,GCST90011770,14:74421657:AT:A,73954954,position_absent_in_GWAS
YLPM1,GCST90011770,rs143222231:74423356:ATCCACTT:A,73956653,position_absent_in_GWAS
YLPM1,GCST90011770,rs141459361:74429264:G:GA,73962561,position_absent_in_GWAS
YLPM1,GCST90011770,rs57794133:74429409:TTA:T,73962706,position_absent_in_GWAS
YLPM1,GCST90011770,14:74434502:CAA:C,73967799,position_absent_in_GWAS
YLPM1,GCST90011770,rs139171971:74436002:CAG:C,73969299,position_absent_in_GWAS
YLPM1,GCST90011770,rs113156308:74437865:GT:G,73971162,position_absent_in_GWAS
YLPM1,GCST90011770,rs11320515:74439382:TA:T,73972679,position_absent_in_GWAS
YLPM1,GCST90011770,14:74442106:CTT:C,73975403,position_absent_in_GWAS
YLPM1,GCST90011770,rs113384416:74445304:C:CAAACA,73978601,position_absent_in_GWAS
YLPM1,GCST90011770,14:74446175:C:CT,73979472,position_absent_in_GWAS
YLPM1,GCST90011770,rs140409853:74448197:G:GTA,73981494,position_absent_in_GWAS
YLPM1,GCST90011770,rs56117033:74448510:CA:C,73981807,position_absent_in_GWAS
YLPM1,GCST90011770,rs71907518:74449980:CCT:C,73983277,position_absent_in_GWAS
YLPM1,GCST90011770,rs201370826:74450396:TA:T,73983693,position_absent_in_GWAS
YLPM1,GCST90011770,rs145826937:74450764:CTT:C,73984061,position_absent_in_GWAS
YLPM1,GCST90011770,rs199818408:74453706:AT:A,73987003,position_absent_in_GWAS
YLPM1,GCST90011770,rs67647627:74458311:CA:C,73991608,position_absent_in_GWAS
YLPM1,GCST90011770,rs199594365:74459386:CAAAAAAAA:C,73992683,position_absent_in_GWAS
YLPM1,GCST90011770,rs199579611:74460636:AAC:A,73993933,position_absent_in_GWAS
YLPM1,GCST90011770,rs34061808:74461751:AT:A,73995048,position_absent_in_GWAS
YLPM1,GCST90011770,rs35138656:74462288:AAAT:A,73995585,position_absent_in_GWAS
YLPM1,GCST90011770,rs34536315:74466790:CA:C,74000087,position_absent_in_GWAS
YLPM1,GCST90011770,rs148678859:74470893:CAG:C,74004190,position_absent_in_GWAS
YLPM1,GCST90011770,rs200270127:74474068:T:TA,74007365,position_absent_in_GWAS
YLPM1,GCST90011770,rs372239362:74474534:AAT:A,74007831,position_absent_in_GWAS
YLPM1,GCST90011770,rs147211263:74475856:CAGA:C,74009153,position_absent_in_GWAS
YLPM1,GCST90011770,rs57848975:74477257:C:CA,74010554,position_absent_in_GWAS
YLPM1,GCST90011770,rs142371267:74481093:CA:C,74014390,position_absent_in_GWAS
YLPM1,GCST90011770,rs72486473:74484029:AAG:A,74017326,position_absent_in_GWAS
YLPM1,GCST90011770,rs375780216:74484272:ACT:A,74017569,position_absent_in_GWAS
YLPM1,GCST90011770,rs11287731:74486946:AT:A,74020243,position_absent_in_GWAS
YLPM1,GCST90011770,rs33959730:74487208:CT:C,74020505,position_absent_in_GWAS
YLPM1,GCST90011770,rs202166090:74492608:T:TG,74025905,position_absent_in_GWAS
YLPM1,GCST90011770,14:74492843:C:CA,74026140,position_absent_in_GWAS
YLPM1,GCST90011770,rs200271464:74493618:ACT:A,74026915,position_absent_in_GWAS
YLPM1,GCST90011770,rs201489319:74493633:GAA:G,74026930,position_absent_in_GWAS
YLPM1,GCST90011770,rs147466614:74495218:T:TAGAA,74028515,position_absent_in_GWAS
YLPM1,GCST90011770,14:74495651:C:CCACA,74028948,position_absent_in_GWAS
YLPM1,GCST90011770,rs201835078:74499192:C:CT,74032489,position_absent_in_GWAS
YLPM1,GCST90011770,rs71115945:74499919:AT:A,74033216,position_absent_in_GWAS
YLPM1,GCST90011770,rs141637204:74501929:TA:T,74035226,position_absent_in_GWAS
YLPM1,GCST90011770,rs72129796:74502559:TCACA:T,74035856,position_absent_in_GWAS
YLPM1,GCST90011770,rs35769157:74503386:C:CA,74036683,position_absent_in_GWAS
YLPM1,GCST90011770,rs201370950:74505110:AT:A,74038407,position_absent_in_GWAS
YLPM1,GCST90011770,rs35078321:74506298:A:AT,74039595,position_absent_in_GWAS
YLPM1,GCST90011770,rs141688431:74506763:TCA:T,74040060,position_absent_in_GWAS
YLPM1,GCST90011770,rs72019658:74508740:AAAC:A,74042037,position_absent_in_GWAS
YLPM1,GCST90011770,rs3082878:74513105:CATCCAGGCT:C,74046402,position_absent_in_GWAS
YLPM1,GCST90011770,rs35753773:74516082:T:TA,74049379,position_absent_in_GWAS
YLPM1,GCST90011770,rs142399602:74519637:AGGCTGCAGTGAGCCAT:A,74052934,position_absent_in_GWAS
YLPM1,GCST90011770,14:74521381:C:CT,74054678,position_absent_in_GWAS
YLPM1,GCST90011770,rs200751645:74522736:T:TA,74056033,position_absent_in_GWAS
YLPM1,GCST90011770,rs71460949:74522901:A:AT,74056198,position_absent_in_GWAS
YLPM1,GCST90011770,rs200205554:74525299:C:CT,74058596,position_absent_in_GWAS
YLPM1,GCST90011770,rs10564858:74528288:CAA:C,74061585,position_absent_in_GWAS
YLPM1,GCST90011770,rs71460951:74529511:GA:G,74062808,position_absent_in_GWAS
YLPM1,GCST90011770,rs372681195:74529893:CT:C,74063190,position_absent_in_GWAS
YLPM1,GCST90011770,rs71115948:74530568:CA:C,74063865,position_absent_in_GWAS
YLPM1,GCST90011770,14:74540620:CA:C,74073917,position_absent_in_GWAS
YLPM1,GCST90011770,rs201196501:74545063:CT:C,74078360,position_absent_in_GWAS
YLPM1,GCST90011770,rs112520921:74546132:GT:G,74079429,position_absent_in_GWAS
YLPM1,GCST90011770,rs4646854:74550214:GA:G,74083511,position_absent_in_GWAS
YLPM1,GCST90011770,rs34499648:74552408:CAATT:C,74085705,position_absent_in_GWAS
YLPM1,GCST90011770,rs34078951:74553372:GA:G,74086669,position_absent_in_GWAS
YLPM1,GCST90011770,rs151235071:74553651:G:GA,74086948,position_absent_in_GWAS
YLPM1,GCST90011770,rs138770843:74556499:TA:T,74089796,position_absent_in_GWAS
YLPM1,GCST90011770,rs112639675:74558467:ACT:A,74091764,position_absent_in_GWAS
YLPM1,GCST90011770,14:74558476:CA:C,74091773,position_absent_in_GWAS
YLPM1,GCST90011770,rs71115955:74559018:GT:G,74092315,position_absent_in_GWAS
YLPM1,GCST90011770,rs61367762:74561436:C:CT,74094733,position_absent_in_GWAS
YLPM1,GCST90011770,rs10587416:74562541:CTT:C,74095838,position_absent_in_GWAS
YLPM1,GCST90011770,rs140178951:74569645:CAT:C,74102942,position_absent_in_GWAS
YLPM1,GCST90011770,14:74570130:ATTTTTTTTTTTTT:A,74103427,position_absent_in_GWAS
YLPM1,GCST90011770,rs71115957:74570436:GT:G,74103733,position_absent_in_GWAS
YLPM1,GCST90011770,rs201667013:74571294:A:AT,74104591,position_absent_in_GWAS
YLPM1,GCST90011770,rs138992205:74574905:GCTTT:G,74108202,position_absent_in_GWAS
YLPM1,GCST90011770,rs372748686:74578158:ATT:A,74111455,position_absent_in_GWAS
YLPM1,GCST90011770,rs372218709:74578309:GTATT:G,74111606,position_absent_in_GWAS
YLPM1,GCST90011770,rs139884141:74578570:TTTTTTTTC:T,74111867,position_absent_in_GWAS
YLPM1,GCST90011770,rs372736982:74582179:CTG:C,74115476,position_absent_in_GWAS
YLPM1,GCST90011770,rs369107859:74583005:CAAAAAAT:C,74116302,position_absent_in_GWAS
YLPM1,GCST90011770,rs10591434:74583012:TAAAAAA:T,74116309,position_absent_in_GWAS
YLPM1,GCST90011770,rs3216533:74584630:CA:C,74117927,position_absent_in_GWAS
YLPM1,GCST90011770,14:74585863:CT:C,74119160,position_absent_in_GWAS
YLPM1,GCST90011770,rs71115960:74586010:GC:G,74119307,position_absent_in_GWAS
YLPM1,GCST90011770,rs78079658:74586539:CT:C,74119836,position_absent_in_GWAS
YLPM1,GCST90011770,14:74587457:C:CA,74120754,position_absent_in_GWAS
YLPM1,GCST90011770,rs11332437:74588428:CT:C,74121725,position_absent_in_GWAS
YLPM1,GCST90011770,rs74777859:74589587:CAAACAA:C,74122884,position_absent_in_GWAS
YLPM1,GCST90011770,rs138610644:74589604:A:AAAAAC,74122901,position_absent_in_GWAS
YLPM1,GCST90011770,rs35775748:74592739:T:TA,74126036,position_absent_in_GWAS
YLPM1,GCST90011770,rs142747496:74597651:AT:A,74130948,position_absent_in_GWAS
YLPM1,GCST90011770,rs138444518:74597657:A:ATTAT,74130954,position_absent_in_GWAS
YLPM1,GCST90011770,rs143147506:74601343:AT:A,74134640,position_absent_in_GWAS
YLPM1,GCST90011770,rs34777883:74602250:AT:A,74135547,position_absent_in_GWAS
YLPM1,GCST90011770,rs11305985:74602522:GT:G,74135819,position_absent_in_GWAS
YLPM1,GCST90011770,rs78447334:74604010:ATAT:A,74137307,position_absent_in_GWAS
YLPM1,GCST90011770,rs35627946:74605472:C:CA,74138769,position_absent_in_GWAS
YLPM1,GCST90011770,rs144807819:74605723:TA:T,74139020,position_absent_in_GWAS
YLPM1,GCST90011770,rs60487392:74610830:AT:A,74144127,position_absent_in_GWAS
YLPM1,GCST90011770,rs141927261:74615444:G:GA,74148741,position_absent_in_GWAS
YLPM1,GCST90011770,rs68112555:74618207:TTAAAA:T,74151504,position_absent_in_GWAS
YLPM1,GCST90011770,rs11325725:74625184:TG:T,74158481,position_absent_in_GWAS
YLPM1,GCST90011770,rs35991875:74630687:A:AT,74163984,position_absent_in_GWAS
YLPM1,GCST90011770,rs35317050:74634669:A:AT,74167966,position_absent_in_GWAS
YLPM1,GCST90011770,rs57293533:74637209:CA:C,74170506,position_absent_in_GWAS
YLPM1,GCST90011770,rs58342051:74637584:AT:A,74170881,position_absent_in_GWAS
YLPM1,GCST90011770,14:74637721:CA:C,74171018,position_absent_in_GWAS
YLPM1,GCST90011770,rs59113909:74638408:TTA:T,74171705,position_absent_in_GWAS
YLPM1,GCST90011770,rs34353375:74644183:AAT:A,74177480,position_absent_in_GWAS
YLPM1,GCST90011770,rs35242538:74645335:AT:A,74178632,position_absent_in_GWAS
YLPM1,GCST90011770,rs60035088:74648353:TACAG:T,74181650,position_absent_in_GWAS
YLPM1,GCST90011770,rs4026727:74648860:CATG:C,74182157,position_absent_in_GWAS
YLPM1,GCST90011770,rs5809653:74649805:TC:T,74183102,position_absent_in_GWAS
YLPM1,GCST90011770,rs68037994:74657092:CTTT:C,74190389,position_absent_in_GWAS
YLPM1,GCST90011770,rs71449181:74658789:AC:A,74192086,position_absent_in_GWAS
YLPM1,GCST90011770,rs34984934:74660120:TA:T,74193417,position_absent_in_GWAS
YLPM1,GCST90011770,rs59983890:74672396:TA:T,74205693,position_absent_in_GWAS
YLPM1,GCST90011770,14:74673094:G:GCCTC,74206391,position_absent_in_GWAS
YLPM1,GCST90011770,rs144065224:74677767:GAC:G,74211064,position_absent_in_GWAS
YLPM1,GCST90011770,rs71449183:74682030:CAAAA:C,74215327,position_absent_in_GWAS
YLPM1,GCST90011770,rs11390505:74686515:G:GC,74219812,position_absent_in_GWAS
YLPM1,GCST90011770,rs71303901:74693721:G:GT,74227018,position_absent_in_GWAS
YLPM1,GCST90011770,rs112459840:74696445:G:GTTGT,74229742,position_absent_in_GWAS
YLPM1,GCST90011770,rs199735353:74698372:AAG:A,74231669,position_absent_in_GWAS
YLPM1,GCST90011770,rs58098762:74699071:C:CA,74232368,position_absent_in_GWAS
YLPM1,GCST90011770,rs11314588:74700862:CG:C,74234159,position_absent_in_GWAS
YLPM1,GCST90011770,rs34235832:74702608:C:CT,74235905,position_absent_in_GWAS
YLPM1,GCST90011770,rs71698527:74703623:CT:C,74236920,position_absent_in_GWAS
YLPM1,GCST90011770,rs71115970:74709320:C:CT,74242617,position_absent_in_GWAS
YLPM1,GCST90011770,rs113901119:74710258:CT:C,74243555,position_absent_in_GWAS
YLPM1,GCST90011770,rs149163494:74713043:CG:C,74246340,position_absent_in_GWAS
YLPM1,GCST90011770,rs34470396:74714503:T:TA,74247800,position_absent_in_GWAS
YLPM1,GCST90011770,rs57369966:74715407:C:CA,74248704,position_absent_in_GWAS
YLPM1,GCST90011770,rs140976408:74716951:AAT:A,74250248,position_absent_in_GWAS
YLPM1,GCST90011770,rs111906304:74717407:A:AT,74250704,position_absent_in_GWAS
YLPM1,GCST90011770,rs59786099:74718522:CAG:C,74251819,position_absent_in_GWAS
YLPM1,GCST90011770,rs77697300:74719201:CTCCTGCCTCATCCTCCTGAG:C,74252498,position_absent_in_GWAS
YLPM1,GCST90011770,rs34396021:74719751:CA:C,74253048,position_absent_in_GWAS
YLPM1,GCST90011770,14:74721487:A:AT,74254784,position_absent_in_GWAS
YLPM1,GCST90011770,rs142143044:74722469:CTCTG:C,74255766,position_absent_in_GWAS
YLPM1,GCST90011770,rs10592020:74729166:CTT:C,74262463,position_absent_in_GWAS
YLPM1,GCST90011770,rs35641565:74736541:C:CT,74269838,position_absent_in_GWAS
YLPM1,GCST90011770,rs11385593:74742806:C:CA,74276103,position_absent_in_GWAS
YLPM1,GCST90011770,rs35294707:74744102:C:CT,74277399,position_absent_in_GWAS
YLPM1,GCST90011770,rs61524280:74747057:AC:A,74280354,position_absent_in_GWAS
YLPM1,GCST90011770,rs3837654:74754238:CAG:C,74287535,position_absent_in_GWAS
YLPM1,GCST90011770,rs60498100:74755814:CAAAAAAAAA:C,74289111,position_absent_in_GWAS
YLPM1,GCST90011770,rs58682308:74760760:CT:C,74294057,position_absent_in_GWAS
YLPM1,GCST90011770,14:74766766:CAAA:C,74300063,position_absent_in_GWAS
YLPM1,GCST90011770,14:74767296:CA:C,74300593,position_absent_in_GWAS
YLPM1,GCST90011770,rs71115979:74772033:CAAAAAA:C,74305330,position_absent_in_GWAS
YLPM1,GCST90011770,rs11290399:74775569:GT:G,74308866,position_absent_in_GWAS
YLPM1,GCST90011770,rs77689318:74778447:GA:G,74311744,position_absent_in_GWAS
YLPM1,GCST90011770,rs34712936:74778475:C:CT,74311772,position_absent_in_GWAS
YLPM1,GCST90011770,rs71873401:74779457:G:GT,74312754,position_absent_in_GWAS
YLPM1,GCST90011770,rs370697776:74783340:CT:C,74316637,position_absent_in_GWAS
YLPM1,GCST90011770,14:74788208:CT:C,74321505,position_absent_in_GWAS
YLPM1,GCST90011770,rs11408933:74788855:A:AT,74322152,position_absent_in_GWAS
YLPM1,GCST90011770,rs58625748:74790846:CT:C,74324143,position_absent_in_GWAS
YLPM1,GCST90011770,rs113777746:74792274:GC:G,74325571,position_absent_in_GWAS
YLPM1,GCST90011770,rs112807869:74794960:AG:A,74328257,position_absent_in_GWAS
YLPM1,GCST90011770,rs57850959:74795978:C:CA,74329275,position_absent_in_GWAS
YLPM1,GCST90011770,rs34686412:74797144:C:CT,74330441,position_absent_in_GWAS
YLPM1,GCST90011770,rs36042325:74797922:T:TAAAC,74331219,position_absent_in_GWAS
YLPM1,GCST90011770,rs113250765:74802443:AT:A,74335740,position_absent_in_GWAS
YLPM1,GCST90011770,rs36068153:74808687:GC:G,74341984,position_absent_in_GWAS
YLPM1,GCST90011770,rs35159504:74808951:G:GA,74342248,position_absent_in_GWAS
YLPM1,GCST90011770,14:74812049:ATTT:A,74345346,position_absent_in_GWAS
YLPM1,GCST90011770,rs59810913:74818198:GT:G,74351495,position_absent_in_GWAS
YLPM1,GCST90011770,14:74818555:C:CT,74351852,position_absent_in_GWAS
YLPM1,GCST90011770,rs142033742:74830482:CA:C,74363779,position_absent_in_GWAS
YLPM1,GCST90011770,rs5809662:74838280:AT:A,74371577,position_absent_in_GWAS
YLPM1,GCST90011770,14:74839457:CA:C,74372754,position_absent_in_GWAS
YLPM1,GCST90011770,rs71115990:74841933:TA:T,74375230,position_absent_in_GWAS
YLPM1,GCST90011770,rs146328869:74848835:A:AAAACAAAC,74382132,position_absent_in_GWAS
YLPM1,GCST90011770,14:74851901:ATATGGGTGCTCCTG:A,74385198,position_absent_in_GWAS
YLPM1,GCST90011770,rs200291887:74854447:C:CT,74387744,position_absent_in_GWAS
YLPM1,GCST90011770,14:74857469:C:CCTTT,74390766,position_absent_in_GWAS
YLPM1,GCST90011770,rs201928532:74862293:AAAG:A,74395590,position_absent_in_GWAS
YLPM1,GCST90011770,rs72311182:74870670:ATC:A,74403967,position_absent_in_GWAS
YLPM1,GCST90011770,rs10642138:74875751:T:TTTTA,74409048,position_absent_in_GWAS
YLPM1,GCST90011770,rs72355761:74880479:TCACA:T,74413776,position_absent_in_GWAS
YLPM1,GCST90011770,rs111851921:74889356:T:TCA,74422653,position_absent_in_GWAS
YLPM1,GCST90011770,rs59843281:74897143:CT:C,74430440,position_absent_in_GWAS
YLPM1,GCST90011770,rs74779748:74902930:AT:A,74436227,position_absent_in_GWAS
YLPM1,GCST90011770,rs66499739:74906582:CA:C,74439879,position_absent_in_GWAS
YLPM1,GCST90011770,rs144060483:74907672:GT:G,74440969,position_absent_in_GWAS
YLPM1,GCST90011770,rs68008170:74912157:TTGTG:T,74445454,position_absent_in_GWAS
YLPM1,GCST90011770,rs35098950:74913318:C:CT,74446615,position_absent_in_GWAS
YLPM1,GCST90011770,14:74916141:C:CAAAAAAAAA,74449438,position_absent_in_GWAS
YLPM1,GCST90011770,14:74920094:AG:A,74453391,position_absent_in_GWAS
YLPM1,GCST90011770,rs148583913:74928352:TCA:T,74461649,position_absent_in_GWAS
YLPM1,GCST90011770,rs34848569:74936222:T:TA,74469519,position_absent_in_GWAS
YLPM1,GCST90011770,rs78261954:74944319:CTTT:C,74477616,position_absent_in_GWAS
YLPM1,GCST90011770,rs199628163:74952246:TAG:T,74485543,position_absent_in_GWAS
YLPM1,GCST90011770,rs33935452:74952269:GA:G,74485566,position_absent_in_GWAS
YLPM1,GCST90011770,rs61201972:74953714:GCA:G,74487011,position_absent_in_GWAS
YLPM1,GCST90011770,rs150813068:74953846:GT:G,74487143,position_absent_in_GWAS
YLPM1,GCST90011770,rs67289103:74956240:AGT:A,74489537,position_absent_in_GWAS
YLPM1,GCST90011770,rs3047739:74960368:TGG:T,74493665,position_absent_in_GWAS
YLPM1,GCST90011770,14:74968468:G:GA,74501765,position_absent_in_GWAS
YLPM1,GCST90011770,rs36016624:74971650:TGACCCTTCGAG:T,74504947,position_absent_in_GWAS
YLPM1,GCST90011770,rs142594510:74979650:AG:A,74512947,position_absent_in_GWAS
YLPM1,GCST90011770,rs113811161:74980506:TCAAA:T,74513803,position_absent_in_GWAS
YLPM1,GCST90011770,14:74981955:ATTTT:A,74515252,position_absent_in_GWAS
YLPM1,GCST90011770,rs147745131:74983491:GT:G,74516788,position_absent_in_GWAS
YLPM1,GCST90011770,rs36111387:74987504:AAATG:A,74520801,position_absent_in_GWAS
YLPM1,GCST90011770,rs3837653:74988127:CCACAT:C,74521424,position_absent_in_GWAS
YLPM1,GCST90011770,rs369981475:75005207:GTTAGT:G,74538504,position_absent_in_GWAS
YLPM1,GCST90011770,14:75009472:A:AT,74542769,position_absent_in_GWAS
YLPM1,GCST90011770,rs202057022:75009806:GCACGGTGGTT:G,74543103,position_absent_in_GWAS
YLPM1,GCST90011770,rs3217475:75018742:GC:G,74552039,position_absent_in_GWAS
YLPM1,GCST90011770,rs199881481:75020718:AG:A,74554015,position_absent_in_GWAS
YLPM1,GCST90011770,rs3837652:75026351:CTG:C,74559648,position_absent_in_GWAS
YLPM1,GCST90011770,rs199951008:75029326:G:GA,74562623,position_absent_in_GWAS
YLPM1,GCST90011770,rs200535606:75032773:G:GT,74566070,position_absent_in_GWAS
YLPM1,GCST90011770,14:75039150:C:CT,74572447,position_absent_in_GWAS
YLPM1,GCST90011770,rs71449199:75062929:A:AAAATAAAT,74596226,position_absent_in_GWAS
YLPM1,GCST90011770,rs58210192:75063648:AG:A,74596945,position_absent_in_GWAS
YLPM1,GCST90011770,rs5809673:75075418:G:GA,74608715,position_absent_in_GWAS
YLPM1,GCST90011770,rs5809674:75075464:A:AGAAAT,74608761,position_absent_in_GWAS
YLPM1,GCST90011770,rs368319740:75079632:TTTTC:T,74612929,position_absent_in_GWAS
YLPM1,GCST90011770,rs377741002:75090257:CAA:C,74623554,position_absent_in_GWAS
YLPM1,GCST90011770,14:75093857:CA:C,74627154,position_absent_in_GWAS
YLPM1,GCST90011770,rs11361453:75094347:CA:C,74627644,position_absent_in_GWAS
YLPM1,GCST90011770,rs200920928:75106269:AAAAC:A,74639566,position_absent_in_GWAS
YLPM1,GCST90011770,rs146329221:75111593:CTTT:C,74644890,position_absent_in_GWAS
YLPM1,GCST90011770,rs11291765:75123642:TA:T,74656939,position_absent_in_GWAS
YLPM1,GCST90011770,rs34192596:75128308:GAA:G,74661605,position_absent_in_GWAS
YLPM1,GCST90011770,rs16661:75128316:A:C,74661613,position_absent_in_GWAS
YLPM1,GCST90011770,rs71449202:75133421:AT:A,74666718,position_absent_in_GWAS
YLPM1,GCST90011770,14:75138024:CTTTTTTTTTTTT:C,74671321,position_absent_in_GWAS
YLPM1,GCST90011770,rs71119311:75145398:CA:C,74678695,position_absent_in_GWAS
YLPM1,GCST90011770,rs141206776:75146547:TAATA:T,74679844,position_absent_in_GWAS
YLPM1,GCST90011770,rs36079107:75160878:AAAAT:A,74694175,position_absent_in_GWAS
YLPM1,GCST90011770,14:75161693:GA:G,74694990,position_absent_in_GWAS
YLPM1,GCST90011770,14:75165561:TA:T,74698858,position_absent_in_GWAS
YLPM1,GCST90011770,rs58161849:75171746:G:GT,74705043,position_absent_in_GWAS
YLPM1,GCST90011770,rs35181427:75174495:C:CA,74707792,position_absent_in_GWAS
YLPM1,GCST90011770,rs35901005:75181481:CA:C,74714778,position_absent_in_GWAS
YLPM1,GCST90011770,rs143512112:75183883:AC:A,74717180,position_absent_in_GWAS
YLPM1,GCST90011770,rs11396572:75190531:C:CA,74723828,position_absent_in_GWAS
YLPM1,GCST90011770,rs34861456:75191772:T:TA,74725069,position_absent_in_GWAS
YLPM1,GCST90011770,rs58398533:75193306:CT:C,74726603,position_absent_in_GWAS
YLPM1,GCST90011770,rs150479967:75198857:T:TTA,74732154,position_absent_in_GWAS
YLPM1,GCST90011770,rs3214408:75201071:TA:T,74734368,position_absent_in_GWAS
YLPM1,GCST90011770,rs71303897:75201222:T:TA,74734519,position_absent_in_GWAS
YLPM1,GCST90011770,rs5809677:75204694:CA:C,74737991,position_absent_in_GWAS
YLPM1,GCST90011770,rs34705212:75208521:CA:C,74741818,position_absent_in_GWAS
YLPM1,GCST90011770,rs148323132:75213205:ATATCC:A,74746502,position_absent_in_GWAS
YLPM1,GCST90011770,rs61531232:75213283:CT:C,74746580,position_absent_in_GWAS
YLPM1,GCST90011770,rs34464875:75215224:C:CA,74748521,position_absent_in_GWAS
YLPM1,GCST90011770,rs375326155:75216600:TTTTTGTTTTGTTTTG:T,74749897,position_absent_in_GWAS
YLPM1,GCST90011770,rs35781097:75224141:CA:C,74757438,position_absent_in_GWAS
YLPM1,GCST90011770,rs201124850:75225369:CAAATAAAT:C,74758666,position_absent_in_GWAS
YLPM1,GCST90011770,rs34253239:75228486:CT:C,74761783,position_absent_in_GWAS
YLPM1,GCST90011770,rs34503309:75236290:A:AT,74769587,position_absent_in_GWAS
YLPM1,GCST90011770,rs201030717:75236557:CCCCCCCCCG:C,74769854,position_absent_in_GWAS
YLPM1,GCST90011770,14:75238920:CT:C,74772217,position_absent_in_GWAS
YLPM1,GCST90011770,rs36010497:75241230:TC:T,74774527,position_absent_in_GWAS
YLPM1,GCST90011770,rs35237469:75241506:CA:C,74774803,position_absent_in_GWAS
YLPM1,GCST90011770,rs138962436:75242832:GT:G,74776129,position_absent_in_GWAS
YLPM1,GCST90011770,rs138166786:75244677:C:CA,74777974,position_absent_in_GWAS
YLPM1,GCST90011770,rs10707814:75253064:CA:C,74786361,position_absent_in_GWAS
YLPM1,GCST90011770,rs75017235:75254820:CT:C,74788117,position_absent_in_GWAS
YLPM1,GCST90011770,rs57279878:75261302:C:CT,74794599,position_absent_in_GWAS
YLPM1,GCST90011770,rs138774247:75261467:TAC:T,74794764,position_absent_in_GWAS
YLPM1,GCST90011770,rs58158508:75261660:TG:T,74794957,position_absent_in_GWAS
YLPM1,GCST90011770,rs34503917:75268920:CA:C,74802217,position_absent_in_GWAS
YLPM1,GCST90011770,rs138718009:75271114:ACCATTGCTTGCTACT:A,74804411,position_absent_in_GWAS
YLPM1,GCST90011770,14:75272407:CT:C,74805704,position_absent_in_GWAS
YLPM1,GCST90011770,rs60143650:75272572:AT:A,74805869,position_absent_in_GWAS
YLPM1,GCST90011770,rs148417567:75277423:TTTA:T,74810720,position_absent_in_GWAS
YLPM1,GCST90011770,rs5809679:75282873:AT:A,74816170,position_absent_in_GWAS
YLPM1,GCST90011770,rs199631116:75284758:C:CA,74818055,position_absent_in_GWAS
YLPM1,GCST90011770,rs139072553:75285614:CTGTT:C,74818911,position_absent_in_GWAS
YLPM1,GCST90011770,rs71932018:75289548:GATA:G,74822845,position_absent_in_GWAS
YLPM1,GCST90011770,rs35622588:75300886:TA:T,74834183,position_absent_in_GWAS
YLPM1,GCST90011770,rs199949839:75304977:C:CT,74838274,position_absent_in_GWAS
YLPM1,GCST90011770,rs201995772:75312197:C:CA,74845494,position_absent_in_GWAS
YLPM1,GCST90011770,rs143130721:75315409:AATCTT:A,74848706,position_absent_in_GWAS
YLPM1,GCST90011770,rs60979977:75316023:TAAATAAAAAAA:T,74849320,position_absent_in_GWAS
YLPM1,GCST90011770,rs56309042:75316882:CAA:C,74850179,position_absent_in_GWAS
YLPM1,GCST90011770,rs11335240:75317089:CT:C,74850386,position_absent_in_GWAS
YLPM1,GCST90011770,rs147024588:75325481:T:TTGTG,74858778,position_absent_in_GWAS
YLPM1,GCST90011770,rs367557046:75325545:TTGTG:T,74858842,position_absent_in_GWAS
YLPM1,GCST90011770,rs11346049:75327075:CA:C,74860372,position_absent_in_GWAS
YLPM1,GCST90011770,rs72148999:75328932:GTC:G,74862229,position_absent_in_GWAS
YLPM1,GCST90011770,rs200511111:75331865:G:GA,74865162,position_absent_in_GWAS
YLPM1,GCST90011770,rs34902627:75335538:CA:C,74868835,position_absent_in_GWAS
YLPM1,GCST90011770,14:75335983:CTT:C,74869280,position_absent_in_GWAS
YLPM1,GCST90011770,rs11388832:75336966:C:CA,74870263,position_absent_in_GWAS
YLPM1,GCST90011770,rs67622010:75337127:CA:C,74870424,position_absent_in_GWAS
YLPM1,GCST90011770,14:75340954:GTT:G,74874251,position_absent_in_GWAS
YLPM1,GCST90011770,rs34311445:75343813:CA:C,74877110,position_absent_in_GWAS
YLPM1,GCST90011770,rs201391764:75344192:C:CA,74877489,position_absent_in_GWAS
YLPM1,GCST90011770,rs58707063:75345371:AGTGT:A,74878668,position_absent_in_GWAS
YLPM1,GCST90011770,14:75346892:C:CT,74880189,position_absent_in_GWAS
YLPM1,GCST90011770,rs72245024:75348126:C:CT,74881423,position_absent_in_GWAS
YLPM1,GCST90011770,rs55729619:75354977:GT:G,74888274,position_absent_in_GWAS
YLPM1,GCST90011770,rs57898381:75355767:TA:T,74889064,position_absent_in_GWAS
YLPM1,GCST90011770,14:75356070:AT:A,74889367,position_absent_in_GWAS
YLPM1,GCST90011770,rs5809682:75356799:T:TA,74890096,position_absent_in_GWAS
YLPM1,GCST90011770,rs3081752:75356827:CT:C,74890124,position_absent_in_GWAS
YLPM1,GCST90011770,rs201992318:75359215:GT:G,74892512,position_absent_in_GWAS
YLPM1,GCST90011770,rs58288168:75359757:ACT:A,74893054,position_absent_in_GWAS
YLPM1,GCST90011770,rs138664705:75367594:ATTC:A,74900891,position_absent_in_GWAS
YLPM1,GCST90011770,rs11325303:75368547:AT:A,74901844,position_absent_in_GWAS
YLPM1,GCST90011770,14:75368863:G:T,74902160,position_absent_in_GWAS
YLPM1,GCST90011770,rs10536168:75372084:CTG:C,74905381,position_absent_in_GWAS
YLPM1,GCST90011770,14:75373112:T:TGGG,74906409,position_absent_in_GWAS
YLPM1,GCST90011770,rs112024638:75377144:GA:G,74910441,position_absent_in_GWAS
YLPM1,GCST90011770,rs71897309:75390180:GCAGGTCTAGAATCATC:G,74923477,position_absent_in_GWAS
YLPM1,GCST90011770,rs140653412:75393606:AT:A,74926903,position_absent_in_GWAS
YLPM1,GCST90011770,rs55906517:75396955:C:CT,74930252,position_absent_in_GWAS
YLPM1,GCST90011770,rs11304993:75399002:TA:T,74932299,position_absent_in_GWAS
YLPM1,GCST90011770,rs141061319:75400613:AT:A,74933910,position_absent_in_GWAS
YLPM1,GCST90011770,rs36003084:75402674:A:AT,74935971,position_absent_in_GWAS
YLPM1,GCST90011770,rs55850304:75404114:C:CT,74937411,position_absent_in_GWAS
YLPM1,GCST90011770,rs5809686:75407250:GACACAGAC:G,74940547,position_absent_in_GWAS
YLPM1,GCST90011770,rs58701358:75410784:A:AT,74944081,position_absent_in_GWAS
YLPM1,GCST90011770,rs5809688:75411625:CT:C,74944922,position_absent_in_GWAS
YLPM1,GCST90011770,rs33954784:75430911:TC:T,74964208,position_absent_in_GWAS
YLPM1,GCST90011770,14:75434957:T:TAAA,74968254,position_absent_in_GWAS
YLPM1,GCST90011770,rs79107045:75444711:TC:T,74978008,position_absent_in_GWAS
YLPM1,GCST90011770,rs57323464:75448527:CT:C,74981824,position_absent_in_GWAS
YLPM1,GCST90011770,rs56239186:75450065:T:TA,74983362,position_absent_in_GWAS
YLPM1,GCST90011770,14:75456747:C:CAAAAA,74990044,position_absent_in_GWAS
YLPM1,GCST90011770,rs34986025:75457452:C:CT,74990749,position_absent_in_GWAS
YLPM1,GCST90011770,rs140091697:75464458:TAA:T,74997755,position_absent_in_GWAS
YLPM1,GCST90011770,rs34675328:75471177:TGAGACCAG:T,75004474,position_absent_in_GWAS
YLPM1,GCST90011770,rs2307511:75474784:TATAGACAA:T,75008081,position_absent_in_GWAS
YLPM1,GCST90011770,rs66516707:75476461:TGA:T,75009758,position_absent_in_GWAS
YLPM1,GCST90011770,rs5809689:75482443:AG:A,75015740,position_absent_in_GWAS
YLPM1,GCST90011770,rs56375606:75484678:GTC:G,75017975,position_absent_in_GWAS
YLPM1,GCST90011770,rs5809691:75484855:C:CA,75018152,position_absent_in_GWAS
YLPM1,GCST90011770,rs35881732:75487568:C:CATT,75020865,position_absent_in_GWAS
YLPM1,GCST90011770,rs34129769:75495119:AT:A,75028416,position_absent_in_GWAS
YLPM1,GCST90011770,rs35978930:75496687:CA:C,75029984,position_absent_in_GWAS
YLPM1,GCST90011770,rs56995931:75500894:TA:T,75034191,position_absent_in_GWAS
YLPM1,GCST90011770,rs5809692:75503759:G:GA,75037056,position_absent_in_GWAS
YLPM1,GCST90011770,14:75506557:TATATATATATATA:T,75039854,position_absent_in_GWAS
YLPM1,GCST90011770,rs151015271:75506891:ACCTGTAATCTCAG:A,75040188,position_absent_in_GWAS
YLPM1,GCST90011770,rs11309437:75518640:CT:C,75051937,position_absent_in_GWAS
YLPM1,GCST90011770,14:75529362:CAAA:C,75062659,position_absent_in_GWAS
YLPM1,GCST90011770,rs144010513:75532422:TC:T,75065719,position_absent_in_GWAS
YLPM1,GCST90011770,rs67397772:75543464:CTAAG:C,75076761,position_absent_in_GWAS
YLPM1,GCST90011770,rs66560922:75545918:CA:C,75079215,position_absent_in_GWAS
YLPM1,GCST90011770,rs149123282:75552890:AAAAAAT:A,75086187,position_absent_in_GWAS
YLPM1,GCST90011770,14:75556980:CT:C,75090277,position_absent_in_GWAS
YLPM1,GCST90011770,rs113097149:75558975:A:AT,75092272,position_absent_in_GWAS
YLPM1,GCST90011770,14:75562979:CAAAA:C,75096276,position_absent_in_GWAS
YLPM1,GCST90011770,rs35432461:75563532:C:CA,75096829,position_absent_in_GWAS
YLPM1,GCST90011770,rs11446568:75566485:C:CA,75099782,position_absent_in_GWAS
YLPM1,GCST90011770,rs35499335:75569216:G:GT,75102513,position_absent_in_GWAS
YLPM1,GCST90011770,rs56719668:75571191:C:CT,75104488,position_absent_in_GWAS
YLPM1,GCST90011770,rs10632881:75581817:T:TACAC,75115114,position_absent_in_GWAS
YLPM1,GCST90011770,rs374021221:75590107:CAAA:C,75123404,position_absent_in_GWAS
YLPM1,GCST90011770,rs34921975:75591478:CT:C,75124775,position_absent_in_GWAS
YLPM1,GCST90011770,rs113303427:75591641:AT:A,75124938,position_absent_in_GWAS
YLPM1,GCST90011770,rs55959885:75596037:AG:A,75129334,position_absent_in_GWAS
YLPM1,GCST90011770,rs368437388:75604411:CT:C,75137708,position_absent_in_GWAS
YLPM1,GCST90011770,rs145288922:75606313:TG:T,75139610,position_absent_in_GWAS
YLPM1,GCST90011770,rs5809695:75610636:C:CA,75143933,position_absent_in_GWAS
YLPM1,GCST90011770,rs35810783:75613611:C:CAGAT,75146908,position_absent_in_GWAS
YLPM1,GCST90011770,rs76033420:75616540:GCT:G,75149837,position_absent_in_GWAS
YLPM1,GCST90011770,rs369868350:75616548:CTGT:C,75149845,position_absent_in_GWAS
YLPM1,GCST90011770,rs78523802:75620940:CA:C,75154237,position_absent_in_GWAS
YLPM1,GCST90011770,rs148563522:75623619:A:AAAAAG,75156916,position_absent_in_GWAS
YLPM1,GCST90011770,rs76416253:75624345:CAT:C,75157642,position_absent_in_GWAS
YLPM1,GCST90011770,rs76379942:75628199:AG:A,75161496,position_absent_in_GWAS
YLPM1,GCST90011770,rs35308116:75633642:CT:C,75166939,position_absent_in_GWAS
YLPM1,GCST90011770,rs147990412:75637899:GGAA:G,75171196,position_absent_in_GWAS
YLPM1,GCST90011770,rs11366602:75644857:GT:G,75178154,position_absent_in_GWAS
YLPM1,GCST90011770,rs34903218:75649790:T:TA,75183087,position_absent_in_GWAS
YLPM1,GCST90011770,rs11351733:75654929:AC:A,75188226,position_absent_in_GWAS
YLPM1,GCST90011770,rs10593937:75662679:CTGAG:C,75195976,position_absent_in_GWAS
YLPM1,GCST90011770,rs145732009:75666563:TTTG:T,75199860,position_absent_in_GWAS
YLPM1,GCST90011770,rs112371094:75668789:CT:C,75202086,position_absent_in_GWAS
YLPM1,GCST90011770,rs34796348:75669750:G:GT,75203047,position_absent_in_GWAS
YLPM1,GCST90011770,rs113963248:75670358:TA:T,75203655,position_absent_in_GWAS
YLPM1,GCST90011770,rs199512633:75670739:CATCTT:C,75204036,position_absent_in_GWAS
YLPM1,GCST90011770,rs11335433:75675910:CT:C,75209207,position_absent_in_GWAS
YLPM1,GCST90011770,rs75732983:75677669:C:G,75210966,position_absent_in_GWAS
YLPM1,GCST90011770,rs201105776:75678968:C:CA,75212265,position_absent_in_GWAS
YLPM1,GCST90011770,rs61617176:75678978:G:GA,75212275,position_absent_in_GWAS
YLPM1,GCST90011770,rs113752059:75680350:C:CT,75213647,position_absent_in_GWAS
YLPM1,GCST90011770,rs34360074:75687309:CAAAG:C,75220606,position_absent_in_GWAS
YLPM1,GCST90011770,rs57284265:75689806:AT:A,75223103,position_absent_in_GWAS
YLPM1,GCST90011770,rs111253226:75692319:C:CA,75225616,position_absent_in_GWAS
YLPM1,GCST90011770,rs202006956:75701903:AT:A,75235200,position_absent_in_GWAS
YLPM1,GCST90011770,rs113668738:75702084:CA:C,75235381,position_absent_in_GWAS
YLPM1,GCST90011770,rs111843691:75705194:T:TA,75238491,position_absent_in_GWAS
YLPM1,GCST90011770,rs34741974:75706345:AT:A,75239642,position_absent_in_GWAS
YLPM1,GCST90011770,rs5809699:75713098:CA:C,75246395,position_absent_in_GWAS
YLPM1,GCST90011770,rs113844849:75715655:C:CA,75248952,position_absent_in_GWAS
YLPM1,GCST90011770,rs57290969:75717439:G:GA,75250736,position_absent_in_GWAS
YLPM1,GCST90011770,rs67204041:75718772:CAT:C,75252069,position_absent_in_GWAS
YLPM1,GCST90011770,rs145023521:75722081:AAAAG:A,75255378,position_absent_in_GWAS
YLPM1,GCST90011770,rs151175216:75725029:ACT:A,75258326,position_absent_in_GWAS
YLPM1,GCST90011770,rs77752202:75730370:CAAAAAAAAA:C,75263667,position_absent_in_GWAS
YLPM1,GCST90011770,rs4026017:75740642:TGGG:T,75273939,position_absent_in_GWAS
YLPM1,GCST90011770,rs3216792:75747407:AG:A,75280704,position_absent_in_GWAS
YLPM1,GCST90011770,14:75750890:CAAA:C,75284187,position_absent_in_GWAS
YLPM1,GCST90011770,rs10548721:75753001:AAGAG:A,75286298,position_absent_in_GWAS
YLPM1,GCST90011770,14:75753071:CA:C,75286368,position_absent_in_GWAS
YLPM1,GCST90011770,rs139324711:75759347:TAA:T,75292644,position_absent_in_GWAS
YLPM1,GCST90011770,rs58802026:75760034:A:AAC,75293331,position_absent_in_GWAS
YLPM1,GCST90011770,rs11435136:75766315:G:GA,75299612,position_absent_in_GWAS
YLPM1,GCST90011770,rs368422989:75769355:CT:C,75302652,position_absent_in_GWAS
YLPM1,GCST90011770,rs60454234:75771016:GA:G,75304313,position_absent_in_GWAS
YLPM1,GCST90011770,rs55884442:75771221:C:CT,75304518,position_absent_in_GWAS
YLPM1,GCST90011770,14:75771947:G:C,75305244,position_absent_in_GWAS
YLPM1,GCST90011770,rs79803796:75775218:TAG:T,75308515,position_absent_in_GWAS
YLPM1,GCST90011770,rs149349578:75775607:ATC:A,75308904,position_absent_in_GWAS
YLPM1,GCST90011770,rs139701411:75775623:CTCCTT:C,75308920,position_absent_in_GWAS
YLPM1,GCST90011770,rs57225898:75778835:AT:A,75312132,position_absent_in_GWAS
YLPM1,GCST90011770,rs11285189:75781208:CT:C,75314505,position_absent_in_GWAS
YLPM1,GCST90011770,rs201277279:75783095:G:GA,75316392,position_absent_in_GWAS
YLPM1,GCST90011770,rs67390988:75784741:AT:A,75318038,position_absent_in_GWAS
YLPM1,GCST90011770,rs35255022:75788041:ACTCT:A,75321338,position_absent_in_GWAS
YLPM1,GCST90011770,rs72296115:75788110:AT:A,75321407,position_absent_in_GWAS
YLPM1,GCST90011770,14:75792496:CTATTTTATTTTATTTTATTTTATTT:C,75325793,position_absent_in_GWAS
YLPM1,GCST90011770,rs34890289:75794536:TA:T,75327833,position_absent_in_GWAS
YLPM1,GCST90011770,rs149918954:75795404:GCCTCTCCCATCC:G,75328701,position_absent_in_GWAS
YLPM1,GCST90011770,rs34134739:75796828:C:CA,75330125,position_absent_in_GWAS
YLPM1,GCST90011770,rs368213190:75800107:TTTTC:T,75333404,position_absent_in_GWAS
YLPM1,GCST90011770,rs200478554:75800559:GGA:G,75333856,position_absent_in_GWAS
YLPM1,GCST90011770,rs71119359:75804183:T:TA,75337480,position_absent_in_GWAS
YLPM1,GCST90011770,rs66507860:75804855:AG:A,75338152,position_absent_in_GWAS
YLPM1,GCST90011770,rs1882833:75804856:G:A,75338153,position_absent_in_GWAS
YLPM1,GCST90011770,rs147592271:75810248:AC:A,75343545,position_absent_in_GWAS
YLPM1,GCST90011770,rs10707079:75811967:AT:A,75345264,position_absent_in_GWAS
YLPM1,GCST90011770,rs75573516:75822084:CTG:C,75355381,position_absent_in_GWAS
YLPM1,GCST90011770,rs78355014:75822371:AT:A,75355668,position_absent_in_GWAS
YLPM1,GCST90011770,rs138708205:75822424:AATAC:A,75355721,position_absent_in_GWAS
YLPM1,GCST90011770,rs35408085:75825226:CT:C,75358523,position_absent_in_GWAS
YLPM1,GCST90011770,rs35623518:75825458:CT:C,75358755,position_absent_in_GWAS
YLPM1,GCST90011770,rs34291029:75835778:C:CT,75369075,position_absent_in_GWAS
YLPM1,GCST90011770,rs139948389:75838621:AAAT:A,75371918,position_absent_in_GWAS
YLPM1,GCST90011770,rs34970808:75844713:CT:C,75378010,position_absent_in_GWAS
YLPM1,GCST90011770,rs145186912:75846551:GA:G,75379848,position_absent_in_GWAS
YLPM1,GCST90011770,rs33964417:75848193:TA:T,75381490,position_absent_in_GWAS
YLPM1,GCST90011770,rs34638224:75848965:AT:A,75382262,position_absent_in_GWAS
YLPM1,GCST90011770,rs34555998:75852291:CA:C,75385588,position_absent_in_GWAS
YLPM1,GCST90011770,rs56070995:75863675:TAA:T,75396972,position_absent_in_GWAS
YLPM1,GCST90011770,rs34930581:75863773:GA:G,75397070,position_absent_in_GWAS
YLPM1,GCST90011770,rs201237222:75864822:A:AT,75398119,position_absent_in_GWAS
YLPM1,GCST90011770,rs368026981:75864904:AAAAAAAAAGAG:A,75398201,position_absent_in_GWAS
YLPM1,GCST90011770,rs34695694:75866789:AT:A,75400086,position_absent_in_GWAS
YLPM1,GCST90011770,rs11296931:75872323:CA:C,75405620,position_absent_in_GWAS
YLPM1,GCST90011770,rs78050098:75873359:T:TTC,75406656,position_absent_in_GWAS
YLPM1,GCST90011770,rs34775832:75874266:C:CT,75407563,position_absent_in_GWAS
YLPM1,GCST90011770,rs58736488:75874699:CAAAAAAAAAA:C,75407996,position_absent_in_GWAS
YLPM1,GCST90011770,rs201241015:75875245:T:TA,75408542,position_absent_in_GWAS
YLPM1,GCST90011770,rs140721010:75879577:TG:T,75412874,position_absent_in_GWAS
YLPM1,GCST90011770,rs11343314:75883593:TC:T,75416890,position_absent_in_GWAS
YLPM1,GCST90011770,rs11440462:75884097:G:GA,75417394,position_absent_in_GWAS
YLPM1,GCST90011770,rs55774466:75884896:ATTTG:A,75418193,position_absent_in_GWAS
YLPM1,GCST90011770,rs72407516:75885636:TTGAA:T,75418933,position_absent_in_GWAS
YLPM1,GCST90011770,rs34592704:75886127:CA:C,75419424,position_absent_in_GWAS
YLPM1,GCST90011770,rs34393267:75902941:TG:T,75436238,position_absent_in_GWAS
YLPM1,GCST90011770,rs11302124:75903875:CA:C,75437172,position_absent_in_GWAS
YLPM1,GCST90011770,rs11409834:75910612:A:AT,75443909,position_absent_in_GWAS
YLPM1,GCST90011770,rs34492646:75914312:GC:G,75447609,position_absent_in_GWAS
YLPM1,GCST90011770,rs35602019:75932741:TA:T,75466038,position_absent_in_GWAS
YLPM1,GCST90011770,rs35536778:75948969:C:CAATA,75482266,position_absent_in_GWAS
YLPM1,GCST90011770,rs370239599:75953233:AAAG:A,75486530,position_absent_in_GWAS
YLPM1,GCST90011770,rs148650469:75954573:TTTG:T,75488230,position_absent_in_GWAS
YLPM1,GCST90011770,14:75954937:A:AGTATAT,75488594,position_absent_in_GWAS
YLPM1,GCST90011770,14:75959059:A:AAAAG,75492716,position_absent_in_GWAS
YLPM1,GCST90011770,rs67416621:75960750:CTT:C,75494407,position_absent_in_GWAS
YLPM1,GCST90011770,rs11384266:75965654:C:CT,75499311,position_absent_in_GWAS
YLPM1,GCST90011770,rs372225721:75969725:CT:C,75503382,position_absent_in_GWAS
YLPM1,GCST90011770,rs369502679:75969879:TTTTTCTTTTC:T,75503536,position_absent_in_GWAS
YLPM1,GCST90011770,rs5809710:75971201:CAT:C,75504858,position_absent_in_GWAS
YLPM1,GCST90011770,rs144103246:75975425:TTGA:T,75509082,position_absent_in_GWAS
YLPM1,GCST90011770,rs71119374:75983650:CCT:C,75517307,position_absent_in_GWAS
YLPM1,GCST90011770,rs34162352:75984071:C:CT,75517728,position_absent_in_GWAS
YLPM1,GCST90011770,rs5809713:75988109:T:TTTC,75521766,position_absent_in_GWAS
YLPM1,GCST90011770,14:75996404:CA:C,75530061,position_absent_in_GWAS
YLPM1,GCST90011770,rs142263347:76003382:GTTC:G,75537039,position_absent_in_GWAS
YLPM1,GCST90011770,rs147049789:76009805:A:AC,75543462,position_absent_in_GWAS
YLPM1,GCST90011770,14:76010171:C:CA,75543828,position_absent_in_GWAS
YLPM1,GCST90011770,rs60729859:76013520:GTCTCCTTCTCCT:G,75547177,position_absent_in_GWAS
YLPM1,GCST90011770,rs144252728:76016340:TTC:T,75549997,position_absent_in_GWAS
YLPM1,GCST90011770,rs149545562:76019779:ATT:A,75553436,position_absent_in_GWAS
YLPM1,GCST90011770,14:76022011:CT:C,75555668,position_absent_in_GWAS
YLPM1,GCST90011770,rs71303888:76024437:AT:A,75558094,position_absent_in_GWAS
YLPM1,GCST90011770,rs72166004:76025929:CCTT:C,75559586,position_absent_in_GWAS
YLPM1,GCST90011770,14:76029252:CT:C,75562909,position_absent_in_GWAS
YLPM1,GCST90011770,rs34634673:76041228:G:GT,75574885,position_absent_in_GWAS
YLPM1,GCST90011770,rs148092740:76045193:GTC:G,75578850,position_absent_in_GWAS
YLPM1,GCST90011770,rs59485467:76063634:AAAG:A,75597291,position_absent_in_GWAS
YLPM1,GCST90011770,rs149988837:76063920:C:CT,75597577,position_absent_in_GWAS
YLPM1,GCST90011770,rs35898436:76067219:CA:C,75600876,position_absent_in_GWAS
YLPM1,GCST90011770,rs11306197:76070905:TA:T,75604562,position_absent_in_GWAS
YLPM1,GCST90011770,rs140729219:76078526:GCA:G,75612183,position_absent_in_GWAS
