locus,rsid,gene_id,gene,qtl_type,tissue,method,score,qc_pass,baseline_pass,strict_pass
chr17:10127866:G:A,rs9913911,ENSG00000007237,GAS7,eQTL,Cells_Cultured_fibroblasts,eCAVIAR,1,True,True,True
chr22:37780972:G:T,rs5750494,ENSG00000100116,GCAT,eQTL,Adipose_Subcutaneous,eCAVIAR,1,True,True,True
chr22:37780972:G:T,rs5750494,ENSG00000100116,GCAT,eQTL,Brain_Spinal_cord_cervical_c-1,eCAVIAR,1,True,True,True
chr22:37780972:G:T,rs5750494,ENSG00000100116,GCAT,eQTL,Cells_Cultured_fibroblasts,eCAVIAR,1,True,True,True
chr22:37780972:G:T,rs5750494,ENSG00000100116,GCAT,eQTL,Muscle_Skeletal,eCAVIAR,1,True,True,True
chr22:37780972:G:T,rs5750494,ENSG00000100116,GCAT,sQTL,Adipose_Subcutaneous,eCAVIAR,1,True,True,True
chr22:37780972:G:T,rs5750494,ENSG00000100116,GCAT,sQTL,Adipose_Visceral_Omentum,eCAVIAR,1,True,True,True
chr22:37780972:G:T,rs5750494,ENSG00000100116,GCAT,sQTL,Adrenal_Gland,eCAVIAR,1,True,True,True
chr22:37780972:G:T,rs5750494,ENSG00000100116,GCAT,sQTL,Artery_Coronary,eCAVIAR,1,True,True,True
chr22:37780972:G:T,rs5750494,ENSG00000100116,GCAT,sQTL,Brain_Amygdala,eCAVIAR,1,True,True,True
chr22:37780972:G:T,rs5750494,ENSG00000100116,GCAT,sQTL,Brain_Anterior_cingulate_cortex_BA24,eCAVIAR,1,True,True,True
chr22:37780972:G:T,rs5750494,ENSG00000100116,GCAT,sQTL,Brain_Caudate_basal_ganglia,eCAVIAR,1,True,True,True
chr22:37780972:G:T,rs5750494,ENSG00000100116,GCAT,sQTL,Brain_Cerebellar_Hemisphere,eCAVIAR,1,True,True,True
chr22:37780972:G:T,rs5750494,ENSG00000100116,GCAT,sQTL,Brain_Cerebellum,eCAVIAR,1,True,True,True
chr22:37780972:G:T,rs5750494,ENSG00000100116,GCAT,sQTL,Brain_Cortex,eCAVIAR,1,True,True,True
chr22:37780972:G:T,rs5750494,ENSG00000100116,GCAT,sQTL,Brain_Hippocampus,eCAVIAR,1,True,True,True
chr22:37780972:G:T,rs5750494,ENSG00000100116,GCAT,sQTL,Brain_Hypothalamus,eCAVIAR,1,True,True,True
chr22:37780972:G:T,rs5750494,ENSG00000100116,GCAT,sQTL,Brain_Nucleus_accumbens_basal_ganglia,eCAVIAR,1,True,True,True
chr22:37780972:G:T,rs5750494,ENSG00000100116,GCAT,sQTL,Brain_Putamen_basal_ganglia,eCAVIAR,1,True,True,True
chr22:37780972:G:T,rs5750494,ENSG00000100116,GCAT,sQTL,Brain_Spinal_cord_cervical_c-1,eCAVIAR,1,True,True,True
chr22:37780972:G:T,rs5750494,ENSG00000100116,GCAT,sQTL,Brain_Substantia_nigra,eCAVIAR,1,True,True,True
chr22:37780972:G:T,rs5750494,ENSG00000100116,GCAT,sQTL,Cells_Cultured_fibroblasts,eCAVIAR,1,True,True,True
chr22:37780972:G:T,rs5750494,ENSG00000100116,GCAT,sQTL,Cells_EBV-transformed_lymphocytes,eCAVIAR,1,True,True,True
chr22:37780972:G:T,rs5750494,ENSG00000100116,GCAT,sQTL,Colon_Transverse,eCAVIAR,1,True,True,True
chr22:37780972:G:T,rs5750494,ENSG00000100116,GCAT,sQTL,Esophagus_Gastroesophageal_Junction,eCAVIAR,1,True,True,True
chr22:37780972:G:T,rs5750494,ENSG00000100116,GCAT,sQTL,Esophagus_Mucosa,eCAVIAR,1,True,True,True
chr22:37780972:G:T,rs5750494,ENSG00000100116,GCAT,sQTL,Esophagus_Muscularis,eCAVIAR,1,True,True,True
chr22:37780972:G:T,rs5750494,ENSG00000100116,GCAT,sQTL,Heart_Atrial_Appendage,eCAVIAR,1,True,True,True
chr22:37780972:G:T,rs5750494,ENSG00000100116,GCAT,sQTL,Heart_Left_Ventricle,eCAVIAR,1,True,True,True
chr22:37780972:G:T,rs5750494,ENSG00000100116,GCAT,sQTL,Lung,eCAVIAR,1,True,True,True
chr22:37780972:G:T,rs5750494,ENSG00000100116,GCAT,sQTL,Minor_Salivary_Gland,eCAVIAR,1,True,True,True
chr22:37780972:G:T,rs5750494,ENSG00000100116,GCAT,sQTL,Muscle_Skeletal,eCAVIAR,1,True,True,True
chr22:37780972:G:T,rs5750494,ENSG00000100116,GCAT,sQTL,Nerve_Tibial,eCAVIAR,1,True,True,True
chr22:37780972:G:T,rs5750494,ENSG00000100116,GCAT,sQTL,Ovary,eCAVIAR,1,True,True,True
chr22:37780972:G:T,rs5750494,ENSG00000100116,GCAT,sQTL,Pancreas,eCAVIAR,1,True,True,True
chr22:37780972:G:T,rs5750494,ENSG00000100116,GCAT,sQTL,Pancreas,eCAVIAR,1,True,True,True
chr22:37780972:G:T,rs5750494,ENSG00000100116,GCAT,sQTL,Pituitary,eCAVIAR,1,True,True,True
chr22:37780972:G:T,rs5750494,ENSG00000100116,GCAT,sQTL,Prostate,eCAVIAR,1,True,True,True
chr22:37780972:G:T,rs5750494,ENSG00000100116,GCAT,sQTL,Skin_Not_Sun_Exposed_Suprapubic,eCAVIAR,1,True,True,True
chr22:37780972:G:T,rs5750494,ENSG00000100116,GCAT,sQTL,Skin_Sun_Exposed_Lower_leg,eCAVIAR,1,True,True,True
chr22:37780972:G:T,rs5750494,ENSG00000100116,GCAT,sQTL,Small_Intestine_Terminal_Ileum,eCAVIAR,1,True,True,True
chr22:37780972:G:T,rs5750494,ENSG00000100116,GCAT,sQTL,Small_Intestine_Terminal_Ileum,eCAVIAR,1,True,True,True
chr22:37780972:G:T,rs5750494,ENSG00000100116,GCAT,sQTL,Stomach,eCAVIAR,1,True,True,True
chr22:37780972:G:T,rs5750494,ENSG00000100116,GCAT,sQTL,Testis,eCAVIAR,1,True,True,True
chr22:37780972:G:T,rs5750494,ENSG00000100116,GCAT,sQTL,Thyroid,eCAVIAR,1,True,True,True
chr22:37780972:G:T,rs5750494,ENSG00000100116,GCAT,sQTL,Uterus,eCAVIAR,1,True,True,True
chr13:73065233:G:A,rs9530143,ENSG00000102554,KLF5,eQTL,Brain_Cerebellum,eCAVIAR,1,True,True,True
chr13:73065233:G:A,rs9530143,ENSG00000102554,KLF5,sQTL,Muscle_Skeletal,eCAVIAR,1,True,True,True
chr13:75684584:G:A,rs9544024,ENSG00000136153,LMO7,sQTL,Esophagus_Mucosa,eCAVIAR,1,True,True,True
chr13:75684584:G:A,rs9544024,ENSG00000136153,LMO7,sQTL,Esophagus_Mucosa,eCAVIAR,1,True,True,True
chr3:188349165:G:T,rs6787621,ENSG00000145012,LPP,eQTL,Cells_Cultured_fibroblasts,eCAVIAR,1,True,True,True
chr3:188349165:G:T,rs6787621,ENSG00000145012,LPP,sQTL,Adipose_Subcutaneous,eCAVIAR,1,True,True,True
chr3:188349165:G:T,rs6787621,ENSG00000145012,LPP,sQTL,Adipose_Visceral_Omentum,eCAVIAR,1,True,True,True
chr3:188349165:G:T,rs6787621,ENSG00000145012,LPP,sQTL,Adrenal_Gland,eCAVIAR,1,True,True,True
chr3:188349165:G:T,rs6787621,ENSG00000145012,LPP,sQTL,Artery_Aorta,eCAVIAR,1,True,True,True
chr3:188349165:G:T,rs6787621,ENSG00000145012,LPP,sQTL,Artery_Coronary,eCAVIAR,1,True,True,True
chr3:188349165:G:T,rs6787621,ENSG00000145012,LPP,sQTL,Artery_Tibial,eCAVIAR,1,True,True,True
chr3:188349165:G:T,rs6787621,ENSG00000145012,LPP,sQTL,Artery_Tibial,eCAVIAR,1,True,True,True
chr3:188349165:G:T,rs6787621,ENSG00000145012,LPP,sQTL,Breast_Mammary_Tissue,eCAVIAR,1,True,True,True
chr3:188349165:G:T,rs6787621,ENSG00000145012,LPP,sQTL,Cells_Cultured_fibroblasts,eCAVIAR,1,True,True,True
chr3:188349165:G:T,rs6787621,ENSG00000145012,LPP,sQTL,Cells_Cultured_fibroblasts,eCAVIAR,1,True,True,True
chr3:188349165:G:T,rs6787621,ENSG00000145012,LPP,sQTL,Colon_Sigmoid,eCAVIAR,1,True,True,True
chr3:188349165:G:T,rs6787621,ENSG00000145012,LPP,sQTL,Colon_Transverse,eCAVIAR,1,True,True,True
chr3:188349165:G:T,rs6787621,ENSG00000145012,LPP,sQTL,Esophagus_Gastroesophageal_Junction,eCAVIAR,1,True,True,True
chr3:188349165:G:T,rs6787621,ENSG00000145012,LPP,sQTL,Esophagus_Mucosa,eCAVIAR,1,True,True,True
chr3:188349165:G:T,rs6787621,ENSG00000145012,LPP,sQTL,Esophagus_Muscularis,eCAVIAR,1,True,True,True
chr3:188349165:G:T,rs6787621,ENSG00000145012,LPP,sQTL,Heart_Atrial_Appendage,eCAVIAR,1,True,True,True
chr3:188349165:G:T,rs6787621,ENSG00000145012,LPP,sQTL,Heart_Left_Ventricle,eCAVIAR,1,True,True,True
chr3:188349165:G:T,rs6787621,ENSG00000145012,LPP,sQTL,Heart_Left_Ventricle,eCAVIAR,1,True,True,True
chr3:188349165:G:T,rs6787621,ENSG00000145012,LPP,sQTL,Liver,eCAVIAR,1,True,True,True
chr3:188349165:G:T,rs6787621,ENSG00000145012,LPP,sQTL,Lung,eCAVIAR,1,True,True,True
chr3:188349165:G:T,rs6787621,ENSG00000145012,LPP,sQTL,Minor_Salivary_Gland,eCAVIAR,1,True,True,True
chr3:188349165:G:T,rs6787621,ENSG00000145012,LPP,sQTL,Muscle_Skeletal,eCAVIAR,1,True,True,True
chr3:188349165:G:T,rs6787621,ENSG00000145012,LPP,sQTL,Nerve_Tibial,eCAVIAR,1,True,True,True
chr3:188349165:G:T,rs6787621,ENSG00000145012,LPP,sQTL,Nerve_Tibial,eCAVIAR,1,True,True,True
chr3:188349165:G:T,rs6787621,ENSG00000145012,LPP,sQTL,Ovary,eCAVIAR,1,True,True,True
chr3:188349165:G:T,rs6787621,ENSG00000145012,LPP,sQTL,Pancreas,eCAVIAR,1,True,True,True
chr3:188349165:G:T,rs6787621,ENSG00000145012,LPP,sQTL,Pituitary,eCAVIAR,1,True,True,True
chr3:188349165:G:T,rs6787621,ENSG00000145012,LPP,sQTL,Prostate,eCAVIAR,1,True,True,True
chr3:188349165:G:T,rs6787621,ENSG00000145012,LPP,sQTL,Skin_Not_Sun_Exposed_Suprapubic,eCAVIAR,1,True,True,True
chr3:188349165:G:T,rs6787621,ENSG00000145012,LPP,sQTL,Skin_Sun_Exposed_Lower_leg,eCAVIAR,1,True,True,True
chr3:188349165:G:T,rs6787621,ENSG00000145012,LPP,sQTL,Small_Intestine_Terminal_Ileum,eCAVIAR,1,True,True,True
chr3:188349165:G:T,rs6787621,ENSG00000145012,LPP,sQTL,Spleen,eCAVIAR,1,True,True,True
chr3:188349165:G:T,rs6787621,ENSG00000145012,LPP,sQTL,Stomach,eCAVIAR,1,True,True,True
chr3:188349165:G:T,rs6787621,ENSG00000145012,LPP,sQTL,Testis,eCAVIAR,1,True,True,True
chr3:188349165:G:T,rs6787621,ENSG00000145012,LPP,sQTL,Testis,eCAVIAR,1,True,True,True
chr3:188349165:G:T,rs6787621,ENSG00000145012,LPP,sQTL,Thyroid,eCAVIAR,1,True,True,True
chr3:188349165:G:T,rs6787621,ENSG00000145012,LPP,sQTL,Uterus,eCAVIAR,1,True,True,True
chr3:188349165:G:T,rs6787621,ENSG00000145012,LPP,sQTL,Vagina,eCAVIAR,1,True,True,True
chr3:188349165:G:T,rs6787621,ENSG00000145012,LPP,sQTL,Whole_Blood,eCAVIAR,1,True,True,True
chr16:77627835:C:T,rs280875,ENSG00000140876,NUDT7,eQTL,Esophagus_Gastroesophageal_Junction,eCAVIAR,1,True,True,True
chr2:45651621:G:T,rs687914,ENSG00000171132,PRKCE,eQTL,Whole_Blood,eCAVIAR,1,True,True,True
chr13:110125592:G:C,rs2218471,ENSG00000275830,RP11-403A3.3,eQTL,Artery_Aorta,eCAVIAR,1,True,True,True
chr13:110125592:G:C,rs2218471,ENSG00000275830,RP11-403A3.3,eQTL,Nerve_Tibial,eCAVIAR,1,True,True,True
chr1:165768467:G:C,rs2790053,ENSG00000224358,RP11-466F5.8,eQTL,Artery_Tibial,eCAVIAR,1,True,True,True
chr1:165768467:G:C,rs2790053,ENSG00000224358,RP11-466F5.8,eQTL,Muscle_Skeletal,eCAVIAR,1,True,True,True
chr1:165768467:G:C,rs2790053,ENSG00000224358,RP11-466F5.8,eQTL,Skin_Sun_Exposed_Lower_leg,eCAVIAR,1,True,True,True
chr6:134051012:G:C,rs2811688,ENSG00000146411,SLC2A12,eQTL,Artery_Tibial,eCAVIAR,1,True,True,True
chr6:134051012:G:C,rs2811688,ENSG00000146411,SLC2A12,eQTL,Brain_Cerebellum,eCAVIAR,1,True,True,True
chr6:134051012:G:C,rs2811688,ENSG00000146411,SLC2A12,eQTL,Brain_Cortex,eCAVIAR,1,True,True,True
chr6:134051012:G:C,rs2811688,ENSG00000227954,TARID,eQTL,Adipose_Visceral_Omentum,eCAVIAR,1,True,True,True
chr22:37780972:G:T,rs5750494,ENSG00000100106,TRIOBP,eQTL,Adipose_Visceral_Omentum,eCAVIAR,1,True,True,True
chr22:37780972:G:T,rs5750494,ENSG00000100106,TRIOBP,eQTL,Brain_Caudate_basal_ganglia,eCAVIAR,1,True,True,True
chr22:37780972:G:T,rs5750494,ENSG00000100106,TRIOBP,eQTL,Brain_Hypothalamus,eCAVIAR,1,True,True,True
chr22:37780972:G:T,rs5750494,ENSG00000100106,TRIOBP,eQTL,Brain_Nucleus_accumbens_basal_ganglia,eCAVIAR,1,True,True,True
chr22:37780972:G:T,rs5750494,ENSG00000100106,TRIOBP,eQTL,Brain_Putamen_basal_ganglia,eCAVIAR,1,True,True,True
chr22:37780972:G:T,rs5750494,ENSG00000100106,TRIOBP,eQTL,Cells_Cultured_fibroblasts,eCAVIAR,1,True,True,True
chr22:37780972:G:T,rs5750494,ENSG00000100106,TRIOBP,eQTL,Colon_Sigmoid,eCAVIAR,1,True,True,True
chr22:37780972:G:T,rs5750494,ENSG00000100106,TRIOBP,eQTL,Heart_Left_Ventricle,eCAVIAR,1,True,True,True
chr22:37780972:G:T,rs5750494,ENSG00000100106,TRIOBP,eQTL,Nerve_Tibial,eCAVIAR,1,True,True,True
chr22:37780972:G:T,rs5750494,ENSG00000100106,TRIOBP,eQTL,Pituitary,eCAVIAR,1,True,True,True
chr22:37780972:G:T,rs5750494,ENSG00000100106,TRIOBP,eQTL,Testis,eCAVIAR,1,True,True,True
chr22:37780972:G:T,rs5750494,ENSG00000100106,TRIOBP,eQTL,Whole_Blood,eCAVIAR,1,True,True,True
chr22:37780972:G:T,rs5750494,ENSG00000100106,TRIOBP,sQTL,Nerve_Tibial,eCAVIAR,1,True,True,True
chr22:37780972:G:T,rs5750494,ENSG00000100106,TRIOBP,sQTL,Stomach,eCAVIAR,1,True,True,True
chr22:37780972:G:T,rs5750494,ENSG00000100106,TRIOBP,sQTL,Thyroid,eCAVIAR,1,True,True,True
chr22:19882624:C:T,rs8141610,ENSG00000184470,TXNRD2,eQTL,Adrenal_Gland,eCAVIAR,1,True,True,True
chr22:19882624:C:T,rs8141610,ENSG00000184470,TXNRD2,eQTL,Artery_Aorta,eCAVIAR,1,True,True,True
chr22:19882624:C:T,rs8141610,ENSG00000184470,TXNRD2,eQTL,Artery_Tibial,eCAVIAR,1,True,True,True
chr22:19882624:C:T,rs8141610,ENSG00000184470,TXNRD2,eQTL,Brain_Cortex,eCAVIAR,1,True,True,True
chr22:19882624:C:T,rs8141610,ENSG00000184470,TXNRD2,eQTL,Brain_Frontal_Cortex_BA9,eCAVIAR,1,True,True,True
chr22:19882624:C:T,rs8141610,ENSG00000184470,TXNRD2,eQTL,Brain_Hippocampus,eCAVIAR,1,True,True,True
chr22:19882624:C:T,rs8141610,ENSG00000184470,TXNRD2,eQTL,Brain_Hypothalamus,eCAVIAR,1,True,True,True
chr22:19882624:C:T,rs8141610,ENSG00000184470,TXNRD2,eQTL,Cells_Cultured_fibroblasts,eCAVIAR,1,True,True,True
chr22:19882624:C:T,rs8141610,ENSG00000184470,TXNRD2,eQTL,Esophagus_Gastroesophageal_Junction,eCAVIAR,1,True,True,True
chr22:19882624:C:T,rs8141610,ENSG00000184470,TXNRD2,eQTL,Esophagus_Mucosa,eCAVIAR,1,True,True,True
chr22:19882624:C:T,rs8141610,ENSG00000184470,TXNRD2,eQTL,Heart_Left_Ventricle,eCAVIAR,1,True,True,True
chr22:19882624:C:T,rs8141610,ENSG00000184470,TXNRD2,eQTL,Nerve_Tibial,eCAVIAR,1,True,True,True
chr22:19882624:C:T,rs8141610,ENSG00000184470,TXNRD2,eQTL,Pancreas,eCAVIAR,1,True,True,True
chr22:19882624:C:T,rs8141610,ENSG00000184470,TXNRD2,eQTL,Skin_Not_Sun_Exposed_Suprapubic,eCAVIAR,1,True,True,True
chr22:19882624:C:T,rs8141610,ENSG00000184470,TXNRD2,eQTL,Skin_Sun_Exposed_Lower_leg,eCAVIAR,1,True,True,True
chr22:19882624:C:T,rs8141610,ENSG00000184470,TXNRD2,eQTL,Stomach,eCAVIAR,1,True,True,True
chr22:19882624:C:T,rs8141610,ENSG00000184470,TXNRD2,eQTL,Thyroid,eCAVIAR,1,True,True,True
chr22:19882624:C:T,rs8141610,ENSG00000184470,TXNRD2,sQTL,Cells_Cultured_fibroblasts,eCAVIAR,1,True,True,True
chr22:37780972:G:T,rs5750494,ENSG00000100116,GCAT,sQTL,Artery_Tibial,eCAVIAR,0.999999,True,True,True
chr10:94263320:C:T,rs57866767,ENSG00000138193,PLCE1,eQTL,Thyroid,eCAVIAR,0.999999,True,True,True
chr10:94263320:C:T,rs57866767,ENSG00000268894,PLCE1-AS1,eQTL,Thyroid,eCAVIAR,0.999999,True,True,True
chr22:37780972:G:T,rs5750494,ENSG00000100106,TRIOBP,eQTL,Brain_Hippocampus,eCAVIAR,0.999999,True,True,True
chr22:37780972:G:T,rs5750494,ENSG00000100116,GCAT,eQTL,Cells_EBV-transformed_lymphocytes,eCAVIAR,0.999998,True,True,True
chr6:134051012:G:C,rs2811688,ENSG00000146411,SLC2A12,eQTL,Artery_Coronary,eCAVIAR,0.999998,True,True,True
chr22:37780972:G:T,rs5750494,ENSG00000100106,TRIOBP,sQTL,Heart_Atrial_Appendage,eCAVIAR,0.999998,True,True,True
chr22:37780972:G:T,rs5750494,ENSG00000100106,TRIOBP,sQTL,Heart_Atrial_Appendage,eCAVIAR,0.999998,True,True,True
chr22:37780972:G:T,rs5750494,ENSG00000100116,GCAT,sQTL,Breast_Mammary_Tissue,eCAVIAR,0.999997,True,True,True
chr6:134051012:G:C,rs2811688,ENSG00000146411,SLC2A12,eQTL,Muscle_Skeletal,eCAVIAR,0.999997,True,True,True
chr1:165768467:G:C,rs2790053,ENSG00000224358,RP11-466F5.8,eQTL,Thyroid,eCAVIAR,0.999996,True,True,True
chr22:37780972:G:T,rs5750494,ENSG00000100106,TRIOBP,eQTL,Ovary,eCAVIAR,0.999996,True,True,True
chr14:75905315:G:C,rs4903352,ENSG00000119685,TTLL5,eQTL,Testis,eCAVIAR,0.999996,True,True,True
chr11:65569780:T:A,rs1346,ENSG00000173727,CMB9-22P13.1,eQTL,Cells_Cultured_fibroblasts,eCAVIAR,0.999994,True,True,True
chr11:65569780:T:A,rs1346,ENSG00000173727,CMB9-22P13.1,sQTL,Cells_Cultured_fibroblasts,eCAVIAR,0.999994,True,True,True
chr11:65569780:T:A,rs1346,ENSG00000173727,CMB9-22P13.1,sQTL,Whole_Blood,eCAVIAR,0.999994,True,True,True
chr11:65569780:T:A,rs1346,ENSG00000168056,LTBP3,eQTL,Adipose_Subcutaneous,eCAVIAR,0.999994,True,True,True
chr11:65569780:T:A,rs1346,ENSG00000168056,LTBP3,eQTL,Whole_Blood,eCAVIAR,0.999994,True,True,True
chr11:65569780:T:A,rs1346,ENSG00000168056,LTBP3,sQTL,Nerve_Tibial,eCAVIAR,0.999994,True,True,True
chr11:65569780:T:A,rs1346,ENSG00000260233,SSSCA1-AS1,eQTL,Artery_Tibial,eCAVIAR,0.999994,True,True,True
chr11:65569780:T:A,rs1346,ENSG00000260233,SSSCA1-AS1,eQTL,Muscle_Skeletal,eCAVIAR,0.999994,True,True,True
chr11:65569780:T:A,rs1346,ENSG00000260233,SSSCA1-AS1,eQTL,Nerve_Tibial,eCAVIAR,0.999994,True,True,True
chr11:65569780:T:A,rs1346,ENSG00000260233,SSSCA1-AS1,eQTL,Thyroid,eCAVIAR,0.999994,True,True,True
chr11:65569780:T:A,rs1346,ENSG00000168056,LTBP3,eQTL,Breast_Mammary_Tissue,eCAVIAR,0.999993,True,True,True
chr11:65569780:T:A,rs1346,ENSG00000173727,CMB9-22P13.1,sQTL,Ovary,eCAVIAR,0.999991,True,True,True
chr11:65569780:T:A,rs1346,ENSG00000168056,LTBP3,sQTL,Nerve_Tibial,eCAVIAR,0.999991,True,True,True
chr11:65569780:T:A,rs1346,ENSG00000260233,SSSCA1-AS1,eQTL,Adipose_Subcutaneous,eCAVIAR,0.999991,True,True,True
chr11:65569780:T:A,rs1346,ENSG00000260233,SSSCA1-AS1,eQTL,Thyroid,eCAVIAR,0.999991,True,True,True
chr11:65569780:T:A,rs1346,ENSG00000173727,CMB9-22P13.1,sQTL,Adipose_Visceral_Omentum,eCAVIAR,0.99999,True,True,True
chr11:65569780:T:A,rs1346,ENSG00000168056,LTBP3,sQTL,Adipose_Subcutaneous,eCAVIAR,0.99999,True,True,True
chr14:75905315:G:C,rs4903352,ENSG00000119686,FLVCR2,eQTL,Brain_Cortex,eCAVIAR,0.999989,True,True,True
chr1:165768467:G:C,rs2790053,ENSG00000224358,RP11-466F5.8,eQTL,Cells_Cultured_fibroblasts,eCAVIAR,0.999988,True,True,True
chr11:65569780:T:A,rs1346,ENSG00000260233,SSSCA1-AS1,eQTL,Muscle_Skeletal,eCAVIAR,0.999986,True,True,True
chr11:65569780:T:A,rs1346,ENSG00000168056,LTBP3,sQTL,Artery_Aorta,eCAVIAR,0.999985,True,True,True
chr22:19882624:C:T,rs8141610,ENSG00000184470,TXNRD2,eQTL,Heart_Atrial_Appendage,eCAVIAR,0.999985,True,True,True
chr11:65569780:T:A,rs1346,ENSG00000173727,CMB9-22P13.1,sQTL,Adipose_Visceral_Omentum,eCAVIAR,0.999984,True,True,True
chr11:65569780:T:A,rs1346,ENSG00000260233,SSSCA1-AS1,eQTL,Pancreas,eCAVIAR,0.999984,True,True,True
chr11:65569780:T:A,rs1346,ENSG00000260233,SSSCA1-AS1,eQTL,Spleen,eCAVIAR,0.999984,True,True,True
chr11:65569780:T:A,rs1346,ENSG00000168056,LTBP3,sQTL,Artery_Aorta,eCAVIAR,0.999978,True,True,True
chr11:65569780:T:A,rs1346,ENSG00000173727,CMB9-22P13.1,sQTL,Ovary,eCAVIAR,0.999977,True,True,True
chr11:65569780:T:A,rs1346,ENSG00000260233,SSSCA1-AS1,eQTL,Adipose_Subcutaneous,eCAVIAR,0.999974,True,True,True
chr1:165768467:G:C,rs2790053,ENSG00000143183,TMCO1,eQTL,Artery_Tibial,eCAVIAR,0.999973,True,True,True
chr11:65569780:T:A,rs1346,ENSG00000260233,SSSCA1-AS1,eQTL,Stomach,eCAVIAR,0.999966,True,True,True
chr11:65569780:T:A,rs1346,ENSG00000173727,CMB9-22P13.1,sQTL,Testis,eCAVIAR,0.999962,True,True,True
chr22:19882624:C:T,rs8141610,ENSG00000184470,TXNRD2,eQTL,Artery_Coronary,eCAVIAR,0.999961,True,True,True
chr9:104933258:C:T,rs2472494,ENSG00000226334,RP11-217B7.2,eQTL,Artery_Tibial,eCAVIAR,0.99996,True,True,True
chr9:104933258:C:T,rs2472494,ENSG00000226334,RP11-217B7.2,eQTL,Nerve_Tibial,eCAVIAR,0.99996,True,True,True
chr9:104933258:C:T,rs2472494,ENSG00000226334,RP11-217B7.2,eQTL,Adrenal_Gland,eCAVIAR,0.999959,True,True,True
chr9:104933258:C:T,rs2472494,ENSG00000226334,RP11-217B7.2,eQTL,Colon_Sigmoid,eCAVIAR,0.999959,True,True,True
chr22:19882624:C:T,rs8141610,ENSG00000184470,TXNRD2,eQTL,Whole_Blood,eCAVIAR,0.999959,True,True,True
chr11:65569780:T:A,rs1346,ENSG00000168056,LTBP3,eQTL,Nerve_Tibial,eCAVIAR,0.999957,True,True,True
chr22:37780972:G:T,rs5750494,ENSG00000100106,TRIOBP,sQTL,Testis,eCAVIAR,0.999957,True,True,True
chr22:37780972:G:T,rs5750494,ENSG00000100116,GCAT,eQTL,Adipose_Visceral_Omentum,eCAVIAR,0.999951,True,True,True
chr11:115168963:G:A,rs10444329,ENSG00000182985,CADM1,sQTL,Testis,eCAVIAR,0.999947,True,True,True
chr22:37780972:G:T,rs5750494,ENSG00000100116,GCAT,eQTL,Breast_Mammary_Tissue,eCAVIAR,0.999946,True,True,True
chr7:116522252:T:A,rs10257125,ENSG00000105971,CAV2,eQTL,Testis,eCAVIAR,0.999941,True,True,True
chr13:73065233:G:A,rs9530143,ENSG00000083535,PIBF1,eQTL,Skin_Sun_Exposed_Lower_leg,eCAVIAR,0.999937,True,True,True
chr7:116522252:T:A,rs10257125,ENSG00000105971,CAV2,eQTL,Pancreas,eCAVIAR,0.999927,True,True,True
chr1:165768467:G:C,rs2790053,ENSG00000224358,RP11-466F5.8,eQTL,Nerve_Tibial,eCAVIAR,0.999921,True,True,True
chr11:65569780:T:A,rs1346,ENSG00000173727,CMB9-22P13.1,eQTL,Heart_Atrial_Appendage,eCAVIAR,0.999913,True,True,True
chr22:37780972:G:T,rs5750494,ENSG00000100106,TRIOBP,sQTL,Skin_Sun_Exposed_Lower_leg,eCAVIAR,0.999912,True,True,True
chr11:65569780:T:A,rs1346,ENSG00000173727,CMB9-22P13.1,sQTL,Whole_Blood,eCAVIAR,0.999893,True,True,True
chr11:65569780:T:A,rs1346,ENSG00000260233,SSSCA1-AS1,eQTL,Esophagus_Mucosa,eCAVIAR,0.999889,True,True,True
chr13:73065233:G:A,rs9530143,ENSG00000083535,PIBF1,sQTL,Brain_Cerebellar_Hemisphere,eCAVIAR,0.999888,True,True,True
chr1:165768467:G:C,rs2790053,ENSG00000224358,RP11-466F5.8,eQTL,Colon_Transverse,eCAVIAR,0.999831,True,True,True
chr14:75905315:G:C,rs4903352,ENSG00000119699,TGFB3,sQTL,Pancreas,eCAVIAR,0.999818,True,True,True
chr11:65569780:T:A,rs1346,ENSG00000173727,CMB9-22P13.1,sQTL,Colon_Sigmoid,eCAVIAR,0.999812,True,True,True
chr11:65569780:T:A,rs1346,ENSG00000173727,CMB9-22P13.1,eQTL,Cells_Cultured_fibroblasts,eCAVIAR,0.9998,True,True,True
chr11:65569780:T:A,rs1346,ENSG00000168056,LTBP3,eQTL,Nerve_Tibial,eCAVIAR,0.999795,True,True,True
chr11:65569780:T:A,rs1346,ENSG00000260233,SSSCA1-AS1,eQTL,Nerve_Tibial,eCAVIAR,0.999784,True,True,True
chr11:65569780:T:A,rs1346,ENSG00000260233,SSSCA1-AS1,eQTL,Vagina,eCAVIAR,0.999772,True,True,True
chr5:56487851:G:A,rs112142644,ENSG00000248727,LINC01948,eQTL,Whole_Blood,eCAVIAR,0.999758,True,True,True
chr22:37780972:G:T,rs5750494,ENSG00000100106,TRIOBP,sQTL,Lung,eCAVIAR,0.999727,True,True,True
chr13:73065233:G:A,rs9530143,ENSG00000102554,KLF5,eQTL,Brain_Cerebellar_Hemisphere,eCAVIAR,0.999628,True,True,True
chr22:37780972:G:T,rs5750494,ENSG00000100116,GCAT,eQTL,Skin_Not_Sun_Exposed_Suprapubic,eCAVIAR,0.999617,True,True,True
chr9:104933258:C:T,rs2472494,ENSG00000226334,RP11-217B7.2,eQTL,Skin_Sun_Exposed_Lower_leg,eCAVIAR,0.999596,True,True,True
chr22:37780972:G:T,rs5750494,ENSG00000100106,TRIOBP,eQTL,Cells_EBV-transformed_lymphocytes,eCAVIAR,0.999588,True,True,True
chr11:65569780:T:A,rs1346,ENSG00000173442,EHBP1L1,sQTL,Esophagus_Gastroesophageal_Junction,eCAVIAR,0.999562,True,True,True
chr11:65569780:T:A,rs1346,ENSG00000260233,SSSCA1-AS1,eQTL,Lung,eCAVIAR,0.999522,True,True,True
chr11:65569780:T:A,rs1346,ENSG00000173727,CMB9-22P13.1,eQTL,Nerve_Tibial,eCAVIAR,0.999515,True,True,True
chr22:19882624:C:T,rs8141610,ENSG00000184470,TXNRD2,eQTL,Colon_Transverse,eCAVIAR,0.999428,True,True,True
chr11:65569780:T:A,rs1346,ENSG00000255557,RP11-770G2.2,eQTL,Whole_Blood,eCAVIAR,0.999375,True,True,True
chr1:165768467:G:C,rs2790053,ENSG00000143183,TMCO1,eQTL,Cells_Cultured_fibroblasts,eCAVIAR,0.999346,True,True,True
chr11:65569780:T:A,rs1346,ENSG00000255557,RP11-770G2.2,eQTL,Whole_Blood,eCAVIAR,0.999264,True,True,True
chr11:65569780:T:A,rs1346,ENSG00000255320,RP11-755F10.1,eQTL,Skin_Not_Sun_Exposed_Suprapubic,eCAVIAR,0.999243,True,True,True
chr11:65569780:T:A,rs1346,ENSG00000168056,LTBP3,sQTL,Skin_Not_Sun_Exposed_Suprapubic,eCAVIAR,0.999203,True,True,True
chr1:165768467:G:C,rs2790053,ENSG00000224358,RP11-466F5.8,eQTL,Adipose_Subcutaneous,eCAVIAR,0.999118,True,True,True
chr6:134051012:G:C,rs2811688,ENSG00000146411,SLC2A12,eQTL,Artery_Aorta,eCAVIAR,0.999007,True,True,True
chr11:120327384:G:A,rs1893261,ENSG00000181264,TMEM136,sQTL,Artery_Tibial,eCAVIAR,0.999001,True,True,True
chr1:165768467:G:C,rs2790053,ENSG00000224358,RP11-466F5.8,eQTL,Esophagus_Muscularis,eCAVIAR,0.998919,True,True,True
chr11:65569780:T:A,rs1346,ENSG00000260233,SSSCA1-AS1,eQTL,Pituitary,eCAVIAR,0.998914,True,True,True
chr22:19882624:C:T,rs8141610,ENSG00000184470,TXNRD2,eQTL,Breast_Mammary_Tissue,eCAVIAR,0.998889,True,True,True
chr22:37780972:G:T,rs5750494,ENSG00000100116,GCAT,sQTL,Vagina,eCAVIAR,0.998877,True,True,True
chr22:37780972:G:T,rs5750494,ENSG00000100106,TRIOBP,eQTL,Brain_Frontal_Cortex_BA9,eCAVIAR,0.998827,True,True,True
chr11:65569780:T:A,rs1346,ENSG00000260233,SSSCA1-AS1,eQTL,Esophagus_Gastroesophageal_Junction,eCAVIAR,0.998825,True,True,True
chr11:65569780:T:A,rs1346,ENSG00000168056,LTBP3,sQTL,Adipose_Subcutaneous,eCAVIAR,0.99879,True,True,True
chr11:115168963:G:A,rs10444329,ENSG00000182985,CADM1,sQTL,Testis,eCAVIAR,0.998729,True,True,True
chr11:65569780:T:A,rs1346,ENSG00000173727,CMB9-22P13.1,sQTL,Artery_Tibial,eCAVIAR,0.998625,True,True,True
chr1:165768467:G:C,rs2790053,ENSG00000224358,RP11-466F5.8,eQTL,Ovary,eCAVIAR,0.998525,True,True,True
chr22:37780972:G:T,rs5750494,ENSG00000100116,GCAT,eQTL,Lung,eCAVIAR,0.998428,True,True,True
chr11:65569780:T:A,rs1346,ENSG00000168056,LTBP3,eQTL,Breast_Mammary_Tissue,eCAVIAR,0.998418,True,True,True
chr11:65569780:T:A,rs1346,ENSG00000260233,SSSCA1-AS1,eQTL,Artery_Tibial,eCAVIAR,0.998219,True,True,True
chr11:65569780:T:A,rs1346,ENSG00000168056,LTBP3,eQTL,Skin_Sun_Exposed_Lower_leg,eCAVIAR,0.998159,True,True,True
chr9:104933258:C:T,rs2472494,ENSG00000226334,RP11-217B7.2,eQTL,Adipose_Visceral_Omentum,eCAVIAR,0.998145,True,True,True
chr22:19882624:C:T,rs8141610,ENSG00000184470,TXNRD2,eQTL,Adipose_Subcutaneous,eCAVIAR,0.997863,True,True,True
chr22:37780972:G:T,rs5750494,ENSG00000100106,TRIOBP,sQTL,Muscle_Skeletal,eCAVIAR,0.997792,True,True,True
chr11:65569780:T:A,rs1346,ENSG00000260233,SSSCA1-AS1,eQTL,Pancreas,eCAVIAR,0.997705,True,True,True
chr22:19882624:C:T,rs8141610,ENSG00000184470,TXNRD2,eQTL,Spleen,eCAVIAR,0.997704,True,True,True
chr1:165768467:G:C,rs2790053,ENSG00000143183,TMCO1,eQTL,Skin_Not_Sun_Exposed_Suprapubic,eCAVIAR,0.997636,True,True,True
chr1:165768467:G:C,rs2790053,ENSG00000224358,RP11-466F5.8,eQTL,Skin_Not_Sun_Exposed_Suprapubic,eCAVIAR,0.997629,True,True,True
chr9:104933258:C:T,rs2472494,ENSG00000226334,RP11-217B7.2,eQTL,Pituitary,eCAVIAR,0.997594,True,True,True
chr11:65569780:T:A,rs1346,ENSG00000260233,SSSCA1-AS1,eQTL,Colon_Transverse,eCAVIAR,0.997558,True,True,True
chr22:37780972:G:T,rs5750494,ENSG00000100106,TRIOBP,eQTL,Brain_Anterior_cingulate_cortex_BA24,eCAVIAR,0.997477,True,True,True
chr11:65569780:T:A,rs1346,ENSG00000173727,CMB9-22P13.1,sQTL,Artery_Tibial,eCAVIAR,0.997109,True,True,True
chr12:111494996:C:T,rs7137828,ENSG00000173064,HECTD4,eQTL,Brain_Cerebellum,eCAVIAR,0.997041,True,True,True
chr9:104933258:C:T,rs2472494,ENSG00000226334,RP11-217B7.2,eQTL,Thyroid,eCAVIAR,0.996892,True,True,True
chr6:29839124:G:C,rs407238/rs115586772,ENSG00000204642,HLA-F,sQTL,Prostate,eCAVIAR,0.996583,True,True,True
chr13:73065233:G:A,rs9530143,ENSG00000136122,BORA,eQTL,Colon_Transverse,eCAVIAR,0.996406,True,True,True
chr22:37780972:G:T,rs5750494,ENSG00000100116,GCAT,eQTL,Skin_Sun_Exposed_Lower_leg,eCAVIAR,0.996234,True,True,True
chr22:37780972:G:T,rs5750494,ENSG00000100106,TRIOBP,eQTL,Brain_Cortex,eCAVIAR,0.996208,True,True,True
chr11:65569780:T:A,rs1346,ENSG00000168056,LTBP3,eQTL,Whole_Blood,eCAVIAR,0.995906,True,True,True
chr11:65569780:T:A,rs1346,ENSG00000173727,CMB9-22P13.1,eQTL,Esophagus_Mucosa,eCAVIAR,0.995851,True,True,True
chr1:165768467:G:C,rs2790053,ENSG00000143183,TMCO1,eQTL,Skin_Sun_Exposed_Lower_leg,eCAVIAR,0.995444,True,True,True
chr1:165768467:G:C,rs2790053,ENSG00000224358,RP11-466F5.8,eQTL,Prostate,eCAVIAR,0.995273,True,True,True
chr11:65569780:T:A,rs1346,ENSG00000260233,SSSCA1-AS1,eQTL,Skin_Sun_Exposed_Lower_leg,eCAVIAR,0.99521,True,True,True
chr11:65569780:T:A,rs1346,ENSG00000260233,SSSCA1-AS1,eQTL,Prostate,eCAVIAR,0.995016,True,True,True
chr9:104933258:C:T,rs2472494,ENSG00000226334,RP11-217B7.2,eQTL,Adipose_Subcutaneous,eCAVIAR,0.994083,True,True,True
chr9:104933258:C:T,rs2472494,ENSG00000226334,RP11-217B7.2,eQTL,Artery_Tibial,eCAVIAR,0.994083,True,True,True
chr9:104933258:C:T,rs2472494,ENSG00000226334,RP11-217B7.2,eQTL,Cells_Cultured_fibroblasts,eCAVIAR,0.994083,True,True,True
chr9:104933258:C:T,rs2472494,ENSG00000226334,RP11-217B7.2,eQTL,Colon_Sigmoid,eCAVIAR,0.994083,True,True,True
chr9:104933258:C:T,rs2472494,ENSG00000226334,RP11-217B7.2,eQTL,Muscle_Skeletal,eCAVIAR,0.994083,True,True,True
chr9:104933258:C:T,rs2472494,ENSG00000226334,RP11-217B7.2,eQTL,Nerve_Tibial,eCAVIAR,0.994083,True,True,True
chr9:104933258:C:T,rs2472494,ENSG00000226334,RP11-217B7.2,eQTL,Skin_Not_Sun_Exposed_Suprapubic,eCAVIAR,0.994083,True,True,True
chr9:104933258:C:T,rs2472494,ENSG00000226334,RP11-217B7.2,eQTL,Skin_Sun_Exposed_Lower_leg,eCAVIAR,0.994083,True,True,True
chr9:104933258:C:T,rs2472494,ENSG00000226334,RP11-217B7.2,eQTL,Esophagus_Muscularis,eCAVIAR,0.994082,True,True,True
chr9:104933258:C:T,rs2472494,ENSG00000226334,RP11-217B7.2,eQTL,Colon_Transverse,eCAVIAR,0.99408,True,True,True
chr9:104933258:C:T,rs2472494,ENSG00000226334,RP11-217B7.2,eQTL,Heart_Left_Ventricle,eCAVIAR,0.99407,True,True,True
chr9:104933258:C:T,rs2472494,ENSG00000226334,RP11-217B7.2,eQTL,Adipose_Visceral_Omentum,eCAVIAR,0.994066,True,True,True
chr22:28712241:G:A,rs5752776,ENSG00000183765,CHEK2,eQTL,Liver,eCAVIAR,0.993972,True,True,True
chr9:104933258:C:T,rs2472494,ENSG00000226334,RP11-217B7.2,eQTL,Pituitary,eCAVIAR,0.993895,True,True,True
chr11:65569780:T:A,rs1346,ENSG00000173727,CMB9-22P13.1,eQTL,Nerve_Tibial,eCAVIAR,0.993712,True,True,True
chr9:104933258:C:T,rs2472494,ENSG00000226334,RP11-217B7.2,eQTL,Artery_Aorta,eCAVIAR,0.993659,True,True,True
chr9:104933258:C:T,rs2472494,ENSG00000226334,RP11-217B7.2,eQTL,Adrenal_Gland,eCAVIAR,0.993625,True,True,True
chr22:37780972:G:T,rs5750494,ENSG00000189060,H1F0,eQTL,Esophagus_Mucosa,eCAVIAR,0.993505,True,True,True
chr22:19882624:C:T,rs8141610,ENSG00000184470,TXNRD2,eQTL,Brain_Putamen_basal_ganglia,eCAVIAR,0.993366,True,True,True
chr11:130412183:C:T,rs2875238,ENSG00000134917,ADAMTS8,eQTL,Adipose_Visceral_Omentum,eCAVIAR,0.993152,True,True,True
chr11:130412183:C:T,rs2875238,ENSG00000134917,ADAMTS8,eQTL,Artery_Aorta,eCAVIAR,0.993152,True,True,True
chr11:130412183:C:T,rs2875238,ENSG00000134917,ADAMTS8,eQTL,Artery_Tibial,eCAVIAR,0.993152,True,True,True
chr11:130412183:C:T,rs2875238,ENSG00000175773,RP11-121M22.1,eQTL,Testis,eCAVIAR,0.993152,True,True,True
chr9:104933258:C:T,rs2472494,ENSG00000226334,RP11-217B7.2,eQTL,Stomach,eCAVIAR,0.992881,True,True,True
chr13:110125592:G:C,rs2218471,ENSG00000275830,RP11-403A3.3,eQTL,Artery_Aorta,eCAVIAR,0.992751,True,True,True
chr1:165768467:G:C,rs2790053,ENSG00000224358,RP11-466F5.8,eQTL,Artery_Aorta,eCAVIAR,0.992419,True,True,True
chr9:104933258:C:T,rs2472494,ENSG00000226334,RP11-217B7.2,eQTL,Lung,eCAVIAR,0.99234,True,True,True
chr11:65569780:T:A,rs1346,ENSG00000173727,CMB9-22P13.1,sQTL,Prostate,eCAVIAR,0.992131,True,True,True
chr14:74618126:G:A,rs754458,ENSG00000119682,AREL1,eQTL,Esophagus_Mucosa,eCAVIAR,0.991743,True,True,True
chr11:65569780:T:A,rs1346,ENSG00000168056,LTBP3,eQTL,Skin_Sun_Exposed_Lower_leg,eCAVIAR,0.991503,True,True,True
chr12:111494996:C:T,rs7137828,ENSG00000111275,ALDH2,eQTL,Esophagus_Muscularis,eCAVIAR,0.99107,True,True,True
chr13:73065233:G:A,rs9530143,ENSG00000102554,KLF5,eQTL,Artery_Tibial,eCAVIAR,0.990941,True,True,True
chr11:65569780:T:A,rs1346,ENSG00000168056,LTBP3,eQTL,Adipose_Visceral_Omentum,eCAVIAR,0.990783,True,True,True
chr9:104933258:C:T,rs2472494,ENSG00000226334,RP11-217B7.2,eQTL,Skin_Not_Sun_Exposed_Suprapubic,eCAVIAR,0.990321,True,True,True
chr9:104933258:C:T,rs2472494,ENSG00000226334,RP11-217B7.2,eQTL,Vagina,eCAVIAR,0.990183,True,True,True
chr11:65569780:T:A,rs1346,ENSG00000260233,SSSCA1-AS1,eQTL,Spleen,eCAVIAR,0.990091,True,True,True
chr9:104933258:C:T,rs2472494,ENSG00000226334,RP11-217B7.2,eQTL,Thyroid,eCAVIAR,0.989717,True,True,True
chr22:19882624:C:T,rs8141610,ENSG00000215012,C22orf29,eQTL,Skin_Not_Sun_Exposed_Suprapubic,eCAVIAR,0.989678,True,True,True
chr2:28143047:G:A,rs17006576,ENSG00000138030,KHK,eQTL,Adipose_Subcutaneous,eCAVIAR,0.988175,True,True,True
chr11:65569780:T:A,rs1346,ENSG00000174851,YIF1A,eQTL,Artery_Tibial,eCAVIAR,0.988079,True,True,True
chr22:37780972:G:T,rs5750494,ENSG00000100116,GCAT,eQTL,Esophagus_Muscularis,eCAVIAR,0.987792,True,True,True
chr22:28712241:G:A,rs5752776,ENSG00000100209,HSCB,eQTL,Esophagus_Mucosa,eCAVIAR,0.986925,True,True,True
chr11:65569780:T:A,rs1346,ENSG00000168056,LTBP3,eQTL,Muscle_Skeletal,eCAVIAR,0.986903,True,True,True
chr11:65569780:T:A,rs1346,ENSG00000173727,CMB9-22P13.1,sQTL,Colon_Sigmoid,eCAVIAR,0.986841,True,True,True
chr11:65569780:T:A,rs1346,ENSG00000168056,LTBP3,eQTL,Skin_Not_Sun_Exposed_Suprapubic,eCAVIAR,0.986512,True,True,True
chr11:65569780:T:A,rs1346,ENSG00000173727,CMB9-22P13.1,sQTL,Cells_Cultured_fibroblasts,eCAVIAR,0.986155,True,True,True
chr1:165768467:G:C,rs2790053,ENSG00000224358,RP11-466F5.8,eQTL,Small_Intestine_Terminal_Ileum,eCAVIAR,0.986149,True,True,True
chr11:65569780:T:A,rs1346,ENSG00000168056,LTBP3,sQTL,Esophagus_Muscularis,eCAVIAR,0.986139,True,True,True
chr9:104933258:C:T,rs2472494,ENSG00000226334,RP11-217B7.2,eQTL,Artery_Aorta,eCAVIAR,0.985987,True,True,True
chr6:134051012:G:C,rs2811688,ENSG00000028839,TBPL1,eQTL,Brain_Cerebellum,eCAVIAR,0.985457,True,True,True
chr1:165768467:G:C,rs2790053,ENSG00000224358,RP11-466F5.8,eQTL,Esophagus_Mucosa,eCAVIAR,0.982244,True,True,True
chr9:104933258:C:T,rs2472494,ENSG00000226334,RP11-217B7.2,eQTL,Esophagus_Gastroesophageal_Junction,eCAVIAR,0.98175,True,True,True
chr9:104933258:C:T,rs2472494,ENSG00000226334,RP11-217B7.2,eQTL,Uterus,eCAVIAR,0.981055,True,True,True
chr11:65569780:T:A,rs1346,ENSG00000168056,LTBP3,eQTL,Adipose_Subcutaneous,eCAVIAR,0.979798,True,True,True
chr22:37780972:G:T,rs5750494,ENSG00000100106,TRIOBP,sQTL,Artery_Aorta,eCAVIAR,0.979703,True,True,True
chr22:37780972:G:T,rs5750494,ENSG00000100106,TRIOBP,sQTL,Artery_Aorta,eCAVIAR,0.979703,True,True,True
chr15:61655081:G:C,rs12438742,ENSG00000259616,RP11-507B12.2,eQTL,Adipose_Subcutaneous,eCAVIAR,0.978862,True,True,True
chr15:61655081:G:C,rs12438742,ENSG00000259530,RP11-259A24.1,eQTL,Adipose_Subcutaneous,eCAVIAR,0.978861,True,True,True
chr13:73065233:G:A,rs9530143,ENSG00000136122,BORA,eQTL,Colon_Transverse,eCAVIAR,0.978723,True,True,True
chr15:61655081:G:C,rs12438742,ENSG00000259530,RP11-259A24.1,eQTL,Nerve_Tibial,eCAVIAR,0.978545,True,True,True
chr15:61655081:G:C,rs12438742,ENSG00000259675,RP11-507B12.1,eQTL,Adipose_Subcutaneous,eCAVIAR,0.978358,True,True,True
chr15:61655081:G:C,rs12438742,ENSG00000259284,RP11-162I7.1,eQTL,Uterus,eCAVIAR,0.977854,True,True,True
chr14:75905315:G:C,rs4903352,ENSG00000119685,TTLL5,eQTL,Vagina,eCAVIAR,0.977768,True,True,True
chr11:65569780:T:A,rs1346,ENSG00000214659,KRT8P26,eQTL,Cells_Cultured_fibroblasts,eCAVIAR,0.97683,True,True,True
chr9:104933258:C:T,rs2472494,ENSG00000226334,RP11-217B7.2,eQTL,Heart_Atrial_Appendage,eCAVIAR,0.976611,True,True,True
chr9:104933258:C:T,rs2472494,ENSG00000226334,RP11-217B7.2,eQTL,Stomach,eCAVIAR,0.975347,True,True,True
chr11:65569780:T:A,rs1346,ENSG00000260233,SSSCA1-AS1,eQTL,Esophagus_Muscularis,eCAVIAR,0.97527,True,True,True
chr11:65569780:T:A,rs1346,ENSG00000260233,SSSCA1-AS1,eQTL,Stomach,eCAVIAR,0.97484,True,True,True
chr11:120327384:G:A,rs1893261,ENSG00000181264,TMEM136,sQTL,Breast_Mammary_Tissue,eCAVIAR,0.974386,True,True,True
chr11:65569780:T:A,rs1346,ENSG00000260233,SSSCA1-AS1,eQTL,Lung,eCAVIAR,0.971527,True,True,True
chr11:65569780:T:A,rs1346,ENSG00000168056,LTBP3,eQTL,Adipose_Visceral_Omentum,eCAVIAR,0.971394,True,True,True
chr11:65569780:T:A,rs1346,ENSG00000168056,LTBP3,eQTL,Muscle_Skeletal,eCAVIAR,0.96924,True,True,True
chr11:65569780:T:A,rs1346,ENSG00000176973,FAM89B,eQTL,Muscle_Skeletal,eCAVIAR,0.967711,True,True,True
chr15:61655081:G:C,rs12438742,ENSG00000259284,RP11-162I7.1,eQTL,Adipose_Visceral_Omentum,eCAVIAR,0.96694,True,True,True
chr11:120327384:G:A,rs1893261,ENSG00000181264,TMEM136,sQTL,Adipose_Visceral_Omentum,eCAVIAR,0.966065,True,True,True
chr22:37780972:G:T,rs5750494,ENSG00000100106,TRIOBP,sQTL,Prostate,eCAVIAR,0.965588,True,True,True
chr11:65569780:T:A,rs1346,ENSG00000173727,CMB9-22P13.1,sQTL,Uterus,eCAVIAR,0.962043,True,True,True
chr11:65569780:T:A,rs1346,ENSG00000260233,SSSCA1-AS1,eQTL,Heart_Left_Ventricle,eCAVIAR,0.961023,True,True,True
chr9:104933258:C:T,rs2472494,ENSG00000226334,RP11-217B7.2,eQTL,Esophagus_Gastroesophageal_Junction,eCAVIAR,0.960791,True,True,True
chr7:117996057:G:C,rs10230941,ENSG00000077063,CTTNBP2,eQTL,Cells_Cultured_fibroblasts,eCAVIAR,0.956371,True,True,True
chr9:104933258:C:T,rs2472494,ENSG00000226334,RP11-217B7.2,eQTL,Heart_Left_Ventricle,eCAVIAR,0.954043,True,True,True
chr10:94263320:C:T,rs57866767,ENSG00000138193,PLCE1,eQTL,Thyroid,eCAVIAR,0.951417,True,True,True
chr11:65569780:T:A,rs1346,ENSG00000173727,CMB9-22P13.1,sQTL,Breast_Mammary_Tissue,eCAVIAR,0.949045,True,True,True
chr14:74618126:G:A,rs754458,ENSG00000119681,LTBP2,eQTL,Whole_Blood,eCAVIAR,0.949017,True,True,True
chr17:47617876:AT:A,rs1348518145,ENSG00000178852,EFCAB13,eQTL,Esophagus_Gastroesophageal_Junction,eCAVIAR,0.947151,True,True,True
chr17:47617876:AT:A,rs1348518145,ENSG00000178852,EFCAB13,eQTL,Prostate,eCAVIAR,0.947146,True,True,True
chr17:47617876:AT:A,rs1348518145,ENSG00000259207,ITGB3,sQTL,Breast_Mammary_Tissue,eCAVIAR,0.947106,True,True,True
chr13:73065233:G:A,rs9530143,ENSG00000102554,KLF5,eQTL,Adipose_Subcutaneous,eCAVIAR,0.946731,True,True,True
chr22:37780972:G:T,rs5750494,ENSG00000128310,GALR3,eQTL,Brain_Cerebellum,eCAVIAR,0.944046,True,True,True
chr15:61655081:G:C,rs12438742,ENSG00000259530,RP11-259A24.1,eQTL,Muscle_Skeletal,eCAVIAR,0.943577,True,True,True
chr11:65569780:T:A,rs1346,ENSG00000260233,SSSCA1-AS1,eQTL,Cells_Cultured_fibroblasts,eCAVIAR,0.943059,True,True,True
chr11:65569780:T:A,rs1346,ENSG00000260233,SSSCA1-AS1,eQTL,Pituitary,eCAVIAR,0.940899,True,True,True
chr17:47617876:AT:A,rs1348518145,ENSG00000141279,NPEPPS,eQTL,Esophagus_Muscularis,eCAVIAR,0.938976,True,True,True
chr9:104933258:C:T,rs2472494,ENSG00000226334,RP11-217B7.2,eQTL,Testis,eCAVIAR,0.936058,True,True,True
chr14:75905315:G:C,rs4903352,ENSG00000119699,TGFB3,sQTL,Muscle_Skeletal,eCAVIAR,0.935976,True,True,True
chr3:186411027:G:A,rs56233426,ENSG00000058866,DGKG,eQTL,Retina,eCAVIAR,0.93449,True,True,True
chr11:65569780:T:A,rs1346,ENSG00000260233,SSSCA1-AS1,eQTL,Esophagus_Gastroesophageal_Junction,eCAVIAR,0.934208,True,True,True
chr22:37780972:G:T,rs5750494,ENSG00000100106,TRIOBP,eQTL,Esophagus_Muscularis,eCAVIAR,0.933572,True,True,True
chr22:37780972:G:T,rs5750494,ENSG00000100106,TRIOBP,sQTL,Breast_Mammary_Tissue,eCAVIAR,0.932048,True,True,True
chr22:37780972:G:T,rs5750494,ENSG00000100106,TRIOBP,eQTL,Brain_Amygdala,eCAVIAR,0.931933,True,True,True
chr11:65569780:T:A,rs1346,ENSG00000260233,SSSCA1-AS1,eQTL,Prostate,eCAVIAR,0.930499,True,True,True
chr11:65569780:T:A,rs1346,ENSG00000260233,SSSCA1-AS1,eQTL,Artery_Aorta,eCAVIAR,0.928815,True,True,True
chr11:65569780:T:A,rs1346,ENSG00000260233,SSSCA1-AS1,eQTL,Brain_Cerebellar_Hemisphere,eCAVIAR,0.925679,True,True,True
chr11:65569780:T:A,rs1346,ENSG00000173442,EHBP1L1,sQTL,Esophagus_Gastroesophageal_Junction,eCAVIAR,0.923674,True,True,True
chr9:104933258:C:T,rs2472494,ENSG00000226334,RP11-217B7.2,eQTL,Artery_Coronary,eCAVIAR,0.921967,True,True,True
chr22:19882624:C:T,rs8141610,ENSG00000184470,TXNRD2,sQTL,Heart_Atrial_Appendage,eCAVIAR,0.919437,True,True,True
chr15:61655081:G:C,rs12438742,ENSG00000259616,RP11-507B12.2,eQTL,Breast_Mammary_Tissue,eCAVIAR,0.919177,True,True,True
chr11:65569780:T:A,rs1346,ENSG00000254470,AP5B1,eQTL,Artery_Tibial,eCAVIAR,0.918874,True,True,True
chr9:104933258:C:T,rs2472494,ENSG00000226334,RP11-217B7.2,eQTL,Lung,eCAVIAR,0.91868,True,True,True
chr9:104933258:C:T,rs2472494,ENSG00000226334,RP11-217B7.2,eQTL,Breast_Mammary_Tissue,eCAVIAR,0.918335,True,True,True
chr1:165768467:G:C,rs2790053,ENSG00000143183,TMCO1,sQTL,Cells_Cultured_fibroblasts,eCAVIAR,0.915176,True,True,True
chr14:74618126:G:A,rs754458,ENSG00000119608,PROX2,eQTL,Adipose_Visceral_Omentum,eCAVIAR,0.913734,True,True,True
chr9:104933258:C:T,rs2472494,ENSG00000226334,RP11-217B7.2,eQTL,Brain_Putamen_basal_ganglia,eCAVIAR,0.912197,True,True,True
chr7:83320213:G:T,rs7805468,ENSG00000170381,SEMA3E,eQTL,Heart_Atrial_Appendage,eCAVIAR,0.911447,True,True,True
chr1:37611020:C:T,rs10908363,ENSG00000183520,UTP11,eQTL,Cells_Cultured_fibroblasts,eCAVIAR,0.909289,True,True,True
chr9:104933258:C:T,rs2472494,ENSG00000226334,RP11-217B7.2,eQTL,Vagina,eCAVIAR,0.90858,True,True,True
chr9:104933258:C:T,rs2472494,ENSG00000226334,RP11-217B7.2,eQTL,Brain_Substantia_nigra,eCAVIAR,0.908265,True,True,True
chr11:65569780:T:A,rs1346,ENSG00000162241,SLC25A45,eQTL,Esophagus_Muscularis,eCAVIAR,0.906657,True,True,True
chr15:61655081:G:C,rs12438742,ENSG00000259675,RP11-507B12.1,eQTL,Heart_Atrial_Appendage,eCAVIAR,0.903438,True,True,True
chr9:104933258:C:T,rs2472494,ENSG00000226334,RP11-217B7.2,eQTL,Whole_Blood,eCAVIAR,0.903303,True,True,True
chr11:65569780:T:A,rs1346,ENSG00000173727,CMB9-22P13.1,sQTL,Uterus,eCAVIAR,0.901937,True,True,True
chr9:104933258:C:T,rs2472494,ENSG00000226334,RP11-217B7.2,eQTL,Liver,eCAVIAR,0.901003,True,True,True
chr11:65569780:T:A,rs1346,ENSG00000168056,LTBP3,eQTL,Skin_Not_Sun_Exposed_Suprapubic,eCAVIAR,0.899699,True,True,True
chr9:104933258:C:T,rs2472494,ENSG00000226334,RP11-217B7.2,eQTL,Brain_Amygdala,eCAVIAR,0.89427,True,True,True
chr17:47617876:AT:A,rs1348518145,ENSG00000178852,EFCAB13,eQTL,Artery_Coronary,eCAVIAR,0.892884,True,True,True
chr11:65569780:T:A,rs1346,ENSG00000254614,AP003068.23,eQTL,Colon_Transverse,eCAVIAR,0.888083,True,True,True
chr11:120327384:G:A,rs1893261,ENSG00000181264,TMEM136,sQTL,Adrenal_Gland,eCAVIAR,0.882617,True,True,True
chr22:19882624:C:T,rs8141610,ENSG00000184470,TXNRD2,eQTL,Adipose_Visceral_Omentum,eCAVIAR,0.881132,True,True,True
chr11:65569780:T:A,rs1346,ENSG00000260233,SSSCA1-AS1,eQTL,Brain_Cerebellar_Hemisphere,eCAVIAR,0.881027,True,True,True
chr22:19882624:C:T,rs8141610,ENSG00000215012,C22orf29,eQTL,Adrenal_Gland,eCAVIAR,0.880311,True,True,True
chr11:65569780:T:A,rs1346,ENSG00000173825,TIGD3,eQTL,Whole_Blood,eCAVIAR,0.87658,True,True,True
chr22:37780972:G:T,rs5750494,ENSG00000100106,TRIOBP,eQTL,Brain_Spinal_cord_cervical_c-1,eCAVIAR,0.876485,True,True,True
chr11:65569780:T:A,rs1346,ENSG00000174851,YIF1A,eQTL,Artery_Tibial,eCAVIAR,0.867417,True,True,True
chr11:65569780:T:A,rs1346,ENSG00000214659,KRT8P26,eQTL,Cells_Cultured_fibroblasts,eCAVIAR,0.864019,True,True,True
chr10:94263320:C:T,rs57866767,ENSG00000268894,PLCE1-AS1,eQTL,Thyroid,eCAVIAR,0.859246,True,True,True
chr11:65569780:T:A,rs1346,ENSG00000173727,CMB9-22P13.1,eQTL,Heart_Atrial_Appendage,eCAVIAR,0.855619,True,True,True
chr15:61655081:G:C,rs12438742,ENSG00000259616,RP11-507B12.2,eQTL,Breast_Mammary_Tissue,eCAVIAR,0.854963,True,True,True
chr11:65569780:T:A,rs1346,ENSG00000168056,LTBP3,sQTL,Pancreas,eCAVIAR,0.853582,True,True,True
chr9:104933258:C:T,rs2472494,ENSG00000226334,RP11-217B7.2,eQTL,Brain_Nucleus_accumbens_basal_ganglia,eCAVIAR,0.852954,True,True,True
chr17:47617876:AT:A,rs1348518145,ENSG00000259207,ITGB3,sQTL,Skin_Not_Sun_Exposed_Suprapubic,eCAVIAR,0.851964,True,True,True
chr11:65569780:T:A,rs1346,ENSG00000173727,CMB9-22P13.1,sQTL,Prostate,eCAVIAR,0.851429,True,True,True
chr11:65569780:T:A,rs1346,ENSG00000173825,TIGD3,eQTL,Whole_Blood,eCAVIAR,0.846412,True,True,True
chr11:65569780:T:A,rs1346,ENSG00000260233,SSSCA1-AS1,eQTL,Colon_Transverse,eCAVIAR,0.84377,True,True,True
chr9:104933258:C:T,rs2472494,ENSG00000226334,RP11-217B7.2,eQTL,Whole_Blood,eCAVIAR,0.83795,True,True,True
chr17:47617876:AT:A,rs1348518145,ENSG00000141279,NPEPPS,eQTL,Esophagus_Gastroesophageal_Junction,eCAVIAR,0.837254,True,True,True
chr11:120327384:G:A,rs1893261,ENSG00000181264,TMEM136,sQTL,Brain_Cerebellar_Hemisphere,eCAVIAR,0.834687,True,True,True
chr11:65569780:T:A,rs1346,ENSG00000260233,SSSCA1-AS1,eQTL,Esophagus_Muscularis,eCAVIAR,0.827243,True,True,True
chr11:65569780:T:A,rs1346,ENSG00000260233,SSSCA1-AS1,eQTL,Vagina,eCAVIAR,0.826322,True,True,True
chr6:170139691:G:A,rs2935057,ENSG00000273100,RP11-302L19.3,eQTL,Artery_Tibial,eCAVIAR,0.825112,True,True,True
chr13:73065233:G:A,rs9530143,ENSG00000102554,KLF5,eQTL,Brain_Cerebellar_Hemisphere,eCAVIAR,0.824043,True,True,True
chr9:104933258:C:T,rs2472494,ENSG00000226334,RP11-217B7.2,eQTL,Adipose_Subcutaneous,eCAVIAR,0.820275,True,True,True
chr2:152508013:G:A,rs1579050,ENSG00000213197,AC012066.1,eQTL,Adipose_Subcutaneous,eCAVIAR,0.818315,True,True,True
chr11:65569780:T:A,rs1346,ENSG00000168056,LTBP3,sQTL,Pancreas,eCAVIAR,0.814181,True,True,True
chr1:165768467:G:C,rs2790053,ENSG00000224358,RP11-466F5.8,eQTL,Esophagus_Gastroesophageal_Junction,eCAVIAR,0.813845,True,True,True
chr11:65569780:T:A,rs1346,ENSG00000255320,RP11-755F10.1,eQTL,Skin_Not_Sun_Exposed_Suprapubic,eCAVIAR,0.813504,True,True,True
chr11:65569780:T:A,rs1346,ENSG00000260233,SSSCA1-AS1,eQTL,Heart_Left_Ventricle,eCAVIAR,0.807863,True,True,True
chr11:65569780:T:A,rs1346,ENSG00000254614,AP003068.23,eQTL,Colon_Transverse,eCAVIAR,0.805799,True,True,True
chr11:65569780:T:A,rs1346,ENSG00000173727,CMB9-22P13.1,sQTL,Breast_Mammary_Tissue,eCAVIAR,0.804657,True,True,True
chr11:65569780:T:A,rs1346,ENSG00000260233,SSSCA1-AS1,eQTL,Esophagus_Mucosa,eCAVIAR,0.797942,True,True,True
chr11:65569780:T:A,rs1346,ENSG00000255200,PGAM1P8,eQTL,Esophagus_Muscularis,eCAVIAR,0.797187,True,True,True
chr15:61655081:G:C,rs12438742,ENSG00000259616,RP11-507B12.2,eQTL,Muscle_Skeletal,eCAVIAR,0.785755,True,True,True
chr15:61655081:G:C,rs12438742,ENSG00000259530,RP11-259A24.1,eQTL,Muscle_Skeletal,eCAVIAR,0.77672,True,True,True
chr17:47617876:AT:A,rs1348518145,ENSG00000178852,EFCAB13,eQTL,Vagina,eCAVIAR,0.771645,True,True,True
chr17:47617876:AT:A,rs1348518145,ENSG00000141279,NPEPPS,eQTL,Colon_Sigmoid,eCAVIAR,0.770794,True,True,True
chr22:37780972:G:T,rs5750494,ENSG00000100106,TRIOBP,eQTL,Minor_Salivary_Gland,eCAVIAR,0.766543,True,True,True
chr22:19882624:C:T,rs8141610,ENSG00000232926,AC000078.5,eQTL,Brain_Frontal_Cortex_BA9,eCAVIAR,0.76101,True,True,True
chr11:120327384:G:A,rs1893261,ENSG00000181264,TMEM136,sQTL,Heart_Left_Ventricle,eCAVIAR,0.760097,True,True,True
chr15:61655081:G:C,rs12438742,ENSG00000259675,RP11-507B12.1,eQTL,Nerve_Tibial,eCAVIAR,0.750306,True,True,True
chr9:104933258:C:T,rs2472494,ENSG00000226334,RP11-217B7.2,eQTL,Small_Intestine_Terminal_Ileum,eCAVIAR,0.735641,True,True,True
chr22:37780972:G:T,rs5750494,ENSG00000100106,TRIOBP,eQTL,Colon_Transverse,eCAVIAR,0.731004,True,True,True
chr17:47617876:AT:A,rs1348518145,ENSG00000141295,SCRN2,eQTL,Skin_Sun_Exposed_Lower_leg,eCAVIAR,0.729551,True,True,True
chr21:25844528:T:A,rs13049669,ENSG00000154723,ATP5J,sQTL,Muscle_Skeletal,eCAVIAR,0.727824,True,True,True
chr21:25844528:T:A,rs13049669,ENSG00000154723,ATP5J,sQTL,Heart_Left_Ventricle,eCAVIAR,0.727692,True,True,True
chr21:25844528:T:A,rs13049669,ENSG00000154723,ATP5J,sQTL,Adipose_Visceral_Omentum,eCAVIAR,0.727563,True,True,True
chr21:25844528:T:A,rs13049669,ENSG00000154723,ATP5J,sQTL,Esophagus_Gastroesophageal_Junction,eCAVIAR,0.72636,True,True,True
chr6:29839124:G:C,rs407238/rs115586772,ENSG00000204622,HLA-J,eQTL,Adrenal_Gland,eCAVIAR,0.726001,True,True,True
chr21:25844528:T:A,rs13049669,ENSG00000154723,ATP5J,sQTL,Artery_Tibial,eCAVIAR,0.725972,True,True,True
chr21:25844528:T:A,rs13049669,ENSG00000154723,ATP5J,sQTL,Heart_Atrial_Appendage,eCAVIAR,0.725224,True,True,True
chr21:25844528:T:A,rs13049669,ENSG00000154723,ATP5J,sQTL,Esophagus_Muscularis,eCAVIAR,0.723838,True,True,True
chr21:25844528:T:A,rs13049669,ENSG00000154723,ATP5J,sQTL,Adipose_Subcutaneous,eCAVIAR,0.722566,True,True,True
chr21:25844528:T:A,rs13049669,ENSG00000154723,ATP5J,sQTL,Adipose_Subcutaneous,eCAVIAR,0.722566,True,True,True
chr15:61655081:G:C,rs12438742,ENSG00000259675,RP11-507B12.1,eQTL,Nerve_Tibial,eCAVIAR,0.71612,True,True,True
chr14:74618126:G:A,rs754458,ENSG00000119681,LTBP2,eQTL,Artery_Aorta,eCAVIAR,0.714844,True,True,True
chr11:120327384:G:A,rs1893261,ENSG00000181264,TMEM136,eQTL,Thyroid,eCAVIAR,0.714117,True,True,True
chr13:73065233:G:A,rs9530143,ENSG00000102554,KLF5,eQTL,Artery_Tibial,eCAVIAR,0.709068,True,True,True
chr17:47617876:AT:A,rs1348518145,ENSG00000141279,NPEPPS,eQTL,Testis,eCAVIAR,0.70868,True,True,True
chr11:65569780:T:A,rs1346,ENSG00000173727,CMB9-22P13.1,eQTL,Heart_Left_Ventricle,eCAVIAR,0.706799,True,True,True
chr17:10127866:G:A,rs9913911,ENSG00000007237,GAS7,eQTL,Cells_Cultured_fibroblasts,eCAVIAR,0.698343,True,True,True
chr6:29839124:G:C,rs407238/rs115586772,ENSG00000227262,HCG4B,eQTL,Esophagus_Muscularis,eCAVIAR,0.691973,True,True,True
chr15:73928957:C:T,rs1550437,ENSG00000129038,LOXL1,eQTL,Artery_Tibial,eCAVIAR,0.687525,True,True,True
chr9:104933258:C:T,rs2472494,ENSG00000226334,RP11-217B7.2,eQTL,Brain_Putamen_basal_ganglia,eCAVIAR,0.686658,True,True,True
chr6:29839124:G:C,rs407238/rs115586772,ENSG00000227262,HCG4B,eQTL,Nerve_Tibial,eCAVIAR,0.686518,True,True,True
chr2:45651621:G:T,rs687914,ENSG00000171132,PRKCE,eQTL,Whole_Blood,eCAVIAR,0.685955,True,True,True
chr15:73928957:C:T,rs1550437,ENSG00000129038,LOXL1,sQTL,Heart_Left_Ventricle,eCAVIAR,0.683738,True,True,True
chr6:29839124:G:C,rs407238/rs115586772,ENSG00000227262,HCG4B,eQTL,Brain_Anterior_cingulate_cortex_BA24,eCAVIAR,0.677498,True,True,True
chr21:25844528:T:A,rs13049669,ENSG00000154723,ATP5J,sQTL,Breast_Mammary_Tissue,eCAVIAR,0.676775,True,True,True
chr15:73928957:C:T,rs1550437,ENSG00000129038,LOXL1,sQTL,Heart_Atrial_Appendage,eCAVIAR,0.669072,True,True,True
chr17:47617876:AT:A,rs1348518145,ENSG00000141279,NPEPPS,eQTL,Colon_Transverse,eCAVIAR,0.667436,True,True,True
chr11:120327384:G:A,rs1893261,ENSG00000181264,TMEM136,sQTL,Brain_Nucleus_accumbens_basal_ganglia,eCAVIAR,0.65404,True,True,True
chr21:25844528:T:A,rs13049669,ENSG00000154723,ATP5J,sQTL,Skin_Sun_Exposed_Lower_leg,eCAVIAR,0.653913,True,True,True
chr22:37780972:G:T,rs5750494,ENSG00000100116,GCAT,sQTL,Artery_Aorta,eCAVIAR,0.645519,True,True,True
chr9:104933258:C:T,rs2472494,ENSG00000226334,RP11-217B7.2,eQTL,Brain_Hippocampus,eCAVIAR,0.644409,True,True,True
chr7:117996057:G:C,rs10230941,ENSG00000077063,CTTNBP2,eQTL,Testis,eCAVIAR,0.630357,True,True,True
chr7:117996057:G:C,rs10230941,ENSG00000077063,CTTNBP2,eQTL,Skin_Not_Sun_Exposed_Suprapubic,eCAVIAR,0.621239,True,True,True
chr21:25844528:T:A,rs13049669,ENSG00000154723,ATP5J,sQTL,Colon_Sigmoid,eCAVIAR,0.589193,True,True,True
chr11:65569780:T:A,rs1346,ENSG00000245532,NEAT1,eQTL,Brain_Anterior_cingulate_cortex_BA24,eCAVIAR,0.588451,True,True,True
chr9:104933258:C:T,rs2472494,ENSG00000226334,RP11-217B7.2,eQTL,Brain_Amygdala,eCAVIAR,0.576344,True,True,True
chr7:117996057:G:C,rs10230941,ENSG00000077063,CTTNBP2,eQTL,Cells_Cultured_fibroblasts,eCAVIAR,0.570762,True,True,True
chr21:25844528:T:A,rs13049669,ENSG00000154723,ATP5J,sQTL,Brain_Cortex,eCAVIAR,0.561432,True,True,True
chr1:37611020:C:T,rs10908363,ENSG00000183386,FHL3,eQTL,Artery_Aorta,eCAVIAR,0.548155,True,True,True
chr1:37611020:C:T,rs10908363,ENSG00000183386,FHL3,eQTL,Esophagus_Mucosa,eCAVIAR,0.548155,True,True,True
chr1:37611020:C:T,rs10908363,ENSG00000183386,FHL3,eQTL,Lung,eCAVIAR,0.548155,True,True,True
chr1:37611020:C:T,rs10908363,ENSG00000183386,FHL3,eQTL,Nerve_Tibial,eCAVIAR,0.548155,True,True,True
chr1:37611020:C:T,rs10908363,ENSG00000183386,FHL3,sQTL,Esophagus_Gastroesophageal_Junction,eCAVIAR,0.548155,True,True,True
chr1:37611020:C:T,rs10908363,ENSG00000183431,SF3A3,eQTL,Heart_Atrial_Appendage,eCAVIAR,0.548154,True,True,True
chr1:37611020:C:T,rs10908363,ENSG00000183386,FHL3,eQTL,Heart_Atrial_Appendage,eCAVIAR,0.548153,True,True,True
chr1:37611020:C:T,rs10908363,ENSG00000183386,FHL3,eQTL,Esophagus_Gastroesophageal_Junction,eCAVIAR,0.548074,True,True,True
chr1:37611020:C:T,rs10908363,ENSG00000183431,SF3A3,eQTL,Adrenal_Gland,eCAVIAR,0.54796,True,True,True
chr1:37611020:C:T,rs10908363,ENSG00000183431,SF3A3,eQTL,Esophagus_Mucosa,eCAVIAR,0.547938,True,True,True
chr17:45948522:C:A,rs242559/rs114919114,ENSG00000204650,LINC02210,sQTL,Brain_Cerebellum,eCAVIAR,0.547765,True,True,True
chr17:45948522:C:A,rs242559/rs114919114,ENSG00000120071,KANSL1,sQTL,Skin_Not_Sun_Exposed_Suprapubic,eCAVIAR,0.547734,True,True,True
chr17:45948522:C:A,rs242559/rs114919114,ENSG00000120071,KANSL1,sQTL,Artery_Coronary,eCAVIAR,0.547712,True,True,True
chr17:45948522:C:A,rs242559/rs114919114,ENSG00000264070,DND1P1,eQTL,Esophagus_Muscularis,eCAVIAR,0.547688,True,True,True
chr17:45948522:C:A,rs242559/rs114919114,ENSG00000176681,LRRC37A,eQTL,Brain_Cerebellar_Hemisphere,eCAVIAR,0.547655,True,True,True
chr1:37611020:C:T,rs10908363,ENSG00000183520,UTP11,eQTL,Artery_Aorta,eCAVIAR,0.547606,True,True,True
chr17:45948522:C:A,rs242559/rs114919114,ENSG00000238083,LRRC37A2,eQTL,Brain_Putamen_basal_ganglia,eCAVIAR,0.54751,True,True,True
chr17:45948522:C:A,rs242559/rs114919114,ENSG00000120088,CRHR1,sQTL,Brain_Cerebellum,eCAVIAR,0.547445,True,True,True
chr17:45948522:C:A,rs242559/rs114919114,ENSG00000204650,LINC02210,sQTL,Brain_Cortex,eCAVIAR,0.547399,True,True,True
chr17:45948522:C:A,rs242559/rs114919114,ENSG00000264070,DND1P1,eQTL,Nerve_Tibial,eCAVIAR,0.547326,True,True,True
chr17:45948522:C:A,rs242559/rs114919114,ENSG00000214425,LRRC37A4P,eQTL,Vagina,eCAVIAR,0.547037,True,True,True
chr17:45948522:C:A,rs242559/rs114919114,ENSG00000261575,RP11-259G18.1,eQTL,Skin_Not_Sun_Exposed_Suprapubic,eCAVIAR,0.546915,True,True,True
chr17:45948522:C:A,rs242559/rs114919114,ENSG00000264070,DND1P1,eQTL,Skin_Not_Sun_Exposed_Suprapubic,eCAVIAR,0.546701,True,True,True
chr17:45948522:C:A,rs242559/rs114919114,ENSG00000120088,CRHR1,sQTL,Brain_Cortex,eCAVIAR,0.546452,True,True,True
chr17:45948522:C:A,rs242559/rs114919114,ENSG00000264070,DND1P1,eQTL,Esophagus_Mucosa,eCAVIAR,0.546163,True,True,True
chr1:37611020:C:T,rs10908363,ENSG00000183386,FHL3,eQTL,Heart_Left_Ventricle,eCAVIAR,0.545997,True,True,True
chr17:45948522:C:A,rs242559/rs114919114,ENSG00000264070,DND1P1,eQTL,Esophagus_Gastroesophageal_Junction,eCAVIAR,0.544547,True,True,True
chr1:37611020:C:T,rs10908363,ENSG00000183386,FHL3,sQTL,Skin_Not_Sun_Exposed_Suprapubic,eCAVIAR,0.542875,True,True,True
chr13:73065233:G:A,rs9530143,ENSG00000102554,KLF5,eQTL,Brain_Cerebellum,eCAVIAR,0.542481,True,True,True
chr1:37611020:C:T,rs10908363,ENSG00000183431,SF3A3,eQTL,Esophagus_Muscularis,eCAVIAR,0.542026,True,True,True
chr17:45948522:C:A,rs242559/rs114919114,ENSG00000264070,DND1P1,eQTL,Pancreas,eCAVIAR,0.541749,True,True,True
chr17:45948522:C:A,rs242559/rs114919114,ENSG00000280022,RP11-707O23.1,eQTL,Ovary,eCAVIAR,0.54009,True,True,True
chr17:45948522:C:A,rs242559/rs114919114,ENSG00000280022,RP11-707O23.1,eQTL,Skin_Not_Sun_Exposed_Suprapubic,eCAVIAR,0.538904,True,True,True
chr17:45948522:C:A,rs242559/rs114919114,ENSG00000238083,LRRC37A2,eQTL,Nerve_Tibial,eCAVIAR,0.538764,True,True,True
chr1:37611020:C:T,rs10908363,ENSG00000183431,SF3A3,eQTL,Thyroid,eCAVIAR,0.536388,True,True,True
chr17:45948522:C:A,rs242559/rs114919114,ENSG00000120071,KANSL1,sQTL,Artery_Aorta,eCAVIAR,0.535512,True,True,True
chr1:37611020:C:T,rs10908363,ENSG00000183386,FHL3,sQTL,Artery_Coronary,eCAVIAR,0.535086,True,True,True
chr11:65569780:T:A,rs1346,ENSG00000173727,CMB9-22P13.1,sQTL,Pituitary,eCAVIAR,0.533137,True,True,True
chr21:25844528:T:A,rs13049669,ENSG00000154723,ATP5J,sQTL,Colon_Transverse,eCAVIAR,0.532675,True,True,True
chr1:37611020:C:T,rs10908363,ENSG00000183520,UTP11,eQTL,Adipose_Subcutaneous,eCAVIAR,0.531039,True,True,True
chr2:28143047:G:A,rs17006576,ENSG00000138002,IFT172,sQTL,Skin_Sun_Exposed_Lower_leg,eCAVIAR,0.530841,True,True,True
chr1:37611020:C:T,rs10908363,ENSG00000183520,UTP11,eQTL,Pancreas,eCAVIAR,0.524289,True,True,True
chr1:37611020:C:T,rs10908363,ENSG00000183386,FHL3,sQTL,Colon_Sigmoid,eCAVIAR,0.519337,True,True,True
chr22:37780972:G:T,rs5750494,ENSG00000100106,TRIOBP,sQTL,Adipose_Visceral_Omentum,eCAVIAR,0.519074,True,True,True
chr21:25844528:T:A,rs13049669,ENSG00000154723,ATP5J,sQTL,Brain_Putamen_basal_ganglia,eCAVIAR,0.518922,True,True,True
chr1:100629646:G:A,rs12566440,ENSG00000162692,VCAM1,eQTL,Thyroid,eCAVIAR,0.518474,True,True,True
chr17:45948522:C:A,rs242559/rs114919114,ENSG00000261575,RP11-259G18.1,eQTL,Ovary,eCAVIAR,0.51831,True,True,True
chr17:45948522:C:A,rs242559/rs114919114,ENSG00000214401,KANSL1-AS1,eQTL,Ovary,eCAVIAR,0.517519,True,True,True
chr1:37611020:C:T,rs10908363,ENSG00000183386,FHL3,sQTL,Adipose_Visceral_Omentum,eCAVIAR,0.517112,True,True,True
chr2:55705879:C:T,rs2627761,ENSG00000115380,EFEMP1,sQTL,Heart_Atrial_Appendage,eCAVIAR,0.514558,True,True,True
chr1:37611020:C:T,rs10908363,ENSG00000183386,FHL3,sQTL,Heart_Atrial_Appendage,eCAVIAR,0.512349,True,True,True
chr1:37611020:C:T,rs10908363,ENSG00000183386,FHL3,sQTL,Heart_Atrial_Appendage,eCAVIAR,0.512349,True,True,True
chr1:37611020:C:T,rs10908363,ENSG00000183520,UTP11,eQTL,Adrenal_Gland,eCAVIAR,0.512228,True,True,True
chr1:37611020:C:T,rs10908363,ENSG00000183386,FHL3,sQTL,Nerve_Tibial,eCAVIAR,0.50706,True,True,True
chr11:65569780:T:A,rs1346,ENSG00000168056,LTBP3,sQTL,Esophagus_Muscularis,eCAVIAR,0.505196,True,True,True
chr15:73928957:C:T,rs1550437,ENSG00000261801,LOXL1-AS1,eQTL,Thyroid,eCAVIAR,0.501169,True,True,True
chr17:45948522:C:A,rs242559/rs114919114,ENSG00000185829,ARL17A,eQTL,Brain_Nucleus_accumbens_basal_ganglia,eCAVIAR,0.500372,True,True,True
chr17:45948522:C:A,rs242559/rs114919114,ENSG00000204650,LINC02210,sQTL,Ovary,eCAVIAR,0.491684,True,True,False
chr22:28712241:G:A,rs5752776,ENSG00000159873,CCDC117,sQTL,Artery_Tibial,eCAVIAR,0.491647,True,True,False
chr22:28712241:G:A,rs5752776,ENSG00000226471,CTA-292E10.6,sQTL,Artery_Tibial,eCAVIAR,0.491647,True,True,False
chr1:37611020:C:T,rs10908363,ENSG00000183386,FHL3,eQTL,Colon_Transverse,eCAVIAR,0.489459,True,True,False
chr17:45948522:C:A,rs242559/rs114919114,ENSG00000214425,LRRC37A4P,eQTL,Brain_Anterior_cingulate_cortex_BA24,eCAVIAR,0.487451,True,True,False
chr10:124590079:C:T,rs10430737,ENSG00000107902,LHPP,eQTL,Brain_Hippocampus,eCAVIAR,0.486663,True,True,False
chr17:47617876:AT:A,rs1348518145,ENSG00000178852,EFCAB13,eQTL,Breast_Mammary_Tissue,eCAVIAR,0.484723,True,True,False
chr17:45948522:C:A,rs242559/rs114919114,ENSG00000262539,RP11-259G18.3,eQTL,Vagina,eCAVIAR,0.480552,True,True,False
chr13:73065233:G:A,rs9530143,ENSG00000102554,KLF5,sQTL,Stomach,eCAVIAR,0.478584,True,True,False
chr11:65569780:T:A,rs1346,ENSG00000162241,SLC25A45,eQTL,Esophagus_Muscularis,eCAVIAR,0.476348,True,True,False
chr17:45948522:C:A,rs242559/rs114919114,ENSG00000159314,ARHGAP27,sQTL,Skin_Sun_Exposed_Lower_leg,eCAVIAR,0.475928,True,True,False
chr17:45948522:C:A,rs242559/rs114919114,ENSG00000159314,ARHGAP27,sQTL,Skin_Sun_Exposed_Lower_leg,eCAVIAR,0.475928,True,True,False
chr14:74618126:G:A,rs754458,ENSG00000119681,LTBP2,eQTL,Artery_Aorta,eCAVIAR,0.470981,True,True,False
chr9:104933258:C:T,rs2472494,ENSG00000226334,RP11-217B7.2,eQTL,Brain_Caudate_basal_ganglia,eCAVIAR,0.467809,True,True,False
chr9:104933258:C:T,rs2472494,ENSG00000226334,RP11-217B7.2,eQTL,Artery_Coronary,eCAVIAR,0.467151,True,True,False
chr21:25844528:T:A,rs13049669,ENSG00000154723,ATP5J,sQTL,Artery_Coronary,eCAVIAR,0.459167,True,True,False
chr1:37611020:C:T,rs10908363,ENSG00000183431,SF3A3,eQTL,Ovary,eCAVIAR,0.454173,True,True,False
chr17:45948522:C:A,rs242559/rs114919114,ENSG00000120071,KANSL1,sQTL,Vagina,eCAVIAR,0.453028,True,True,False
chr1:37611020:C:T,rs10908363,ENSG00000183386,FHL3,eQTL,Skin_Sun_Exposed_Lower_leg,eCAVIAR,0.452699,True,True,False
chr1:37611020:C:T,rs10908363,ENSG00000183386,FHL3,eQTL,Skin_Not_Sun_Exposed_Suprapubic,eCAVIAR,0.45011,True,True,False
chr1:37611020:C:T,rs10908363,ENSG00000183386,FHL3,sQTL,Muscle_Skeletal,eCAVIAR,0.45011,True,True,False
chr1:37611020:C:T,rs10908363,ENSG00000183431,SF3A3,eQTL,Adipose_Visceral_Omentum,eCAVIAR,0.45011,True,True,False
chr1:37611020:C:T,rs10908363,ENSG00000183431,SF3A3,eQTL,Artery_Tibial,eCAVIAR,0.45011,True,True,False
chr1:37611020:C:T,rs10908363,ENSG00000183431,SF3A3,eQTL,Breast_Mammary_Tissue,eCAVIAR,0.45011,True,True,False
chr1:37611020:C:T,rs10908363,ENSG00000183431,SF3A3,eQTL,Pancreas,eCAVIAR,0.45011,True,True,False
chr1:37611020:C:T,rs10908363,ENSG00000183431,SF3A3,eQTL,Skin_Not_Sun_Exposed_Suprapubic,eCAVIAR,0.45011,True,True,False
chr1:37611020:C:T,rs10908363,ENSG00000183431,SF3A3,eQTL,Skin_Sun_Exposed_Lower_leg,eCAVIAR,0.45011,True,True,False
chr1:37611020:C:T,rs10908363,ENSG00000183431,SF3A3,eQTL,Whole_Blood,eCAVIAR,0.45011,True,True,False
chr1:37611020:C:T,rs10908363,ENSG00000183431,SF3A3,eQTL,Cells_Cultured_fibroblasts,eCAVIAR,0.450095,True,True,False
chr1:37611020:C:T,rs10908363,ENSG00000183431,SF3A3,eQTL,Nerve_Tibial,eCAVIAR,0.45008,True,True,False
chr1:37611020:C:T,rs10908363,ENSG00000183386,FHL3,sQTL,Cells_Cultured_fibroblasts,eCAVIAR,0.450064,True,True,False
chr1:37611020:C:T,rs10908363,ENSG00000183520,UTP11,eQTL,Nerve_Tibial,eCAVIAR,0.450059,True,True,False
chr1:37611020:C:T,rs10908363,ENSG00000183386,FHL3,sQTL,Artery_Tibial,eCAVIAR,0.449978,True,True,False
chr1:37611020:C:T,rs10908363,ENSG00000183386,FHL3,eQTL,Adipose_Subcutaneous,eCAVIAR,0.449903,True,True,False
chr1:37611020:C:T,rs10908363,ENSG00000183386,FHL3,sQTL,Skin_Sun_Exposed_Lower_leg,eCAVIAR,0.449844,True,True,False
chr13:73065233:G:A,rs9530143,ENSG00000083535,PIBF1,eQTL,Skin_Sun_Exposed_Lower_leg,eCAVIAR,0.449788,True,True,False
chr6:29839124:G:C,rs407238/rs115586772,ENSG00000280128,XXbac-BPG283O16.9,eQTL,Esophagus_Mucosa,eCAVIAR,0.449517,True,True,False
chr1:37611020:C:T,rs10908363,ENSG00000183431,SF3A3,eQTL,Prostate,eCAVIAR,0.44936,True,True,False
chr1:37611020:C:T,rs10908363,ENSG00000183431,SF3A3,eQTL,Uterus,eCAVIAR,0.449338,True,True,False
chr1:37611020:C:T,rs10908363,ENSG00000183386,FHL3,sQTL,Thyroid,eCAVIAR,0.449249,True,True,False
chr1:37611020:C:T,rs10908363,ENSG00000183431,SF3A3,eQTL,Lung,eCAVIAR,0.449042,True,True,False
chr1:37611020:C:T,rs10908363,ENSG00000183431,SF3A3,eQTL,Colon_Transverse,eCAVIAR,0.448839,True,True,False
chr1:37611020:C:T,rs10908363,ENSG00000183431,SF3A3,eQTL,Artery_Coronary,eCAVIAR,0.447908,True,True,False
chr1:37611020:C:T,rs10908363,ENSG00000183520,UTP11,eQTL,Whole_Blood,eCAVIAR,0.447666,True,True,False
chr1:37611020:C:T,rs10908363,ENSG00000183431,SF3A3,eQTL,Esophagus_Gastroesophageal_Junction,eCAVIAR,0.44751,True,True,False
chr1:37611020:C:T,rs10908363,ENSG00000183386,FHL3,eQTL,Artery_Coronary,eCAVIAR,0.447031,True,True,False
chr1:37611020:C:T,rs10908363,ENSG00000183386,FHL3,eQTL,Breast_Mammary_Tissue,eCAVIAR,0.446806,True,True,False
chr1:37611020:C:T,rs10908363,ENSG00000183386,FHL3,sQTL,Prostate,eCAVIAR,0.444996,True,True,False
chr21:25844528:T:A,rs13049669,ENSG00000154723,ATP5J,sQTL,Thyroid,eCAVIAR,0.444045,True,True,False
chr11:65569780:T:A,rs1346,ENSG00000254614,AP003068.23,eQTL,Colon_Sigmoid,eCAVIAR,0.444019,True,True,False
chr1:37611020:C:T,rs10908363,ENSG00000204084,INPP5B,eQTL,Artery_Tibial,eCAVIAR,0.435821,True,True,False
chr1:37611020:C:T,rs10908363,ENSG00000204084,INPP5B,eQTL,Esophagus_Gastroesophageal_Junction,eCAVIAR,0.435821,True,True,False
chr1:37611020:C:T,rs10908363,ENSG00000204084,INPP5B,eQTL,Esophagus_Muscularis,eCAVIAR,0.435821,True,True,False
chr1:37611020:C:T,rs10908363,ENSG00000204084,INPP5B,eQTL,Artery_Aorta,eCAVIAR,0.43582,True,True,False
chr17:45948522:C:A,rs242559/rs114919114,ENSG00000264070,DND1P1,eQTL,Ovary,eCAVIAR,0.435799,True,True,False
chr1:37611020:C:T,rs10908363,ENSG00000183386,FHL3,sQTL,Esophagus_Muscularis,eCAVIAR,0.429771,True,True,False
chr1:37611020:C:T,rs10908363,ENSG00000183431,SF3A3,eQTL,Colon_Sigmoid,eCAVIAR,0.42922,True,True,False
chr1:37611020:C:T,rs10908363,ENSG00000204084,INPP5B,eQTL,Artery_Coronary,eCAVIAR,0.428137,True,True,False
chr1:8435530:G:A,rs172531,ENSG00000142599,RERE,eQTL,Adipose_Subcutaneous,eCAVIAR,0.42718,True,True,False
chr1:37611020:C:T,rs10908363,ENSG00000183431,SF3A3,eQTL,Stomach,eCAVIAR,0.42659,True,True,False
chr17:45948522:C:A,rs242559/rs114919114,ENSG00000186868,MAPT,sQTL,Esophagus_Gastroesophageal_Junction,eCAVIAR,0.426474,True,True,False
chr17:45948522:C:A,rs242559/rs114919114,ENSG00000204650,LINC02210,sQTL,Adrenal_Gland,eCAVIAR,0.423203,True,True,False
chr11:65569780:T:A,rs1346,ENSG00000260233,SSSCA1-AS1,eQTL,Colon_Sigmoid,eCAVIAR,0.422709,True,True,False
chr21:25844528:T:A,rs13049669,ENSG00000154723,ATP5J,sQTL,Ovary,eCAVIAR,0.422312,True,True,False
chr17:45948522:C:A,rs242559/rs114919114,ENSG00000159314,ARHGAP27,eQTL,Cells_EBV-transformed_lymphocytes,eCAVIAR,0.421707,True,True,False
chr9:104933258:C:T,rs2472494,ENSG00000226334,RP11-217B7.2,eQTL,Heart_Atrial_Appendage,eCAVIAR,0.421544,True,True,False
chr11:65569780:T:A,rs1346,ENSG00000260233,SSSCA1-AS1,eQTL,Colon_Sigmoid,eCAVIAR,0.417696,True,True,False
chr1:37611020:C:T,rs10908363,ENSG00000183386,FHL3,sQTL,Testis,eCAVIAR,0.417279,True,True,False
chr11:65569780:T:A,rs1346,ENSG00000260233,SSSCA1-AS1,eQTL,Skin_Sun_Exposed_Lower_leg,eCAVIAR,0.41714,True,True,False
chr1:8435530:G:A,rs172531,ENSG00000142599,RERE,eQTL,Nerve_Tibial,eCAVIAR,0.415811,True,True,False
chr1:37611020:C:T,rs10908363,ENSG00000116922,C1orf109,sQTL,Cells_Cultured_fibroblasts,eCAVIAR,0.414695,True,True,False
chr1:37611020:C:T,rs10908363,ENSG00000116922,C1orf109,sQTL,Cells_Cultured_fibroblasts,eCAVIAR,0.414695,True,True,False
chr1:37611020:C:T,rs10908363,ENSG00000183386,FHL3,sQTL,Lung,eCAVIAR,0.41197,True,True,False
chr21:25844528:T:A,rs13049669,ENSG00000154723,ATP5J,sQTL,Pancreas,eCAVIAR,0.410889,True,True,False
chr1:37611020:C:T,rs10908363,ENSG00000183520,UTP11,eQTL,Thyroid,eCAVIAR,0.410295,True,True,False
chr17:45948522:C:A,rs242559/rs114919114,ENSG00000232300,FAM215B,eQTL,Prostate,eCAVIAR,0.4072,True,True,False
chr8:123542077:T:A,rs62521288,ENSG00000147689,FAM83A,sQTL,Esophagus_Mucosa,eCAVIAR,0.405203,True,True,False
chr17:45948522:C:A,rs242559/rs114919114,ENSG00000263503,MAPK8IP1P2,eQTL,Small_Intestine_Terminal_Ileum,eCAVIAR,0.403832,True,True,False
chr17:45948522:C:A,rs242559/rs114919114,ENSG00000214401,KANSL1-AS1,eQTL,Small_Intestine_Terminal_Ileum,eCAVIAR,0.40348,True,True,False
chr17:45948522:C:A,rs242559/rs114919114,ENSG00000204650,LINC02210,eQTL,Small_Intestine_Terminal_Ileum,eCAVIAR,0.403139,True,True,False
chr17:45948522:C:A,rs242559/rs114919114,ENSG00000204650,LINC02210,eQTL,Cells_EBV-transformed_lymphocytes,eCAVIAR,0.401906,True,True,False
chr17:45948522:C:A,rs242559/rs114919114,ENSG00000204650,LINC02210,sQTL,Vagina,eCAVIAR,0.40145,True,True,False
chr17:47617876:AT:A,rs1348518145,ENSG00000141279,NPEPPS,eQTL,Adipose_Visceral_Omentum,eCAVIAR,0.399808,True,True,False
chr1:8435530:G:A,rs172531,ENSG00000142599,RERE,eQTL,Lung,eCAVIAR,0.399013,True,True,False
chr17:45948522:C:A,rs242559/rs114919114,ENSG00000204650,LINC02210,sQTL,Lung,eCAVIAR,0.398959,True,True,False
chr6:134051012:G:C,rs2811688,ENSG00000146411,SLC2A12,eQTL,Artery_Tibial,eCAVIAR,0.398371,True,True,False
chr1:8435530:G:A,rs172531,ENSG00000232912,RP5-1115A15.1,eQTL,Adipose_Subcutaneous,eCAVIAR,0.398207,True,True,False
chr21:25844528:T:A,rs13049669,ENSG00000154723,ATP5J,sQTL,Nerve_Tibial,eCAVIAR,0.396543,True,True,False
chr21:25844528:T:A,rs13049669,ENSG00000154723,ATP5J,sQTL,Testis,eCAVIAR,0.394574,True,True,False
chr17:45948522:C:A,rs242559/rs114919114,ENSG00000185829,ARL17A,eQTL,Colon_Transverse,eCAVIAR,0.394316,True,True,False
chr17:47617876:AT:A,rs1348518145,ENSG00000141295,SCRN2,eQTL,Esophagus_Mucosa,eCAVIAR,0.392313,True,True,False
chr11:65569780:T:A,rs1346,ENSG00000173727,CMB9-22P13.1,sQTL,Testis,eCAVIAR,0.391474,True,True,False
chr17:45948522:C:A,rs242559/rs114919114,ENSG00000204650,LINC02210,sQTL,Brain_Cerebellar_Hemisphere,eCAVIAR,0.391441,True,True,False
chr1:37611020:C:T,rs10908363,ENSG00000183520,UTP11,eQTL,Skin_Sun_Exposed_Lower_leg,eCAVIAR,0.390563,True,True,False
chr11:102194103:C:A,rs7120067,ENSG00000137693,YAP1,eQTL,Adrenal_Gland,eCAVIAR,0.389433,True,True,False
chr17:45948522:C:A,rs242559/rs114919114,ENSG00000214425,LRRC37A4P,sQTL,Colon_Transverse,eCAVIAR,0.387648,True,True,False
chr21:25844528:T:A,rs13049669,ENSG00000154723,ATP5J,sQTL,Ovary,eCAVIAR,0.385627,True,True,False
chr9:104933258:C:T,rs2472494,ENSG00000226334,RP11-217B7.2,eQTL,Brain_Hypothalamus,eCAVIAR,0.385056,True,True,False
chr14:74618126:G:A,rs754458,ENSG00000119681,LTBP2,eQTL,Whole_Blood,eCAVIAR,0.38265,True,True,False
chr1:37611020:C:T,rs10908363,ENSG00000197982,C1orf122,eQTL,Whole_Blood,eCAVIAR,0.382307,True,True,False
chr6:134051012:G:C,rs2811688,ENSG00000146411,SLC2A12,eQTL,Muscle_Skeletal,eCAVIAR,0.38206,True,True,False
chr1:8435530:G:A,rs172531,ENSG00000142599,RERE,eQTL,Adipose_Visceral_Omentum,eCAVIAR,0.380706,True,True,False
chr11:65569780:T:A,rs1346,ENSG00000260233,SSSCA1-AS1,eQTL,Whole_Blood,eCAVIAR,0.379886,True,True,False
chr11:120327384:G:A,rs1893261,ENSG00000181264,TMEM136,eQTL,Stomach,eCAVIAR,0.378719,True,True,False
chr17:45948522:C:A,rs242559/rs114919114,ENSG00000264070,DND1P1,eQTL,Minor_Salivary_Gland,eCAVIAR,0.377355,True,True,False
chr1:37611020:C:T,rs10908363,ENSG00000183386,FHL3,eQTL,Adipose_Visceral_Omentum,eCAVIAR,0.376994,True,True,False
chr11:120327384:G:A,rs1893261,ENSG00000181264,TMEM136,eQTL,Artery_Tibial,eCAVIAR,0.376799,True,True,False
chr21:25844528:T:A,rs13049669,ENSG00000154723,ATP5J,sQTL,Esophagus_Mucosa,eCAVIAR,0.375761,True,True,False
chr17:45948522:C:A,rs242559/rs114919114,ENSG00000186868,MAPT,sQTL,Heart_Atrial_Appendage,eCAVIAR,0.372849,True,True,False
chr1:37611020:C:T,rs10908363,ENSG00000183431,SF3A3,eQTL,Testis,eCAVIAR,0.37257,True,True,False
chr17:45948522:C:A,rs242559/rs114919114,ENSG00000159314,ARHGAP27,sQTL,Small_Intestine_Terminal_Ileum,eCAVIAR,0.366629,True,True,False
chr11:120327384:G:A,rs1893261,ENSG00000181264,TMEM136,sQTL,Skin_Sun_Exposed_Lower_leg,eCAVIAR,0.366026,True,True,False
chr1:37611020:C:T,rs10908363,ENSG00000183431,SF3A3,eQTL,Cells_EBV-transformed_lymphocytes,eCAVIAR,0.365632,True,True,False
chr1:8435530:G:A,rs172531,ENSG00000142599,RERE,eQTL,Brain_Cortex,eCAVIAR,0.364697,True,True,False
chr17:45948522:C:A,rs242559/rs114919114,ENSG00000236234,AC091132.1,eQTL,Brain_Cerebellum,eCAVIAR,0.364276,True,True,False
chr1:37611020:C:T,rs10908363,ENSG00000183431,SF3A3,eQTL,Vagina,eCAVIAR,0.363038,True,True,False
chr17:45948522:C:A,rs242559/rs114919114,ENSG00000261575,RP11-259G18.1,eQTL,Lung,eCAVIAR,0.361909,True,True,False
chr17:45948522:C:A,rs242559/rs114919114,ENSG00000204650,LINC02210,sQTL,Colon_Transverse,eCAVIAR,0.360857,True,True,False
chr17:45948522:C:A,rs242559/rs114919114,ENSG00000263503,MAPK8IP1P2,eQTL,Adrenal_Gland,eCAVIAR,0.354496,True,True,False
chr22:28712241:G:A,rs5752776,ENSG00000159873,CCDC117,sQTL,Artery_Tibial,eCAVIAR,0.351035,True,True,False
chr22:28712241:G:A,rs5752776,ENSG00000226471,CTA-292E10.6,sQTL,Artery_Tibial,eCAVIAR,0.351035,True,True,False
chr6:29839124:G:C,rs407238/rs115586772,ENSG00000227262,HCG4B,eQTL,Brain_Nucleus_accumbens_basal_ganglia,eCAVIAR,0.350391,True,True,False
chr21:25844528:T:A,rs13049669,ENSG00000154723,ATP5J,sQTL,Brain_Cortex,eCAVIAR,0.350205,True,True,False
chr1:8435530:G:A,rs172531,ENSG00000142599,RERE,eQTL,Cells_Cultured_fibroblasts,eCAVIAR,0.349441,True,True,False
chr11:65569780:T:A,rs1346,ENSG00000173727,CMB9-22P13.1,sQTL,Brain_Caudate_basal_ganglia,eCAVIAR,0.34912,True,True,False
chr17:45948522:C:A,rs242559/rs114919114,ENSG00000264589,MAPT-AS1,eQTL,Brain_Hypothalamus,eCAVIAR,0.346704,True,True,False
chr21:25844528:T:A,rs13049669,ENSG00000154723,ATP5J,sQTL,Brain_Nucleus_accumbens_basal_ganglia,eCAVIAR,0.34328,True,True,False
chr13:73065233:G:A,rs9530143,ENSG00000102554,KLF5,eQTL,Adipose_Subcutaneous,eCAVIAR,0.340318,True,True,False
chr17:45948522:C:A,rs242559/rs114919114,ENSG00000186868,MAPT,sQTL,Brain_Cortex,eCAVIAR,0.339452,True,True,False
chr13:73065233:G:A,rs9530143,ENSG00000102554,KLF5,sQTL,Muscle_Skeletal,eCAVIAR,0.337145,True,True,False
chr1:37611020:C:T,rs10908363,ENSG00000183386,FHL3,eQTL,Artery_Aorta,eCAVIAR,0.331213,True,True,False
chr1:37611020:C:T,rs10908363,ENSG00000183386,FHL3,eQTL,Esophagus_Mucosa,eCAVIAR,0.331213,True,True,False
chr1:37611020:C:T,rs10908363,ENSG00000183386,FHL3,eQTL,Heart_Atrial_Appendage,eCAVIAR,0.331213,True,True,False
chr1:37611020:C:T,rs10908363,ENSG00000183386,FHL3,eQTL,Lung,eCAVIAR,0.331213,True,True,False
chr1:37611020:C:T,rs10908363,ENSG00000183520,UTP11,eQTL,Artery_Aorta,eCAVIAR,0.331209,True,True,False
chr1:37611020:C:T,rs10908363,ENSG00000183386,FHL3,eQTL,Nerve_Tibial,eCAVIAR,0.331191,True,True,False
chr1:37611020:C:T,rs10908363,ENSG00000183386,FHL3,eQTL,Spleen,eCAVIAR,0.331164,True,True,False
chr1:37611020:C:T,rs10908363,ENSG00000183431,SF3A3,eQTL,Adrenal_Gland,eCAVIAR,0.331063,True,True,False
chr1:37611020:C:T,rs10908363,ENSG00000183431,SF3A3,eQTL,Esophagus_Mucosa,eCAVIAR,0.33104,True,True,False
chr1:37611020:C:T,rs10908363,ENSG00000183386,FHL3,eQTL,Uterus,eCAVIAR,0.33102,True,True,False
chr1:37611020:C:T,rs10908363,ENSG00000183386,FHL3,eQTL,Esophagus_Gastroesophageal_Junction,eCAVIAR,0.330948,True,True,False
chr1:37611020:C:T,rs10908363,ENSG00000183386,FHL3,eQTL,Heart_Left_Ventricle,eCAVIAR,0.33075,True,True,False
chr1:37611020:C:T,rs10908363,ENSG00000183386,FHL3,sQTL,Adipose_Subcutaneous,eCAVIAR,0.329503,True,True,False
chr1:37611020:C:T,rs10908363,ENSG00000183386,FHL3,eQTL,Small_Intestine_Terminal_Ileum,eCAVIAR,0.328388,True,True,False
chr1:37611020:C:T,rs10908363,ENSG00000183431,SF3A3,eQTL,Heart_Atrial_Appendage,eCAVIAR,0.328196,True,True,False
chr1:37611020:C:T,rs10908363,ENSG00000183520,UTP11,eQTL,Pancreas,eCAVIAR,0.328116,True,True,False
chr1:37611020:C:T,rs10908363,ENSG00000183386,FHL3,eQTL,Testis,eCAVIAR,0.32739,True,True,False
chr21:25844528:T:A,rs13049669,ENSG00000154723,ATP5J,sQTL,Brain_Cerebellar_Hemisphere,eCAVIAR,0.326226,True,True,False
chr1:37611020:C:T,rs10908363,ENSG00000183386,FHL3,eQTL,Brain_Hypothalamus,eCAVIAR,0.326015,True,True,False
chr17:45948522:C:A,rs242559/rs114919114,ENSG00000214425,LRRC37A4P,sQTL,Whole_Blood,eCAVIAR,0.325897,True,True,False
chr1:37611020:C:T,rs10908363,ENSG00000183520,UTP11,eQTL,Uterus,eCAVIAR,0.325897,True,True,False
chr1:37611020:C:T,rs10908363,ENSG00000183520,UTP11,eQTL,Adrenal_Gland,eCAVIAR,0.324607,True,True,False
chr1:37611020:C:T,rs10908363,ENSG00000183386,FHL3,sQTL,Skin_Not_Sun_Exposed_Suprapubic,eCAVIAR,0.324515,True,True,False
chr1:37611020:C:T,rs10908363,ENSG00000183386,FHL3,eQTL,Esophagus_Muscularis,eCAVIAR,0.324154,True,True,False
chr11:65569780:T:A,rs1346,ENSG00000173727,CMB9-22P13.1,sQTL,Brain_Caudate_basal_ganglia,eCAVIAR,0.322965,True,True,False
chr22:19882624:C:T,rs8141610,ENSG00000184470,TXNRD2,eQTL,Cells_Cultured_fibroblasts,eCAVIAR,0.322474,True,True,False
chr1:37611020:C:T,rs10908363,ENSG00000183386,FHL3,eQTL,Whole_Blood,eCAVIAR,0.321743,True,True,False
chr11:120327384:G:A,rs1893261,ENSG00000181264,TMEM136,eQTL,Colon_Sigmoid,eCAVIAR,0.320847,True,True,False
chr21:25844528:T:A,rs13049669,ENSG00000154723,ATP5J,sQTL,Adrenal_Gland,eCAVIAR,0.320081,True,True,False
chr1:37611020:C:T,rs10908363,ENSG00000183520,UTP11,eQTL,Adipose_Subcutaneous,eCAVIAR,0.319288,True,True,False
chr1:37611020:C:T,rs10908363,ENSG00000183386,FHL3,eQTL,Colon_Transverse,eCAVIAR,0.314159,True,True,False
chr17:45948522:C:A,rs242559/rs114919114,ENSG00000186868,MAPT,sQTL,Colon_Transverse,eCAVIAR,0.313703,True,True,False
chr1:37611020:C:T,rs10908363,ENSG00000183431,SF3A3,eQTL,Small_Intestine_Terminal_Ileum,eCAVIAR,0.313559,True,True,False
chr1:37611020:C:T,rs10908363,ENSG00000183431,SF3A3,eQTL,Artery_Aorta,eCAVIAR,0.313306,True,True,False
chr15:61655081:G:C,rs12438742,ENSG00000259675,RP11-507B12.1,eQTL,Artery_Coronary,eCAVIAR,0.313243,True,True,False
chr2:12811195:C:T,rs12623251,ENSG00000071575,TRIB2,eQTL,Cells_Cultured_fibroblasts,eCAVIAR,0.312482,True,True,False
chr1:37611020:C:T,rs10908363,ENSG00000183386,FHL3,sQTL,Stomach,eCAVIAR,0.309411,True,True,False
chr7:117996057:G:C,rs10230941,ENSG00000077063,CTTNBP2,eQTL,Adipose_Subcutaneous,eCAVIAR,0.308293,True,True,False
chr1:37611020:C:T,rs10908363,ENSG00000183386,FHL3,eQTL,Vagina,eCAVIAR,0.301322,True,True,False
chr17:45948522:C:A,rs242559/rs114919114,ENSG00000185829,ARL17A,sQTL,Uterus,eCAVIAR,0.298974,True,True,False
chr3:188349165:G:T,rs6787621,ENSG00000145012,LPP,eQTL,Cells_Cultured_fibroblasts,eCAVIAR,0.297895,True,True,False
chr3:188349165:G:T,rs6787621,ENSG00000145012,LPP,sQTL,Adipose_Subcutaneous,eCAVIAR,0.297895,True,True,False
chr3:188349165:G:T,rs6787621,ENSG00000145012,LPP,sQTL,Adipose_Visceral_Omentum,eCAVIAR,0.297895,True,True,False
chr3:188349165:G:T,rs6787621,ENSG00000145012,LPP,sQTL,Adrenal_Gland,eCAVIAR,0.297895,True,True,False
chr3:188349165:G:T,rs6787621,ENSG00000145012,LPP,sQTL,Artery_Aorta,eCAVIAR,0.297895,True,True,False
chr3:188349165:G:T,rs6787621,ENSG00000145012,LPP,sQTL,Artery_Coronary,eCAVIAR,0.297895,True,True,False
chr3:188349165:G:T,rs6787621,ENSG00000145012,LPP,sQTL,Artery_Tibial,eCAVIAR,0.297895,True,True,False
chr3:188349165:G:T,rs6787621,ENSG00000145012,LPP,sQTL,Artery_Tibial,eCAVIAR,0.297895,True,True,False
chr3:188349165:G:T,rs6787621,ENSG00000145012,LPP,sQTL,Breast_Mammary_Tissue,eCAVIAR,0.297895,True,True,False
chr3:188349165:G:T,rs6787621,ENSG00000145012,LPP,sQTL,Cells_Cultured_fibroblasts,eCAVIAR,0.297895,True,True,False
chr3:188349165:G:T,rs6787621,ENSG00000145012,LPP,sQTL,Cells_Cultured_fibroblasts,eCAVIAR,0.297895,True,True,False
chr3:188349165:G:T,rs6787621,ENSG00000145012,LPP,sQTL,Colon_Sigmoid,eCAVIAR,0.297895,True,True,False
chr3:188349165:G:T,rs6787621,ENSG00000145012,LPP,sQTL,Colon_Transverse,eCAVIAR,0.297895,True,True,False
chr3:188349165:G:T,rs6787621,ENSG00000145012,LPP,sQTL,Esophagus_Gastroesophageal_Junction,eCAVIAR,0.297895,True,True,False
chr3:188349165:G:T,rs6787621,ENSG00000145012,LPP,sQTL,Esophagus_Mucosa,eCAVIAR,0.297895,True,True,False
chr3:188349165:G:T,rs6787621,ENSG00000145012,LPP,sQTL,Esophagus_Muscularis,eCAVIAR,0.297895,True,True,False
chr3:188349165:G:T,rs6787621,ENSG00000145012,LPP,sQTL,Heart_Atrial_Appendage,eCAVIAR,0.297895,True,True,False
chr3:188349165:G:T,rs6787621,ENSG00000145012,LPP,sQTL,Heart_Left_Ventricle,eCAVIAR,0.297895,True,True,False
chr3:188349165:G:T,rs6787621,ENSG00000145012,LPP,sQTL,Heart_Left_Ventricle,eCAVIAR,0.297895,True,True,False
chr3:188349165:G:T,rs6787621,ENSG00000145012,LPP,sQTL,Liver,eCAVIAR,0.297895,True,True,False
chr3:188349165:G:T,rs6787621,ENSG00000145012,LPP,sQTL,Lung,eCAVIAR,0.297895,True,True,False
chr3:188349165:G:T,rs6787621,ENSG00000145012,LPP,sQTL,Minor_Salivary_Gland,eCAVIAR,0.297895,True,True,False
chr3:188349165:G:T,rs6787621,ENSG00000145012,LPP,sQTL,Muscle_Skeletal,eCAVIAR,0.297895,True,True,False
chr3:188349165:G:T,rs6787621,ENSG00000145012,LPP,sQTL,Nerve_Tibial,eCAVIAR,0.297895,True,True,False
chr3:188349165:G:T,rs6787621,ENSG00000145012,LPP,sQTL,Nerve_Tibial,eCAVIAR,0.297895,True,True,False
chr3:188349165:G:T,rs6787621,ENSG00000145012,LPP,sQTL,Ovary,eCAVIAR,0.297895,True,True,False
chr3:188349165:G:T,rs6787621,ENSG00000145012,LPP,sQTL,Pancreas,eCAVIAR,0.297895,True,True,False
chr3:188349165:G:T,rs6787621,ENSG00000145012,LPP,sQTL,Pituitary,eCAVIAR,0.297895,True,True,False
chr3:188349165:G:T,rs6787621,ENSG00000145012,LPP,sQTL,Prostate,eCAVIAR,0.297895,True,True,False
chr3:188349165:G:T,rs6787621,ENSG00000145012,LPP,sQTL,Skin_Not_Sun_Exposed_Suprapubic,eCAVIAR,0.297895,True,True,False
chr3:188349165:G:T,rs6787621,ENSG00000145012,LPP,sQTL,Skin_Sun_Exposed_Lower_leg,eCAVIAR,0.297895,True,True,False
chr3:188349165:G:T,rs6787621,ENSG00000145012,LPP,sQTL,Small_Intestine_Terminal_Ileum,eCAVIAR,0.297895,True,True,False
chr3:188349165:G:T,rs6787621,ENSG00000145012,LPP,sQTL,Spleen,eCAVIAR,0.297895,True,True,False
chr3:188349165:G:T,rs6787621,ENSG00000145012,LPP,sQTL,Stomach,eCAVIAR,0.297895,True,True,False
chr3:188349165:G:T,rs6787621,ENSG00000145012,LPP,sQTL,Testis,eCAVIAR,0.297895,True,True,False
chr3:188349165:G:T,rs6787621,ENSG00000145012,LPP,sQTL,Testis,eCAVIAR,0.297895,True,True,False
chr3:188349165:G:T,rs6787621,ENSG00000145012,LPP,sQTL,Thyroid,eCAVIAR,0.297895,True,True,False
chr3:188349165:G:T,rs6787621,ENSG00000145012,LPP,sQTL,Uterus,eCAVIAR,0.297895,True,True,False
chr3:188349165:G:T,rs6787621,ENSG00000145012,LPP,sQTL,Vagina,eCAVIAR,0.297895,True,True,False
chr3:188349165:G:T,rs6787621,ENSG00000145012,LPP,sQTL,Whole_Blood,eCAVIAR,0.297895,True,True,False
chr1:37611020:C:T,rs10908363,ENSG00000183520,UTP11,eQTL,Lung,eCAVIAR,0.296785,True,True,False
chr22:37780972:G:T,rs5750494,ENSG00000100116,GCAT,eQTL,Esophagus_Mucosa,eCAVIAR,0.293018,True,True,False
chr6:29839124:G:C,rs407238/rs115586772,ENSG00000234127,TRIM26,eQTL,Testis,eCAVIAR,0.292263,True,True,False
chr11:120327384:G:A,rs1893261,ENSG00000181264,TMEM136,eQTL,Artery_Aorta,eCAVIAR,0.291672,True,True,False
chr11:65569780:T:A,rs1346,ENSG00000255200,PGAM1P8,eQTL,Esophagus_Muscularis,eCAVIAR,0.289565,True,True,False
chr6:134051012:G:C,rs2811688,ENSG00000146411,SLC2A12,eQTL,Brain_Cerebellar_Hemisphere,eCAVIAR,0.289456,True,True,False
chr15:61655081:G:C,rs12438742,ENSG00000259675,RP11-507B12.1,sQTL,Adipose_Subcutaneous,eCAVIAR,0.289088,True,True,False
chr15:61655081:G:C,rs12438742,ENSG00000259616,RP11-507B12.2,sQTL,Adipose_Subcutaneous,eCAVIAR,0.289088,True,True,False
chr6:134051012:G:C,rs2811688,ENSG00000227954,TARID,eQTL,Adipose_Visceral_Omentum,eCAVIAR,0.288199,True,True,False
chr15:73928957:C:T,rs1550437,ENSG00000261801,LOXL1-AS1,eQTL,Spleen,eCAVIAR,0.286088,True,True,False
chr3:186411027:G:A,rs56233426,ENSG00000058866,DGKG,eQTL,Heart_Atrial_Appendage,eCAVIAR,0.284429,True,True,False
chr11:65569780:T:A,rs1346,ENSG00000260233,SSSCA1-AS1,eQTL,Cells_Cultured_fibroblasts,eCAVIAR,0.282501,True,True,False
chr11:65569780:T:A,rs1346,ENSG00000214659,KRT8P26,eQTL,Pituitary,eCAVIAR,0.281775,True,True,False
chr17:45948522:C:A,rs242559/rs114919114,ENSG00000185829,ARL17A,eQTL,Pancreas,eCAVIAR,0.28154,True,True,False
chr9:104933258:C:T,rs2472494,ENSG00000226334,RP11-217B7.2,eQTL,Brain_Caudate_basal_ganglia,eCAVIAR,0.279309,True,True,False
chr17:45948522:C:A,rs242559/rs114919114,ENSG00000214425,LRRC37A4P,sQTL,Adrenal_Gland,eCAVIAR,0.278014,True,True,False
chr11:65569780:T:A,rs1346,ENSG00000260233,SSSCA1-AS1,eQTL,Artery_Aorta,eCAVIAR,0.277821,True,True,False
chr1:37611020:C:T,rs10908363,ENSG00000183386,FHL3,sQTL,Artery_Coronary,eCAVIAR,0.27455,True,True,False
chr21:25844528:T:A,rs13049669,ENSG00000154723,ATP5J,sQTL,Stomach,eCAVIAR,0.273867,True,True,False
chr11:65569780:T:A,rs1346,ENSG00000162241,SLC25A45,eQTL,Esophagus_Gastroesophageal_Junction,eCAVIAR,0.273539,True,True,False
chr16:77627835:C:T,rs280875,ENSG00000140876,NUDT7,eQTL,Esophagus_Gastroesophageal_Junction,eCAVIAR,0.272536,True,True,False
chr1:37611020:C:T,rs10908363,ENSG00000183386,FHL3,eQTL,Skin_Sun_Exposed_Lower_leg,eCAVIAR,0.272025,True,True,False
chr11:65569780:T:A,rs1346,ENSG00000214659,KRT8P26,eQTL,Pituitary,eCAVIAR,0.269934,True,True,False
chr7:117996057:G:C,rs10230941,ENSG00000077063,CTTNBP2,eQTL,Skin_Sun_Exposed_Lower_leg,eCAVIAR,0.269054,True,True,False
chr15:61655081:G:C,rs12438742,ENSG00000069667,RORA,eQTL,Artery_Tibial,eCAVIAR,0.267141,True,True,False
chr11:65569780:T:A,rs1346,ENSG00000168056,LTBP3,sQTL,Breast_Mammary_Tissue,eCAVIAR,0.263803,True,True,False
chr11:65569780:T:A,rs1346,ENSG00000168056,LTBP3,sQTL,Lung,eCAVIAR,0.262389,True,True,False
chr8:123542077:T:A,rs62521288,ENSG00000156787,TBC1D31,eQTL,Brain_Nucleus_accumbens_basal_ganglia,eCAVIAR,0.262104,True,True,False
chr17:45948522:C:A,rs242559/rs114919114,ENSG00000263503,MAPK8IP1P2,eQTL,Artery_Coronary,eCAVIAR,0.261154,True,True,False
chr11:120327384:G:A,rs1893261,ENSG00000181264,TMEM136,eQTL,Esophagus_Gastroesophageal_Junction,eCAVIAR,0.260898,True,True,False
chr11:65569780:T:A,rs1346,ENSG00000173727,CMB9-22P13.1,sQTL,Brain_Cerebellar_Hemisphere,eCAVIAR,0.258992,True,True,False
chr21:25844528:T:A,rs13049669,ENSG00000154723,ATP5J,sQTL,Liver,eCAVIAR,0.258835,True,True,False
chr17:45948522:C:A,rs242559/rs114919114,ENSG00000073969,NSF,eQTL,Ovary,eCAVIAR,0.258475,True,True,False
chr1:8435530:G:A,rs172531,ENSG00000232912,RP5-1115A15.1,eQTL,Breast_Mammary_Tissue,eCAVIAR,0.257992,True,True,False
chr17:45948522:C:A,rs242559/rs114919114,ENSG00000186868,MAPT,eQTL,Skin_Not_Sun_Exposed_Suprapubic,eCAVIAR,0.256992,True,True,False
chr17:45948522:C:A,rs242559/rs114919114,ENSG00000262500,MAPK8IP1P1,eQTL,Adrenal_Gland,eCAVIAR,0.256823,True,True,False
chr11:65569780:T:A,rs1346,ENSG00000168056,LTBP3,sQTL,Colon_Sigmoid,eCAVIAR,0.25557,True,True,False
chr9:104933258:C:T,rs2472494,ENSG00000226334,RP11-217B7.2,eQTL,Minor_Salivary_Gland,eCAVIAR,0.254624,True,True,False
chr17:45948522:C:A,rs242559/rs114919114,ENSG00000261575,RP11-259G18.1,eQTL,Brain_Putamen_basal_ganglia,eCAVIAR,0.253241,True,True,False
chr2:152508013:G:A,rs1579050,ENSG00000213197,AC012066.1,eQTL,Adipose_Subcutaneous,eCAVIAR,0.252364,True,True,False
chr17:45948522:C:A,rs242559/rs114919114,ENSG00000185829,ARL17A,eQTL,Pituitary,eCAVIAR,0.252321,True,True,False
chr17:45948522:C:A,rs242559/rs114919114,ENSG00000262500,MAPK8IP1P1,eQTL,Vagina,eCAVIAR,0.250737,True,True,False
chr17:45948522:C:A,rs242559/rs114919114,ENSG00000159314,ARHGAP27,eQTL,Brain_Cortex,eCAVIAR,0.250484,True,True,False
chr1:68371486:C:A,rs4076000,ENSG00000116729,WLS,eQTL,Cells_Cultured_fibroblasts,eCAVIAR,0.25,True,True,False
chr1:68371486:C:A,rs4076000,ENSG00000116729,WLS,eQTL,Cells_Cultured_fibroblasts,eCAVIAR,0.25,True,True,False
chr9:104933258:C:T,rs2472494,ENSG00000226334,RP11-217B7.2,eQTL,Brain_Hypothalamus,eCAVIAR,0.249895,True,True,False
chr11:65569780:T:A,rs1346,ENSG00000254614,AP003068.23,eQTL,Colon_Sigmoid,eCAVIAR,0.249278,True,True,False
chr21:25844528:T:A,rs13049669,ENSG00000154723,ATP5J,sQTL,Brain_Amygdala,eCAVIAR,0.24838,True,True,False
chr21:25844528:T:A,rs13049669,ENSG00000154723,ATP5J,sQTL,Vagina,eCAVIAR,0.245871,True,True,False
chr17:45948522:C:A,rs242559/rs114919114,ENSG00000186868,MAPT,eQTL,Prostate,eCAVIAR,0.244499,True,True,False
chr1:8435530:G:A,rs172531,ENSG00000142599,RERE,eQTL,Brain_Nucleus_accumbens_basal_ganglia,eCAVIAR,0.239963,True,True,False
chr15:61655081:G:C,rs12438742,ENSG00000069667,RORA,eQTL,Artery_Tibial,eCAVIAR,0.236566,True,True,False
chr17:45948522:C:A,rs242559/rs114919114,ENSG00000225190,PLEKHM1,sQTL,Testis,eCAVIAR,0.235324,True,True,False
chr11:65569780:T:A,rs1346,ENSG00000168056,LTBP3,eQTL,Esophagus_Muscularis,eCAVIAR,0.229874,True,True,False
chr9:133255801:C:T,rs8176749,ENSG00000175164,ABO,eQTL,Skin_Sun_Exposed_Lower_leg,eCAVIAR,0.225169,True,True,False
chr17:45948522:C:A,rs242559/rs114919114,ENSG00000225190,PLEKHM1,sQTL,Adipose_Visceral_Omentum,eCAVIAR,0.225169,True,True,False
chr6:134051012:G:C,rs2811688,ENSG00000146411,SLC2A12,eQTL,Retina,eCAVIAR,0.222761,True,True,False
chr17:45948522:C:A,rs242559/rs114919114,ENSG00000181513,ACBD4,eQTL,Nerve_Tibial,eCAVIAR,0.221524,True,True,False
chr17:45948522:C:A,rs242559/rs114919114,ENSG00000159314,ARHGAP27,sQTL,Adipose_Subcutaneous,eCAVIAR,0.220954,True,True,False
chr9:126628521:C:T,rs3829849,ENSG00000224842,RP11-123K19.1,eQTL,Adipose_Subcutaneous,eCAVIAR,0.220311,True,True,False
chr17:45948522:C:A,rs242559/rs114919114,ENSG00000238083,LRRC37A2,sQTL,Cells_Cultured_fibroblasts,eCAVIAR,0.218637,True,True,False
chr21:25844528:T:A,rs13049669,ENSG00000154723,ATP5J,sQTL,Uterus,eCAVIAR,0.21825,True,True,False
chr17:45948522:C:A,rs242559/rs114919114,ENSG00000238083,LRRC37A2,sQTL,Cells_EBV-transformed_lymphocytes,eCAVIAR,0.218088,True,True,False
chr17:45948522:C:A,rs242559/rs114919114,ENSG00000225190,PLEKHM1,sQTL,Lung,eCAVIAR,0.217239,True,True,False
chr21:25844528:T:A,rs13049669,ENSG00000154723,ATP5J,sQTL,Brain_Hypothalamus,eCAVIAR,0.215833,True,True,False
chr1:37611020:C:T,rs10908363,ENSG00000183386,FHL3,sQTL,Heart_Atrial_Appendage,eCAVIAR,0.21523,True,True,False
chr1:37611020:C:T,rs10908363,ENSG00000183386,FHL3,sQTL,Heart_Atrial_Appendage,eCAVIAR,0.21523,True,True,False
chr21:25844528:T:A,rs13049669,ENSG00000154723,ATP5J,sQTL,Brain_Amygdala,eCAVIAR,0.214693,True,True,False
chr17:45948522:C:A,rs242559/rs114919114,ENSG00000262539,RP11-259G18.3,eQTL,Artery_Coronary,eCAVIAR,0.210888,True,True,False
chr17:45948522:C:A,rs242559/rs114919114,ENSG00000267121,CTD-2020K17.1,eQTL,Brain_Cerebellar_Hemisphere,eCAVIAR,0.210569,True,True,False
chr17:45948522:C:A,rs242559/rs114919114,ENSG00000261575,RP11-259G18.1,eQTL,Cells_EBV-transformed_lymphocytes,eCAVIAR,0.210085,True,True,False
chr16:77627835:C:T,rs280875,ENSG00000140876,NUDT7,eQTL,Esophagus_Gastroesophageal_Junction,eCAVIAR,0.208228,True,True,False
chr3:150347493:C:T,rs11710845,ENSG00000196428,TSC22D2,eQTL,Esophagus_Mucosa,eCAVIAR,0.208217,True,True,False
chr17:45948522:C:A,rs242559/rs114919114,ENSG00000120088,CRHR1,eQTL,Brain_Putamen_basal_ganglia,eCAVIAR,0.2066,True,True,False
chr6:29839124:G:C,rs407238/rs115586772,ENSG00000280128,XXbac-BPG283O16.9,eQTL,Colon_Sigmoid,eCAVIAR,0.204313,True,True,False
chr17:45948522:C:A,rs242559/rs114919114,ENSG00000279685,MAPT-IT1,eQTL,Liver,eCAVIAR,0.203152,True,True,False
chr3:188349165:G:T,rs6787621,ENSG00000145012,LPP,eQTL,Cells_Cultured_fibroblasts,eCAVIAR,0.202105,True,True,False
chr3:188349165:G:T,rs6787621,ENSG00000145012,LPP,sQTL,Adipose_Subcutaneous,eCAVIAR,0.202105,True,True,False
chr3:188349165:G:T,rs6787621,ENSG00000145012,LPP,sQTL,Adipose_Visceral_Omentum,eCAVIAR,0.202105,True,True,False
chr3:188349165:G:T,rs6787621,ENSG00000145012,LPP,sQTL,Adrenal_Gland,eCAVIAR,0.202105,True,True,False
chr3:188349165:G:T,rs6787621,ENSG00000145012,LPP,sQTL,Artery_Aorta,eCAVIAR,0.202105,True,True,False
chr3:188349165:G:T,rs6787621,ENSG00000145012,LPP,sQTL,Artery_Coronary,eCAVIAR,0.202105,True,True,False
chr3:188349165:G:T,rs6787621,ENSG00000145012,LPP,sQTL,Artery_Tibial,eCAVIAR,0.202105,True,True,False
chr3:188349165:G:T,rs6787621,ENSG00000145012,LPP,sQTL,Artery_Tibial,eCAVIAR,0.202105,True,True,False
chr3:188349165:G:T,rs6787621,ENSG00000145012,LPP,sQTL,Breast_Mammary_Tissue,eCAVIAR,0.202105,True,True,False
chr3:188349165:G:T,rs6787621,ENSG00000145012,LPP,sQTL,Cells_Cultured_fibroblasts,eCAVIAR,0.202105,True,True,False
chr3:188349165:G:T,rs6787621,ENSG00000145012,LPP,sQTL,Cells_Cultured_fibroblasts,eCAVIAR,0.202105,True,True,False
chr3:188349165:G:T,rs6787621,ENSG00000145012,LPP,sQTL,Colon_Sigmoid,eCAVIAR,0.202105,True,True,False
chr3:188349165:G:T,rs6787621,ENSG00000145012,LPP,sQTL,Colon_Transverse,eCAVIAR,0.202105,True,True,False
chr3:188349165:G:T,rs6787621,ENSG00000145012,LPP,sQTL,Esophagus_Gastroesophageal_Junction,eCAVIAR,0.202105,True,True,False
chr3:188349165:G:T,rs6787621,ENSG00000145012,LPP,sQTL,Esophagus_Mucosa,eCAVIAR,0.202105,True,True,False
chr3:188349165:G:T,rs6787621,ENSG00000145012,LPP,sQTL,Esophagus_Muscularis,eCAVIAR,0.202105,True,True,False
chr3:188349165:G:T,rs6787621,ENSG00000145012,LPP,sQTL,Heart_Atrial_Appendage,eCAVIAR,0.202105,True,True,False
chr3:188349165:G:T,rs6787621,ENSG00000145012,LPP,sQTL,Heart_Left_Ventricle,eCAVIAR,0.202105,True,True,False
chr3:188349165:G:T,rs6787621,ENSG00000145012,LPP,sQTL,Heart_Left_Ventricle,eCAVIAR,0.202105,True,True,False
chr3:188349165:G:T,rs6787621,ENSG00000145012,LPP,sQTL,Liver,eCAVIAR,0.202105,True,True,False
chr3:188349165:G:T,rs6787621,ENSG00000145012,LPP,sQTL,Lung,eCAVIAR,0.202105,True,True,False
chr3:188349165:G:T,rs6787621,ENSG00000145012,LPP,sQTL,Minor_Salivary_Gland,eCAVIAR,0.202105,True,True,False
chr3:188349165:G:T,rs6787621,ENSG00000145012,LPP,sQTL,Muscle_Skeletal,eCAVIAR,0.202105,True,True,False
chr3:188349165:G:T,rs6787621,ENSG00000145012,LPP,sQTL,Nerve_Tibial,eCAVIAR,0.202105,True,True,False
chr3:188349165:G:T,rs6787621,ENSG00000145012,LPP,sQTL,Nerve_Tibial,eCAVIAR,0.202105,True,True,False
chr3:188349165:G:T,rs6787621,ENSG00000145012,LPP,sQTL,Ovary,eCAVIAR,0.202105,True,True,False
chr3:188349165:G:T,rs6787621,ENSG00000145012,LPP,sQTL,Pancreas,eCAVIAR,0.202105,True,True,False
chr3:188349165:G:T,rs6787621,ENSG00000145012,LPP,sQTL,Pituitary,eCAVIAR,0.202105,True,True,False
chr3:188349165:G:T,rs6787621,ENSG00000145012,LPP,sQTL,Prostate,eCAVIAR,0.202105,True,True,False
chr3:188349165:G:T,rs6787621,ENSG00000145012,LPP,sQTL,Skin_Not_Sun_Exposed_Suprapubic,eCAVIAR,0.202105,True,True,False
chr3:188349165:G:T,rs6787621,ENSG00000145012,LPP,sQTL,Skin_Sun_Exposed_Lower_leg,eCAVIAR,0.202105,True,True,False
chr3:188349165:G:T,rs6787621,ENSG00000145012,LPP,sQTL,Small_Intestine_Terminal_Ileum,eCAVIAR,0.202105,True,True,False
chr3:188349165:G:T,rs6787621,ENSG00000145012,LPP,sQTL,Spleen,eCAVIAR,0.202105,True,True,False
chr3:188349165:G:T,rs6787621,ENSG00000145012,LPP,sQTL,Stomach,eCAVIAR,0.202105,True,True,False
chr3:188349165:G:T,rs6787621,ENSG00000145012,LPP,sQTL,Testis,eCAVIAR,0.202105,True,True,False
chr3:188349165:G:T,rs6787621,ENSG00000145012,LPP,sQTL,Testis,eCAVIAR,0.202105,True,True,False
chr3:188349165:G:T,rs6787621,ENSG00000145012,LPP,sQTL,Thyroid,eCAVIAR,0.202105,True,True,False
chr3:188349165:G:T,rs6787621,ENSG00000145012,LPP,sQTL,Uterus,eCAVIAR,0.202105,True,True,False
chr3:188349165:G:T,rs6787621,ENSG00000145012,LPP,sQTL,Vagina,eCAVIAR,0.202105,True,True,False
chr3:188349165:G:T,rs6787621,ENSG00000145012,LPP,sQTL,Whole_Blood,eCAVIAR,0.202105,True,True,False
chr6:29839124:G:C,rs407238/rs115586772,ENSG00000231130,HLA-T,eQTL,Skin_Sun_Exposed_Lower_leg,eCAVIAR,0.198387,True,True,False
chr1:8435530:G:A,rs172531,ENSG00000142599,RERE,eQTL,Adipose_Subcutaneous,eCAVIAR,0.19772,True,True,False
chr22:28712241:G:A,rs5752776,ENSG00000100209,HSCB,eQTL,Esophagus_Mucosa,eCAVIAR,0.197034,True,True,False
chr1:8435530:G:A,rs172531,ENSG00000142599,RERE,eQTL,Adipose_Visceral_Omentum,eCAVIAR,0.196542,True,True,False
chr1:37611020:C:T,rs10908363,ENSG00000183386,FHL3,eQTL,Brain_Hypothalamus,eCAVIAR,0.196363,True,True,False
chr17:45948522:C:A,rs242559/rs114919114,ENSG00000264589,MAPT-AS1,eQTL,Brain_Cerebellar_Hemisphere,eCAVIAR,0.19583,True,True,False
chr11:120327384:G:A,rs1893261,ENSG00000181264,TMEM136,eQTL,Pancreas,eCAVIAR,0.195219,True,True,False
chr1:8435530:G:A,rs172531,ENSG00000142599,RERE,eQTL,Brain_Frontal_Cortex_BA9,eCAVIAR,0.194383,True,True,False
chr1:37611020:C:T,rs10908363,ENSG00000183431,SF3A3,eQTL,Artery_Aorta,eCAVIAR,0.192843,True,True,False
chr1:37611020:C:T,rs10908363,ENSG00000183431,SF3A3,eQTL,Small_Intestine_Terminal_Ileum,eCAVIAR,0.192106,True,True,False
chr17:45948522:C:A,rs242559/rs114919114,ENSG00000280022,RP11-707O23.1,eQTL,Breast_Mammary_Tissue,eCAVIAR,0.190143,True,True,False
chr17:45948522:C:A,rs242559/rs114919114,ENSG00000186868,MAPT,eQTL,Brain_Caudate_basal_ganglia,eCAVIAR,0.186849,True,True,False
chr1:37611020:C:T,rs10908363,ENSG00000183520,UTP11,eQTL,Lung,eCAVIAR,0.186722,True,True,False
chr21:25844528:T:A,rs13049669,ENSG00000154723,ATP5J,sQTL,Brain_Spinal_cord_cervical_c-1,eCAVIAR,0.18633,True,True,False
chr17:45948522:C:A,rs242559/rs114919114,ENSG00000204650,LINC02210,sQTL,Artery_Coronary,eCAVIAR,0.185825,True,True,False
chr22:37780972:G:T,rs5750494,ENSG00000100116,GCAT,sQTL,Brain_Frontal_Cortex_BA9,eCAVIAR,0.185551,True,True,False
chr1:8435530:G:A,rs172531,ENSG00000232912,RP5-1115A15.1,eQTL,Thyroid,eCAVIAR,0.185112,True,True,False
chr17:45948522:C:A,rs242559/rs114919114,ENSG00000267344,CTB-39G8.3,eQTL,Testis,eCAVIAR,0.183952,True,True,False
chr1:8435530:G:A,rs172531,ENSG00000142599,RERE,sQTL,Adipose_Subcutaneous,eCAVIAR,0.183677,True,True,False
chr10:58567150:G:A,rs1658436,ENSG00000122870,BICC1,eQTL,Brain_Putamen_basal_ganglia,eCAVIAR,0.183386,True,True,False
chr17:45948522:C:A,rs242559/rs114919114,ENSG00000263503,MAPK8IP1P2,eQTL,Vagina,eCAVIAR,0.182554,True,True,False
chr17:45948522:C:A,rs242559/rs114919114,ENSG00000264589,MAPT-AS1,eQTL,Muscle_Skeletal,eCAVIAR,0.182531,True,True,False
chr17:45948522:C:A,rs242559/rs114919114,ENSG00000186868,MAPT,sQTL,Skin_Sun_Exposed_Lower_leg,eCAVIAR,0.18203,True,True,False
chr17:45948522:C:A,rs242559/rs114919114,ENSG00000236234,AC091132.1,eQTL,Testis,eCAVIAR,0.18075,True,True,False
chr17:45948522:C:A,rs242559/rs114919114,ENSG00000185829,ARL17A,eQTL,Cells_EBV-transformed_lymphocytes,eCAVIAR,0.180676,True,True,False
chr2:28143047:G:A,rs17006576,ENSG00000115226,FNDC4,sQTL,Brain_Caudate_basal_ganglia,eCAVIAR,0.180583,True,True,False
chr17:45948522:C:A,rs242559/rs114919114,ENSG00000274883,Metazoa_SRP,eQTL,Liver,eCAVIAR,0.180422,True,True,False
chr1:8435530:G:A,rs172531,ENSG00000232912,RP5-1115A15.1,eQTL,Adipose_Subcutaneous,eCAVIAR,0.180364,True,True,False
chr6:29839124:G:C,rs407238/rs115586772,ENSG00000281831,HCP5B,eQTL,Brain_Cerebellar_Hemisphere,eCAVIAR,0.179882,True,True,False
chr6:29839124:G:C,rs407238/rs115586772,ENSG00000206503,HLA-A,sQTL,Adipose_Subcutaneous,eCAVIAR,0.179882,True,True,False
chr6:29839124:G:C,rs407238/rs115586772,ENSG00000206503,HLA-A,sQTL,Adipose_Visceral_Omentum,eCAVIAR,0.179882,True,True,False
chr6:29839124:G:C,rs407238/rs115586772,ENSG00000206503,HLA-A,sQTL,Brain_Cerebellar_Hemisphere,eCAVIAR,0.179882,True,True,False
chr6:29839124:G:C,rs407238/rs115586772,ENSG00000206503,HLA-A,sQTL,Brain_Cortex,eCAVIAR,0.179882,True,True,False
chr6:29839124:G:C,rs407238/rs115586772,ENSG00000206503,HLA-A,sQTL,Brain_Frontal_Cortex_BA9,eCAVIAR,0.179882,True,True,False
chr6:29839124:G:C,rs407238/rs115586772,ENSG00000206503,HLA-A,sQTL,Brain_Nucleus_accumbens_basal_ganglia,eCAVIAR,0.179882,True,True,False
chr6:29839124:G:C,rs407238/rs115586772,ENSG00000206503,HLA-A,sQTL,Brain_Putamen_basal_ganglia,eCAVIAR,0.179882,True,True,False
chr6:29839124:G:C,rs407238/rs115586772,ENSG00000206503,HLA-A,sQTL,Brain_Spinal_cord_cervical_c-1,eCAVIAR,0.179882,True,True,False
chr6:29839124:G:C,rs407238/rs115586772,ENSG00000206503,HLA-A,sQTL,Cells_Cultured_fibroblasts,eCAVIAR,0.179882,True,True,False
chr6:29839124:G:C,rs407238/rs115586772,ENSG00000206503,HLA-A,sQTL,Colon_Transverse,eCAVIAR,0.179882,True,True,False
chr6:29839124:G:C,rs407238/rs115586772,ENSG00000206503,HLA-A,sQTL,Esophagus_Mucosa,eCAVIAR,0.179882,True,True,False
chr6:29839124:G:C,rs407238/rs115586772,ENSG00000206503,HLA-A,sQTL,Esophagus_Mucosa,eCAVIAR,0.179882,True,True,False
chr6:29839124:G:C,rs407238/rs115586772,ENSG00000206503,HLA-A,sQTL,Liver,eCAVIAR,0.179882,True,True,False
chr6:29839124:G:C,rs407238/rs115586772,ENSG00000206503,HLA-A,sQTL,Liver,eCAVIAR,0.179882,True,True,False
chr6:29839124:G:C,rs407238/rs115586772,ENSG00000206503,HLA-A,sQTL,Lung,eCAVIAR,0.179882,True,True,False
chr6:29839124:G:C,rs407238/rs115586772,ENSG00000206503,HLA-A,sQTL,Minor_Salivary_Gland,eCAVIAR,0.179882,True,True,False
chr6:29839124:G:C,rs407238/rs115586772,ENSG00000206503,HLA-A,sQTL,Pancreas,eCAVIAR,0.179882,True,True,False
chr6:29839124:G:C,rs407238/rs115586772,ENSG00000206503,HLA-A,sQTL,Spleen,eCAVIAR,0.179882,True,True,False
chr6:29839124:G:C,rs407238/rs115586772,ENSG00000206503,HLA-A,sQTL,Spleen,eCAVIAR,0.179882,True,True,False
chr6:29839124:G:C,rs407238/rs115586772,ENSG00000206503,HLA-A,sQTL,Stomach,eCAVIAR,0.179882,True,True,False
chr6:29839124:G:C,rs407238/rs115586772,ENSG00000206503,HLA-A,sQTL,Testis,eCAVIAR,0.179882,True,True,False
chr6:29839124:G:C,rs407238/rs115586772,ENSG00000206503,HLA-A,sQTL,Whole_Blood,eCAVIAR,0.179882,True,True,False
chr6:29839124:G:C,rs407238/rs115586772,ENSG00000204642,HLA-F,sQTL,Adipose_Subcutaneous,eCAVIAR,0.179882,True,True,False
chr6:29839124:G:C,rs407238/rs115586772,ENSG00000204642,HLA-F,sQTL,Adipose_Visceral_Omentum,eCAVIAR,0.179882,True,True,False
chr6:29839124:G:C,rs407238/rs115586772,ENSG00000204642,HLA-F,sQTL,Adrenal_Gland,eCAVIAR,0.179882,True,True,False
chr6:29839124:G:C,rs407238/rs115586772,ENSG00000204642,HLA-F,sQTL,Artery_Aorta,eCAVIAR,0.179882,True,True,False
chr6:29839124:G:C,rs407238/rs115586772,ENSG00000204642,HLA-F,sQTL,Artery_Coronary,eCAVIAR,0.179882,True,True,False
chr6:29839124:G:C,rs407238/rs115586772,ENSG00000204642,HLA-F,sQTL,Artery_Tibial,eCAVIAR,0.179882,True,True,False
chr6:29839124:G:C,rs407238/rs115586772,ENSG00000204642,HLA-F,sQTL,Brain_Amygdala,eCAVIAR,0.179882,True,True,False
chr6:29839124:G:C,rs407238/rs115586772,ENSG00000204642,HLA-F,sQTL,Brain_Anterior_cingulate_cortex_BA24,eCAVIAR,0.179882,True,True,False
chr6:29839124:G:C,rs407238/rs115586772,ENSG00000204642,HLA-F,sQTL,Brain_Caudate_basal_ganglia,eCAVIAR,0.179882,True,True,False
chr6:29839124:G:C,rs407238/rs115586772,ENSG00000204642,HLA-F,sQTL,Brain_Cerebellar_Hemisphere,eCAVIAR,0.179882,True,True,False
chr6:29839124:G:C,rs407238/rs115586772,ENSG00000204642,HLA-F,sQTL,Brain_Cerebellum,eCAVIAR,0.179882,True,True,False
chr6:29839124:G:C,rs407238/rs115586772,ENSG00000204642,HLA-F,sQTL,Brain_Cortex,eCAVIAR,0.179882,True,True,False
chr6:29839124:G:C,rs407238/rs115586772,ENSG00000204642,HLA-F,sQTL,Brain_Frontal_Cortex_BA9,eCAVIAR,0.179882,True,True,False
chr6:29839124:G:C,rs407238/rs115586772,ENSG00000204642,HLA-F,sQTL,Brain_Hippocampus,eCAVIAR,0.179882,True,True,False
chr6:29839124:G:C,rs407238/rs115586772,ENSG00000204642,HLA-F,sQTL,Brain_Hypothalamus,eCAVIAR,0.179882,True,True,False
chr6:29839124:G:C,rs407238/rs115586772,ENSG00000204642,HLA-F,sQTL,Brain_Nucleus_accumbens_basal_ganglia,eCAVIAR,0.179882,True,True,False
chr6:29839124:G:C,rs407238/rs115586772,ENSG00000204642,HLA-F,sQTL,Brain_Putamen_basal_ganglia,eCAVIAR,0.179882,True,True,False
chr6:29839124:G:C,rs407238/rs115586772,ENSG00000204642,HLA-F,sQTL,Brain_Spinal_cord_cervical_c-1,eCAVIAR,0.179882,True,True,False
chr6:29839124:G:C,rs407238/rs115586772,ENSG00000204642,HLA-F,sQTL,Brain_Substantia_nigra,eCAVIAR,0.179882,True,True,False
chr6:29839124:G:C,rs407238/rs115586772,ENSG00000204642,HLA-F,sQTL,Breast_Mammary_Tissue,eCAVIAR,0.179882,True,True,False
chr6:29839124:G:C,rs407238/rs115586772,ENSG00000204642,HLA-F,sQTL,Cells_Cultured_fibroblasts,eCAVIAR,0.179882,True,True,False
chr6:29839124:G:C,rs407238/rs115586772,ENSG00000204642,HLA-F,sQTL,Cells_EBV-transformed_lymphocytes,eCAVIAR,0.179882,True,True,False
chr6:29839124:G:C,rs407238/rs115586772,ENSG00000204642,HLA-F,sQTL,Colon_Sigmoid,eCAVIAR,0.179882,True,True,False
chr6:29839124:G:C,rs407238/rs115586772,ENSG00000204642,HLA-F,sQTL,Colon_Transverse,eCAVIAR,0.179882,True,True,False
chr6:29839124:G:C,rs407238/rs115586772,ENSG00000204642,HLA-F,sQTL,Esophagus_Gastroesophageal_Junction,eCAVIAR,0.179882,True,True,False
chr6:29839124:G:C,rs407238/rs115586772,ENSG00000204642,HLA-F,sQTL,Esophagus_Mucosa,eCAVIAR,0.179882,True,True,False
chr6:29839124:G:C,rs407238/rs115586772,ENSG00000204642,HLA-F,sQTL,Esophagus_Muscularis,eCAVIAR,0.179882,True,True,False
chr6:29839124:G:C,rs407238/rs115586772,ENSG00000204642,HLA-F,sQTL,Heart_Atrial_Appendage,eCAVIAR,0.179882,True,True,False
chr6:29839124:G:C,rs407238/rs115586772,ENSG00000204642,HLA-F,sQTL,Heart_Left_Ventricle,eCAVIAR,0.179882,True,True,False
chr6:29839124:G:C,rs407238/rs115586772,ENSG00000204642,HLA-F,sQTL,Kidney_Cortex,eCAVIAR,0.179882,True,True,False
chr6:29839124:G:C,rs407238/rs115586772,ENSG00000204642,HLA-F,sQTL,Liver,eCAVIAR,0.179882,True,True,False
chr6:29839124:G:C,rs407238/rs115586772,ENSG00000204642,HLA-F,sQTL,Lung,eCAVIAR,0.179882,True,True,False
chr6:29839124:G:C,rs407238/rs115586772,ENSG00000204642,HLA-F,sQTL,Minor_Salivary_Gland,eCAVIAR,0.179882,True,True,False
chr6:29839124:G:C,rs407238/rs115586772,ENSG00000204642,HLA-F,sQTL,Muscle_Skeletal,eCAVIAR,0.179882,True,True,False
chr6:29839124:G:C,rs407238/rs115586772,ENSG00000204642,HLA-F,sQTL,Nerve_Tibial,eCAVIAR,0.179882,True,True,False
chr6:29839124:G:C,rs407238/rs115586772,ENSG00000204642,HLA-F,sQTL,Ovary,eCAVIAR,0.179882,True,True,False
chr6:29839124:G:C,rs407238/rs115586772,ENSG00000204642,HLA-F,sQTL,Pancreas,eCAVIAR,0.179882,True,True,False
chr6:29839124:G:C,rs407238/rs115586772,ENSG00000204642,HLA-F,sQTL,Pituitary,eCAVIAR,0.179882,True,True,False
chr6:29839124:G:C,rs407238/rs115586772,ENSG00000204642,HLA-F,sQTL,Skin_Not_Sun_Exposed_Suprapubic,eCAVIAR,0.179882,True,True,False
chr6:29839124:G:C,rs407238/rs115586772,ENSG00000204642,HLA-F,sQTL,Skin_Sun_Exposed_Lower_leg,eCAVIAR,0.179882,True,True,False
chr6:29839124:G:C,rs407238/rs115586772,ENSG00000204642,HLA-F,sQTL,Small_Intestine_Terminal_Ileum,eCAVIAR,0.179882,True,True,False
chr6:29839124:G:C,rs407238/rs115586772,ENSG00000204642,HLA-F,sQTL,Spleen,eCAVIAR,0.179882,True,True,False
chr6:29839124:G:C,rs407238/rs115586772,ENSG00000204642,HLA-F,sQTL,Stomach,eCAVIAR,0.179882,True,True,False
chr6:29839124:G:C,rs407238/rs115586772,ENSG00000204642,HLA-F,sQTL,Testis,eCAVIAR,0.179882,True,True,False
chr6:29839124:G:C,rs407238/rs115586772,ENSG00000204642,HLA-F,sQTL,Thyroid,eCAVIAR,0.179882,True,True,False
chr6:29839124:G:C,rs407238/rs115586772,ENSG00000204642,HLA-F,sQTL,Uterus,eCAVIAR,0.179882,True,True,False
chr6:29839124:G:C,rs407238/rs115586772,ENSG00000204642,HLA-F,sQTL,Vagina,eCAVIAR,0.179882,True,True,False
chr6:29839124:G:C,rs407238/rs115586772,ENSG00000204642,HLA-F,sQTL,Whole_Blood,eCAVIAR,0.179882,True,True,False
chr6:29839124:G:C,rs407238/rs115586772,ENSG00000206341,HLA-H,sQTL,Adipose_Subcutaneous,eCAVIAR,0.179882,True,True,False
chr6:29839124:G:C,rs407238/rs115586772,ENSG00000206341,HLA-H,sQTL,Brain_Amygdala,eCAVIAR,0.179882,True,True,False
chr6:29839124:G:C,rs407238/rs115586772,ENSG00000206341,HLA-H,sQTL,Brain_Anterior_cingulate_cortex_BA24,eCAVIAR,0.179882,True,True,False
chr6:29839124:G:C,rs407238/rs115586772,ENSG00000206341,HLA-H,sQTL,Brain_Cerebellar_Hemisphere,eCAVIAR,0.179882,True,True,False
chr6:29839124:G:C,rs407238/rs115586772,ENSG00000206341,HLA-H,sQTL,Brain_Cortex,eCAVIAR,0.179882,True,True,False
chr6:29839124:G:C,rs407238/rs115586772,ENSG00000206341,HLA-H,sQTL,Brain_Hippocampus,eCAVIAR,0.179882,True,True,False
chr6:29839124:G:C,rs407238/rs115586772,ENSG00000206341,HLA-H,sQTL,Brain_Nucleus_accumbens_basal_ganglia,eCAVIAR,0.179882,True,True,False
chr6:29839124:G:C,rs407238/rs115586772,ENSG00000206341,HLA-H,sQTL,Brain_Putamen_basal_ganglia,eCAVIAR,0.179882,True,True,False
chr6:29839124:G:C,rs407238/rs115586772,ENSG00000206341,HLA-H,sQTL,Brain_Spinal_cord_cervical_c-1,eCAVIAR,0.179882,True,True,False
chr6:29839124:G:C,rs407238/rs115586772,ENSG00000206341,HLA-H,sQTL,Colon_Transverse,eCAVIAR,0.179882,True,True,False
chr6:29839124:G:C,rs407238/rs115586772,ENSG00000206341,HLA-H,sQTL,Liver,eCAVIAR,0.179882,True,True,False
chr6:29839124:G:C,rs407238/rs115586772,ENSG00000206341,HLA-H,sQTL,Lung,eCAVIAR,0.179882,True,True,False
chr6:29839124:G:C,rs407238/rs115586772,ENSG00000206341,HLA-H,sQTL,Minor_Salivary_Gland,eCAVIAR,0.179882,True,True,False
chr6:29839124:G:C,rs407238/rs115586772,ENSG00000206341,HLA-H,sQTL,Pancreas,eCAVIAR,0.179882,True,True,False
chr6:29839124:G:C,rs407238/rs115586772,ENSG00000206341,HLA-H,sQTL,Spleen,eCAVIAR,0.179882,True,True,False
chr6:29839124:G:C,rs407238/rs115586772,ENSG00000206341,HLA-H,sQTL,Vagina,eCAVIAR,0.179882,True,True,False
chr6:29839124:G:C,rs407238/rs115586772,ENSG00000206341,HLA-H,sQTL,Whole_Blood,eCAVIAR,0.179882,True,True,False
chr6:29839124:G:C,rs407238/rs115586772,ENSG00000204622,HLA-J,eQTL,Thyroid,eCAVIAR,0.179882,True,True,False
chr6:29839124:G:C,rs407238/rs115586772,ENSG00000243753,HLA-L,sQTL,Brain_Cerebellar_Hemisphere,eCAVIAR,0.179882,True,True,False
chr6:29839124:G:C,rs407238/rs115586772,ENSG00000206503,HLA-A,sQTL,Brain_Substantia_nigra,eCAVIAR,0.179857,True,True,False
chr6:29839124:G:C,rs407238/rs115586772,ENSG00000227262,HCG4B,eQTL,Pituitary,eCAVIAR,0.179688,True,True,False
chr21:25844528:T:A,rs13049669,ENSG00000154723,ATP5J,sQTL,Pancreas,eCAVIAR,0.179681,True,True,False
chr17:45948522:C:A,rs242559/rs114919114,ENSG00000225190,PLEKHM1,sQTL,Whole_Blood,eCAVIAR,0.179509,True,True,False
chr15:73928957:C:T,rs1550437,ENSG00000261801,LOXL1-AS1,eQTL,Spleen,eCAVIAR,0.179307,True,True,False
chr7:11639486:G:A,rs12699251,ENSG00000005108,THSD7A,eQTL,Heart_Left_Ventricle,eCAVIAR,0.178081,True,True,False
chr21:25844528:T:A,rs13049669,ENSG00000154723,ATP5J,sQTL,Skin_Not_Sun_Exposed_Suprapubic,eCAVIAR,0.177318,True,True,False
chr2:12811195:C:T,rs12623251,ENSG00000071575,TRIB2,eQTL,Cells_Cultured_fibroblasts,eCAVIAR,0.176811,True,True,False
chr6:29839124:G:C,rs407238/rs115586772,ENSG00000204622,HLA-J,eQTL,Brain_Nucleus_accumbens_basal_ganglia,eCAVIAR,0.176741,True,True,False
chr6:29839124:G:C,rs407238/rs115586772,ENSG00000206341,HLA-H,eQTL,Brain_Cerebellar_Hemisphere,eCAVIAR,0.175597,True,True,False
chr17:45948522:C:A,rs242559/rs114919114,ENSG00000262500,MAPK8IP1P1,eQTL,Esophagus_Muscularis,eCAVIAR,0.174936,True,True,False
chr6:29839124:G:C,rs407238/rs115586772,ENSG00000204622,HLA-J,eQTL,Pancreas,eCAVIAR,0.174545,True,True,False
chr17:45948522:C:A,rs242559/rs114919114,ENSG00000261575,RP11-259G18.1,eQTL,Artery_Aorta,eCAVIAR,0.174452,True,True,False
chr6:29839124:G:C,rs407238/rs115586772,ENSG00000137312,FLOT1,eQTL,Artery_Coronary,eCAVIAR,0.173839,True,True,False
chr1:8435530:G:A,rs172531,ENSG00000142599,RERE,eQTL,Lung,eCAVIAR,0.173779,True,True,False
chr6:29839124:G:C,rs407238/rs115586772,ENSG00000206503,HLA-A,sQTL,Brain_Anterior_cingulate_cortex_BA24,eCAVIAR,0.173767,True,True,False
chr6:134051012:G:C,rs2811688,ENSG00000146411,SLC2A12,eQTL,Brain_Cortex,eCAVIAR,0.173275,True,True,False
chr17:45948522:C:A,rs242559/rs114919114,ENSG00000204650,LINC02210,sQTL,Cells_Cultured_fibroblasts,eCAVIAR,0.173077,True,True,False
chr17:45948522:C:A,rs242559/rs114919114,ENSG00000225190,PLEKHM1,sQTL,Cells_Cultured_fibroblasts,eCAVIAR,0.172124,True,True,False
chr1:8435530:G:A,rs172531,ENSG00000142599,RERE,eQTL,Cells_Cultured_fibroblasts,eCAVIAR,0.171734,True,True,False
chr1:37611020:C:T,rs10908363,ENSG00000183386,FHL3,sQTL,Stomach,eCAVIAR,0.171316,True,True,False
chr1:8435530:G:A,rs172531,ENSG00000142599,RERE,eQTL,Breast_Mammary_Tissue,eCAVIAR,0.170941,True,True,False
chr11:120327384:G:A,rs1893261,ENSG00000181264,TMEM136,sQTL,Breast_Mammary_Tissue,eCAVIAR,0.170091,True,True,False
chr11:120327384:G:A,rs1893261,ENSG00000181264,TMEM136,sQTL,Breast_Mammary_Tissue,eCAVIAR,0.170091,True,True,False
chr17:47617876:AT:A,rs1348518145,ENSG00000263293,THCAT158,eQTL,Skin_Sun_Exposed_Lower_leg,eCAVIAR,0.170032,True,True,False
chr9:126628521:C:T,rs3829849,ENSG00000224842,RP11-123K19.1,eQTL,Adipose_Subcutaneous,eCAVIAR,0.169221,True,True,False
chr14:74618126:G:A,rs754458,ENSG00000119608,PROX2,eQTL,Adipose_Visceral_Omentum,eCAVIAR,0.169157,True,True,False
chr10:58567150:G:A,rs1658436,ENSG00000122870,BICC1,eQTL,Brain_Caudate_basal_ganglia,eCAVIAR,0.169103,True,True,False
chr6:29839124:G:C,rs407238/rs115586772,ENSG00000204622,HLA-J,eQTL,Small_Intestine_Terminal_Ileum,eCAVIAR,0.168951,True,True,False
chr17:45948522:C:A,rs242559/rs114919114,ENSG00000184922,FMNL1,eQTL,Brain_Cerebellum,eCAVIAR,0.168499,True,True,False
chr6:29839124:G:C,rs407238/rs115586772,ENSG00000227766,HCG4P5,eQTL,Testis,eCAVIAR,0.167597,True,True,False
chr11:47447887:G:A,rs7111873,ENSG00000165916,PSMC3,eQTL,Nerve_Tibial,eCAVIAR,0.166345,True,True,False
chr11:47447887:G:A,rs7111873,ENSG00000165917,RAPSN,eQTL,Skin_Sun_Exposed_Lower_leg,eCAVIAR,0.166339,True,True,False
chr11:47447887:G:A,rs7111873,ENSG00000165917,RAPSN,eQTL,Skin_Not_Sun_Exposed_Suprapubic,eCAVIAR,0.166338,True,True,False
chr11:47447887:G:A,rs7111873,ENSG00000165916,PSMC3,eQTL,Adipose_Subcutaneous,eCAVIAR,0.166314,True,True,False
chr6:29839124:G:C,rs407238/rs115586772,ENSG00000204622,HLA-J,eQTL,Heart_Left_Ventricle,eCAVIAR,0.165188,True,True,False
chr17:45948522:C:A,rs242559/rs114919114,ENSG00000159314,ARHGAP27,sQTL,Brain_Cerebellum,eCAVIAR,0.164862,True,True,False
chr11:47447887:G:A,rs7111873,ENSG00000165916,PSMC3,eQTL,Brain_Cerebellar_Hemisphere,eCAVIAR,0.164727,True,True,False
chr11:47447887:G:A,rs7111873,ENSG00000165915,SLC39A13,eQTL,Heart_Atrial_Appendage,eCAVIAR,0.164191,True,True,False
chr17:45948522:C:A,rs242559/rs114919114,ENSG00000204650,LINC02210,sQTL,Brain_Substantia_nigra,eCAVIAR,0.164145,True,True,False
chr17:45948522:C:A,rs242559/rs114919114,ENSG00000120088,CRHR1,sQTL,Brain_Substantia_nigra,eCAVIAR,0.164049,True,True,False
chr2:71424809:T:A,rs12613800,ENSG00000075292,ZNF638,eQTL,Thyroid,eCAVIAR,0.163465,True,True,False
chr1:8435530:G:A,rs172531,ENSG00000142599,RERE,eQTL,Brain_Caudate_basal_ganglia,eCAVIAR,0.163422,True,True,False
chr17:45948522:C:A,rs242559/rs114919114,ENSG00000214425,LRRC37A4P,sQTL,Ovary,eCAVIAR,0.163294,True,True,False
chr6:29839124:G:C,rs407238/rs115586772,ENSG00000280128,XXbac-BPG283O16.9,eQTL,Colon_Transverse,eCAVIAR,0.162592,True,True,False
chr6:29839124:G:C,rs407238/rs115586772,ENSG00000204622,HLA-J,eQTL,Muscle_Skeletal,eCAVIAR,0.162493,True,True,False
chr17:45948522:C:A,rs242559/rs114919114,ENSG00000204650,LINC02210,sQTL,Adipose_Visceral_Omentum,eCAVIAR,0.162026,True,True,False
chr17:45948522:C:A,rs242559/rs114919114,ENSG00000238083,LRRC37A2,sQTL,Pituitary,eCAVIAR,0.161449,True,True,False
chr1:8435530:G:A,rs172531,ENSG00000142599,RERE,eQTL,Heart_Left_Ventricle,eCAVIAR,0.161045,True,True,False
chr17:45948522:C:A,rs242559/rs114919114,ENSG00000225190,PLEKHM1,sQTL,Cells_Cultured_fibroblasts,eCAVIAR,0.160459,True,True,False
chr17:45948522:C:A,rs242559/rs114919114,ENSG00000262539,RP11-259G18.3,eQTL,Brain_Caudate_basal_ganglia,eCAVIAR,0.159604,True,True,False
chr17:45948522:C:A,rs242559/rs114919114,ENSG00000120071,KANSL1,eQTL,Cells_EBV-transformed_lymphocytes,eCAVIAR,0.159209,True,True,False
chr11:47447887:G:A,rs7111873,ENSG00000109919,MTCH2,eQTL,Brain_Spinal_cord_cervical_c-1,eCAVIAR,0.159025,True,True,False
chr6:29839124:G:C,rs407238/rs115586772,ENSG00000206503,HLA-A,eQTL,Minor_Salivary_Gland,eCAVIAR,0.158365,True,True,False
chr22:19882624:C:T,rs8141610,ENSG00000184470,TXNRD2,sQTL,Lung,eCAVIAR,0.157712,True,True,False
chr6:29839124:G:C,rs407238/rs115586772,ENSG00000204625,HCG9,eQTL,Whole_Blood,eCAVIAR,0.156617,True,True,False
chr6:29839124:G:C,rs407238/rs115586772,ENSG00000137312,FLOT1,sQTL,Whole_Blood,eCAVIAR,0.15609,True,True,False
chr15:61655081:G:C,rs12438742,ENSG00000259675,RP11-507B12.1,sQTL,Adipose_Subcutaneous,eCAVIAR,0.156037,True,True,False
chr15:61655081:G:C,rs12438742,ENSG00000259616,RP11-507B12.2,sQTL,Adipose_Subcutaneous,eCAVIAR,0.156037,True,True,False
chr17:45948522:C:A,rs242559/rs114919114,ENSG00000225190,PLEKHM1,eQTL,Adipose_Subcutaneous,eCAVIAR,0.155673,True,True,False
chr17:45948522:C:A,rs242559/rs114919114,ENSG00000261575,RP11-259G18.1,eQTL,Artery_Tibial,eCAVIAR,0.155673,True,True,False
chr6:29839124:G:C,rs407238/rs115586772,ENSG00000231130,HLA-T,eQTL,Whole_Blood,eCAVIAR,0.154521,True,True,False
chr11:47447887:G:A,rs7111873,ENSG00000165917,RAPSN,eQTL,Lung,eCAVIAR,0.15365,True,True,False
chr1:8435530:G:A,rs172531,ENSG00000142599,RERE,eQTL,Adipose_Subcutaneous,eCAVIAR,0.152768,True,True,False
chr22:28712241:G:A,rs5752776,ENSG00000100209,HSCB,eQTL,Esophagus_Mucosa,eCAVIAR,0.152761,True,True,False
chr10:124590079:C:T,rs10430737,ENSG00000107902,LHPP,eQTL,Brain_Anterior_cingulate_cortex_BA24,eCAVIAR,0.151994,True,True,False
chr1:8435530:G:A,rs172531,ENSG00000142599,RERE,eQTL,Adipose_Visceral_Omentum,eCAVIAR,0.151858,True,True,False
chr17:45948522:C:A,rs242559/rs114919114,ENSG00000159314,ARHGAP27,eQTL,Artery_Aorta,eCAVIAR,0.151401,True,True,False
chr6:45952021:G:A,rs3777588,ENSG00000112782,CLIC5,eQTL,Testis,eCAVIAR,0.151234,True,True,False
chr1:100629646:G:A,rs12566440,ENSG00000162692,VCAM1,eQTL,Skin_Sun_Exposed_Lower_leg,eCAVIAR,0.150873,True,True,False
chr6:29839124:G:C,rs407238/rs115586772,ENSG00000206503,HLA-A,sQTL,Brain_Caudate_basal_ganglia,eCAVIAR,0.150776,True,True,False
chr11:120327384:G:A,rs1893261,ENSG00000181264,TMEM136,sQTL,Artery_Tibial,eCAVIAR,0.150624,True,True,False
chr11:120327384:G:A,rs1893261,ENSG00000181264,TMEM136,sQTL,Artery_Tibial,eCAVIAR,0.150624,True,True,False
chr11:120327384:G:A,rs1893261,ENSG00000181264,TMEM136,sQTL,Adrenal_Gland,eCAVIAR,0.150525,True,True,False
chr11:120327384:G:A,rs1893261,ENSG00000181264,TMEM136,sQTL,Adrenal_Gland,eCAVIAR,0.150525,True,True,False
chr1:37611020:C:T,rs10908363,ENSG00000183520,UTP11,eQTL,Skin_Sun_Exposed_Lower_leg,eCAVIAR,0.150259,True,True,False
chr17:45948522:C:A,rs242559/rs114919114,ENSG00000225190,PLEKHM1,eQTL,Brain_Putamen_basal_ganglia,eCAVIAR,0.150077,True,True,False
chr21:25844528:T:A,rs13049669,ENSG00000154723,ATP5J,sQTL,Lung,eCAVIAR,0.149999,True,True,False
chr1:8435530:G:A,rs172531,ENSG00000142599,RERE,sQTL,Cells_Cultured_fibroblasts,eCAVIAR,0.149483,True,True,False
chr17:45948522:C:A,rs242559/rs114919114,ENSG00000185829,ARL17A,eQTL,Heart_Left_Ventricle,eCAVIAR,0.148489,True,True,False
chr17:45948522:C:A,rs242559/rs114919114,ENSG00000238083,LRRC37A2,sQTL,Esophagus_Muscularis,eCAVIAR,0.148481,True,True,False
chr7:117996057:G:C,rs10230941,ENSG00000077063,CTTNBP2,eQTL,Testis,eCAVIAR,0.148243,True,True,False
chr1:8435530:G:A,rs172531,ENSG00000142599,RERE,eQTL,Brain_Nucleus_accumbens_basal_ganglia,eCAVIAR,0.148141,True,True,False
chr17:45948522:C:A,rs242559/rs114919114,ENSG00000238083,LRRC37A2,eQTL,Cells_EBV-transformed_lymphocytes,eCAVIAR,0.14791,True,True,False
chr6:134051012:G:C,rs2811688,ENSG00000146411,SLC2A12,eQTL,Artery_Aorta,eCAVIAR,0.147083,True,True,False
chr11:47447887:G:A,rs7111873,ENSG00000165915,SLC39A13,eQTL,Adrenal_Gland,eCAVIAR,0.147012,True,True,False
chr1:37611020:C:T,rs10908363,ENSG00000183386,FHL3,sQTL,Adipose_Subcutaneous,eCAVIAR,0.146877,True,True,False
chr17:45948522:C:A,rs242559/rs114919114,ENSG00000225190,PLEKHM1,eQTL,Brain_Nucleus_accumbens_basal_ganglia,eCAVIAR,0.145959,True,True,False
chr11:47447887:G:A,rs7111873,ENSG00000256897,RP11-17G12.2,eQTL,Skin_Not_Sun_Exposed_Suprapubic,eCAVIAR,0.145691,True,True,False
chr17:45948522:C:A,rs242559/rs114919114,ENSG00000238083,LRRC37A2,eQTL,Whole_Blood,eCAVIAR,0.14562,True,True,False
chr1:8435530:G:A,rs172531,ENSG00000142599,RERE,eQTL,Heart_Left_Ventricle,eCAVIAR,0.145526,True,True,False
chr2:71424809:T:A,rs12613800,ENSG00000075292,ZNF638,eQTL,Thyroid,eCAVIAR,0.145213,True,True,False
chr17:45948522:C:A,rs242559/rs114919114,ENSG00000280022,RP11-707O23.1,eQTL,Esophagus_Mucosa,eCAVIAR,0.145166,True,True,False
chr4:7902636:G:A,rs938604,ENSG00000196526,AFAP1,eQTL,Colon_Transverse,eCAVIAR,0.145163,True,True,False
chr17:47617876:AT:A,rs1348518145,ENSG00000141295,SCRN2,eQTL,Nerve_Tibial,eCAVIAR,0.144983,True,True,False
chr1:8435530:G:A,rs172531,ENSG00000232912,RP5-1115A15.1,eQTL,Spleen,eCAVIAR,0.144875,True,True,False
chr6:29839124:G:C,rs407238/rs115586772,ENSG00000204622,HLA-J,eQTL,Minor_Salivary_Gland,eCAVIAR,0.144363,True,True,False
chr22:19882624:C:T,rs8141610,ENSG00000232926,AC000078.5,eQTL,Brain_Putamen_basal_ganglia,eCAVIAR,0.144301,True,True,False
chr17:45948522:C:A,rs242559/rs114919114,ENSG00000204650,LINC02210,eQTL,Liver,eCAVIAR,0.144003,True,True,False
chr17:45948522:C:A,rs242559/rs114919114,ENSG00000263503,MAPK8IP1P2,eQTL,Brain_Substantia_nigra,eCAVIAR,0.143633,True,True,False
chr1:8435530:G:A,rs172531,ENSG00000142599,RERE,sQTL,Adipose_Subcutaneous,eCAVIAR,0.142163,True,True,False
chr11:65569780:T:A,rs1346,ENSG00000173727,CMB9-22P13.1,sQTL,Pituitary,eCAVIAR,0.141867,True,True,False
chr6:134051012:G:C,rs2811688,ENSG00000146411,SLC2A12,eQTL,Brain_Cerebellum,eCAVIAR,0.141071,True,True,False
chr1:37611020:C:T,rs10908363,ENSG00000183386,FHL3,eQTL,Adipose_Visceral_Omentum,eCAVIAR,0.140546,True,True,False
chr17:45948522:C:A,rs242559/rs114919114,ENSG00000159314,ARHGAP27,sQTL,Breast_Mammary_Tissue,eCAVIAR,0.140545,True,True,False
chr6:134051012:G:C,rs2811688,ENSG00000146411,SLC2A12,eQTL,Artery_Coronary,eCAVIAR,0.140518,True,True,False
chr6:45952021:G:A,rs3777588,ENSG00000112782,CLIC5,eQTL,Muscle_Skeletal,eCAVIAR,0.140396,True,True,False
chr17:45948522:C:A,rs242559/rs114919114,ENSG00000225190,PLEKHM1,sQTL,Whole_Blood,eCAVIAR,0.1401,True,True,False
chr1:8435530:G:A,rs172531,ENSG00000142599,RERE,eQTL,Nerve_Tibial,eCAVIAR,0.139597,True,True,False
chr1:8435530:G:A,rs172531,ENSG00000232912,RP5-1115A15.1,eQTL,Adipose_Subcutaneous,eCAVIAR,0.139358,True,True,False
chr15:61655081:G:C,rs12438742,ENSG00000259616,RP11-507B12.2,eQTL,Artery_Aorta,eCAVIAR,0.13862,True,True,False
chr17:45948522:C:A,rs242559/rs114919114,ENSG00000266918,RP11-798G7.8,eQTL,Ovary,eCAVIAR,0.13819,True,True,False
chr11:65569780:T:A,rs1346,ENSG00000254614,AP003068.23,eQTL,Esophagus_Gastroesophageal_Junction,eCAVIAR,0.136118,True,True,False
chr11:47447887:G:A,rs7111873,ENSG00000165915,SLC39A13,eQTL,Whole_Blood,eCAVIAR,0.1361,True,True,False
chr1:8435530:G:A,rs172531,ENSG00000142599,RERE,eQTL,Brain_Cortex,eCAVIAR,0.136095,True,True,False
chr17:45948522:C:A,rs242559/rs114919114,ENSG00000185829,ARL17A,sQTL,Stomach,eCAVIAR,0.135073,True,True,False
chr1:8435530:G:A,rs172531,ENSG00000142599,RERE,eQTL,Lung,eCAVIAR,0.13427,True,True,False
chr17:45948522:C:A,rs242559/rs114919114,ENSG00000225190,PLEKHM1,eQTL,Brain_Amygdala,eCAVIAR,0.134261,True,True,False
chr1:8435530:G:A,rs172531,ENSG00000142599,RERE,eQTL,Brain_Hippocampus,eCAVIAR,0.133929,True,True,False
chr11:47447887:G:A,rs7111873,ENSG00000165917,RAPSN,eQTL,Colon_Transverse,eCAVIAR,0.13306,True,True,False
chr17:45948522:C:A,rs242559/rs114919114,ENSG00000204650,LINC02210,eQTL,Brain_Cortex,eCAVIAR,0.132969,True,True,False
chr1:8435530:G:A,rs172531,ENSG00000142599,RERE,eQTL,Cells_Cultured_fibroblasts,eCAVIAR,0.13269,True,True,False
chr1:8435530:G:A,rs172531,ENSG00000142599,RERE,eQTL,Breast_Mammary_Tissue,eCAVIAR,0.132077,True,True,False
chr1:8435530:G:A,rs172531,ENSG00000232912,RP5-1115A15.1,eQTL,Thyroid,eCAVIAR,0.131894,True,True,False
chr1:37611020:C:T,rs10908363,ENSG00000183386,FHL3,eQTL,Vagina,eCAVIAR,0.131524,True,True,False
chr6:29839124:G:C,rs407238/rs115586772,ENSG00000204622,HLA-J,eQTL,Brain_Hypothalamus,eCAVIAR,0.130911,True,True,False
chr17:45948522:C:A,rs242559/rs114919114,ENSG00000232300,FAM215B,eQTL,Esophagus_Muscularis,eCAVIAR,0.130301,True,True,False
chr17:45948522:C:A,rs242559/rs114919114,ENSG00000264589,MAPT-AS1,eQTL,Brain_Putamen_basal_ganglia,eCAVIAR,0.130253,True,True,False
chr11:47447887:G:A,rs7111873,ENSG00000165916,PSMC3,eQTL,Brain_Cerebellum,eCAVIAR,0.129787,True,True,False
chr17:45948522:C:A,rs242559/rs114919114,ENSG00000280022,RP11-707O23.1,eQTL,Small_Intestine_Terminal_Ileum,eCAVIAR,0.129773,True,True,False
chr6:29839124:G:C,rs407238/rs115586772,ENSG00000230521,HCG4P7,eQTL,Adrenal_Gland,eCAVIAR,0.128845,True,True,False
chr1:8435530:G:A,rs172531,ENSG00000142599,RERE,eQTL,Brain_Frontal_Cortex_BA9,eCAVIAR,0.128779,True,True,False
chr17:45948522:C:A,rs242559/rs114919114,ENSG00000261575,RP11-259G18.1,eQTL,Brain_Substantia_nigra,eCAVIAR,0.128101,True,True,False
chr1:8435530:G:A,rs172531,ENSG00000142599,RERE,eQTL,Brain_Anterior_cingulate_cortex_BA24,eCAVIAR,0.128095,True,True,False
chr11:47447887:G:A,rs7111873,ENSG00000165916,PSMC3,eQTL,Whole_Blood,eCAVIAR,0.128053,True,True,False
chr17:45948522:C:A,rs242559/rs114919114,ENSG00000186868,MAPT,sQTL,Colon_Sigmoid,eCAVIAR,0.127797,True,True,False
chr2:71424809:T:A,rs12613800,ENSG00000075292,ZNF638,eQTL,Esophagus_Muscularis,eCAVIAR,0.127411,True,True,False
chr17:45948522:C:A,rs242559/rs114919114,ENSG00000120088,CRHR1,eQTL,Adipose_Visceral_Omentum,eCAVIAR,0.127137,True,True,False
chr1:8435530:G:A,rs172531,ENSG00000232912,RP5-1115A15.1,eQTL,Esophagus_Muscularis,eCAVIAR,0.126954,True,True,False
chr1:8435530:G:A,rs172531,ENSG00000142599,RERE,eQTL,Brain_Caudate_basal_ganglia,eCAVIAR,0.126268,True,True,False
chr1:100629646:G:A,rs12566440,ENSG00000079335,CDC14A,eQTL,Nerve_Tibial,eCAVIAR,0.126138,True,True,False
chr6:29839124:G:C,rs407238/rs115586772,ENSG00000204622,HLA-J,eQTL,Lung,eCAVIAR,0.125952,True,True,False
chr11:65569780:T:A,rs1346,ENSG00000254614,AP003068.23,eQTL,Pituitary,eCAVIAR,0.125468,True,True,False
chr21:25844528:T:A,rs13049669,ENSG00000154723,ATP5J,sQTL,Whole_Blood,eCAVIAR,0.124813,True,True,False
chr11:102194103:C:A,rs7120067,ENSG00000137693,YAP1,eQTL,Adrenal_Gland,eCAVIAR,0.123767,True,True,False
chr2:71424809:T:A,rs12613800,ENSG00000075292,ZNF638,eQTL,Artery_Aorta,eCAVIAR,0.123172,True,True,False
chr11:47447887:G:A,rs7111873,ENSG00000165916,PSMC3,eQTL,Testis,eCAVIAR,0.122563,True,True,False
chr2:71424809:T:A,rs12613800,ENSG00000075292,ZNF638,eQTL,Artery_Coronary,eCAVIAR,0.121533,True,True,False
chr17:45948522:C:A,rs242559/rs114919114,ENSG00000120088,CRHR1,eQTL,Nerve_Tibial,eCAVIAR,0.12149,True,True,False
chr1:8435530:G:A,rs172531,ENSG00000142599,RERE,sQTL,Adipose_Subcutaneous,eCAVIAR,0.121363,True,True,False
chr17:45948522:C:A,rs242559/rs114919114,ENSG00000214425,LRRC37A4P,sQTL,Nerve_Tibial,eCAVIAR,0.121185,True,True,False
chr17:45948522:C:A,rs242559/rs114919114,ENSG00000204652,RPS26P8,eQTL,Ovary,eCAVIAR,0.121102,True,True,False
chr17:45948522:C:A,rs242559/rs114919114,ENSG00000263142,LRRC37A17P,eQTL,Skin_Not_Sun_Exposed_Suprapubic,eCAVIAR,0.120876,True,True,False
chr21:25844528:T:A,rs13049669,ENSG00000154723,ATP5J,sQTL,Brain_Putamen_basal_ganglia,eCAVIAR,0.12061,True,True,False
chr11:120327384:G:A,rs1893261,ENSG00000181264,TMEM136,sQTL,Pituitary,eCAVIAR,0.120056,True,True,False
chr2:71424809:T:A,rs12613800,ENSG00000135636,DYSF,eQTL,Testis,eCAVIAR,0.119849,True,True,False
chr21:25844528:T:A,rs13049669,ENSG00000154723,ATP5J,sQTL,Pancreas,eCAVIAR,0.119762,True,True,False
chr17:45948522:C:A,rs242559/rs114919114,ENSG00000261575,RP11-259G18.1,eQTL,Spleen,eCAVIAR,0.119506,True,True,False
chr17:45948522:C:A,rs242559/rs114919114,ENSG00000280022,RP11-707O23.1,eQTL,Brain_Cerebellar_Hemisphere,eCAVIAR,0.119156,True,True,False
chr17:45948522:C:A,rs242559/rs114919114,ENSG00000214401,KANSL1-AS1,eQTL,Artery_Coronary,eCAVIAR,0.118776,True,True,False
chr6:170139691:G:A,rs2935057,ENSG00000273100,RP11-302L19.3,eQTL,Artery_Tibial,eCAVIAR,0.118204,True,True,False
chr21:25844528:T:A,rs13049669,ENSG00000154723,ATP5J,sQTL,Esophagus_Mucosa,eCAVIAR,0.117487,True,True,False
chr1:8435530:G:A,rs172531,ENSG00000142599,RERE,eQTL,Brain_Anterior_cingulate_cortex_BA24,eCAVIAR,0.117363,True,True,False
chr6:29839124:G:C,rs407238/rs115586772,ENSG00000227262,HCG4B,eQTL,Brain_Caudate_basal_ganglia,eCAVIAR,0.116814,True,True,False
chr1:171636338:G:A,rs74315329,ENSG00000135845,PIGC,sQTL,Spleen,eCAVIAR,0.116636,True,True,False
chr1:8435530:G:A,rs172531,ENSG00000142599,RERE,sQTL,Cells_Cultured_fibroblasts,eCAVIAR,0.116266,True,True,False
chr1:37611020:C:T,rs10908363,ENSG00000183520,UTP11,eQTL,Adipose_Visceral_Omentum,eCAVIAR,0.11527,True,True,False
chr6:45952021:G:A,rs3777588,ENSG00000112782,CLIC5,eQTL,Testis,eCAVIAR,0.114856,True,True,False
chr17:45948522:C:A,rs242559/rs114919114,ENSG00000263503,MAPK8IP1P2,eQTL,Brain_Cerebellar_Hemisphere,eCAVIAR,0.114676,True,True,False
chr1:8435530:G:A,rs172531,ENSG00000142599,RERE,eQTL,Brain_Nucleus_accumbens_basal_ganglia,eCAVIAR,0.114461,True,True,False
chr7:117996057:G:C,rs10230941,ENSG00000077063,CTTNBP2,eQTL,Skin_Sun_Exposed_Lower_leg,eCAVIAR,0.114276,True,True,False
chr21:25844528:T:A,rs13049669,ENSG00000154723,ATP5J,sQTL,Brain_Hypothalamus,eCAVIAR,0.114246,True,True,False
chr17:45948522:C:A,rs242559/rs114919114,ENSG00000261575,RP11-259G18.1,eQTL,Lung,eCAVIAR,0.113256,True,True,False
chr2:71424809:T:A,rs12613800,ENSG00000075292,ZNF638,eQTL,Esophagus_Muscularis,eCAVIAR,0.113185,True,True,False
chr22:37780972:G:T,rs5750494,ENSG00000100116,GCAT,sQTL,Heart_Left_Ventricle,eCAVIAR,0.113122,True,True,False
chr9:104933258:C:T,rs2472494,ENSG00000226334,RP11-217B7.2,eQTL,Prostate,eCAVIAR,0.113056,True,True,False
chr1:8435530:G:A,rs172531,ENSG00000142599,RERE,eQTL,Heart_Left_Ventricle,eCAVIAR,0.11244,True,True,False
chr1:8435530:G:A,rs172531,ENSG00000232912,RP5-1115A15.1,eQTL,Spleen,eCAVIAR,0.111937,True,True,False
chr1:171636338:G:A,rs74315329,ENSG00000135845,PIGC,sQTL,Spleen,eCAVIAR,0.11129,True,True,False
chr1:8435530:G:A,rs172531,ENSG00000142599,RERE,sQTL,Adipose_Subcutaneous,eCAVIAR,0.109842,True,True,False
chr2:71424809:T:A,rs12613800,ENSG00000075292,ZNF638,eQTL,Artery_Aorta,eCAVIAR,0.109419,True,True,False
chr1:8435530:G:A,rs172531,ENSG00000142599,RERE,eQTL,Skin_Sun_Exposed_Lower_leg,eCAVIAR,0.109306,True,True,False
chr17:47617876:AT:A,rs1348518145,ENSG00000259207,ITGB3,sQTL,Adipose_Visceral_Omentum,eCAVIAR,0.109005,True,True,False
chr14:75905315:G:C,rs4903352,ENSG00000119685,TTLL5,eQTL,Skin_Sun_Exposed_Lower_leg,eCAVIAR,0.108583,True,True,False
chr17:45948522:C:A,rs242559/rs114919114,ENSG00000225190,PLEKHM1,sQTL,Esophagus_Mucosa,eCAVIAR,0.108223,True,True,False
chr17:45948522:C:A,rs242559/rs114919114,ENSG00000225190,PLEKHM1,sQTL,Esophagus_Mucosa,eCAVIAR,0.108223,True,True,False
chr17:45948522:C:A,rs242559/rs114919114,ENSG00000159314,ARHGAP27,sQTL,Testis,eCAVIAR,0.108139,True,True,False
chr1:53658200:G:T,rs941125,ENSG00000211452,DIO1,eQTL,Whole_Blood,eCAVIAR,0.108134,True,True,False
chr2:71424809:T:A,rs12613800,ENSG00000075292,ZNF638,eQTL,Artery_Coronary,eCAVIAR,0.107963,True,True,False
chr1:8435530:G:A,rs172531,ENSG00000142599,RERE,eQTL,Nerve_Tibial,eCAVIAR,0.10786,True,True,False
chr17:45948522:C:A,rs242559/rs114919114,ENSG00000186868,MAPT,sQTL,Heart_Left_Ventricle,eCAVIAR,0.107838,True,True,False
chr17:61161860:G:A,rs11868441,ENSG00000267667,RP11-136H19.1,eQTL,Nerve_Tibial,eCAVIAR,0.107006,True,True,False
chr17:45948522:C:A,rs242559/rs114919114,ENSG00000186868,MAPT,eQTL,Adipose_Visceral_Omentum,eCAVIAR,0.106724,True,True,False
chr17:45948522:C:A,rs242559/rs114919114,ENSG00000185829,ARL17A,sQTL,Ovary,eCAVIAR,0.106704,True,True,False
chr6:45952021:G:A,rs3777588,ENSG00000112782,CLIC5,eQTL,Muscle_Skeletal,eCAVIAR,0.106625,True,True,False
chr6:134051012:G:C,rs2811688,ENSG00000146411,SLC2A12,eQTL,Brain_Cerebellum,eCAVIAR,0.106401,True,True,False
chr17:45948522:C:A,rs242559/rs114919114,ENSG00000159314,ARHGAP27,sQTL,Breast_Mammary_Tissue,eCAVIAR,0.105977,True,True,False
chr1:37611020:C:T,rs10908363,ENSG00000183431,SF3A3,eQTL,Vagina,eCAVIAR,0.105946,True,True,False
chr17:45948522:C:A,rs242559/rs114919114,ENSG00000238083,LRRC37A2,eQTL,Brain_Nucleus_accumbens_basal_ganglia,eCAVIAR,0.10563,True,True,False
chr11:65569780:T:A,rs1346,ENSG00000245532,NEAT1,eQTL,Brain_Anterior_cingulate_cortex_BA24,eCAVIAR,0.105539,True,True,False
chr1:37611020:C:T,rs10908363,ENSG00000183520,UTP11,eQTL,Lung,eCAVIAR,0.105455,True,True,False
chr11:130412183:C:T,rs2875238,ENSG00000175773,RP11-121M22.1,eQTL,Skin_Not_Sun_Exposed_Suprapubic,eCAVIAR,0.105335,True,True,False
chr6:29839124:G:C,rs407238/rs115586772,ENSG00000204622,HLA-J,eQTL,Brain_Spinal_cord_cervical_c-1,eCAVIAR,0.105305,True,True,False
chr1:8435530:G:A,rs172531,ENSG00000142599,RERE,eQTL,Brain_Cortex,eCAVIAR,0.105153,True,True,False
chr6:29839124:G:C,rs407238/rs115586772,ENSG00000227262,HCG4B,eQTL,Thyroid,eCAVIAR,0.104965,True,True,False
chr17:45948522:C:A,rs242559/rs114919114,ENSG00000185829,ARL17A,eQTL,Vagina,eCAVIAR,0.104634,True,True,False
chr17:45948522:C:A,rs242559/rs114919114,ENSG00000263503,MAPK8IP1P2,eQTL,Ovary,eCAVIAR,0.104436,True,True,False
chr17:45948522:C:A,rs242559/rs114919114,ENSG00000120088,CRHR1,eQTL,Brain_Hippocampus,eCAVIAR,0.104357,True,True,False
chr11:47447887:G:A,rs7111873,ENSG00000165917,RAPSN,eQTL,Brain_Cortex,eCAVIAR,0.103692,True,True,False
chr17:45948522:C:A,rs242559/rs114919114,ENSG00000214425,LRRC37A4P,sQTL,Colon_Sigmoid,eCAVIAR,0.103483,True,True,False
chr1:8435530:G:A,rs172531,ENSG00000142599,RERE,eQTL,Brain_Hippocampus,eCAVIAR,0.10348,True,True,False
chr2:28143047:G:A,rs17006576,ENSG00000243147,MRPL33,eQTL,Esophagus_Muscularis,eCAVIAR,0.10337,True,True,False
chr11:120327384:G:A,rs1893261,ENSG00000181264,TMEM136,sQTL,Heart_Left_Ventricle,eCAVIAR,0.10325,True,True,False
chr11:120327384:G:A,rs1893261,ENSG00000181264,TMEM136,sQTL,Heart_Left_Ventricle,eCAVIAR,0.10325,True,True,False
chr4:7902636:G:A,rs938604,ENSG00000196526,AFAP1,eQTL,Colon_Transverse,eCAVIAR,0.1026,True,True,False
chr17:45948522:C:A,rs242559/rs114919114,ENSG00000225190,PLEKHM1,sQTL,Artery_Tibial,eCAVIAR,0.10234,True,True,False
chr2:71424809:T:A,rs12613800,ENSG00000075292,ZNF638,eQTL,Colon_Transverse,eCAVIAR,0.101949,True,True,False
chr11:47447887:G:A,rs7111873,ENSG00000165916,PSMC3,eQTL,Muscle_Skeletal,eCAVIAR,0.100108,True,True,False
chr17:45948522:C:A,rs242559/rs114919114,ENSG00000214425,LRRC37A4P,sQTL,Brain_Nucleus_accumbens_basal_ganglia,eCAVIAR,0.0998352,True,True,False
chr11:65569780:T:A,rs1346,ENSG00000214659,KRT8P26,eQTL,Breast_Mammary_Tissue,eCAVIAR,0.0995521,True,True,False
chr1:8435530:G:A,rs172531,ENSG00000142599,RERE,eQTL,Brain_Frontal_Cortex_BA9,eCAVIAR,0.0995011,True,True,False
chr2:71424809:T:A,rs12613800,ENSG00000135636,DYSF,eQTL,Adrenal_Gland,eCAVIAR,0.0990602,True,True,False
chr1:8435530:G:A,rs172531,ENSG00000142599,RERE,eQTL,Brain_Anterior_cingulate_cortex_BA24,eCAVIAR,0.0989726,True,True,False
chr21:25844528:T:A,rs13049669,ENSG00000154723,ATP5J,sQTL,Brain_Hippocampus,eCAVIAR,0.0986471,True,True,False
chr11:65569780:T:A,rs1346,ENSG00000214659,KRT8P26,eQTL,Breast_Mammary_Tissue,eCAVIAR,0.0986438,True,True,False
chr17:45948522:C:A,rs242559/rs114919114,ENSG00000073969,NSF,eQTL,Esophagus_Muscularis,eCAVIAR,0.0983775,True,True,False
chr1:8435530:G:A,rs172531,ENSG00000232912,RP5-1115A15.1,eQTL,Esophagus_Muscularis,eCAVIAR,0.0980909,True,True,False
chr22:37780972:G:T,rs5750494,ENSG00000100116,GCAT,sQTL,Colon_Transverse,eCAVIAR,0.098033,True,True,False
chr11:47447887:G:A,rs7111873,ENSG00000165916,PSMC3,eQTL,Skin_Sun_Exposed_Lower_leg,eCAVIAR,0.0977203,True,True,False
chr17:45948522:C:A,rs242559/rs114919114,ENSG00000214425,LRRC37A4P,sQTL,Brain_Caudate_basal_ganglia,eCAVIAR,0.0977109,True,True,False
chr22:37780972:G:T,rs5750494,ENSG00000100116,GCAT,sQTL,Heart_Left_Ventricle,eCAVIAR,0.0973186,True,True,False
chr8:123542077:T:A,rs62521288,ENSG00000204949,FAM83A-AS1,eQTL,Skin_Not_Sun_Exposed_Suprapubic,eCAVIAR,0.0973082,True,True,False
chr17:45948522:C:A,rs242559/rs114919114,ENSG00000264589,MAPT-AS1,eQTL,Brain_Hippocampus,eCAVIAR,0.0970694,True,True,False
chr17:45948522:C:A,rs242559/rs114919114,ENSG00000232300,FAM215B,eQTL,Artery_Coronary,eCAVIAR,0.0968182,True,True,False
chr17:45948522:C:A,rs242559/rs114919114,ENSG00000186868,MAPT,eQTL,Artery_Tibial,eCAVIAR,0.096009,True,True,False
chr9:104933258:C:T,rs2472494,ENSG00000226334,RP11-217B7.2,eQTL,Small_Intestine_Terminal_Ileum,eCAVIAR,0.0957028,True,True,False
chr21:25844528:T:A,rs13049669,ENSG00000154723,ATP5J,sQTL,Brain_Amygdala,eCAVIAR,0.0956875,True,True,False
chr7:116522252:T:A,rs10257125,ENSG00000105971,CAV2,eQTL,Heart_Atrial_Appendage,eCAVIAR,0.095618,True,True,False
chr9:133255801:C:T,rs8176749,ENSG00000175164,ABO,eQTL,Prostate,eCAVIAR,0.095577,True,True,False
chr1:37611020:C:T,rs10908363,ENSG00000183431,SF3A3,eQTL,Small_Intestine_Terminal_Ileum,eCAVIAR,0.0953807,True,True,False
chr21:25844528:T:A,rs13049669,ENSG00000154723,ATP5J,sQTL,Whole_Blood,eCAVIAR,0.0951573,True,True,False
chr1:8435530:G:A,rs172531,ENSG00000232912,RP5-1115A15.1,eQTL,Thyroid,eCAVIAR,0.0946607,True,True,False
chr11:47447887:G:A,rs7111873,ENSG00000110514,MADD,eQTL,Artery_Tibial,eCAVIAR,0.0943516,True,True,False
chr17:45948522:C:A,rs242559/rs114919114,ENSG00000261575,RP11-259G18.1,eQTL,Minor_Salivary_Gland,eCAVIAR,0.0943442,True,True,False
chr17:45948522:C:A,rs242559/rs114919114,ENSG00000267344,CTB-39G8.3,eQTL,Esophagus_Mucosa,eCAVIAR,0.0941327,True,True,False
chr17:45948522:C:A,rs242559/rs114919114,ENSG00000280022,RP11-707O23.1,eQTL,Vagina,eCAVIAR,0.093691,True,True,False
chr17:45948522:C:A,rs242559/rs114919114,ENSG00000120071,KANSL1,sQTL,Brain_Substantia_nigra,eCAVIAR,0.0929488,True,True,False
chr1:100629646:G:A,rs12566440,ENSG00000079335,CDC14A,eQTL,Esophagus_Mucosa,eCAVIAR,0.0929038,True,True,False
chr6:170139691:G:A,rs2935057,ENSG00000273100,RP11-302L19.3,eQTL,Artery_Tibial,eCAVIAR,0.092712,True,True,False
chr17:45948522:C:A,rs242559/rs114919114,ENSG00000204650,LINC02210,sQTL,Spleen,eCAVIAR,0.0922221,True,True,False
chr17:45948522:C:A,rs242559/rs114919114,ENSG00000204650,LINC02210,sQTL,Spleen,eCAVIAR,0.0922221,True,True,False
chr11:120327384:G:A,rs1893261,ENSG00000181264,TMEM136,sQTL,Brain_Amygdala,eCAVIAR,0.0915731,True,True,False
chr11:120327384:G:A,rs1893261,ENSG00000181264,TMEM136,sQTL,Brain_Amygdala,eCAVIAR,0.0915731,True,True,False
chr2:71424809:T:A,rs12613800,ENSG00000075292,ZNF638,sQTL,Skin_Sun_Exposed_Lower_leg,eCAVIAR,0.0912969,True,True,False
chr2:71424809:T:A,rs12613800,ENSG00000075292,ZNF638,sQTL,Skin_Sun_Exposed_Lower_leg,eCAVIAR,0.0912969,True,True,False
chr21:25844528:T:A,rs13049669,ENSG00000154723,ATP5J,sQTL,Spleen,eCAVIAR,0.0911476,True,True,False
chr22:28712241:G:A,rs5752776,ENSG00000100154,TTC28,eQTL,Breast_Mammary_Tissue,eCAVIAR,0.0907094,True,True,False
chr2:71424809:T:A,rs12613800,ENSG00000075292,ZNF638,eQTL,Colon_Transverse,eCAVIAR,0.0905656,True,True,False
chr21:25844528:T:A,rs13049669,ENSG00000154723,ATP5J,sQTL,Brain_Nucleus_accumbens_basal_ganglia,eCAVIAR,0.0904138,True,True,False
chr17:45948522:C:A,rs242559/rs114919114,ENSG00000186868,MAPT,sQTL,Vagina,eCAVIAR,0.0900414,True,True,False
chr17:45948522:C:A,rs242559/rs114919114,ENSG00000225190,PLEKHM1,sQTL,Artery_Aorta,eCAVIAR,0.0900166,True,True,False
chr1:8435530:G:A,rs172531,ENSG00000142599,RERE,sQTL,Cells_Cultured_fibroblasts,eCAVIAR,0.0898331,True,True,False
chr22:37780972:G:T,rs5750494,ENSG00000100106,TRIOBP,eQTL,Esophagus_Muscularis,eCAVIAR,0.0897715,True,True,False
chr2:12811195:C:T,rs12623251,ENSG00000071575,TRIB2,eQTL,Cells_Cultured_fibroblasts,eCAVIAR,0.0897357,True,True,False
chr2:12811195:C:T,rs12623251,ENSG00000071575,TRIB2,eQTL,Cells_Cultured_fibroblasts,eCAVIAR,0.0897357,True,True,False
chr14:75905315:G:C,rs4903352,ENSG00000119686,FLVCR2,eQTL,Brain_Cortex,eCAVIAR,0.0896849,True,True,False
chr17:45948522:C:A,rs242559/rs114919114,ENSG00000185829,ARL17A,eQTL,Prostate,eCAVIAR,0.0889662,True,True,False
chr4:7902636:G:A,rs938604,ENSG00000196526,AFAP1,eQTL,Muscle_Skeletal,eCAVIAR,0.0887879,True,True,False
chr17:45948522:C:A,rs242559/rs114919114,ENSG00000225190,PLEKHM1,sQTL,Artery_Tibial,eCAVIAR,0.088527,True,True,False
chr17:45948522:C:A,rs242559/rs114919114,ENSG00000280022,RP11-707O23.1,eQTL,Esophagus_Mucosa,eCAVIAR,0.0884124,True,True,False
chr2:71424809:T:A,rs12613800,ENSG00000135636,DYSF,eQTL,Adrenal_Gland,eCAVIAR,0.0883609,True,True,False
chr17:45948522:C:A,rs242559/rs114919114,ENSG00000186868,MAPT,sQTL,Adipose_Visceral_Omentum,eCAVIAR,0.088103,True,True,False
chr17:45948522:C:A,rs242559/rs114919114,ENSG00000261575,RP11-259G18.1,eQTL,Pituitary,eCAVIAR,0.0880723,True,True,False
chr1:37611020:C:T,rs10908363,ENSG00000183431,SF3A3,eQTL,Testis,eCAVIAR,0.0880584,True,True,False
chr17:45948522:C:A,rs242559/rs114919114,ENSG00000214401,KANSL1-AS1,eQTL,Brain_Substantia_nigra,eCAVIAR,0.088017,True,True,False
chr22:37780972:G:T,rs5750494,ENSG00000100116,GCAT,sQTL,Brain_Putamen_basal_ganglia,eCAVIAR,0.0877825,True,True,False
chr17:47617876:AT:A,rs1348518145,ENSG00000141279,NPEPPS,eQTL,Nerve_Tibial,eCAVIAR,0.0871622,True,True,False
chr17:47617876:AT:A,rs1348518145,ENSG00000263293,THCAT158,eQTL,Whole_Blood,eCAVIAR,0.0871067,True,True,False
chr2:71424809:T:A,rs12613800,ENSG00000075292,ZNF638,eQTL,Esophagus_Gastroesophageal_Junction,eCAVIAR,0.08705,True,True,False
chr14:74618126:G:A,rs754458,ENSG00000119681,LTBP2,eQTL,Artery_Tibial,eCAVIAR,0.086748,True,True,False
chr17:45948522:C:A,rs242559/rs114919114,ENSG00000267121,CTD-2020K17.1,eQTL,Brain_Cerebellar_Hemisphere,eCAVIAR,0.0867141,True,True,False
chr1:37611020:C:T,rs10908363,ENSG00000183520,UTP11,eQTL,Skin_Sun_Exposed_Lower_leg,eCAVIAR,0.0861511,True,True,False
chr17:45948522:C:A,rs242559/rs114919114,ENSG00000261575,RP11-259G18.1,eQTL,Esophagus_Muscularis,eCAVIAR,0.0860244,True,True,False
chr11:120327384:G:A,rs1893261,ENSG00000181264,TMEM136,eQTL,Artery_Tibial,eCAVIAR,0.0859174,True,True,False
chr11:120327384:G:A,rs1893261,ENSG00000181264,TMEM136,eQTL,Artery_Tibial,eCAVIAR,0.0859174,True,True,False
chr9:22051671:G:C,rs944801,ENSG00000147889,CDKN2A,eQTL,Brain_Cortex,eCAVIAR,0.0855823,True,True,False
chr7:117996057:G:C,rs10230941,ENSG00000077063,CTTNBP2,eQTL,Adipose_Subcutaneous,eCAVIAR,0.08547,True,True,False
chr17:45948522:C:A,rs242559/rs114919114,ENSG00000204650,LINC02210,sQTL,Brain_Hippocampus,eCAVIAR,0.0853528,True,True,False
chr17:45948522:C:A,rs242559/rs114919114,ENSG00000120088,CRHR1,sQTL,Brain_Hippocampus,eCAVIAR,0.085303,True,True,False
chr17:45948522:C:A,rs242559/rs114919114,ENSG00000120088,CRHR1,sQTL,Brain_Hippocampus,eCAVIAR,0.085303,True,True,False
chr17:45948522:C:A,rs242559/rs114919114,ENSG00000263142,LRRC37A17P,eQTL,Testis,eCAVIAR,0.0847898,True,True,False
chr15:73928957:C:T,rs1550437,ENSG00000261801,LOXL1-AS1,eQTL,Thyroid,eCAVIAR,0.0846966,True,True,False
chr21:25844528:T:A,rs13049669,ENSG00000154723,ATP5J,sQTL,Brain_Caudate_basal_ganglia,eCAVIAR,0.0846547,True,True,False
chr17:47617876:AT:A,rs1348518145,ENSG00000141295,SCRN2,eQTL,Esophagus_Mucosa,eCAVIAR,0.0845157,True,True,False
chr17:45948522:C:A,rs242559/rs114919114,ENSG00000225190,PLEKHM1,eQTL,Artery_Tibial,eCAVIAR,0.0844746,True,True,False
chr6:29839124:G:C,rs407238/rs115586772,ENSG00000227262,HCG4B,eQTL,Vagina,eCAVIAR,0.0843914,True,True,False
chr22:37780972:G:T,rs5750494,ENSG00000100116,GCAT,sQTL,Colon_Transverse,eCAVIAR,0.0843373,True,True,False
chr1:8435530:G:A,rs172531,ENSG00000232912,RP5-1115A15.1,eQTL,Esophagus_Muscularis,eCAVIAR,0.0841431,True,True,False
chr17:45948522:C:A,rs242559/rs114919114,ENSG00000073969,NSF,eQTL,Artery_Tibial,eCAVIAR,0.0832891,True,True,False
chr14:75905315:G:C,rs4903352,ENSG00000119699,TGFB3,sQTL,Muscle_Skeletal,eCAVIAR,0.0825875,True,True,False
chr17:45948522:C:A,rs242559/rs114919114,ENSG00000266918,RP11-798G7.8,eQTL,Brain_Cortex,eCAVIAR,0.0825684,True,True,False
chr6:29839124:G:C,rs407238/rs115586772,ENSG00000204622,HLA-J,eQTL,Colon_Sigmoid,eCAVIAR,0.0825583,True,True,False
chr17:45948522:C:A,rs242559/rs114919114,ENSG00000176681,LRRC37A,sQTL,Testis,eCAVIAR,0.0825534,True,True,False
chr1:171636338:G:A,rs74315329,ENSG00000135845,PIGC,sQTL,Spleen,eCAVIAR,0.0822819,True,True,False
chr22:28712241:G:A,rs5752776,ENSG00000159873,CCDC117,sQTL,Artery_Tibial,eCAVIAR,0.0821993,True,True,False
chr22:28712241:G:A,rs5752776,ENSG00000226471,CTA-292E10.6,sQTL,Artery_Tibial,eCAVIAR,0.0821993,True,True,False
chr17:45948522:C:A,rs242559/rs114919114,ENSG00000263142,LRRC37A17P,eQTL,Brain_Cerebellum,eCAVIAR,0.0814399,True,True,False
chr21:25844528:T:A,rs13049669,ENSG00000154723,ATP5J,sQTL,Artery_Coronary,eCAVIAR,0.0811496,True,True,False
chr22:37780972:G:T,rs5750494,ENSG00000100106,TRIOBP,eQTL,Cells_Cultured_fibroblasts,eCAVIAR,0.0809132,True,True,False
chr14:75905315:G:C,rs4903352,ENSG00000119685,TTLL5,eQTL,Testis,eCAVIAR,0.0806527,True,True,False
chr11:47447887:G:A,rs7111873,ENSG00000165915,SLC39A13,eQTL,Heart_Atrial_Appendage,eCAVIAR,0.0790389,True,True,False
chr6:29839124:G:C,rs407238/rs115586772,ENSG00000204622,HLA-J,eQTL,Cells_EBV-transformed_lymphocytes,eCAVIAR,0.0786126,True,True,False
chr11:120327384:G:A,rs1893261,ENSG00000181264,TMEM136,sQTL,Artery_Aorta,eCAVIAR,0.078418,True,True,False
chr1:37611020:C:T,rs10908363,ENSG00000183386,FHL3,eQTL,Skin_Sun_Exposed_Lower_leg,eCAVIAR,0.0783826,True,True,False
chr21:25844528:T:A,rs13049669,ENSG00000154723,ATP5J,sQTL,Spleen,eCAVIAR,0.0779007,True,True,False
chr17:45948522:C:A,rs242559/rs114919114,ENSG00000185829,ARL17A,eQTL,Brain_Hippocampus,eCAVIAR,0.0778557,True,True,False
chr21:25844528:T:A,rs13049669,ENSG00000154723,ATP5J,sQTL,Brain_Frontal_Cortex_BA9,eCAVIAR,0.077421,True,True,False
chr2:71424809:T:A,rs12613800,ENSG00000075292,ZNF638,eQTL,Esophagus_Gastroesophageal_Junction,eCAVIAR,0.0773301,True,True,False
chr22:37780972:G:T,rs5750494,ENSG00000100106,TRIOBP,eQTL,Esophagus_Muscularis,eCAVIAR,0.07723,True,True,False
chr1:37611020:C:T,rs10908363,ENSG00000183431,SF3A3,eQTL,Ovary,eCAVIAR,0.0771714,True,True,False
chr1:8435530:G:A,rs172531,ENSG00000232912,RP5-1115A15.1,eQTL,Thyroid,eCAVIAR,0.0769547,True,True,False
chr17:45948522:C:A,rs242559/rs114919114,ENSG00000267121,CTD-2020K17.1,eQTL,Brain_Cerebellum,eCAVIAR,0.0768172,True,True,False
chr1:37611020:C:T,rs10908363,ENSG00000204084,INPP5B,eQTL,Colon_Sigmoid,eCAVIAR,0.0765572,True,True,False
chr21:25844528:T:A,rs13049669,ENSG00000154723,ATP5J,sQTL,Brain_Hippocampus,eCAVIAR,0.0765416,True,True,False
chr17:45948522:C:A,rs242559/rs114919114,ENSG00000233175,CTD-2020K17.3,sQTL,Brain_Caudate_basal_ganglia,eCAVIAR,0.0761356,True,True,False
chr17:45948522:C:A,rs242559/rs114919114,ENSG00000264589,MAPT-AS1,eQTL,Brain_Cerebellar_Hemisphere,eCAVIAR,0.0760026,True,True,False
chr1:8435530:G:A,rs172531,ENSG00000142599,RERE,eQTL,Pancreas,eCAVIAR,0.0757855,True,True,False
chr17:45948522:C:A,rs242559/rs114919114,ENSG00000261575,RP11-259G18.1,eQTL,Brain_Amygdala,eCAVIAR,0.0757122,True,True,False
chr17:45948522:C:A,rs242559/rs114919114,ENSG00000120088,CRHR1,eQTL,Esophagus_Muscularis,eCAVIAR,0.0755769,True,True,False
chr22:37780972:G:T,rs5750494,ENSG00000100116,GCAT,sQTL,Brain_Putamen_basal_ganglia,eCAVIAR,0.0755188,True,True,False
chr17:45948522:C:A,rs242559/rs114919114,ENSG00000185829,ARL17A,eQTL,Small_Intestine_Terminal_Ileum,eCAVIAR,0.0747988,True,True,False
chr17:45948522:C:A,rs242559/rs114919114,ENSG00000120071,KANSL1,sQTL,Pancreas,eCAVIAR,0.0746802,True,True,False
chr1:8435530:G:A,rs172531,ENSG00000142599,RERE,eQTL,Breast_Mammary_Tissue,eCAVIAR,0.0745379,True,True,False
chr11:47447887:G:A,rs7111873,ENSG00000165916,PSMC3,eQTL,Brain_Caudate_basal_ganglia,eCAVIAR,0.0744392,True,True,False
chr17:45948522:C:A,rs242559/rs114919114,ENSG00000185829,ARL17A,sQTL,Artery_Aorta,eCAVIAR,0.0743495,True,True,False
chr11:120327384:G:A,rs1893261,ENSG00000181264,TMEM136,eQTL,Thyroid,eCAVIAR,0.0739428,True,True,False
chr11:120327384:G:A,rs1893261,ENSG00000181264,TMEM136,eQTL,Thyroid,eCAVIAR,0.0739428,True,True,False
chr6:29839124:G:C,rs407238/rs115586772,ENSG00000204632,HLA-G,eQTL,Cells_EBV-transformed_lymphocytes,eCAVIAR,0.0736052,True,True,False
chr17:45948522:C:A,rs242559/rs114919114,ENSG00000185829,ARL17A,eQTL,Artery_Coronary,eCAVIAR,0.073373,True,True,False
chr22:19882624:C:T,rs8141610,ENSG00000184470,TXNRD2,eQTL,Artery_Aorta,eCAVIAR,0.0730404,True,True,False
chr11:47447887:G:A,rs7111873,ENSG00000165916,PSMC3,eQTL,Skin_Not_Sun_Exposed_Suprapubic,eCAVIAR,0.0727464,True,True,False
chr11:65569780:T:A,rs1346,ENSG00000254470,AP5B1,eQTL,Artery_Tibial,eCAVIAR,0.0727411,True,True,False
chr17:45948522:C:A,rs242559/rs114919114,ENSG00000232300,FAM215B,eQTL,Esophagus_Gastroesophageal_Junction,eCAVIAR,0.0725617,True,True,False
chr11:102194103:C:A,rs7120067,ENSG00000137693,YAP1,eQTL,Adrenal_Gland,eCAVIAR,0.0725026,True,True,False
chr17:45948522:C:A,rs242559/rs114919114,ENSG00000073969,NSF,eQTL,Brain_Cerebellum,eCAVIAR,0.07249,True,True,False
chr1:8435530:G:A,rs172531,ENSG00000142599,RERE,sQTL,Cells_Cultured_fibroblasts,eCAVIAR,0.0724531,True,True,False
chr6:29839124:G:C,rs407238/rs115586772,ENSG00000214922,HLA-F-AS1,eQTL,Stomach,eCAVIAR,0.072403,True,True,False
chr6:29839124:G:C,rs407238/rs115586772,ENSG00000206503,HLA-A,sQTL,Brain_Cerebellum,eCAVIAR,0.0720834,True,True,False
chr6:29839124:G:C,rs407238/rs115586772,ENSG00000206341,HLA-H,sQTL,Brain_Cerebellum,eCAVIAR,0.0720834,True,True,False
chr6:29839124:G:C,rs407238/rs115586772,ENSG00000243753,HLA-L,sQTL,Brain_Cerebellum,eCAVIAR,0.0720834,True,True,False
chr17:45948522:C:A,rs242559/rs114919114,ENSG00000264070,DND1P1,eQTL,Kidney_Cortex,eCAVIAR,0.0718449,True,True,False
chr11:130412183:C:T,rs2875238,ENSG00000134917,ADAMTS8,eQTL,Artery_Tibial,eCAVIAR,0.0717365,True,True,False
chr17:45948522:C:A,rs242559/rs114919114,ENSG00000261575,RP11-259G18.1,eQTL,Heart_Left_Ventricle,eCAVIAR,0.0717192,True,True,False
chr2:71424809:T:A,rs12613800,ENSG00000075292,ZNF638,eQTL,Cells_Cultured_fibroblasts,eCAVIAR,0.0715002,True,True,False
chr11:102194103:C:A,rs7120067,ENSG00000137693,YAP1,eQTL,Adrenal_Gland,eCAVIAR,0.0714217,True,True,False
chr6:45952021:G:A,rs3777588,ENSG00000112782,CLIC5,eQTL,Muscle_Skeletal,eCAVIAR,0.0706829,True,True,False
chr22:19882624:C:T,rs8141610,ENSG00000184470,TXNRD2,eQTL,Esophagus_Mucosa,eCAVIAR,0.0706341,True,True,False
chr15:61655081:G:C,rs12438742,ENSG00000259530,RP11-259A24.1,eQTL,Cells_Cultured_fibroblasts,eCAVIAR,0.0702239,True,True,False
chr17:45948522:C:A,rs242559/rs114919114,ENSG00000159314,ARHGAP27,eQTL,Esophagus_Mucosa,eCAVIAR,0.0702165,True,True,False
chr22:37780972:G:T,rs5750494,ENSG00000100106,TRIOBP,eQTL,Cells_Cultured_fibroblasts,eCAVIAR,0.0696092,True,True,False
chr8:123542077:T:A,rs62521288,ENSG00000147689,FAM83A,eQTL,Testis,eCAVIAR,0.0696027,True,True,False
chr22:37780972:G:T,rs5750494,ENSG00000100116,GCAT,sQTL,Adipose_Visceral_Omentum,eCAVIAR,0.0695976,True,True,False
chr21:25844528:T:A,rs13049669,ENSG00000154723,ATP5J,sQTL,Brain_Amygdala,eCAVIAR,0.0695619,True,True,False
chr17:45948522:C:A,rs242559/rs114919114,ENSG00000264589,MAPT-AS1,eQTL,Brain_Hippocampus,eCAVIAR,0.0691065,True,True,False
chr17:45948522:C:A,rs242559/rs114919114,ENSG00000261575,RP11-259G18.1,eQTL,Brain_Hippocampus,eCAVIAR,0.0689844,True,True,False
chr17:45948522:C:A,rs242559/rs114919114,ENSG00000185829,ARL17A,sQTL,Brain_Cerebellum,eCAVIAR,0.0689091,True,True,False
chr17:45948522:C:A,rs242559/rs114919114,ENSG00000186868,MAPT,sQTL,Esophagus_Muscularis,eCAVIAR,0.0686119,True,True,False
chr1:8435530:G:A,rs172531,ENSG00000142599,RERE,eQTL,Pancreas,eCAVIAR,0.0685521,True,True,False
chr22:37780972:G:T,rs5750494,ENSG00000100116,GCAT,sQTL,Brain_Caudate_basal_ganglia,eCAVIAR,0.0685208,True,True,False
chr17:45948522:C:A,rs242559/rs114919114,ENSG00000262539,RP11-259G18.3,eQTL,Spleen,eCAVIAR,0.0683996,True,True,False
chr6:29839124:G:C,rs407238/rs115586772,ENSG00000280128,XXbac-BPG283O16.9,eQTL,Cells_EBV-transformed_lymphocytes,eCAVIAR,0.0682868,True,True,False
chr21:25844528:T:A,rs13049669,ENSG00000154723,ATP5J,sQTL,Pancreas,eCAVIAR,0.06827,True,True,False
chr11:86657064:C:T,rs10792871,ENSG00000278989,RP11-762L8.6,eQTL,Adipose_Subcutaneous,eCAVIAR,0.0676898,True,True,False
chr17:45948522:C:A,rs242559/rs114919114,ENSG00000185829,ARL17A,sQTL,Colon_Sigmoid,eCAVIAR,0.0675584,True,True,False
chr17:45948522:C:A,rs242559/rs114919114,ENSG00000225190,PLEKHM1,sQTL,Skin_Not_Sun_Exposed_Suprapubic,eCAVIAR,0.0673666,True,True,False
chr21:25844528:T:A,rs13049669,ENSG00000154723,ATP5J,sQTL,Thyroid,eCAVIAR,0.0671262,True,True,False
chr17:45948522:C:A,rs242559/rs114919114,ENSG00000264070,DND1P1,eQTL,Testis,eCAVIAR,0.066867,True,True,False
chr14:75905315:G:C,rs4903352,ENSG00000119699,TGFB3,sQTL,Pancreas,eCAVIAR,0.0668493,True,True,False
chr22:19882624:C:T,rs8141610,ENSG00000184470,TXNRD2,eQTL,Spleen,eCAVIAR,0.0667038,True,True,False
chr12:111494996:C:T,rs7137828,ENSG00000111275,ALDH2,eQTL,Artery_Aorta,eCAVIAR,0.0663627,True,True,False
chr17:45948522:C:A,rs242559/rs114919114,ENSG00000214425,LRRC37A4P,sQTL,Skin_Not_Sun_Exposed_Suprapubic,eCAVIAR,0.0659709,True,True,False
chr17:45948522:C:A,rs242559/rs114919114,ENSG00000214425,LRRC37A4P,sQTL,Skin_Not_Sun_Exposed_Suprapubic,eCAVIAR,0.0659709,True,True,False
chr11:47447887:G:A,rs7111873,ENSG00000165916,PSMC3,eQTL,Skin_Sun_Exposed_Lower_leg,eCAVIAR,0.0659587,True,True,False
chr1:37611020:C:T,rs10908363,ENSG00000197982,C1orf122,eQTL,Whole_Blood,eCAVIAR,0.0657434,True,True,False
chr17:45948522:C:A,rs242559/rs114919114,ENSG00000261575,RP11-259G18.1,eQTL,Brain_Amygdala,eCAVIAR,0.0657005,True,True,False
chr6:29839124:G:C,rs407238/rs115586772,ENSG00000230521,HCG4P7,eQTL,Lung,eCAVIAR,0.0656725,True,True,False
chr6:29839124:G:C,rs407238/rs115586772,ENSG00000230521,HCG4P7,eQTL,Whole_Blood,eCAVIAR,0.0656725,True,True,False
chr6:29839124:G:C,rs407238/rs115586772,ENSG00000235290,HLA-W,eQTL,Brain_Cerebellum,eCAVIAR,0.065667,True,True,False
chr6:29839124:G:C,rs407238/rs115586772,ENSG00000238024,DDX39BP2,eQTL,Whole_Blood,eCAVIAR,0.0656582,True,True,False
chr6:29839124:G:C,rs407238/rs115586772,ENSG00000227262,HCG4B,eQTL,Brain_Cortex,eCAVIAR,0.0653978,True,True,False
chr6:29839124:G:C,rs407238/rs115586772,ENSG00000235290,HLA-W,eQTL,Brain_Cerebellar_Hemisphere,eCAVIAR,0.0653418,True,True,False
chr1:165768467:G:C,rs2790053,ENSG00000224358,RP11-466F5.8,eQTL,Retina,eCAVIAR,0.0653101,True,True,False
chr22:37780972:G:T,rs5750494,ENSG00000100116,GCAT,sQTL,Artery_Coronary,eCAVIAR,0.0651168,True,True,False
chr17:45948522:C:A,rs242559/rs114919114,ENSG00000225190,PLEKHM1,eQTL,Esophagus_Muscularis,eCAVIAR,0.0650404,True,True,False
chr15:66733065:C:T,rs2439386,ENSG00000137834,SMAD6,sQTL,Artery_Tibial,eCAVIAR,0.0646879,True,True,False
chr17:45948522:C:A,rs242559/rs114919114,ENSG00000236234,AC091132.1,eQTL,Cells_EBV-transformed_lymphocytes,eCAVIAR,0.0644684,True,True,False
chr17:45948522:C:A,rs242559/rs114919114,ENSG00000204650,LINC02210,sQTL,Artery_Coronary,eCAVIAR,0.0644429,True,True,False
chr22:19882624:C:T,rs8141610,ENSG00000184470,TXNRD2,eQTL,Thyroid,eCAVIAR,0.0643441,True,True,False
chr1:100629646:G:A,rs12566440,ENSG00000162692,VCAM1,eQTL,Breast_Mammary_Tissue,eCAVIAR,0.0643411,True,True,False
chr17:45948522:C:A,rs242559/rs114919114,ENSG00000225190,PLEKHM1,eQTL,Adipose_Visceral_Omentum,eCAVIAR,0.0642694,True,True,False
chr6:29839124:G:C,rs407238/rs115586772,ENSG00000243753,HLA-L,sQTL,Nerve_Tibial,eCAVIAR,0.0640041,True,True,False
chr6:29839124:G:C,rs407238/rs115586772,ENSG00000227262,HCG4B,eQTL,Pituitary,eCAVIAR,0.0639437,True,True,False
chr17:45948522:C:A,rs242559/rs114919114,ENSG00000159314,ARHGAP27,sQTL,Nerve_Tibial,eCAVIAR,0.063786,True,True,False
chr17:45948522:C:A,rs242559/rs114919114,ENSG00000120071,KANSL1,eQTL,Cells_EBV-transformed_lymphocytes,eCAVIAR,0.0637303,True,True,False
chr17:45948522:C:A,rs242559/rs114919114,ENSG00000073969,NSF,eQTL,Esophagus_Mucosa,eCAVIAR,0.0637121,True,True,False
chr21:25844528:T:A,rs13049669,ENSG00000154723,ATP5J,sQTL,Colon_Transverse,eCAVIAR,0.0636955,True,True,False
chr21:25844528:T:A,rs13049669,ENSG00000154723,ATP5J,sQTL,Adrenal_Gland,eCAVIAR,0.0636002,True,True,False
chr17:45948522:C:A,rs242559/rs114919114,ENSG00000120088,CRHR1,eQTL,Esophagus_Gastroesophageal_Junction,eCAVIAR,0.063272,True,True,False
chr1:8435530:G:A,rs172531,ENSG00000232912,RP5-1115A15.1,eQTL,Breast_Mammary_Tissue,eCAVIAR,0.062972,True,True,False
chr17:45948522:C:A,rs242559/rs114919114,ENSG00000120071,KANSL1,eQTL,Skin_Not_Sun_Exposed_Suprapubic,eCAVIAR,0.0629072,True,True,False
chr11:65569780:T:A,rs1346,ENSG00000162241,SLC25A45,eQTL,Adipose_Visceral_Omentum,eCAVIAR,0.0624084,True,True,False
chr22:19882624:C:T,rs8141610,ENSG00000184470,TXNRD2,eQTL,Heart_Left_Ventricle,eCAVIAR,0.0623067,True,True,False
chr6:45952021:G:A,rs3777588,ENSG00000112782,CLIC5,eQTL,Testis,eCAVIAR,0.062059,True,True,False
chr11:65569780:T:A,rs1346,ENSG00000168056,LTBP3,sQTL,Ovary,eCAVIAR,0.0616651,True,True,False
chr4:7902636:G:A,rs938604,ENSG00000170801,HTRA3,eQTL,Skin_Sun_Exposed_Lower_leg,eCAVIAR,0.0615027,True,True,False
chr15:73928957:C:T,rs1550437,ENSG00000129038,LOXL1,eQTL,Artery_Tibial,eCAVIAR,0.0612509,True,True,False
chr1:8435530:G:A,rs172531,ENSG00000142599,RERE,eQTL,Brain_Hippocampus,eCAVIAR,0.0608946,True,True,False
chr22:19882624:C:T,rs8141610,ENSG00000184470,TXNRD2,eQTL,Heart_Atrial_Appendage,eCAVIAR,0.0608035,True,True,False
chr6:29839124:G:C,rs407238/rs115586772,ENSG00000181126,HLA-V,eQTL,Brain_Cerebellum,eCAVIAR,0.06074,True,True,False
chr6:29839124:G:C,rs407238/rs115586772,ENSG00000280128,XXbac-BPG283O16.9,eQTL,Pituitary,eCAVIAR,0.0604295,True,True,False
chr11:86657064:C:T,rs10792871,ENSG00000150687,PRSS23,eQTL,Pancreas,eCAVIAR,0.0603128,True,True,False
chr11:65569780:T:A,rs1346,ENSG00000260233,SSSCA1-AS1,eQTL,Whole_Blood,eCAVIAR,0.0602408,True,True,False
chr2:71424809:T:A,rs12613800,ENSG00000281195,ZNF638-IT1,eQTL,Testis,eCAVIAR,0.0599841,True,True,False
chr5:56487851:G:A,rs112142644,ENSG00000248727,LINC01948,eQTL,Whole_Blood,eCAVIAR,0.0599827,True,True,False
chr22:37780972:G:T,rs5750494,ENSG00000100116,GCAT,sQTL,Adipose_Visceral_Omentum,eCAVIAR,0.0598744,True,True,False
chr1:37611020:C:T,rs10908363,ENSG00000183520,UTP11,eQTL,Artery_Coronary,eCAVIAR,0.0597467,True,True,False
chr1:8435530:G:A,rs172531,ENSG00000142599,RERE,eQTL,Skin_Sun_Exposed_Lower_leg,eCAVIAR,0.0597453,True,True,False
chr1:8435530:G:A,rs172531,ENSG00000232912,RP5-1115A15.1,eQTL,Thyroid,eCAVIAR,0.059459,True,True,False
chr4:7902636:G:A,rs938604,ENSG00000196526,AFAP1,eQTL,Muscle_Skeletal,eCAVIAR,0.0593234,True,True,False
chr17:45948522:C:A,rs242559/rs114919114,ENSG00000120088,CRHR1,eQTL,Muscle_Skeletal,eCAVIAR,0.0592374,True,True,False
chr17:45948522:C:A,rs242559/rs114919114,ENSG00000225190,PLEKHM1,sQTL,Skin_Sun_Exposed_Lower_leg,eCAVIAR,0.0592081,True,True,False
chr1:37611020:C:T,rs10908363,ENSG00000204084,INPP5B,eQTL,Whole_Blood,eCAVIAR,0.0591382,True,True,False
chr14:75905315:G:C,rs4903352,ENSG00000119686,FLVCR2,eQTL,Brain_Cortex,eCAVIAR,0.0591056,True,True,False
chr21:25844528:T:A,rs13049669,ENSG00000154723,ATP5J,sQTL,Stomach,eCAVIAR,0.0591049,True,True,False
chr22:37780972:G:T,rs5750494,ENSG00000100116,GCAT,sQTL,Brain_Caudate_basal_ganglia,eCAVIAR,0.0589482,True,True,False
chr15:61655081:G:C,rs12438742,ENSG00000069667,RORA,eQTL,Nerve_Tibial,eCAVIAR,0.0589261,True,True,False
chr14:74618126:G:A,rs754458,ENSG00000119682,AREL1,eQTL,Esophagus_Mucosa,eCAVIAR,0.0584681,True,True,False
chr17:45948522:C:A,rs242559/rs114919114,ENSG00000214425,LRRC37A4P,sQTL,Colon_Sigmoid,eCAVIAR,0.0584127,True,True,False
chr2:71424809:T:A,rs12613800,ENSG00000281195,ZNF638-IT1,eQTL,Testis,eCAVIAR,0.0583078,True,True,False
chr22:19882624:C:T,rs8141610,ENSG00000184470,TXNRD2,eQTL,Artery_Tibial,eCAVIAR,0.0579183,True,True,False
chr17:45948522:C:A,rs242559/rs114919114,ENSG00000238083,LRRC37A2,eQTL,Minor_Salivary_Gland,eCAVIAR,0.0576786,True,True,False
chr17:45948522:C:A,rs242559/rs114919114,ENSG00000185829,ARL17A,eQTL,Spleen,eCAVIAR,0.0576298,True,True,False
chr17:45948522:C:A,rs242559/rs114919114,ENSG00000280022,RP11-707O23.1,eQTL,Brain_Cerebellar_Hemisphere,eCAVIAR,0.0571488,True,True,False
chr6:29839124:G:C,rs407238/rs115586772,ENSG00000204632,HLA-G,sQTL,Artery_Aorta,eCAVIAR,0.0569377,True,True,False
chr6:29839124:G:C,rs407238/rs115586772,ENSG00000243753,HLA-L,sQTL,Artery_Aorta,eCAVIAR,0.0569377,True,True,False
chr6:29839124:G:C,rs407238/rs115586772,ENSG00000228078,HLA-U,eQTL,Brain_Anterior_cingulate_cortex_BA24,eCAVIAR,0.0567543,True,True,False
chr1:8435530:G:A,rs172531,ENSG00000142599,RERE,eQTL,Lung,eCAVIAR,0.0567101,True,True,False
chr13:73065233:G:A,rs9530143,ENSG00000083535,PIBF1,sQTL,Brain_Cerebellar_Hemisphere,eCAVIAR,0.0565698,True,True,False
chr11:65569780:T:A,rs1346,ENSG00000168056,LTBP3,sQTL,Ovary,eCAVIAR,0.0564603,True,True,False
chr6:29839124:G:C,rs407238/rs115586772,ENSG00000206503,HLA-A,sQTL,Brain_Amygdala,eCAVIAR,0.0562964,True,True,False
chr22:37780972:G:T,rs5750494,ENSG00000100116,GCAT,eQTL,Muscle_Skeletal,eCAVIAR,0.0561926,True,True,False
chr17:45948522:C:A,rs242559/rs114919114,ENSG00000159314,ARHGAP27,eQTL,Brain_Cortex,eCAVIAR,0.0561324,True,True,False
chr1:8435530:G:A,rs172531,ENSG00000142599,RERE,eQTL,Brain_Hippocampus,eCAVIAR,0.0561307,True,True,False
chr11:120327384:G:A,rs1893261,ENSG00000181264,TMEM136,eQTL,Esophagus_Mucosa,eCAVIAR,0.0560822,True,True,False
chr11:120327384:G:A,rs1893261,ENSG00000181264,TMEM136,eQTL,Esophagus_Mucosa,eCAVIAR,0.0560822,True,True,False
chr9:104933258:C:T,rs2472494,ENSG00000226334,RP11-217B7.2,eQTL,Liver,eCAVIAR,0.0560491,True,True,False
chr22:37780972:G:T,rs5750494,ENSG00000100116,GCAT,sQTL,Artery_Coronary,eCAVIAR,0.0560197,True,True,False
chr2:71424809:T:A,rs12613800,ENSG00000075292,ZNF638,eQTL,Cells_Cultured_fibroblasts,eCAVIAR,0.0558976,True,True,False
chr10:93169359:C:T,rs10882167,ENSG00000095464,PDE6C,eQTL,Esophagus_Gastroesophageal_Junction,eCAVIAR,0.0557759,True,True,False
chr17:45948522:C:A,rs242559/rs114919114,ENSG00000204650,LINC02210,sQTL,Uterus,eCAVIAR,0.0553107,True,True,False
chr17:45948522:C:A,rs242559/rs114919114,ENSG00000204650,LINC02210,sQTL,Adrenal_Gland,eCAVIAR,0.0552876,True,True,False
chr17:45948522:C:A,rs242559/rs114919114,ENSG00000185829,ARL17A,eQTL,Breast_Mammary_Tissue,eCAVIAR,0.055179,True,True,False
chr17:47617876:AT:A,rs1348518145,ENSG00000141279,NPEPPS,eQTL,Spleen,eCAVIAR,0.0551723,True,True,False
chr17:45948522:C:A,rs242559/rs114919114,ENSG00000204652,RPS26P8,eQTL,Ovary,eCAVIAR,0.0545881,True,True,False
chr14:75905315:G:C,rs4903352,ENSG00000119699,TGFB3,sQTL,Muscle_Skeletal,eCAVIAR,0.0544282,True,True,False
chr1:8435530:G:A,rs172531,ENSG00000142599,RERE,eQTL,Brain_Frontal_Cortex_BA9,eCAVIAR,0.0544233,True,True,False
chr6:29839124:G:C,rs407238/rs115586772,ENSG00000243753,HLA-L,sQTL,Brain_Hippocampus,eCAVIAR,0.0543773,True,True,False
chr22:19882624:C:T,rs8141610,ENSG00000184470,TXNRD2,eQTL,Skin_Not_Sun_Exposed_Suprapubic,eCAVIAR,0.0539888,True,True,False
chr11:47447887:G:A,rs7111873,ENSG00000165915,SLC39A13,eQTL,Whole_Blood,eCAVIAR,0.0539069,True,True,False
chr17:45948522:C:A,rs242559/rs114919114,ENSG00000261575,RP11-259G18.1,eQTL,Artery_Aorta,eCAVIAR,0.053526,True,True,False
chr2:71424809:T:A,rs12613800,ENSG00000281195,ZNF638-IT1,eQTL,Testis,eCAVIAR,0.0533979,True,True,False
chr14:75905315:G:C,rs4903352,ENSG00000119685,TTLL5,eQTL,Testis,eCAVIAR,0.0531531,True,True,False
chr6:29839124:G:C,rs407238/rs115586772,ENSG00000137312,FLOT1,sQTL,Esophagus_Muscularis,eCAVIAR,0.0530848,True,True,False
chr6:134051012:G:C,rs2811688,ENSG00000146411,SLC2A12,eQTL,Artery_Aorta,eCAVIAR,0.053037,True,True,False
chr1:8435530:G:A,rs172531,ENSG00000142599,RERE,eQTL,Pancreas,eCAVIAR,0.0529667,True,True,False
chr17:45948522:C:A,rs242559/rs114919114,ENSG00000185829,ARL17A,eQTL,Uterus,eCAVIAR,0.0529266,True,True,False
chr1:68371486:C:A,rs4076000,ENSG00000116729,WLS,eQTL,Cells_Cultured_fibroblasts,eCAVIAR,0.0529213,True,True,False
chr21:25844528:T:A,rs13049669,ENSG00000154723,ATP5J,sQTL,Vagina,eCAVIAR,0.0528984,True,True,False
chr7:117996057:G:C,rs10230941,ENSG00000077063,CTTNBP2,eQTL,Testis,eCAVIAR,0.0528695,True,True,False
chr11:47447887:G:A,rs7111873,ENSG00000165916,PSMC3,eQTL,Brain_Putamen_basal_ganglia,eCAVIAR,0.0527631,True,True,False
chr6:29839124:G:C,rs407238/rs115586772,ENSG00000230521,HCG4P7,eQTL,Liver,eCAVIAR,0.0524882,True,True,False
chr17:45948522:C:A,rs242559/rs114919114,ENSG00000266918,RP11-798G7.8,eQTL,Brain_Cerebellum,eCAVIAR,0.0524301,True,True,False
chr6:29839124:G:C,rs407238/rs115586772,ENSG00000206341,HLA-H,eQTL,Brain_Cortex,eCAVIAR,0.0522806,True,True,False
chr22:19882624:C:T,rs8141610,ENSG00000184470,TXNRD2,eQTL,Pancreas,eCAVIAR,0.0520542,True,True,False
chr12:106825530:G:A,rs1037013,ENSG00000260329,RP11-412D9.4,eQTL,Colon_Transverse,eCAVIAR,0.0519599,True,True,False
chr17:45948522:C:A,rs242559/rs114919114,ENSG00000120088,CRHR1,sQTL,Brain_Cerebellar_Hemisphere,eCAVIAR,0.0518385,True,True,False
chr22:37780972:G:T,rs5750494,ENSG00000100116,GCAT,sQTL,Brain_Amygdala,eCAVIAR,0.0518078,True,True,False
chr14:74618126:G:A,rs754458,ENSG00000119655,NPC2,eQTL,Retina,eCAVIAR,0.051574,True,True,False
chr17:45948522:C:A,rs242559/rs114919114,ENSG00000120088,CRHR1,eQTL,Esophagus_Muscularis,eCAVIAR,0.0512584,True,True,False
chr17:45948522:C:A,rs242559/rs114919114,ENSG00000186868,MAPT,sQTL,Brain_Anterior_cingulate_cortex_BA24,eCAVIAR,0.0510834,True,True,False
chr21:25844528:T:A,rs13049669,ENSG00000154723,ATP5J,sQTL,Brain_Hypothalamus,eCAVIAR,0.0509709,True,True,False
chr6:29839124:G:C,rs407238/rs115586772,ENSG00000230521,HCG4P7,eQTL,Liver,eCAVIAR,0.0507155,True,True,False
chr17:45948522:C:A,rs242559/rs114919114,ENSG00000204650,LINC02210,sQTL,Heart_Atrial_Appendage,eCAVIAR,0.0505894,True,True,False
chr17:45948522:C:A,rs242559/rs114919114,ENSG00000185829,ARL17A,sQTL,Vagina,eCAVIAR,0.0505548,True,True,False
chr7:117996057:G:C,rs10230941,ENSG00000077063,CTTNBP2,eQTL,Cells_Cultured_fibroblasts,eCAVIAR,0.0504694,True,True,False
chr11:120327384:G:A,rs1893261,ENSG00000181264,TMEM136,eQTL,Stomach,eCAVIAR,0.0503273,True,True,False
chr11:120327384:G:A,rs1893261,ENSG00000181264,TMEM136,eQTL,Stomach,eCAVIAR,0.0503273,True,True,False
chr6:29839124:G:C,rs407238/rs115586772,ENSG00000243753,HLA-L,sQTL,Artery_Tibial,eCAVIAR,0.050318,True,True,False
chr17:45948522:C:A,rs242559/rs114919114,ENSG00000261575,RP11-259G18.1,eQTL,Uterus,eCAVIAR,0.0499343,True,True,False
chr1:8435530:G:A,rs172531,ENSG00000142599,RERE,eQTL,Brain_Anterior_cingulate_cortex_BA24,eCAVIAR,0.0497261,True,True,False
chr22:19882624:C:T,rs8141610,ENSG00000184470,TXNRD2,eQTL,Artery_Aorta,eCAVIAR,0.0496763,True,True,False
chr17:45948522:C:A,rs242559/rs114919114,ENSG00000225190,PLEKHM1,sQTL,Brain_Hypothalamus,eCAVIAR,0.0495939,True,True,False
chr21:25844528:T:A,rs13049669,ENSG00000154723,ATP5J,sQTL,Vagina,eCAVIAR,0.0495699,True,True,False
chr1:8435530:G:A,rs172531,ENSG00000142599,RERE,eQTL,Heart_Left_Ventricle,eCAVIAR,0.0495546,True,True,False
chr17:45948522:C:A,rs242559/rs114919114,ENSG00000238083,LRRC37A2,sQTL,Cells_EBV-transformed_lymphocytes,eCAVIAR,0.0495144,True,True,False
chr17:45948522:C:A,rs242559/rs114919114,ENSG00000159314,ARHGAP27,eQTL,Brain_Caudate_basal_ganglia,eCAVIAR,0.0492761,True,True,False
chr2:55705879:C:T,rs2627761,ENSG00000115380,EFEMP1,sQTL,Heart_Atrial_Appendage,eCAVIAR,0.049265,True,True,False
chr17:45948522:C:A,rs242559/rs114919114,ENSG00000204650,LINC02210,sQTL,Prostate,eCAVIAR,0.0492519,True,True,False
chr17:45948522:C:A,rs242559/rs114919114,ENSG00000262372,RP11-669E14.6,eQTL,Testis,eCAVIAR,0.0492299,True,True,False
chr11:120327384:G:A,rs1893261,ENSG00000181264,TMEM136,eQTL,Artery_Aorta,eCAVIAR,0.0492149,True,True,False
chr11:120327384:G:A,rs1893261,ENSG00000181264,TMEM136,eQTL,Artery_Aorta,eCAVIAR,0.0492149,True,True,False
chr21:25844528:T:A,rs13049669,ENSG00000154723,ATP5J,sQTL,Uterus,eCAVIAR,0.0490494,True,True,False
chr11:86657064:C:T,rs10792871,ENSG00000150687,PRSS23,eQTL,Pancreas,eCAVIAR,0.0490049,True,True,False
chr4:7902636:G:A,rs938604,ENSG00000196526,AFAP1,eQTL,Brain_Cerebellum,eCAVIAR,0.0488666,True,True,False
chr1:8435530:G:A,rs172531,ENSG00000232912,RP5-1115A15.1,eQTL,Breast_Mammary_Tissue,eCAVIAR,0.0486552,True,True,False
chr1:8435530:G:A,rs172531,ENSG00000142599,RERE,eQTL,Nerve_Tibial,eCAVIAR,0.0486259,True,True,False
chr17:45948522:C:A,rs242559/rs114919114,ENSG00000262500,MAPK8IP1P1,eQTL,Brain_Spinal_cord_cervical_c-1,eCAVIAR,0.0486106,True,True,False
chr1:37611020:C:T,rs10908363,ENSG00000183520,UTP11,eQTL,Thyroid,eCAVIAR,0.0484433,True,True,False
chr22:37780972:G:T,rs5750494,ENSG00000100116,GCAT,eQTL,Muscle_Skeletal,eCAVIAR,0.0483422,True,True,False
chr17:45948522:C:A,rs242559/rs114919114,ENSG00000185829,ARL17A,eQTL,Brain_Amygdala,eCAVIAR,0.0480711,True,True,False
chr1:8435530:G:A,rs172531,ENSG00000142599,RERE,eQTL,Heart_Left_Ventricle,eCAVIAR,0.0479593,True,True,False
chr17:47617876:AT:A,rs1348518145,ENSG00000141279,NPEPPS,eQTL,Colon_Sigmoid,eCAVIAR,0.0477793,True,True,False
chr1:8435530:G:A,rs172531,ENSG00000142599,RERE,eQTL,Skin_Sun_Exposed_Lower_leg,eCAVIAR,0.0477175,True,True,False
chr13:73065233:G:A,rs9530143,ENSG00000102554,KLF5,sQTL,Colon_Transverse,eCAVIAR,0.0477063,True,True,False
chr1:8435530:G:A,rs172531,ENSG00000142599,RERE,eQTL,Esophagus_Mucosa,eCAVIAR,0.0476573,True,True,False
chr10:124590079:C:T,rs10430737,ENSG00000107902,LHPP,eQTL,Brain_Caudate_basal_ganglia,eCAVIAR,0.0474997,True,True,False
chr21:25844528:T:A,rs13049669,ENSG00000154723,ATP5J,sQTL,Liver,eCAVIAR,0.0473042,True,True,False
chr14:75905315:G:C,rs4903352,ENSG00000119685,TTLL5,eQTL,Vagina,eCAVIAR,0.0471819,True,True,False
chr6:29839124:G:C,rs407238/rs115586772,ENSG00000231130,HLA-T,eQTL,Adipose_Visceral_Omentum,eCAVIAR,0.0470407,True,True,False
chr22:37780972:G:T,rs5750494,ENSG00000100116,GCAT,eQTL,Muscle_Skeletal,eCAVIAR,0.0470136,True,True,False
chr1:165768467:G:C,rs2790053,ENSG00000224358,RP11-466F5.8,eQTL,Artery_Tibial,eCAVIAR,0.0469614,True,True,False
chr17:45948522:C:A,rs242559/rs114919114,ENSG00000214425,LRRC37A4P,sQTL,Brain_Nucleus_accumbens_basal_ganglia,eCAVIAR,0.0469133,True,True,False
chr1:165768467:G:C,rs2790053,ENSG00000143183,TMCO1,eQTL,Artery_Tibial,eCAVIAR,0.0468701,True,True,False
chr1:37611020:C:T,rs10908363,ENSG00000183386,FHL3,sQTL,Lung,eCAVIAR,0.046448,True,True,False
chr14:75905315:G:C,rs4903352,ENSG00000119686,FLVCR2,eQTL,Brain_Cortex,eCAVIAR,0.0464443,True,True,False
chr11:47447887:G:A,rs7111873,ENSG00000165916,PSMC3,eQTL,Muscle_Skeletal,eCAVIAR,0.0463695,True,True,False
chr2:71424809:T:A,rs12613800,ENSG00000075292,ZNF638,sQTL,Skin_Sun_Exposed_Lower_leg,eCAVIAR,0.0463678,True,True,False
chr2:71424809:T:A,rs12613800,ENSG00000075292,ZNF638,sQTL,Skin_Sun_Exposed_Lower_leg,eCAVIAR,0.0463678,True,True,False
chr21:25844528:T:A,rs13049669,ENSG00000154723,ATP5J,sQTL,Brain_Anterior_cingulate_cortex_BA24,eCAVIAR,0.0463218,True,True,False
chr17:45948522:C:A,rs242559/rs114919114,ENSG00000263142,LRRC37A17P,eQTL,Testis,eCAVIAR,0.0458667,True,True,False
chr9:104933258:C:T,rs2472494,ENSG00000226334,RP11-217B7.2,eQTL,Ovary,eCAVIAR,0.0458014,True,True,False
chr21:25844528:T:A,rs13049669,ENSG00000154723,ATP5J,sQTL,Brain_Caudate_basal_ganglia,eCAVIAR,0.0456605,True,True,False
chr17:45948522:C:A,rs242559/rs114919114,ENSG00000264070,DND1P1,eQTL,Brain_Substantia_nigra,eCAVIAR,0.0455495,True,True,False
chr21:25844528:T:A,rs13049669,ENSG00000154723,ATP5J,sQTL,Brain_Frontal_Cortex_BA9,eCAVIAR,0.0454324,True,True,False
chr22:19882624:C:T,rs8141610,ENSG00000184470,TXNRD2,eQTL,Artery_Coronary,eCAVIAR,0.045371,True,True,False
chr17:45948522:C:A,rs242559/rs114919114,ENSG00000263142,LRRC37A17P,eQTL,Brain_Cerebellum,eCAVIAR,0.0451778,True,True,False
chr11:120327384:G:A,rs1893261,ENSG00000181264,TMEM136,sQTL,Heart_Atrial_Appendage,eCAVIAR,0.0451414,True,True,False
chr17:45948522:C:A,rs242559/rs114919114,ENSG00000204650,LINC02210,sQTL,Pancreas,eCAVIAR,0.0451165,True,True,False
chr3:186411027:G:A,rs56233426,ENSG00000058866,DGKG,eQTL,Retina,eCAVIAR,0.0448088,True,True,False
chr6:134051012:G:C,rs2811688,ENSG00000146411,SLC2A12,eQTL,Brain_Cortex,eCAVIAR,0.0447045,True,True,False
chr17:45948522:C:A,rs242559/rs114919114,ENSG00000120071,KANSL1,eQTL,Pancreas,eCAVIAR,0.0446714,True,True,False
chr22:37780972:G:T,rs5750494,ENSG00000100116,GCAT,sQTL,Brain_Amygdala,eCAVIAR,0.04457,True,True,False
chr22:37780972:G:T,rs5750494,ENSG00000100106,TRIOBP,eQTL,Ovary,eCAVIAR,0.0445124,True,True,False
chr22:19882624:C:T,rs8141610,ENSG00000184470,TXNRD2,eQTL,Colon_Transverse,eCAVIAR,0.0442384,True,True,False
chr17:45948522:C:A,rs242559/rs114919114,ENSG00000267198,RP11-798G7.6,eQTL,Testis,eCAVIAR,0.0440576,True,True,False
chr14:75905315:G:C,rs4903352,ENSG00000119699,TGFB3,sQTL,Pancreas,eCAVIAR,0.0440562,True,True,False
chr17:45948522:C:A,rs242559/rs114919114,ENSG00000186868,MAPT,eQTL,Nerve_Tibial,eCAVIAR,0.0440206,True,True,False
chr17:45948522:C:A,rs242559/rs114919114,ENSG00000266918,RP11-798G7.8,eQTL,Esophagus_Gastroesophageal_Junction,eCAVIAR,0.0439851,True,True,False
chr1:8435530:G:A,rs172531,ENSG00000142599,RERE,eQTL,Brain_Cortex,eCAVIAR,0.0439304,True,True,False
chr17:45948522:C:A,rs242559/rs114919114,ENSG00000280022,RP11-707O23.1,eQTL,Brain_Spinal_cord_cervical_c-1,eCAVIAR,0.0437975,True,True,False
chr11:47447887:G:A,rs7111873,ENSG00000165916,PSMC3,eQTL,Testis,eCAVIAR,0.0436989,True,True,False
chr7:116522252:T:A,rs10257125,ENSG00000105971,CAV2,eQTL,Adrenal_Gland,eCAVIAR,0.0435416,True,True,False
chr4:7902636:G:A,rs938604,ENSG00000170801,HTRA3,eQTL,Skin_Sun_Exposed_Lower_leg,eCAVIAR,0.0435039,True,True,False
chr17:45948522:C:A,rs242559/rs114919114,ENSG00000238083,LRRC37A2,sQTL,Cells_Cultured_fibroblasts,eCAVIAR,0.0433371,True,True,False
chr22:37780972:G:T,rs5750494,ENSG00000100116,GCAT,eQTL,Adipose_Visceral_Omentum,eCAVIAR,0.0431864,True,True,False
chr17:45948522:C:A,rs242559/rs114919114,ENSG00000266918,RP11-798G7.8,eQTL,Artery_Aorta,eCAVIAR,0.0427958,True,True,False
chr17:45948522:C:A,rs242559/rs114919114,ENSG00000225190,PLEKHM1,sQTL,Adrenal_Gland,eCAVIAR,0.0427868,True,True,False
chr6:29839124:G:C,rs407238/rs115586772,ENSG00000137312,FLOT1,eQTL,Adipose_Visceral_Omentum,eCAVIAR,0.0427688,True,True,False
chr14:75905315:G:C,rs4903352,ENSG00000119699,TGFB3,sQTL,Muscle_Skeletal,eCAVIAR,0.0427688,True,True,False
chr1:8435530:G:A,rs172531,ENSG00000142599,RERE,eQTL,Adipose_Subcutaneous,eCAVIAR,0.0427424,True,True,False
chr22:19882624:C:T,rs8141610,ENSG00000184470,TXNRD2,eQTL,Heart_Left_Ventricle,eCAVIAR,0.0426965,True,True,False
chr17:45948522:C:A,rs242559/rs114919114,ENSG00000120071,KANSL1,eQTL,Muscle_Skeletal,eCAVIAR,0.0426693,True,True,False
chr17:45948522:C:A,rs242559/rs114919114,ENSG00000261575,RP11-259G18.1,eQTL,Minor_Salivary_Gland,eCAVIAR,0.0424108,True,True,False
chr17:45948522:C:A,rs242559/rs114919114,ENSG00000136448,NMT1,eQTL,Prostate,eCAVIAR,0.0422182,True,True,False
chr9:104933258:C:T,rs2472494,ENSG00000226334,RP11-217B7.2,eQTL,Brain_Substantia_nigra,eCAVIAR,0.0420527,True,True,False
chr6:29839124:G:C,rs407238/rs115586772,ENSG00000204632,HLA-G,eQTL,Prostate,eCAVIAR,0.0419231,True,True,False
chr22:19882624:C:T,rs8141610,ENSG00000184470,TXNRD2,eQTL,Stomach,eCAVIAR,0.0418619,True,True,False
chr1:68371486:C:A,rs4076000,ENSG00000116729,WLS,eQTL,Cells_Cultured_fibroblasts,eCAVIAR,0.0418377,True,True,False
chr14:75905315:G:C,rs4903352,ENSG00000119685,TTLL5,eQTL,Testis,eCAVIAR,0.0417668,True,True,False
chr15:73928957:C:T,rs1550437,ENSG00000261801,LOXL1-AS1,eQTL,Thyroid,eCAVIAR,0.0416645,True,True,False
chr1:8435530:G:A,rs172531,ENSG00000142599,RERE,eQTL,Esophagus_Mucosa,eCAVIAR,0.0416571,True,True,False
chr11:47447887:G:A,rs7111873,ENSG00000165916,PSMC3,eQTL,Brain_Caudate_basal_ganglia,eCAVIAR,0.0416312,True,True,False
chr22:19882624:C:T,rs8141610,ENSG00000184470,TXNRD2,eQTL,Small_Intestine_Terminal_Ileum,eCAVIAR,0.0415822,True,True,False
chr1:37611020:C:T,rs10908363,ENSG00000183520,UTP11,eQTL,Cells_Cultured_fibroblasts,eCAVIAR,0.0415605,True,True,False
chr2:55705879:C:T,rs2627761,ENSG00000115380,EFEMP1,sQTL,Heart_Atrial_Appendage,eCAVIAR,0.0415054,True,True,False
chr2:12811195:C:T,rs12623251,ENSG00000071575,TRIB2,eQTL,Cells_Cultured_fibroblasts,eCAVIAR,0.0414791,True,True,False
chr17:45948522:C:A,rs242559/rs114919114,ENSG00000120071,KANSL1,eQTL,Brain_Cerebellum,eCAVIAR,0.0414158,True,True,False
chr1:8435530:G:A,rs172531,ENSG00000142599,RERE,eQTL,Breast_Mammary_Tissue,eCAVIAR,0.0414101,True,True,False
chr17:45948522:C:A,rs242559/rs114919114,ENSG00000267198,RP11-798G7.6,eQTL,Prostate,eCAVIAR,0.0412691,True,True,False
chr6:122324153:C:A,rs7760346,ENSG00000135549,PKIB,eQTL,Pancreas,eCAVIAR,0.0409972,True,True,False
chr11:47447887:G:A,rs7111873,ENSG00000165916,PSMC3,eQTL,Brain_Nucleus_accumbens_basal_ganglia,eCAVIAR,0.0409475,True,True,False
chr17:45948522:C:A,rs242559/rs114919114,ENSG00000225190,PLEKHM1,sQTL,Esophagus_Mucosa,eCAVIAR,0.0408846,True,True,False
chr17:45948522:C:A,rs242559/rs114919114,ENSG00000225190,PLEKHM1,sQTL,Esophagus_Mucosa,eCAVIAR,0.0408846,True,True,False
chr6:29839124:G:C,rs407238/rs115586772,ENSG00000243753,HLA-L,sQTL,Brain_Putamen_basal_ganglia,eCAVIAR,0.0407434,True,True,False
chr11:120327384:G:A,rs1893261,ENSG00000181264,TMEM136,sQTL,Artery_Coronary,eCAVIAR,0.0403503,True,True,False
chr17:45948522:C:A,rs242559/rs114919114,ENSG00000266918,RP11-798G7.8,eQTL,Nerve_Tibial,eCAVIAR,0.040093,True,True,False
chr6:29839124:G:C,rs407238/rs115586772,ENSG00000204525,HLA-C,sQTL,Esophagus_Muscularis,eCAVIAR,0.0400463,True,True,False
chr6:134051012:G:C,rs2811688,ENSG00000146411,SLC2A12,eQTL,Brain_Cerebellar_Hemisphere,eCAVIAR,0.039849,True,True,False
chr21:25844528:T:A,rs13049669,ENSG00000154723,ATP5J,sQTL,Brain_Hypothalamus,eCAVIAR,0.0397749,True,True,False
chr10:58567150:G:A,rs1658436,ENSG00000122870,BICC1,eQTL,Brain_Cortex,eCAVIAR,0.039699,True,True,False
chr21:25844528:T:A,rs13049669,ENSG00000154723,ATP5J,sQTL,Brain_Anterior_cingulate_cortex_BA24,eCAVIAR,0.0394783,True,True,False
chr17:45948522:C:A,rs242559/rs114919114,ENSG00000261575,RP11-259G18.1,eQTL,Brain_Spinal_cord_cervical_c-1,eCAVIAR,0.0394451,True,True,False
chr17:45948522:C:A,rs242559/rs114919114,ENSG00000204650,LINC02210,sQTL,Brain_Amygdala,eCAVIAR,0.039418,True,True,False
chr17:45948522:C:A,rs242559/rs114919114,ENSG00000120088,CRHR1,sQTL,Brain_Amygdala,eCAVIAR,0.0393949,True,True,False
chr17:45948522:C:A,rs242559/rs114919114,ENSG00000214425,LRRC37A4P,sQTL,Heart_Atrial_Appendage,eCAVIAR,0.0393484,True,True,False
chr6:29839124:G:C,rs407238/rs115586772,ENSG00000231130,HLA-T,eQTL,Skin_Sun_Exposed_Lower_leg,eCAVIAR,0.0393329,True,True,False
chr6:122324153:C:A,rs7760346,ENSG00000135549,PKIB,eQTL,Pancreas,eCAVIAR,0.0393054,True,True,False
chr17:45948522:C:A,rs242559/rs114919114,ENSG00000225190,PLEKHM1,eQTL,Adipose_Subcutaneous,eCAVIAR,0.0392621,True,True,False
chr22:37780972:G:T,rs5750494,ENSG00000100106,TRIOBP,eQTL,Testis,eCAVIAR,0.0392202,True,True,False
chr17:45948522:C:A,rs242559/rs114919114,ENSG00000204650,LINC02210,sQTL,Adipose_Subcutaneous,eCAVIAR,0.0391854,True,True,False
chr11:47447887:G:A,rs7111873,ENSG00000165916,PSMC3,eQTL,Brain_Nucleus_accumbens_basal_ganglia,eCAVIAR,0.0391737,True,True,False
chr22:37780972:G:T,rs5750494,ENSG00000100106,TRIOBP,eQTL,Brain_Substantia_nigra,eCAVIAR,0.0391093,True,True,False
chr17:45948522:C:A,rs242559/rs114919114,ENSG00000204650,LINC02210,sQTL,Stomach,eCAVIAR,0.0389647,True,True,False
chr7:117996057:G:C,rs10230941,ENSG00000077063,CTTNBP2,eQTL,Skin_Not_Sun_Exposed_Suprapubic,eCAVIAR,0.0389473,True,True,False
chr17:45948522:C:A,rs242559/rs114919114,ENSG00000238083,LRRC37A2,eQTL,Pancreas,eCAVIAR,0.0389318,True,True,False
chr11:86657064:C:T,rs10792871,ENSG00000150687,PRSS23,eQTL,Adipose_Subcutaneous,eCAVIAR,0.0387732,True,True,False
chr22:19882624:C:T,rs8141610,ENSG00000232926,AC000078.5,eQTL,Brain_Frontal_Cortex_BA9,eCAVIAR,0.0387407,True,True,False
chr17:45948522:C:A,rs242559/rs114919114,ENSG00000185829,ARL17A,sQTL,Stomach,eCAVIAR,0.0385575,True,True,False
chr11:47447887:G:A,rs7111873,ENSG00000255197,RP11-750H9.5,eQTL,Whole_Blood,eCAVIAR,0.0385189,True,True,False
chr1:8435530:G:A,rs172531,ENSG00000142599,RERE,eQTL,Skin_Sun_Exposed_Lower_leg,eCAVIAR,0.0383978,True,True,False
chr11:47447887:G:A,rs7111873,ENSG00000165917,RAPSN,eQTL,Lung,eCAVIAR,0.0383297,True,True,False
chr22:37780972:G:T,rs5750494,ENSG00000100106,TRIOBP,eQTL,Ovary,eCAVIAR,0.0382938,True,True,False
chr22:19882624:C:T,rs8141610,ENSG00000184470,TXNRD2,eQTL,Esophagus_Mucosa,eCAVIAR,0.0382732,True,True,False
chr15:57261634:T:A,rs2431023,ENSG00000137871,ZNF280D,eQTL,Skin_Sun_Exposed_Lower_leg,eCAVIAR,0.038125,True,True,False
chr22:28712241:G:A,rs5752776,ENSG00000100154,TTC28,eQTL,Breast_Mammary_Tissue,eCAVIAR,0.0380332,True,True,False
chr11:47447887:G:A,rs7111873,ENSG00000109919,MTCH2,eQTL,Brain_Spinal_cord_cervical_c-1,eCAVIAR,0.0379351,True,True,False
chr11:47447887:G:A,rs7111873,ENSG00000165916,PSMC3,eQTL,Brain_Cerebellar_Hemisphere,eCAVIAR,0.0379334,True,True,False
chr1:37611020:C:T,rs10908363,ENSG00000183386,FHL3,eQTL,Skin_Not_Sun_Exposed_Suprapubic,eCAVIAR,0.0379311,True,True,False
chr1:37611020:C:T,rs10908363,ENSG00000183520,UTP11,eQTL,Uterus,eCAVIAR,0.037809,True,True,False
chr11:120327384:G:A,rs1893261,ENSG00000181264,TMEM136,sQTL,Adipose_Visceral_Omentum,eCAVIAR,0.0378014,True,True,False
chr11:120327384:G:A,rs1893261,ENSG00000181264,TMEM136,sQTL,Adipose_Visceral_Omentum,eCAVIAR,0.0378014,True,True,False
chr11:130412183:C:T,rs2875238,ENSG00000175773,RP11-121M22.1,eQTL,Nerve_Tibial,eCAVIAR,0.0377781,True,True,False
chr22:19882624:C:T,rs8141610,ENSG00000184470,TXNRD2,eQTL,Whole_Blood,eCAVIAR,0.0377778,True,True,False
chr11:65569780:T:A,rs1346,ENSG00000168056,LTBP3,eQTL,Esophagus_Muscularis,eCAVIAR,0.0377087,True,True,False
chr17:45948522:C:A,rs242559/rs114919114,ENSG00000225190,PLEKHM1,eQTL,Brain_Putamen_basal_ganglia,eCAVIAR,0.0376856,True,True,False
chr6:29839124:G:C,rs407238/rs115586772,ENSG00000204525,HLA-C,sQTL,Esophagus_Muscularis,eCAVIAR,0.0376397,True,True,False
chr22:19882624:C:T,rs8141610,ENSG00000184470,TXNRD2,eQTL,Brain_Hypothalamus,eCAVIAR,0.0372706,True,True,False
chr17:45948522:C:A,rs242559/rs114919114,ENSG00000225190,PLEKHM1,eQTL,Adrenal_Gland,eCAVIAR,0.0372119,True,True,False
chr6:29839124:G:C,rs407238/rs115586772,ENSG00000243753,HLA-L,sQTL,Brain_Frontal_Cortex_BA9,eCAVIAR,0.0371952,True,True,False
chr22:37780972:G:T,rs5750494,ENSG00000100116,GCAT,eQTL,Adipose_Visceral_Omentum,eCAVIAR,0.0371531,True,True,False
chr17:47617876:AT:A,rs1348518145,ENSG00000259207,ITGB3,sQTL,Breast_Mammary_Tissue,eCAVIAR,0.036937,True,True,False
chr17:45948522:C:A,rs242559/rs114919114,ENSG00000186868,MAPT,eQTL,Prostate,eCAVIAR,0.0368907,True,True,False
chr1:8435530:G:A,rs172531,ENSG00000142599,RERE,eQTL,Skin_Sun_Exposed_Lower_leg,eCAVIAR,0.0368689,True,True,False
chr2:55705879:C:T,rs2627761,ENSG00000115380,EFEMP1,sQTL,Heart_Atrial_Appendage,eCAVIAR,0.0368599,True,True,False
chr1:8435530:G:A,rs172531,ENSG00000142599,RERE,eQTL,Esophagus_Mucosa,eCAVIAR,0.0368224,True,True,False
chr11:65569780:T:A,rs1346,ENSG00000254614,AP003068.23,eQTL,Pituitary,eCAVIAR,0.0366849,True,True,False
chr17:45948522:C:A,rs242559/rs114919114,ENSG00000261575,RP11-259G18.1,eQTL,Vagina,eCAVIAR,0.0364596,True,True,False
chr10:124590079:C:T,rs10430737,ENSG00000107902,LHPP,eQTL,Brain_Cortex,eCAVIAR,0.0364216,True,True,False
chr17:45948522:C:A,rs242559/rs114919114,ENSG00000159314,ARHGAP27,eQTL,Cells_EBV-transformed_lymphocytes,eCAVIAR,0.0363365,True,True,False
chr6:29839124:G:C,rs407238/rs115586772,ENSG00000204525,HLA-C,eQTL,Whole_Blood,eCAVIAR,0.0362702,True,True,False
chr11:130412183:C:T,rs2875238,ENSG00000134917,ADAMTS8,eQTL,Artery_Aorta,eCAVIAR,0.0362632,True,True,False
chr17:45948522:C:A,rs242559/rs114919114,ENSG00000185829,ARL17A,sQTL,Prostate,eCAVIAR,0.0362223,True,True,False
chr17:45948522:C:A,rs242559/rs114919114,ENSG00000073969,NSF,eQTL,Esophagus_Muscularis,eCAVIAR,0.0362184,True,True,False
chr11:65569780:T:A,rs1346,ENSG00000173727,CMB9-22P13.1,sQTL,Adrenal_Gland,eCAVIAR,0.0361633,True,True,False
chr17:45948522:C:A,rs242559/rs114919114,ENSG00000159314,ARHGAP27,sQTL,Brain_Cerebellar_Hemisphere,eCAVIAR,0.0360747,True,True,False
chr22:37780972:G:T,rs5750494,ENSG00000100116,GCAT,sQTL,Brain_Cerebellum,eCAVIAR,0.0359685,True,True,False
chr22:37780972:G:T,rs5750494,ENSG00000100106,TRIOBP,eQTL,Adipose_Visceral_Omentum,eCAVIAR,0.0359088,True,True,False
chr11:47447887:G:A,rs7111873,ENSG00000165916,PSMC3,eQTL,Brain_Putamen_basal_ganglia,eCAVIAR,0.0358544,True,True,False
chr1:8435530:G:A,rs172531,ENSG00000142599,RERE,eQTL,Brain_Frontal_Cortex_BA9,eCAVIAR,0.0357414,True,True,False
chr21:25844528:T:A,rs13049669,ENSG00000154723,ATP5J,sQTL,Brain_Cerebellar_Hemisphere,eCAVIAR,0.0357345,True,True,False
chr15:57261634:T:A,rs2431023,ENSG00000140262,TCF12,eQTL,Heart_Atrial_Appendage,eCAVIAR,0.0356439,True,True,False
chr17:45948522:C:A,rs242559/rs114919114,ENSG00000225190,PLEKHM1,eQTL,Testis,eCAVIAR,0.0355887,True,True,False
chr1:171636338:G:A,rs74315329,ENSG00000135845,PIGC,sQTL,Spleen,eCAVIAR,0.0355786,True,True,False
chr4:7902636:G:A,rs938604,ENSG00000196526,AFAP1,eQTL,Brain_Cerebellum,eCAVIAR,0.0355265,True,True,False
chr17:45948522:C:A,rs242559/rs114919114,ENSG00000238083,LRRC37A2,sQTL,Esophagus_Muscularis,eCAVIAR,0.0355259,True,True,False
chr17:45948522:C:A,rs242559/rs114919114,ENSG00000186868,MAPT,eQTL,Brain_Cerebellum,eCAVIAR,0.0355045,True,True,False
chr11:130412183:C:T,rs2875238,ENSG00000134917,ADAMTS8,eQTL,Artery_Tibial,eCAVIAR,0.0354091,True,True,False
chr22:19882624:C:T,rs8141610,ENSG00000184470,TXNRD2,eQTL,Skin_Not_Sun_Exposed_Suprapubic,eCAVIAR,0.0353757,True,True,False
chr11:65569780:T:A,rs1346,ENSG00000173727,CMB9-22P13.1,sQTL,Adrenal_Gland,eCAVIAR,0.0353247,True,True,False
chr15:61655081:G:C,rs12438742,ENSG00000259530,RP11-259A24.1,eQTL,Cells_Cultured_fibroblasts,eCAVIAR,0.0351785,True,True,False
chr22:19882624:C:T,rs8141610,ENSG00000184470,TXNRD2,eQTL,Spleen,eCAVIAR,0.0351574,True,True,False
chr17:45948522:C:A,rs242559/rs114919114,ENSG00000263142,LRRC37A17P,eQTL,Skin_Sun_Exposed_Lower_leg,eCAVIAR,0.035098,True,True,False
chr17:45948522:C:A,rs242559/rs114919114,ENSG00000261575,RP11-259G18.1,eQTL,Brain_Substantia_nigra,eCAVIAR,0.0348474,True,True,False
chr9:126628521:C:T,rs3829849,ENSG00000224842,RP11-123K19.1,eQTL,Adipose_Subcutaneous,eCAVIAR,0.0347548,True,True,False
chr14:75905315:G:C,rs4903352,ENSG00000119699,TGFB3,sQTL,Pancreas,eCAVIAR,0.0346186,True,True,False
chr17:45948522:C:A,rs242559/rs114919114,ENSG00000185829,ARL17A,eQTL,Liver,eCAVIAR,0.0346105,True,True,False
chr22:37780972:G:T,rs5750494,ENSG00000100106,TRIOBP,sQTL,Testis,eCAVIAR,0.0345944,True,True,False
chr1:8435530:G:A,rs172531,ENSG00000232912,RP5-1115A15.1,eQTL,Esophagus_Muscularis,eCAVIAR,0.0345533,True,True,False
chr17:45948522:C:A,rs242559/rs114919114,ENSG00000267344,CTB-39G8.3,eQTL,Testis,eCAVIAR,0.0345358,True,True,False
chr5:56487851:G:A,rs112142644,ENSG00000248727,LINC01948,eQTL,Whole_Blood,eCAVIAR,0.0345181,True,True,False
chr5:56487851:G:A,rs112142644,ENSG00000248727,LINC01948,eQTL,Whole_Blood,eCAVIAR,0.0344314,True,True,False
chr11:86657064:C:T,rs10792871,ENSG00000278989,RP11-762L8.6,eQTL,Cells_Cultured_fibroblasts,eCAVIAR,0.0344131,True,True,False
chr1:37611020:C:T,rs10908363,ENSG00000183520,UTP11,eQTL,Cells_Cultured_fibroblasts,eCAVIAR,0.0342743,True,True,False
chr1:37611020:C:T,rs10908363,ENSG00000183520,UTP11,eQTL,Thyroid,eCAVIAR,0.0342686,True,True,False
chr17:45948522:C:A,rs242559/rs114919114,ENSG00000236234,AC091132.1,eQTL,Esophagus_Mucosa,eCAVIAR,0.0342345,True,True,False
chr11:16989629:C:A,rs4141194,ENSG00000272034,SNORD14A,eQTL,Adipose_Subcutaneous,eCAVIAR,0.0341772,True,True,False
chr11:47447887:G:A,rs7111873,ENSG00000165915,SLC39A13,eQTL,Adrenal_Gland,eCAVIAR,0.0341752,True,True,False
chr17:45948522:C:A,rs242559/rs114919114,ENSG00000073969,NSF,eQTL,Thyroid,eCAVIAR,0.034147,True,True,False
chr11:47447887:G:A,rs7111873,ENSG00000165917,RAPSN,eQTL,Brain_Cortex,eCAVIAR,0.0341449,True,True,False
chr6:134051012:G:C,rs2811688,ENSG00000146411,SLC2A12,eQTL,Brain_Cerebellum,eCAVIAR,0.0341187,True,True,False
chr6:29839124:G:C,rs407238/rs115586772,ENSG00000204632,HLA-G,eQTL,Stomach,eCAVIAR,0.0338765,True,True,False
chr22:37780972:G:T,rs5750494,ENSG00000100106,TRIOBP,eQTL,Brain_Cortex,eCAVIAR,0.0338665,True,True,False
chr6:134051012:G:C,rs2811688,ENSG00000146411,SLC2A12,eQTL,Retina,eCAVIAR,0.0337886,True,True,False
chr17:45948522:C:A,rs242559/rs114919114,ENSG00000185829,ARL17A,eQTL,Adrenal_Gland,eCAVIAR,0.0337657,True,True,False
chr1:37611020:C:T,rs10908363,ENSG00000183386,FHL3,sQTL,Nerve_Tibial,eCAVIAR,0.0337449,True,True,False
chr22:37780972:G:T,rs5750494,ENSG00000100106,TRIOBP,eQTL,Testis,eCAVIAR,0.033741,True,True,False
chr4:7902636:G:A,rs938604,ENSG00000196526,AFAP1,eQTL,Muscle_Skeletal,eCAVIAR,0.0337389,True,True,False
chr6:29839124:G:C,rs407238/rs115586772,ENSG00000204632,HLA-G,eQTL,Testis,eCAVIAR,0.0337229,True,True,False
chr11:47447887:G:A,rs7111873,ENSG00000165917,RAPSN,eQTL,Colon_Transverse,eCAVIAR,0.0336511,True,True,False
chr17:45948522:C:A,rs242559/rs114919114,ENSG00000225190,PLEKHM1,eQTL,Brain_Caudate_basal_ganglia,eCAVIAR,0.0336166,True,True,False
chr1:165768467:G:C,rs2790053,ENSG00000224358,RP11-466F5.8,eQTL,Cells_EBV-transformed_lymphocytes,eCAVIAR,0.0335729,True,True,False
chr6:29839124:G:C,rs407238/rs115586772,ENSG00000214922,HLA-F-AS1,eQTL,Spleen,eCAVIAR,0.0335439,True,True,False
chr22:37780972:G:T,rs5750494,ENSG00000100106,TRIOBP,eQTL,Pituitary,eCAVIAR,0.0335277,True,True,False
chr1:37611020:C:T,rs10908363,ENSG00000204084,INPP5B,eQTL,Cells_Cultured_fibroblasts,eCAVIAR,0.0335266,True,True,False
chr17:45948522:C:A,rs242559/rs114919114,ENSG00000073969,NSF,eQTL,Heart_Atrial_Appendage,eCAVIAR,0.0334089,True,True,False
chr6:29839124:G:C,rs407238/rs115586772,ENSG00000204525,HLA-C,eQTL,Whole_Blood,eCAVIAR,0.0333698,True,True,False
chr22:19882624:C:T,rs8141610,ENSG00000184470,TXNRD2,eQTL,Esophagus_Muscularis,eCAVIAR,0.0332313,True,True,False
chr6:29839124:G:C,rs407238/rs115586772,ENSG00000181126,HLA-V,eQTL,Brain_Caudate_basal_ganglia,eCAVIAR,0.033215,True,True,False
chr6:29839124:G:C,rs407238/rs115586772,ENSG00000227766,HCG4P5,eQTL,Thyroid,eCAVIAR,0.0331003,True,True,False
chr1:68371486:C:A,rs4076000,ENSG00000116729,WLS,eQTL,Cells_Cultured_fibroblasts,eCAVIAR,0.0330839,True,True,False
chr1:87747331:C:T,rs12139208,ENSG00000143013,LMO4,eQTL,Esophagus_Muscularis,eCAVIAR,0.0330597,True,True,False
chr11:47447887:G:A,rs7111873,ENSG00000256897,RP11-17G12.2,eQTL,Skin_Not_Sun_Exposed_Suprapubic,eCAVIAR,0.0330444,True,True,False
chr11:130412183:C:T,rs2875238,ENSG00000134917,ADAMTS8,eQTL,Artery_Aorta,eCAVIAR,0.032997,True,True,False
chr17:45948522:C:A,rs242559/rs114919114,ENSG00000204650,LINC02210,sQTL,Minor_Salivary_Gland,eCAVIAR,0.0329616,True,True,False
chr6:29839124:G:C,rs407238/rs115586772,ENSG00000235821,IFITM4P,eQTL,Cells_EBV-transformed_lymphocytes,eCAVIAR,0.0327109,True,True,False
chr11:120327384:G:A,rs1893261,ENSG00000181264,TMEM136,sQTL,Heart_Left_Ventricle,eCAVIAR,0.0327,True,True,False
chr17:45948522:C:A,rs242559/rs114919114,ENSG00000264070,DND1P1,eQTL,Brain_Nucleus_accumbens_basal_ganglia,eCAVIAR,0.0325833,True,True,False
chr1:37611020:C:T,rs10908363,ENSG00000183386,FHL3,sQTL,Testis,eCAVIAR,0.0325153,True,True,False
chr22:19882624:C:T,rs8141610,ENSG00000184470,TXNRD2,eQTL,Brain_Hippocampus,eCAVIAR,0.0324434,True,True,False
chr1:8435530:G:A,rs172531,ENSG00000142599,RERE,eQTL,Brain_Hippocampus,eCAVIAR,0.032442,True,True,False
chr22:19882624:C:T,rs8141610,ENSG00000184470,TXNRD2,eQTL,Adrenal_Gland,eCAVIAR,0.0324259,True,True,False
chr1:8435530:G:A,rs172531,ENSG00000142599,RERE,eQTL,Pancreas,eCAVIAR,0.0324102,True,True,False
chr11:102194103:C:A,rs7120067,ENSG00000137693,YAP1,sQTL,Artery_Aorta,eCAVIAR,0.0322178,True,True,False
chr17:45948522:C:A,rs242559/rs114919114,ENSG00000280022,RP11-707O23.1,eQTL,Brain_Hypothalamus,eCAVIAR,0.032125,True,True,False
chr22:28712241:G:A,rs5752776,ENSG00000100154,TTC28,eQTL,Breast_Mammary_Tissue,eCAVIAR,0.0320975,True,True,False
chr22:37780972:G:T,rs5750494,ENSG00000100116,GCAT,eQTL,Skin_Sun_Exposed_Lower_leg,eCAVIAR,0.0320908,True,True,False
chr17:45948522:C:A,rs242559/rs114919114,ENSG00000120088,CRHR1,eQTL,Esophagus_Gastroesophageal_Junction,eCAVIAR,0.0320739,True,True,False
chr21:25844528:T:A,rs13049669,ENSG00000154723,ATP5J,sQTL,Brain_Spinal_cord_cervical_c-1,eCAVIAR,0.0320314,True,True,False
chr11:16989629:C:A,rs4141194,ENSG00000272034,SNORD14A,eQTL,Nerve_Tibial,eCAVIAR,0.0320195,True,True,False
chr17:47617876:AT:A,rs1348518145,ENSG00000141295,SCRN2,eQTL,Muscle_Skeletal,eCAVIAR,0.0319876,True,True,False
chr17:45948522:C:A,rs242559/rs114919114,ENSG00000225190,PLEKHM1,sQTL,Heart_Atrial_Appendage,eCAVIAR,0.0319698,True,True,False
chr11:16989629:C:A,rs4141194,ENSG00000166689,PLEKHA7,eQTL,Artery_Tibial,eCAVIAR,0.0318227,True,True,False
chr17:45948522:C:A,rs242559/rs114919114,ENSG00000204650,LINC02210,eQTL,Liver,eCAVIAR,0.0317985,True,True,False
chr1:8435530:G:A,rs172531,ENSG00000142599,RERE,eQTL,Brain_Hippocampus,eCAVIAR,0.0312495,True,True,False
chr6:29839124:G:C,rs407238/rs115586772,ENSG00000273340,MICE,eQTL,Lung,eCAVIAR,0.0312449,True,True,False
chr1:165768467:G:C,rs2790053,ENSG00000224358,RP11-466F5.8,eQTL,Adipose_Subcutaneous,eCAVIAR,0.0310949,True,True,False
chr14:75905315:G:C,rs4903352,ENSG00000119685,TTLL5,eQTL,Vagina,eCAVIAR,0.0310946,True,True,False
chr1:165768467:G:C,rs2790053,ENSG00000224358,RP11-466F5.8,eQTL,Muscle_Skeletal,eCAVIAR,0.0310925,True,True,False
chr11:102194103:C:A,rs7120067,ENSG00000137693,YAP1,eQTL,Nerve_Tibial,eCAVIAR,0.031051,True,True,False
chr6:29839124:G:C,rs407238/rs115586772,ENSG00000280128,XXbac-BPG283O16.9,eQTL,Artery_Coronary,eCAVIAR,0.030992,True,True,False
chr17:47617876:AT:A,rs1348518145,ENSG00000178852,EFCAB13,eQTL,Testis,eCAVIAR,0.0309851,True,True,False
chr17:45948522:C:A,rs242559/rs114919114,ENSG00000225190,PLEKHM1,sQTL,Artery_Coronary,eCAVIAR,0.0309812,True,True,False
chr22:37780972:G:T,rs5750494,ENSG00000100116,GCAT,sQTL,Brain_Cerebellum,eCAVIAR,0.0309435,True,True,False
chr6:29839124:G:C,rs407238/rs115586772,ENSG00000206341,HLA-H,eQTL,Brain_Cortex,eCAVIAR,0.0309073,True,True,False
chr22:37780972:G:T,rs5750494,ENSG00000100106,TRIOBP,eQTL,Adipose_Visceral_Omentum,eCAVIAR,0.0308922,True,True,False
chr17:47617876:AT:A,rs1348518145,ENSG00000141279,NPEPPS,eQTL,Skin_Sun_Exposed_Lower_leg,eCAVIAR,0.0308797,True,True,False
chr17:45948522:C:A,rs242559/rs114919114,ENSG00000185829,ARL17A,eQTL,Artery_Aorta,eCAVIAR,0.0308592,True,True,False
chr6:29839124:G:C,rs407238/rs115586772,ENSG00000204622,HLA-J,eQTL,Minor_Salivary_Gland,eCAVIAR,0.0307187,True,True,False
chr17:47617876:AT:A,rs1348518145,ENSG00000141295,SCRN2,eQTL,Skin_Not_Sun_Exposed_Suprapubic,eCAVIAR,0.0307126,True,True,False
chr11:47447887:G:A,rs7111873,ENSG00000255197,RP11-750H9.5,eQTL,Whole_Blood,eCAVIAR,0.0306292,True,True,False
chr1:165768467:G:C,rs2790053,ENSG00000224358,RP11-466F5.8,eQTL,Uterus,eCAVIAR,0.030617,True,True,False
chr17:47617876:AT:A,rs1348518145,ENSG00000141279,NPEPPS,eQTL,Artery_Tibial,eCAVIAR,0.0305978,True,True,False
chr6:29839124:G:C,rs407238/rs115586772,ENSG00000204622,HLA-J,eQTL,Thyroid,eCAVIAR,0.0305553,True,True,False
chr2:71424809:T:A,rs12613800,ENSG00000075292,ZNF638,eQTL,Artery_Coronary,eCAVIAR,0.0304713,True,True,False
chr22:37780972:G:T,rs5750494,ENSG00000100106,TRIOBP,eQTL,Brain_Caudate_basal_ganglia,eCAVIAR,0.0304591,True,True,False
chr1:165768467:G:C,rs2790053,ENSG00000224358,RP11-466F5.8,eQTL,Breast_Mammary_Tissue,eCAVIAR,0.0304395,True,True,False
chr11:47447887:G:A,rs7111873,ENSG00000165917,RAPSN,eQTL,Skin_Sun_Exposed_Lower_leg,eCAVIAR,0.0301324,True,True,False
chr6:29839124:G:C,rs407238/rs115586772,ENSG00000204525,HLA-C,eQTL,Spleen,eCAVIAR,0.0301278,True,True,False
chr11:16989629:C:A,rs4141194,ENSG00000166689,PLEKHA7,eQTL,Artery_Tibial,eCAVIAR,0.0300908,True,True,False
chr11:16989629:C:A,rs4141194,ENSG00000166689,PLEKHA7,eQTL,Artery_Tibial,eCAVIAR,0.0300908,True,True,False
chr11:16989629:C:A,rs4141194,ENSG00000166689,PLEKHA7,eQTL,Artery_Tibial,eCAVIAR,0.0300908,True,True,False
chr17:45948522:C:A,rs242559/rs114919114,ENSG00000225190,PLEKHM1,eQTL,Brain_Frontal_Cortex_BA9,eCAVIAR,0.0300381,True,True,False
chr9:22051671:G:C,rs944801,ENSG00000147889,CDKN2A,eQTL,Brain_Cortex,eCAVIAR,0.0299918,True,True,False
chr1:165768467:G:C,rs2790053,ENSG00000224358,RP11-466F5.8,eQTL,Thyroid,eCAVIAR,0.0299527,True,True,False
chr11:120327384:G:A,rs1893261,ENSG00000181264,TMEM136,sQTL,Colon_Sigmoid,eCAVIAR,0.0299497,True,True,False
chr17:47617876:AT:A,rs1348518145,ENSG00000141295,SCRN2,eQTL,Muscle_Skeletal,eCAVIAR,0.0297936,True,True,False
chr22:37780972:G:T,rs5750494,ENSG00000100106,TRIOBP,sQTL,Testis,eCAVIAR,0.0297614,True,True,False
chr17:47617876:AT:A,rs1348518145,ENSG00000141279,NPEPPS,eQTL,Skin_Not_Sun_Exposed_Suprapubic,eCAVIAR,0.029715,True,True,False
chr15:61655081:G:C,rs12438742,ENSG00000259675,RP11-507B12.1,eQTL,Breast_Mammary_Tissue,eCAVIAR,0.0296473,True,True,False
chr22:19882624:C:T,rs8141610,ENSG00000184470,TXNRD2,eQTL,Artery_Coronary,eCAVIAR,0.0296393,True,True,False
chr6:29839124:G:C,rs407238/rs115586772,ENSG00000176998,HCG4,eQTL,Brain_Hypothalamus,eCAVIAR,0.0296117,True,True,False
chr11:65569780:T:A,rs1346,ENSG00000168056,LTBP3,sQTL,Thyroid,eCAVIAR,0.0295602,True,True,False
chr21:25844528:T:A,rs13049669,ENSG00000154723,ATP5J,sQTL,Uterus,eCAVIAR,0.0295233,True,True,False
chr1:8435530:G:A,rs172531,ENSG00000142599,RERE,eQTL,Skin_Not_Sun_Exposed_Suprapubic,eCAVIAR,0.0292643,True,True,False
chr22:19882624:C:T,rs8141610,ENSG00000184470,TXNRD2,eQTL,Esophagus_Gastroesophageal_Junction,eCAVIAR,0.0292635,True,True,False
chr10:93169359:C:T,rs10882167,ENSG00000237417,XRCC6P1,eQTL,Adipose_Subcutaneous,eCAVIAR,0.0292007,True,True,False
chr6:29839124:G:C,rs407238/rs115586772,ENSG00000204525,HLA-C,eQTL,Spleen,eCAVIAR,0.0291862,True,True,False
chr1:37611020:C:T,rs10908363,ENSG00000183386,FHL3,sQTL,Muscle_Skeletal,eCAVIAR,0.0291621,True,True,False
chr22:37780972:G:T,rs5750494,ENSG00000100106,TRIOBP,eQTL,Brain_Cortex,eCAVIAR,0.0291352,True,True,False
chr22:37780972:G:T,rs5750494,ENSG00000100116,GCAT,sQTL,Lung,eCAVIAR,0.0290477,True,True,False
chr1:8435530:G:A,rs172531,ENSG00000142599,RERE,sQTL,Cells_Cultured_fibroblasts,eCAVIAR,0.0290289,True,True,False
chr6:29839124:G:C,rs407238/rs115586772,ENSG00000204525,HLA-C,sQTL,Artery_Aorta,eCAVIAR,0.0289391,True,True,False
chr11:120327384:G:A,rs1893261,ENSG00000181264,TMEM136,sQTL,Brain_Amygdala,eCAVIAR,0.0289281,True,True,False
chr1:37611020:C:T,rs10908363,ENSG00000183386,FHL3,sQTL,Heart_Atrial_Appendage,eCAVIAR,0.0288802,True,True,False
chr1:37611020:C:T,rs10908363,ENSG00000183386,FHL3,sQTL,Heart_Atrial_Appendage,eCAVIAR,0.0288802,True,True,False
chr22:37780972:G:T,rs5750494,ENSG00000100106,TRIOBP,eQTL,Pituitary,eCAVIAR,0.0288437,True,True,False
chr1:165768467:G:C,rs2790053,ENSG00000143183,TMCO1,eQTL,Artery_Aorta,eCAVIAR,0.0287961,True,True,False
chr11:120327384:G:A,rs1893261,ENSG00000181264,TMEM136,eQTL,Artery_Coronary,eCAVIAR,0.02873,True,True,False
chr11:120327384:G:A,rs1893261,ENSG00000181264,TMEM136,eQTL,Artery_Coronary,eCAVIAR,0.02873,True,True,False
chr1:37611020:C:T,rs10908363,ENSG00000183431,SF3A3,eQTL,Stomach,eCAVIAR,0.0286436,True,True,False
chr1:8435530:G:A,rs172531,ENSG00000232912,RP5-1115A15.1,eQTL,Adipose_Subcutaneous,eCAVIAR,0.0285778,True,True,False
chr22:37780972:G:T,rs5750494,ENSG00000100106,TRIOBP,sQTL,Lung,eCAVIAR,0.0285568,True,True,False
chr17:45948522:C:A,rs242559/rs114919114,ENSG00000186868,MAPT,eQTL,Colon_Sigmoid,eCAVIAR,0.0284695,True,True,False
chr22:19882624:C:T,rs8141610,ENSG00000184470,TXNRD2,eQTL,Colon_Transverse,eCAVIAR,0.0284048,True,True,False
chr22:19882624:C:T,rs8141610,ENSG00000184470,TXNRD2,eQTL,Brain_Frontal_Cortex_BA9,eCAVIAR,0.0282953,True,True,False
chr1:37611020:C:T,rs10908363,ENSG00000183520,UTP11,eQTL,Cells_Cultured_fibroblasts,eCAVIAR,0.0282726,True,True,False
chr2:71424809:T:A,rs12613800,ENSG00000135636,DYSF,eQTL,Adrenal_Gland,eCAVIAR,0.0281861,True,True,False
chr6:29839124:G:C,rs407238/rs115586772,ENSG00000204632,HLA-G,sQTL,Liver,eCAVIAR,0.0281829,True,True,False
chr6:29839124:G:C,rs407238/rs115586772,ENSG00000243753,HLA-L,sQTL,Liver,eCAVIAR,0.0281829,True,True,False
chr6:29839124:G:C,rs407238/rs115586772,ENSG00000231130,HLA-T,sQTL,Liver,eCAVIAR,0.0281829,True,True,False
chr1:37611020:C:T,rs10908363,ENSG00000183431,SF3A3,eQTL,Cells_Cultured_fibroblasts,eCAVIAR,0.0279435,True,True,False
chr6:29839124:G:C,rs407238/rs115586772,ENSG00000137312,FLOT1,sQTL,Colon_Sigmoid,eCAVIAR,0.02794,True,True,False
chr22:19882624:C:T,rs8141610,ENSG00000184470,TXNRD2,sQTL,Heart_Left_Ventricle,eCAVIAR,0.0279361,True,True,False
chr1:165768467:G:C,rs2790053,ENSG00000224358,RP11-466F5.8,eQTL,Vagina,eCAVIAR,0.0278569,True,True,False
chr1:8435530:G:A,rs172531,ENSG00000142599,RERE,eQTL,Brain_Anterior_cingulate_cortex_BA24,eCAVIAR,0.0278534,True,True,False
chr17:45948522:C:A,rs242559/rs114919114,ENSG00000159314,ARHGAP27,sQTL,Skin_Not_Sun_Exposed_Suprapubic,eCAVIAR,0.0278479,True,True,False
chr17:45948522:C:A,rs242559/rs114919114,ENSG00000120071,KANSL1,eQTL,Cells_Cultured_fibroblasts,eCAVIAR,0.0277564,True,True,False
chr22:37780972:G:T,rs5750494,ENSG00000100116,GCAT,eQTL,Skin_Sun_Exposed_Lower_leg,eCAVIAR,0.0276076,True,True,False
chr21:25844528:T:A,rs13049669,ENSG00000154723,ATP5J,sQTL,Brain_Cortex,eCAVIAR,0.0275256,True,True,False
chr11:47447887:G:A,rs7111873,ENSG00000165916,PSMC3,eQTL,Skin_Not_Sun_Exposed_Suprapubic,eCAVIAR,0.0274895,True,True,False
chr22:37780972:G:T,rs5750494,ENSG00000100106,TRIOBP,eQTL,Brain_Hypothalamus,eCAVIAR,0.0274323,True,True,False
chr17:45948522:C:A,rs242559/rs114919114,ENSG00000186868,MAPT,eQTL,Adipose_Visceral_Omentum,eCAVIAR,0.0273237,True,True,False
chr1:165768467:G:C,rs2790053,ENSG00000143183,TMCO1,eQTL,Cells_Cultured_fibroblasts,eCAVIAR,0.0272951,True,True,False
chr6:29839124:G:C,rs407238/rs115586772,ENSG00000204525,HLA-C,eQTL,Testis,eCAVIAR,0.0272194,True,True,False
chr4:7902636:G:A,rs938604,ENSG00000196526,AFAP1,eQTL,Colon_Transverse,eCAVIAR,0.0271362,True,True,False
chr12:106825530:G:A,rs1037013,ENSG00000111785,RIC8B,eQTL,Colon_Transverse,eCAVIAR,0.0271129,True,True,False
chr6:29839124:G:C,rs407238/rs115586772,ENSG00000204525,HLA-C,eQTL,Spleen,eCAVIAR,0.0270622,True,True,False
chr17:45948522:C:A,rs242559/rs114919114,ENSG00000267198,RP11-798G7.6,eQTL,Brain_Cerebellum,eCAVIAR,0.0270167,True,True,False
chr1:8435530:G:A,rs172531,ENSG00000142599,RERE,eQTL,Brain_Nucleus_accumbens_basal_ganglia,eCAVIAR,0.0269951,True,True,False
chr11:102194103:C:A,rs7120067,ENSG00000137693,YAP1,sQTL,Artery_Aorta,eCAVIAR,0.0269734,True,True,False
chr17:45948522:C:A,rs242559/rs114919114,ENSG00000120071,KANSL1,eQTL,Small_Intestine_Terminal_Ileum,eCAVIAR,0.0268821,True,True,False
chr6:29839124:G:C,rs407238/rs115586772,ENSG00000204525,HLA-C,sQTL,Artery_Aorta,eCAVIAR,0.0268498,True,True,False
chr1:165768467:G:C,rs2790053,ENSG00000224358,RP11-466F5.8,eQTL,Minor_Salivary_Gland,eCAVIAR,0.026758,True,True,False
chr1:165768467:G:C,rs2790053,ENSG00000143183,TMCO1,eQTL,Skin_Sun_Exposed_Lower_leg,eCAVIAR,0.0267072,True,True,False
chr1:37611020:C:T,rs10908363,ENSG00000204084,INPP5B,eQTL,Nerve_Tibial,eCAVIAR,0.0266933,True,True,False
chr9:104933258:C:T,rs2472494,ENSG00000226334,RP11-217B7.2,eQTL,Esophagus_Muscularis,eCAVIAR,0.0266629,True,True,False
chr6:29839124:G:C,rs407238/rs115586772,ENSG00000204525,HLA-C,eQTL,Testis,eCAVIAR,0.0266616,True,True,False
chr4:7902636:G:A,rs938604,ENSG00000196526,AFAP1,eQTL,Muscle_Skeletal,eCAVIAR,0.0265172,True,True,False
chr1:37611020:C:T,rs10908363,ENSG00000183431,SF3A3,eQTL,Liver,eCAVIAR,0.0263611,True,True,False
chr17:45948522:C:A,rs242559/rs114919114,ENSG00000185829,ARL17A,sQTL,Prostate,eCAVIAR,0.0262696,True,True,False
chr17:45948522:C:A,rs242559/rs114919114,ENSG00000263142,LRRC37A17P,eQTL,Esophagus_Mucosa,eCAVIAR,0.0262408,True,True,False
chr22:37780972:G:T,rs5750494,ENSG00000100106,TRIOBP,eQTL,Brain_Caudate_basal_ganglia,eCAVIAR,0.0262039,True,True,False
chr11:86657064:C:T,rs10792871,ENSG00000278989,RP11-762L8.6,eQTL,Adipose_Visceral_Omentum,eCAVIAR,0.0261617,True,True,False
chr1:37611020:C:T,rs10908363,ENSG00000204084,INPP5B,eQTL,Esophagus_Muscularis,eCAVIAR,0.0261266,True,True,False
chr22:19882624:C:T,rs8141610,ENSG00000184470,TXNRD2,eQTL,Small_Intestine_Terminal_Ileum,eCAVIAR,0.0260915,True,True,False
chr17:45948522:C:A,rs242559/rs114919114,ENSG00000186868,MAPT,eQTL,Brain_Cerebellum,eCAVIAR,0.026065,True,True,False
chr17:47617876:AT:A,rs1348518145,ENSG00000141295,SCRN2,eQTL,Nerve_Tibial,eCAVIAR,0.0260184,True,True,False
chr11:102194103:C:A,rs7120067,ENSG00000137693,YAP1,eQTL,Nerve_Tibial,eCAVIAR,0.0259966,True,True,False
chr2:71424809:T:A,rs12613800,ENSG00000135636,DYSF,eQTL,Adrenal_Gland,eCAVIAR,0.025989,True,True,False
chr11:16989629:C:A,rs4141194,ENSG00000272034,SNORD14A,eQTL,Nerve_Tibial,eCAVIAR,0.0259727,True,True,False
chr1:8435530:G:A,rs172531,ENSG00000142599,RERE,eQTL,Nerve_Tibial,eCAVIAR,0.02595,True,True,False
chr1:37611020:C:T,rs10908363,ENSG00000183431,SF3A3,eQTL,Skin_Not_Sun_Exposed_Suprapubic,eCAVIAR,0.0259306,True,True,False
chr1:37611020:C:T,rs10908363,ENSG00000183386,FHL3,sQTL,Muscle_Skeletal,eCAVIAR,0.0258176,True,True,False
chr1:8435530:G:A,rs172531,ENSG00000142599,RERE,sQTL,Cells_Cultured_fibroblasts,eCAVIAR,0.0257843,True,True,False
chr12:111494996:C:T,rs7137828,ENSG00000198270,TMEM116,eQTL,Colon_Sigmoid,eCAVIAR,0.0257843,True,True,False
chr15:73928957:C:T,rs1550437,ENSG00000261801,LOXL1-AS1,eQTL,Thyroid,eCAVIAR,0.0257729,True,True,False
chr15:73928957:C:T,rs1550437,ENSG00000261801,LOXL1-AS1,eQTL,Thyroid,eCAVIAR,0.0257729,True,True,False
chr15:73928957:C:T,rs1550437,ENSG00000261801,LOXL1-AS1,eQTL,Thyroid,eCAVIAR,0.0257729,True,True,False
chr1:8435530:G:A,rs172531,ENSG00000142599,RERE,eQTL,Brain_Anterior_cingulate_cortex_BA24,eCAVIAR,0.0257692,True,True,False
chr22:37780972:G:T,rs5750494,ENSG00000100116,GCAT,sQTL,Small_Intestine_Terminal_Ileum,eCAVIAR,0.025734,True,True,False
chr22:37780972:G:T,rs5750494,ENSG00000100116,GCAT,sQTL,Small_Intestine_Terminal_Ileum,eCAVIAR,0.025734,True,True,False
chr4:7902636:G:A,rs938604,ENSG00000196526,AFAP1,eQTL,Brain_Cerebellar_Hemisphere,eCAVIAR,0.0255819,True,True,False
chr17:45948522:C:A,rs242559/rs114919114,ENSG00000185829,ARL17A,sQTL,Adipose_Subcutaneous,eCAVIAR,0.0255181,True,True,False
chr17:45948522:C:A,rs242559/rs114919114,ENSG00000261575,RP11-259G18.1,eQTL,Brain_Hypothalamus,eCAVIAR,0.0255162,True,True,False
chr6:29839124:G:C,rs407238/rs115586772,ENSG00000204525,HLA-C,sQTL,Artery_Aorta,eCAVIAR,0.0254698,True,True,False
chr1:37611020:C:T,rs10908363,ENSG00000183386,FHL3,sQTL,Adipose_Visceral_Omentum,eCAVIAR,0.0254555,True,True,False
chr1:37611020:C:T,rs10908363,ENSG00000183431,SF3A3,eQTL,Colon_Sigmoid,eCAVIAR,0.0254007,True,True,False
chr11:16989629:C:A,rs4141194,ENSG00000272034,SNORD14A,eQTL,Adipose_Subcutaneous,eCAVIAR,0.0253705,True,True,False
chr1:8435530:G:A,rs172531,ENSG00000142599,RERE,sQTL,Cells_Cultured_fibroblasts,eCAVIAR,0.0253184,True,True,False
chr17:45948522:C:A,rs242559/rs114919114,ENSG00000186868,MAPT,sQTL,Breast_Mammary_Tissue,eCAVIAR,0.0252632,True,True,False
chr1:8435530:G:A,rs172531,ENSG00000142599,RERE,eQTL,Brain_Frontal_Cortex_BA9,eCAVIAR,0.0252386,True,True,False
chr6:29839124:G:C,rs407238/rs115586772,ENSG00000280128,XXbac-BPG283O16.9,eQTL,Pancreas,eCAVIAR,0.025218,True,True,False
chr22:37780972:G:T,rs5750494,ENSG00000100116,GCAT,eQTL,Cells_EBV-transformed_lymphocytes,eCAVIAR,0.0251211,True,True,False
chr12:106825530:G:A,rs1037013,ENSG00000151135,TMEM263,eQTL,Artery_Aorta,eCAVIAR,0.0250854,True,True,False
chr11:86657064:C:T,rs10792871,ENSG00000151376,ME3,sQTL,Pancreas,eCAVIAR,0.0250686,True,True,False
chr11:16989629:C:A,rs4141194,ENSG00000272034,SNORD14A,eQTL,Esophagus_Muscularis,eCAVIAR,0.0250618,True,True,False
chr9:22051671:G:C,rs944801,ENSG00000147889,CDKN2A,eQTL,Brain_Cortex,eCAVIAR,0.0250393,True,True,False
chr22:37780972:G:T,rs5750494,ENSG00000100106,TRIOBP,sQTL,Muscle_Skeletal,eCAVIAR,0.02502,True,True,False
chr22:37780972:G:T,rs5750494,ENSG00000100116,GCAT,sQTL,Lung,eCAVIAR,0.0249896,True,True,False
chr22:37780972:G:T,rs5750494,ENSG00000100106,TRIOBP,sQTL,Thyroid,eCAVIAR,0.0249676,True,True,False
chr1:37611020:C:T,rs10908363,ENSG00000183431,SF3A3,eQTL,Adipose_Visceral_Omentum,eCAVIAR,0.024909,True,True,False
chr4:7902636:G:A,rs938604,ENSG00000196526,AFAP1,eQTL,Muscle_Skeletal,eCAVIAR,0.0248985,True,True,False
chr6:29839124:G:C,rs407238/rs115586772,ENSG00000281831,HCP5B,eQTL,Brain_Hypothalamus,eCAVIAR,0.0248027,True,True,False
chr1:37611020:C:T,rs10908363,ENSG00000183386,FHL3,sQTL,Esophagus_Muscularis,eCAVIAR,0.0247698,True,True,False
chr22:19882624:C:T,rs8141610,ENSG00000184470,TXNRD2,eQTL,Brain_Hypothalamus,eCAVIAR,0.02474,True,True,False
chr1:37611020:C:T,rs10908363,ENSG00000183431,SF3A3,eQTL,Cells_Cultured_fibroblasts,eCAVIAR,0.0247388,True,True,False
chr22:37780972:G:T,rs5750494,ENSG00000100116,GCAT,sQTL,Esophagus_Muscularis,eCAVIAR,0.0247378,True,True,False
chr11:130412183:C:T,rs2875238,ENSG00000175773,RP11-121M22.1,eQTL,Testis,eCAVIAR,0.0246683,True,True,False
chr11:130412183:C:T,rs2875238,ENSG00000175773,RP11-121M22.1,sQTL,Testis,eCAVIAR,0.0246683,True,True,False
chr1:37611020:C:T,rs10908363,ENSG00000183431,SF3A3,eQTL,Vagina,eCAVIAR,0.0246477,True,True,False
chr11:47447887:G:A,rs7111873,ENSG00000165916,PSMC3,eQTL,Whole_Blood,eCAVIAR,0.0246406,True,True,False
chr11:130412183:C:T,rs2875238,ENSG00000175773,RP11-121M22.1,eQTL,Brain_Putamen_basal_ganglia,eCAVIAR,0.0246208,True,True,False
chr10:124590079:C:T,rs10430737,ENSG00000107902,LHPP,eQTL,Brain_Putamen_basal_ganglia,eCAVIAR,0.0246188,True,True,False
chr1:37611020:C:T,rs10908363,ENSG00000183431,SF3A3,eQTL,Artery_Coronary,eCAVIAR,0.0246166,True,True,False
chr17:47617876:AT:A,rs1348518145,ENSG00000141279,NPEPPS,eQTL,Esophagus_Muscularis,eCAVIAR,0.0245892,True,True,False
chr22:37780972:G:T,rs5750494,ENSG00000100106,TRIOBP,sQTL,Lung,eCAVIAR,0.0245673,True,True,False
chr22:19882624:C:T,rs8141610,ENSG00000232926,AC000078.5,eQTL,Brain_Frontal_Cortex_BA9,eCAVIAR,0.0245617,True,True,False
chr11:16989629:C:A,rs4141194,ENSG00000272034,SNORD14A,eQTL,Nerve_Tibial,eCAVIAR,0.0245591,True,True,False
chr11:16989629:C:A,rs4141194,ENSG00000272034,SNORD14A,eQTL,Nerve_Tibial,eCAVIAR,0.0245591,True,True,False
chr11:16989629:C:A,rs4141194,ENSG00000272034,SNORD14A,eQTL,Nerve_Tibial,eCAVIAR,0.0245591,True,True,False
chr11:130412183:C:T,rs2875238,ENSG00000175773,RP11-121M22.1,eQTL,Brain_Caudate_basal_ganglia,eCAVIAR,0.0245032,True,True,False
chr1:37611020:C:T,rs10908363,ENSG00000183431,SF3A3,eQTL,Whole_Blood,eCAVIAR,0.024479,True,True,False
chr6:29839124:G:C,rs407238/rs115586772,ENSG00000204525,HLA-C,eQTL,Testis,eCAVIAR,0.0244759,True,True,False
chr11:47447887:G:A,rs7111873,ENSG00000165916,PSMC3,eQTL,Adipose_Subcutaneous,eCAVIAR,0.024467,True,True,False
chr14:75905315:G:C,rs4903352,ENSG00000119685,TTLL5,eQTL,Vagina,eCAVIAR,0.0244336,True,True,False
chr11:130412183:C:T,rs2875238,ENSG00000175773,RP11-121M22.1,eQTL,Lung,eCAVIAR,0.0244024,True,True,False
chr22:37780972:G:T,rs5750494,ENSG00000100116,GCAT,eQTL,Adipose_Subcutaneous,eCAVIAR,0.0243563,True,True,False
chr15:73928957:C:T,rs1550437,ENSG00000129038,LOXL1,sQTL,Heart_Atrial_Appendage,eCAVIAR,0.0243296,True,True,False
chr10:124590079:C:T,rs10430737,ENSG00000107902,LHPP,eQTL,Brain_Cortex,eCAVIAR,0.0243097,True,True,False
chr11:120327384:G:A,rs1893261,ENSG00000181264,TMEM136,sQTL,Skin_Sun_Exposed_Lower_leg,eCAVIAR,0.0242885,True,True,False
chr11:120327384:G:A,rs1893261,ENSG00000181264,TMEM136,sQTL,Skin_Sun_Exposed_Lower_leg,eCAVIAR,0.0242885,True,True,False
chr6:29839124:G:C,rs407238/rs115586772,ENSG00000204632,HLA-G,eQTL,Ovary,eCAVIAR,0.02423,True,True,False
chr17:45948522:C:A,rs242559/rs114919114,ENSG00000204650,LINC02210,sQTL,Brain_Amygdala,eCAVIAR,0.0241837,True,True,False
chr17:45948522:C:A,rs242559/rs114919114,ENSG00000120088,CRHR1,sQTL,Brain_Amygdala,eCAVIAR,0.0241676,True,True,False
chr1:8435530:G:A,rs172531,ENSG00000142599,RERE,eQTL,Brain_Nucleus_accumbens_basal_ganglia,eCAVIAR,0.0241233,True,True,False
chr14:74618126:G:A,rs754458,ENSG00000119681,LTBP2,eQTL,Artery_Aorta,eCAVIAR,0.0240991,True,True,False
chr17:45948522:C:A,rs242559/rs114919114,ENSG00000263503,MAPK8IP1P2,eQTL,Brain_Hippocampus,eCAVIAR,0.0240878,True,True,False
chr1:8435530:G:A,rs172531,ENSG00000232912,RP5-1115A15.1,eQTL,Esophagus_Muscularis,eCAVIAR,0.0240482,True,True,False
chr1:165768467:G:C,rs2790053,ENSG00000143183,TMCO1,eQTL,Skin_Not_Sun_Exposed_Suprapubic,eCAVIAR,0.0240292,True,True,False
chr11:130412183:C:T,rs2875238,ENSG00000175773,RP11-121M22.1,eQTL,Brain_Nucleus_accumbens_basal_ganglia,eCAVIAR,0.0240134,True,True,False
chr11:16989629:C:A,rs4141194,ENSG00000272034,SNORD14A,eQTL,Adipose_Subcutaneous,eCAVIAR,0.0239897,True,True,False
chr11:16989629:C:A,rs4141194,ENSG00000272034,SNORD14A,eQTL,Adipose_Subcutaneous,eCAVIAR,0.0239897,True,True,False
chr11:16989629:C:A,rs4141194,ENSG00000272034,SNORD14A,eQTL,Adipose_Subcutaneous,eCAVIAR,0.0239897,True,True,False
chr17:45948522:C:A,rs242559/rs114919114,ENSG00000225190,PLEKHM1,sQTL,Adrenal_Gland,eCAVIAR,0.0239879,True,True,False
chr6:29839124:G:C,rs407238/rs115586772,ENSG00000137411,VARS2,eQTL,Whole_Blood,eCAVIAR,0.0239517,True,True,False
chr17:45948522:C:A,rs242559/rs114919114,ENSG00000186868,MAPT,sQTL,Brain_Caudate_basal_ganglia,eCAVIAR,0.0239111,True,True,False
chr6:29839124:G:C,rs407238/rs115586772,ENSG00000146112,PPP1R18,eQTL,Nerve_Tibial,eCAVIAR,0.023904,True,True,False
chr11:86657064:C:T,rs10792871,ENSG00000151376,ME3,sQTL,Pancreas,eCAVIAR,0.0238865,True,True,False
chr1:165768467:G:C,rs2790053,ENSG00000224358,RP11-466F5.8,eQTL,Cells_Cultured_fibroblasts,eCAVIAR,0.0238228,True,True,False
chr15:61655081:G:C,rs12438742,ENSG00000259616,RP11-507B12.2,eQTL,Vagina,eCAVIAR,0.02371,True,True,False
chr2:71424809:T:A,rs12613800,ENSG00000075292,ZNF638,eQTL,Cells_Cultured_fibroblasts,eCAVIAR,0.0236984,True,True,False
chr11:16989629:C:A,rs4141194,ENSG00000272034,SNORD14A,eQTL,Esophagus_Muscularis,eCAVIAR,0.0236978,True,True,False
chr11:16989629:C:A,rs4141194,ENSG00000272034,SNORD14A,eQTL,Esophagus_Muscularis,eCAVIAR,0.0236978,True,True,False
chr11:16989629:C:A,rs4141194,ENSG00000272034,SNORD14A,eQTL,Esophagus_Muscularis,eCAVIAR,0.0236978,True,True,False
chr1:37611020:C:T,rs10908363,ENSG00000183386,FHL3,sQTL,Colon_Sigmoid,eCAVIAR,0.0236629,True,True,False
chr22:37780972:G:T,rs5750494,ENSG00000100106,TRIOBP,eQTL,Brain_Hypothalamus,eCAVIAR,0.0235998,True,True,False
chr7:116522252:T:A,rs10257125,ENSG00000237813,AC002066.1,eQTL,Colon_Sigmoid,eCAVIAR,0.0235923,True,True,False
chr17:45948522:C:A,rs242559/rs114919114,ENSG00000261575,RP11-259G18.1,eQTL,Pancreas,eCAVIAR,0.0235702,True,True,False
chr6:134051012:G:C,rs2811688,ENSG00000227954,TARID,eQTL,Adipose_Visceral_Omentum,eCAVIAR,0.0234773,True,True,False
chr17:45948522:C:A,rs242559/rs114919114,ENSG00000267344,CTB-39G8.3,eQTL,Esophagus_Mucosa,eCAVIAR,0.0234418,True,True,False
chr1:165768467:G:C,rs2790053,ENSG00000143183,TMCO1,eQTL,Adipose_Subcutaneous,eCAVIAR,0.0234324,True,True,False
chr22:37780972:G:T,rs5750494,ENSG00000100106,TRIOBP,sQTL,Stomach,eCAVIAR,0.0233976,True,True,False
chr1:37611020:C:T,rs10908363,ENSG00000204084,INPP5B,eQTL,Artery_Coronary,eCAVIAR,0.0233036,True,True,False
chr1:165768467:G:C,rs2790053,ENSG00000224358,RP11-466F5.8,eQTL,Prostate,eCAVIAR,0.0232979,True,True,False
chr17:45948522:C:A,rs242559/rs114919114,ENSG00000232300,FAM215B,eQTL,Breast_Mammary_Tissue,eCAVIAR,0.0232747,True,True,False
chr1:165768467:G:C,rs2790053,ENSG00000224358,RP11-466F5.8,eQTL,Artery_Tibial,eCAVIAR,0.0232667,True,True,False
chr1:165768467:G:C,rs2790053,ENSG00000143183,TMCO1,eQTL,Artery_Tibial,eCAVIAR,0.0232215,True,True,False
chr17:45948522:C:A,rs242559/rs114919114,ENSG00000186868,MAPT,sQTL,Breast_Mammary_Tissue,eCAVIAR,0.0231879,True,True,False
chr17:45948522:C:A,rs242559/rs114919114,ENSG00000232300,FAM215B,eQTL,Skin_Sun_Exposed_Lower_leg,eCAVIAR,0.0231522,True,True,False
chr22:37780972:G:T,rs5750494,ENSG00000100106,TRIOBP,eQTL,Brain_Hippocampus,eCAVIAR,0.0231432,True,True,False
chr22:19882624:C:T,rs8141610,ENSG00000184470,TXNRD2,eQTL,Whole_Blood,eCAVIAR,0.0230926,True,True,False
chr1:8435530:G:A,rs172531,ENSG00000142599,RERE,eQTL,Cells_Cultured_fibroblasts,eCAVIAR,0.0229339,True,True,False
chr22:37780972:G:T,rs5750494,ENSG00000100116,GCAT,eQTL,Cells_Cultured_fibroblasts,eCAVIAR,0.0228942,True,True,False
chr17:45948522:C:A,rs242559/rs114919114,ENSG00000238083,LRRC37A2,eQTL,Brain_Substantia_nigra,eCAVIAR,0.0228788,True,True,False
chr1:37611020:C:T,rs10908363,ENSG00000183386,FHL3,sQTL,Muscle_Skeletal,eCAVIAR,0.0228605,True,True,False
chr1:8435530:G:A,rs172531,ENSG00000232912,RP5-1115A15.1,eQTL,Breast_Mammary_Tissue,eCAVIAR,0.0228338,True,True,False
chr14:74618126:G:A,rs754458,ENSG00000119681,LTBP2,eQTL,Whole_Blood,eCAVIAR,0.0226739,True,True,False
chr22:19882624:C:T,rs8141610,ENSG00000184470,TXNRD2,eQTL,Brain_Cortex,eCAVIAR,0.0225173,True,True,False
chr6:29839124:G:C,rs407238/rs115586772,ENSG00000272236,XXbac-BPG170G13.32,eQTL,Cells_EBV-transformed_lymphocytes,eCAVIAR,0.022452,True,True,False
chr1:8435530:G:A,rs172531,ENSG00000232912,RP5-1115A15.1,eQTL,Spleen,eCAVIAR,0.0224489,True,True,False
chr1:37611020:C:T,rs10908363,ENSG00000183386,FHL3,eQTL,Brain_Hypothalamus,eCAVIAR,0.0223684,True,True,False
chr1:37611020:C:T,rs10908363,ENSG00000116922,C1orf109,sQTL,Cells_Cultured_fibroblasts,eCAVIAR,0.0223612,True,True,False
chr1:37611020:C:T,rs10908363,ENSG00000116922,C1orf109,sQTL,Cells_Cultured_fibroblasts,eCAVIAR,0.0223612,True,True,False
chr17:45948522:C:A,rs242559/rs114919114,ENSG00000186868,MAPT,sQTL,Adipose_Visceral_Omentum,eCAVIAR,0.0223137,True,True,False
chr17:45948522:C:A,rs242559/rs114919114,ENSG00000204650,LINC02210,sQTL,Whole_Blood,eCAVIAR,0.0223066,True,True,False
chr17:45948522:C:A,rs242559/rs114919114,ENSG00000185829,ARL17A,sQTL,Pituitary,eCAVIAR,0.0222712,True,True,False
chr11:16989629:C:A,rs4141194,ENSG00000272034,SNORD14A,eQTL,Esophagus_Muscularis,eCAVIAR,0.0221702,True,True,False
chr17:45948522:C:A,rs242559/rs114919114,ENSG00000233175,CTD-2020K17.3,sQTL,Brain_Caudate_basal_ganglia,eCAVIAR,0.0221584,True,True,False
chr22:37780972:G:T,rs5750494,ENSG00000100116,GCAT,sQTL,Small_Intestine_Terminal_Ileum,eCAVIAR,0.0221388,True,True,False
chr22:37780972:G:T,rs5750494,ENSG00000100116,GCAT,sQTL,Small_Intestine_Terminal_Ileum,eCAVIAR,0.0221388,True,True,False
chr1:165768467:G:C,rs2790053,ENSG00000224358,RP11-466F5.8,eQTL,Retina,eCAVIAR,0.0221291,True,True,False
chr2:28143047:G:A,rs17006576,ENSG00000115216,NRBP1,eQTL,Esophagus_Mucosa,eCAVIAR,0.0220829,True,True,False
chr1:165768467:G:C,rs2790053,ENSG00000143183,TMCO1,sQTL,Cells_Cultured_fibroblasts,eCAVIAR,0.0220782,True,True,False
chr22:37780972:G:T,rs5750494,ENSG00000100106,TRIOBP,eQTL,Brain_Nucleus_accumbens_basal_ganglia,eCAVIAR,0.0220652,True,True,False
chr17:45948522:C:A,rs242559/rs114919114,ENSG00000186868,MAPT,sQTL,Vagina,eCAVIAR,0.0219667,True,True,False
chr17:45948522:C:A,rs242559/rs114919114,ENSG00000204650,LINC02210,sQTL,Spleen,eCAVIAR,0.0219349,True,True,False
chr17:45948522:C:A,rs242559/rs114919114,ENSG00000204650,LINC02210,sQTL,Spleen,eCAVIAR,0.0219349,True,True,False
chr17:45948522:C:A,rs242559/rs114919114,ENSG00000280022,RP11-707O23.1,eQTL,Artery_Coronary,eCAVIAR,0.0219217,True,True,False
chr1:37611020:C:T,rs10908363,ENSG00000183431,SF3A3,eQTL,Cells_Cultured_fibroblasts,eCAVIAR,0.0219052,True,True,False
chr1:37611020:C:T,rs10908363,ENSG00000183520,UTP11,eQTL,Adrenal_Gland,eCAVIAR,0.0218983,True,True,False
chr4:7902636:G:A,rs938604,ENSG00000196526,AFAP1,eQTL,Brain_Cerebellar_Hemisphere,eCAVIAR,0.0218888,True,True,False
chr1:165768467:G:C,rs2790053,ENSG00000224358,RP11-466F5.8,eQTL,Skin_Sun_Exposed_Lower_leg,eCAVIAR,0.0218592,True,True,False
chr17:45948522:C:A,rs242559/rs114919114,ENSG00000186868,MAPT,sQTL,Esophagus_Muscularis,eCAVIAR,0.0218527,True,True,False
chr17:45948522:C:A,rs242559/rs114919114,ENSG00000225190,PLEKHM1,eQTL,Whole_Blood,eCAVIAR,0.0217817,True,True,False
chr9:110549951:G:C,rs61751937,ENSG00000204193,TXNDC8,sQTL,Testis,eCAVIAR,0.0217284,True,True,False
chr7:35921527:C:T,rs6957752,ENSG00000122545,SEPT7,eQTL,Esophagus_Mucosa,eCAVIAR,0.0216785,True,True,False
chr17:45948522:C:A,rs242559/rs114919114,ENSG00000204650,LINC02210,sQTL,Brain_Substantia_nigra,eCAVIAR,0.0216447,True,True,False
chr17:45948522:C:A,rs242559/rs114919114,ENSG00000120088,CRHR1,sQTL,Brain_Substantia_nigra,eCAVIAR,0.0216302,True,True,False
chr22:37780972:G:T,rs5750494,ENSG00000100116,GCAT,eQTL,Cells_EBV-transformed_lymphocytes,eCAVIAR,0.0216115,True,True,False
chr17:45948522:C:A,rs242559/rs114919114,ENSG00000280022,RP11-707O23.1,eQTL,Brain_Hypothalamus,eCAVIAR,0.0215324,True,True,False
chr22:37780972:G:T,rs5750494,ENSG00000100106,TRIOBP,sQTL,Muscle_Skeletal,eCAVIAR,0.0215245,True,True,False
chr17:47617876:AT:A,rs1348518145,ENSG00000178852,EFCAB13,eQTL,Breast_Mammary_Tissue,eCAVIAR,0.021523,True,True,False
chr22:19882624:C:T,rs8141610,ENSG00000184470,TXNRD2,eQTL,Brain_Hippocampus,eCAVIAR,0.0215063,True,True,False
chr6:29839124:G:C,rs407238/rs115586772,ENSG00000206503,HLA-A,sQTL,Brain_Hippocampus,eCAVIAR,0.0214865,True,True,False
chr17:45948522:C:A,rs242559/rs114919114,ENSG00000204650,LINC02210,sQTL,Nerve_Tibial,eCAVIAR,0.0214807,True,True,False
chr22:37780972:G:T,rs5750494,ENSG00000100106,TRIOBP,sQTL,Thyroid,eCAVIAR,0.0214795,True,True,False
chr11:47447887:G:A,rs7111873,ENSG00000165916,PSMC3,eQTL,Retina,eCAVIAR,0.0214568,True,True,False
chr1:165768467:G:C,rs2790053,ENSG00000143183,TMCO1,eQTL,Nerve_Tibial,eCAVIAR,0.0214391,True,True,False
chr17:45948522:C:A,rs242559/rs114919114,ENSG00000265964,RP11-293E1.1,eQTL,Testis,eCAVIAR,0.0214076,True,True,False
chr21:25844528:T:A,rs13049669,ENSG00000154723,ATP5J,sQTL,Brain_Nucleus_accumbens_basal_ganglia,eCAVIAR,0.0213925,True,True,False
chr1:165768467:G:C,rs2790053,ENSG00000224358,RP11-466F5.8,eQTL,Esophagus_Mucosa,eCAVIAR,0.0213831,True,True,False
chr11:130412183:C:T,rs2875238,ENSG00000175773,RP11-121M22.1,eQTL,Skin_Not_Sun_Exposed_Suprapubic,eCAVIAR,0.0213537,True,True,False
chr1:165768467:G:C,rs2790053,ENSG00000224358,RP11-466F5.8,eQTL,Nerve_Tibial,eCAVIAR,0.0213378,True,True,False
chr4:7902636:G:A,rs938604,ENSG00000196526,AFAP1,eQTL,Colon_Transverse,eCAVIAR,0.0213278,True,True,False
chr1:8435530:G:A,rs172531,ENSG00000142599,RERE,eQTL,Skin_Not_Sun_Exposed_Suprapubic,eCAVIAR,0.0213247,True,True,False
chr22:37780972:G:T,rs5750494,ENSG00000100116,GCAT,sQTL,Esophagus_Muscularis,eCAVIAR,0.0212818,True,True,False
chr17:45948522:C:A,rs242559/rs114919114,ENSG00000176681,LRRC37A,sQTL,Testis,eCAVIAR,0.021165,True,True,False
chr21:25844528:T:A,rs13049669,ENSG00000154723,ATP5J,sQTL,Lung,eCAVIAR,0.0210916,True,True,False
chr1:165768467:G:C,rs2790053,ENSG00000224358,RP11-466F5.8,eQTL,Small_Intestine_Terminal_Ileum,eCAVIAR,0.0210793,True,True,False
chr2:71424809:T:A,rs12613800,ENSG00000075292,ZNF638,eQTL,Cells_Cultured_fibroblasts,eCAVIAR,0.0210523,True,True,False
chr6:29839124:G:C,rs407238/rs115586772,ENSG00000227262,HCG4B,eQTL,Esophagus_Gastroesophageal_Junction,eCAVIAR,0.0210375,True,True,False
chr17:45948522:C:A,rs242559/rs114919114,ENSG00000238083,LRRC37A2,sQTL,Minor_Salivary_Gland,eCAVIAR,0.0210227,True,True,False
chr1:165768467:G:C,rs2790053,ENSG00000224358,RP11-466F5.8,eQTL,Esophagus_Gastroesophageal_Junction,eCAVIAR,0.0209559,True,True,False
chr22:37780972:G:T,rs5750494,ENSG00000100116,GCAT,eQTL,Adipose_Subcutaneous,eCAVIAR,0.0209536,True,True,False
chr22:19882624:C:T,rs8141610,ENSG00000184470,TXNRD2,eQTL,Adrenal_Gland,eCAVIAR,0.0209207,True,True,False
chr22:19882624:C:T,rs8141610,ENSG00000184470,TXNRD2,eQTL,Esophagus_Muscularis,eCAVIAR,0.0209125,True,True,False
chr11:86657064:C:T,rs10792871,ENSG00000278989,RP11-762L8.6,eQTL,Adipose_Subcutaneous,eCAVIAR,0.0209057,True,True,False
chr22:37780972:G:T,rs5750494,ENSG00000100106,TRIOBP,eQTL,Brain_Spinal_cord_cervical_c-1,eCAVIAR,0.0208617,True,True,False
chr17:47617876:AT:A,rs1348518145,ENSG00000141279,NPEPPS,eQTL,Esophagus_Gastroesophageal_Junction,eCAVIAR,0.0208478,True,True,False
chr21:25844528:T:A,rs13049669,ENSG00000154723,ATP5J,sQTL,Skin_Sun_Exposed_Lower_leg,eCAVIAR,0.0207944,True,True,False
chr1:165768467:G:C,rs2790053,ENSG00000224358,RP11-466F5.8,eQTL,Artery_Aorta,eCAVIAR,0.0207852,True,True,False
chr17:45948522:C:A,rs242559/rs114919114,ENSG00000261575,RP11-259G18.1,eQTL,Heart_Left_Ventricle,eCAVIAR,0.0207337,True,True,False
chr17:45948522:C:A,rs242559/rs114919114,ENSG00000185829,ARL17A,sQTL,Nerve_Tibial,eCAVIAR,0.0207319,True,True,False
chr22:37780972:G:T,rs5750494,ENSG00000100106,TRIOBP,sQTL,Artery_Aorta,eCAVIAR,0.0207026,True,True,False
chr22:37780972:G:T,rs5750494,ENSG00000100106,TRIOBP,sQTL,Artery_Aorta,eCAVIAR,0.0207026,True,True,False
chr22:37780972:G:T,rs5750494,ENSG00000100106,TRIOBP,sQTL,Skin_Sun_Exposed_Lower_leg,eCAVIAR,0.0206932,True,True,False
chr1:8435530:G:A,rs172531,ENSG00000142599,RERE,eQTL,Pancreas,eCAVIAR,0.0206822,True,True,False
chr1:165768467:G:C,rs2790053,ENSG00000224358,RP11-466F5.8,eQTL,Ovary,eCAVIAR,0.0206814,True,True,False
chr5:56487851:G:A,rs112142644,ENSG00000248727,LINC01948,eQTL,Whole_Blood,eCAVIAR,0.0206406,True,True,False
chr17:45948522:C:A,rs242559/rs114919114,ENSG00000073969,NSF,eQTL,Testis,eCAVIAR,0.0205499,True,True,False
chr1:8435530:G:A,rs172531,ENSG00000142599,RERE,eQTL,Muscle_Skeletal,eCAVIAR,0.0205073,True,True,False
chr11:130412183:C:T,rs2875238,ENSG00000175773,RP11-121M22.1,eQTL,Brain_Cerebellum,eCAVIAR,0.0205008,True,True,False
chr22:19882624:C:T,rs8141610,ENSG00000184470,TXNRD2,eQTL,Thyroid,eCAVIAR,0.0203398,True,True,False
chr6:29839124:G:C,rs407238/rs115586772,ENSG00000214922,HLA-F-AS1,eQTL,Colon_Transverse,eCAVIAR,0.0203332,True,True,False
chr6:29839124:G:C,rs407238/rs115586772,ENSG00000204622,HLA-J,eQTL,Brain_Amygdala,eCAVIAR,0.020309,True,True,False
chr17:45948522:C:A,rs242559/rs114919114,ENSG00000238083,LRRC37A2,sQTL,Minor_Salivary_Gland,eCAVIAR,0.0201627,True,True,False
chr22:37780972:G:T,rs5750494,ENSG00000100106,TRIOBP,sQTL,Stomach,eCAVIAR,0.0201288,True,True,False
chr4:7902636:G:A,rs938604,ENSG00000196526,AFAP1,eQTL,Brain_Cerebellar_Hemisphere,eCAVIAR,0.0201062,True,True,False
chr22:37780972:G:T,rs5750494,ENSG00000100106,TRIOBP,eQTL,Nerve_Tibial,eCAVIAR,0.0200886,True,True,False
chr17:45948522:C:A,rs242559/rs114919114,ENSG00000214425,LRRC37A4P,sQTL,Testis,eCAVIAR,0.0200567,True,True,False
chr1:165768467:G:C,rs2790053,ENSG00000224358,RP11-466F5.8,eQTL,Retina,eCAVIAR,0.0200501,True,True,False
chr4:7902636:G:A,rs938604,ENSG00000196526,AFAP1,eQTL,Colon_Transverse,eCAVIAR,0.0200406,True,True,False
chr6:29839124:G:C,rs407238/rs115586772,ENSG00000231130,HLA-T,eQTL,Adipose_Visceral_Omentum,eCAVIAR,0.0200288,True,True,False
chr15:66733065:C:T,rs2439386,ENSG00000137834,SMAD6,sQTL,Artery_Tibial,eCAVIAR,0.0200063,True,True,False
chr17:45948522:C:A,rs242559/rs114919114,ENSG00000185829,ARL17A,eQTL,Small_Intestine_Terminal_Ileum,eCAVIAR,0.0199848,True,True,False
chr1:37611020:C:T,rs10908363,ENSG00000183386,FHL3,sQTL,Skin_Sun_Exposed_Lower_leg,eCAVIAR,0.0199802,True,True,False
chr22:37780972:G:T,rs5750494,ENSG00000100106,TRIOBP,eQTL,Brain_Hippocampus,eCAVIAR,0.0199099,True,True,False
chr17:45948522:C:A,rs242559/rs114919114,ENSG00000186868,MAPT,sQTL,Colon_Transverse,eCAVIAR,0.0198323,True,True,False
chr17:45948522:C:A,rs242559/rs114919114,ENSG00000238083,LRRC37A2,eQTL,Kidney_Cortex,eCAVIAR,0.0198266,True,True,False
chr21:25844528:T:A,rs13049669,ENSG00000154723,ATP5J,sQTL,Brain_Frontal_Cortex_BA9,eCAVIAR,0.0198078,True,True,False
chr1:165768467:G:C,rs2790053,ENSG00000224358,RP11-466F5.8,eQTL,Artery_Tibial,eCAVIAR,0.0197844,True,True,False
chr1:165768467:G:C,rs2790053,ENSG00000143183,TMCO1,eQTL,Artery_Tibial,eCAVIAR,0.0197459,True,True,False
chr2:71424809:T:A,rs12613800,ENSG00000075292,ZNF638,sQTL,Skin_Sun_Exposed_Lower_leg,eCAVIAR,0.0197234,True,True,False
chr2:71424809:T:A,rs12613800,ENSG00000075292,ZNF638,sQTL,Skin_Sun_Exposed_Lower_leg,eCAVIAR,0.0197234,True,True,False
chr22:37780972:G:T,rs5750494,ENSG00000100116,GCAT,eQTL,Cells_Cultured_fibroblasts,eCAVIAR,0.0196958,True,True,False
chr7:103984366:G:A,rs12667675,ENSG00000161036,LRWD1,eQTL,Esophagus_Muscularis,eCAVIAR,0.0196743,True,True,False
chr7:103984366:G:A,rs12667675,ENSG00000161036,LRWD1,eQTL,Esophagus_Muscularis,eCAVIAR,0.0196743,True,True,False
chr6:29839124:G:C,rs407238/rs115586772,ENSG00000204525,HLA-C,eQTL,Whole_Blood,eCAVIAR,0.0195105,True,True,False
chr17:45948522:C:A,rs242559/rs114919114,ENSG00000263142,LRRC37A17P,eQTL,Skin_Sun_Exposed_Lower_leg,eCAVIAR,0.0194186,True,True,False
chr15:73928957:C:T,rs1550437,ENSG00000129038,LOXL1,sQTL,Heart_Left_Ventricle,eCAVIAR,0.019392,True,True,False
chr1:37611020:C:T,rs10908363,ENSG00000204084,INPP5B,eQTL,Esophagus_Gastroesophageal_Junction,eCAVIAR,0.0192532,True,True,False
chr17:45948522:C:A,rs242559/rs114919114,ENSG00000225190,PLEKHM1,sQTL,Adipose_Visceral_Omentum,eCAVIAR,0.0192306,True,True,False
chr1:8435530:G:A,rs172531,ENSG00000142599,RERE,eQTL,Muscle_Skeletal,eCAVIAR,0.0192155,True,True,False
chr17:45948522:C:A,rs242559/rs114919114,ENSG00000225190,PLEKHM1,eQTL,Brain_Amygdala,eCAVIAR,0.0192002,True,True,False
chr17:45948522:C:A,rs242559/rs114919114,ENSG00000185829,ARL17A,eQTL,Brain_Anterior_cingulate_cortex_BA24,eCAVIAR,0.0191018,True,True,False
chr17:45948522:C:A,rs242559/rs114919114,ENSG00000264070,DND1P1,eQTL,Brain_Hippocampus,eCAVIAR,0.0190291,True,True,False
chr22:19882624:C:T,rs8141610,ENSG00000184470,TXNRD2,eQTL,Esophagus_Gastroesophageal_Junction,eCAVIAR,0.0190147,True,True,False
chr22:37780972:G:T,rs5750494,ENSG00000100106,TRIOBP,eQTL,Brain_Nucleus_accumbens_basal_ganglia,eCAVIAR,0.0189826,True,True,False
chr22:19882624:C:T,rs8141610,ENSG00000184470,TXNRD2,eQTL,Brain_Frontal_Cortex_BA9,eCAVIAR,0.0189376,True,True,False
chr2:28143047:G:A,rs17006576,ENSG00000115226,FNDC4,sQTL,Esophagus_Mucosa,eCAVIAR,0.0189115,True,True,False
chr10:93169359:C:T,rs10882167,ENSG00000095464,PDE6C,eQTL,Esophagus_Gastroesophageal_Junction,eCAVIAR,0.0188972,True,True,False
chr6:29839124:G:C,rs407238/rs115586772,ENSG00000230521,HCG4P7,eQTL,Ovary,eCAVIAR,0.0188457,True,True,False
chr4:7902636:G:A,rs938604,ENSG00000196526,AFAP1,eQTL,Muscle_Skeletal,eCAVIAR,0.0188397,True,True,False
chr21:25844528:T:A,rs13049669,ENSG00000154723,ATP5J,sQTL,Nerve_Tibial,eCAVIAR,0.0188143,True,True,False
chr1:165768467:G:C,rs2790053,ENSG00000143183,TMCO1,eQTL,Thyroid,eCAVIAR,0.0187173,True,True,False
chr17:45948522:C:A,rs242559/rs114919114,ENSG00000238083,LRRC37A2,sQTL,Pituitary,eCAVIAR,0.0186847,True,True,False
chr6:29839124:G:C,rs407238/rs115586772,ENSG00000204542,C6orf15,eQTL,Skin_Not_Sun_Exposed_Suprapubic,eCAVIAR,0.018652,True,True,False
chr6:29839124:G:C,rs407238/rs115586772,ENSG00000230521,HCG4P7,eQTL,Adrenal_Gland,eCAVIAR,0.0186197,True,True,False
chr17:45948522:C:A,rs242559/rs114919114,ENSG00000263142,LRRC37A17P,eQTL,Skin_Not_Sun_Exposed_Suprapubic,eCAVIAR,0.0186188,True,True,False
chr22:37780972:G:T,rs5750494,ENSG00000100106,TRIOBP,eQTL,Esophagus_Muscularis,eCAVIAR,0.0185963,True,True,False
chr17:45948522:C:A,rs242559/rs114919114,ENSG00000120088,CRHR1,sQTL,Brain_Putamen_basal_ganglia,eCAVIAR,0.0185871,True,True,False
chr17:45948522:C:A,rs242559/rs114919114,ENSG00000204650,LINC02210,sQTL,Brain_Putamen_basal_ganglia,eCAVIAR,0.0185871,True,True,False
chr22:37780972:G:T,rs5750494,ENSG00000100106,TRIOBP,sQTL,Prostate,eCAVIAR,0.018569,True,True,False
chr17:45948522:C:A,rs242559/rs114919114,ENSG00000204650,LINC02210,sQTL,Stomach,eCAVIAR,0.0185457,True,True,False
chr17:47617876:AT:A,rs1348518145,ENSG00000263293,THCAT158,eQTL,Whole_Blood,eCAVIAR,0.0185428,True,True,False
chr1:8435530:G:A,rs172531,ENSG00000142599,RERE,eQTL,Brain_Cortex,eCAVIAR,0.0185341,True,True,False
chr17:45948522:C:A,rs242559/rs114919114,ENSG00000261575,RP11-259G18.1,eQTL,Colon_Transverse,eCAVIAR,0.0185225,True,True,False
chr6:29839124:G:C,rs407238/rs115586772,ENSG00000204622,HLA-J,eQTL,Spleen,eCAVIAR,0.0184933,True,True,False
chr17:45948522:C:A,rs242559/rs114919114,ENSG00000232300,FAM215B,eQTL,Esophagus_Mucosa,eCAVIAR,0.0184748,True,True,False
chr6:29839124:G:C,rs407238/rs115586772,ENSG00000204622,HLA-J,eQTL,Small_Intestine_Terminal_Ileum,eCAVIAR,0.0184549,True,True,False
chr6:29839124:G:C,rs407238/rs115586772,ENSG00000204542,C6orf15,eQTL,Skin_Not_Sun_Exposed_Suprapubic,eCAVIAR,0.0184179,True,True,False
chr6:134051012:G:C,rs2811688,ENSG00000146411,SLC2A12,eQTL,Artery_Coronary,eCAVIAR,0.0183715,True,True,False
chr3:85123214:G:C,rs13101042,ENSG00000175161,CADM2,eQTL,Muscle_Skeletal,eCAVIAR,0.0183713,True,True,False
chr3:85123214:G:C,rs13101042,ENSG00000175161,CADM2,eQTL,Muscle_Skeletal,eCAVIAR,0.0183713,True,True,False
chr11:47447887:G:A,rs7111873,ENSG00000165916,PSMC3,eQTL,Retina,eCAVIAR,0.0183627,True,True,False
chr9:133255801:C:T,rs8176749,ENSG00000175164,ABO,eQTL,Nerve_Tibial,eCAVIAR,0.0183427,True,True,False
chr6:29839124:G:C,rs407238/rs115586772,ENSG00000243753,HLA-L,sQTL,Brain_Nucleus_accumbens_basal_ganglia,eCAVIAR,0.0183376,True,True,False
chr6:29839124:G:C,rs407238/rs115586772,ENSG00000204525,HLA-C,sQTL,Esophagus_Muscularis,eCAVIAR,0.0182174,True,True,False
chr22:19882624:C:T,rs8141610,ENSG00000184470,TXNRD2,sQTL,Heart_Left_Ventricle,eCAVIAR,0.0181709,True,True,False
chr1:37611020:C:T,rs10908363,ENSG00000183431,SF3A3,eQTL,Breast_Mammary_Tissue,eCAVIAR,0.0181648,True,True,False
chr2:71424809:T:A,rs12613800,ENSG00000281195,ZNF638-IT1,eQTL,Testis,eCAVIAR,0.018129,True,True,False
chr17:45948522:C:A,rs242559/rs114919114,ENSG00000186868,MAPT,sQTL,Esophagus_Gastroesophageal_Junction,eCAVIAR,0.0180343,True,True,False
chr1:8435530:G:A,rs172531,ENSG00000142599,RERE,eQTL,Brain_Caudate_basal_ganglia,eCAVIAR,0.0179738,True,True,False
chr17:45948522:C:A,rs242559/rs114919114,ENSG00000204650,LINC02210,sQTL,Brain_Nucleus_accumbens_basal_ganglia,eCAVIAR,0.0179681,True,True,False
chr17:45948522:C:A,rs242559/rs114919114,ENSG00000185829,ARL17A,eQTL,Esophagus_Mucosa,eCAVIAR,0.0179646,True,True,False
chr17:45948522:C:A,rs242559/rs114919114,ENSG00000120088,CRHR1,sQTL,Brain_Nucleus_accumbens_basal_ganglia,eCAVIAR,0.0179576,True,True,False
chr22:37780972:G:T,rs5750494,ENSG00000100106,TRIOBP,eQTL,Brain_Spinal_cord_cervical_c-1,eCAVIAR,0.0179473,True,True,False
chr6:29839124:G:C,rs407238/rs115586772,ENSG00000243753,HLA-L,sQTL,Vagina,eCAVIAR,0.0179219,True,True,False
chr17:47617876:AT:A,rs1348518145,ENSG00000141279,NPEPPS,eQTL,Adipose_Visceral_Omentum,eCAVIAR,0.0178521,True,True,False
chr22:37780972:G:T,rs5750494,ENSG00000100106,TRIOBP,sQTL,Artery_Aorta,eCAVIAR,0.0178103,True,True,False
chr22:37780972:G:T,rs5750494,ENSG00000100106,TRIOBP,sQTL,Artery_Aorta,eCAVIAR,0.0178103,True,True,False
chr22:37780972:G:T,rs5750494,ENSG00000100106,TRIOBP,sQTL,Skin_Sun_Exposed_Lower_leg,eCAVIAR,0.0178023,True,True,False
chr17:45948522:C:A,rs242559/rs114919114,ENSG00000280022,RP11-707O23.1,eQTL,Prostate,eCAVIAR,0.0176914,True,True,False
chr2:71424809:T:A,rs12613800,ENSG00000075292,ZNF638,eQTL,Artery_Coronary,eCAVIAR,0.0176845,True,True,False
chr1:37611020:C:T,rs10908363,ENSG00000183431,SF3A3,eQTL,Uterus,eCAVIAR,0.0176577,True,True,False
chr10:124590079:C:T,rs10430737,ENSG00000107902,LHPP,eQTL,Brain_Anterior_cingulate_cortex_BA24,eCAVIAR,0.0175683,True,True,False
chr2:71424809:T:A,rs12613800,ENSG00000075292,ZNF638,sQTL,Skin_Sun_Exposed_Lower_leg,eCAVIAR,0.0175211,True,True,False
chr2:71424809:T:A,rs12613800,ENSG00000075292,ZNF638,sQTL,Skin_Sun_Exposed_Lower_leg,eCAVIAR,0.0175211,True,True,False
chr11:120327384:G:A,rs1893261,ENSG00000181264,TMEM136,sQTL,Brain_Cerebellar_Hemisphere,eCAVIAR,0.0174744,True,True,False
chr11:120327384:G:A,rs1893261,ENSG00000181264,TMEM136,sQTL,Brain_Cerebellar_Hemisphere,eCAVIAR,0.0174744,True,True,False
chr9:22051671:G:C,rs944801,ENSG00000240498,CDKN2B-AS1,sQTL,Pituitary,eCAVIAR,0.0174435,True,True,False
chr9:22051671:G:C,rs944801,ENSG00000266446,RP11-149I2.4,sQTL,Pituitary,eCAVIAR,0.0174435,True,True,False
chr1:165768467:G:C,rs2790053,ENSG00000224358,RP11-466F5.8,eQTL,Retina,eCAVIAR,0.0174365,True,True,False
chr22:37780972:G:T,rs5750494,ENSG00000128310,GALR3,eQTL,Brain_Cerebellum,eCAVIAR,0.017423,True,True,False
chr22:37780972:G:T,rs5750494,ENSG00000100106,TRIOBP,sQTL,Nerve_Tibial,eCAVIAR,0.0173679,True,True,False
chr17:45948522:C:A,rs242559/rs114919114,ENSG00000120088,CRHR1,sQTL,Brain_Putamen_basal_ganglia,eCAVIAR,0.0173552,True,True,False
chr17:45948522:C:A,rs242559/rs114919114,ENSG00000204650,LINC02210,sQTL,Brain_Putamen_basal_ganglia,eCAVIAR,0.0173552,True,True,False
chr2:152508013:G:A,rs1579050,ENSG00000213197,AC012066.1,eQTL,Adipose_Subcutaneous,eCAVIAR,0.0173129,True,True,False
chr11:47447887:G:A,rs7111873,ENSG00000165916,PSMC3,eQTL,Nerve_Tibial,eCAVIAR,0.0172851,True,True,False
chr22:37780972:G:T,rs5750494,ENSG00000100106,TRIOBP,eQTL,Nerve_Tibial,eCAVIAR,0.0172821,True,True,False
chr11:16989629:C:A,rs4141194,ENSG00000272034,SNORD14A,eQTL,Adipose_Subcutaneous,eCAVIAR,0.0172435,True,True,False
chr6:29839124:G:C,rs407238/rs115586772,ENSG00000204622,HLA-J,eQTL,Artery_Coronary,eCAVIAR,0.0171374,True,True,False
chr7:83320213:G:T,rs7805468,ENSG00000170381,SEMA3E,eQTL,Heart_Atrial_Appendage,eCAVIAR,0.0171016,True,True,False
chr11:130412183:C:T,rs2875238,ENSG00000175773,RP11-121M22.1,eQTL,Nerve_Tibial,eCAVIAR,0.0170903,True,True,False
chr15:61655081:G:C,rs12438742,ENSG00000259616,RP11-507B12.2,eQTL,Nerve_Tibial,eCAVIAR,0.0170878,True,True,False
chr15:61655081:G:C,rs12438742,ENSG00000259616,RP11-507B12.2,eQTL,Heart_Atrial_Appendage,eCAVIAR,0.0170863,True,True,False
chr22:37780972:G:T,rs5750494,ENSG00000100116,GCAT,sQTL,Colon_Transverse,eCAVIAR,0.017081,True,True,False
chr22:37780972:G:T,rs5750494,ENSG00000100116,GCAT,eQTL,Breast_Mammary_Tissue,eCAVIAR,0.0170701,True,True,False
chr22:19882624:C:T,rs8141610,ENSG00000184470,TXNRD2,eQTL,Skin_Not_Sun_Exposed_Suprapubic,eCAVIAR,0.0170664,True,True,False
chr17:45948522:C:A,rs242559/rs114919114,ENSG00000266918,RP11-798G7.8,eQTL,Artery_Aorta,eCAVIAR,0.0170386,True,True,False
chr15:61655081:G:C,rs12438742,ENSG00000259530,RP11-259A24.1,eQTL,Artery_Tibial,eCAVIAR,0.0170241,True,True,False
chr17:45948522:C:A,rs242559/rs114919114,ENSG00000185829,ARL17A,eQTL,Liver,eCAVIAR,0.0169935,True,True,False
chr17:45948522:C:A,rs242559/rs114919114,ENSG00000186868,MAPT,sQTL,Heart_Left_Ventricle,eCAVIAR,0.0169528,True,True,False
chr15:73928957:C:T,rs1550437,ENSG00000261801,LOXL1-AS1,eQTL,Whole_Blood,eCAVIAR,0.0169501,True,True,False
chr6:29839124:G:C,rs407238/rs115586772,ENSG00000204542,C6orf15,eQTL,Skin_Not_Sun_Exposed_Suprapubic,eCAVIAR,0.0169412,True,True,False
chr17:45948522:C:A,rs242559/rs114919114,ENSG00000280022,RP11-707O23.1,eQTL,Colon_Sigmoid,eCAVIAR,0.0168922,True,True,False
chr1:165768467:G:C,rs2790053,ENSG00000224358,RP11-466F5.8,eQTL,Brain_Cerebellum,eCAVIAR,0.0168671,True,True,False
chr22:19882624:C:T,rs8141610,ENSG00000184470,TXNRD2,eQTL,Artery_Tibial,eCAVIAR,0.0168394,True,True,False
chr22:19882624:C:T,rs8141610,ENSG00000184470,TXNRD2,eQTL,Cells_Cultured_fibroblasts,eCAVIAR,0.0168333,True,True,False
chr17:45948522:C:A,rs242559/rs114919114,ENSG00000263503,MAPK8IP1P2,eQTL,Kidney_Cortex,eCAVIAR,0.0167828,True,True,False
chr6:29839124:G:C,rs407238/rs115586772,ENSG00000243753,HLA-L,sQTL,Brain_Substantia_nigra,eCAVIAR,0.0167762,True,True,False
chr22:37780972:G:T,rs5750494,ENSG00000100116,GCAT,sQTL,Brain_Substantia_nigra,eCAVIAR,0.0167752,True,True,False
chr17:45948522:C:A,rs242559/rs114919114,ENSG00000225190,PLEKHM1,sQTL,Esophagus_Gastroesophageal_Junction,eCAVIAR,0.0167665,True,True,False
chr1:165768467:G:C,rs2790053,ENSG00000224358,RP11-466F5.8,eQTL,Cells_EBV-transformed_lymphocytes,eCAVIAR,0.0166335,True,True,False
chr6:29839124:G:C,rs407238/rs115586772,ENSG00000281831,HCP5B,eQTL,Brain_Cortex,eCAVIAR,0.0166231,True,True,False
chr1:8435530:G:A,rs172531,ENSG00000142599,RERE,eQTL,Brain_Frontal_Cortex_BA9,eCAVIAR,0.0165399,True,True,False
chr17:45948522:C:A,rs242559/rs114919114,ENSG00000225190,PLEKHM1,sQTL,Skin_Not_Sun_Exposed_Suprapubic,eCAVIAR,0.0165215,True,True,False
chr22:37780972:G:T,rs5750494,ENSG00000100116,GCAT,sQTL,Adipose_Visceral_Omentum,eCAVIAR,0.0165153,True,True,False
chr1:8435530:G:A,rs172531,ENSG00000142599,RERE,eQTL,Skin_Not_Sun_Exposed_Suprapubic,eCAVIAR,0.0164765,True,True,False
chr22:19882624:C:T,rs8141610,ENSG00000184470,TXNRD2,eQTL,Pancreas,eCAVIAR,0.0164548,True,True,False
chr6:29839124:G:C,rs407238/rs115586772,ENSG00000204542,C6orf15,eQTL,Skin_Not_Sun_Exposed_Suprapubic,eCAVIAR,0.0164351,True,True,False
chr9:22051671:G:C,rs944801,ENSG00000240498,CDKN2B-AS1,sQTL,Pituitary,eCAVIAR,0.0164226,True,True,False
chr9:22051671:G:C,rs944801,ENSG00000266446,RP11-149I2.4,sQTL,Pituitary,eCAVIAR,0.0164226,True,True,False
chr5:56487851:G:A,rs112142644,ENSG00000248727,LINC01948,eQTL,Whole_Blood,eCAVIAR,0.0163962,True,True,False
chr6:29839124:G:C,rs407238/rs115586772,ENSG00000137312,FLOT1,sQTL,Esophagus_Mucosa,eCAVIAR,0.0163675,True,True,False
chr22:37780972:G:T,rs5750494,ENSG00000100106,TRIOBP,eQTL,Brain_Frontal_Cortex_BA9,eCAVIAR,0.0163385,True,True,False
chr17:45948522:C:A,rs242559/rs114919114,ENSG00000159314,ARHGAP27,sQTL,Skin_Not_Sun_Exposed_Suprapubic,eCAVIAR,0.0162847,True,True,False
chr17:45948522:C:A,rs242559/rs114919114,ENSG00000204650,LINC02210,sQTL,Colon_Transverse,eCAVIAR,0.0162752,True,True,False
chr17:45948522:C:A,rs242559/rs114919114,ENSG00000186868,MAPT,eQTL,Skin_Not_Sun_Exposed_Suprapubic,eCAVIAR,0.0162598,True,True,False
chr11:16989629:C:A,rs4141194,ENSG00000272034,SNORD14A,eQTL,Nerve_Tibial,eCAVIAR,0.0161548,True,True,False
chr22:19882624:C:T,rs8141610,ENSG00000215012,C22orf29,eQTL,Skin_Not_Sun_Exposed_Suprapubic,eCAVIAR,0.0161402,True,True,False
chr22:37780972:G:T,rs5750494,ENSG00000100116,GCAT,sQTL,Brain_Hypothalamus,eCAVIAR,0.0161398,True,True,False
chr4:7902636:G:A,rs938604,ENSG00000196526,AFAP1,eQTL,Muscle_Skeletal,eCAVIAR,0.0161337,True,True,False
chr17:45948522:C:A,rs242559/rs114919114,ENSG00000214401,KANSL1-AS1,eQTL,Vagina,eCAVIAR,0.0161282,True,True,False
chr1:37611020:C:T,rs10908363,ENSG00000183431,SF3A3,eQTL,Breast_Mammary_Tissue,eCAVIAR,0.0160815,True,True,False
chr17:45948522:C:A,rs242559/rs114919114,ENSG00000266918,RP11-798G7.8,eQTL,Artery_Coronary,eCAVIAR,0.016076,True,True,False
chr15:61655081:G:C,rs12438742,ENSG00000259616,RP11-507B12.2,eQTL,Adipose_Visceral_Omentum,eCAVIAR,0.0160049,True,True,False
chr22:19882624:C:T,rs8141610,ENSG00000184470,TXNRD2,eQTL,Brain_Cortex,eCAVIAR,0.0159827,True,True,False
chr22:37780972:G:T,rs5750494,ENSG00000100106,TRIOBP,sQTL,Prostate,eCAVIAR,0.0159748,True,True,False
chr17:45948522:C:A,rs242559/rs114919114,ENSG00000264589,MAPT-AS1,eQTL,Brain_Nucleus_accumbens_basal_ganglia,eCAVIAR,0.015896,True,True,False
chr6:134051012:G:C,rs2811688,ENSG00000146411,SLC2A12,eQTL,Artery_Coronary,eCAVIAR,0.0158745,True,True,False
chr17:45948522:C:A,rs242559/rs114919114,ENSG00000185829,ARL17A,sQTL,Pituitary,eCAVIAR,0.0157786,True,True,False
chr9:133255801:C:T,rs8176749,ENSG00000175164,ABO,eQTL,Brain_Anterior_cingulate_cortex_BA24,eCAVIAR,0.0157116,True,True,False
chr22:19882624:C:T,rs8141610,ENSG00000184470,TXNRD2,eQTL,Artery_Aorta,eCAVIAR,0.0157032,True,True,False
chr1:8435530:G:A,rs172531,ENSG00000142599,RERE,sQTL,Adipose_Subcutaneous,eCAVIAR,0.0156816,True,True,False
chr15:61655081:G:C,rs12438742,ENSG00000259675,RP11-507B12.1,eQTL,Artery_Tibial,eCAVIAR,0.0156793,True,True,False
chr17:45948522:C:A,rs242559/rs114919114,ENSG00000120071,KANSL1,sQTL,Heart_Left_Ventricle,eCAVIAR,0.0156665,True,True,False
chr11:47447887:G:A,rs7111873,ENSG00000149187,CELF1,sQTL,Esophagus_Mucosa,eCAVIAR,0.0156564,True,True,False
chr6:29839124:G:C,rs407238/rs115586772,ENSG00000243753,HLA-L,sQTL,Brain_Nucleus_accumbens_basal_ganglia,eCAVIAR,0.0156536,True,True,False
chr17:45948522:C:A,rs242559/rs114919114,ENSG00000204650,LINC02210,sQTL,Adipose_Subcutaneous,eCAVIAR,0.0156412,True,True,False
chr1:8435530:G:A,rs172531,ENSG00000142599,RERE,eQTL,Brain_Hippocampus,eCAVIAR,0.0156217,True,True,False
chr1:37611020:C:T,rs10908363,ENSG00000183386,FHL3,sQTL,Testis,eCAVIAR,0.0155904,True,True,False
chr6:158550234:G:A,rs13194719,ENSG00000146433,TMEM181,eQTL,Brain_Cerebellum,eCAVIAR,0.0155183,True,True,False
chr1:8435530:G:A,rs172531,ENSG00000232912,RP5-1115A15.1,eQTL,Esophagus_Muscularis,eCAVIAR,0.0155169,True,True,False
chr1:37611020:C:T,rs10908363,ENSG00000183386,FHL3,sQTL,Lung,eCAVIAR,0.0155014,True,True,False
chr17:45948522:C:A,rs242559/rs114919114,ENSG00000186868,MAPT,sQTL,Skin_Not_Sun_Exposed_Suprapubic,eCAVIAR,0.0154945,True,True,False
chr9:133255801:C:T,rs8176749,ENSG00000175164,ABO,eQTL,Ovary,eCAVIAR,0.0154767,True,True,False
chr15:61655081:G:C,rs12438742,ENSG00000259616,RP11-507B12.2,eQTL,Artery_Coronary,eCAVIAR,0.0154522,True,True,False
chr1:37611020:C:T,rs10908363,ENSG00000183431,SF3A3,eQTL,Colon_Sigmoid,eCAVIAR,0.0154518,True,True,False
chr22:19882624:C:T,rs8141610,ENSG00000184470,TXNRD2,eQTL,Thyroid,eCAVIAR,0.0154468,True,True,False
chr9:22051671:G:C,rs944801,ENSG00000147889,CDKN2A,eQTL,Brain_Cortex,eCAVIAR,0.0154402,True,True,False
chr1:165768467:G:C,rs2790053,ENSG00000224358,RP11-466F5.8,eQTL,Adipose_Subcutaneous,eCAVIAR,0.0154058,True,True,False
chr1:165768467:G:C,rs2790053,ENSG00000224358,RP11-466F5.8,eQTL,Muscle_Skeletal,eCAVIAR,0.0154046,True,True,False
chr1:165768467:G:C,rs2790053,ENSG00000224358,RP11-466F5.8,eQTL,Artery_Tibial,eCAVIAR,0.015331,True,True,False
chr1:165768467:G:C,rs2790053,ENSG00000143183,TMCO1,eQTL,Artery_Tibial,eCAVIAR,0.0153012,True,True,False
chr1:165768467:G:C,rs2790053,ENSG00000143183,TMCO1,eQTL,Brain_Cortex,eCAVIAR,0.0152958,True,True,False
chr1:8435530:G:A,rs172531,ENSG00000142599,RERE,eQTL,Pancreas,eCAVIAR,0.0152927,True,True,False
chr11:47447887:G:A,rs7111873,ENSG00000165916,PSMC3,eQTL,Brain_Cerebellum,eCAVIAR,0.0152682,True,True,False
chr2:71424809:T:A,rs12613800,ENSG00000135636,DYSF,eQTL,Testis,eCAVIAR,0.0152446,True,True,False
chr1:165768467:G:C,rs2790053,ENSG00000224358,RP11-466F5.8,eQTL,Uterus,eCAVIAR,0.015169,True,True,False
chr17:45948522:C:A,rs242559/rs114919114,ENSG00000186868,MAPT,sQTL,Brain_Nucleus_accumbens_basal_ganglia,eCAVIAR,0.0151496,True,True,False
chr1:53658200:G:T,rs941125,ENSG00000174332,GLIS1,eQTL,Skin_Sun_Exposed_Lower_leg,eCAVIAR,0.0151175,True,True,False
chr6:29839124:G:C,rs407238/rs115586772,ENSG00000204525,HLA-C,sQTL,Breast_Mammary_Tissue,eCAVIAR,0.0150889,True,True,False
chr1:165768467:G:C,rs2790053,ENSG00000224358,RP11-466F5.8,eQTL,Breast_Mammary_Tissue,eCAVIAR,0.015081,True,True,False
chr1:171636338:G:A,rs74315329,ENSG00000135845,PIGC,sQTL,Spleen,eCAVIAR,0.0150779,True,True,False
chr21:25844528:T:A,rs13049669,ENSG00000154723,ATP5J,sQTL,Testis,eCAVIAR,0.0150663,True,True,False
chr7:83320213:G:T,rs7805468,ENSG00000170381,SEMA3E,eQTL,Heart_Atrial_Appendage,eCAVIAR,0.0150506,True,True,False
chr7:83320213:G:T,rs7805468,ENSG00000170381,SEMA3E,eQTL,Heart_Atrial_Appendage,eCAVIAR,0.0150506,True,True,False
chr17:45948522:C:A,rs242559/rs114919114,ENSG00000185829,ARL17A,sQTL,Brain_Cerebellum,eCAVIAR,0.0150369,True,True,False
chr11:120327384:G:A,rs1893261,ENSG00000181264,TMEM136,sQTL,Artery_Aorta,eCAVIAR,0.0150117,True,True,False
chr11:120327384:G:A,rs1893261,ENSG00000181264,TMEM136,sQTL,Artery_Aorta,eCAVIAR,0.0150117,True,True,False
chr22:37780972:G:T,rs5750494,ENSG00000128310,GALR3,eQTL,Brain_Cerebellum,eCAVIAR,0.0149889,True,True,False
chr17:45948522:C:A,rs242559/rs114919114,ENSG00000185829,ARL17A,eQTL,Brain_Putamen_basal_ganglia,eCAVIAR,0.0149478,True,True,False
chr22:37780972:G:T,rs5750494,ENSG00000100106,TRIOBP,sQTL,Nerve_Tibial,eCAVIAR,0.0149415,True,True,False
chr22:37780972:G:T,rs5750494,ENSG00000100116,GCAT,sQTL,Brain_Putamen_basal_ganglia,eCAVIAR,0.0148869,True,True,False
chr6:29839124:G:C,rs407238/rs115586772,ENSG00000204622,HLA-J,eQTL,Brain_Hippocampus,eCAVIAR,0.0148754,True,True,False
chr17:47617876:AT:A,rs1348518145,ENSG00000178852,EFCAB13,eQTL,Vagina,eCAVIAR,0.0148717,True,True,False
chr1:8435530:G:A,rs172531,ENSG00000142599,RERE,eQTL,Muscle_Skeletal,eCAVIAR,0.0148469,True,True,False
chr1:165768467:G:C,rs2790053,ENSG00000224358,RP11-466F5.8,eQTL,Thyroid,eCAVIAR,0.0148399,True,True,False
chr21:25844528:T:A,rs13049669,ENSG00000154723,ATP5J,sQTL,Skin_Not_Sun_Exposed_Suprapubic,eCAVIAR,0.0148189,True,True,False
chr1:165768467:G:C,rs2790053,ENSG00000143183,TMCO1,sQTL,Adipose_Subcutaneous,eCAVIAR,0.0147848,True,True,False
chr6:134051012:G:C,rs2811688,ENSG00000028839,TBPL1,eQTL,Brain_Cerebellum,eCAVIAR,0.0147671,True,True,False
chr2:55705879:C:T,rs2627761,ENSG00000115380,EFEMP1,sQTL,Heart_Atrial_Appendage,eCAVIAR,0.0147475,True,True,False
chr22:37780972:G:T,rs5750494,ENSG00000100116,GCAT,sQTL,Artery_Coronary,eCAVIAR,0.0147078,True,True,False
chr22:37780972:G:T,rs5750494,ENSG00000100116,GCAT,eQTL,Breast_Mammary_Tissue,eCAVIAR,0.0146854,True,True,False
chr22:19882624:C:T,rs8141610,ENSG00000184470,TXNRD2,eQTL,Esophagus_Mucosa,eCAVIAR,0.0146844,True,True,False
chr22:37780972:G:T,rs5750494,ENSG00000100106,TRIOBP,eQTL,Ovary,eCAVIAR,0.0146558,True,True,False
chr22:37780972:G:T,rs5750494,ENSG00000100116,GCAT,sQTL,Small_Intestine_Terminal_Ileum,eCAVIAR,0.014644,True,True,False
chr22:37780972:G:T,rs5750494,ENSG00000100116,GCAT,sQTL,Small_Intestine_Terminal_Ileum,eCAVIAR,0.014644,True,True,False
chr6:29839124:G:C,rs407238/rs115586772,ENSG00000137411,VARS2,eQTL,Whole_Blood,eCAVIAR,0.0146206,True,True,False
chr9:133255801:C:T,rs8176749,ENSG00000175164,ABO,eQTL,Brain_Cortex,eCAVIAR,0.0146046,True,True,False
chr17:45948522:C:A,rs242559/rs114919114,ENSG00000264070,DND1P1,eQTL,Kidney_Cortex,eCAVIAR,0.0145961,True,True,False
chr17:45948522:C:A,rs242559/rs114919114,ENSG00000261575,RP11-259G18.1,eQTL,Brain_Spinal_cord_cervical_c-1,eCAVIAR,0.0145791,True,True,False
chr17:45948522:C:A,rs242559/rs114919114,ENSG00000280022,RP11-707O23.1,eQTL,Brain_Cortex,eCAVIAR,0.0145588,True,True,False
chr11:120327384:G:A,rs1893261,ENSG00000181264,TMEM136,sQTL,Breast_Mammary_Tissue,eCAVIAR,0.0145176,True,True,False
chr17:45948522:C:A,rs242559/rs114919114,ENSG00000185829,ARL17A,sQTL,Skin_Not_Sun_Exposed_Suprapubic,eCAVIAR,0.0145064,True,True,False
chr17:45948522:C:A,rs242559/rs114919114,ENSG00000225190,PLEKHM1,eQTL,Cells_Cultured_fibroblasts,eCAVIAR,0.014503,True,True,False
chr9:133255801:C:T,rs8176749,ENSG00000175164,ABO,eQTL,Lung,eCAVIAR,0.0145022,True,True,False
chr15:61655081:G:C,rs12438742,ENSG00000259616,RP11-507B12.2,eQTL,Cells_Cultured_fibroblasts,eCAVIAR,0.0144884,True,True,False
chr22:37780972:G:T,rs5750494,ENSG00000100116,GCAT,sQTL,Brain_Caudate_basal_ganglia,eCAVIAR,0.0144443,True,True,False
chr11:130412183:C:T,rs2875238,ENSG00000134917,ADAMTS8,eQTL,Artery_Aorta,eCAVIAR,0.014439,True,True,False
chr22:37780972:G:T,rs5750494,ENSG00000100116,GCAT,sQTL,Brain_Substantia_nigra,eCAVIAR,0.0144317,True,True,False
chr15:73928957:C:T,rs1550437,ENSG00000129038,LOXL1,sQTL,Heart_Atrial_Appendage,eCAVIAR,0.0144006,True,True,False
chr15:73928957:C:T,rs1550437,ENSG00000129038,LOXL1,sQTL,Heart_Atrial_Appendage,eCAVIAR,0.0144006,True,True,False
chr15:73928957:C:T,rs1550437,ENSG00000129038,LOXL1,sQTL,Heart_Atrial_Appendage,eCAVIAR,0.0144006,True,True,False
chr22:19882624:C:T,rs8141610,ENSG00000184470,TXNRD2,eQTL,Heart_Atrial_Appendage,eCAVIAR,0.0143837,True,True,False
chr6:29839124:G:C,rs407238/rs115586772,ENSG00000204622,HLA-J,eQTL,Artery_Coronary,eCAVIAR,0.0143406,True,True,False
chr1:165768467:G:C,rs2790053,ENSG00000143183,TMCO1,eQTL,Artery_Aorta,eCAVIAR,0.0142669,True,True,False
chr1:37611020:C:T,rs10908363,ENSG00000183431,SF3A3,eQTL,Breast_Mammary_Tissue,eCAVIAR,0.0142396,True,True,False
chr1:171636338:G:A,rs74315329,ENSG00000135845,PIGC,sQTL,Spleen,eCAVIAR,0.0142108,True,True,False
chr17:45948522:C:A,rs242559/rs114919114,ENSG00000185829,ARL17A,eQTL,Testis,eCAVIAR,0.0141689,True,True,False
chr6:29839124:G:C,rs407238/rs115586772,ENSG00000234127,TRIM26,eQTL,Testis,eCAVIAR,0.0141503,True,True,False
chr1:165768467:G:C,rs2790053,ENSG00000224358,RP11-466F5.8,eQTL,Cells_EBV-transformed_lymphocytes,eCAVIAR,0.0141439,True,True,False
chr1:171636338:G:A,rs74315329,ENSG00000135845,PIGC,sQTL,Brain_Cortex,eCAVIAR,0.0141283,True,True,False
chr6:29839124:G:C,rs407238/rs115586772,ENSG00000206341,HLA-H,eQTL,Minor_Salivary_Gland,eCAVIAR,0.0141026,True,True,False
chr6:29839124:G:C,rs407238/rs115586772,ENSG00000204525,HLA-C,sQTL,Breast_Mammary_Tissue,eCAVIAR,0.0140818,True,True,False
chr11:47447887:G:A,rs7111873,ENSG00000165917,RAPSN,eQTL,Skin_Not_Sun_Exposed_Suprapubic,eCAVIAR,0.0140669,True,True,False
chr22:37780972:G:T,rs5750494,ENSG00000100106,TRIOBP,eQTL,Brain_Frontal_Cortex_BA9,eCAVIAR,0.0140559,True,True,False
chr1:165768467:G:C,rs2790053,ENSG00000143183,TMCO1,sQTL,Muscle_Skeletal,eCAVIAR,0.014018,True,True,False
chr1:37611020:C:T,rs10908363,ENSG00000183386,FHL3,sQTL,Colon_Sigmoid,eCAVIAR,0.0139407,True,True,False
chr4:7902636:G:A,rs938604,ENSG00000196526,AFAP1,eQTL,Muscle_Skeletal,eCAVIAR,0.0139289,True,True,False
chr17:45948522:C:A,rs242559/rs114919114,ENSG00000225190,PLEKHM1,sQTL,Artery_Aorta,eCAVIAR,0.0138971,True,True,False
chr22:37780972:G:T,rs5750494,ENSG00000100116,GCAT,sQTL,Brain_Hypothalamus,eCAVIAR,0.013885,True,True,False
chr15:61655081:G:C,rs12438742,ENSG00000259616,RP11-507B12.2,eQTL,Skin_Sun_Exposed_Lower_leg,eCAVIAR,0.0138812,True,True,False
chr22:37780972:G:T,rs5750494,ENSG00000100116,GCAT,eQTL,Adipose_Visceral_Omentum,eCAVIAR,0.013829,True,True,False
chr3:150347493:C:T,rs11710845,ENSG00000196428,TSC22D2,eQTL,Esophagus_Mucosa,eCAVIAR,0.0138283,True,True,False
chr9:104933258:C:T,rs2472494,ENSG00000226334,RP11-217B7.2,eQTL,Testis,eCAVIAR,0.0138173,True,True,False
chr9:133255801:C:T,rs8176749,ENSG00000175164,ABO,eQTL,Brain_Frontal_Cortex_BA9,eCAVIAR,0.013809,True,True,False
chr1:165768467:G:C,rs2790053,ENSG00000224358,RP11-466F5.8,eQTL,Vagina,eCAVIAR,0.0138015,True,True,False
chr6:29839124:G:C,rs407238/rs115586772,ENSG00000176998,HCG4,eQTL,Brain_Substantia_nigra,eCAVIAR,0.0137392,True,True,False
chr6:29839124:G:C,rs407238/rs115586772,ENSG00000204632,HLA-G,eQTL,Cells_EBV-transformed_lymphocytes,eCAVIAR,0.0137171,True,True,False
chr17:45948522:C:A,rs242559/rs114919114,ENSG00000120088,CRHR1,eQTL,Thyroid,eCAVIAR,0.0137133,True,True,False
chr6:29839124:G:C,rs407238/rs115586772,ENSG00000204528,PSORS1C3,eQTL,Pancreas,eCAVIAR,0.0137024,True,True,False
chr6:29839124:G:C,rs407238/rs115586772,ENSG00000204528,PSORS1C3,eQTL,Pancreas,eCAVIAR,0.0137017,True,True,False
chr6:29839124:G:C,rs407238/rs115586772,ENSG00000137411,VARS2,eQTL,Whole_Blood,eCAVIAR,0.0136669,True,True,False
chr22:37780972:G:T,rs5750494,ENSG00000100106,TRIOBP,eQTL,Cells_Cultured_fibroblasts,eCAVIAR,0.0136439,True,True,False
chr17:45948522:C:A,rs242559/rs114919114,ENSG00000073969,NSF,eQTL,Artery_Aorta,eCAVIAR,0.0136413,True,True,False
chr11:47447887:G:A,rs7111873,ENSG00000149187,CELF1,eQTL,Whole_Blood,eCAVIAR,0.0136385,True,True,False
chr17:45948522:C:A,rs242559/rs114919114,ENSG00000232300,FAM215B,eQTL,Skin_Sun_Exposed_Lower_leg,eCAVIAR,0.0135998,True,True,False
chr17:45948522:C:A,rs242559/rs114919114,ENSG00000214425,LRRC37A4P,sQTL,Ovary,eCAVIAR,0.01356,True,True,False
chr17:45948522:C:A,rs242559/rs114919114,ENSG00000263503,MAPK8IP1P2,eQTL,Brain_Substantia_nigra,eCAVIAR,0.0135584,True,True,False
chr1:165768467:G:C,rs2790053,ENSG00000143183,TMCO1,eQTL,Cells_Cultured_fibroblasts,eCAVIAR,0.0135232,True,True,False
chr6:29839124:G:C,rs407238/rs115586772,ENSG00000204642,HLA-F,sQTL,Adipose_Visceral_Omentum,eCAVIAR,0.0135153,True,True,False
chr6:29839124:G:C,rs407238/rs115586772,ENSG00000204642,HLA-F,sQTL,Artery_Aorta,eCAVIAR,0.0135153,True,True,False
chr6:29839124:G:C,rs407238/rs115586772,ENSG00000204642,HLA-F,sQTL,Artery_Tibial,eCAVIAR,0.0135153,True,True,False
chr6:29839124:G:C,rs407238/rs115586772,ENSG00000204642,HLA-F,sQTL,Brain_Spinal_cord_cervical_c-1,eCAVIAR,0.0135153,True,True,False
chr6:29839124:G:C,rs407238/rs115586772,ENSG00000204642,HLA-F,sQTL,Breast_Mammary_Tissue,eCAVIAR,0.0135153,True,True,False
chr6:29839124:G:C,rs407238/rs115586772,ENSG00000204642,HLA-F,sQTL,Cells_EBV-transformed_lymphocytes,eCAVIAR,0.0135153,True,True,False
chr6:29839124:G:C,rs407238/rs115586772,ENSG00000204642,HLA-F,sQTL,Esophagus_Gastroesophageal_Junction,eCAVIAR,0.0135153,True,True,False
chr6:29839124:G:C,rs407238/rs115586772,ENSG00000204642,HLA-F,sQTL,Esophagus_Mucosa,eCAVIAR,0.0135153,True,True,False
chr6:29839124:G:C,rs407238/rs115586772,ENSG00000204642,HLA-F,sQTL,Esophagus_Muscularis,eCAVIAR,0.0135153,True,True,False
chr6:29839124:G:C,rs407238/rs115586772,ENSG00000204642,HLA-F,sQTL,Lung,eCAVIAR,0.0135153,True,True,False
chr6:29839124:G:C,rs407238/rs115586772,ENSG00000204642,HLA-F,sQTL,Muscle_Skeletal,eCAVIAR,0.0135153,True,True,False
chr6:29839124:G:C,rs407238/rs115586772,ENSG00000204642,HLA-F,sQTL,Nerve_Tibial,eCAVIAR,0.0135153,True,True,False
chr6:29839124:G:C,rs407238/rs115586772,ENSG00000204642,HLA-F,sQTL,Skin_Not_Sun_Exposed_Suprapubic,eCAVIAR,0.0135153,True,True,False
chr6:29839124:G:C,rs407238/rs115586772,ENSG00000204642,HLA-F,sQTL,Skin_Sun_Exposed_Lower_leg,eCAVIAR,0.0135153,True,True,False
chr6:29839124:G:C,rs407238/rs115586772,ENSG00000204642,HLA-F,sQTL,Stomach,eCAVIAR,0.0135153,True,True,False
chr6:29839124:G:C,rs407238/rs115586772,ENSG00000204642,HLA-F,sQTL,Thyroid,eCAVIAR,0.0135153,True,True,False
chr6:29839124:G:C,rs407238/rs115586772,ENSG00000204642,HLA-F,sQTL,Uterus,eCAVIAR,0.0135153,True,True,False
chr6:29839124:G:C,rs407238/rs115586772,ENSG00000204642,HLA-F,sQTL,Whole_Blood,eCAVIAR,0.0135153,True,True,False
chr6:29839124:G:C,rs407238/rs115586772,ENSG00000206341,HLA-H,sQTL,Lung,eCAVIAR,0.0135153,True,True,False
chr6:29839124:G:C,rs407238/rs115586772,ENSG00000206341,HLA-H,sQTL,Whole_Blood,eCAVIAR,0.0135153,True,True,False
chr6:29839124:G:C,rs407238/rs115586772,ENSG00000204642,HLA-F,sQTL,Brain_Hypothalamus,eCAVIAR,0.0135152,True,True,False
chr6:29839124:G:C,rs407238/rs115586772,ENSG00000204642,HLA-F,sQTL,Brain_Cortex,eCAVIAR,0.0135143,True,True,False
chr6:29839124:G:C,rs407238/rs115586772,ENSG00000204642,HLA-F,sQTL,Spleen,eCAVIAR,0.0135138,True,True,False
chr6:29839124:G:C,rs407238/rs115586772,ENSG00000206341,HLA-H,sQTL,Spleen,eCAVIAR,0.0135138,True,True,False
chr6:29839124:G:C,rs407238/rs115586772,ENSG00000204642,HLA-F,sQTL,Brain_Nucleus_accumbens_basal_ganglia,eCAVIAR,0.0135132,True,True,False
chr6:29839124:G:C,rs407238/rs115586772,ENSG00000204642,HLA-F,sQTL,Heart_Atrial_Appendage,eCAVIAR,0.0135077,True,True,False
chr6:29839124:G:C,rs407238/rs115586772,ENSG00000204642,HLA-F,sQTL,Pancreas,eCAVIAR,0.0135018,True,True,False
chr6:29839124:G:C,rs407238/rs115586772,ENSG00000206341,HLA-H,sQTL,Pancreas,eCAVIAR,0.0135018,True,True,False
chr22:19882624:C:T,rs8141610,ENSG00000184470,TXNRD2,eQTL,Heart_Left_Ventricle,eCAVIAR,0.0134968,True,True,False
chr1:171636338:G:A,rs74315329,ENSG00000135845,PIGC,sQTL,Brain_Cortex,eCAVIAR,0.0134807,True,True,False
chr22:37780972:G:T,rs5750494,ENSG00000100116,GCAT,sQTL,Brain_Amygdala,eCAVIAR,0.0134641,True,True,False
chr17:45948522:C:A,rs242559/rs114919114,ENSG00000185829,ARL17A,sQTL,Skin_Not_Sun_Exposed_Suprapubic,eCAVIAR,0.0134625,True,True,False
chr6:29839124:G:C,rs407238/rs115586772,ENSG00000204642,HLA-F,sQTL,Small_Intestine_Terminal_Ileum,eCAVIAR,0.0134623,True,True,False
chr6:29839124:G:C,rs407238/rs115586772,ENSG00000204642,HLA-F,sQTL,Adrenal_Gland,eCAVIAR,0.0134472,True,True,False
chr6:29839124:G:C,rs407238/rs115586772,ENSG00000204642,HLA-F,sQTL,Colon_Sigmoid,eCAVIAR,0.0134343,True,True,False
chr6:29839124:G:C,rs407238/rs115586772,ENSG00000204642,HLA-F,sQTL,Brain_Cerebellum,eCAVIAR,0.0133886,True,True,False
chr6:29839124:G:C,rs407238/rs115586772,ENSG00000204642,HLA-F,sQTL,Cells_Cultured_fibroblasts,eCAVIAR,0.0133642,True,True,False
chr6:170139691:G:A,rs2935057,ENSG00000273100,RP11-302L19.3,eQTL,Artery_Tibial,eCAVIAR,0.0133605,True,True,False
chr6:29839124:G:C,rs407238/rs115586772,ENSG00000204642,HLA-F,sQTL,Ovary,eCAVIAR,0.0133118,True,True,False
chr12:106825530:G:A,rs1037013,ENSG00000151135,TMEM263,eQTL,Artery_Aorta,eCAVIAR,0.0132733,True,True,False
chr21:25844528:T:A,rs13049669,ENSG00000154723,ATP5J,sQTL,Brain_Cortex,eCAVIAR,0.0132731,True,True,False
chr6:29839124:G:C,rs407238/rs115586772,ENSG00000204642,HLA-F,sQTL,Minor_Salivary_Gland,eCAVIAR,0.0132685,True,True,False
chr6:29839124:G:C,rs407238/rs115586772,ENSG00000206341,HLA-H,sQTL,Minor_Salivary_Gland,eCAVIAR,0.0132685,True,True,False
chr1:165768467:G:C,rs2790053,ENSG00000224358,RP11-466F5.8,eQTL,Minor_Salivary_Gland,eCAVIAR,0.0132571,True,True,False
chr6:29839124:G:C,rs407238/rs115586772,ENSG00000204632,HLA-G,sQTL,Esophagus_Gastroesophageal_Junction,eCAVIAR,0.0132449,True,True,False
chr6:29839124:G:C,rs407238/rs115586772,ENSG00000243753,HLA-L,sQTL,Esophagus_Gastroesophageal_Junction,eCAVIAR,0.0132449,True,True,False
chr6:29839124:G:C,rs407238/rs115586772,ENSG00000243753,HLA-L,sQTL,Esophagus_Gastroesophageal_Junction,eCAVIAR,0.0132449,True,True,False
chr1:165768467:G:C,rs2790053,ENSG00000143183,TMCO1,eQTL,Skin_Sun_Exposed_Lower_leg,eCAVIAR,0.0132319,True,True,False
chr6:29839124:G:C,rs407238/rs115586772,ENSG00000281831,HCP5B,eQTL,Brain_Cerebellar_Hemisphere,eCAVIAR,0.0131941,True,True,False
chr17:45948522:C:A,rs242559/rs114919114,ENSG00000267121,CTD-2020K17.1,eQTL,Brain_Cerebellum,eCAVIAR,0.0131935,True,True,False
chr6:29839124:G:C,rs407238/rs115586772,ENSG00000204642,HLA-F,sQTL,Liver,eCAVIAR,0.0131848,True,True,False
chr4:7902636:G:A,rs938604,ENSG00000196526,AFAP1,eQTL,Colon_Transverse,eCAVIAR,0.0131713,True,True,False
chr6:29839124:G:C,rs407238/rs115586772,ENSG00000235821,IFITM4P,eQTL,Whole_Blood,eCAVIAR,0.0131394,True,True,False
chr9:104933258:C:T,rs2472494,ENSG00000226334,RP11-217B7.2,eQTL,Colon_Transverse,eCAVIAR,0.0131338,True,True,False
chr22:37780972:G:T,rs5750494,ENSG00000100106,TRIOBP,eQTL,Brain_Putamen_basal_ganglia,eCAVIAR,0.0131177,True,True,False
chr21:25844528:T:A,rs13049669,ENSG00000154723,ATP5J,sQTL,Ovary,eCAVIAR,0.0131141,True,True,False
chr1:165768467:G:C,rs2790053,ENSG00000224358,RP11-466F5.8,eQTL,Adipose_Subcutaneous,eCAVIAR,0.0131,True,True,False
chr1:165768467:G:C,rs2790053,ENSG00000224358,RP11-466F5.8,eQTL,Muscle_Skeletal,eCAVIAR,0.013099,True,True,False
chr1:8435530:G:A,rs172531,ENSG00000142599,RERE,eQTL,Adipose_Visceral_Omentum,eCAVIAR,0.0130889,True,True,False
chr17:2298650:G:A,rs216197,ENSG00000141258,SGSM2,eQTL,Artery_Tibial,eCAVIAR,0.0130689,True,True,False
chr17:45948522:C:A,rs242559/rs114919114,ENSG00000225190,PLEKHM1,sQTL,Breast_Mammary_Tissue,eCAVIAR,0.0130215,True,True,False
chr1:37611020:C:T,rs10908363,ENSG00000183431,SF3A3,eQTL,Pancreas,eCAVIAR,0.0129748,True,True,False
chr6:29839124:G:C,rs407238/rs115586772,ENSG00000204642,HLA-F,sQTL,Artery_Coronary,eCAVIAR,0.012963,True,True,False
chr22:19882624:C:T,rs8141610,ENSG00000184470,TXNRD2,eQTL,Skin_Not_Sun_Exposed_Suprapubic,eCAVIAR,0.0129608,True,True,False
chr9:22051671:G:C,rs944801,ENSG00000147889,CDKN2A,eQTL,Brain_Cortex,eCAVIAR,0.0129523,True,True,False
chr1:165768467:G:C,rs2790053,ENSG00000143183,TMCO1,eQTL,Esophagus_Muscularis,eCAVIAR,0.0129408,True,True,False
chr17:45948522:C:A,rs242559/rs114919114,ENSG00000120071,KANSL1,eQTL,Brain_Cerebellum,eCAVIAR,0.0129164,True,True,False
chr1:165768467:G:C,rs2790053,ENSG00000224358,RP11-466F5.8,eQTL,Uterus,eCAVIAR,0.0128986,True,True,False
chr9:104933258:C:T,rs2472494,ENSG00000226334,RP11-217B7.2,eQTL,Brain_Nucleus_accumbens_basal_ganglia,eCAVIAR,0.0128844,True,True,False
chr1:165768467:G:C,rs2790053,ENSG00000224358,RP11-466F5.8,eQTL,Breast_Mammary_Tissue,eCAVIAR,0.0128238,True,True,False
chr22:37780972:G:T,rs5750494,ENSG00000100106,TRIOBP,sQTL,Adipose_Visceral_Omentum,eCAVIAR,0.0128192,True,True,False
chr22:37780972:G:T,rs5750494,ENSG00000100106,TRIOBP,eQTL,Brain_Anterior_cingulate_cortex_BA24,eCAVIAR,0.0128086,True,True,False
chr1:8435530:G:A,rs172531,ENSG00000142599,RERE,eQTL,Brain_Anterior_cingulate_cortex_BA24,eCAVIAR,0.012801,True,True,False
chr15:61655081:G:C,rs12438742,ENSG00000259284,RP11-162I7.1,eQTL,Uterus,eCAVIAR,0.0127912,True,True,False
chr11:120327384:G:A,rs1893261,ENSG00000181264,TMEM136,eQTL,Cells_Cultured_fibroblasts,eCAVIAR,0.0127869,True,True,False
chr11:120327384:G:A,rs1893261,ENSG00000181264,TMEM136,eQTL,Cells_Cultured_fibroblasts,eCAVIAR,0.0127869,True,True,False
chr1:165768467:G:C,rs2790053,ENSG00000224358,RP11-466F5.8,eQTL,Colon_Sigmoid,eCAVIAR,0.0127736,True,True,False
chr6:29839124:G:C,rs407238/rs115586772,ENSG00000204642,HLA-F,sQTL,Brain_Putamen_basal_ganglia,eCAVIAR,0.012725,True,True,False
chr6:29839124:G:C,rs407238/rs115586772,ENSG00000206341,HLA-H,sQTL,Brain_Putamen_basal_ganglia,eCAVIAR,0.012725,True,True,False
chr1:37611020:C:T,rs10908363,ENSG00000204084,INPP5B,eQTL,Adipose_Subcutaneous,eCAVIAR,0.012694,True,True,False
chr1:37611020:C:T,rs10908363,ENSG00000183520,UTP11,eQTL,Thyroid,eCAVIAR,0.0126857,True,True,False
chr1:37611020:C:T,rs10908363,ENSG00000183386,FHL3,sQTL,Stomach,eCAVIAR,0.0126682,True,True,False
chr22:19882624:C:T,rs8141610,ENSG00000184470,TXNRD2,eQTL,Stomach,eCAVIAR,0.0126634,True,True,False
chr22:19882624:C:T,rs8141610,ENSG00000184470,TXNRD2,eQTL,Brain_Nucleus_accumbens_basal_ganglia,eCAVIAR,0.0126432,True,True,False
chr1:165768467:G:C,rs2790053,ENSG00000224358,RP11-466F5.8,eQTL,Thyroid,eCAVIAR,0.0126188,True,True,False
chr17:45948522:C:A,rs242559/rs114919114,ENSG00000120071,KANSL1,eQTL,Small_Intestine_Terminal_Ileum,eCAVIAR,0.0126134,True,True,False
chr17:45948522:C:A,rs242559/rs114919114,ENSG00000225190,PLEKHM1,eQTL,Whole_Blood,eCAVIAR,0.012599,True,True,False
chr15:61655081:G:C,rs12438742,ENSG00000259530,RP11-259A24.1,eQTL,Cells_Cultured_fibroblasts,eCAVIAR,0.0125819,True,True,False
chr6:29839124:G:C,rs407238/rs115586772,ENSG00000204528,PSORS1C3,eQTL,Pancreas,eCAVIAR,0.0125379,True,True,False
chr22:19882624:C:T,rs8141610,ENSG00000184470,TXNRD2,eQTL,Pancreas,eCAVIAR,0.0124964,True,True,False
chr14:74618126:G:A,rs754458,ENSG00000119608,PROX2,eQTL,Adipose_Visceral_Omentum,eCAVIAR,0.0124815,True,True,False
chr4:7902636:G:A,rs938604,ENSG00000196526,AFAP1,eQTL,Brain_Cerebellar_Hemisphere,eCAVIAR,0.0124217,True,True,False
chr21:25844528:T:A,rs13049669,ENSG00000154723,ATP5J,sQTL,Brain_Nucleus_accumbens_basal_ganglia,eCAVIAR,0.0124167,True,True,False
chr1:36147354:C:A,rs4652902,ENSG00000171812,COL8A2,eQTL,Retina,eCAVIAR,0.0124027,True,True,False
chr1:37611020:C:T,rs10908363,ENSG00000183386,FHL3,sQTL,Stomach,eCAVIAR,0.0123953,True,True,False
chr1:37611020:C:T,rs10908363,ENSG00000204084,INPP5B,eQTL,Esophagus_Gastroesophageal_Junction,eCAVIAR,0.0123433,True,True,False
chr1:8435530:G:A,rs172531,ENSG00000232912,RP5-1115A15.1,eQTL,Thyroid,eCAVIAR,0.0123233,True,True,False
chr1:37611020:C:T,rs10908363,ENSG00000204084,INPP5B,eQTL,Spleen,eCAVIAR,0.0123187,True,True,False
chr1:37611020:C:T,rs10908363,ENSG00000204084,INPP5B,eQTL,Cells_EBV-transformed_lymphocytes,eCAVIAR,0.0123089,True,True,False
chr8:123542077:T:A,rs62521288,ENSG00000147689,FAM83A,eQTL,Whole_Blood,eCAVIAR,0.0123069,True,True,False
chr6:29839124:G:C,rs407238/rs115586772,ENSG00000281831,HCP5B,eQTL,Brain_Spinal_cord_cervical_c-1,eCAVIAR,0.0122866,True,True,False
chr1:37611020:C:T,rs10908363,ENSG00000204084,INPP5B,eQTL,Cells_EBV-transformed_lymphocytes,eCAVIAR,0.0122738,True,True,False
chr1:37611020:C:T,rs10908363,ENSG00000116922,C1orf109,sQTL,Cells_Cultured_fibroblasts,eCAVIAR,0.0122705,True,True,False
chr1:37611020:C:T,rs10908363,ENSG00000116922,C1orf109,sQTL,Cells_Cultured_fibroblasts,eCAVIAR,0.0122705,True,True,False
chr17:47617876:AT:A,rs1348518145,ENSG00000259207,ITGB3,sQTL,Adipose_Visceral_Omentum,eCAVIAR,0.0122666,True,True,False
chr11:47447887:G:A,rs7111873,ENSG00000165916,PSMC3,eQTL,Skin_Sun_Exposed_Lower_leg,eCAVIAR,0.0122605,True,True,False
chr9:22051671:G:C,rs944801,ENSG00000147889,CDKN2A,eQTL,Brain_Cortex,eCAVIAR,0.0122586,True,True,False
chr1:8435530:G:A,rs172531,ENSG00000232912,RP5-1115A15.1,eQTL,Spleen,eCAVIAR,0.0122403,True,True,False
chr6:29839124:G:C,rs407238/rs115586772,ENSG00000243753,HLA-L,sQTL,Brain_Cortex,eCAVIAR,0.0121834,True,True,False
chr1:165768467:G:C,rs2790053,ENSG00000143183,TMCO1,eQTL,Artery_Aorta,eCAVIAR,0.0121315,True,True,False
chr6:29839124:G:C,rs407238/rs115586772,ENSG00000204642,HLA-F,sQTL,Pituitary,eCAVIAR,0.0121262,True,True,False
chr17:10127866:G:A,rs9913911,ENSG00000007237,GAS7,eQTL,Artery_Tibial,eCAVIAR,0.0121142,True,True,False
chr1:37611020:C:T,rs10908363,ENSG00000204084,INPP5B,eQTL,Cells_EBV-transformed_lymphocytes,eCAVIAR,0.0121086,True,True,False
chr22:19882624:C:T,rs8141610,ENSG00000184470,TXNRD2,eQTL,Esophagus_Mucosa,eCAVIAR,0.0120985,True,True,False
chr17:45948522:C:A,rs242559/rs114919114,ENSG00000225190,PLEKHM1,eQTL,Brain_Frontal_Cortex_BA9,eCAVIAR,0.0120756,True,True,False
chr6:29839124:G:C,rs407238/rs115586772,ENSG00000204642,HLA-F,sQTL,Brain_Caudate_basal_ganglia,eCAVIAR,0.0120329,True,True,False
chr22:37780972:G:T,rs5750494,ENSG00000100106,TRIOBP,eQTL,Brain_Amygdala,eCAVIAR,0.0120305,True,True,False
chr22:37780972:G:T,rs5750494,ENSG00000100116,GCAT,eQTL,Skin_Not_Sun_Exposed_Suprapubic,eCAVIAR,0.0119901,True,True,False
chr17:45948522:C:A,rs242559/rs114919114,ENSG00000264589,MAPT-AS1,eQTL,Brain_Caudate_basal_ganglia,eCAVIAR,0.0119667,True,True,False
chr17:47617876:AT:A,rs1348518145,ENSG00000141279,NPEPPS,eQTL,Artery_Tibial,eCAVIAR,0.0119633,True,True,False
chr6:29839124:G:C,rs407238/rs115586772,ENSG00000204528,PSORS1C3,eQTL,Pancreas,eCAVIAR,0.0119584,True,True,False
chr1:37611020:C:T,rs10908363,ENSG00000183386,FHL3,eQTL,Artery_Coronary,eCAVIAR,0.0119536,True,True,False
chr17:45948522:C:A,rs242559/rs114919114,ENSG00000159314,ARHGAP27,sQTL,Brain_Cerebellum,eCAVIAR,0.0119508,True,True,False
chr4:7902636:G:A,rs938604,ENSG00000170801,HTRA3,eQTL,Skin_Sun_Exposed_Lower_leg,eCAVIAR,0.011943,True,True,False
chr1:37611020:C:T,rs10908363,ENSG00000204084,INPP5B,eQTL,Adipose_Subcutaneous,eCAVIAR,0.0119273,True,True,False
chr22:19882624:C:T,rs8141610,ENSG00000184470,TXNRD2,eQTL,Artery_Aorta,eCAVIAR,0.0119256,True,True,False
chr22:37780972:G:T,rs5750494,ENSG00000100116,GCAT,sQTL,Colon_Sigmoid,eCAVIAR,0.0119222,True,True,False
chr1:165768467:G:C,rs2790053,ENSG00000143183,TMCO1,eQTL,Skin_Not_Sun_Exposed_Suprapubic,eCAVIAR,0.0119051,True,True,False
chr1:37611020:C:T,rs10908363,ENSG00000204084,INPP5B,eQTL,Lung,eCAVIAR,0.0118809,True,True,False
chr15:61655081:G:C,rs12438742,ENSG00000259616,RP11-507B12.2,eQTL,Vagina,eCAVIAR,0.011869,True,True,False
chr9:133255801:C:T,rs8176749,ENSG00000175164,ABO,eQTL,Brain_Frontal_Cortex_BA9,eCAVIAR,0.0118327,True,True,False
chr6:29839124:G:C,rs407238/rs115586772,ENSG00000230521,HCG4P7,eQTL,Cells_EBV-transformed_lymphocytes,eCAVIAR,0.011805,True,True,False
chr1:165768467:G:C,rs2790053,ENSG00000224358,RP11-466F5.8,eQTL,Cells_Cultured_fibroblasts,eCAVIAR,0.0118029,True,True,False
chr1:37611020:C:T,rs10908363,ENSG00000204084,INPP5B,eQTL,Spleen,eCAVIAR,0.0117599,True,True,False
chr1:165768467:G:C,rs2790053,ENSG00000224358,RP11-466F5.8,eQTL,Vagina,eCAVIAR,0.0117358,True,True,False
chr6:29839124:G:C,rs407238/rs115586772,ENSG00000204642,HLA-F,sQTL,Brain_Amygdala,eCAVIAR,0.0117279,True,True,False
chr7:134835770:C:A,rs10237321,ENSG00000122786,CALD1,eQTL,Breast_Mammary_Tissue,eCAVIAR,0.011727,True,True,False
chr10:124590079:C:T,rs10430737,ENSG00000107902,LHPP,eQTL,Brain_Anterior_cingulate_cortex_BA24,eCAVIAR,0.011726,True,True,False
chr6:29839124:G:C,rs407238/rs115586772,ENSG00000204622,HLA-J,eQTL,Brain_Cerebellar_Hemisphere,eCAVIAR,0.011721,True,True,False
chr17:45948522:C:A,rs242559/rs114919114,ENSG00000159314,ARHGAP27,eQTL,Brain_Nucleus_accumbens_basal_ganglia,eCAVIAR,0.0116994,True,True,False
chr17:45948522:C:A,rs242559/rs114919114,ENSG00000185829,ARL17A,eQTL,Uterus,eCAVIAR,0.0116958,True,True,False
chr17:45948522:C:A,rs242559/rs114919114,ENSG00000185829,ARL17A,sQTL,Thyroid,eCAVIAR,0.0116492,True,True,False
chr6:29839124:G:C,rs407238/rs115586772,ENSG00000204622,HLA-J,eQTL,Brain_Frontal_Cortex_BA9,eCAVIAR,0.0116474,True,True,False
chr17:45948522:C:A,rs242559/rs114919114,ENSG00000265547,RP11-293E1.2,sQTL,Testis,eCAVIAR,0.0116354,True,True,False
chr6:29839124:G:C,rs407238/rs115586772,ENSG00000204642,HLA-F,sQTL,Brain_Frontal_Cortex_BA9,eCAVIAR,0.0116269,True,True,False
chr1:8435530:G:A,rs172531,ENSG00000232912,RP5-1115A15.1,eQTL,Adipose_Subcutaneous,eCAVIAR,0.0116225,True,True,False
chr15:61655081:G:C,rs12438742,ENSG00000259675,RP11-507B12.1,eQTL,Artery_Coronary,eCAVIAR,0.0116186,True,True,False
chr1:37611020:C:T,rs10908363,ENSG00000197982,C1orf122,eQTL,Whole_Blood,eCAVIAR,0.0116095,True,True,False
chr1:165768467:G:C,rs2790053,ENSG00000143183,TMCO1,eQTL,Adipose_Subcutaneous,eCAVIAR,0.0116094,True,True,False
chr1:37611020:C:T,rs10908363,ENSG00000197982,C1orf122,eQTL,Whole_Blood,eCAVIAR,0.0115886,True,True,False
chr1:165768467:G:C,rs2790053,ENSG00000224358,RP11-466F5.8,eQTL,Prostate,eCAVIAR,0.0115428,True,True,False
chr2:28143047:G:A,rs17006576,ENSG00000115226,FNDC4,sQTL,Brain_Caudate_basal_ganglia,eCAVIAR,0.0115179,True,True,False
chr1:165768467:G:C,rs2790053,ENSG00000143183,TMCO1,eQTL,Cells_Cultured_fibroblasts,eCAVIAR,0.0114992,True,True,False
chr1:37611020:C:T,rs10908363,ENSG00000183431,SF3A3,eQTL,Pancreas,eCAVIAR,0.0114868,True,True,False
chr1:8435530:G:A,rs172531,ENSG00000142599,RERE,eQTL,Brain_Nucleus_accumbens_basal_ganglia,eCAVIAR,0.0114691,True,True,False
chr1:37611020:C:T,rs10908363,ENSG00000204084,INPP5B,eQTL,Stomach,eCAVIAR,0.0114436,True,True,False
chr17:45948522:C:A,rs242559/rs114919114,ENSG00000225190,PLEKHM1,eQTL,Cells_Cultured_fibroblasts,eCAVIAR,0.0114236,True,True,False
chr17:45948522:C:A,rs242559/rs114919114,ENSG00000159314,ARHGAP27,sQTL,Nerve_Tibial,eCAVIAR,0.0114197,True,True,False
chr17:45948522:C:A,rs242559/rs114919114,ENSG00000261575,RP11-259G18.1,eQTL,Heart_Atrial_Appendage,eCAVIAR,0.0113931,True,True,False
chr1:37611020:C:T,rs10908363,ENSG00000183386,FHL3,sQTL,Skin_Sun_Exposed_Lower_leg,eCAVIAR,0.011383,True,True,False
chr17:45948522:C:A,rs242559/rs114919114,ENSG00000214425,LRRC37A4P,sQTL,Adrenal_Gland,eCAVIAR,0.0113532,True,True,False
chr7:116522252:T:A,rs10257125,ENSG00000105971,CAV2,eQTL,Skin_Sun_Exposed_Lower_leg,eCAVIAR,0.0113137,True,True,False
chr1:37611020:C:T,rs10908363,ENSG00000204084,INPP5B,eQTL,Stomach,eCAVIAR,0.0112911,True,True,False
chr22:37780972:G:T,rs5750494,ENSG00000100106,TRIOBP,eQTL,Brain_Putamen_basal_ganglia,eCAVIAR,0.0112851,True,True,False
chr11:130412183:C:T,rs2875238,ENSG00000175773,RP11-121M22.1,eQTL,Brain_Cerebellum,eCAVIAR,0.0112824,True,True,False
chr1:165768467:G:C,rs2790053,ENSG00000224358,RP11-466F5.8,eQTL,Minor_Salivary_Gland,eCAVIAR,0.0112729,True,True,False
chr22:37780972:G:T,rs5750494,ENSG00000100116,GCAT,eQTL,Skin_Sun_Exposed_Lower_leg,eCAVIAR,0.0112526,True,True,False
chr1:165768467:G:C,rs2790053,ENSG00000143183,TMCO1,eQTL,Skin_Sun_Exposed_Lower_leg,eCAVIAR,0.0112515,True,True,False
chr11:120327384:G:A,rs1893261,ENSG00000181264,TMEM136,sQTL,Ovary,eCAVIAR,0.0112333,True,True,False
chr1:37611020:C:T,rs10908363,ENSG00000183520,UTP11,eQTL,Thyroid,eCAVIAR,0.0112308,True,True,False
chr22:19882624:C:T,rs8141610,ENSG00000215012,C22orf29,eQTL,Skin_Not_Sun_Exposed_Suprapubic,eCAVIAR,0.0112177,True,True,False
chr1:37611020:C:T,rs10908363,ENSG00000183386,FHL3,sQTL,Stomach,eCAVIAR,0.0112153,True,True,False
chr17:45948522:C:A,rs242559/rs114919114,ENSG00000214425,LRRC37A4P,sQTL,Artery_Aorta,eCAVIAR,0.0111944,True,True,False
chr11:16989629:C:A,rs4141194,ENSG00000272034,SNORD14A,eQTL,Esophagus_Muscularis,eCAVIAR,0.0111855,True,True,False
chr17:45948522:C:A,rs242559/rs114919114,ENSG00000280022,RP11-707O23.1,eQTL,Stomach,eCAVIAR,0.0111801,True,True,False
chr17:47617876:AT:A,rs1348518145,ENSG00000141295,SCRN2,eQTL,Skin_Sun_Exposed_Lower_leg,eCAVIAR,0.011179,True,True,False
chr1:8435530:G:A,rs172531,ENSG00000142599,RERE,eQTL,Lung,eCAVIAR,0.0111729,True,True,False
chr17:45948522:C:A,rs242559/rs114919114,ENSG00000225190,PLEKHM1,sQTL,Colon_Transverse,eCAVIAR,0.0111715,True,True,False
chr22:37780972:G:T,rs5750494,ENSG00000100106,TRIOBP,sQTL,Testis,eCAVIAR,0.0111359,True,True,False
chr22:19882624:C:T,rs8141610,ENSG00000184470,TXNRD2,eQTL,Spleen,eCAVIAR,0.0111136,True,True,False
chr9:133255801:C:T,rs8176749,ENSG00000175164,ABO,eQTL,Brain_Cortex,eCAVIAR,0.0111114,True,True,False
chr6:29839124:G:C,rs407238/rs115586772,ENSG00000204642,HLA-F,sQTL,Brain_Cerebellar_Hemisphere,eCAVIAR,0.0111048,True,True,False
chr11:65569780:T:A,rs1346,ENSG00000254614,AP003068.23,eQTL,Esophagus_Gastroesophageal_Junction,eCAVIAR,0.0110823,True,True,False
chr22:37780972:G:T,rs5750494,ENSG00000100106,TRIOBP,eQTL,Testis,eCAVIAR,0.0110646,True,True,False
chr4:7902636:G:A,rs938604,ENSG00000196526,AFAP1,eQTL,Colon_Transverse,eCAVIAR,0.0110455,True,True,False
chr22:37780972:G:T,rs5750494,ENSG00000100106,TRIOBP,sQTL,Adipose_Visceral_Omentum,eCAVIAR,0.0110283,True,True,False
chr11:120327384:G:A,rs1893261,ENSG00000181264,TMEM136,eQTL,Artery_Aorta,eCAVIAR,0.0110277,True,True,False
chr22:37780972:G:T,rs5750494,ENSG00000100106,TRIOBP,eQTL,Brain_Anterior_cingulate_cortex_BA24,eCAVIAR,0.0110192,True,True,False
chr17:45948522:C:A,rs242559/rs114919114,ENSG00000264070,DND1P1,eQTL,Vagina,eCAVIAR,0.0109776,True,True,False
chr1:165768467:G:C,rs2790053,ENSG00000224358,RP11-466F5.8,eQTL,Cells_EBV-transformed_lymphocytes,eCAVIAR,0.0109602,True,True,False
chr1:37611020:C:T,rs10908363,ENSG00000204084,INPP5B,eQTL,Cells_EBV-transformed_lymphocytes,eCAVIAR,0.0109495,True,True,False
chr1:165768467:G:C,rs2790053,ENSG00000143183,TMCO1,sQTL,Cells_Cultured_fibroblasts,eCAVIAR,0.0109385,True,True,False
chr6:29839124:G:C,rs407238/rs115586772,ENSG00000230521,HCG4P7,eQTL,Vagina,eCAVIAR,0.010937,True,True,False
chr17:45948522:C:A,rs242559/rs114919114,ENSG00000225190,PLEKHM1,sQTL,Lung,eCAVIAR,0.0109276,True,True,False
chr11:47447887:G:A,rs7111873,ENSG00000165916,PSMC3,eQTL,Brain_Putamen_basal_ganglia,eCAVIAR,0.0108943,True,True,False
chr1:165768467:G:C,rs2790053,ENSG00000224358,RP11-466F5.8,eQTL,Skin_Sun_Exposed_Lower_leg,eCAVIAR,0.01083,True,True,False
chr1:112699500:G:T,rs1106287,ENSG00000155363,MOV10,eQTL,Lung,eCAVIAR,0.0107756,True,True,False
chr7:35921527:C:T,rs6957752,ENSG00000122545,SEPT7,eQTL,Artery_Tibial,eCAVIAR,0.0107731,True,True,False
chr6:158550234:G:A,rs13194719,ENSG00000146433,TMEM181,eQTL,Brain_Cerebellum,eCAVIAR,0.0107686,True,True,False
chr1:37611020:C:T,rs10908363,ENSG00000183386,FHL3,sQTL,Artery_Coronary,eCAVIAR,0.0107313,True,True,False
chr22:37780972:G:T,rs5750494,ENSG00000100106,TRIOBP,sQTL,Nerve_Tibial,eCAVIAR,0.0107297,True,True,False
chr6:29839124:G:C,rs407238/rs115586772,ENSG00000137411,VARS2,eQTL,Nerve_Tibial,eCAVIAR,0.0107175,True,True,False
chr1:165768467:G:C,rs2790053,ENSG00000224358,RP11-466F5.8,eQTL,Pituitary,eCAVIAR,0.0106584,True,True,False
chr6:29839124:G:C,rs407238/rs115586772,ENSG00000204632,HLA-G,eQTL,Lung,eCAVIAR,0.0106536,True,True,False
chr1:165768467:G:C,rs2790053,ENSG00000143183,TMCO1,eQTL,Nerve_Tibial,eCAVIAR,0.0106219,True,True,False
chr1:165768467:G:C,rs2790053,ENSG00000224358,RP11-466F5.8,eQTL,Esophagus_Mucosa,eCAVIAR,0.0105941,True,True,False
chr1:37611020:C:T,rs10908363,ENSG00000183386,FHL3,eQTL,Artery_Coronary,eCAVIAR,0.0105827,True,True,False
chr11:120327384:G:A,rs1893261,ENSG00000181264,TMEM136,sQTL,Brain_Cerebellar_Hemisphere,eCAVIAR,0.0105772,True,True,False
chr1:165768467:G:C,rs2790053,ENSG00000224358,RP11-466F5.8,eQTL,Nerve_Tibial,eCAVIAR,0.0105717,True,True,False
chr22:37780972:G:T,rs5750494,ENSG00000189060,H1F0,eQTL,Esophagus_Mucosa,eCAVIAR,0.0105589,True,True,False
chr6:29839124:G:C,rs407238/rs115586772,ENSG00000146112,PPP1R18,eQTL,Nerve_Tibial,eCAVIAR,0.0105444,True,True,False
chr1:37611020:C:T,rs10908363,ENSG00000183431,SF3A3,eQTL,Colon_Sigmoid,eCAVIAR,0.0105261,True,True,False
chr4:7902636:G:A,rs938604,ENSG00000170801,HTRA3,eQTL,Skin_Sun_Exposed_Lower_leg,eCAVIAR,0.0104981,True,True,False
chr1:165768467:G:C,rs2790053,ENSG00000224358,RP11-466F5.8,eQTL,Small_Intestine_Terminal_Ileum,eCAVIAR,0.0104436,True,True,False
chr9:133255801:C:T,rs8176749,ENSG00000175164,ABO,eQTL,Ovary,eCAVIAR,0.010434,True,True,False
chr9:104933258:C:T,rs2472494,ENSG00000226334,RP11-217B7.2,eQTL,Brain_Spinal_cord_cervical_c-1,eCAVIAR,0.0104243,True,True,False
chr1:100629646:G:A,rs12566440,ENSG00000162692,VCAM1,eQTL,Esophagus_Mucosa,eCAVIAR,0.0104058,True,True,False
chr1:8435530:G:A,rs172531,ENSG00000142599,RERE,eQTL,Cells_Cultured_fibroblasts,eCAVIAR,0.0104044,True,True,False
chr1:165768467:G:C,rs2790053,ENSG00000224358,RP11-466F5.8,eQTL,Esophagus_Gastroesophageal_Junction,eCAVIAR,0.0103825,True,True,False
chr17:45948522:C:A,rs242559/rs114919114,ENSG00000214425,LRRC37A4P,sQTL,Artery_Tibial,eCAVIAR,0.0103793,True,True,False
chr11:102194103:C:A,rs7120067,ENSG00000137693,YAP1,eQTL,Adrenal_Gland,eCAVIAR,0.0103745,True,True,False
chr6:29839124:G:C,rs407238/rs115586772,ENSG00000204632,HLA-G,eQTL,Prostate,eCAVIAR,0.0103521,True,True,False
chr22:37780972:G:T,rs5750494,ENSG00000100106,TRIOBP,eQTL,Brain_Amygdala,eCAVIAR,0.0103498,True,True,False
chr17:45948522:C:A,rs242559/rs114919114,ENSG00000225190,PLEKHM1,sQTL,Nerve_Tibial,eCAVIAR,0.010318,True,True,False
chr22:37780972:G:T,rs5750494,ENSG00000100116,GCAT,eQTL,Skin_Not_Sun_Exposed_Suprapubic,eCAVIAR,0.0103151,True,True,False
chr17:45948522:C:A,rs242559/rs114919114,ENSG00000280022,RP11-707O23.1,eQTL,Brain_Cortex,eCAVIAR,0.0103142,True,True,False
chr1:165768467:G:C,rs2790053,ENSG00000224358,RP11-466F5.8,eQTL,Artery_Aorta,eCAVIAR,0.0102979,True,True,False
chr1:37611020:C:T,rs10908363,ENSG00000183386,FHL3,sQTL,Adipose_Subcutaneous,eCAVIAR,0.010296,True,True,False
chr11:120327384:G:A,rs1893261,ENSG00000181264,TMEM136,sQTL,Esophagus_Gastroesophageal_Junction,eCAVIAR,0.0102818,True,True,False
chr11:65569780:T:A,rs1346,ENSG00000168056,LTBP3,sQTL,Colon_Transverse,eCAVIAR,0.0102792,True,True,False
chr1:87747331:C:T,rs12139208,ENSG00000143013,LMO4,eQTL,Esophagus_Muscularis,eCAVIAR,0.0102524,True,True,False
chr22:19882624:C:T,rs8141610,ENSG00000184470,TXNRD2,eQTL,Heart_Left_Ventricle,eCAVIAR,0.0102499,True,True,False
chr1:165768467:G:C,rs2790053,ENSG00000224358,RP11-466F5.8,eQTL,Ovary,eCAVIAR,0.0102465,True,True,False
chr17:45948522:C:A,rs242559/rs114919114,ENSG00000263142,LRRC37A17P,eQTL,Esophagus_Mucosa,eCAVIAR,0.0102289,True,True,False
chr22:37780972:G:T,rs5750494,ENSG00000100106,TRIOBP,eQTL,Pituitary,eCAVIAR,0.0102276,True,True,False
chr17:45948522:C:A,rs242559/rs114919114,ENSG00000264589,MAPT-AS1,eQTL,Muscle_Skeletal,eCAVIAR,0.0102101,True,True,False
chr17:45948522:C:A,rs242559/rs114919114,ENSG00000214425,LRRC37A4P,sQTL,Colon_Transverse,eCAVIAR,0.0102048,True,True,False
chr9:126628521:C:T,rs3829849,ENSG00000136944,LMX1B,eQTL,Adipose_Subcutaneous,eCAVIAR,0.0102046,True,True,False
chr1:37611020:C:T,rs10908363,ENSG00000183431,SF3A3,eQTL,Pancreas,eCAVIAR,0.0101711,True,True,False
chr17:47617876:AT:A,rs1348518145,ENSG00000141279,NPEPPS,eQTL,Spleen,eCAVIAR,0.0101525,True,True,False
chr1:165768467:G:C,rs2790053,ENSG00000224358,RP11-466F5.8,eQTL,Adipose_Subcutaneous,eCAVIAR,0.0101512,True,True,False
chr1:165768467:G:C,rs2790053,ENSG00000224358,RP11-466F5.8,eQTL,Muscle_Skeletal,eCAVIAR,0.0101504,True,True,False
chr11:65569780:T:A,rs1346,ENSG00000168056,LTBP3,sQTL,Colon_Transverse,eCAVIAR,0.0101495,True,True,False
chr9:133255801:C:T,rs8176749,ENSG00000175164,ABO,eQTL,Prostate,eCAVIAR,0.0101376,True,True,False
chr1:37611020:C:T,rs10908363,ENSG00000183386,FHL3,eQTL,Breast_Mammary_Tissue,eCAVIAR,0.0101358,True,True,False
chr1:165768467:G:C,rs2790053,ENSG00000143183,TMCO1,eQTL,Skin_Not_Sun_Exposed_Suprapubic,eCAVIAR,0.0101232,True,True,False
chr2:71424809:T:A,rs12613800,ENSG00000075292,ZNF638,eQTL,Thyroid,eCAVIAR,0.0100783,True,True,False
chr1:37611020:C:T,rs10908363,ENSG00000197982,C1orf122,eQTL,Whole_Blood,eCAVIAR,0.0100606,True,True,False
chr1:37611020:C:T,rs10908363,ENSG00000183386,FHL3,sQTL,Colon_Sigmoid,eCAVIAR,0.0100408,True,True,False
chr1:165768467:G:C,rs2790053,ENSG00000224358,RP11-466F5.8,eQTL,Cells_Cultured_fibroblasts,eCAVIAR,0.0100363,True,True,False
chr17:45948522:C:A,rs242559/rs114919114,ENSG00000261575,RP11-259G18.1,eQTL,Breast_Mammary_Tissue,eCAVIAR,0.0100156,True,True,False
chr6:29839124:G:C,rs407238/rs115586772,ENSG00000206503,HLA-A,eQTL,Adipose_Visceral_Omentum,eCAVIAR,0.0100154,True,True,False
chr22:37780972:G:T,rs5750494,ENSG00000100106,TRIOBP,eQTL,Adrenal_Gland,eCAVIAR,0.0100124,True,True,False
chr13:110125592:G:C,rs2218471,ENSG00000277767,RP11-365P13.5,eQTL,Whole_Blood,eCAVIAR,1,False,False,False
chr13:110125592:G:C,rs2218471,ENSG00000277767,RP11-365P13.5,eQTL,Brain_Hippocampus,eCAVIAR,1,False,False,False
chr13:110125592:G:C,rs2218471,ENSG00000274331,RP11-403A3.1,eQTL,Artery_Tibial,eCAVIAR,1,False,False,False
chr13:110125592:G:C,rs2218471,ENSG00000276269,RP11-403A3.2,eQTL,Artery_Aorta,eCAVIAR,1,False,False,False
chr13:110125592:G:C,rs2218471,ENSG00000275830,RP11-403A3.3,sQTL,Lung,eCAVIAR,1,False,False,False
chr13:110125592:G:C,rs2218471,ENSG00000275830,RP11-403A3.3,eQTL,Artery_Tibial,eCAVIAR,1,False,False,False
chr1:68371486:C:A,rs4076000,ENSG00000116729,WLS,eQTL,Whole_Blood,eCAVIAR,0.999999,False,False,False
chr7:103984366:G:A,rs12667675,ENSG00000197258,EIF4BP6,eQTL,Esophagus_Gastroesophageal_Junction,eCAVIAR,0.999997,False,False,False
chr13:110125592:G:C,rs2218471,ENSG00000275830,RP11-403A3.3,eQTL,Thyroid,eCAVIAR,0.999995,False,False,False
chr13:75684584:G:A,rs9544024,ENSG00000136111,TBC1D4,eQTL,Cells_Cultured_fibroblasts,eCAVIAR,0.99999,False,False,False
chr2:45651621:G:T,rs687914,ENSG00000171132,PRKCE,eQTL,Cells_Cultured_fibroblasts,eCAVIAR,0.999989,False,False,False
chr13:110125592:G:C,rs2218471,ENSG00000276269,RP11-403A3.2,eQTL,Artery_Tibial,eCAVIAR,0.999988,False,False,False
chr13:110125592:G:C,rs2218471,ENSG00000223617,LINC00370,eQTL,Muscle_Skeletal,eCAVIAR,0.999981,False,False,False
chr1:37611020:C:T,rs10908363,ENSG00000181817,LSM10,sQTL,Adrenal_Gland,eCAVIAR,0.99998,False,False,False
chr1:37611020:C:T,rs10908363,ENSG00000181817,LSM10,sQTL,Adrenal_Gland,eCAVIAR,0.999979,False,False,False
chr4:53161428:G:A,rs10517281,ENSG00000184178,SCFD2,eQTL,Skin_Not_Sun_Exposed_Suprapubic,eCAVIAR,0.999971,False,False,False
chr1:37611020:C:T,rs10908363,ENSG00000119535,CSF3R,eQTL,Spleen,eCAVIAR,0.999955,False,False,False
chr1:37611020:C:T,rs10908363,ENSG00000119535,CSF3R,eQTL,Spleen,eCAVIAR,0.999955,False,False,False
chr17:2298650:G:A,rs216197,ENSG00000083454,P2RX5,sQTL,Brain_Cerebellar_Hemisphere,eCAVIAR,0.999953,False,False,False
chr4:53161428:G:A,rs10517281,ENSG00000248115,RP11-752D24.2,eQTL,Thyroid,eCAVIAR,0.999937,False,False,False
chr13:75684584:G:A,rs9544024,ENSG00000178734,LMO7DN,eQTL,Skin_Sun_Exposed_Lower_leg,eCAVIAR,0.999935,False,False,False
chr17:2298650:G:A,rs216197,ENSG00000221882,OR3A2,eQTL,Brain_Nucleus_accumbens_basal_ganglia,eCAVIAR,0.999919,False,False,False
chr17:2298650:G:A,rs216197,ENSG00000083454,P2RX5,sQTL,Brain_Cerebellum,eCAVIAR,0.999898,False,False,False
chr20:46905414:G:A,rs6124885,ENSG00000080189,SLC35C2,eQTL,Skin_Sun_Exposed_Lower_leg,eCAVIAR,0.999765,False,False,False
chr13:110125592:G:C,rs2218471,ENSG00000275830,RP11-403A3.3,eQTL,Adipose_Visceral_Omentum,eCAVIAR,0.999753,False,False,False
chr7:103984366:G:A,rs12667675,ENSG00000197258,EIF4BP6,eQTL,Esophagus_Gastroesophageal_Junction,eCAVIAR,0.999645,False,False,False
chr16:77627835:C:T,rs280875,ENSG00000140873,ADAMTS18,eQTL,Thyroid,eCAVIAR,0.999456,False,False,False
chr17:2298650:G:A,rs216197,ENSG00000083454,P2RX5,sQTL,Brain_Cerebellar_Hemisphere,eCAVIAR,0.999406,False,False,False
chr15:73928957:C:T,rs1550437,ENSG00000140474,ULK3,eQTL,Adipose_Visceral_Omentum,eCAVIAR,0.999403,False,False,False
chr13:75684584:G:A,rs9544024,ENSG00000223458,LMO7DN-IT1,eQTL,Nerve_Tibial,eCAVIAR,0.999335,False,False,False
chr17:2298650:G:A,rs216197,ENSG00000221882,OR3A2,eQTL,Brain_Nucleus_accumbens_basal_ganglia,eCAVIAR,0.999331,False,False,False
chr3:188349165:G:T,rs6787621,ENSG00000145012,LPP,eQTL,Muscle_Skeletal,eCAVIAR,0.999306,False,False,False
chr11:16989629:C:A,rs4141194,ENSG00000272034,SNORD14A,eQTL,Adipose_Subcutaneous,eCAVIAR,0.999217,False,False,False
chr11:16989629:C:A,rs4141194,ENSG00000272034,SNORD14A,eQTL,Artery_Aorta,eCAVIAR,0.999208,False,False,False
chr17:2298650:G:A,rs216197,ENSG00000083454,P2RX5,sQTL,Brain_Cerebellum,eCAVIAR,0.999188,False,False,False
chr11:16989629:C:A,rs4141194,ENSG00000272034,SNORD14A,eQTL,Esophagus_Muscularis,eCAVIAR,0.999142,False,False,False
chr4:53161428:G:A,rs10517281,ENSG00000145216,FIP1L1,eQTL,Skin_Sun_Exposed_Lower_leg,eCAVIAR,0.999141,False,False,False
chr17:2298650:G:A,rs216197,ENSG00000196689,TRPV1,eQTL,Nerve_Tibial,eCAVIAR,0.999041,False,False,False
chr11:16989629:C:A,rs4141194,ENSG00000272034,SNORD14A,eQTL,Nerve_Tibial,eCAVIAR,0.998976,False,False,False
chr11:16989629:C:A,rs4141194,ENSG00000006071,ABCC8,eQTL,Esophagus_Muscularis,eCAVIAR,0.998963,False,False,False
chr17:10127866:G:A,rs9913911,ENSG00000007237,GAS7,eQTL,Artery_Tibial,eCAVIAR,0.998752,False,False,False
chr22:19882624:C:T,rs8141610,ENSG00000184470,TXNRD2,eQTL,Brain_Nucleus_accumbens_basal_ganglia,eCAVIAR,0.998615,False,False,False
chr12:111494996:C:T,rs7137828,ENSG00000226469,ADAM1B,eQTL,Whole_Blood,eCAVIAR,0.998543,False,False,False
chr7:103984366:G:A,rs12667675,ENSG00000189056,RELN,eQTL,Nerve_Tibial,eCAVIAR,0.998492,False,False,False
chrX:13936278:C:T,rs66819623,ENSG00000002586,CD99,eQTL,Brain_Cerebellum,eCAVIAR,0.99832,False,False,False
chrX:3411552:C:T,rs12846405,ENSG00000002586,CD99,eQTL,Brain_Cerebellum,eCAVIAR,0.99832,False,False,False
chrX:44081581:C:T,rs17146835,ENSG00000002586,CD99,eQTL,Brain_Cerebellum,eCAVIAR,0.99832,False,False,False
chr13:110125592:G:C,rs2218471,ENSG00000213995,NAXD,eQTL,Liver,eCAVIAR,0.99821,False,False,False
chr13:110125592:G:C,rs2218471,ENSG00000277767,RP11-365P13.5,eQTL,Whole_Blood,eCAVIAR,0.997194,False,False,False
chr15:73928957:C:T,rs1550437,ENSG00000140400,MAN2C1,eQTL,Breast_Mammary_Tissue,eCAVIAR,0.997077,False,False,False
chr11:65569780:T:A,rs1346,ENSG00000214659,KRT8P26,eQTL,Artery_Coronary,eCAVIAR,0.997063,False,False,False
chr14:75905315:G:C,rs4903352,ENSG00000119686,FLVCR2,eQTL,Esophagus_Muscularis,eCAVIAR,0.996802,False,False,False
chr12:111494996:C:T,rs7137828,ENSG00000226469,ADAM1B,eQTL,Brain_Cerebellar_Hemisphere,eCAVIAR,0.996302,False,False,False
chr11:16989629:C:A,rs4141194,ENSG00000272034,SNORD14A,eQTL,Thyroid,eCAVIAR,0.99626,False,False,False
chr11:65569780:T:A,rs1346,ENSG00000255120,OVOL1-AS1,eQTL,Brain_Anterior_cingulate_cortex_BA24,eCAVIAR,0.995877,False,False,False
chr13:110125592:G:C,rs2218471,ENSG00000277767,RP11-365P13.5,eQTL,Brain_Hippocampus,eCAVIAR,0.995815,False,False,False
chr13:110125592:G:C,rs2218471,ENSG00000223617,LINC00370,eQTL,Muscle_Skeletal,eCAVIAR,0.995687,False,False,False
chr17:2298650:G:A,rs216197,ENSG00000213977,TAX1BP3,eQTL,Whole_Blood,eCAVIAR,0.99568,False,False,False
chr13:110125592:G:C,rs2218471,ENSG00000276269,RP11-403A3.2,eQTL,Esophagus_Gastroesophageal_Junction,eCAVIAR,0.995425,False,False,False
chr22:19882624:C:T,rs8141610,ENSG00000184470,TXNRD2,eQTL,Brain_Anterior_cingulate_cortex_BA24,eCAVIAR,0.995325,False,False,False
chr13:110125592:G:C,rs2218471,ENSG00000276269,RP11-403A3.2,eQTL,Artery_Coronary,eCAVIAR,0.994902,False,False,False
chr8:6519620:G:C,rs2515437,ENSG00000246089,RP11-115C21.2,eQTL,Heart_Atrial_Appendage,eCAVIAR,0.994751,False,False,False
chr14:74618126:G:A,rs754458,ENSG00000279026,RP3-414A15.12,eQTL,Nerve_Tibial,eCAVIAR,0.994516,False,False,False
chr11:65569780:T:A,rs1346,ENSG00000173727,CMB9-22P13.1,eQTL,Uterus,eCAVIAR,0.994036,False,False,False
chr1:165768467:G:C,rs2790053,ENSG00000224358,RP11-466F5.8,eQTL,Cells_EBV-transformed_lymphocytes,eCAVIAR,0.993987,False,False,False
chr11:16989629:C:A,rs4141194,ENSG00000272034,SNORD14A,eQTL,Adrenal_Gland,eCAVIAR,0.99381,False,False,False
chr12:111494996:C:T,rs7137828,ENSG00000111271,ACAD10,eQTL,Testis,eCAVIAR,0.993654,False,False,False
chr12:111494996:C:T,rs7137828,ENSG00000198324,FAM109A,eQTL,Spleen,eCAVIAR,0.993577,False,False,False
chr12:111494996:C:T,rs7137828,ENSG00000198324,FAM109A,eQTL,Colon_Transverse,eCAVIAR,0.993246,False,False,False
chr12:111494996:C:T,rs7137828,ENSG00000234608,MAPKAPK5-AS1,eQTL,Pancreas,eCAVIAR,0.993198,False,False,False
chr12:111494996:C:T,rs7137828,ENSG00000089234,BRAP,eQTL,Thyroid,eCAVIAR,0.993129,False,False,False
chr12:111494996:C:T,rs7137828,ENSG00000089234,BRAP,eQTL,Skin_Not_Sun_Exposed_Suprapubic,eCAVIAR,0.993095,False,False,False
chr13:110125592:G:C,rs2218471,ENSG00000276269,RP11-403A3.2,eQTL,Lung,eCAVIAR,0.992957,False,False,False
chr1:165768467:G:C,rs2790053,ENSG00000224358,RP11-466F5.8,eQTL,Colon_Sigmoid,eCAVIAR,0.992919,False,False,False
chr20:46905414:G:A,rs6124885,ENSG00000197496,SLC2A10,eQTL,Cells_Cultured_fibroblasts,eCAVIAR,0.99278,False,False,False
chr11:16989629:C:A,rs4141194,ENSG00000151116,UEVLD,eQTL,Esophagus_Gastroesophageal_Junction,eCAVIAR,0.99265,False,False,False
chr8:6519620:G:C,rs2515437,ENSG00000246089,RP11-115C21.2,eQTL,Lung,eCAVIAR,0.992608,False,False,False
chr12:111494996:C:T,rs7137828,ENSG00000111275,ALDH2,eQTL,Whole_Blood,eCAVIAR,0.99179,False,False,False
chr11:65569780:T:A,rs1346,ENSG00000173727,CMB9-22P13.1,eQTL,Lung,eCAVIAR,0.991577,False,False,False
chr12:111494996:C:T,rs7137828,ENSG00000111252,SH2B3,eQTL,Whole_Blood,eCAVIAR,0.991258,False,False,False
chr12:111494996:C:T,rs7137828,ENSG00000198324,FAM109A,eQTL,Testis,eCAVIAR,0.991243,False,False,False
chrX:13936278:C:T,rs66819623,ENSG00000169084,DHRSX,eQTL,Stomach,eCAVIAR,0.99101,False,False,False
chrX:3411552:C:T,rs12846405,ENSG00000169084,DHRSX,eQTL,Stomach,eCAVIAR,0.99101,False,False,False
chrX:44081581:C:T,rs17146835,ENSG00000169084,DHRSX,eQTL,Stomach,eCAVIAR,0.99101,False,False,False
chr4:53161428:G:A,rs10517281,ENSG00000184178,SCFD2,eQTL,Nerve_Tibial,eCAVIAR,0.990793,False,False,False
chr20:46905414:G:A,rs6124885,ENSG00000158296,SLC13A3,eQTL,Vagina,eCAVIAR,0.990358,False,False,False
chr14:74618126:G:A,rs754458,ENSG00000258695,RP3-414A15.2,eQTL,Artery_Tibial,eCAVIAR,0.989967,False,False,False
chr12:111494996:C:T,rs7137828,ENSG00000204842,ATXN2,eQTL,Cells_Cultured_fibroblasts,eCAVIAR,0.989912,False,False,False
chr10:76522305:C:T,rs2637250,ENSG00000148655,C10orf11,sQTL,Brain_Amygdala,eCAVIAR,0.98989,False,False,False
chr10:76522305:C:T,rs2637250,ENSG00000148655,C10orf11,sQTL,Brain_Nucleus_accumbens_basal_ganglia,eCAVIAR,0.989826,False,False,False
chr10:76522305:C:T,rs2637250,ENSG00000148655,C10orf11,sQTL,Brain_Anterior_cingulate_cortex_BA24,eCAVIAR,0.989826,False,False,False
chr10:76522305:C:T,rs2637250,ENSG00000148655,C10orf11,sQTL,Adipose_Subcutaneous,eCAVIAR,0.989826,False,False,False
chr10:76522305:C:T,rs2637250,ENSG00000148655,C10orf11,eQTL,Brain_Frontal_Cortex_BA9,eCAVIAR,0.989826,False,False,False
chr10:76522305:C:T,rs2637250,ENSG00000148655,C10orf11,sQTL,Heart_Atrial_Appendage,eCAVIAR,0.989826,False,False,False
chr10:76522305:C:T,rs2637250,ENSG00000148655,C10orf11,eQTL,Brain_Cortex,eCAVIAR,0.989826,False,False,False
chr10:76522305:C:T,rs2637250,ENSG00000148655,C10orf11,sQTL,Brain_Frontal_Cortex_BA9,eCAVIAR,0.989826,False,False,False
chr10:76522305:C:T,rs2637250,ENSG00000148655,C10orf11,eQTL,Muscle_Skeletal,eCAVIAR,0.989826,False,False,False
chr10:76522305:C:T,rs2637250,ENSG00000148655,C10orf11,sQTL,Brain_Cortex,eCAVIAR,0.989826,False,False,False
chr10:76522305:C:T,rs2637250,ENSG00000148655,C10orf11,sQTL,Brain_Putamen_basal_ganglia,eCAVIAR,0.989826,False,False,False
chr10:76522305:C:T,rs2637250,ENSG00000148655,C10orf11,sQTL,Brain_Caudate_basal_ganglia,eCAVIAR,0.989826,False,False,False
chr10:76522305:C:T,rs2637250,ENSG00000148655,C10orf11,eQTL,Brain_Anterior_cingulate_cortex_BA24,eCAVIAR,0.989826,False,False,False
chr10:76522305:C:T,rs2637250,ENSG00000148655,C10orf11,eQTL,Brain_Caudate_basal_ganglia,eCAVIAR,0.989826,False,False,False
chr10:76522305:C:T,rs2637250,ENSG00000148655,C10orf11,sQTL,Heart_Left_Ventricle,eCAVIAR,0.989826,False,False,False
chr11:130412183:C:T,rs2875238,ENSG00000175773,RP11-121M22.1,eQTL,Nerve_Tibial,eCAVIAR,0.989492,False,False,False
chr1:165768467:G:C,rs2790053,ENSG00000224358,RP11-466F5.8,eQTL,Minor_Salivary_Gland,eCAVIAR,0.989177,False,False,False
chr15:73928957:C:T,rs1550437,ENSG00000259790,ANP32BP1,eQTL,Artery_Tibial,eCAVIAR,0.988724,False,False,False
chr22:19882624:C:T,rs8141610,ENSG00000184470,TXNRD2,eQTL,Esophagus_Muscularis,eCAVIAR,0.988637,False,False,False
chr2:69184385:C:A,rs6732795,ENSG00000243667,WDR92,eQTL,Adipose_Subcutaneous,eCAVIAR,0.987944,False,False,False
chr1:165768467:G:C,rs2790053,ENSG00000224358,RP11-466F5.8,eQTL,Uterus,eCAVIAR,0.987386,False,False,False
chr20:46905414:G:A,rs6124885,ENSG00000215452,ZNF663P,eQTL,Esophagus_Muscularis,eCAVIAR,0.986455,False,False,False
chr11:65569780:T:A,rs1346,ENSG00000173727,CMB9-22P13.1,eQTL,Uterus,eCAVIAR,0.986104,False,False,False
chr22:19882624:C:T,rs8141610,ENSG00000184470,TXNRD2,eQTL,Small_Intestine_Terminal_Ileum,eCAVIAR,0.985157,False,False,False
chr15:73928957:C:T,rs1550437,ENSG00000140400,MAN2C1,eQTL,Stomach,eCAVIAR,0.983106,False,False,False
chr1:112699500:G:T,rs1106287,ENSG00000081026,MAGI3,eQTL,Brain_Cerebellum,eCAVIAR,0.978972,False,False,False
chr1:165768467:G:C,rs2790053,ENSG00000143183,TMCO1,eQTL,Nerve_Tibial,eCAVIAR,0.97876,False,False,False
chr1:112699500:G:T,rs1106287,ENSG00000081026,MAGI3,eQTL,Brain_Cerebellum,eCAVIAR,0.978592,False,False,False
chr13:110125592:G:C,rs2218471,ENSG00000276269,RP11-403A3.2,eQTL,Nerve_Tibial,eCAVIAR,0.977579,False,False,False
chr7:103984366:G:A,rs12667675,ENSG00000189056,RELN,eQTL,Nerve_Tibial,eCAVIAR,0.975759,False,False,False
chr22:37780972:G:T,rs5750494,ENSG00000100116,GCAT,eQTL,Esophagus_Gastroesophageal_Junction,eCAVIAR,0.97485,False,False,False
chr2:71424809:T:A,rs12613800,ENSG00000144036,EXOC6B,eQTL,Nerve_Tibial,eCAVIAR,0.973737,False,False,False
chr2:71424809:T:A,rs12613800,ENSG00000144036,EXOC6B,sQTL,Skin_Sun_Exposed_Lower_leg,eCAVIAR,0.973737,False,False,False
chr2:71424809:T:A,rs12613800,ENSG00000144036,EXOC6B,sQTL,Heart_Atrial_Appendage,eCAVIAR,0.973737,False,False,False
chr2:71424809:T:A,rs12613800,ENSG00000144036,EXOC6B,sQTL,Nerve_Tibial,eCAVIAR,0.973737,False,False,False
chr2:71424809:T:A,rs12613800,ENSG00000144036,EXOC6B,sQTL,Thyroid,eCAVIAR,0.973737,False,False,False
chr2:71424809:T:A,rs12613800,ENSG00000144036,EXOC6B,eQTL,Artery_Tibial,eCAVIAR,0.973737,False,False,False
chr2:71424809:T:A,rs12613800,ENSG00000144036,EXOC6B,eQTL,Thyroid,eCAVIAR,0.973734,False,False,False
chr2:71424809:T:A,rs12613800,ENSG00000144036,EXOC6B,eQTL,Pancreas,eCAVIAR,0.97373,False,False,False
chr2:71424809:T:A,rs12613800,ENSG00000144036,EXOC6B,sQTL,Skin_Not_Sun_Exposed_Suprapubic,eCAVIAR,0.973692,False,False,False
chr2:71424809:T:A,rs12613800,ENSG00000144036,EXOC6B,sQTL,Skin_Not_Sun_Exposed_Suprapubic,eCAVIAR,0.973692,False,False,False
chr12:111494996:C:T,rs7137828,ENSG00000226469,ADAM1B,eQTL,Cells_Cultured_fibroblasts,eCAVIAR,0.973599,False,False,False
chr2:71424809:T:A,rs12613800,ENSG00000144036,EXOC6B,eQTL,Heart_Left_Ventricle,eCAVIAR,0.973479,False,False,False
chr2:71424809:T:A,rs12613800,ENSG00000144036,EXOC6B,eQTL,Colon_Transverse,eCAVIAR,0.973098,False,False,False
chr1:165768467:G:C,rs2790053,ENSG00000224358,RP11-466F5.8,eQTL,Breast_Mammary_Tissue,eCAVIAR,0.973044,False,False,False
chr11:65569780:T:A,rs1346,ENSG00000260233,SSSCA1-AS1,eQTL,Small_Intestine_Terminal_Ileum,eCAVIAR,0.971192,False,False,False
chr2:71424809:T:A,rs12613800,ENSG00000144036,EXOC6B,eQTL,Stomach,eCAVIAR,0.971174,False,False,False
chr17:2298650:G:A,rs216197,ENSG00000196689,TRPV1,eQTL,Nerve_Tibial,eCAVIAR,0.970737,False,False,False
chr13:110125592:G:C,rs2218471,ENSG00000275830,RP11-403A3.3,eQTL,Colon_Sigmoid,eCAVIAR,0.970577,False,False,False
chr2:71424809:T:A,rs12613800,ENSG00000143977,SNRPG,eQTL,Testis,eCAVIAR,0.966808,False,False,False
chr11:115168963:G:A,rs10444329,ENSG00000076053,RBM7,eQTL,Skin_Sun_Exposed_Lower_leg,eCAVIAR,0.964038,False,False,False
chr1:165768467:G:C,rs2790053,ENSG00000143183,TMCO1,sQTL,Muscle_Skeletal,eCAVIAR,0.963782,False,False,False
chr14:74618126:G:A,rs754458,ENSG00000119638,NEK9,sQTL,Muscle_Skeletal,eCAVIAR,0.963385,False,False,False
chr14:74618126:G:A,rs754458,ENSG00000119638,NEK9,sQTL,Muscle_Skeletal,eCAVIAR,0.963385,False,False,False
chr11:115168963:G:A,rs10444329,ENSG00000076053,RBM7,eQTL,Skin_Sun_Exposed_Lower_leg,eCAVIAR,0.962526,False,False,False
chr16:77627835:C:T,rs280875,ENSG00000261707,RP11-264M12.2,eQTL,Adipose_Subcutaneous,eCAVIAR,0.961137,False,False,False
chr17:2298650:G:A,rs216197,ENSG00000213977,TAX1BP3,eQTL,Whole_Blood,eCAVIAR,0.956048,False,False,False
chr20:46905414:G:A,rs6124885,ENSG00000062598,ELMO2,eQTL,Brain_Cortex,eCAVIAR,0.954681,False,False,False
chr2:71424809:T:A,rs12613800,ENSG00000144036,EXOC6B,eQTL,Artery_Aorta,eCAVIAR,0.952852,False,False,False
chr13:110125592:G:C,rs2218471,ENSG00000275830,RP11-403A3.3,eQTL,Nerve_Tibial,eCAVIAR,0.95199,False,False,False
chr2:66310212:G:T,rs4414666,ENSG00000226819,MEIS1-AS3,eQTL,Brain_Cerebellar_Hemisphere,eCAVIAR,0.951886,False,False,False
chr20:46905414:G:A,rs6124885,ENSG00000225849,MKRN7P,eQTL,Brain_Amygdala,eCAVIAR,0.949142,False,False,False
chr7:103984366:G:A,rs12667675,ENSG00000105808,RASA4,eQTL,Breast_Mammary_Tissue,eCAVIAR,0.947442,False,False,False
chr7:103984366:G:A,rs12667675,ENSG00000105808,RASA4,eQTL,Adipose_Visceral_Omentum,eCAVIAR,0.947293,False,False,False
chr11:65569780:T:A,rs1346,ENSG00000168056,LTBP3,sQTL,Skin_Not_Sun_Exposed_Suprapubic,eCAVIAR,0.943876,False,False,False
chr11:65569780:T:A,rs1346,ENSG00000173727,CMB9-22P13.1,eQTL,Adipose_Visceral_Omentum,eCAVIAR,0.943065,False,False,False
chr20:46905414:G:A,rs6124885,ENSG00000101473,ACOT8,sQTL,Whole_Blood,eCAVIAR,0.942636,False,False,False
chr13:75684584:G:A,rs9544024,ENSG00000136153,LMO7,eQTL,Skin_Sun_Exposed_Lower_leg,eCAVIAR,0.939262,False,False,False
chr11:65569780:T:A,rs1346,ENSG00000214659,KRT8P26,eQTL,Brain_Cerebellar_Hemisphere,eCAVIAR,0.938322,False,False,False
chr11:65569780:T:A,rs1346,ENSG00000254614,AP003068.23,eQTL,Brain_Spinal_cord_cervical_c-1,eCAVIAR,0.935929,False,False,False
chr15:91788477:G:A,rs8038628,ENSG00000260361,CTD-2313J17.5,eQTL,Brain_Cortex,eCAVIAR,0.93489,False,False,False
chr15:91788477:G:A,rs8038628,ENSG00000260361,CTD-2313J17.5,eQTL,Whole_Blood,eCAVIAR,0.934884,False,False,False
chr15:91788477:G:A,rs8038628,ENSG00000260361,CTD-2313J17.5,eQTL,Pancreas,eCAVIAR,0.933942,False,False,False
chr13:110125592:G:C,rs2218471,ENSG00000276269,RP11-403A3.2,eQTL,Esophagus_Gastroesophageal_Junction,eCAVIAR,0.931035,False,False,False
chr11:65569780:T:A,rs1346,ENSG00000255120,OVOL1-AS1,eQTL,Brain_Anterior_cingulate_cortex_BA24,eCAVIAR,0.929937,False,False,False
chr15:91788477:G:A,rs8038628,ENSG00000260361,CTD-2313J17.5,eQTL,Uterus,eCAVIAR,0.929495,False,False,False
chr13:110125592:G:C,rs2218471,ENSG00000277767,RP11-365P13.5,eQTL,Pituitary,eCAVIAR,0.927745,False,False,False
chr7:103984366:G:A,rs12667675,ENSG00000105808,RASA4,eQTL,Esophagus_Mucosa,eCAVIAR,0.927576,False,False,False
chr16:77627835:C:T,rs280875,ENSG00000140876,NUDT7,sQTL,Artery_Tibial,eCAVIAR,0.927055,False,False,False
chr16:77627835:C:T,rs280875,ENSG00000140876,NUDT7,sQTL,Artery_Tibial,eCAVIAR,0.927055,False,False,False
chr2:69184385:C:A,rs6732795,ENSG00000169604,ANTXR1,sQTL,Cells_Cultured_fibroblasts,eCAVIAR,0.926369,False,False,False
chr2:55705879:C:T,rs2627761,ENSG00000115380,EFEMP1,sQTL,Breast_Mammary_Tissue,eCAVIAR,0.925813,False,False,False
chr12:111494996:C:T,rs7137828,ENSG00000226469,ADAM1B,eQTL,Colon_Transverse,eCAVIAR,0.925706,False,False,False
chr2:69184385:C:A,rs6732795,ENSG00000169599,NFU1,sQTL,Colon_Sigmoid,eCAVIAR,0.918856,False,False,False
chr11:65569780:T:A,rs1346,ENSG00000255200,PGAM1P8,eQTL,Esophagus_Gastroesophageal_Junction,eCAVIAR,0.914986,False,False,False
chr1:112699500:G:T,rs1106287,ENSG00000064886,CHI3L2,sQTL,Cells_Cultured_fibroblasts,eCAVIAR,0.906906,False,False,False
chr11:120327384:G:A,rs1893261,ENSG00000181264,TMEM136,sQTL,Brain_Amygdala,eCAVIAR,0.901503,False,False,False
chr1:112699500:G:T,rs1106287,ENSG00000116473,RAP1A,sQTL,Muscle_Skeletal,eCAVIAR,0.899378,False,False,False
chr11:65569780:T:A,rs1346,ENSG00000173727,CMB9-22P13.1,eQTL,Heart_Left_Ventricle,eCAVIAR,0.897129,False,False,False
chr1:162709355:G:A,rs4542196,ENSG00000158882,TOMM40L,sQTL,Minor_Salivary_Gland,eCAVIAR,0.896222,False,False,False
chr14:75905315:G:C,rs4903352,ENSG00000119699,TGFB3,eQTL,Brain_Cerebellar_Hemisphere,eCAVIAR,0.894376,False,False,False
chr11:16989629:C:A,rs4141194,ENSG00000272034,SNORD14A,eQTL,Esophagus_Gastroesophageal_Junction,eCAVIAR,0.892631,False,False,False
chr22:19882624:C:T,rs8141610,ENSG00000280418,AC007326.10,eQTL,Testis,eCAVIAR,0.892565,False,False,False
chr7:103984366:G:A,rs12667675,ENSG00000105808,RASA4,eQTL,Skin_Sun_Exposed_Lower_leg,eCAVIAR,0.890919,False,False,False
chr10:94263320:C:T,rs57866767,ENSG00000273450,RP11-76P2.4,eQTL,Lung,eCAVIAR,0.888984,False,False,False
chr8:6519620:G:C,rs2515437,ENSG00000246089,RP11-115C21.2,eQTL,Testis,eCAVIAR,0.888764,False,False,False
chr13:110125592:G:C,rs2218471,ENSG00000275830,RP11-403A3.3,sQTL,Lung,eCAVIAR,0.886434,False,False,False
chr11:65569780:T:A,rs1346,ENSG00000214659,KRT8P26,eQTL,Brain_Nucleus_accumbens_basal_ganglia,eCAVIAR,0.885776,False,False,False
chr10:94263320:C:T,rs57866767,ENSG00000273450,RP11-76P2.4,eQTL,Prostate,eCAVIAR,0.884726,False,False,False
chr1:162709355:G:A,rs4542196,ENSG00000143226,FCGR2A,sQTL,Colon_Transverse,eCAVIAR,0.883459,False,False,False
chr11:65569780:T:A,rs1346,ENSG00000173992,CCS,eQTL,Whole_Blood,eCAVIAR,0.883199,False,False,False
chr14:74618126:G:A,rs754458,ENSG00000258408,NT5CP2,eQTL,Thyroid,eCAVIAR,0.882967,False,False,False
chr22:19882624:C:T,rs8141610,ENSG00000184470,TXNRD2,eQTL,Brain_Caudate_basal_ganglia,eCAVIAR,0.882871,False,False,False
chr15:73928957:C:T,rs1550437,ENSG00000067141,NEO1,eQTL,Esophagus_Mucosa,eCAVIAR,0.878588,False,False,False
chr22:37780972:G:T,rs5750494,ENSG00000100129,EIF3L,eQTL,Breast_Mammary_Tissue,eCAVIAR,0.87646,False,False,False
chr4:53161428:G:A,rs10517281,ENSG00000184178,SCFD2,eQTL,Nerve_Tibial,eCAVIAR,0.875739,False,False,False
chr10:94263320:C:T,rs57866767,ENSG00000273450,RP11-76P2.4,eQTL,Lung,eCAVIAR,0.875248,False,False,False
chr11:65569780:T:A,rs1346,ENSG00000168056,LTBP3,sQTL,Brain_Caudate_basal_ganglia,eCAVIAR,0.875124,False,False,False
chr12:111494996:C:T,rs7137828,ENSG00000111275,ALDH2,eQTL,Adipose_Visceral_Omentum,eCAVIAR,0.872914,False,False,False
chr7:103984366:G:A,rs12667675,ENSG00000105808,RASA4,sQTL,Uterus,eCAVIAR,0.871962,False,False,False
chr11:65569780:T:A,rs1346,ENSG00000214659,KRT8P26,eQTL,Artery_Coronary,eCAVIAR,0.870889,False,False,False
chr22:19882624:C:T,rs8141610,ENSG00000184470,TXNRD2,eQTL,Colon_Sigmoid,eCAVIAR,0.87066,False,False,False
chr1:165768467:G:C,rs2790053,ENSG00000143183,TMCO1,eQTL,Brain_Cortex,eCAVIAR,0.868561,False,False,False
chr1:165768467:G:C,rs2790053,ENSG00000224358,RP11-466F5.8,eQTL,Brain_Cerebellum,eCAVIAR,0.866867,False,False,False
chr1:162709355:G:A,rs4542196,ENSG00000143257,NR1I3,eQTL,Brain_Anterior_cingulate_cortex_BA24,eCAVIAR,0.863473,False,False,False
chr12:111494996:C:T,rs7137828,ENSG00000173064,HECTD4,eQTL,Adipose_Subcutaneous,eCAVIAR,0.862108,False,False,False
chr2:55705879:C:T,rs2627761,ENSG00000115306,SPTBN1,eQTL,Muscle_Skeletal,eCAVIAR,0.858842,False,False,False
chr1:162709355:G:A,rs4542196,ENSG00000118217,ATF6,eQTL,Adrenal_Gland,eCAVIAR,0.85302,False,False,False
chr8:6519620:G:C,rs2515437,ENSG00000246089,RP11-115C21.2,eQTL,Cells_Cultured_fibroblasts,eCAVIAR,0.851209,False,False,False
chr10:94263320:C:T,rs57866767,ENSG00000095637,SORBS1,sQTL,Small_Intestine_Terminal_Ileum,eCAVIAR,0.846524,False,False,False
chr11:16989629:C:A,rs4141194,ENSG00000166689,PLEKHA7,eQTL,Artery_Tibial,eCAVIAR,0.84381,False,False,False
chr8:6519620:G:C,rs2515437,ENSG00000246089,RP11-115C21.2,eQTL,Esophagus_Muscularis,eCAVIAR,0.841169,False,False,False
chr20:46905414:G:A,rs6124885,ENSG00000062598,ELMO2,eQTL,Artery_Tibial,eCAVIAR,0.836312,False,False,False
chr12:111494996:C:T,rs7137828,ENSG00000173064,HECTD4,eQTL,Brain_Cerebellum,eCAVIAR,0.83619,False,False,False
chr13:110125592:G:C,rs2218471,ENSG00000276269,RP11-403A3.2,eQTL,Nerve_Tibial,eCAVIAR,0.834874,False,False,False
chr10:94263320:C:T,rs57866767,ENSG00000138193,PLCE1,sQTL,Artery_Aorta,eCAVIAR,0.831519,False,False,False
chr11:16989629:C:A,rs4141194,ENSG00000256464,YWHABP2,eQTL,Artery_Aorta,eCAVIAR,0.831498,False,False,False
chr15:91788477:G:A,rs8038628,ENSG00000260361,CTD-2313J17.5,eQTL,Brain_Putamen_basal_ganglia,eCAVIAR,0.831091,False,False,False
chr2:66310212:G:T,rs4414666,ENSG00000138071,ACTR2,eQTL,Esophagus_Mucosa,eCAVIAR,0.830566,False,False,False
chr1:112699500:G:T,rs1106287,ENSG00000116473,RAP1A,sQTL,Muscle_Skeletal,eCAVIAR,0.828229,False,False,False
chr4:53161428:G:A,rs10517281,ENSG00000145216,FIP1L1,sQTL,Artery_Aorta,eCAVIAR,0.827622,False,False,False
chr4:53161428:G:A,rs10517281,ENSG00000145216,FIP1L1,sQTL,Artery_Aorta,eCAVIAR,0.827622,False,False,False
chr7:103984366:G:A,rs12667675,ENSG00000105808,RASA4,sQTL,Nerve_Tibial,eCAVIAR,0.824918,False,False,False
chr6:170139691:G:A,rs2935057,ENSG00000198719,DLL1,eQTL,Esophagus_Muscularis,eCAVIAR,0.824604,False,False,False
chr1:112699500:G:T,rs1106287,ENSG00000155363,MOV10,eQTL,Artery_Tibial,eCAVIAR,0.82277,False,False,False
chr1:112699500:G:T,rs1106287,ENSG00000155363,MOV10,eQTL,Thyroid,eCAVIAR,0.822249,False,False,False
chr1:112699500:G:T,rs1106287,ENSG00000273483,RP4-671G15.2,eQTL,Testis,eCAVIAR,0.822231,False,False,False
chr7:103984366:G:A,rs12667675,ENSG00000105808,RASA4,sQTL,Uterus,eCAVIAR,0.819359,False,False,False
chr1:112699500:G:T,rs1106287,ENSG00000155363,MOV10,sQTL,Thyroid,eCAVIAR,0.816538,False,False,False
chr8:6519620:G:C,rs2515437,ENSG00000246089,RP11-115C21.2,eQTL,Breast_Mammary_Tissue,eCAVIAR,0.814817,False,False,False
chr2:45651621:G:T,rs687914,ENSG00000171132,PRKCE,eQTL,Cells_Cultured_fibroblasts,eCAVIAR,0.807189,False,False,False
chr22:19882624:C:T,rs8141610,ENSG00000232926,AC000078.5,eQTL,Minor_Salivary_Gland,eCAVIAR,0.806567,False,False,False
chr12:111494996:C:T,rs7137828,ENSG00000226469,ADAM1B,eQTL,Whole_Blood,eCAVIAR,0.802085,False,False,False
chr13:110125592:G:C,rs2218471,ENSG00000275830,RP11-403A3.3,eQTL,Lung,eCAVIAR,0.799234,False,False,False
chr2:71424809:T:A,rs12613800,ENSG00000144036,EXOC6B,eQTL,Skin_Sun_Exposed_Lower_leg,eCAVIAR,0.797099,False,False,False
chr20:46905414:G:A,rs6124885,ENSG00000196562,SULF2,sQTL,Liver,eCAVIAR,0.794102,False,False,False
chr10:94263320:C:T,rs57866767,ENSG00000273450,RP11-76P2.4,eQTL,Prostate,eCAVIAR,0.792714,False,False,False
chr8:6519620:G:C,rs2515437,ENSG00000246089,RP11-115C21.2,eQTL,Colon_Transverse,eCAVIAR,0.791808,False,False,False
chr1:165768467:G:C,rs2790053,ENSG00000143183,TMCO1,eQTL,Adipose_Subcutaneous,eCAVIAR,0.79115,False,False,False
chr4:88831125:G:A,rs57400569,ENSG00000249973,CHCHD2P7,eQTL,Kidney_Cortex,eCAVIAR,0.790291,False,False,False
chr1:165768467:G:C,rs2790053,ENSG00000224358,RP11-466F5.8,eQTL,Vagina,eCAVIAR,0.78892,False,False,False
chr8:6519620:G:C,rs2515437,ENSG00000246089,RP11-115C21.2,eQTL,Artery_Tibial,eCAVIAR,0.787262,False,False,False
chr15:73928957:C:T,rs1550437,ENSG00000140474,ULK3,eQTL,Adipose_Visceral_Omentum,eCAVIAR,0.784696,False,False,False
chr15:91788477:G:A,rs8038628,ENSG00000258647,LINC00930,sQTL,Testis,eCAVIAR,0.783029,False,False,False
chr2:71424809:T:A,rs12613800,ENSG00000144036,EXOC6B,eQTL,Esophagus_Muscularis,eCAVIAR,0.783014,False,False,False
chr8:6519620:G:C,rs2515437,ENSG00000246089,RP11-115C21.2,eQTL,Whole_Blood,eCAVIAR,0.78165,False,False,False
chr17:45948522:C:A,rs242559/rs114919114,ENSG00000141294,LRRC46,eQTL,Thyroid,eCAVIAR,0.78072,False,False,False
chr12:111494996:C:T,rs7137828,ENSG00000234608,MAPKAPK5-AS1,eQTL,Pancreas,eCAVIAR,0.764138,False,False,False
chr11:65569780:T:A,rs1346,ENSG00000260233,SSSCA1-AS1,eQTL,Heart_Atrial_Appendage,eCAVIAR,0.762499,False,False,False
chr13:110125592:G:C,rs2218471,ENSG00000041515,MYO16,eQTL,Colon_Transverse,eCAVIAR,0.760425,False,False,False
chr12:111494996:C:T,rs7137828,ENSG00000174437,ATP2A2,eQTL,Brain_Cerebellum,eCAVIAR,0.758708,False,False,False
chr2:66310212:G:T,rs4414666,ENSG00000138071,ACTR2,eQTL,Adipose_Visceral_Omentum,eCAVIAR,0.758267,False,False,False
chr1:165768467:G:C,rs2790053,ENSG00000143183,TMCO1,eQTL,Artery_Aorta,eCAVIAR,0.757575,False,False,False
chr1:112699500:G:T,rs1106287,ENSG00000134245,WNT2B,eQTL,Brain_Frontal_Cortex_BA9,eCAVIAR,0.755713,False,False,False
chr1:112699500:G:T,rs1106287,ENSG00000134245,WNT2B,eQTL,Brain_Cortex,eCAVIAR,0.755713,False,False,False
chr1:112699500:G:T,rs1106287,ENSG00000273483,RP4-671G15.2,eQTL,Adipose_Subcutaneous,eCAVIAR,0.755074,False,False,False
chr12:111494996:C:T,rs7137828,ENSG00000198324,FAM109A,eQTL,Spleen,eCAVIAR,0.753099,False,False,False
chr11:65569780:T:A,rs1346,ENSG00000173465,SSSCA1,eQTL,Testis,eCAVIAR,0.751262,False,False,False
chr7:103984366:G:A,rs12667675,ENSG00000105808,RASA4,sQTL,Nerve_Tibial,eCAVIAR,0.746708,False,False,False
chr8:6519620:G:C,rs2515437,ENSG00000246089,RP11-115C21.2,eQTL,Heart_Atrial_Appendage,eCAVIAR,0.745364,False,False,False
chr1:112699500:G:T,rs1106287,ENSG00000155363,MOV10,eQTL,Artery_Aorta,eCAVIAR,0.745266,False,False,False
chr14:74618126:G:A,rs754458,ENSG00000119711,ALDH6A1,eQTL,Esophagus_Mucosa,eCAVIAR,0.745031,False,False,False
chr8:6519620:G:C,rs2515437,ENSG00000246089,RP11-115C21.2,eQTL,Lung,eCAVIAR,0.743842,False,False,False
chr4:53161428:G:A,rs10517281,ENSG00000184178,SCFD2,eQTL,Skin_Not_Sun_Exposed_Suprapubic,eCAVIAR,0.74337,False,False,False
chr10:94263320:C:T,rs57866767,ENSG00000176273,SLC35G1,eQTL,Thyroid,eCAVIAR,0.737735,False,False,False
chr10:94263320:C:T,rs57866767,ENSG00000138193,PLCE1,sQTL,Artery_Aorta,eCAVIAR,0.732716,False,False,False
chr1:165768467:G:C,rs2790053,ENSG00000143183,TMCO1,eQTL,Colon_Sigmoid,eCAVIAR,0.73145,False,False,False
chr20:46905414:G:A,rs6124885,ENSG00000198185,ZNF334,eQTL,Brain_Cerebellum,eCAVIAR,0.73114,False,False,False
chr10:94263320:C:T,rs57866767,ENSG00000176273,SLC35G1,eQTL,Thyroid,eCAVIAR,0.724647,False,False,False
chr4:88831125:G:A,rs57400569,ENSG00000145332,KLHL8,eQTL,Cells_Cultured_fibroblasts,eCAVIAR,0.723914,False,False,False
chr1:162709355:G:A,rs4542196,ENSG00000173110,HSPA6,eQTL,Nerve_Tibial,eCAVIAR,0.722442,False,False,False
chr11:65569780:T:A,rs1346,ENSG00000245156,RP11-867G23.3,eQTL,Uterus,eCAVIAR,0.721912,False,False,False
chr12:111494996:C:T,rs7137828,ENSG00000111275,ALDH2,eQTL,Esophagus_Muscularis,eCAVIAR,0.718285,False,False,False
chr11:16989629:C:A,rs4141194,ENSG00000260196,RP1-239B22.5,eQTL,Brain_Caudate_basal_ganglia,eCAVIAR,0.718041,False,False,False
chr9:110549951:G:C,rs61751937,ENSG00000106853,PTGR1,sQTL,Thyroid,eCAVIAR,0.714805,False,False,False
chr9:110549951:G:C,rs61751937,ENSG00000106853,PTGR1,sQTL,Thyroid,eCAVIAR,0.714805,False,False,False
chr6:36602589:C:T,rs7344,ENSG00000112139,MDGA1,eQTL,Thyroid,eCAVIAR,0.714026,False,False,False
chr11:65569780:T:A,rs1346,ENSG00000168056,LTBP3,eQTL,Esophagus_Mucosa,eCAVIAR,0.71354,False,False,False
chr7:103984366:G:A,rs12667675,ENSG00000260097,SPDYE6,eQTL,Skin_Sun_Exposed_Lower_leg,eCAVIAR,0.711589,False,False,False
chr22:28712241:G:A,rs5752776,ENSG00000183579,ZNRF3,eQTL,Artery_Tibial,eCAVIAR,0.708348,False,False,False
chr11:65569780:T:A,rs1346,ENSG00000162241,SLC25A45,eQTL,Adipose_Visceral_Omentum,eCAVIAR,0.706836,False,False,False
chr11:65569780:T:A,rs1346,ENSG00000172818,OVOL1,eQTL,Esophagus_Gastroesophageal_Junction,eCAVIAR,0.705549,False,False,False
chr12:111494996:C:T,rs7137828,ENSG00000204842,ATXN2,eQTL,Cells_Cultured_fibroblasts,eCAVIAR,0.700709,False,False,False
chr1:165768467:G:C,rs2790053,ENSG00000143183,TMCO1,sQTL,Adipose_Subcutaneous,eCAVIAR,0.699201,False,False,False
chr17:61161860:G:A,rs11868441,ENSG00000087995,METTL2A,eQTL,Adipose_Subcutaneous,eCAVIAR,0.692006,False,False,False
chr1:162709355:G:A,rs4542196,ENSG00000158882,TOMM40L,sQTL,Minor_Salivary_Gland,eCAVIAR,0.690873,False,False,False
chr7:103984366:G:A,rs12667675,ENSG00000160991,ORAI2,eQTL,Whole_Blood,eCAVIAR,0.689365,False,False,False
chr2:69184385:C:A,rs6732795,ENSG00000221823,PPP3R1,eQTL,Esophagus_Gastroesophageal_Junction,eCAVIAR,0.682968,False,False,False
chr9:110549951:G:C,rs61751937,ENSG00000106853,PTGR1,sQTL,Pituitary,eCAVIAR,0.682561,False,False,False
chr11:65569780:T:A,rs1346,ENSG00000168056,LTBP3,sQTL,Brain_Caudate_basal_ganglia,eCAVIAR,0.680643,False,False,False
chr11:65569780:T:A,rs1346,ENSG00000245156,RP11-867G23.3,eQTL,Uterus,eCAVIAR,0.671235,False,False,False
chrX:3411552:C:T,rs12846405,ENSG00000002586,CD99,eQTL,Brain_Cerebellar_Hemisphere,eCAVIAR,0.664504,False,False,False
chrX:44081581:C:T,rs17146835,ENSG00000002586,CD99,eQTL,Brain_Cerebellar_Hemisphere,eCAVIAR,0.664504,False,False,False
chrX:13936278:C:T,rs66819623,ENSG00000002586,CD99,eQTL,Brain_Cerebellar_Hemisphere,eCAVIAR,0.664456,False,False,False
chr2:69184385:C:A,rs6732795,ENSG00000221823,PPP3R1,eQTL,Esophagus_Gastroesophageal_Junction,eCAVIAR,0.66411,False,False,False
chr8:6519620:G:C,rs2515437,ENSG00000246089,RP11-115C21.2,eQTL,Testis,eCAVIAR,0.663097,False,False,False
chr15:73928957:C:T,rs1550437,ENSG00000140400,MAN2C1,eQTL,Breast_Mammary_Tissue,eCAVIAR,0.662064,False,False,False
chr11:65569780:T:A,rs1346,ENSG00000197847,SLC22A20,eQTL,Breast_Mammary_Tissue,eCAVIAR,0.656339,False,False,False
chr22:19882624:C:T,rs8141610,ENSG00000093010,COMT,eQTL,Brain_Cortex,eCAVIAR,0.653193,False,False,False
chr11:65569780:T:A,rs1346,ENSG00000254614,AP003068.23,eQTL,Prostate,eCAVIAR,0.652006,False,False,False
chr11:65569780:T:A,rs1346,ENSG00000254614,AP003068.23,eQTL,Artery_Coronary,eCAVIAR,0.651396,False,False,False
chr11:47447887:G:A,rs7111873,ENSG00000121653,MAPK8IP1,eQTL,Adipose_Visceral_Omentum,eCAVIAR,0.651362,False,False,False
chr14:74618126:G:A,rs754458,ENSG00000119596,YLPM1,eQTL,Esophagus_Gastroesophageal_Junction,eCAVIAR,0.64563,False,False,False
chr22:28712241:G:A,rs5752776,ENSG00000183765,CHEK2,eQTL,Pituitary,eCAVIAR,0.642156,False,False,False
chr1:112699500:G:T,rs1106287,ENSG00000155363,MOV10,eQTL,Adipose_Subcutaneous,eCAVIAR,0.639383,False,False,False
chr13:75684584:G:A,rs9544024,ENSG00000178734,LMO7DN,eQTL,Lung,eCAVIAR,0.638226,False,False,False
chr15:73928957:C:T,rs1550437,ENSG00000138621,PPCDC,eQTL,Esophagus_Gastroesophageal_Junction,eCAVIAR,0.636199,False,False,False
chr8:6519620:G:C,rs2515437,ENSG00000246089,RP11-115C21.2,eQTL,Cells_Cultured_fibroblasts,eCAVIAR,0.633627,False,False,False
chr11:65569780:T:A,rs1346,ENSG00000197847,SLC22A20,eQTL,Breast_Mammary_Tissue,eCAVIAR,0.631863,False,False,False
chr15:73928957:C:T,rs1550437,ENSG00000140400,MAN2C1,eQTL,Stomach,eCAVIAR,0.625452,False,False,False
chr8:6519620:G:C,rs2515437,ENSG00000246089,RP11-115C21.2,eQTL,Esophagus_Muscularis,eCAVIAR,0.623416,False,False,False
chr13:110125592:G:C,rs2218471,ENSG00000276269,RP11-403A3.2,eQTL,Artery_Coronary,eCAVIAR,0.623414,False,False,False
chr11:65569780:T:A,rs1346,ENSG00000214659,KRT8P26,eQTL,Colon_Transverse,eCAVIAR,0.619986,False,False,False
chr12:111494996:C:T,rs7137828,ENSG00000198324,FAM109A,eQTL,Testis,eCAVIAR,0.618379,False,False,False
chr12:111494996:C:T,rs7137828,ENSG00000111252,SH2B3,eQTL,Whole_Blood,eCAVIAR,0.618275,False,False,False
chr9:110549951:G:C,rs61751937,ENSG00000106853,PTGR1,sQTL,Brain_Hypothalamus,eCAVIAR,0.617265,False,False,False
chr8:6519620:G:C,rs2515437,ENSG00000246089,RP11-115C21.2,eQTL,Breast_Mammary_Tissue,eCAVIAR,0.610251,False,False,False
chr9:110549951:G:C,rs61751937,ENSG00000106853,PTGR1,sQTL,Artery_Aorta,eCAVIAR,0.605301,False,False,False
chr15:73928957:C:T,rs1550437,ENSG00000198794,SCAMP5,eQTL,Prostate,eCAVIAR,0.600017,False,False,False
chr14:74618126:G:A,rs754458,ENSG00000119688,ABCD4,eQTL,Cells_Cultured_fibroblasts,eCAVIAR,0.59713,False,False,False
chr11:65569780:T:A,rs1346,ENSG00000174851,YIF1A,eQTL,Esophagus_Muscularis,eCAVIAR,0.594317,False,False,False
chr1:53658200:G:T,rs941125,ENSG00000211452,DIO1,eQTL,Whole_Blood,eCAVIAR,0.593494,False,False,False
chr7:134835770:C:A,rs10237321,ENSG00000122786,CALD1,eQTL,Skin_Not_Sun_Exposed_Suprapubic,eCAVIAR,0.592366,False,False,False
chr11:65569780:T:A,rs1346,ENSG00000142186,SCYL1,sQTL,Cells_Cultured_fibroblasts,eCAVIAR,0.591907,False,False,False
chr11:65569780:T:A,rs1346,ENSG00000142186,SCYL1,sQTL,Cells_Cultured_fibroblasts,eCAVIAR,0.591907,False,False,False
chr15:73928957:C:T,rs1550437,ENSG00000259790,ANP32BP1,eQTL,Artery_Tibial,eCAVIAR,0.590767,False,False,False
chr22:37780972:G:T,rs5750494,ENSG00000100124,ANKRD54,eQTL,Breast_Mammary_Tissue,eCAVIAR,0.5867,False,False,False
chr4:88831125:G:A,rs57400569,ENSG00000145332,KLHL8,sQTL,Adrenal_Gland,eCAVIAR,0.586086,False,False,False
chr8:6519620:G:C,rs2515437,ENSG00000246089,RP11-115C21.2,eQTL,Artery_Tibial,eCAVIAR,0.585186,False,False,False
chr8:6519620:G:C,rs2515437,ENSG00000246089,RP11-115C21.2,eQTL,Whole_Blood,eCAVIAR,0.582052,False,False,False
chr14:74618126:G:A,rs754458,ENSG00000184227,ACOT1,eQTL,Adrenal_Gland,eCAVIAR,0.580006,False,False,False
chr14:74618126:G:A,rs754458,ENSG00000184227,ACOT1,eQTL,Adrenal_Gland,eCAVIAR,0.579614,False,False,False
chr7:134835770:C:A,rs10237321,ENSG00000122786,CALD1,sQTL,Lung,eCAVIAR,0.573731,False,False,False
chr4:53161428:G:A,rs10517281,ENSG00000145216,FIP1L1,sQTL,Artery_Aorta,eCAVIAR,0.572348,False,False,False
chr4:53161428:G:A,rs10517281,ENSG00000145216,FIP1L1,sQTL,Artery_Aorta,eCAVIAR,0.572348,False,False,False
chr8:6519620:G:C,rs2515437,ENSG00000246089,RP11-115C21.2,eQTL,Colon_Transverse,eCAVIAR,0.571691,False,False,False
chr11:65569780:T:A,rs1346,ENSG00000176973,FAM89B,eQTL,Artery_Tibial,eCAVIAR,0.56939,False,False,False
chr15:73928957:C:T,rs1550437,ENSG00000140465,CYP1A1,eQTL,Lung,eCAVIAR,0.568953,False,False,False
chr7:134835770:C:A,rs10237321,ENSG00000105875,WDR91,eQTL,Lung,eCAVIAR,0.567543,False,False,False
chr12:111494996:C:T,rs7137828,ENSG00000226469,ADAM1B,eQTL,Heart_Left_Ventricle,eCAVIAR,0.566015,False,False,False
chr7:134835770:C:A,rs10237321,ENSG00000105875,WDR91,sQTL,Pancreas,eCAVIAR,0.561492,False,False,False
chr7:103984366:G:A,rs12667675,ENSG00000222011,FAM185A,eQTL,Muscle_Skeletal,eCAVIAR,0.560195,False,False,False
chr9:110549951:G:C,rs61751937,ENSG00000106853,PTGR1,sQTL,Adrenal_Gland,eCAVIAR,0.557309,False,False,False
chr15:73928957:C:T,rs1550437,ENSG00000103855,CD276,eQTL,Lung,eCAVIAR,0.555654,False,False,False
chr14:74618126:G:A,rs754458,ENSG00000258695,RP3-414A15.2,eQTL,Nerve_Tibial,eCAVIAR,0.555268,False,False,False
chr13:110125592:G:C,rs2218471,ENSG00000134871,COL4A2,eQTL,Whole_Blood,eCAVIAR,0.554222,False,False,False
chr15:91788477:G:A,rs8038628,ENSG00000140553,UNC45A,sQTL,Esophagus_Muscularis,eCAVIAR,0.549844,False,False,False
chr2:66310212:G:T,rs4414666,ENSG00000011523,CEP68,eQTL,Cells_Cultured_fibroblasts,eCAVIAR,0.549041,False,False,False
chr16:77627835:C:T,rs280875,ENSG00000140876,NUDT7,eQTL,Artery_Aorta,eCAVIAR,0.539822,False,False,False
chr12:111494996:C:T,rs7137828,ENSG00000198324,FAM109A,eQTL,Colon_Transverse,eCAVIAR,0.538649,False,False,False
chr15:91788477:G:A,rs8038628,ENSG00000260337,RP11-386M24.6,eQTL,Brain_Spinal_cord_cervical_c-1,eCAVIAR,0.537865,False,False,False
chr13:110125592:G:C,rs2218471,ENSG00000134871,COL4A2,eQTL,Whole_Blood,eCAVIAR,0.535711,False,False,False
chr12:111494996:C:T,rs7137828,ENSG00000089234,BRAP,eQTL,Thyroid,eCAVIAR,0.534228,False,False,False
chr11:65569780:T:A,rs1346,ENSG00000214659,KRT8P26,eQTL,Brain_Cerebellar_Hemisphere,eCAVIAR,0.530649,False,False,False
chr9:110549951:G:C,rs61751937,ENSG00000106853,PTGR1,eQTL,Brain_Anterior_cingulate_cortex_BA24,eCAVIAR,0.53054,False,False,False
chr12:111494996:C:T,rs7137828,ENSG00000173064,HECTD4,eQTL,Skin_Sun_Exposed_Lower_leg,eCAVIAR,0.529252,False,False,False
chr14:74618126:G:A,rs754458,ENSG00000119661,DNAL1,eQTL,Colon_Sigmoid,eCAVIAR,0.529207,False,False,False
chr15:91788477:G:A,rs8038628,ENSG00000140564,FURIN,sQTL,Skin_Sun_Exposed_Lower_leg,eCAVIAR,0.525406,False,False,False
chr2:66310212:G:T,rs4414666,ENSG00000226819,MEIS1-AS3,eQTL,Breast_Mammary_Tissue,eCAVIAR,0.522854,False,False,False
chr15:73928957:C:T,rs1550437,ENSG00000178802,MPI,eQTL,Brain_Hippocampus,eCAVIAR,0.516463,False,False,False
chr22:28712241:G:A,rs5752776,ENSG00000100209,HSCB,eQTL,Liver,eCAVIAR,0.514481,False,False,False
chr9:110549951:G:C,rs61751937,ENSG00000106853,PTGR1,eQTL,Pituitary,eCAVIAR,0.513477,False,False,False
chr9:126628521:C:T,rs3829849,ENSG00000224842,RP11-123K19.1,eQTL,Pituitary,eCAVIAR,0.51321,False,False,False
chr1:162709355:G:A,rs4542196,ENSG00000158864,NDUFS2,eQTL,Brain_Cerebellum,eCAVIAR,0.512288,False,False,False
chr13:73065233:G:A,rs9530143,ENSG00000204899,MZT1,eQTL,Artery_Tibial,eCAVIAR,0.508405,False,False,False
chr8:6519620:G:C,rs2515437,ENSG00000147316,MCPH1,eQTL,Testis,eCAVIAR,0.505254,False,False,False
chr13:110125592:G:C,rs2218471,ENSG00000277767,RP11-365P13.5,eQTL,Pituitary,eCAVIAR,0.501819,False,False,False
chr1:112699500:G:T,rs1106287,ENSG00000155363,MOV10,eQTL,Lung,eCAVIAR,0.500665,False,False,False
chr1:165768467:G:C,rs2790053,ENSG00000224358,RP11-466F5.8,eQTL,Pituitary,eCAVIAR,0.499979,False,False,False
chr14:74618126:G:A,rs754458,ENSG00000205659,LIN52,eQTL,Brain_Hypothalamus,eCAVIAR,0.499853,False,False,False
chr15:73928957:C:T,rs1550437,ENSG00000178802,MPI,eQTL,Muscle_Skeletal,eCAVIAR,0.497105,False,False,False
chr13:110125592:G:C,rs2218471,ENSG00000213995,NAXD,eQTL,Liver,eCAVIAR,0.494408,False,False,False
chr9:110549951:G:C,rs61751937,ENSG00000173258,ZNF483,eQTL,Liver,eCAVIAR,0.491271,False,False,False
chr22:37780972:G:T,rs5750494,ENSG00000100142,POLR2F,eQTL,Nerve_Tibial,eCAVIAR,0.490082,False,False,False
chr9:110549951:G:C,rs61751937,ENSG00000173258,ZNF483,eQTL,Stomach,eCAVIAR,0.488623,False,False,False
chr6:29839124:G:C,rs407238/rs115586772,ENSG00000204525,HLA-C,sQTL,Esophagus_Muscularis,eCAVIAR,0.485925,False,False,False
chr15:91788477:G:A,rs8038628,ENSG00000140553,UNC45A,sQTL,Esophagus_Muscularis,eCAVIAR,0.482345,False,False,False
chrX:13936278:C:T,rs66819623,ENSG00000223773,CD99P1,eQTL,Esophagus_Muscularis,eCAVIAR,0.480956,False,False,False
chrX:3411552:C:T,rs12846405,ENSG00000223773,CD99P1,eQTL,Esophagus_Muscularis,eCAVIAR,0.480956,False,False,False
chrX:44081581:C:T,rs17146835,ENSG00000223773,CD99P1,eQTL,Esophagus_Muscularis,eCAVIAR,0.480956,False,False,False
chr9:110549951:G:C,rs61751937,ENSG00000106853,PTGR1,sQTL,Colon_Transverse,eCAVIAR,0.480918,False,False,False
chr9:110549951:G:C,rs61751937,ENSG00000106853,PTGR1,sQTL,Brain_Frontal_Cortex_BA9,eCAVIAR,0.479725,False,False,False
chr4:53161428:G:A,rs10517281,ENSG00000248115,RP11-752D24.2,eQTL,Thyroid,eCAVIAR,0.479571,False,False,False
chr11:65569780:T:A,rs1346,ENSG00000173727,CMB9-22P13.1,eQTL,Adipose_Visceral_Omentum,eCAVIAR,0.476829,False,False,False
chr12:111494996:C:T,rs7137828,ENSG00000089022,MAPKAPK5,eQTL,Prostate,eCAVIAR,0.476781,False,False,False
chr9:110549951:G:C,rs61751937,ENSG00000106853,PTGR1,eQTL,Brain_Amygdala,eCAVIAR,0.474803,False,False,False
chr6:29839124:G:C,rs407238/rs115586772,ENSG00000204525,HLA-C,sQTL,Artery_Aorta,eCAVIAR,0.474317,False,False,False
chr14:75905315:G:C,rs4903352,ENSG00000119699,TGFB3,sQTL,Adipose_Visceral_Omentum,eCAVIAR,0.469789,False,False,False
chr7:151808612:C:T,rs62478245,ENSG00000002933,TMEM176A,sQTL,Lung,eCAVIAR,0.469147,False,False,False
chr6:29839124:G:C,rs407238/rs115586772,ENSG00000228022,HCG20,eQTL,Colon_Transverse,eCAVIAR,0.468344,False,False,False
chr7:134835770:C:A,rs10237321,ENSG00000122786,CALD1,eQTL,Liver,eCAVIAR,0.467991,False,False,False
chr3:150347493:C:T,rs11710845,ENSG00000196428,TSC22D2,eQTL,Esophagus_Mucosa,eCAVIAR,0.464887,False,False,False
chr4:53161428:G:A,rs10517281,ENSG00000072201,LNX1,eQTL,Cells_Cultured_fibroblasts,eCAVIAR,0.463971,False,False,False
chr6:29839124:G:C,rs407238/rs115586772,ENSG00000137411,VARS2,eQTL,Whole_Blood,eCAVIAR,0.463788,False,False,False
chr12:111494996:C:T,rs7137828,ENSG00000111271,ACAD10,eQTL,Testis,eCAVIAR,0.462824,False,False,False
chr1:162709355:G:A,rs4542196,ENSG00000244682,FCGR2C,sQTL,Small_Intestine_Terminal_Ileum,eCAVIAR,0.461912,False,False,False
chr1:162709355:G:A,rs4542196,ENSG00000244682,FCGR2C,sQTL,Small_Intestine_Terminal_Ileum,eCAVIAR,0.461912,False,False,False
chr6:29839124:G:C,rs407238/rs115586772,ENSG00000204542,C6orf15,eQTL,Skin_Not_Sun_Exposed_Suprapubic,eCAVIAR,0.461281,False,False,False
chr2:66310212:G:T,rs4414666,ENSG00000011523,CEP68,eQTL,Cells_Cultured_fibroblasts,eCAVIAR,0.460767,False,False,False
chr22:37780972:G:T,rs5750494,ENSG00000100124,ANKRD54,eQTL,Colon_Sigmoid,eCAVIAR,0.459548,False,False,False
chr6:29839124:G:C,rs407238/rs115586772,ENSG00000204536,CCHCR1,sQTL,Esophagus_Mucosa,eCAVIAR,0.457757,False,False,False
chr15:91788477:G:A,rs8038628,ENSG00000185442,FAM174B,sQTL,Muscle_Skeletal,eCAVIAR,0.455986,False,False,False
chr2:66310212:G:T,rs4414666,ENSG00000226819,MEIS1-AS3,eQTL,Brain_Cerebellar_Hemisphere,eCAVIAR,0.452916,False,False,False
chr17:47617876:AT:A,rs1348518145,ENSG00000178852,EFCAB13,eQTL,Heart_Atrial_Appendage,eCAVIAR,0.450364,False,False,False
chr9:110549951:G:C,rs61751937,ENSG00000204173,LRRC37A5P,eQTL,Adipose_Visceral_Omentum,eCAVIAR,0.450222,False,False,False
chr11:47447887:G:A,rs7111873,ENSG00000180720,CHRM4,eQTL,Thyroid,eCAVIAR,0.449107,False,False,False
chr11:65569780:T:A,rs1346,ENSG00000168056,LTBP3,eQTL,Colon_Sigmoid,eCAVIAR,0.447453,False,False,False
chr7:103984366:G:A,rs12667675,ENSG00000105808,RASA4,eQTL,Esophagus_Mucosa,eCAVIAR,0.446272,False,False,False
chr3:186411027:G:A,rs56233426,ENSG00000163900,TMEM41A,eQTL,Thyroid,eCAVIAR,0.44524,False,False,False
chr6:29839124:G:C,rs407238/rs115586772,ENSG00000204540,PSORS1C1,eQTL,Esophagus_Mucosa,eCAVIAR,0.442483,False,False,False
chr11:65569780:T:A,rs1346,ENSG00000214659,KRT8P26,eQTL,Brain_Nucleus_accumbens_basal_ganglia,eCAVIAR,0.440228,False,False,False
chr1:37611020:C:T,rs10908363,ENSG00000183520,UTP11,eQTL,Stomach,eCAVIAR,0.43814,False,False,False
chr1:112699500:G:T,rs1106287,ENSG00000134245,WNT2B,eQTL,Pituitary,eCAVIAR,0.435703,False,False,False
chr11:65569780:T:A,rs1346,ENSG00000172818,OVOL1,eQTL,Esophagus_Gastroesophageal_Junction,eCAVIAR,0.435074,False,False,False
chr12:111494996:C:T,rs7137828,ENSG00000226469,ADAM1B,eQTL,Cells_Cultured_fibroblasts,eCAVIAR,0.43488,False,False,False
chr12:111494996:C:T,rs7137828,ENSG00000111275,ALDH2,eQTL,Adipose_Subcutaneous,eCAVIAR,0.434215,False,False,False
chr12:111494996:C:T,rs7137828,ENSG00000198270,TMEM116,eQTL,Heart_Left_Ventricle,eCAVIAR,0.432935,False,False,False
chr9:110549951:G:C,rs61751937,ENSG00000173258,ZNF483,eQTL,Heart_Atrial_Appendage,eCAVIAR,0.431907,False,False,False
chr11:65569780:T:A,rs1346,ENSG00000254614,AP003068.23,eQTL,Prostate,eCAVIAR,0.431274,False,False,False
chr11:65569780:T:A,rs1346,ENSG00000168056,LTBP3,eQTL,Esophagus_Gastroesophageal_Junction,eCAVIAR,0.430963,False,False,False
chr1:112699500:G:T,rs1106287,ENSG00000155363,MOV10,eQTL,Spleen,eCAVIAR,0.430902,False,False,False
chr11:16989629:C:A,rs4141194,ENSG00000148965,SAA4,eQTL,Adipose_Subcutaneous,eCAVIAR,0.428235,False,False,False
chr6:29839124:G:C,rs407238/rs115586772,ENSG00000204525,HLA-C,sQTL,Whole_Blood,eCAVIAR,0.426342,False,False,False
chr6:29839124:G:C,rs407238/rs115586772,ENSG00000204531,POU5F1,eQTL,Skin_Sun_Exposed_Lower_leg,eCAVIAR,0.425904,False,False,False
chr12:111494996:C:T,rs7137828,ENSG00000198270,TMEM116,sQTL,Muscle_Skeletal,eCAVIAR,0.424862,False,False,False
chr12:111494996:C:T,rs7137828,ENSG00000198270,TMEM116,eQTL,Brain_Putamen_basal_ganglia,eCAVIAR,0.424566,False,False,False
chr9:110549951:G:C,rs61751937,ENSG00000106853,PTGR1,sQTL,Lung,eCAVIAR,0.424511,False,False,False
chr11:65569780:T:A,rs1346,ENSG00000173727,CMB9-22P13.1,eQTL,Pancreas,eCAVIAR,0.423108,False,False,False
chr12:111494996:C:T,rs7137828,ENSG00000111275,ALDH2,eQTL,Adipose_Visceral_Omentum,eCAVIAR,0.422993,False,False,False
chr1:91611540:G:A,rs1192415,ENSG00000162669,HFM1,eQTL,Esophagus_Mucosa,eCAVIAR,0.422073,False,False,False
chr7:134835770:C:A,rs10237321,ENSG00000146856,AGBL3,sQTL,Muscle_Skeletal,eCAVIAR,0.421226,False,False,False
chr1:37611020:C:T,rs10908363,ENSG00000116922,C1orf109,sQTL,Skin_Not_Sun_Exposed_Suprapubic,eCAVIAR,0.420134,False,False,False
chr12:111494996:C:T,rs7137828,ENSG00000089248,ERP29,sQTL,Skin_Sun_Exposed_Lower_leg,eCAVIAR,0.418421,False,False,False
chr12:111494996:C:T,rs7137828,ENSG00000198270,TMEM116,eQTL,Artery_Aorta,eCAVIAR,0.415958,False,False,False
chr11:65569780:T:A,rs1346,ENSG00000142186,SCYL1,eQTL,Adrenal_Gland,eCAVIAR,0.415243,False,False,False
chr1:165768467:G:C,rs2790053,ENSG00000224358,RP11-466F5.8,eQTL,Lung,eCAVIAR,0.414598,False,False,False
chr16:65033540:C:T,rs12447201,ENSG00000278893,RP11-229O3.1,eQTL,Lung,eCAVIAR,0.414571,False,False,False
chr16:65033540:C:T,rs12447201,ENSG00000278893,RP11-229O3.1,eQTL,Cells_Cultured_fibroblasts,eCAVIAR,0.414571,False,False,False
chr16:65033540:C:T,rs12447201,ENSG00000278893,RP11-229O3.1,eQTL,Nerve_Tibial,eCAVIAR,0.414571,False,False,False
chr16:65033540:C:T,rs12447201,ENSG00000278893,RP11-229O3.1,eQTL,Brain_Caudate_basal_ganglia,eCAVIAR,0.414571,False,False,False
chr16:65033540:C:T,rs12447201,ENSG00000278893,RP11-229O3.1,eQTL,Adipose_Subcutaneous,eCAVIAR,0.414571,False,False,False
chr16:65033540:C:T,rs12447201,ENSG00000278893,RP11-229O3.1,eQTL,Ovary,eCAVIAR,0.414569,False,False,False
chr16:65033540:C:T,rs12447201,ENSG00000278893,RP11-229O3.1,eQTL,Spleen,eCAVIAR,0.414539,False,False,False
chrX:13936278:C:T,rs66819623,ENSG00000002586,CD99,eQTL,Thyroid,eCAVIAR,0.413805,False,False,False
chrX:3411552:C:T,rs12846405,ENSG00000002586,CD99,eQTL,Thyroid,eCAVIAR,0.413805,False,False,False
chrX:44081581:C:T,rs17146835,ENSG00000002586,CD99,eQTL,Thyroid,eCAVIAR,0.413805,False,False,False
chr11:65569780:T:A,rs1346,ENSG00000168061,SAC3D1,eQTL,Testis,eCAVIAR,0.413754,False,False,False
chr16:65033540:C:T,rs12447201,ENSG00000140937,CDH11,sQTL,Cells_Cultured_fibroblasts,eCAVIAR,0.413538,False,False,False
chr16:65033540:C:T,rs12447201,ENSG00000278893,RP11-229O3.1,eQTL,Esophagus_Muscularis,eCAVIAR,0.411346,False,False,False
chr16:65033540:C:T,rs12447201,ENSG00000278893,RP11-229O3.1,eQTL,Colon_Transverse,eCAVIAR,0.409213,False,False,False
chr12:111494996:C:T,rs7137828,ENSG00000089022,MAPKAPK5,eQTL,Colon_Sigmoid,eCAVIAR,0.408327,False,False,False
chr6:29839124:G:C,rs407238/rs115586772,ENSG00000204538,PSORS1C2,eQTL,Uterus,eCAVIAR,0.40734,False,False,False
chr11:65569780:T:A,rs1346,ENSG00000214659,KRT8P26,eQTL,Colon_Transverse,eCAVIAR,0.405377,False,False,False
chr11:65569780:T:A,rs1346,ENSG00000255557,RP11-770G2.2,eQTL,Esophagus_Muscularis,eCAVIAR,0.405197,False,False,False
chr9:110549951:G:C,rs61751937,ENSG00000106853,PTGR1,eQTL,Ovary,eCAVIAR,0.401744,False,False,False
chr11:65569780:T:A,rs1346,ENSG00000168056,LTBP3,eQTL,Esophagus_Mucosa,eCAVIAR,0.401445,False,False,False
chr1:37611020:C:T,rs10908363,ENSG00000116922,C1orf109,eQTL,Pancreas,eCAVIAR,0.40127,False,False,False
chr1:112699500:G:T,rs1106287,ENSG00000155363,MOV10,eQTL,Breast_Mammary_Tissue,eCAVIAR,0.400753,False,False,False
chr2:66310212:G:T,rs4414666,ENSG00000138071,ACTR2,eQTL,Adipose_Visceral_Omentum,eCAVIAR,0.39868,False,False,False
chr1:165768467:G:C,rs2790053,ENSG00000224358,RP11-466F5.8,eQTL,Liver,eCAVIAR,0.395867,False,False,False
chr11:65569780:T:A,rs1346,ENSG00000173442,EHBP1L1,eQTL,Stomach,eCAVIAR,0.393883,False,False,False
chr7:151808612:C:T,rs62478245,ENSG00000196584,XRCC2,eQTL,Brain_Substantia_nigra,eCAVIAR,0.392651,False,False,False
chr7:151808612:C:T,rs62478245,ENSG00000196584,XRCC2,eQTL,Testis,eCAVIAR,0.392651,False,False,False
chr7:151808612:C:T,rs62478245,ENSG00000196584,XRCC2,eQTL,Muscle_Skeletal,eCAVIAR,0.392651,False,False,False
chr7:151808612:C:T,rs62478245,ENSG00000196584,XRCC2,eQTL,Brain_Cerebellum,eCAVIAR,0.392651,False,False,False
chr12:106825530:G:A,rs1037013,ENSG00000136026,CKAP4,eQTL,Retina,eCAVIAR,0.392645,False,False,False
chr7:151808612:C:T,rs62478245,ENSG00000196584,XRCC2,eQTL,Esophagus_Gastroesophageal_Junction,eCAVIAR,0.392644,False,False,False
chr1:162709355:G:A,rs4542196,ENSG00000158864,NDUFS2,eQTL,Brain_Cerebellum,eCAVIAR,0.392193,False,False,False
chr7:103984366:G:A,rs12667675,ENSG00000205238,SPDYE2,eQTL,Skin_Sun_Exposed_Lower_leg,eCAVIAR,0.392079,False,False,False
chr7:103984366:G:A,rs12667675,ENSG00000205238,SPDYE2,eQTL,Skin_Sun_Exposed_Lower_leg,eCAVIAR,0.392077,False,False,False
chr9:110549951:G:C,rs61751937,ENSG00000173258,ZNF483,eQTL,Adipose_Subcutaneous,eCAVIAR,0.391507,False,False,False
chr7:151808612:C:T,rs62478245,ENSG00000196584,XRCC2,eQTL,Brain_Cerebellar_Hemisphere,eCAVIAR,0.391405,False,False,False
chr16:65033540:C:T,rs12447201,ENSG00000278893,RP11-229O3.1,eQTL,Breast_Mammary_Tissue,eCAVIAR,0.389453,False,False,False
chr1:36147354:C:A,rs4652902,ENSG00000116885,OSCP1,eQTL,Pancreas,eCAVIAR,0.389368,False,False,False
chr16:65033540:C:T,rs12447201,ENSG00000278893,RP11-229O3.1,eQTL,Artery_Tibial,eCAVIAR,0.387254,False,False,False
chrX:13936278:C:T,rs66819623,ENSG00000214717,ZBED1,eQTL,Whole_Blood,eCAVIAR,0.386396,False,False,False
chrX:3411552:C:T,rs12846405,ENSG00000214717,ZBED1,eQTL,Whole_Blood,eCAVIAR,0.386396,False,False,False
chrX:44081581:C:T,rs17146835,ENSG00000214717,ZBED1,eQTL,Whole_Blood,eCAVIAR,0.386396,False,False,False
chr13:73065233:G:A,rs9530143,ENSG00000204899,MZT1,eQTL,Esophagus_Muscularis,eCAVIAR,0.385846,False,False,False
chr7:151808612:C:T,rs62478245,ENSG00000196584,XRCC2,eQTL,Brain_Cortex,eCAVIAR,0.385693,False,False,False
chr8:6519620:G:C,rs2515437,ENSG00000147316,MCPH1,eQTL,Testis,eCAVIAR,0.385483,False,False,False
chr11:16989629:C:A,rs4141194,ENSG00000272034,SNORD14A,eQTL,Brain_Cerebellar_Hemisphere,eCAVIAR,0.384398,False,False,False
chr7:117996057:G:C,rs10230941,ENSG00000077063,CTTNBP2,eQTL,Retina,eCAVIAR,0.383842,False,False,False
chr6:29839124:G:C,rs407238/rs115586772,ENSG00000204525,HLA-C,eQTL,Spleen,eCAVIAR,0.382764,False,False,False
chr9:110549951:G:C,rs61751937,ENSG00000106853,PTGR1,eQTL,Brain_Hippocampus,eCAVIAR,0.38231,False,False,False
chr22:37780972:G:T,rs5750494,ENSG00000222044,RP5-1039K5.16,eQTL,Nerve_Tibial,eCAVIAR,0.381785,False,False,False
chr16:65033540:C:T,rs12447201,ENSG00000278893,RP11-229O3.1,eQTL,Skin_Sun_Exposed_Lower_leg,eCAVIAR,0.381734,False,False,False
chr9:110549951:G:C,rs61751937,ENSG00000106853,PTGR1,sQTL,Skin_Sun_Exposed_Lower_leg,eCAVIAR,0.376211,False,False,False
chr1:68371486:C:A,rs4076000,ENSG00000033122,LRRC7,eQTL,Skin_Not_Sun_Exposed_Suprapubic,eCAVIAR,0.374124,False,False,False
chr11:65569780:T:A,rs1346,ENSG00000142186,SCYL1,eQTL,Whole_Blood,eCAVIAR,0.373282,False,False,False
chr1:100629646:G:A,rs12566440,ENSG00000162692,VCAM1,eQTL,Esophagus_Mucosa,eCAVIAR,0.372164,False,False,False
chr6:29839124:G:C,rs407238/rs115586772,ENSG00000204528,PSORS1C3,eQTL,Pancreas,eCAVIAR,0.370553,False,False,False
chr6:29839124:G:C,rs407238/rs115586772,ENSG00000204538,PSORS1C2,eQTL,Colon_Transverse,eCAVIAR,0.3694,False,False,False
chr11:16989629:C:A,rs4141194,ENSG00000260196,RP1-239B22.5,eQTL,Whole_Blood,eCAVIAR,0.366992,False,False,False
chr12:111494996:C:T,rs7137828,ENSG00000111275,ALDH2,eQTL,Whole_Blood,eCAVIAR,0.366595,False,False,False
chr11:16989629:C:A,rs4141194,ENSG00000254586,RP11-358H18.3,eQTL,Pituitary,eCAVIAR,0.365923,False,False,False
chr17:45948522:C:A,rs242559/rs114919114,ENSG00000181513,ACBD4,eQTL,Artery_Tibial,eCAVIAR,0.36236,False,False,False
chr7:151808612:C:T,rs62478245,ENSG00000196584,XRCC2,eQTL,Pancreas,eCAVIAR,0.361953,False,False,False
chr12:111494996:C:T,rs7137828,ENSG00000257595,RP3-473L9.4,eQTL,Adipose_Subcutaneous,eCAVIAR,0.361438,False,False,False
chr12:111494996:C:T,rs7137828,ENSG00000111300,NAA25,eQTL,Adipose_Subcutaneous,eCAVIAR,0.361391,False,False,False
chr11:65569780:T:A,rs1346,ENSG00000014138,POLA2,eQTL,Esophagus_Mucosa,eCAVIAR,0.360162,False,False,False
chr17:45948522:C:A,rs242559/rs114919114,ENSG00000136448,NMT1,eQTL,Brain_Caudate_basal_ganglia,eCAVIAR,0.359129,False,False,False
chr8:123542077:T:A,rs62521288,ENSG00000156787,TBC1D31,eQTL,Brain_Nucleus_accumbens_basal_ganglia,eCAVIAR,0.358997,False,False,False
chr1:37611020:C:T,rs10908363,ENSG00000116922,C1orf109,sQTL,Muscle_Skeletal,eCAVIAR,0.358977,False,False,False
chr1:37611020:C:T,rs10908363,ENSG00000116922,C1orf109,sQTL,Muscle_Skeletal,eCAVIAR,0.358977,False,False,False
chr1:37611020:C:T,rs10908363,ENSG00000183386,FHL3,eQTL,Muscle_Skeletal,eCAVIAR,0.358435,False,False,False
chr7:103984366:G:A,rs12667675,ENSG00000161036,LRWD1,eQTL,Whole_Blood,eCAVIAR,0.358016,False,False,False
chr1:165768467:G:C,rs2790053,ENSG00000143183,TMCO1,eQTL,Esophagus_Muscularis,eCAVIAR,0.357844,False,False,False
chr16:77627835:C:T,rs280875,ENSG00000261707,RP11-264M12.2,eQTL,Skin_Sun_Exposed_Lower_leg,eCAVIAR,0.354425,False,False,False
chr11:16989629:C:A,rs4141194,ENSG00000151116,UEVLD,eQTL,Esophagus_Gastroesophageal_Junction,eCAVIAR,0.352708,False,False,False
chr11:65569780:T:A,rs1346,ENSG00000168056,LTBP3,eQTL,Thyroid,eCAVIAR,0.35243,False,False,False
chr8:6519620:G:C,rs2515437,ENSG00000147316,MCPH1,eQTL,Brain_Cortex,eCAVIAR,0.351757,False,False,False
chr12:111494996:C:T,rs7137828,ENSG00000089234,BRAP,eQTL,Skin_Not_Sun_Exposed_Suprapubic,eCAVIAR,0.350928,False,False,False
chr12:111494996:C:T,rs7137828,ENSG00000173064,HECTD4,eQTL,Adipose_Subcutaneous,eCAVIAR,0.350802,False,False,False
chr14:74618126:G:A,rs754458,ENSG00000258586,RP5-1021I20.2,eQTL,Brain_Substantia_nigra,eCAVIAR,0.349503,False,False,False
chr14:74618126:G:A,rs754458,ENSG00000140043,PTGR2,eQTL,Minor_Salivary_Gland,eCAVIAR,0.34637,False,False,False
chr1:37611020:C:T,rs10908363,ENSG00000116922,C1orf109,sQTL,Ovary,eCAVIAR,0.346109,False,False,False
chr7:151808612:C:T,rs62478245,ENSG00000261455,LINC01003,eQTL,Uterus,eCAVIAR,0.345934,False,False,False
chr11:65569780:T:A,rs1346,ENSG00000174851,YIF1A,eQTL,Esophagus_Muscularis,eCAVIAR,0.344092,False,False,False
chr7:151808612:C:T,rs62478245,ENSG00000196584,XRCC2,eQTL,Esophagus_Muscularis,eCAVIAR,0.343913,False,False,False
chr11:65569780:T:A,rs1346,ENSG00000142186,SCYL1,eQTL,Whole_Blood,eCAVIAR,0.342481,False,False,False
chr15:91788477:G:A,rs8038628,ENSG00000259170,RP11-763K15.1,sQTL,Testis,eCAVIAR,0.341603,False,False,False
chr7:151808612:C:T,rs62478245,ENSG00000239911,PRKAG2-AS1,sQTL,Brain_Frontal_Cortex_BA9,eCAVIAR,0.340135,False,False,False
chr13:110125592:G:C,rs2218471,ENSG00000275830,RP11-403A3.3,eQTL,Colon_Sigmoid,eCAVIAR,0.336377,False,False,False
chr7:151808612:C:T,rs62478245,ENSG00000133627,ACTR3B,eQTL,Skin_Not_Sun_Exposed_Suprapubic,eCAVIAR,0.327738,False,False,False
chr9:110549951:G:C,rs61751937,ENSG00000173258,ZNF483,eQTL,Nerve_Tibial,eCAVIAR,0.326596,False,False,False
chr11:16989629:C:A,rs4141194,ENSG00000272034,SNORD14A,eQTL,Pituitary,eCAVIAR,0.325485,False,False,False
chr2:12811195:C:T,rs12623251,ENSG00000225649,AC064875.2,eQTL,Adipose_Subcutaneous,eCAVIAR,0.322986,False,False,False
chr10:124590079:C:T,rs10430737,ENSG00000107902,LHPP,eQTL,Brain_Cortex,eCAVIAR,0.322695,False,False,False
chr15:73928957:C:T,rs1550437,ENSG00000261801,LOXL1-AS1,eQTL,Muscle_Skeletal,eCAVIAR,0.321697,False,False,False
chr8:123542077:T:A,rs62521288,ENSG00000189376,C8orf76,sQTL,Cells_EBV-transformed_lymphocytes,eCAVIAR,0.318626,False,False,False
chr11:65569780:T:A,rs1346,ENSG00000168056,LTBP3,sQTL,Heart_Left_Ventricle,eCAVIAR,0.318078,False,False,False
chr11:16989629:C:A,rs4141194,ENSG00000006071,ABCC8,eQTL,Testis,eCAVIAR,0.316084,False,False,False
chr15:73928957:C:T,rs1550437,ENSG00000156642,NPTN,eQTL,Brain_Cerebellum,eCAVIAR,0.315473,False,False,False
chr22:28712241:G:A,rs5752776,ENSG00000183579,ZNRF3,eQTL,Artery_Tibial,eCAVIAR,0.315396,False,False,False
chr1:68371486:C:A,rs4076000,ENSG00000162595,DIRAS3,eQTL,Artery_Tibial,eCAVIAR,0.31402,False,False,False
chr2:69184385:C:A,rs6732795,ENSG00000169599,NFU1,sQTL,Colon_Sigmoid,eCAVIAR,0.313001,False,False,False
chr17:10127866:G:A,rs9913911,ENSG00000187824,TMEM220,sQTL,Stomach,eCAVIAR,0.312984,False,False,False
chr11:65569780:T:A,rs1346,ENSG00000214659,KRT8P26,eQTL,Stomach,eCAVIAR,0.311708,False,False,False
chr11:65569780:T:A,rs1346,ENSG00000251562,MALAT1,eQTL,Thyroid,eCAVIAR,0.310967,False,False,False
chr11:65569780:T:A,rs1346,ENSG00000174996,KLC2,sQTL,Adipose_Visceral_Omentum,eCAVIAR,0.309794,False,False,False
chr1:165768467:G:C,rs2790053,ENSG00000143183,TMCO1,eQTL,Thyroid,eCAVIAR,0.309226,False,False,False
chr22:28712241:G:A,rs5752776,ENSG00000100219,XBP1,eQTL,Heart_Atrial_Appendage,eCAVIAR,0.308957,False,False,False
chr20:6489447:G:A,rs2326788,ENSG00000101311,FERMT1,eQTL,Cells_Cultured_fibroblasts,eCAVIAR,0.305615,False,False,False
chr9:110549951:G:C,rs61751937,ENSG00000198121,LPAR1,eQTL,Nerve_Tibial,eCAVIAR,0.304892,False,False,False
chr16:77627835:C:T,rs280875,ENSG00000261707,RP11-264M12.2,eQTL,Breast_Mammary_Tissue,eCAVIAR,0.301604,False,False,False
chr2:69184385:C:A,rs6732795,ENSG00000115977,AAK1,eQTL,Lung,eCAVIAR,0.298964,False,False,False
chr9:110549951:G:C,rs61751937,ENSG00000106853,PTGR1,eQTL,Brain_Cortex,eCAVIAR,0.297789,False,False,False
chr3:186411027:G:A,rs56233426,ENSG00000058866,DGKG,eQTL,Skin_Not_Sun_Exposed_Suprapubic,eCAVIAR,0.296948,False,False,False
chr20:46905414:G:A,rs6124885,ENSG00000080189,SLC35C2,eQTL,Skin_Sun_Exposed_Lower_leg,eCAVIAR,0.29671,False,False,False
chr12:111494996:C:T,rs7137828,ENSG00000173064,HECTD4,eQTL,Skin_Sun_Exposed_Lower_leg,eCAVIAR,0.294317,False,False,False
chr11:65569780:T:A,rs1346,ENSG00000168056,LTBP3,eQTL,Spleen,eCAVIAR,0.294195,False,False,False
chr2:66310212:G:T,rs4414666,ENSG00000143971,ETAA1,sQTL,Muscle_Skeletal,eCAVIAR,0.293342,False,False,False
chr6:29839124:G:C,rs407238/rs115586772,ENSG00000272501,XXbac-BPG299F13.17,eQTL,Heart_Left_Ventricle,eCAVIAR,0.29151,False,False,False
chr12:111494996:C:T,rs7137828,ENSG00000198270,TMEM116,sQTL,Heart_Left_Ventricle,eCAVIAR,0.291291,False,False,False
chr15:91788477:G:A,rs8038628,ENSG00000258676,RP11-386M24.3,eQTL,Lung,eCAVIAR,0.290342,False,False,False
chr15:91788477:G:A,rs8038628,ENSG00000176463,SLCO3A1,sQTL,Skin_Not_Sun_Exposed_Suprapubic,eCAVIAR,0.289125,False,False,False
chr15:91788477:G:A,rs8038628,ENSG00000176463,SLCO3A1,sQTL,Skin_Not_Sun_Exposed_Suprapubic,eCAVIAR,0.289125,False,False,False
chr16:77627835:C:T,rs280875,ENSG00000140876,NUDT7,sQTL,Esophagus_Muscularis,eCAVIAR,0.288563,False,False,False
chr11:65569780:T:A,rs1346,ENSG00000213445,SIPA1,eQTL,Muscle_Skeletal,eCAVIAR,0.286207,False,False,False
chr17:45948522:C:A,rs242559/rs114919114,ENSG00000159314,ARHGAP27,eQTL,Heart_Atrial_Appendage,eCAVIAR,0.285786,False,False,False
chr3:188349165:G:T,rs6787621,ENSG00000145012,LPP,eQTL,Muscle_Skeletal,eCAVIAR,0.285257,False,False,False
chr12:111494996:C:T,rs7137828,ENSG00000198270,TMEM116,eQTL,Stomach,eCAVIAR,0.284151,False,False,False
chr15:91788477:G:A,rs8038628,ENSG00000166965,RCCD1,eQTL,Pituitary,eCAVIAR,0.28287,False,False,False
chr7:134835770:C:A,rs10237321,ENSG00000122786,CALD1,eQTL,Skin_Sun_Exposed_Lower_leg,eCAVIAR,0.28218,False,False,False
chr9:110549951:G:C,rs61751937,ENSG00000136810,TXN,eQTL,Adipose_Visceral_Omentum,eCAVIAR,0.277486,False,False,False
chr12:111494996:C:T,rs7137828,ENSG00000111300,NAA25,eQTL,Adipose_Visceral_Omentum,eCAVIAR,0.275163,False,False,False
chr17:45948522:C:A,rs242559/rs114919114,ENSG00000161714,PLCD3,eQTL,Lung,eCAVIAR,0.274531,False,False,False
chr12:111494996:C:T,rs7137828,ENSG00000198270,TMEM116,sQTL,Artery_Aorta,eCAVIAR,0.272461,False,False,False
chr17:45948522:C:A,rs242559/rs114919114,ENSG00000073969,NSF,eQTL,Colon_Sigmoid,eCAVIAR,0.271164,False,False,False
chr13:110125592:G:C,rs2218471,ENSG00000275830,RP11-403A3.3,eQTL,Adipose_Subcutaneous,eCAVIAR,0.270282,False,False,False
chr15:91788477:G:A,rs8038628,ENSG00000184508,HDDC3,eQTL,Skin_Sun_Exposed_Lower_leg,eCAVIAR,0.266359,False,False,False
chr13:110125592:G:C,rs2218471,ENSG00000275830,RP11-403A3.3,eQTL,Thyroid,eCAVIAR,0.264658,False,False,False
chr17:45948522:C:A,rs242559/rs114919114,ENSG00000264589,MAPT-AS1,eQTL,Testis,eCAVIAR,0.263547,False,False,False
chr14:74618126:G:A,rs754458,ENSG00000140043,PTGR2,sQTL,Spleen,eCAVIAR,0.263029,False,False,False
chr8:6519620:G:C,rs2515437,ENSG00000147316,MCPH1,eQTL,Brain_Cortex,eCAVIAR,0.260681,False,False,False
chr14:74618126:G:A,rs754458,ENSG00000187097,ENTPD5,sQTL,Thyroid,eCAVIAR,0.260366,False,False,False
chr10:113786776:G:A,rs72837408,ENSG00000234393,RP11-211N11.5,eQTL,Brain_Frontal_Cortex_BA9,eCAVIAR,0.260268,False,False,False
chr11:65569780:T:A,rs1346,ENSG00000173442,EHBP1L1,sQTL,Artery_Aorta,eCAVIAR,0.260183,False,False,False
chr11:65569780:T:A,rs1346,ENSG00000173442,EHBP1L1,sQTL,Artery_Aorta,eCAVIAR,0.260183,False,False,False
chr12:111494996:C:T,rs7137828,ENSG00000179295,PTPN11,eQTL,Esophagus_Mucosa,eCAVIAR,0.259744,False,False,False
chr7:103984366:G:A,rs12667675,ENSG00000005075,POLR2J,eQTL,Thyroid,eCAVIAR,0.259395,False,False,False
chr1:37611020:C:T,rs10908363,ENSG00000116922,C1orf109,sQTL,Adipose_Subcutaneous,eCAVIAR,0.257447,False,False,False
chr1:37611020:C:T,rs10908363,ENSG00000116922,C1orf109,sQTL,Adipose_Subcutaneous,eCAVIAR,0.257447,False,False,False
chr11:65569780:T:A,rs1346,ENSG00000260233,SSSCA1-AS1,eQTL,Heart_Atrial_Appendage,eCAVIAR,0.256313,False,False,False
chr11:65569780:T:A,rs1346,ENSG00000213445,SIPA1,eQTL,Muscle_Skeletal,eCAVIAR,0.255454,False,False,False
chr11:65569780:T:A,rs1346,ENSG00000254614,AP003068.23,eQTL,Brain_Spinal_cord_cervical_c-1,eCAVIAR,0.251154,False,False,False
chr15:91788477:G:A,rs8038628,ENSG00000182511,FES,eQTL,Artery_Tibial,eCAVIAR,0.250082,False,False,False
chr1:68371486:C:A,rs4076000,ENSG00000142864,SERBP1,eQTL,Artery_Tibial,eCAVIAR,0.249998,False,False,False
chr1:68371486:C:A,rs4076000,ENSG00000142864,SERBP1,eQTL,Artery_Tibial,eCAVIAR,0.249998,False,False,False
chr1:68371486:C:A,rs4076000,ENSG00000024526,DEPDC1,eQTL,Cells_Cultured_fibroblasts,eCAVIAR,0.249996,False,False,False
chr1:68371486:C:A,rs4076000,ENSG00000024526,DEPDC1,eQTL,Cells_Cultured_fibroblasts,eCAVIAR,0.249996,False,False,False
chr1:68371486:C:A,rs4076000,ENSG00000172380,GNG12,eQTL,Pancreas,eCAVIAR,0.249814,False,False,False
chr1:68371486:C:A,rs4076000,ENSG00000172380,GNG12,eQTL,Pancreas,eCAVIAR,0.249814,False,False,False
chr11:16989629:C:A,rs4141194,ENSG00000256464,YWHABP2,eQTL,Artery_Aorta,eCAVIAR,0.249598,False,False,False
chr11:65569780:T:A,rs1346,ENSG00000255517,CTD-3074O7.5,eQTL,Esophagus_Mucosa,eCAVIAR,0.249534,False,False,False
chr1:68371486:C:A,rs4076000,ENSG00000142864,SERBP1,eQTL,Muscle_Skeletal,eCAVIAR,0.249487,False,False,False
chr1:68371486:C:A,rs4076000,ENSG00000142864,SERBP1,eQTL,Muscle_Skeletal,eCAVIAR,0.249487,False,False,False
chr7:151808612:C:T,rs62478245,ENSG00000227562,RP11-796I2.1,sQTL,Testis,eCAVIAR,0.248772,False,False,False
chr1:68371486:C:A,rs4076000,ENSG00000116717,GADD45A,eQTL,Esophagus_Mucosa,eCAVIAR,0.248591,False,False,False
chr1:68371486:C:A,rs4076000,ENSG00000116717,GADD45A,eQTL,Esophagus_Mucosa,eCAVIAR,0.248591,False,False,False
chr1:68371486:C:A,rs4076000,ENSG00000172380,GNG12,eQTL,Testis,eCAVIAR,0.247686,False,False,False
chr1:68371486:C:A,rs4076000,ENSG00000172380,GNG12,eQTL,Testis,eCAVIAR,0.247686,False,False,False
chr10:76522305:C:T,rs2637250,ENSG00000148655,C10orf11,sQTL,Heart_Atrial_Appendage,eCAVIAR,0.246588,False,False,False
chr2:66310212:G:T,rs4414666,ENSG00000281920,RP11-418H16.1,eQTL,Artery_Aorta,eCAVIAR,0.245552,False,False,False
chr2:45651621:G:T,rs687914,ENSG00000068784,SRBD1,eQTL,Cells_Cultured_fibroblasts,eCAVIAR,0.244845,False,False,False
chr2:45651621:G:T,rs687914,ENSG00000068784,SRBD1,eQTL,Cells_Cultured_fibroblasts,eCAVIAR,0.244648,False,False,False
chr16:77627835:C:T,rs280875,ENSG00000140873,ADAMTS18,eQTL,Brain_Cerebellum,eCAVIAR,0.244123,False,False,False
chr13:110125592:G:C,rs2218471,ENSG00000275830,RP11-403A3.3,eQTL,Adipose_Subcutaneous,eCAVIAR,0.243357,False,False,False
chr11:65569780:T:A,rs1346,ENSG00000260233,SSSCA1-AS1,eQTL,Brain_Cerebellum,eCAVIAR,0.241805,False,False,False
chr11:65569780:T:A,rs1346,ENSG00000197847,SLC22A20,eQTL,Heart_Atrial_Appendage,eCAVIAR,0.241747,False,False,False
chr15:73928957:C:T,rs1550437,ENSG00000140459,CYP11A1,eQTL,Skin_Sun_Exposed_Lower_leg,eCAVIAR,0.240944,False,False,False
chr7:134835770:C:A,rs10237321,ENSG00000273219,RP11-644N4.1,eQTL,Brain_Cerebellar_Hemisphere,eCAVIAR,0.239674,False,False,False
chr6:29839124:G:C,rs407238/rs115586772,ENSG00000204525,HLA-C,sQTL,Heart_Atrial_Appendage,eCAVIAR,0.23823,False,False,False
chr14:74618126:G:A,rs754458,ENSG00000279026,RP3-414A15.12,eQTL,Nerve_Tibial,eCAVIAR,0.237621,False,False,False
chr11:65569780:T:A,rs1346,ENSG00000255517,CTD-3074O7.5,eQTL,Esophagus_Mucosa,eCAVIAR,0.236717,False,False,False
chr15:91788477:G:A,rs8038628,ENSG00000197299,BLM,eQTL,Skin_Sun_Exposed_Lower_leg,eCAVIAR,0.234846,False,False,False
chr15:91788477:G:A,rs8038628,ENSG00000182511,FES,eQTL,Artery_Tibial,eCAVIAR,0.234285,False,False,False
chr6:29839124:G:C,rs407238/rs115586772,ENSG00000204536,CCHCR1,sQTL,Cells_Cultured_fibroblasts,eCAVIAR,0.233517,False,False,False
chr15:91788477:G:A,rs8038628,ENSG00000176463,SLCO3A1,sQTL,Thyroid,eCAVIAR,0.232954,False,False,False
chr3:186411027:G:A,rs56233426,ENSG00000163900,TMEM41A,eQTL,Thyroid,eCAVIAR,0.232705,False,False,False
chr17:47617876:AT:A,rs1348518145,ENSG00000141295,SCRN2,sQTL,Lung,eCAVIAR,0.232288,False,False,False
chr16:65033540:C:T,rs12447201,ENSG00000278893,RP11-229O3.1,eQTL,Esophagus_Gastroesophageal_Junction,eCAVIAR,0.2308,False,False,False
chr2:69184385:C:A,rs6732795,ENSG00000243667,WDR92,eQTL,Adipose_Subcutaneous,eCAVIAR,0.230372,False,False,False
chr6:29839124:G:C,rs407238/rs115586772,ENSG00000206344,HCG27,eQTL,Whole_Blood,eCAVIAR,0.230069,False,False,False
chr11:65569780:T:A,rs1346,ENSG00000173727,CMB9-22P13.1,eQTL,Pancreas,eCAVIAR,0.229932,False,False,False
chr17:45948522:C:A,rs242559/rs114919114,ENSG00000181513,ACBD4,eQTL,Brain_Cerebellum,eCAVIAR,0.228839,False,False,False
chr1:68371486:C:A,rs4076000,ENSG00000235200,LINC01702,eQTL,Liver,eCAVIAR,0.228098,False,False,False
chr1:68371486:C:A,rs4076000,ENSG00000235200,LINC01702,eQTL,Liver,eCAVIAR,0.228098,False,False,False
chr13:110125592:G:C,rs2218471,ENSG00000275830,RP11-403A3.3,eQTL,Adipose_Visceral_Omentum,eCAVIAR,0.227613,False,False,False
chr21:25844528:T:A,rs13049669,ENSG00000154723,ATP5J,sQTL,Prostate,eCAVIAR,0.227381,False,False,False
chr9:110549951:G:C,rs61751937,ENSG00000188959,C9orf152,eQTL,Thyroid,eCAVIAR,0.226311,False,False,False
chr14:74618126:G:A,rs754458,ENSG00000156030,ELMSAN1,eQTL,Heart_Left_Ventricle,eCAVIAR,0.22605,False,False,False
chr15:73928957:C:T,rs1550437,ENSG00000140474,ULK3,eQTL,Artery_Aorta,eCAVIAR,0.226,False,False,False
chr15:91788477:G:A,rs8038628,ENSG00000271763,RP11-386M24.9,eQTL,Muscle_Skeletal,eCAVIAR,0.224588,False,False,False
chr11:65569780:T:A,rs1346,ENSG00000255200,PGAM1P8,eQTL,Colon_Sigmoid,eCAVIAR,0.224215,False,False,False
chr14:74618126:G:A,rs754458,ENSG00000258586,RP5-1021I20.2,eQTL,Testis,eCAVIAR,0.223469,False,False,False
chr17:45948522:C:A,rs242559/rs114919114,ENSG00000073969,NSF,eQTL,Esophagus_Gastroesophageal_Junction,eCAVIAR,0.223216,False,False,False
chr11:65569780:T:A,rs1346,ENSG00000173039,RELA,sQTL,Breast_Mammary_Tissue,eCAVIAR,0.22319,False,False,False
chr1:37611020:C:T,rs10908363,ENSG00000116922,C1orf109,sQTL,Colon_Transverse,eCAVIAR,0.222279,False,False,False
chr9:110549951:G:C,rs61751937,ENSG00000136810,TXN,eQTL,Heart_Atrial_Appendage,eCAVIAR,0.221665,False,False,False
chr13:22099731:G:A,rs4769194,ENSG00000233325,MIPEPP3,sQTL,Ovary,eCAVIAR,0.22144,False,False,False
chr6:29839124:G:C,rs407238/rs115586772,ENSG00000204536,CCHCR1,sQTL,Skin_Sun_Exposed_Lower_leg,eCAVIAR,0.221201,False,False,False
chr6:29839124:G:C,rs407238/rs115586772,ENSG00000204525,HLA-C,eQTL,Whole_Blood,eCAVIAR,0.220653,False,False,False
chr9:110549951:G:C,rs61751937,ENSG00000204173,LRRC37A5P,eQTL,Esophagus_Gastroesophageal_Junction,eCAVIAR,0.22055,False,False,False
chr9:110549951:G:C,rs61751937,ENSG00000106853,PTGR1,eQTL,Whole_Blood,eCAVIAR,0.219987,False,False,False
chr11:65569780:T:A,rs1346,ENSG00000254614,AP003068.23,eQTL,Artery_Coronary,eCAVIAR,0.219941,False,False,False
chr7:134835770:C:A,rs10237321,ENSG00000105875,WDR91,sQTL,Pituitary,eCAVIAR,0.219613,False,False,False
chr8:123542077:T:A,rs62521288,ENSG00000156787,TBC1D31,eQTL,Brain_Cerebellar_Hemisphere,eCAVIAR,0.21882,False,False,False
chr13:110125592:G:C,rs2218471,ENSG00000041515,MYO16,eQTL,Colon_Transverse,eCAVIAR,0.218613,False,False,False
chr12:111494996:C:T,rs7137828,ENSG00000226469,ADAM1B,eQTL,Adrenal_Gland,eCAVIAR,0.217364,False,False,False
chr11:65569780:T:A,rs1346,ENSG00000214659,KRT8P26,eQTL,Brain_Putamen_basal_ganglia,eCAVIAR,0.217275,False,False,False
chr1:37611020:C:T,rs10908363,ENSG00000116922,C1orf109,sQTL,Artery_Aorta,eCAVIAR,0.217208,False,False,False
chr11:65569780:T:A,rs1346,ENSG00000168056,LTBP3,sQTL,Prostate,eCAVIAR,0.216362,False,False,False
chr11:65569780:T:A,rs1346,ENSG00000168056,LTBP3,sQTL,Prostate,eCAVIAR,0.216362,False,False,False
chr14:74618126:G:A,rs754458,ENSG00000258408,NT5CP2,eQTL,Thyroid,eCAVIAR,0.216189,False,False,False
chr9:133255801:C:T,rs8176749,ENSG00000175164,ABO,eQTL,Skin_Sun_Exposed_Lower_leg,eCAVIAR,0.216029,False,False,False
chr1:68371486:C:A,rs4076000,ENSG00000172380,GNG12,eQTL,Brain_Frontal_Cortex_BA9,eCAVIAR,0.215039,False,False,False
chr1:68371486:C:A,rs4076000,ENSG00000172380,GNG12,eQTL,Brain_Frontal_Cortex_BA9,eCAVIAR,0.215039,False,False,False
chr11:120327384:G:A,rs1893261,ENSG00000181264,TMEM136,eQTL,Artery_Coronary,eCAVIAR,0.214936,False,False,False
chr10:94263320:C:T,rs57866767,ENSG00000138193,PLCE1,sQTL,Muscle_Skeletal,eCAVIAR,0.214767,False,False,False
chr16:65033540:C:T,rs12447201,ENSG00000278893,RP11-229O3.1,eQTL,Small_Intestine_Terminal_Ileum,eCAVIAR,0.214764,False,False,False
chr1:165768467:G:C,rs2790053,ENSG00000224358,RP11-466F5.8,eQTL,Stomach,eCAVIAR,0.213554,False,False,False
chr14:74618126:G:A,rs754458,ENSG00000140043,PTGR2,sQTL,Brain_Anterior_cingulate_cortex_BA24,eCAVIAR,0.210928,False,False,False
chr2:152508013:G:A,rs1579050,ENSG00000196504,PRPF40A,eQTL,Skin_Not_Sun_Exposed_Suprapubic,eCAVIAR,0.208835,False,False,False
chr14:74618126:G:A,rs754458,ENSG00000119596,YLPM1,eQTL,Esophagus_Gastroesophageal_Junction,eCAVIAR,0.208586,False,False,False
chr1:68371486:C:A,rs4076000,ENSG00000116745,RPE65,eQTL,Skin_Sun_Exposed_Lower_leg,eCAVIAR,0.208161,False,False,False
chr1:68371486:C:A,rs4076000,ENSG00000116745,RPE65,eQTL,Skin_Sun_Exposed_Lower_leg,eCAVIAR,0.208161,False,False,False
chr4:53161428:G:A,rs10517281,ENSG00000184178,SCFD2,eQTL,Skin_Sun_Exposed_Lower_leg,eCAVIAR,0.206603,False,False,False
chr1:68371486:C:A,rs4076000,ENSG00000172380,GNG12,eQTL,Thyroid,eCAVIAR,0.206099,False,False,False
chr1:68371486:C:A,rs4076000,ENSG00000172380,GNG12,eQTL,Thyroid,eCAVIAR,0.206099,False,False,False
chr14:74618126:G:A,rs754458,ENSG00000258646,RP11-950C14.3,eQTL,Adipose_Subcutaneous,eCAVIAR,0.206029,False,False,False
chr11:65569780:T:A,rs1346,ENSG00000260233,SSSCA1-AS1,eQTL,Small_Intestine_Terminal_Ileum,eCAVIAR,0.204562,False,False,False
chr13:110125592:G:C,rs2218471,ENSG00000275830,RP11-403A3.3,eQTL,Lung,eCAVIAR,0.204003,False,False,False
chr11:65569780:T:A,rs1346,ENSG00000173727,CMB9-22P13.1,eQTL,Lung,eCAVIAR,0.203294,False,False,False
chr1:68371486:C:A,rs4076000,ENSG00000116745,RPE65,eQTL,Testis,eCAVIAR,0.202783,False,False,False
chr1:68371486:C:A,rs4076000,ENSG00000116745,RPE65,eQTL,Testis,eCAVIAR,0.202783,False,False,False
chr15:91788477:G:A,rs8038628,ENSG00000166965,RCCD1,eQTL,Brain_Hippocampus,eCAVIAR,0.201283,False,False,False
chr9:133255801:C:T,rs8176749,ENSG00000148296,SURF6,eQTL,Esophagus_Muscularis,eCAVIAR,0.200594,False,False,False
chr22:37780972:G:T,rs5750494,ENSG00000100116,GCAT,eQTL,Nerve_Tibial,eCAVIAR,0.199837,False,False,False
chr11:65569780:T:A,rs1346,ENSG00000168061,SAC3D1,eQTL,Testis,eCAVIAR,0.197601,False,False,False
chr3:105354628:C:A,rs6437582,ENSG00000114423,CBLB,eQTL,Heart_Atrial_Appendage,eCAVIAR,0.196796,False,False,False
chr11:65569780:T:A,rs1346,ENSG00000255557,RP11-770G2.2,eQTL,Esophagus_Muscularis,eCAVIAR,0.19652,False,False,False
chr2:55705879:C:T,rs2627761,ENSG00000177994,C2orf73,eQTL,Nerve_Tibial,eCAVIAR,0.194501,False,False,False
chr17:45948522:C:A,rs242559/rs114919114,ENSG00000233175,CTD-2020K17.3,eQTL,Brain_Cortex,eCAVIAR,0.194471,False,False,False
chr6:29839124:G:C,rs407238/rs115586772,ENSG00000204525,HLA-C,sQTL,Breast_Mammary_Tissue,eCAVIAR,0.194462,False,False,False
chr7:103984366:G:A,rs12667675,ENSG00000189056,RELN,eQTL,Lung,eCAVIAR,0.194334,False,False,False
chr22:19882624:C:T,rs8141610,ENSG00000273343,XXbac-B444P24.13,eQTL,Heart_Atrial_Appendage,eCAVIAR,0.193992,False,False,False
chr14:74618126:G:A,rs754458,ENSG00000119725,ZNF410,sQTL,Minor_Salivary_Gland,eCAVIAR,0.193914,False,False,False
chr15:91788477:G:A,rs8038628,ENSG00000140553,UNC45A,eQTL,Pancreas,eCAVIAR,0.193753,False,False,False
chr7:103984366:G:A,rs12667675,ENSG00000189056,RELN,eQTL,Lung,eCAVIAR,0.19373,False,False,False
chr3:188349165:G:T,rs6787621,ENSG00000145012,LPP,eQTL,Muscle_Skeletal,eCAVIAR,0.193532,False,False,False
chr1:68371486:C:A,rs4076000,ENSG00000172380,GNG12,eQTL,Heart_Left_Ventricle,eCAVIAR,0.193218,False,False,False
chr1:68371486:C:A,rs4076000,ENSG00000172380,GNG12,eQTL,Heart_Left_Ventricle,eCAVIAR,0.193218,False,False,False
chr7:151808612:C:T,rs62478245,ENSG00000002933,TMEM176A,sQTL,Lung,eCAVIAR,0.192746,False,False,False
chr7:103984366:G:A,rs12667675,ENSG00000161036,LRWD1,eQTL,Cells_Cultured_fibroblasts,eCAVIAR,0.192736,False,False,False
chr11:65569780:T:A,rs1346,ENSG00000173039,RELA,sQTL,Breast_Mammary_Tissue,eCAVIAR,0.192283,False,False,False
chr11:65569780:T:A,rs1346,ENSG00000173442,EHBP1L1,sQTL,Artery_Aorta,eCAVIAR,0.191967,False,False,False
chr11:65569780:T:A,rs1346,ENSG00000173442,EHBP1L1,sQTL,Artery_Aorta,eCAVIAR,0.191967,False,False,False
chr11:65569780:T:A,rs1346,ENSG00000162241,SLC25A45,eQTL,Esophagus_Gastroesophageal_Junction,eCAVIAR,0.190634,False,False,False
chr7:151808612:C:T,rs62478245,ENSG00000002933,TMEM176A,eQTL,Brain_Hypothalamus,eCAVIAR,0.189922,False,False,False
chr12:111494996:C:T,rs7137828,ENSG00000174437,ATP2A2,eQTL,Brain_Cerebellum,eCAVIAR,0.189291,False,False,False
chr12:111494996:C:T,rs7137828,ENSG00000174437,ATP2A2,eQTL,Brain_Cerebellum,eCAVIAR,0.189082,False,False,False
chr10:93169359:C:T,rs10882167,ENSG00000228701,TNKS2-AS1,eQTL,Nerve_Tibial,eCAVIAR,0.188959,False,False,False
chr11:65569780:T:A,rs1346,ENSG00000168056,LTBP3,sQTL,Adrenal_Gland,eCAVIAR,0.188919,False,False,False
chr20:46905414:G:A,rs6124885,ENSG00000062598,ELMO2,eQTL,Artery_Tibial,eCAVIAR,0.188614,False,False,False
chr1:165768467:G:C,rs2790053,ENSG00000224358,RP11-466F5.8,eQTL,Brain_Cerebellar_Hemisphere,eCAVIAR,0.188375,False,False,False
chr11:65569780:T:A,rs1346,ENSG00000197847,SLC22A20,eQTL,Heart_Atrial_Appendage,eCAVIAR,0.187742,False,False,False
chr15:91788477:G:A,rs8038628,ENSG00000182511,FES,sQTL,Prostate,eCAVIAR,0.187116,False,False,False
chr14:74618126:G:A,rs754458,ENSG00000140043,PTGR2,sQTL,Small_Intestine_Terminal_Ileum,eCAVIAR,0.186869,False,False,False
chr14:74618126:G:A,rs754458,ENSG00000140043,PTGR2,sQTL,Small_Intestine_Terminal_Ileum,eCAVIAR,0.186733,False,False,False
chr8:6519620:G:C,rs2515437,ENSG00000147316,MCPH1,eQTL,Brain_Nucleus_accumbens_basal_ganglia,eCAVIAR,0.186283,False,False,False
chr17:45948522:C:A,rs242559/rs114919114,ENSG00000238083,LRRC37A2,sQTL,Adipose_Visceral_Omentum,eCAVIAR,0.185971,False,False,False
chr21:25844528:T:A,rs13049669,ENSG00000142192,APP,sQTL,Artery_Tibial,eCAVIAR,0.185652,False,False,False
chr4:53161428:G:A,rs10517281,ENSG00000072201,LNX1,eQTL,Cells_Cultured_fibroblasts,eCAVIAR,0.185582,False,False,False
chr2:71424809:T:A,rs12613800,ENSG00000116096,SPR,eQTL,Colon_Sigmoid,eCAVIAR,0.184955,False,False,False
chr22:37780972:G:T,rs5750494,ENSG00000128311,TST,eQTL,Artery_Tibial,eCAVIAR,0.18495,False,False,False
chr11:65569780:T:A,rs1346,ENSG00000176973,FAM89B,eQTL,Skin_Sun_Exposed_Lower_leg,eCAVIAR,0.184496,False,False,False
chr8:123542077:T:A,rs62521288,ENSG00000189376,C8orf76,sQTL,Cells_EBV-transformed_lymphocytes,eCAVIAR,0.184317,False,False,False
chr10:113786776:G:A,rs72837408,ENSG00000234393,RP11-211N11.5,eQTL,Brain_Frontal_Cortex_BA9,eCAVIAR,0.184298,False,False,False
chr12:111494996:C:T,rs7137828,ENSG00000198270,TMEM116,eQTL,Brain_Putamen_basal_ganglia,eCAVIAR,0.184264,False,False,False
chr13:110125592:G:C,rs2218471,ENSG00000088448,ANKRD10,eQTL,Thyroid,eCAVIAR,0.184162,False,False,False
chr12:111494996:C:T,rs7137828,ENSG00000198324,FAM109A,eQTL,Artery_Coronary,eCAVIAR,0.183865,False,False,False
chr1:68371486:C:A,rs4076000,ENSG00000228431,ARL5AP3,eQTL,Heart_Left_Ventricle,eCAVIAR,0.18383,False,False,False
chr1:68371486:C:A,rs4076000,ENSG00000228431,ARL5AP3,eQTL,Heart_Left_Ventricle,eCAVIAR,0.18383,False,False,False
chr9:126628521:C:T,rs3829849,ENSG00000136944,LMX1B,eQTL,Pituitary,eCAVIAR,0.183162,False,False,False
chr2:152508013:G:A,rs1579050,ENSG00000196504,PRPF40A,eQTL,Skin_Not_Sun_Exposed_Suprapubic,eCAVIAR,0.181814,False,False,False
chr15:91788477:G:A,rs8038628,ENSG00000258676,RP11-386M24.3,eQTL,Muscle_Skeletal,eCAVIAR,0.181546,False,False,False
chr11:65569780:T:A,rs1346,ENSG00000255200,PGAM1P8,eQTL,Colon_Sigmoid,eCAVIAR,0.180786,False,False,False
chr17:45948522:C:A,rs242559/rs114919114,ENSG00000279685,MAPT-IT1,eQTL,Brain_Hypothalamus,eCAVIAR,0.180374,False,False,False
chr11:65569780:T:A,rs1346,ENSG00000173727,CMB9-22P13.1,eQTL,Artery_Coronary,eCAVIAR,0.179774,False,False,False
chr1:36147354:C:A,rs4652902,ENSG00000054116,TRAPPC3,sQTL,Lung,eCAVIAR,0.179419,False,False,False
chr17:10127866:G:A,rs9913911,ENSG00000187824,TMEM220,sQTL,Prostate,eCAVIAR,0.178649,False,False,False
chr7:11639486:G:A,rs12699251,ENSG00000005108,THSD7A,eQTL,Heart_Left_Ventricle,eCAVIAR,0.177459,False,False,False
chr7:103984366:G:A,rs12667675,ENSG00000170667,RASA4B,eQTL,Adipose_Subcutaneous,eCAVIAR,0.177039,False,False,False
chr1:36147354:C:A,rs4652902,ENSG00000054116,TRAPPC3,sQTL,Adipose_Subcutaneous,eCAVIAR,0.175551,False,False,False
chr21:25844528:T:A,rs13049669,ENSG00000142192,APP,sQTL,Artery_Tibial,eCAVIAR,0.17482,False,False,False
chr7:103984366:G:A,rs12667675,ENSG00000225329,LHFPL3-AS2,eQTL,Adipose_Subcutaneous,eCAVIAR,0.174459,False,False,False
chr9:133255801:C:T,rs8176749,ENSG00000148296,SURF6,eQTL,Adrenal_Gland,eCAVIAR,0.174229,False,False,False
chr4:53161428:G:A,rs10517281,ENSG00000145216,FIP1L1,eQTL,Skin_Sun_Exposed_Lower_leg,eCAVIAR,0.173445,False,False,False
chr16:65033540:C:T,rs12447201,ENSG00000140937,CDH11,eQTL,Nerve_Tibial,eCAVIAR,0.172623,False,False,False
chr14:74618126:G:A,rs754458,ENSG00000119688,ABCD4,eQTL,Cells_Cultured_fibroblasts,eCAVIAR,0.172566,False,False,False
chr20:46905414:G:A,rs6124885,ENSG00000158296,SLC13A3,eQTL,Vagina,eCAVIAR,0.172513,False,False,False
chr11:65569780:T:A,rs1346,ENSG00000168056,LTBP3,eQTL,Spleen,eCAVIAR,0.172146,False,False,False
chr11:65569780:T:A,rs1346,ENSG00000173442,EHBP1L1,eQTL,Whole_Blood,eCAVIAR,0.171572,False,False,False
chr17:45948522:C:A,rs242559/rs114919114,ENSG00000279685,MAPT-IT1,eQTL,Brain_Spinal_cord_cervical_c-1,eCAVIAR,0.171096,False,False,False
chr13:22099731:G:A,rs4769194,ENSG00000224429,LINC00539,eQTL,Spleen,eCAVIAR,0.170249,False,False,False
chr8:123542077:T:A,rs62521288,ENSG00000156787,TBC1D31,eQTL,Brain_Cerebellar_Hemisphere,eCAVIAR,0.170168,False,False,False
chr1:100629646:G:A,rs12566440,ENSG00000162692,VCAM1,eQTL,Brain_Caudate_basal_ganglia,eCAVIAR,0.170153,False,False,False
chr15:91788477:G:A,rs8038628,ENSG00000196547,MAN2A2,sQTL,Lung,eCAVIAR,0.169083,False,False,False
chr1:87747331:C:T,rs12139208,ENSG00000137944,KYAT3,eQTL,Muscle_Skeletal,eCAVIAR,0.168481,False,False,False
chr7:103984366:G:A,rs12667675,ENSG00000160991,ORAI2,eQTL,Whole_Blood,eCAVIAR,0.168026,False,False,False
chr20:46905414:G:A,rs6124885,ENSG00000215452,ZNF663P,eQTL,Esophagus_Muscularis,eCAVIAR,0.167837,False,False,False
chr2:28143047:G:A,rs17006576,ENSG00000138030,KHK,eQTL,Esophagus_Gastroesophageal_Junction,eCAVIAR,0.167288,False,False,False
chr2:71424809:T:A,rs12613800,ENSG00000144036,EXOC6B,eQTL,Adipose_Visceral_Omentum,eCAVIAR,0.167085,False,False,False
chr12:111494996:C:T,rs7137828,ENSG00000226469,ADAM1B,eQTL,Brain_Cerebellar_Hemisphere,eCAVIAR,0.166605,False,False,False
chr2:55705879:C:T,rs2627761,ENSG00000162994,CLHC1,sQTL,Esophagus_Mucosa,eCAVIAR,0.166556,False,False,False
chr15:73928957:C:T,rs1550437,ENSG00000261801,LOXL1-AS1,eQTL,Muscle_Skeletal,eCAVIAR,0.165898,False,False,False
chr7:103984366:G:A,rs12667675,ENSG00000105808,RASA4,eQTL,Breast_Mammary_Tissue,eCAVIAR,0.16526,False,False,False
chr11:65569780:T:A,rs1346,ENSG00000168056,LTBP3,eQTL,Esophagus_Gastroesophageal_Junction,eCAVIAR,0.164127,False,False,False
chr11:65569780:T:A,rs1346,ENSG00000168056,LTBP3,eQTL,Pituitary,eCAVIAR,0.163892,False,False,False
chr11:16989629:C:A,rs4141194,ENSG00000188211,NCR3LG1,eQTL,Heart_Atrial_Appendage,eCAVIAR,0.163824,False,False,False
chr15:91788477:G:A,rs8038628,ENSG00000140564,FURIN,sQTL,Nerve_Tibial,eCAVIAR,0.163561,False,False,False
chr15:91788477:G:A,rs8038628,ENSG00000166965,RCCD1,eQTL,Pituitary,eCAVIAR,0.163462,False,False,False
chrX:13936278:C:T,rs66819623,ENSG00000169084,DHRSX,eQTL,Stomach,eCAVIAR,0.162666,False,False,False
chrX:3411552:C:T,rs12846405,ENSG00000169084,DHRSX,eQTL,Stomach,eCAVIAR,0.162666,False,False,False
chrX:44081581:C:T,rs17146835,ENSG00000169084,DHRSX,eQTL,Stomach,eCAVIAR,0.162666,False,False,False
chr7:117996057:G:C,rs10230941,ENSG00000077063,CTTNBP2,eQTL,Muscle_Skeletal,eCAVIAR,0.162504,False,False,False
chrX:13936278:C:T,rs66819623,ENSG00000002586,CD99,eQTL,Brain_Cerebellum,eCAVIAR,0.162449,False,False,False
chrX:3411552:C:T,rs12846405,ENSG00000002586,CD99,eQTL,Brain_Cerebellum,eCAVIAR,0.162449,False,False,False
chrX:44081581:C:T,rs17146835,ENSG00000002586,CD99,eQTL,Brain_Cerebellum,eCAVIAR,0.162449,False,False,False
chr13:110125592:G:C,rs2218471,ENSG00000041515,MYO16,eQTL,Colon_Transverse,eCAVIAR,0.161712,False,False,False
chr14:74618126:G:A,rs754458,ENSG00000119616,FCF1,eQTL,Ovary,eCAVIAR,0.16164,False,False,False
chr17:45948522:C:A,rs242559/rs114919114,ENSG00000172992,DCAKD,sQTL,Brain_Cerebellum,eCAVIAR,0.160563,False,False,False
chr2:71424809:T:A,rs12613800,ENSG00000144036,EXOC6B,sQTL,Nerve_Tibial,eCAVIAR,0.159576,False,False,False
chr11:65569780:T:A,rs1346,ENSG00000142186,SCYL1,eQTL,Adrenal_Gland,eCAVIAR,0.159298,False,False,False
chr14:74618126:G:A,rs754458,ENSG00000119725,ZNF410,eQTL,Thyroid,eCAVIAR,0.158585,False,False,False
chr17:45948522:C:A,rs242559/rs114919114,ENSG00000233175,CTD-2020K17.3,sQTL,Brain_Nucleus_accumbens_basal_ganglia,eCAVIAR,0.158529,False,False,False
chr15:91788477:G:A,rs8038628,ENSG00000140564,FURIN,sQTL,Nerve_Tibial,eCAVIAR,0.158504,False,False,False
chr14:74618126:G:A,rs754458,ENSG00000119711,ALDH6A1,eQTL,Esophagus_Mucosa,eCAVIAR,0.157285,False,False,False
chr11:65569780:T:A,rs1346,ENSG00000255200,PGAM1P8,eQTL,Esophagus_Gastroesophageal_Junction,eCAVIAR,0.157021,False,False,False
chr9:110549951:G:C,rs61751937,ENSG00000136810,TXN,eQTL,Uterus,eCAVIAR,0.156894,False,False,False
chr16:77627835:C:T,rs280875,ENSG00000261707,RP11-264M12.2,eQTL,Adipose_Subcutaneous,eCAVIAR,0.156555,False,False,False
chr15:73928957:C:T,rs1550437,ENSG00000178718,RPP25,eQTL,Artery_Coronary,eCAVIAR,0.156378,False,False,False
chr21:25844528:T:A,rs13049669,ENSG00000154723,ATP5J,eQTL,Colon_Sigmoid,eCAVIAR,0.15627,False,False,False
chr1:100629646:G:A,rs12566440,ENSG00000137992,DBT,eQTL,Esophagus_Mucosa,eCAVIAR,0.153951,False,False,False
chr15:91788477:G:A,rs8038628,ENSG00000260361,CTD-2313J17.5,eQTL,Brain_Frontal_Cortex_BA9,eCAVIAR,0.153542,False,False,False
chr15:73928957:C:T,rs1550437,ENSG00000260274,RP11-817O13.8,eQTL,Adipose_Subcutaneous,eCAVIAR,0.153447,False,False,False
chr10:94263320:C:T,rs57866767,ENSG00000138193,PLCE1,sQTL,Muscle_Skeletal,eCAVIAR,0.153303,False,False,False
chr15:91788477:G:A,rs8038628,ENSG00000258725,PRC1-AS1,sQTL,Nerve_Tibial,eCAVIAR,0.15317,False,False,False
chr15:91788477:G:A,rs8038628,ENSG00000140553,UNC45A,eQTL,Esophagus_Mucosa,eCAVIAR,0.152999,False,False,False
chr1:112699500:G:T,rs1106287,ENSG00000064886,CHI3L2,sQTL,Cells_Cultured_fibroblasts,eCAVIAR,0.152966,False,False,False
chr12:111494996:C:T,rs7137828,ENSG00000089248,ERP29,sQTL,Skin_Sun_Exposed_Lower_leg,eCAVIAR,0.152545,False,False,False
chr12:111494996:C:T,rs7137828,ENSG00000226469,ADAM1B,eQTL,Heart_Left_Ventricle,eCAVIAR,0.152263,False,False,False
chr21:25844528:T:A,rs13049669,ENSG00000154723,ATP5J,sQTL,Minor_Salivary_Gland,eCAVIAR,0.151906,False,False,False
chr11:65569780:T:A,rs1346,ENSG00000255200,PGAM1P8,eQTL,Pituitary,eCAVIAR,0.151851,False,False,False
chr20:46905414:G:A,rs6124885,ENSG00000197496,SLC2A10,eQTL,Cells_Cultured_fibroblasts,eCAVIAR,0.151376,False,False,False
chr6:29839124:G:C,rs407238/rs115586772,ENSG00000204536,CCHCR1,sQTL,Colon_Transverse,eCAVIAR,0.150766,False,False,False
chr17:47617876:AT:A,rs1348518145,ENSG00000141279,NPEPPS,eQTL,Brain_Cerebellum,eCAVIAR,0.150667,False,False,False
chr6:134051012:G:C,rs2811688,ENSG00000028839,TBPL1,eQTL,Brain_Cerebellum,eCAVIAR,0.150625,False,False,False
chr1:37611020:C:T,rs10908363,ENSG00000116922,C1orf109,sQTL,Colon_Transverse,eCAVIAR,0.150613,False,False,False
chr3:105354628:C:A,rs6437582,ENSG00000114423,CBLB,eQTL,Heart_Atrial_Appendage,eCAVIAR,0.149238,False,False,False
chr1:162709355:G:A,rs4542196,ENSG00000173110,HSPA6,eQTL,Nerve_Tibial,eCAVIAR,0.148968,False,False,False
chr16:77627835:C:T,rs280875,ENSG00000140873,ADAMTS18,eQTL,Thyroid,eCAVIAR,0.148842,False,False,False
chr10:93169359:C:T,rs10882167,ENSG00000187553,CYP26C1,eQTL,Brain_Cortex,eCAVIAR,0.148656,False,False,False
chr4:88831125:G:A,rs57400569,ENSG00000198189,HSD17B11,eQTL,Ovary,eCAVIAR,0.148289,False,False,False
chr1:8435530:G:A,rs172531,ENSG00000232912,RP5-1115A15.1,eQTL,Pancreas,eCAVIAR,0.147211,False,False,False
chr6:29839124:G:C,rs407238/rs115586772,ENSG00000204525,HLA-C,sQTL,Artery_Tibial,eCAVIAR,0.146718,False,False,False
chr17:47617876:AT:A,rs1348518145,ENSG00000262879,RP11-156P1.3,eQTL,Whole_Blood,eCAVIAR,0.146587,False,False,False
chr11:120327384:G:A,rs1893261,ENSG00000181264,TMEM136,eQTL,Cells_Cultured_fibroblasts,eCAVIAR,0.146249,False,False,False
chr17:47617876:AT:A,rs1348518145,ENSG00000141295,SCRN2,sQTL,Nerve_Tibial,eCAVIAR,0.14609,False,False,False
chr17:45948522:C:A,rs242559/rs114919114,ENSG00000233175,CTD-2020K17.3,eQTL,Brain_Putamen_basal_ganglia,eCAVIAR,0.145622,False,False,False
chr2:152508013:G:A,rs1579050,ENSG00000184898,RBM43,eQTL,Thyroid,eCAVIAR,0.145042,False,False,False
chr12:111494996:C:T,rs7137828,ENSG00000111300,NAA25,eQTL,Adipose_Subcutaneous,eCAVIAR,0.144861,False,False,False
chr17:47617876:AT:A,rs1348518145,ENSG00000141295,SCRN2,sQTL,Esophagus_Mucosa,eCAVIAR,0.144578,False,False,False
chr9:110549951:G:C,rs61751937,ENSG00000136813,KIAA0368,eQTL,Testis,eCAVIAR,0.144007,False,False,False
chr13:22099731:G:A,rs4769194,ENSG00000224429,LINC00539,eQTL,Skin_Not_Sun_Exposed_Suprapubic,eCAVIAR,0.143672,False,False,False
chr17:45948522:C:A,rs242559/rs114919114,ENSG00000225190,PLEKHM1,eQTL,Heart_Left_Ventricle,eCAVIAR,0.143115,False,False,False
chr1:37611020:C:T,rs10908363,ENSG00000183520,UTP11,eQTL,Brain_Spinal_cord_cervical_c-1,eCAVIAR,0.142881,False,False,False
chr1:37611020:C:T,rs10908363,ENSG00000233621,LINC01137,eQTL,Spleen,eCAVIAR,0.142638,False,False,False
chr11:65569780:T:A,rs1346,ENSG00000197847,SLC22A20,eQTL,Brain_Cerebellar_Hemisphere,eCAVIAR,0.141878,False,False,False
chr17:45948522:C:A,rs242559/rs114919114,ENSG00000185829,ARL17A,sQTL,Minor_Salivary_Gland,eCAVIAR,0.141741,False,False,False
chr12:111494996:C:T,rs7137828,ENSG00000204842,ATXN2,eQTL,Brain_Hippocampus,eCAVIAR,0.141723,False,False,False
chr16:65033540:C:T,rs12447201,ENSG00000278893,RP11-229O3.1,eQTL,Skin_Not_Sun_Exposed_Suprapubic,eCAVIAR,0.141524,False,False,False
chr2:71424809:T:A,rs12613800,ENSG00000135636,DYSF,eQTL,Thyroid,eCAVIAR,0.141231,False,False,False
chr11:16989629:C:A,rs4141194,ENSG00000151116,UEVLD,eQTL,Esophagus_Gastroesophageal_Junction,eCAVIAR,0.141061,False,False,False
chr14:74618126:G:A,rs754458,ENSG00000279026,RP3-414A15.12,eQTL,Nerve_Tibial,eCAVIAR,0.140937,False,False,False
chr17:45948522:C:A,rs242559/rs114919114,ENSG00000233175,CTD-2020K17.3,sQTL,Brain_Cerebellar_Hemisphere,eCAVIAR,0.140401,False,False,False
chr11:65569780:T:A,rs1346,ENSG00000168060,NAALADL1,eQTL,Esophagus_Mucosa,eCAVIAR,0.140083,False,False,False
chr15:91788477:G:A,rs8038628,ENSG00000182511,FES,eQTL,Pituitary,eCAVIAR,0.139787,False,False,False
chr11:65569780:T:A,rs1346,ENSG00000214659,KRT8P26,eQTL,Brain_Putamen_basal_ganglia,eCAVIAR,0.138787,False,False,False
chr11:115168963:G:A,rs10444329,ENSG00000109906,ZBTB16,sQTL,Thyroid,eCAVIAR,0.138684,False,False,False
chr1:8435530:G:A,rs172531,ENSG00000074800,ENO1,eQTL,Skin_Not_Sun_Exposed_Suprapubic,eCAVIAR,0.137903,False,False,False
chr1:37611020:C:T,rs10908363,ENSG00000233621,LINC01137,eQTL,Spleen,eCAVIAR,0.137174,False,False,False
chr17:45948522:C:A,rs242559/rs114919114,ENSG00000172992,DCAKD,sQTL,Cells_Cultured_fibroblasts,eCAVIAR,0.136087,False,False,False
chr11:120327384:G:A,rs1893261,ENSG00000181264,TMEM136,eQTL,Esophagus_Mucosa,eCAVIAR,0.135816,False,False,False
chr20:46905414:G:A,rs6124885,ENSG00000062598,ELMO2,eQTL,Brain_Cortex,eCAVIAR,0.135487,False,False,False
chr2:69184385:C:A,rs6732795,ENSG00000179818,PCBP1-AS1,eQTL,Whole_Blood,eCAVIAR,0.134572,False,False,False
chr11:65569780:T:A,rs1346,ENSG00000168056,LTBP3,sQTL,Artery_Coronary,eCAVIAR,0.133659,False,False,False
chr11:65569780:T:A,rs1346,ENSG00000173727,CMB9-22P13.1,eQTL,Breast_Mammary_Tissue,eCAVIAR,0.133648,False,False,False
chr6:29839124:G:C,rs407238/rs115586772,ENSG00000234745,HLA-B,eQTL,Artery_Tibial,eCAVIAR,0.133456,False,False,False
chr8:6519620:G:C,rs2515437,ENSG00000147316,MCPH1,eQTL,Brain_Nucleus_accumbens_basal_ganglia,eCAVIAR,0.133424,False,False,False
chr7:134835770:C:A,rs10237321,ENSG00000105875,WDR91,sQTL,Colon_Sigmoid,eCAVIAR,0.133418,False,False,False
chr17:45948522:C:A,rs242559/rs114919114,ENSG00000262881,RP11-669E14.4,eQTL,Breast_Mammary_Tissue,eCAVIAR,0.133077,False,False,False
chr12:111494996:C:T,rs7137828,ENSG00000226469,ADAM1B,eQTL,Liver,eCAVIAR,0.13307,False,False,False
chr6:29839124:G:C,rs407238/rs115586772,ENSG00000204525,HLA-C,eQTL,Testis,eCAVIAR,0.132994,False,False,False
chr15:91788477:G:A,rs8038628,ENSG00000140553,UNC45A,sQTL,Artery_Aorta,eCAVIAR,0.132707,False,False,False
chr11:65569780:T:A,rs1346,ENSG00000162241,SLC25A45,eQTL,Whole_Blood,eCAVIAR,0.132664,False,False,False
chr15:73928957:C:T,rs1550437,ENSG00000140459,CYP11A1,eQTL,Skin_Sun_Exposed_Lower_leg,eCAVIAR,0.131562,False,False,False
chr17:45948522:C:A,rs242559/rs114919114,ENSG00000233483,CTD-2020K17.4,eQTL,Colon_Transverse,eCAVIAR,0.130828,False,False,False
chr1:91611540:G:A,rs1192415,ENSG00000162669,HFM1,eQTL,Esophagus_Mucosa,eCAVIAR,0.130609,False,False,False
chr7:151808612:C:T,rs62478245,ENSG00000213199,ASIC3,eQTL,Adipose_Subcutaneous,eCAVIAR,0.130036,False,False,False
chr7:151808612:C:T,rs62478245,ENSG00000197150,ABCB8,sQTL,Pituitary,eCAVIAR,0.130021,False,False,False
chr14:74618126:G:A,rs754458,ENSG00000205659,LIN52,eQTL,Colon_Transverse,eCAVIAR,0.129958,False,False,False
chr9:110549951:G:C,rs61751937,ENSG00000204173,LRRC37A5P,sQTL,Testis,eCAVIAR,0.129267,False,False,False
chr13:73065233:G:A,rs9530143,ENSG00000204899,MZT1,eQTL,Artery_Aorta,eCAVIAR,0.129108,False,False,False
chr13:22099731:G:A,rs4769194,ENSG00000150459,SAP18,eQTL,Cells_Cultured_fibroblasts,eCAVIAR,0.129043,False,False,False
chr7:151808612:C:T,rs62478245,ENSG00000197150,ABCB8,eQTL,Nerve_Tibial,eCAVIAR,0.128827,False,False,False
chr16:51568037:C:T,rs114367221,ENSG00000103449,SALL1,eQTL,Thyroid,eCAVIAR,0.128662,False,False,False
chr7:151808612:C:T,rs62478245,ENSG00000033100,CHPF2,sQTL,Heart_Atrial_Appendage,eCAVIAR,0.12862,False,False,False
chr17:45948522:C:A,rs242559/rs114919114,ENSG00000233175,CTD-2020K17.3,eQTL,Brain_Putamen_basal_ganglia,eCAVIAR,0.12828,False,False,False
chr7:151808612:C:T,rs62478245,ENSG00000133612,AGAP3,eQTL,Pancreas,eCAVIAR,0.127803,False,False,False
chr7:151808612:C:T,rs62478245,ENSG00000278685,IQCA1L,eQTL,Adipose_Subcutaneous,eCAVIAR,0.127683,False,False,False
chr7:151808612:C:T,rs62478245,ENSG00000278685,IQCA1L,eQTL,Artery_Aorta,eCAVIAR,0.127683,False,False,False
chr7:151808612:C:T,rs62478245,ENSG00000278685,IQCA1L,eQTL,Nerve_Tibial,eCAVIAR,0.127683,False,False,False
chr10:93169359:C:T,rs10882167,ENSG00000148690,FRA10AC1,eQTL,Artery_Aorta,eCAVIAR,0.127671,False,False,False
chr16:65033540:C:T,rs12447201,ENSG00000278893,RP11-229O3.1,eQTL,Artery_Coronary,eCAVIAR,0.127637,False,False,False
chr7:151808612:C:T,rs62478245,ENSG00000278685,IQCA1L,eQTL,Artery_Tibial,eCAVIAR,0.127628,False,False,False
chr13:22099731:G:A,rs4769194,ENSG00000150459,SAP18,eQTL,Cells_Cultured_fibroblasts,eCAVIAR,0.12742,False,False,False
chr14:74618126:G:A,rs754458,ENSG00000119661,DNAL1,eQTL,Colon_Sigmoid,eCAVIAR,0.127404,False,False,False
chr17:47617876:AT:A,rs1348518145,ENSG00000141279,NPEPPS,eQTL,Pituitary,eCAVIAR,0.127364,False,False,False
chr7:151808612:C:T,rs62478245,ENSG00000033050,ABCF2,eQTL,Skin_Sun_Exposed_Lower_leg,eCAVIAR,0.127106,False,False,False
chr7:151808612:C:T,rs62478245,ENSG00000033050,ABCF2,eQTL,Adipose_Subcutaneous,eCAVIAR,0.127106,False,False,False
chr7:151808612:C:T,rs62478245,ENSG00000033050,ABCF2,eQTL,Skin_Not_Sun_Exposed_Suprapubic,eCAVIAR,0.127106,False,False,False
chr7:151808612:C:T,rs62478245,ENSG00000033050,ABCF2,eQTL,Whole_Blood,eCAVIAR,0.127106,False,False,False
chr7:151808612:C:T,rs62478245,ENSG00000033050,ABCF2,eQTL,Artery_Tibial,eCAVIAR,0.127106,False,False,False
chr7:151808612:C:T,rs62478245,ENSG00000033050,ABCF2,eQTL,Testis,eCAVIAR,0.127105,False,False,False
chr7:151808612:C:T,rs62478245,ENSG00000033050,ABCF2,eQTL,Thyroid,eCAVIAR,0.127104,False,False,False
chr7:151808612:C:T,rs62478245,ENSG00000033050,ABCF2,sQTL,Heart_Left_Ventricle,eCAVIAR,0.12709,False,False,False
chr7:151808612:C:T,rs62478245,ENSG00000033050,ABCF2,eQTL,Lung,eCAVIAR,0.127089,False,False,False
chr7:151808612:C:T,rs62478245,ENSG00000033050,ABCF2,sQTL,Muscle_Skeletal,eCAVIAR,0.127,False,False,False
chr15:91788477:G:A,rs8038628,ENSG00000260361,CTD-2313J17.5,eQTL,Whole_Blood,eCAVIAR,0.126974,False,False,False
chr15:91788477:G:A,rs8038628,ENSG00000260361,CTD-2313J17.5,eQTL,Uterus,eCAVIAR,0.126907,False,False,False
chr17:47617876:AT:A,rs1348518145,ENSG00000167183,PRR15L,eQTL,Testis,eCAVIAR,0.126643,False,False,False
chr13:110125592:G:C,rs2218471,ENSG00000276269,RP11-403A3.2,eQTL,Artery_Tibial,eCAVIAR,0.126628,False,False,False
chr7:151808612:C:T,rs62478245,ENSG00000033100,CHPF2,sQTL,Esophagus_Mucosa,eCAVIAR,0.126461,False,False,False
chr7:151808612:C:T,rs62478245,ENSG00000033100,CHPF2,sQTL,Whole_Blood,eCAVIAR,0.126432,False,False,False
chr17:47617876:AT:A,rs1348518145,ENSG00000141295,SCRN2,sQTL,Cells_Cultured_fibroblasts,eCAVIAR,0.126368,False,False,False
chr15:91788477:G:A,rs8038628,ENSG00000260361,CTD-2313J17.5,eQTL,Pancreas,eCAVIAR,0.126347,False,False,False
chr7:151808612:C:T,rs62478245,ENSG00000082014,SMARCD3,eQTL,Cells_Cultured_fibroblasts,eCAVIAR,0.12591,False,False,False
chr15:91788477:G:A,rs8038628,ENSG00000185442,FAM174B,sQTL,Muscle_Skeletal,eCAVIAR,0.125852,False,False,False
chr7:11639486:G:A,rs12699251,ENSG00000005108,THSD7A,eQTL,Heart_Atrial_Appendage,eCAVIAR,0.125762,False,False,False
chr2:12811195:C:T,rs12623251,ENSG00000225649,AC064875.2,eQTL,Adipose_Subcutaneous,eCAVIAR,0.125424,False,False,False
chr4:88831125:G:A,rs57400569,ENSG00000249973,CHCHD2P7,eQTL,Kidney_Cortex,eCAVIAR,0.125305,False,False,False
chr6:45952021:G:A,rs3777588,ENSG00000112782,CLIC5,eQTL,Adipose_Subcutaneous,eCAVIAR,0.125194,False,False,False
chr16:77627835:C:T,rs280875,ENSG00000140873,ADAMTS18,eQTL,Testis,eCAVIAR,0.125086,False,False,False
chr7:151808612:C:T,rs62478245,ENSG00000164896,FASTK,eQTL,Pituitary,eCAVIAR,0.125047,False,False,False
chr17:45948522:C:A,rs242559/rs114919114,ENSG00000006062,MAP3K14,eQTL,Brain_Cerebellum,eCAVIAR,0.125008,False,False,False
chr6:36602589:C:T,rs7344,ENSG00000010030,ETV7,eQTL,Spleen,eCAVIAR,0.124919,False,False,False
chr20:46905414:G:A,rs6124885,ENSG00000225849,MKRN7P,eQTL,Brain_Amygdala,eCAVIAR,0.124909,False,False,False
chr7:151808612:C:T,rs62478245,ENSG00000033050,ABCF2,eQTL,Breast_Mammary_Tissue,eCAVIAR,0.124798,False,False,False
chr11:47447887:G:A,rs7111873,ENSG00000109920,FNBP4,sQTL,Skin_Sun_Exposed_Lower_leg,eCAVIAR,0.124767,False,False,False
chr20:46905414:G:A,rs6124885,ENSG00000198185,ZNF334,eQTL,Brain_Cerebellum,eCAVIAR,0.124476,False,False,False
chr11:65569780:T:A,rs1346,ENSG00000214659,KRT8P26,eQTL,Stomach,eCAVIAR,0.124352,False,False,False
chr14:74618126:G:A,rs754458,ENSG00000258695,RP3-414A15.2,eQTL,Nerve_Tibial,eCAVIAR,0.124254,False,False,False
chr7:151808612:C:T,rs62478245,ENSG00000244151,RP11-148K1.12,sQTL,Ovary,eCAVIAR,0.124241,False,False,False
chr20:39445575:C:T,rs6101546,ENSG00000101425,BPI,eQTL,Spleen,eCAVIAR,0.124119,False,False,False
chr11:65569780:T:A,rs1346,ENSG00000173465,SSSCA1,eQTL,Testis,eCAVIAR,0.123823,False,False,False
chr12:111494996:C:T,rs7137828,ENSG00000198270,TMEM116,eQTL,Heart_Left_Ventricle,eCAVIAR,0.12369,False,False,False
chr12:111494996:C:T,rs7137828,ENSG00000089022,MAPKAPK5,eQTL,Prostate,eCAVIAR,0.123412,False,False,False
chr7:151808612:C:T,rs62478245,ENSG00000033050,ABCF2,sQTL,Cells_Cultured_fibroblasts,eCAVIAR,0.123394,False,False,False
chr7:151808612:C:T,rs62478245,ENSG00000033050,ABCF2,sQTL,Cells_Cultured_fibroblasts,eCAVIAR,0.123394,False,False,False
chr17:45948522:C:A,rs242559/rs114919114,ENSG00000120088,CRHR1,eQTL,Skin_Not_Sun_Exposed_Suprapubic,eCAVIAR,0.122596,False,False,False
chr11:65569780:T:A,rs1346,ENSG00000255200,PGAM1P8,eQTL,Pancreas,eCAVIAR,0.122537,False,False,False
chr11:65569780:T:A,rs1346,ENSG00000255200,PGAM1P8,eQTL,Pancreas,eCAVIAR,0.122356,False,False,False
chr7:151808612:C:T,rs62478245,ENSG00000033100,CHPF2,sQTL,Artery_Tibial,eCAVIAR,0.122308,False,False,False
chr7:151808612:C:T,rs62478245,ENSG00000196584,XRCC2,eQTL,Adipose_Visceral_Omentum,eCAVIAR,0.122256,False,False,False
chr15:91788477:G:A,rs8038628,ENSG00000140553,UNC45A,eQTL,Heart_Atrial_Appendage,eCAVIAR,0.122007,False,False,False
chr14:75905315:G:C,rs4903352,ENSG00000119686,FLVCR2,eQTL,Heart_Atrial_Appendage,eCAVIAR,0.121464,False,False,False
chr15:91788477:G:A,rs8038628,ENSG00000260361,CTD-2313J17.5,eQTL,Brain_Putamen_basal_ganglia,eCAVIAR,0.121404,False,False,False
chr1:112699500:G:T,rs1106287,ENSG00000198799,LRIG2,eQTL,Spleen,eCAVIAR,0.121215,False,False,False
chr16:77627835:C:T,rs280875,ENSG00000261707,RP11-264M12.2,eQTL,Adipose_Visceral_Omentum,eCAVIAR,0.121089,False,False,False
chr7:151808612:C:T,rs62478245,ENSG00000033100,CHPF2,eQTL,Colon_Transverse,eCAVIAR,0.120967,False,False,False
chr7:151808612:C:T,rs62478245,ENSG00000033100,CHPF2,sQTL,Cells_Cultured_fibroblasts,eCAVIAR,0.120794,False,False,False
chr17:45948522:C:A,rs242559/rs114919114,ENSG00000185829,ARL17A,eQTL,Brain_Spinal_cord_cervical_c-1,eCAVIAR,0.120654,False,False,False
chr7:151808612:C:T,rs62478245,ENSG00000244151,RP11-148K1.12,eQTL,Colon_Transverse,eCAVIAR,0.120554,False,False,False
chr7:103984366:G:A,rs12667675,ENSG00000189056,RELN,eQTL,Skin_Not_Sun_Exposed_Suprapubic,eCAVIAR,0.120381,False,False,False
chr15:91788477:G:A,rs8038628,ENSG00000260361,CTD-2313J17.5,eQTL,Brain_Cortex,eCAVIAR,0.120146,False,False,False
chr9:133255801:C:T,rs8176749,ENSG00000148290,SURF1,sQTL,Brain_Frontal_Cortex_BA9,eCAVIAR,0.119804,False,False,False
chr2:12811195:C:T,rs12623251,ENSG00000169006,NTSR2,sQTL,Brain_Hypothalamus,eCAVIAR,0.119791,False,False,False
chr6:29839124:G:C,rs407238/rs115586772,ENSG00000204525,HLA-C,sQTL,Skin_Not_Sun_Exposed_Suprapubic,eCAVIAR,0.119758,False,False,False
chr16:77627835:C:T,rs280875,ENSG00000261707,RP11-264M12.2,eQTL,Adipose_Subcutaneous,eCAVIAR,0.119614,False,False,False
chr15:91788477:G:A,rs8038628,ENSG00000182511,FES,sQTL,Stomach,eCAVIAR,0.119526,False,False,False
chr15:91788477:G:A,rs8038628,ENSG00000196547,MAN2A2,eQTL,Brain_Cerebellum,eCAVIAR,0.119242,False,False,False
chr7:151808612:C:T,rs62478245,ENSG00000164896,FASTK,sQTL,Spleen,eCAVIAR,0.119144,False,False,False
chr11:16989629:C:A,rs4141194,ENSG00000129159,KCNC1,eQTL,Skin_Not_Sun_Exposed_Suprapubic,eCAVIAR,0.119098,False,False,False
chr11:65569780:T:A,rs1346,ENSG00000173442,EHBP1L1,eQTL,Stomach,eCAVIAR,0.119055,False,False,False
chr17:45948522:C:A,rs242559/rs114919114,ENSG00000172992,DCAKD,eQTL,Heart_Atrial_Appendage,eCAVIAR,0.119052,False,False,False
chr9:133255801:C:T,rs8176749,ENSG00000175164,ABO,eQTL,Skin_Not_Sun_Exposed_Suprapubic,eCAVIAR,0.119036,False,False,False
chr17:45948522:C:A,rs242559/rs114919114,ENSG00000120088,CRHR1,eQTL,Brain_Cortex,eCAVIAR,0.118753,False,False,False
chr17:45948522:C:A,rs242559/rs114919114,ENSG00000238083,LRRC37A2,sQTL,Nerve_Tibial,eCAVIAR,0.118681,False,False,False
chr11:65569780:T:A,rs1346,ENSG00000197136,PCNX3,eQTL,Colon_Sigmoid,eCAVIAR,0.118219,False,False,False
chr7:151808612:C:T,rs62478245,ENSG00000164896,FASTK,eQTL,Brain_Cerebellum,eCAVIAR,0.117361,False,False,False
chr1:8435530:G:A,rs172531,ENSG00000232912,RP5-1115A15.1,eQTL,Cells_EBV-transformed_lymphocytes,eCAVIAR,0.117222,False,False,False
chr9:110549951:G:C,rs61751937,ENSG00000106853,PTGR1,sQTL,Pituitary,eCAVIAR,0.117201,False,False,False
chr9:110549951:G:C,rs61751937,ENSG00000106853,PTGR1,sQTL,Brain_Hypothalamus,eCAVIAR,0.117199,False,False,False
chr7:103984366:G:A,rs12667675,ENSG00000189056,RELN,eQTL,Skin_Not_Sun_Exposed_Suprapubic,eCAVIAR,0.117187,False,False,False
chr9:110549951:G:C,rs61751937,ENSG00000106853,PTGR1,sQTL,Thyroid,eCAVIAR,0.117171,False,False,False
chr9:110549951:G:C,rs61751937,ENSG00000106853,PTGR1,sQTL,Thyroid,eCAVIAR,0.117171,False,False,False
chr7:151808612:C:T,rs62478245,ENSG00000033050,ABCF2,sQTL,Lung,eCAVIAR,0.117157,False,False,False
chr9:110549951:G:C,rs61751937,ENSG00000106853,PTGR1,eQTL,Brain_Anterior_cingulate_cortex_BA24,eCAVIAR,0.117153,False,False,False
chr9:110549951:G:C,rs61751937,ENSG00000204173,LRRC37A5P,sQTL,Testis,eCAVIAR,0.117062,False,False,False
chr12:111494996:C:T,rs7137828,ENSG00000198270,TMEM116,eQTL,Stomach,eCAVIAR,0.117024,False,False,False
chr7:151808612:C:T,rs62478245,ENSG00000196584,XRCC2,eQTL,Brain_Spinal_cord_cervical_c-1,eCAVIAR,0.116612,False,False,False
chr9:110549951:G:C,rs61751937,ENSG00000106853,PTGR1,eQTL,Whole_Blood,eCAVIAR,0.116594,False,False,False
chr9:110549951:G:C,rs61751937,ENSG00000106853,PTGR1,eQTL,Pituitary,eCAVIAR,0.116008,False,False,False
chr15:91788477:G:A,rs8038628,ENSG00000258725,PRC1-AS1,eQTL,Cells_Cultured_fibroblasts,eCAVIAR,0.115936,False,False,False
chr6:29839124:G:C,rs407238/rs115586772,ENSG00000204536,CCHCR1,sQTL,Testis,eCAVIAR,0.11581,False,False,False
chr6:29839124:G:C,rs407238/rs115586772,ENSG00000204536,CCHCR1,sQTL,Testis,eCAVIAR,0.11581,False,False,False
chr10:94263320:C:T,rs57866767,ENSG00000273450,RP11-76P2.4,eQTL,Testis,eCAVIAR,0.115756,False,False,False
chr20:39445575:C:T,rs6101546,ENSG00000101425,BPI,eQTL,Spleen,eCAVIAR,0.115656,False,False,False
chr9:110549951:G:C,rs61751937,ENSG00000173258,ZNF483,eQTL,Adipose_Subcutaneous,eCAVIAR,0.115507,False,False,False
chr7:103984366:G:A,rs12667675,ENSG00000260097,SPDYE6,eQTL,Skin_Sun_Exposed_Lower_leg,eCAVIAR,0.115394,False,False,False
chr9:110549951:G:C,rs61751937,ENSG00000106853,PTGR1,sQTL,Skin_Sun_Exposed_Lower_leg,eCAVIAR,0.11526,False,False,False
chr9:110549951:G:C,rs61751937,ENSG00000173258,ZNF483,eQTL,Nerve_Tibial,eCAVIAR,0.115204,False,False,False
chr9:110549951:G:C,rs61751937,ENSG00000106853,PTGR1,sQTL,Adrenal_Gland,eCAVIAR,0.115112,False,False,False
chr9:110549951:G:C,rs61751937,ENSG00000106853,PTGR1,sQTL,Brain_Frontal_Cortex_BA9,eCAVIAR,0.115063,False,False,False
chr9:110549951:G:C,rs61751937,ENSG00000106853,PTGR1,sQTL,Colon_Transverse,eCAVIAR,0.114843,False,False,False
chr1:8435530:G:A,rs172531,ENSG00000162426,SLC45A1,eQTL,Cells_Cultured_fibroblasts,eCAVIAR,0.114652,False,False,False
chr6:29839124:G:C,rs407238/rs115586772,ENSG00000204536,CCHCR1,sQTL,Thyroid,eCAVIAR,0.11448,False,False,False
chr16:65033540:C:T,rs12447201,ENSG00000278893,RP11-229O3.1,eQTL,Brain_Cerebellum,eCAVIAR,0.114404,False,False,False
chr11:65569780:T:A,rs1346,ENSG00000168056,LTBP3,eQTL,Thyroid,eCAVIAR,0.11436,False,False,False
chr17:45948522:C:A,rs242559/rs114919114,ENSG00000225190,PLEKHM1,eQTL,Artery_Aorta,eCAVIAR,0.114317,False,False,False
chr11:16989629:C:A,rs4141194,ENSG00000129158,SERGEF,eQTL,Cells_Cultured_fibroblasts,eCAVIAR,0.114063,False,False,False
chr11:16989629:C:A,rs4141194,ENSG00000129158,SERGEF,eQTL,Cells_Cultured_fibroblasts,eCAVIAR,0.114063,False,False,False
chr12:28050312:T:A,rs7972874,ENSG00000123106,CCDC91,eQTL,Brain_Cortex,eCAVIAR,0.114049,False,False,False
chr9:110549951:G:C,rs61751937,ENSG00000173258,ZNF483,eQTL,Stomach,eCAVIAR,0.11391,False,False,False
chr1:37611020:C:T,rs10908363,ENSG00000116922,C1orf109,sQTL,Skin_Sun_Exposed_Lower_leg,eCAVIAR,0.113879,False,False,False
chr1:37611020:C:T,rs10908363,ENSG00000116922,C1orf109,sQTL,Skin_Sun_Exposed_Lower_leg,eCAVIAR,0.113879,False,False,False
chr1:8435530:G:A,rs172531,ENSG00000232912,RP5-1115A15.1,eQTL,Cells_EBV-transformed_lymphocytes,eCAVIAR,0.113756,False,False,False
chr1:8435530:G:A,rs172531,ENSG00000232912,RP5-1115A15.1,eQTL,Pancreas,eCAVIAR,0.113742,False,False,False
chr2:69184385:C:A,rs6732795,ENSG00000115977,AAK1,eQTL,Lung,eCAVIAR,0.11374,False,False,False
chr16:77627835:C:T,rs280875,ENSG00000140873,ADAMTS18,eQTL,Thyroid,eCAVIAR,0.113721,False,False,False
chr7:151808612:C:T,rs62478245,ENSG00000197150,ABCB8,sQTL,Nerve_Tibial,eCAVIAR,0.113597,False,False,False
chr12:111494996:C:T,rs7137828,ENSG00000226469,ADAM1B,eQTL,Colon_Transverse,eCAVIAR,0.113592,False,False,False
chr14:74618126:G:A,rs754458,ENSG00000176903,PNMA1,eQTL,Colon_Sigmoid,eCAVIAR,0.113525,False,False,False
chr11:115168963:G:A,rs10444329,ENSG00000166741,NNMT,eQTL,Artery_Tibial,eCAVIAR,0.113509,False,False,False
chr13:110125592:G:C,rs2218471,ENSG00000134905,CARS2,sQTL,Uterus,eCAVIAR,0.113255,False,False,False
chr20:46905414:G:A,rs6124885,ENSG00000101470,TNNC2,eQTL,Testis,eCAVIAR,0.113179,False,False,False
chr20:46905414:G:A,rs6124885,ENSG00000225849,MKRN7P,eQTL,Brain_Frontal_Cortex_BA9,eCAVIAR,0.113161,False,False,False
chr17:45948522:C:A,rs242559/rs114919114,ENSG00000233175,CTD-2020K17.3,sQTL,Brain_Cerebellar_Hemisphere,eCAVIAR,0.113125,False,False,False
chr7:151808612:C:T,rs62478245,ENSG00000033100,CHPF2,eQTL,Brain_Cortex,eCAVIAR,0.113102,False,False,False
chr9:110549951:G:C,rs61751937,ENSG00000106853,PTGR1,sQTL,Lung,eCAVIAR,0.11298,False,False,False
chr7:151808612:C:T,rs62478245,ENSG00000033100,CHPF2,sQTL,Adrenal_Gland,eCAVIAR,0.11273,False,False,False
chr9:110549951:G:C,rs61751937,ENSG00000106853,PTGR1,eQTL,Brain_Amygdala,eCAVIAR,0.11251,False,False,False
chr9:110549951:G:C,rs61751937,ENSG00000204173,LRRC37A5P,eQTL,Adipose_Visceral_Omentum,eCAVIAR,0.11247,False,False,False
chr11:65569780:T:A,rs1346,ENSG00000197136,PCNX3,eQTL,Colon_Sigmoid,eCAVIAR,0.112354,False,False,False
chr14:74618126:G:A,rs754458,ENSG00000258586,RP5-1021I20.2,eQTL,Testis,eCAVIAR,0.112168,False,False,False
chr9:110549951:G:C,rs61751937,ENSG00000136813,KIAA0368,eQTL,Testis,eCAVIAR,0.112061,False,False,False
chr9:110549951:G:C,rs61751937,ENSG00000106853,PTGR1,sQTL,Artery_Aorta,eCAVIAR,0.111897,False,False,False
chr14:95490538:C:T,rs72692789,ENSG00000258572,RP11-1070N10.3,eQTL,Brain_Cerebellum,eCAVIAR,0.111817,False,False,False
chr9:110549951:G:C,rs61751937,ENSG00000106853,PTGR1,eQTL,Ovary,eCAVIAR,0.111786,False,False,False
chr2:55705879:C:T,rs2627761,ENSG00000163001,CFAP36,sQTL,Adipose_Subcutaneous,eCAVIAR,0.11156,False,False,False
chr15:91788477:G:A,rs8038628,ENSG00000258647,LINC00930,eQTL,Lung,eCAVIAR,0.111285,False,False,False
chr12:111494996:C:T,rs7137828,ENSG00000226469,ADAM1B,eQTL,Colon_Transverse,eCAVIAR,0.111201,False,False,False
chr7:134835770:C:A,rs10237321,ENSG00000273297,RP11-38M8.1,eQTL,Esophagus_Gastroesophageal_Junction,eCAVIAR,0.110854,False,False,False
chr17:45948522:C:A,rs242559/rs114919114,ENSG00000181513,ACBD4,eQTL,Esophagus_Muscularis,eCAVIAR,0.110699,False,False,False
chr2:55705879:C:T,rs2627761,ENSG00000233266,HMGB1P31,eQTL,Esophagus_Muscularis,eCAVIAR,0.110524,False,False,False
chr13:73065233:G:A,rs9530143,ENSG00000102554,KLF5,sQTL,Stomach,eCAVIAR,0.110428,False,False,False
chr1:8435530:G:A,rs172531,ENSG00000142599,RERE,eQTL,Thyroid,eCAVIAR,0.110235,False,False,False
chr8:123542077:T:A,rs62521288,ENSG00000204949,FAM83A-AS1,eQTL,Skin_Not_Sun_Exposed_Suprapubic,eCAVIAR,0.11017,False,False,False
chr2:66310212:G:T,rs4414666,ENSG00000143971,ETAA1,sQTL,Cells_Cultured_fibroblasts,eCAVIAR,0.110101,False,False,False
chr15:91788477:G:A,rs8038628,ENSG00000140553,UNC45A,eQTL,Colon_Sigmoid,eCAVIAR,0.110087,False,False,False
chr9:110549951:G:C,rs61751937,ENSG00000106853,PTGR1,sQTL,Brain_Cerebellar_Hemisphere,eCAVIAR,0.110078,False,False,False
chr2:71424809:T:A,rs12613800,ENSG00000144036,EXOC6B,sQTL,Heart_Atrial_Appendage,eCAVIAR,0.109607,False,False,False
chr11:65569780:T:A,rs1346,ENSG00000174684,B4GAT1,eQTL,Skin_Not_Sun_Exposed_Suprapubic,eCAVIAR,0.109591,False,False,False
chr12:111494996:C:T,rs7137828,ENSG00000226469,ADAM1B,eQTL,Brain_Cerebellar_Hemisphere,eCAVIAR,0.109515,False,False,False
chr11:16989629:C:A,rs4141194,ENSG00000166788,SAAL1,eQTL,Thyroid,eCAVIAR,0.10946,False,False,False
chr7:151808612:C:T,rs62478245,ENSG00000033100,CHPF2,sQTL,Skin_Sun_Exposed_Lower_leg,eCAVIAR,0.108996,False,False,False
chrX:13936278:C:T,rs66819623,ENSG00000169084,DHRSX,eQTL,Stomach,eCAVIAR,0.108703,False,False,False
chrX:3411552:C:T,rs12846405,ENSG00000169084,DHRSX,eQTL,Stomach,eCAVIAR,0.108703,False,False,False
chrX:44081581:C:T,rs17146835,ENSG00000169084,DHRSX,eQTL,Stomach,eCAVIAR,0.108703,False,False,False
chr1:100629646:G:A,rs12566440,ENSG00000162692,VCAM1,eQTL,Skin_Not_Sun_Exposed_Suprapubic,eCAVIAR,0.108655,False,False,False
chr13:22099731:G:A,rs4769194,ENSG00000102678,FGF9,eQTL,Brain_Spinal_cord_cervical_c-1,eCAVIAR,0.108607,False,False,False
chrX:13936278:C:T,rs66819623,ENSG00000002586,CD99,eQTL,Brain_Cerebellum,eCAVIAR,0.108558,False,False,False
chrX:3411552:C:T,rs12846405,ENSG00000002586,CD99,eQTL,Brain_Cerebellum,eCAVIAR,0.108558,False,False,False
chrX:44081581:C:T,rs17146835,ENSG00000002586,CD99,eQTL,Brain_Cerebellum,eCAVIAR,0.108558,False,False,False
chr1:112699500:G:T,rs1106287,ENSG00000163349,HIPK1,eQTL,Cells_EBV-transformed_lymphocytes,eCAVIAR,0.108483,False,False,False
chr22:28712241:G:A,rs5752776,ENSG00000100209,HSCB,eQTL,Liver,eCAVIAR,0.10833,False,False,False
chr1:112699500:G:T,rs1106287,ENSG00000064886,CHI3L2,sQTL,Cells_Cultured_fibroblasts,eCAVIAR,0.107296,False,False,False
chr1:68371486:C:A,rs4076000,ENSG00000116729,WLS,eQTL,Whole_Blood,eCAVIAR,0.107145,False,False,False
chr12:111494996:C:T,rs7137828,ENSG00000198270,TMEM116,sQTL,Artery_Aorta,eCAVIAR,0.106359,False,False,False
chr11:16989629:C:A,rs4141194,ENSG00000129158,SERGEF,eQTL,Skin_Not_Sun_Exposed_Suprapubic,eCAVIAR,0.106007,False,False,False
chr11:16989629:C:A,rs4141194,ENSG00000129158,SERGEF,eQTL,Skin_Not_Sun_Exposed_Suprapubic,eCAVIAR,0.106007,False,False,False
chr20:46905414:G:A,rs6124885,ENSG00000198185,ZNF334,eQTL,Ovary,eCAVIAR,0.10555,False,False,False
chr15:61655081:G:C,rs12438742,ENSG00000166104,RP11-299H22.3,eQTL,Lung,eCAVIAR,0.105504,False,False,False
chr2:71424809:T:A,rs12613800,ENSG00000144036,EXOC6B,eQTL,Retina,eCAVIAR,0.105499,False,False,False
chr12:111494996:C:T,rs7137828,ENSG00000198270,TMEM116,sQTL,Heart_Left_Ventricle,eCAVIAR,0.105252,False,False,False
chr7:151808612:C:T,rs62478245,ENSG00000164889,SLC4A2,eQTL,Breast_Mammary_Tissue,eCAVIAR,0.105243,False,False,False
chr11:65569780:T:A,rs1346,ENSG00000174744,BRMS1,eQTL,Breast_Mammary_Tissue,eCAVIAR,0.105196,False,False,False
chr12:111494996:C:T,rs7137828,ENSG00000257595,RP3-473L9.4,eQTL,Adipose_Subcutaneous,eCAVIAR,0.105085,False,False,False
chr14:74618126:G:A,rs754458,ENSG00000258695,RP3-414A15.2,eQTL,Artery_Tibial,eCAVIAR,0.104943,False,False,False
chr9:110549951:G:C,rs61751937,ENSG00000106853,PTGR1,eQTL,Brain_Hippocampus,eCAVIAR,0.104538,False,False,False
chr17:45948522:C:A,rs242559/rs114919114,ENSG00000181513,ACBD4,eQTL,Nerve_Tibial,eCAVIAR,0.104198,False,False,False
chr10:94263320:C:T,rs57866767,ENSG00000108239,TBC1D12,sQTL,Adipose_Subcutaneous,eCAVIAR,0.103631,False,False,False
chr9:126628521:C:T,rs3829849,ENSG00000224842,RP11-123K19.1,eQTL,Pituitary,eCAVIAR,0.103416,False,False,False
chr1:68371486:C:A,rs4076000,ENSG00000234383,CTBP2P8,eQTL,Esophagus_Muscularis,eCAVIAR,0.103211,False,False,False
chr1:68371486:C:A,rs4076000,ENSG00000234383,CTBP2P8,eQTL,Esophagus_Muscularis,eCAVIAR,0.103211,False,False,False
chr13:22099731:G:A,rs4769194,ENSG00000180776,ZDHHC20,eQTL,Artery_Coronary,eCAVIAR,0.103206,False,False,False
chr7:151808612:C:T,rs62478245,ENSG00000013374,NUB1,eQTL,Adipose_Subcutaneous,eCAVIAR,0.103138,False,False,False
chr15:91788477:G:A,rs8038628,ENSG00000140553,UNC45A,eQTL,Colon_Sigmoid,eCAVIAR,0.102607,False,False,False
chr1:8435530:G:A,rs172531,ENSG00000232912,RP5-1115A15.1,eQTL,Whole_Blood,eCAVIAR,0.102275,False,False,False
chr7:151808612:C:T,rs62478245,ENSG00000133627,ACTR3B,sQTL,Breast_Mammary_Tissue,eCAVIAR,0.101745,False,False,False
chr22:37780972:G:T,rs5750494,ENSG00000100106,TRIOBP,eQTL,Spleen,eCAVIAR,0.101558,False,False,False
chr22:19882624:C:T,rs8141610,ENSG00000184470,TXNRD2,sQTL,Heart_Left_Ventricle,eCAVIAR,0.101338,False,False,False
chr12:111494996:C:T,rs7137828,ENSG00000204856,FAM216A,eQTL,Skin_Sun_Exposed_Lower_leg,eCAVIAR,0.101143,False,False,False
chr7:151808612:C:T,rs62478245,ENSG00000196584,XRCC2,eQTL,Brain_Substantia_nigra,eCAVIAR,0.101096,False,False,False
chr7:151808612:C:T,rs62478245,ENSG00000196584,XRCC2,eQTL,Testis,eCAVIAR,0.101096,False,False,False
chr7:151808612:C:T,rs62478245,ENSG00000196584,XRCC2,eQTL,Muscle_Skeletal,eCAVIAR,0.101096,False,False,False
chr7:151808612:C:T,rs62478245,ENSG00000196584,XRCC2,eQTL,Brain_Cerebellum,eCAVIAR,0.101096,False,False,False
chr7:151808612:C:T,rs62478245,ENSG00000196584,XRCC2,eQTL,Esophagus_Gastroesophageal_Junction,eCAVIAR,0.101094,False,False,False
chr7:151808612:C:T,rs62478245,ENSG00000164897,TMUB1,eQTL,Esophagus_Gastroesophageal_Junction,eCAVIAR,0.101006,False,False,False
chr7:151808612:C:T,rs62478245,ENSG00000261455,LINC01003,eQTL,Uterus,eCAVIAR,0.100793,False,False,False
chr7:151808612:C:T,rs62478245,ENSG00000196584,XRCC2,eQTL,Brain_Cerebellar_Hemisphere,eCAVIAR,0.100775,False,False,False
chr15:73928957:C:T,rs1550437,ENSG00000140400,MAN2C1,sQTL,Stomach,eCAVIAR,0.100753,False,False,False
chr10:94263320:C:T,rs57866767,ENSG00000108239,TBC1D12,sQTL,Adipose_Subcutaneous,eCAVIAR,0.100508,False,False,False
chr7:151808612:C:T,rs62478245,ENSG00000261455,LINC01003,eQTL,Vagina,eCAVIAR,0.100259,False,False,False
chr9:110549951:G:C,rs61751937,ENSG00000106853,PTGR1,eQTL,Whole_Blood,eCAVIAR,0.100143,False,False,False
chr1:91611540:G:A,rs1192415,ENSG00000162669,HFM1,eQTL,Esophagus_Mucosa,eCAVIAR,0.100032,False,False,False
chr2:71424809:T:A,rs12613800,ENSG00000144036,EXOC6B,eQTL,Nerve_Tibial,eCAVIAR,0.0999963,False,False,False
chr7:134835770:C:A,rs10237321,ENSG00000105875,WDR91,sQTL,Thyroid,eCAVIAR,0.0999554,False,False,False
chr1:37611020:C:T,rs10908363,ENSG00000116922,C1orf109,eQTL,Spleen,eCAVIAR,0.0998752,False,False,False
chr12:111494996:C:T,rs7137828,ENSG00000111300,NAA25,eQTL,Adipose_Visceral_Omentum,eCAVIAR,0.0998347,False,False,False
chr11:16989629:C:A,rs4141194,ENSG00000256464,YWHABP2,eQTL,Artery_Aorta,eCAVIAR,0.0998237,False,False,False
chr11:16989629:C:A,rs4141194,ENSG00000260196,RP1-239B22.5,eQTL,Brain_Nucleus_accumbens_basal_ganglia,eCAVIAR,0.0997883,False,False,False
chr9:133255801:C:T,rs8176749,ENSG00000148296,SURF6,eQTL,Artery_Tibial,eCAVIAR,0.0997452,False,False,False
chr14:74618126:G:A,rs754458,ENSG00000156030,ELMSAN1,eQTL,Colon_Sigmoid,eCAVIAR,0.0996487,False,False,False
chr9:110549951:G:C,rs61751937,ENSG00000198121,LPAR1,eQTL,Nerve_Tibial,eCAVIAR,0.0995186,False,False,False
chr7:151808612:C:T,rs62478245,ENSG00000196584,XRCC2,eQTL,Brain_Cortex,eCAVIAR,0.0993041,False,False,False
chr15:91788477:G:A,rs8038628,ENSG00000214432,AC068831.10,eQTL,Adipose_Visceral_Omentum,eCAVIAR,0.0992348,False,False,False
chr17:45948522:C:A,rs242559/rs114919114,ENSG00000266918,RP11-798G7.8,eQTL,Brain_Amygdala,eCAVIAR,0.0992078,False,False,False
chr7:151808612:C:T,rs62478245,ENSG00000239911,PRKAG2-AS1,sQTL,Brain_Frontal_Cortex_BA9,eCAVIAR,0.099104,False,False,False
chr22:28712241:G:A,rs5752776,ENSG00000100209,HSCB,eQTL,Muscle_Skeletal,eCAVIAR,0.0990252,False,False,False
chr10:94263320:C:T,rs57866767,ENSG00000138115,CYP2C8,eQTL,Adipose_Visceral_Omentum,eCAVIAR,0.0989275,False,False,False
chr7:103984366:G:A,rs12667675,ENSG00000233297,RASA4DP,eQTL,Esophagus_Muscularis,eCAVIAR,0.098792,False,False,False
chr12:111494996:C:T,rs7137828,ENSG00000111300,NAA25,eQTL,Skin_Sun_Exposed_Lower_leg,eCAVIAR,0.0987227,False,False,False
chr15:91788477:G:A,rs8038628,ENSG00000260361,CTD-2313J17.5,eQTL,Esophagus_Muscularis,eCAVIAR,0.0985944,False,False,False
chr9:110549951:G:C,rs61751937,ENSG00000198121,LPAR1,eQTL,Heart_Atrial_Appendage,eCAVIAR,0.0985748,False,False,False
chr10:94263320:C:T,rs57866767,ENSG00000138115,CYP2C8,eQTL,Adipose_Visceral_Omentum,eCAVIAR,0.0984539,False,False,False
chr20:46905414:G:A,rs6124885,ENSG00000215452,ZNF663P,eQTL,Liver,eCAVIAR,0.0982258,False,False,False
chr1:68371486:C:A,rs4076000,ENSG00000116745,RPE65,eQTL,Testis,eCAVIAR,0.0982174,False,False,False
chr15:61655081:G:C,rs12438742,ENSG00000069667,RORA,eQTL,Nerve_Tibial,eCAVIAR,0.0978645,False,False,False
chr11:115168963:G:A,rs10444329,ENSG00000166741,NNMT,eQTL,Artery_Tibial,eCAVIAR,0.0978157,False,False,False
chr13:110125592:G:C,rs2218471,ENSG00000134905,CARS2,sQTL,Uterus,eCAVIAR,0.0977904,False,False,False
chr16:51568037:C:T,rs114367221,ENSG00000280344,AC009166.7,eQTL,Cells_Cultured_fibroblasts,eCAVIAR,0.09762,False,False,False
chr9:110549951:G:C,rs61751937,ENSG00000136810,TXN,eQTL,Adipose_Visceral_Omentum,eCAVIAR,0.0974891,False,False,False
chr10:93169359:C:T,rs10882167,ENSG00000107854,TNKS2,eQTL,Skin_Not_Sun_Exposed_Suprapubic,eCAVIAR,0.0973626,False,False,False
chr14:74618126:G:A,rs754458,ENSG00000119638,NEK9,sQTL,Muscle_Skeletal,eCAVIAR,0.0973508,False,False,False
chr14:74618126:G:A,rs754458,ENSG00000119638,NEK9,sQTL,Muscle_Skeletal,eCAVIAR,0.0973508,False,False,False
chr17:45948522:C:A,rs242559/rs114919114,ENSG00000238083,LRRC37A2,sQTL,Brain_Cerebellar_Hemisphere,eCAVIAR,0.096944,False,False,False
chr7:116522252:T:A,rs10257125,ENSG00000105974,CAV1,eQTL,Uterus,eCAVIAR,0.0966755,False,False,False
chr15:91788477:G:A,rs8038628,ENSG00000182511,FES,sQTL,Whole_Blood,eCAVIAR,0.0966354,False,False,False
chr11:65569780:T:A,rs1346,ENSG00000173442,EHBP1L1,eQTL,Cells_Cultured_fibroblasts,eCAVIAR,0.0965479,False,False,False
chr20:6489447:G:A,rs2326788,ENSG00000101290,CDS2,eQTL,Brain_Nucleus_accumbens_basal_ganglia,eCAVIAR,0.0964399,False,False,False
chr7:151808612:C:T,rs62478245,ENSG00000033050,ABCF2,sQTL,Spleen,eCAVIAR,0.0958814,False,False,False
chr14:74618126:G:A,rs754458,ENSG00000187097,ENTPD5,sQTL,Thyroid,eCAVIAR,0.0958767,False,False,False
chr2:71424809:T:A,rs12613800,ENSG00000144036,EXOC6B,eQTL,Pancreas,eCAVIAR,0.0957634,False,False,False
chr7:151808612:C:T,rs62478245,ENSG00000133612,AGAP3,eQTL,Whole_Blood,eCAVIAR,0.0955625,False,False,False
chr1:8435530:G:A,rs172531,ENSG00000142599,RERE,eQTL,Stomach,eCAVIAR,0.0954866,False,False,False
chr20:39445575:C:T,rs6101546,ENSG00000124143,ARHGAP40,eQTL,Stomach,eCAVIAR,0.0952932,False,False,False
chr16:65033540:C:T,rs12447201,ENSG00000140937,CDH11,sQTL,Nerve_Tibial,eCAVIAR,0.0951018,False,False,False
chr16:65033540:C:T,rs12447201,ENSG00000140937,CDH11,sQTL,Nerve_Tibial,eCAVIAR,0.0951018,False,False,False
chr15:91788477:G:A,rs8038628,ENSG00000182511,FES,sQTL,Minor_Salivary_Gland,eCAVIAR,0.0950656,False,False,False
chr14:74618126:G:A,rs754458,ENSG00000140043,PTGR2,sQTL,Spleen,eCAVIAR,0.0950211,False,False,False
chr1:87747331:C:T,rs12139208,ENSG00000137944,KYAT3,eQTL,Muscle_Skeletal,eCAVIAR,0.0950074,False,False,False
chr12:111494996:C:T,rs7137828,ENSG00000198270,TMEM116,sQTL,Muscle_Skeletal,eCAVIAR,0.0944261,False,False,False
chr7:151808612:C:T,rs62478245,ENSG00000106615,RHEB,eQTL,Thyroid,eCAVIAR,0.0943908,False,False,False
chr15:91788477:G:A,rs8038628,ENSG00000182511,FES,eQTL,Pancreas,eCAVIAR,0.0937617,False,False,False
chr11:65569780:T:A,rs1346,ENSG00000175315,CST6,eQTL,Brain_Cerebellum,eCAVIAR,0.0935506,False,False,False
chr6:29839124:G:C,rs407238/rs115586772,ENSG00000234745,HLA-B,eQTL,Adipose_Subcutaneous,eCAVIAR,0.0935317,False,False,False
chr1:171636338:G:A,rs74315329,ENSG00000135845,PIGC,sQTL,Brain_Cortex,eCAVIAR,0.0934701,False,False,False
chr14:74618126:G:A,rs754458,ENSG00000119688,ABCD4,sQTL,Uterus,eCAVIAR,0.0934028,False,False,False
chr14:74618126:G:A,rs754458,ENSG00000156050,FAM161B,eQTL,Esophagus_Muscularis,eCAVIAR,0.0933185,False,False,False
chr6:29839124:G:C,rs407238/rs115586772,ENSG00000234745,HLA-B,eQTL,Esophagus_Mucosa,eCAVIAR,0.0932359,False,False,False
chr7:151808612:C:T,rs62478245,ENSG00000196584,XRCC2,eQTL,Pancreas,eCAVIAR,0.0931919,False,False,False
chr1:162709355:G:A,rs4542196,ENSG00000132185,FCRLA,eQTL,Spleen,eCAVIAR,0.0927785,False,False,False
chr11:65569780:T:A,rs1346,ENSG00000142186,SCYL1,sQTL,Cells_Cultured_fibroblasts,eCAVIAR,0.092742,False,False,False
chr11:65569780:T:A,rs1346,ENSG00000142186,SCYL1,sQTL,Cells_Cultured_fibroblasts,eCAVIAR,0.092742,False,False,False
chr14:74618126:G:A,rs754458,ENSG00000119725,ZNF410,eQTL,Thyroid,eCAVIAR,0.0926176,False,False,False
chr11:65569780:T:A,rs1346,ENSG00000176973,FAM89B,eQTL,Skin_Sun_Exposed_Lower_leg,eCAVIAR,0.0926166,False,False,False
chr6:29839124:G:C,rs407238/rs115586772,ENSG00000204525,HLA-C,sQTL,Artery_Coronary,eCAVIAR,0.0918749,False,False,False
chr12:111494996:C:T,rs7137828,ENSG00000089234,BRAP,eQTL,Skin_Not_Sun_Exposed_Suprapubic,eCAVIAR,0.0917632,False,False,False
chr6:170139691:G:A,rs2935057,ENSG00000198719,DLL1,eQTL,Esophagus_Muscularis,eCAVIAR,0.0915946,False,False,False
chr17:45948522:C:A,rs242559/rs114919114,ENSG00000186868,MAPT,eQTL,Brain_Cerebellar_Hemisphere,eCAVIAR,0.0915006,False,False,False
chr1:162709355:G:A,rs4542196,ENSG00000244682,FCGR2C,sQTL,Small_Intestine_Terminal_Ileum,eCAVIAR,0.0914093,False,False,False
chr1:162709355:G:A,rs4542196,ENSG00000244682,FCGR2C,sQTL,Small_Intestine_Terminal_Ileum,eCAVIAR,0.0914093,False,False,False
chr21:25844528:T:A,rs13049669,ENSG00000154723,ATP5J,sQTL,Cells_EBV-transformed_lymphocytes,eCAVIAR,0.0911135,False,False,False
chr1:68371486:C:A,rs4076000,ENSG00000172380,GNG12,eQTL,Nerve_Tibial,eCAVIAR,0.0909365,False,False,False
chr1:68371486:C:A,rs4076000,ENSG00000172380,GNG12,eQTL,Nerve_Tibial,eCAVIAR,0.0909365,False,False,False
chr11:16989629:C:A,rs4141194,ENSG00000166788,SAAL1,eQTL,Vagina,eCAVIAR,0.0908671,False,False,False
chr11:16989629:C:A,rs4141194,ENSG00000166788,SAAL1,eQTL,Vagina,eCAVIAR,0.0908671,False,False,False
chr7:151808612:C:T,rs62478245,ENSG00000033100,CHPF2,sQTL,Artery_Aorta,eCAVIAR,0.0907927,False,False,False
chr9:110549951:G:C,rs61751937,ENSG00000173258,ZNF483,eQTL,Heart_Atrial_Appendage,eCAVIAR,0.0907435,False,False,False
chr3:150347493:C:T,rs11710845,ENSG00000196428,TSC22D2,eQTL,Esophagus_Mucosa,eCAVIAR,0.0906387,False,False,False
chr2:55705879:C:T,rs2627761,ENSG00000177994,C2orf73,eQTL,Nerve_Tibial,eCAVIAR,0.0905354,False,False,False
chr1:8435530:G:A,rs172531,ENSG00000074800,ENO1,eQTL,Skin_Sun_Exposed_Lower_leg,eCAVIAR,0.0904462,False,False,False
chr7:103984366:G:A,rs12667675,ENSG00000228049,POLR2J2,eQTL,Liver,eCAVIAR,0.0904154,False,False,False
chr11:65569780:T:A,rs1346,ENSG00000255200,PGAM1P8,eQTL,Pituitary,eCAVIAR,0.0902963,False,False,False
chr9:110549951:G:C,rs61751937,ENSG00000173258,ZNF483,eQTL,Liver,eCAVIAR,0.0899829,False,False,False
chr1:162709355:G:A,rs4542196,ENSG00000143252,SDHC,eQTL,Brain_Frontal_Cortex_BA9,eCAVIAR,0.0893063,False,False,False
chr11:16989629:C:A,rs4141194,ENSG00000166788,SAAL1,eQTL,Thyroid,eCAVIAR,0.0890857,False,False,False
chr11:16989629:C:A,rs4141194,ENSG00000166788,SAAL1,eQTL,Thyroid,eCAVIAR,0.0890857,False,False,False
chr14:74618126:G:A,rs754458,ENSG00000119681,LTBP2,eQTL,Artery_Tibial,eCAVIAR,0.0890788,False,False,False
chr15:91788477:G:A,rs8038628,ENSG00000184056,VPS33B,eQTL,Muscle_Skeletal,eCAVIAR,0.0890562,False,False,False
chr2:66310212:G:T,rs4414666,ENSG00000226756,AC007365.3,eQTL,Breast_Mammary_Tissue,eCAVIAR,0.0890129,False,False,False
chr17:61161860:G:A,rs11868441,ENSG00000264546,RP11-464D20.6,eQTL,Nerve_Tibial,eCAVIAR,0.0888354,False,False,False
chr15:91788477:G:A,rs8038628,ENSG00000182511,FES,sQTL,Spleen,eCAVIAR,0.0888151,False,False,False
chr12:111494996:C:T,rs7137828,ENSG00000111275,ALDH2,eQTL,Whole_Blood,eCAVIAR,0.0887816,False,False,False
chr1:68371486:C:A,rs4076000,ENSG00000142864,SERBP1,eQTL,Muscle_Skeletal,eCAVIAR,0.0887742,False,False,False
chr22:28712241:G:A,rs5752776,ENSG00000100280,AP1B1,eQTL,Uterus,eCAVIAR,0.0886747,False,False,False
chr1:8435530:G:A,rs172531,ENSG00000232912,RP5-1115A15.1,eQTL,Skin_Sun_Exposed_Lower_leg,eCAVIAR,0.0886122,False,False,False
chr1:8435530:G:A,rs172531,ENSG00000162426,SLC45A1,eQTL,Cells_Cultured_fibroblasts,eCAVIAR,0.088586,False,False,False
chr7:151808612:C:T,rs62478245,ENSG00000196584,XRCC2,eQTL,Esophagus_Muscularis,eCAVIAR,0.0885471,False,False,False
chr9:110549951:G:C,rs61751937,ENSG00000136810,TXN,eQTL,Heart_Atrial_Appendage,eCAVIAR,0.0884559,False,False,False
chr11:65569780:T:A,rs1346,ENSG00000174996,KLC2,sQTL,Adipose_Visceral_Omentum,eCAVIAR,0.0882262,False,False,False
chr1:8435530:G:A,rs172531,ENSG00000232912,RP5-1115A15.1,eQTL,Cells_EBV-transformed_lymphocytes,eCAVIAR,0.0878933,False,False,False
chr9:110549951:G:C,rs61751937,ENSG00000136813,KIAA0368,eQTL,Testis,eCAVIAR,0.0878368,False,False,False
chr7:151808612:C:T,rs62478245,ENSG00000196584,XRCC2,eQTL,Brain_Substantia_nigra,eCAVIAR,0.0877881,False,False,False
chr11:16989629:C:A,rs4141194,ENSG00000166788,SAAL1,eQTL,Vagina,eCAVIAR,0.0877784,False,False,False
chr6:36602589:C:T,rs7344,ENSG00000010030,ETV7,eQTL,Skin_Sun_Exposed_Lower_leg,eCAVIAR,0.0876012,False,False,False
chr15:91788477:G:A,rs8038628,ENSG00000184056,VPS33B,eQTL,Muscle_Skeletal,eCAVIAR,0.0875923,False,False,False
chr15:91788477:G:A,rs8038628,ENSG00000166965,RCCD1,eQTL,Brain_Hippocampus,eCAVIAR,0.0874215,False,False,False
chr17:10127866:G:A,rs9913911,ENSG00000109063,MYH3,eQTL,Breast_Mammary_Tissue,eCAVIAR,0.0872302,False,False,False
chr11:47447887:G:A,rs7111873,ENSG00000213619,NDUFS3,eQTL,Heart_Atrial_Appendage,eCAVIAR,0.0871519,False,False,False
chr9:110549951:G:C,rs61751937,ENSG00000136810,TXN,eQTL,Adipose_Visceral_Omentum,eCAVIAR,0.0871447,False,False,False
chr21:25844528:T:A,rs13049669,ENSG00000142192,APP,sQTL,Artery_Tibial,eCAVIAR,0.087017,False,False,False
chr1:37611020:C:T,rs10908363,ENSG00000116922,C1orf109,sQTL,Testis,eCAVIAR,0.0870082,False,False,False
chr1:112699500:G:T,rs1106287,ENSG00000155363,MOV10,eQTL,Testis,eCAVIAR,0.0868508,False,False,False
chr12:111494996:C:T,rs7137828,ENSG00000111275,ALDH2,eQTL,Adipose_Subcutaneous,eCAVIAR,0.0868442,False,False,False
chr9:110549951:G:C,rs61751937,ENSG00000173258,ZNF483,eQTL,Artery_Tibial,eCAVIAR,0.0868228,False,False,False
chr11:16989629:C:A,rs4141194,ENSG00000166788,SAAL1,eQTL,Vagina,eCAVIAR,0.0867386,False,False,False
chr11:65569780:T:A,rs1346,ENSG00000251562,MALAT1,eQTL,Thyroid,eCAVIAR,0.0864548,False,False,False
chr9:110549951:G:C,rs61751937,ENSG00000188959,C9orf152,eQTL,Thyroid,eCAVIAR,0.0863992,False,False,False
chr2:71424809:T:A,rs12613800,ENSG00000124370,MCEE,eQTL,Artery_Tibial,eCAVIAR,0.0861513,False,False,False
chr7:151808612:C:T,rs62478245,ENSG00000133612,AGAP3,eQTL,Lung,eCAVIAR,0.0861095,False,False,False
chr1:8435530:G:A,rs172531,ENSG00000074800,ENO1,sQTL,Muscle_Skeletal,eCAVIAR,0.0858097,False,False,False
chr1:8435530:G:A,rs172531,ENSG00000238290,RP11-431K24.1,eQTL,Muscle_Skeletal,eCAVIAR,0.0855912,False,False,False
chr6:29839124:G:C,rs407238/rs115586772,ENSG00000204536,CCHCR1,sQTL,Colon_Sigmoid,eCAVIAR,0.0855907,False,False,False
chr6:29839124:G:C,rs407238/rs115586772,ENSG00000204528,PSORS1C3,eQTL,Cells_Cultured_fibroblasts,eCAVIAR,0.0855699,False,False,False
chr17:45948522:C:A,rs242559/rs114919114,ENSG00000225190,PLEKHM1,eQTL,Colon_Transverse,eCAVIAR,0.0854595,False,False,False
chr1:8435530:G:A,rs172531,ENSG00000142599,RERE,eQTL,Stomach,eCAVIAR,0.0853924,False,False,False
chr7:151808612:C:T,rs62478245,ENSG00000196584,XRCC2,eQTL,Testis,eCAVIAR,0.0853558,False,False,False
chr12:111494996:C:T,rs7137828,ENSG00000226469,ADAM1B,eQTL,Adrenal_Gland,eCAVIAR,0.0852026,False,False,False
chr6:29839124:G:C,rs407238/rs115586772,ENSG00000204536,CCHCR1,sQTL,Adipose_Visceral_Omentum,eCAVIAR,0.0851644,False,False,False
chr6:29839124:G:C,rs407238/rs115586772,ENSG00000204536,CCHCR1,sQTL,Adipose_Visceral_Omentum,eCAVIAR,0.0851644,False,False,False
chr9:110549951:G:C,rs61751937,ENSG00000173258,ZNF483,eQTL,Breast_Mammary_Tissue,eCAVIAR,0.0850723,False,False,False
chr12:111494996:C:T,rs7137828,ENSG00000257595,RP3-473L9.4,eQTL,Spleen,eCAVIAR,0.0848211,False,False,False
chr6:36602589:C:T,rs7344,ENSG00000137409,MTCH1,sQTL,Nerve_Tibial,eCAVIAR,0.0847378,False,False,False
chr7:151808612:C:T,rs62478245,ENSG00000133627,ACTR3B,eQTL,Skin_Not_Sun_Exposed_Suprapubic,eCAVIAR,0.0843826,False,False,False
chr13:110125592:G:C,rs2218471,ENSG00000276269,RP11-403A3.2,eQTL,Lung,eCAVIAR,0.0843579,False,False,False
chr14:74618126:G:A,rs754458,ENSG00000119661,DNAL1,eQTL,Brain_Cortex,eCAVIAR,0.0843291,False,False,False
chr1:162709355:G:A,rs4542196,ENSG00000143252,SDHC,eQTL,Brain_Frontal_Cortex_BA9,eCAVIAR,0.0840514,False,False,False
chr9:104933258:C:T,rs2472494,ENSG00000226334,RP11-217B7.2,eQTL,Brain_Hippocampus,eCAVIAR,0.0839522,False,False,False
chr1:8435530:G:A,rs172531,ENSG00000232912,RP5-1115A15.1,eQTL,Whole_Blood,eCAVIAR,0.0839359,False,False,False
chr1:8435530:G:A,rs172531,ENSG00000232208,RP3-477M7.5,eQTL,Whole_Blood,eCAVIAR,0.083754,False,False,False
chr11:65569780:T:A,rs1346,ENSG00000173727,CMB9-22P13.1,eQTL,Adrenal_Gland,eCAVIAR,0.0829524,False,False,False
chr6:36602589:C:T,rs7344,ENSG00000112079,STK38,sQTL,Whole_Blood,eCAVIAR,0.0828676,False,False,False
chr2:71424809:T:A,rs12613800,ENSG00000144036,EXOC6B,sQTL,Skin_Sun_Exposed_Lower_leg,eCAVIAR,0.0825752,False,False,False
chr11:16989629:C:A,rs4141194,ENSG00000129167,TPH1,eQTL,Brain_Cerebellar_Hemisphere,eCAVIAR,0.0824365,False,False,False
chr11:16989629:C:A,rs4141194,ENSG00000129167,TPH1,eQTL,Brain_Cerebellar_Hemisphere,eCAVIAR,0.0824365,False,False,False
chrX:13936278:C:T,rs66819623,ENSG00000223773,CD99P1,eQTL,Esophagus_Muscularis,eCAVIAR,0.0824354,False,False,False
chrX:3411552:C:T,rs12846405,ENSG00000223773,CD99P1,eQTL,Esophagus_Muscularis,eCAVIAR,0.0824354,False,False,False
chrX:44081581:C:T,rs17146835,ENSG00000223773,CD99P1,eQTL,Esophagus_Muscularis,eCAVIAR,0.0824354,False,False,False
chr2:55705879:C:T,rs2627761,ENSG00000275052,PPP4R3B,eQTL,Artery_Tibial,eCAVIAR,0.0823779,False,False,False
chr11:65569780:T:A,rs1346,ENSG00000173727,CMB9-22P13.1,eQTL,Skin_Sun_Exposed_Lower_leg,eCAVIAR,0.0822781,False,False,False
chr17:45948522:C:A,rs242559/rs114919114,ENSG00000185829,ARL17A,sQTL,Brain_Spinal_cord_cervical_c-1,eCAVIAR,0.0822419,False,False,False
chr9:110549951:G:C,rs61751937,ENSG00000188959,C9orf152,eQTL,Thyroid,eCAVIAR,0.081814,False,False,False
chr10:93169359:C:T,rs10882167,ENSG00000228701,TNKS2-AS1,eQTL,Breast_Mammary_Tissue,eCAVIAR,0.081802,False,False,False
chr17:45948522:C:A,rs242559/rs114919114,ENSG00000120071,KANSL1,eQTL,Minor_Salivary_Gland,eCAVIAR,0.0817504,False,False,False
chr2:71424809:T:A,rs12613800,ENSG00000124370,MCEE,eQTL,Colon_Sigmoid,eCAVIAR,0.0812075,False,False,False
chr11:16989629:C:A,rs4141194,ENSG00000129167,TPH1,eQTL,Brain_Cerebellar_Hemisphere,eCAVIAR,0.0811852,False,False,False
chr7:151808612:C:T,rs62478245,ENSG00000033050,ABCF2,eQTL,Cells_Cultured_fibroblasts,eCAVIAR,0.0808558,False,False,False
chr11:16989629:C:A,rs4141194,ENSG00000148965,SAA4,eQTL,Adipose_Subcutaneous,eCAVIAR,0.0806417,False,False,False
chr6:45952021:G:A,rs3777588,ENSG00000112782,CLIC5,eQTL,Adipose_Subcutaneous,eCAVIAR,0.0805513,False,False,False
chr9:110549951:G:C,rs61751937,ENSG00000173258,ZNF483,eQTL,Adipose_Subcutaneous,eCAVIAR,0.0804559,False,False,False
chr15:73928957:C:T,rs1550437,ENSG00000198794,SCAMP5,eQTL,Uterus,eCAVIAR,0.0804427,False,False,False
chr2:71424809:T:A,rs12613800,ENSG00000144036,EXOC6B,sQTL,Skin_Sun_Exposed_Lower_leg,eCAVIAR,0.0803806,False,False,False
chr11:16989629:C:A,rs4141194,ENSG00000129158,SERGEF,eQTL,Skin_Not_Sun_Exposed_Suprapubic,eCAVIAR,0.0801801,False,False,False
chr7:117996057:G:C,rs10230941,ENSG00000077063,CTTNBP2,eQTL,Retina,eCAVIAR,0.0801639,False,False,False
chr15:91788477:G:A,rs8038628,ENSG00000258647,LINC00930,sQTL,Testis,eCAVIAR,0.0798909,False,False,False
chr12:111494996:C:T,rs7137828,ENSG00000179295,PTPN11,eQTL,Esophagus_Mucosa,eCAVIAR,0.0798008,False,False,False
chr15:91788477:G:A,rs8038628,ENSG00000140564,FURIN,sQTL,Skin_Sun_Exposed_Lower_leg,eCAVIAR,0.0795716,False,False,False
chr11:16989629:C:A,rs4141194,ENSG00000129158,SERGEF,eQTL,Skin_Not_Sun_Exposed_Suprapubic,eCAVIAR,0.0795126,False,False,False
chr2:55705879:C:T,rs2627761,ENSG00000177994,C2orf73,eQTL,Nerve_Tibial,eCAVIAR,0.0794952,False,False,False
chr2:55705879:C:T,rs2627761,ENSG00000177994,C2orf73,eQTL,Nerve_Tibial,eCAVIAR,0.0794952,False,False,False
chr2:55705879:C:T,rs2627761,ENSG00000177994,C2orf73,eQTL,Nerve_Tibial,eCAVIAR,0.0794952,False,False,False
chr17:45948522:C:A,rs242559/rs114919114,ENSG00000233483,CTD-2020K17.4,eQTL,Colon_Transverse,eCAVIAR,0.07931,False,False,False
chr1:8435530:G:A,rs172531,ENSG00000232912,RP5-1115A15.1,eQTL,Whole_Blood,eCAVIAR,0.0790226,False,False,False
chr11:65569780:T:A,rs1346,ENSG00000168060,NAALADL1,eQTL,Esophagus_Mucosa,eCAVIAR,0.0789766,False,False,False
chr7:151808612:C:T,rs62478245,ENSG00000196584,XRCC2,eQTL,Brain_Cerebellum,eCAVIAR,0.0788924,False,False,False
chr7:151808612:C:T,rs62478245,ENSG00000196584,XRCC2,eQTL,Esophagus_Gastroesophageal_Junction,eCAVIAR,0.0788645,False,False,False
chr15:91788477:G:A,rs8038628,ENSG00000258647,LINC00930,sQTL,Prostate,eCAVIAR,0.0788296,False,False,False
chr17:45948522:C:A,rs242559/rs114919114,ENSG00000264589,MAPT-AS1,eQTL,Brain_Cerebellum,eCAVIAR,0.0787614,False,False,False
chr2:55705879:C:T,rs2627761,ENSG00000233266,HMGB1P31,eQTL,Esophagus_Muscularis,eCAVIAR,0.0787022,False,False,False
chr2:55705879:C:T,rs2627761,ENSG00000233266,HMGB1P31,eQTL,Esophagus_Muscularis,eCAVIAR,0.0787022,False,False,False
chr2:55705879:C:T,rs2627761,ENSG00000233266,HMGB1P31,eQTL,Esophagus_Muscularis,eCAVIAR,0.0787022,False,False,False
chr14:74618126:G:A,rs754458,ENSG00000119686,FLVCR2,eQTL,Skin_Not_Sun_Exposed_Suprapubic,eCAVIAR,0.0786037,False,False,False
chr9:110549951:G:C,rs61751937,ENSG00000198121,LPAR1,eQTL,Nerve_Tibial,eCAVIAR,0.0785921,False,False,False
chr17:45948522:C:A,rs242559/rs114919114,ENSG00000073969,NSF,eQTL,Nerve_Tibial,eCAVIAR,0.0785317,False,False,False
chr14:74618126:G:A,rs754458,ENSG00000119661,DNAL1,eQTL,Brain_Caudate_basal_ganglia,eCAVIAR,0.0784356,False,False,False
chr11:16989629:C:A,rs4141194,ENSG00000129158,SERGEF,eQTL,Cells_Cultured_fibroblasts,eCAVIAR,0.0782387,False,False,False
chr10:93169359:C:T,rs10882167,ENSG00000228701,TNKS2-AS1,eQTL,Artery_Tibial,eCAVIAR,0.0782042,False,False,False
chr12:111494996:C:T,rs7137828,ENSG00000135148,TRAFD1,eQTL,Nerve_Tibial,eCAVIAR,0.0780073,False,False,False
chr17:45948522:C:A,rs242559/rs114919114,ENSG00000172992,DCAKD,sQTL,Brain_Cerebellum,eCAVIAR,0.0780052,False,False,False
chr13:22099731:G:A,rs4769194,ENSG00000180776,ZDHHC20,eQTL,Artery_Coronary,eCAVIAR,0.0779243,False,False,False
chr2:12811195:C:T,rs12623251,ENSG00000225649,AC064875.2,eQTL,Adipose_Subcutaneous,eCAVIAR,0.0778043,False,False,False
chr2:12811195:C:T,rs12623251,ENSG00000225649,AC064875.2,eQTL,Adipose_Subcutaneous,eCAVIAR,0.0778043,False,False,False
chr4:88831125:G:A,rs57400569,ENSG00000249973,CHCHD2P7,eQTL,Kidney_Cortex,eCAVIAR,0.0776469,False,False,False
chr7:134835770:C:A,rs10237321,ENSG00000122786,CALD1,eQTL,Adipose_Subcutaneous,eCAVIAR,0.0776191,False,False,False
chr14:74618126:G:A,rs754458,ENSG00000183379,SYNDIG1L,eQTL,Adipose_Subcutaneous,eCAVIAR,0.0775547,False,False,False
chr7:103984366:G:A,rs12667675,ENSG00000225329,LHFPL3-AS2,sQTL,Lung,eCAVIAR,0.0774363,False,False,False
chr7:151808612:C:T,rs62478245,ENSG00000133612,AGAP3,eQTL,Stomach,eCAVIAR,0.0773791,False,False,False
chr15:73928957:C:T,rs1550437,ENSG00000213578,CPLX3,eQTL,Skin_Sun_Exposed_Lower_leg,eCAVIAR,0.0770737,False,False,False
chr6:29839124:G:C,rs407238/rs115586772,ENSG00000234745,HLA-B,eQTL,Nerve_Tibial,eCAVIAR,0.0769767,False,False,False
chr9:133255801:C:T,rs8176749,ENSG00000119440,LCN1P1,eQTL,Adipose_Visceral_Omentum,eCAVIAR,0.0767946,False,False,False
chr13:110125592:G:C,rs2218471,ENSG00000277767,RP11-365P13.5,eQTL,Brain_Amygdala,eCAVIAR,0.076776,False,False,False
chr14:74618126:G:A,rs754458,ENSG00000156030,ELMSAN1,eQTL,Heart_Left_Ventricle,eCAVIAR,0.0767557,False,False,False
chr1:100629646:G:A,rs12566440,ENSG00000181656,GPR88,eQTL,Lung,eCAVIAR,0.0767258,False,False,False
chr7:151808612:C:T,rs62478245,ENSG00000033100,CHPF2,sQTL,Nerve_Tibial,eCAVIAR,0.0766402,False,False,False
chr14:74618126:G:A,rs754458,ENSG00000205659,LIN52,eQTL,Brain_Hypothalamus,eCAVIAR,0.07648,False,False,False
chr16:77627835:C:T,rs280875,ENSG00000140876,NUDT7,sQTL,Artery_Tibial,eCAVIAR,0.0764456,False,False,False
chr16:77627835:C:T,rs280875,ENSG00000140876,NUDT7,sQTL,Artery_Tibial,eCAVIAR,0.0764456,False,False,False
chr11:65569780:T:A,rs1346,ENSG00000162241,SLC25A45,eQTL,Muscle_Skeletal,eCAVIAR,0.0760799,False,False,False
chr20:46905414:G:A,rs6124885,ENSG00000196562,SULF2,sQTL,Liver,eCAVIAR,0.0759837,False,False,False
chr2:71424809:T:A,rs12613800,ENSG00000124370,MCEE,eQTL,Artery_Tibial,eCAVIAR,0.0758352,False,False,False
chr7:151808612:C:T,rs62478245,ENSG00000033100,CHPF2,sQTL,Adipose_Visceral_Omentum,eCAVIAR,0.0757611,False,False,False
chr1:37611020:C:T,rs10908363,ENSG00000116922,C1orf109,sQTL,Adipose_Subcutaneous,eCAVIAR,0.0756278,False,False,False
chr1:37611020:C:T,rs10908363,ENSG00000116922,C1orf109,sQTL,Adipose_Subcutaneous,eCAVIAR,0.0756278,False,False,False
chr13:110125592:G:C,rs2218471,ENSG00000213995,NAXD,eQTL,Brain_Nucleus_accumbens_basal_ganglia,eCAVIAR,0.0756034,False,False,False
chr7:134835770:C:A,rs10237321,ENSG00000131558,EXOC4,eQTL,Adipose_Subcutaneous,eCAVIAR,0.0752855,False,False,False
chr9:110549951:G:C,rs61751937,ENSG00000198121,LPAR1,eQTL,Nerve_Tibial,eCAVIAR,0.0752776,False,False,False
chr15:73928957:C:T,rs1550437,ENSG00000140400,MAN2C1,sQTL,Stomach,eCAVIAR,0.0752539,False,False,False
chr17:10127866:G:A,rs9913911,ENSG00000187824,TMEM220,eQTL,Brain_Cerebellum,eCAVIAR,0.0745267,False,False,False
chr9:110549951:G:C,rs61751937,ENSG00000136810,TXN,eQTL,Adipose_Visceral_Omentum,eCAVIAR,0.0743428,False,False,False
chr9:110549951:G:C,rs61751937,ENSG00000106853,PTGR1,sQTL,Skin_Sun_Exposed_Lower_leg,eCAVIAR,0.0741363,False,False,False
chr8:6519620:G:C,rs2515437,ENSG00000246089,RP11-115C21.2,eQTL,Esophagus_Mucosa,eCAVIAR,0.0740315,False,False,False
chr1:8435530:G:A,rs172531,ENSG00000074800,ENO1,eQTL,Skin_Not_Sun_Exposed_Suprapubic,eCAVIAR,0.0738202,False,False,False
chr1:8435530:G:A,rs172531,ENSG00000162426,SLC45A1,eQTL,Skin_Not_Sun_Exposed_Suprapubic,eCAVIAR,0.0737597,False,False,False
chr15:91788477:G:A,rs8038628,ENSG00000140553,UNC45A,eQTL,Esophagus_Mucosa,eCAVIAR,0.0736818,False,False,False
chr2:71424809:T:A,rs12613800,ENSG00000144036,EXOC6B,eQTL,Stomach,eCAVIAR,0.0734929,False,False,False
chr7:151808612:C:T,rs62478245,ENSG00000261455,LINC01003,eQTL,Uterus,eCAVIAR,0.0734035,False,False,False
chr17:45948522:C:A,rs242559/rs114919114,ENSG00000263142,LRRC37A17P,eQTL,Prostate,eCAVIAR,0.0733371,False,False,False
chr7:116522252:T:A,rs10257125,ENSG00000105971,CAV2,eQTL,Thyroid,eCAVIAR,0.0732581,False,False,False
chr14:74618126:G:A,rs754458,ENSG00000119725,ZNF410,eQTL,Brain_Cerebellum,eCAVIAR,0.0732402,False,False,False
chr9:110549951:G:C,rs61751937,ENSG00000173258,ZNF483,eQTL,Adipose_Subcutaneous,eCAVIAR,0.0731097,False,False,False
chr9:133255801:C:T,rs8176749,ENSG00000148296,SURF6,eQTL,Brain_Putamen_basal_ganglia,eCAVIAR,0.0730198,False,False,False
chr1:8435530:G:A,rs172531,ENSG00000074800,ENO1,sQTL,Muscle_Skeletal,eCAVIAR,0.0729496,False,False,False
chr9:110549951:G:C,rs61751937,ENSG00000173258,ZNF483,eQTL,Nerve_Tibial,eCAVIAR,0.0729178,False,False,False
chr9:110549951:G:C,rs61751937,ENSG00000173258,ZNF483,eQTL,Heart_Atrial_Appendage,eCAVIAR,0.072726,False,False,False
chr12:111494996:C:T,rs7137828,ENSG00000173064,HECTD4,eQTL,Adipose_Visceral_Omentum,eCAVIAR,0.0726625,False,False,False
chr1:8435530:G:A,rs172531,ENSG00000236269,ENO1-IT1,eQTL,Cells_Cultured_fibroblasts,eCAVIAR,0.0725608,False,False,False
chr1:8435530:G:A,rs172531,ENSG00000232912,RP5-1115A15.1,eQTL,Ovary,eCAVIAR,0.0725285,False,False,False
chr9:110549951:G:C,rs61751937,ENSG00000106853,PTGR1,sQTL,Pituitary,eCAVIAR,0.0724988,False,False,False
chr9:110549951:G:C,rs61751937,ENSG00000106853,PTGR1,sQTL,Brain_Hypothalamus,eCAVIAR,0.0724979,False,False,False
chr7:151808612:C:T,rs62478245,ENSG00000227562,RP11-796I2.1,sQTL,Testis,eCAVIAR,0.0724837,False,False,False
chr9:110549951:G:C,rs61751937,ENSG00000106853,PTGR1,sQTL,Thyroid,eCAVIAR,0.0724802,False,False,False
chr9:110549951:G:C,rs61751937,ENSG00000106853,PTGR1,sQTL,Thyroid,eCAVIAR,0.0724802,False,False,False
chr9:110549951:G:C,rs61751937,ENSG00000106853,PTGR1,eQTL,Brain_Anterior_cingulate_cortex_BA24,eCAVIAR,0.0724692,False,False,False
chr17:45948522:C:A,rs242559/rs114919114,ENSG00000279685,MAPT-IT1,eQTL,Brain_Cerebellar_Hemisphere,eCAVIAR,0.0724401,False,False,False
chr9:110549951:G:C,rs61751937,ENSG00000136810,TXN,eQTL,Heart_Atrial_Appendage,eCAVIAR,0.072436,False,False,False
chr9:110549951:G:C,rs61751937,ENSG00000136813,KIAA0368,eQTL,Testis,eCAVIAR,0.0724308,False,False,False
chr9:110549951:G:C,rs61751937,ENSG00000204173,LRRC37A5P,sQTL,Testis,eCAVIAR,0.0724132,False,False,False
chr9:110549951:G:C,rs61751937,ENSG00000106853,PTGR1,eQTL,Brain_Cortex,eCAVIAR,0.072409,False,False,False
chr9:110549951:G:C,rs61751937,ENSG00000106853,PTGR1,eQTL,Whole_Blood,eCAVIAR,0.0721232,False,False,False
chr9:110549951:G:C,rs61751937,ENSG00000173258,ZNF483,eQTL,Stomach,eCAVIAR,0.0720989,False,False,False
chr6:170139691:G:A,rs2935057,ENSG00000198719,DLL1,eQTL,Esophagus_Muscularis,eCAVIAR,0.0718413,False,False,False
chr9:110549951:G:C,rs61751937,ENSG00000106853,PTGR1,eQTL,Pituitary,eCAVIAR,0.071761,False,False,False
chr2:71424809:T:A,rs12613800,ENSG00000124370,MCEE,eQTL,Colon_Sigmoid,eCAVIAR,0.0714835,False,False,False
chr13:22099731:G:A,rs4769194,ENSG00000102678,FGF9,eQTL,Brain_Spinal_cord_cervical_c-1,eCAVIAR,0.0714514,False,False,False
chr7:151808612:C:T,rs62478245,ENSG00000196584,XRCC2,eQTL,Brain_Cerebellar_Hemisphere,eCAVIAR,0.0714274,False,False,False
chr9:110549951:G:C,rs61751937,ENSG00000106853,PTGR1,sQTL,Skin_Sun_Exposed_Lower_leg,eCAVIAR,0.0712982,False,False,False
chr13:110125592:G:C,rs2218471,ENSG00000276269,RP11-403A3.2,eQTL,Artery_Aorta,eCAVIAR,0.071266,False,False,False
chr7:117996057:G:C,rs10230941,ENSG00000077063,CTTNBP2,eQTL,Colon_Sigmoid,eCAVIAR,0.0712412,False,False,False
chr7:151808612:C:T,rs62478245,ENSG00000133612,AGAP3,sQTL,Pancreas,eCAVIAR,0.0712179,False,False,False
chr9:110549951:G:C,rs61751937,ENSG00000106853,PTGR1,sQTL,Adrenal_Gland,eCAVIAR,0.0712068,False,False,False
chr9:110549951:G:C,rs61751937,ENSG00000106853,PTGR1,sQTL,Brain_Frontal_Cortex_BA9,eCAVIAR,0.0711764,False,False,False
chr12:111494996:C:T,rs7137828,ENSG00000198270,TMEM116,sQTL,Muscle_Skeletal,eCAVIAR,0.0711349,False,False,False
chr9:110549951:G:C,rs61751937,ENSG00000106853,PTGR1,sQTL,Colon_Transverse,eCAVIAR,0.0710404,False,False,False
chr7:151808612:C:T,rs62478245,ENSG00000033100,CHPF2,sQTL,Prostate,eCAVIAR,0.0709934,False,False,False
chr1:8435530:G:A,rs172531,ENSG00000131686,CA6,eQTL,Whole_Blood,eCAVIAR,0.0709212,False,False,False
chr17:45948522:C:A,rs242559/rs114919114,ENSG00000136448,NMT1,eQTL,Small_Intestine_Terminal_Ileum,eCAVIAR,0.070808,False,False,False
chr12:111494996:C:T,rs7137828,ENSG00000111271,ACAD10,eQTL,Testis,eCAVIAR,0.0707436,False,False,False
chr7:103984366:G:A,rs12667675,ENSG00000233297,RASA4DP,eQTL,Esophagus_Muscularis,eCAVIAR,0.0704387,False,False,False
chr22:37780972:G:T,rs5750494,ENSG00000233360,Z83844.1,eQTL,Adrenal_Gland,eCAVIAR,0.0702663,False,False,False
chr15:91788477:G:A,rs8038628,ENSG00000182511,FES,eQTL,Brain_Amygdala,eCAVIAR,0.0702063,False,False,False
chr14:74618126:G:A,rs754458,ENSG00000119725,ZNF410,eQTL,Stomach,eCAVIAR,0.070195,False,False,False
chr20:46905414:G:A,rs6124885,ENSG00000158296,SLC13A3,eQTL,Adrenal_Gland,eCAVIAR,0.0701887,False,False,False
chr7:151808612:C:T,rs62478245,ENSG00000164896,FASTK,eQTL,Lung,eCAVIAR,0.0699092,False,False,False
chr9:110549951:G:C,rs61751937,ENSG00000106853,PTGR1,sQTL,Lung,eCAVIAR,0.0698876,False,False,False
chr1:8435530:G:A,rs172531,ENSG00000074800,ENO1,eQTL,Skin_Sun_Exposed_Lower_leg,eCAVIAR,0.0698831,False,False,False
chr11:16989629:C:A,rs4141194,ENSG00000129167,TPH1,eQTL,Brain_Cerebellum,eCAVIAR,0.0697933,False,False,False
chr11:16989629:C:A,rs4141194,ENSG00000129167,TPH1,eQTL,Brain_Cerebellum,eCAVIAR,0.0697933,False,False,False
chr9:110549951:G:C,rs61751937,ENSG00000106853,PTGR1,eQTL,Brain_Amygdala,eCAVIAR,0.0695974,False,False,False
chr9:110549951:G:C,rs61751937,ENSG00000204173,LRRC37A5P,eQTL,Adipose_Visceral_Omentum,eCAVIAR,0.0695724,False,False,False
chr17:45948522:C:A,rs242559/rs114919114,ENSG00000267344,CTB-39G8.3,eQTL,Muscle_Skeletal,eCAVIAR,0.0695556,False,False,False
chr1:8435530:G:A,rs172531,ENSG00000232912,RP5-1115A15.1,eQTL,Ovary,eCAVIAR,0.0694732,False,False,False
chr2:71424809:T:A,rs12613800,ENSG00000144036,EXOC6B,eQTL,Colon_Transverse,eCAVIAR,0.0693068,False,False,False
chr9:110549951:G:C,rs61751937,ENSG00000106853,PTGR1,sQTL,Artery_Aorta,eCAVIAR,0.0692177,False,False,False
chr11:16989629:C:A,rs4141194,ENSG00000129158,SERGEF,eQTL,Cells_Cultured_fibroblasts,eCAVIAR,0.0691513,False,False,False
chr9:110549951:G:C,rs61751937,ENSG00000106853,PTGR1,eQTL,Ovary,eCAVIAR,0.0691493,False,False,False
chr7:151808612:C:T,rs62478245,ENSG00000196584,XRCC2,eQTL,Muscle_Skeletal,eCAVIAR,0.0689476,False,False,False
chr13:73065233:G:A,rs9530143,ENSG00000136122,BORA,eQTL,Whole_Blood,eCAVIAR,0.0689377,False,False,False
chr17:45948522:C:A,rs242559/rs114919114,ENSG00000225190,PLEKHM1,eQTL,Artery_Aorta,eCAVIAR,0.0687758,False,False,False
chr11:16989629:C:A,rs4141194,ENSG00000166788,SAAL1,eQTL,Brain_Spinal_cord_cervical_c-1,eCAVIAR,0.0686802,False,False,False
chr11:16989629:C:A,rs4141194,ENSG00000166788,SAAL1,eQTL,Brain_Spinal_cord_cervical_c-1,eCAVIAR,0.0686802,False,False,False
chr11:16989629:C:A,rs4141194,ENSG00000129167,TPH1,eQTL,Brain_Cerebellum,eCAVIAR,0.068653,False,False,False
chr15:91788477:G:A,rs8038628,ENSG00000196547,MAN2A2,eQTL,Brain_Cerebellar_Hemisphere,eCAVIAR,0.0685149,False,False,False
chr9:110549951:G:C,rs61751937,ENSG00000106853,PTGR1,sQTL,Brain_Nucleus_accumbens_basal_ganglia,eCAVIAR,0.0684749,False,False,False
chr9:133255801:C:T,rs8176749,ENSG00000171102,OBP2B,eQTL,Skin_Sun_Exposed_Lower_leg,eCAVIAR,0.0684338,False,False,False
chr9:133255801:C:T,rs8176749,ENSG00000175164,ABO,sQTL,Skin_Not_Sun_Exposed_Suprapubic,eCAVIAR,0.0684203,False,False,False
chr9:133255801:C:T,rs8176749,ENSG00000171102,OBP2B,eQTL,Skin_Not_Sun_Exposed_Suprapubic,eCAVIAR,0.0683898,False,False,False
chr7:134835770:C:A,rs10237321,ENSG00000105875,WDR91,sQTL,Small_Intestine_Terminal_Ileum,eCAVIAR,0.0683201,False,False,False
chr7:151808612:C:T,rs62478245,ENSG00000196584,XRCC2,eQTL,Pancreas,eCAVIAR,0.0683117,False,False,False
chr9:133255801:C:T,rs8176749,ENSG00000171102,OBP2B,sQTL,Skin_Sun_Exposed_Lower_leg,eCAVIAR,0.0682145,False,False,False
chr9:133255801:C:T,rs8176749,ENSG00000175164,ABO,sQTL,Lung,eCAVIAR,0.0681018,False,False,False
chrX:13936278:C:T,rs66819623,ENSG00000002586,CD99,eQTL,Thyroid,eCAVIAR,0.0680423,False,False,False
chrX:3411552:C:T,rs12846405,ENSG00000002586,CD99,eQTL,Thyroid,eCAVIAR,0.0680423,False,False,False
chrX:44081581:C:T,rs17146835,ENSG00000002586,CD99,eQTL,Thyroid,eCAVIAR,0.0680423,False,False,False
chr16:77627835:C:T,rs280875,ENSG00000140876,NUDT7,eQTL,Esophagus_Muscularis,eCAVIAR,0.0680197,False,False,False
chr7:151808612:C:T,rs62478245,ENSG00000033050,ABCF2,sQTL,Artery_Tibial,eCAVIAR,0.0679917,False,False,False
chr15:91788477:G:A,rs8038628,ENSG00000176463,SLCO3A1,sQTL,Thyroid,eCAVIAR,0.067935,False,False,False
chr3:105354628:C:A,rs6437582,ENSG00000114423,CBLB,eQTL,Skin_Sun_Exposed_Lower_leg,eCAVIAR,0.067887,False,False,False
chr14:74618126:G:A,rs754458,ENSG00000279594,RP11-950C14.10,eQTL,Brain_Spinal_cord_cervical_c-1,eCAVIAR,0.06781,False,False,False
chr9:110549951:G:C,rs61751937,ENSG00000198121,LPAR1,eQTL,Nerve_Tibial,eCAVIAR,0.0676289,False,False,False
chr1:162709355:G:A,rs4542196,ENSG00000143257,NR1I3,eQTL,Brain_Anterior_cingulate_cortex_BA24,eCAVIAR,0.067622,False,False,False
chr9:110549951:G:C,rs61751937,ENSG00000136810,TXN,eQTL,Heart_Atrial_Appendage,eCAVIAR,0.0674543,False,False,False
chr7:151808612:C:T,rs62478245,ENSG00000187260,WDR86,eQTL,Esophagus_Gastroesophageal_Junction,eCAVIAR,0.0673675,False,False,False
chr22:19882624:C:T,rs8141610,ENSG00000184058,TBX1,sQTL,Muscle_Skeletal,eCAVIAR,0.0673231,False,False,False
chr15:91788477:G:A,rs8038628,ENSG00000196547,MAN2A2,eQTL,Brain_Cerebellar_Hemisphere,eCAVIAR,0.0672562,False,False,False
chr14:74618126:G:A,rs754458,ENSG00000258695,RP3-414A15.2,eQTL,Adipose_Subcutaneous,eCAVIAR,0.067214,False,False,False
chr7:103984366:G:A,rs12667675,ENSG00000161036,LRWD1,eQTL,Whole_Blood,eCAVIAR,0.0672016,False,False,False
chr12:111494996:C:T,rs7137828,ENSG00000204856,FAM216A,eQTL,Skin_Sun_Exposed_Lower_leg,eCAVIAR,0.0671417,False,False,False
chr15:91788477:G:A,rs8038628,ENSG00000196547,MAN2A2,eQTL,Nerve_Tibial,eCAVIAR,0.0671058,False,False,False
chr17:45948522:C:A,rs242559/rs114919114,ENSG00000159314,ARHGAP27,eQTL,Brain_Putamen_basal_ganglia,eCAVIAR,0.0671035,False,False,False
chr9:110549951:G:C,rs61751937,ENSG00000136810,TXN,eQTL,Adipose_Visceral_Omentum,eCAVIAR,0.0669969,False,False,False
chr15:91788477:G:A,rs8038628,ENSG00000224441,AC068831.3,sQTL,Skin_Sun_Exposed_Lower_leg,eCAVIAR,0.0668648,False,False,False
chr15:91788477:G:A,rs8038628,ENSG00000184508,HDDC3,sQTL,Skin_Sun_Exposed_Lower_leg,eCAVIAR,0.0668648,False,False,False
chr7:103984366:G:A,rs12667675,ENSG00000135250,SRPK2,eQTL,Esophagus_Muscularis,eCAVIAR,0.0668632,False,False,False
chrX:13936278:C:T,rs66819623,ENSG00000230542,LINC00102,eQTL,Adipose_Visceral_Omentum,eCAVIAR,0.0668464,False,False,False
chrX:3411552:C:T,rs12846405,ENSG00000230542,LINC00102,eQTL,Adipose_Visceral_Omentum,eCAVIAR,0.0668464,False,False,False
chrX:44081581:C:T,rs17146835,ENSG00000230542,LINC00102,eQTL,Adipose_Visceral_Omentum,eCAVIAR,0.0668464,False,False,False
chr15:73928957:C:T,rs1550437,ENSG00000140474,ULK3,eQTL,Artery_Aorta,eCAVIAR,0.0667375,False,False,False
chr16:77627835:C:T,rs280875,ENSG00000261707,RP11-264M12.2,eQTL,Liver,eCAVIAR,0.0666234,False,False,False
chr1:162709355:G:A,rs4542196,ENSG00000203747,FCGR3A,eQTL,Skin_Sun_Exposed_Lower_leg,eCAVIAR,0.0666161,False,False,False
chr12:111494996:C:T,rs7137828,ENSG00000186298,PPP1CC,eQTL,Colon_Sigmoid,eCAVIAR,0.0665739,False,False,False
chr1:162709355:G:A,rs4542196,ENSG00000143226,FCGR2A,eQTL,Skin_Sun_Exposed_Lower_leg,eCAVIAR,0.0665548,False,False,False
chr1:8435530:G:A,rs172531,ENSG00000238290,RP11-431K24.1,eQTL,Muscle_Skeletal,eCAVIAR,0.0665287,False,False,False
chr1:8435530:G:A,rs172531,ENSG00000238290,RP11-431K24.1,eQTL,Muscle_Skeletal,eCAVIAR,0.0661319,False,False,False
chr1:8435530:G:A,rs172531,ENSG00000142599,RERE,eQTL,Stomach,eCAVIAR,0.0659783,False,False,False
chr15:91788477:G:A,rs8038628,ENSG00000166965,RCCD1,eQTL,Brain_Caudate_basal_ganglia,eCAVIAR,0.0658714,False,False,False
chr2:45651621:G:T,rs687914,ENSG00000171132,PRKCE,eQTL,Skin_Sun_Exposed_Lower_leg,eCAVIAR,0.0658485,False,False,False
chr11:16989629:C:A,rs4141194,ENSG00000166788,SAAL1,eQTL,Brain_Spinal_cord_cervical_c-1,eCAVIAR,0.0657761,False,False,False
chrX:13936278:C:T,rs66819623,ENSG00000214717,ZBED1,eQTL,Whole_Blood,eCAVIAR,0.0657591,False,False,False
chrX:3411552:C:T,rs12846405,ENSG00000214717,ZBED1,eQTL,Whole_Blood,eCAVIAR,0.0657591,False,False,False
chrX:44081581:C:T,rs17146835,ENSG00000214717,ZBED1,eQTL,Whole_Blood,eCAVIAR,0.0657591,False,False,False
chr15:91788477:G:A,rs8038628,ENSG00000271763,RP11-386M24.9,eQTL,Muscle_Skeletal,eCAVIAR,0.0653395,False,False,False
chr9:133255801:C:T,rs8176749,ENSG00000175164,ABO,eQTL,Stomach,eCAVIAR,0.0653223,False,False,False
chr11:65569780:T:A,rs1346,ENSG00000162241,SLC25A45,eQTL,Muscle_Skeletal,eCAVIAR,0.0652763,False,False,False
chr6:29839124:G:C,rs407238/rs115586772,ENSG00000234745,HLA-B,eQTL,Esophagus_Mucosa,eCAVIAR,0.0652702,False,False,False
chr22:19882624:C:T,rs8141610,ENSG00000184058,TBX1,eQTL,Muscle_Skeletal,eCAVIAR,0.0651039,False,False,False
chr11:16989629:C:A,rs4141194,ENSG00000188211,NCR3LG1,eQTL,Heart_Atrial_Appendage,eCAVIAR,0.0650768,False,False,False
chr11:16989629:C:A,rs4141194,ENSG00000188211,NCR3LG1,eQTL,Heart_Atrial_Appendage,eCAVIAR,0.0650768,False,False,False
chr7:151808612:C:T,rs62478245,ENSG00000196584,XRCC2,eQTL,Brain_Cortex,eCAVIAR,0.0649607,False,False,False
chr12:111494996:C:T,rs7137828,ENSG00000226469,ADAM1B,eQTL,Cells_Cultured_fibroblasts,eCAVIAR,0.0649535,False,False,False
chr6:29839124:G:C,rs407238/rs115586772,ENSG00000204525,HLA-C,sQTL,Liver,eCAVIAR,0.064907,False,False,False
chr9:110549951:G:C,rs61751937,ENSG00000136810,TXN,eQTL,Uterus,eCAVIAR,0.0648272,False,False,False
chr1:8435530:G:A,rs172531,ENSG00000232208,RP3-477M7.5,eQTL,Whole_Blood,eCAVIAR,0.0647124,False,False,False
chr9:110549951:G:C,rs61751937,ENSG00000106853,PTGR1,eQTL,Brain_Hippocampus,eCAVIAR,0.0646657,False,False,False
chr9:104933258:C:T,rs2472494,ENSG00000226334,RP11-217B7.2,eQTL,Brain_Spinal_cord_cervical_c-1,eCAVIAR,0.0646283,False,False,False
chr11:65569780:T:A,rs1346,ENSG00000197847,SLC22A20,eQTL,Brain_Cerebellar_Hemisphere,eCAVIAR,0.0643373,False,False,False
chr9:133255801:C:T,rs8176749,ENSG00000175164,ABO,eQTL,Lung,eCAVIAR,0.0643072,False,False,False
chr11:115168963:G:A,rs10444329,ENSG00000109906,ZBTB16,sQTL,Nerve_Tibial,eCAVIAR,0.0642492,False,False,False
chr7:151808612:C:T,rs62478245,ENSG00000196584,XRCC2,eQTL,Brain_Substantia_nigra,eCAVIAR,0.0642459,False,False,False
chr7:151808612:C:T,rs62478245,ENSG00000033050,ABCF2,sQTL,Breast_Mammary_Tissue,eCAVIAR,0.0641001,False,False,False
chr2:71424809:T:A,rs12613800,ENSG00000144036,EXOC6B,eQTL,Pancreas,eCAVIAR,0.0640882,False,False,False
chr14:74618126:G:A,rs754458,ENSG00000258695,RP3-414A15.2,eQTL,Adipose_Subcutaneous,eCAVIAR,0.0639698,False,False,False
chr6:29839124:G:C,rs407238/rs115586772,ENSG00000204536,CCHCR1,sQTL,Esophagus_Gastroesophageal_Junction,eCAVIAR,0.0638801,False,False,False
chr2:152508013:G:A,rs1579050,ENSG00000080345,RIF1,eQTL,Testis,eCAVIAR,0.0638369,False,False,False
chr1:68371486:C:A,rs4076000,ENSG00000234383,CTBP2P8,eQTL,Muscle_Skeletal,eCAVIAR,0.0638325,False,False,False
chr1:68371486:C:A,rs4076000,ENSG00000234383,CTBP2P8,eQTL,Muscle_Skeletal,eCAVIAR,0.0638325,False,False,False
chr17:45948522:C:A,rs242559/rs114919114,ENSG00000280022,RP11-707O23.1,eQTL,Brain_Caudate_basal_ganglia,eCAVIAR,0.0638044,False,False,False
chr17:45948522:C:A,rs242559/rs114919114,ENSG00000136448,NMT1,eQTL,Small_Intestine_Terminal_Ileum,eCAVIAR,0.0637921,False,False,False
chr1:162709355:G:A,rs4542196,ENSG00000198574,SH2D1B,eQTL,Whole_Blood,eCAVIAR,0.0637442,False,False,False
chr11:65569780:T:A,rs1346,ENSG00000214659,KRT8P26,eQTL,Brain_Frontal_Cortex_BA9,eCAVIAR,0.0635538,False,False,False
chr12:111494996:C:T,rs7137828,ENSG00000173064,HECTD4,eQTL,Adipose_Subcutaneous,eCAVIAR,0.063505,False,False,False
chr1:112699500:G:T,rs1106287,ENSG00000232450,RP4-730K3.3,eQTL,Testis,eCAVIAR,0.063484,False,False,False
chr1:8435530:G:A,rs172531,ENSG00000236269,ENO1-IT1,eQTL,Cells_Cultured_fibroblasts,eCAVIAR,0.0632757,False,False,False
chr1:8435530:G:A,rs172531,ENSG00000232912,RP5-1115A15.1,eQTL,Whole_Blood,eCAVIAR,0.0632275,False,False,False
chr1:8435530:G:A,rs172531,ENSG00000142599,RERE,eQTL,Thyroid,eCAVIAR,0.0632242,False,False,False
chr1:8435530:G:A,rs172531,ENSG00000131686,CA6,eQTL,Whole_Blood,eCAVIAR,0.0629536,False,False,False
chr12:111494996:C:T,rs7137828,ENSG00000198270,TMEM116,eQTL,Heart_Left_Ventricle,eCAVIAR,0.062933,False,False,False
chr4:88831125:G:A,rs57400569,ENSG00000118762,PKD2,eQTL,Artery_Tibial,eCAVIAR,0.0629119,False,False,False
chr11:65569780:T:A,rs1346,ENSG00000173442,EHBP1L1,eQTL,Colon_Transverse,eCAVIAR,0.0627931,False,False,False
chr2:71424809:T:A,rs12613800,ENSG00000144036,EXOC6B,eQTL,Nerve_Tibial,eCAVIAR,0.0627846,False,False,False
chr10:93169359:C:T,rs10882167,ENSG00000228701,TNKS2-AS1,eQTL,Heart_Atrial_Appendage,eCAVIAR,0.0625492,False,False,False
chr11:65569780:T:A,rs1346,ENSG00000173442,EHBP1L1,eQTL,Whole_Blood,eCAVIAR,0.0625247,False,False,False
chr7:151808612:C:T,rs62478245,ENSG00000196584,XRCC2,eQTL,Testis,eCAVIAR,0.0624659,False,False,False
chr11:65569780:T:A,rs1346,ENSG00000175315,CST6,eQTL,Brain_Cerebellum,eCAVIAR,0.0624244,False,False,False
chr7:151808612:C:T,rs62478245,ENSG00000187260,WDR86,eQTL,Esophagus_Mucosa,eCAVIAR,0.0623768,False,False,False
chr7:151808612:C:T,rs62478245,ENSG00000196584,XRCC2,eQTL,Brain_Amygdala,eCAVIAR,0.0621657,False,False,False
chr11:65569780:T:A,rs1346,ENSG00000168056,LTBP3,eQTL,Colon_Sigmoid,eCAVIAR,0.0621554,False,False,False
chr9:133255801:C:T,rs8176749,ENSG00000175164,ABO,sQTL,Breast_Mammary_Tissue,eCAVIAR,0.0620202,False,False,False
chr9:133255801:C:T,rs8176749,ENSG00000175164,ABO,sQTL,Breast_Mammary_Tissue,eCAVIAR,0.0620202,False,False,False
chr17:45948522:C:A,rs242559/rs114919114,ENSG00000185294,SPPL2C,eQTL,Brain_Cortex,eCAVIAR,0.0619257,False,False,False
chr9:133255801:C:T,rs8176749,ENSG00000148296,SURF6,eQTL,Artery_Aorta,eCAVIAR,0.0619056,False,False,False
chr9:110549951:G:C,rs61751937,ENSG00000188959,C9orf152,eQTL,Thyroid,eCAVIAR,0.0618857,False,False,False
chr1:171636338:G:A,rs74315329,ENSG00000135845,PIGC,eQTL,Adipose_Visceral_Omentum,eCAVIAR,0.0618627,False,False,False
chr15:91788477:G:A,rs8038628,ENSG00000182511,FES,sQTL,Lung,eCAVIAR,0.0617925,False,False,False
chr1:68371486:C:A,rs4076000,ENSG00000024526,DEPDC1,eQTL,Cells_Cultured_fibroblasts,eCAVIAR,0.0617362,False,False,False
chr6:29839124:G:C,rs407238/rs115586772,ENSG00000204536,CCHCR1,sQTL,Spleen,eCAVIAR,0.0617192,False,False,False
chr6:29839124:G:C,rs407238/rs115586772,ENSG00000204536,CCHCR1,sQTL,Spleen,eCAVIAR,0.0617192,False,False,False
chr11:115168963:G:A,rs10444329,ENSG00000109906,ZBTB16,sQTL,Esophagus_Gastroesophageal_Junction,eCAVIAR,0.0616847,False,False,False
chr7:134835770:C:A,rs10237321,ENSG00000146856,AGBL3,eQTL,Pancreas,eCAVIAR,0.0616169,False,False,False
chr9:110549951:G:C,rs61751937,ENSG00000173258,ZNF483,eQTL,Stomach,eCAVIAR,0.0616107,False,False,False
chr17:45948522:C:A,rs242559/rs114919114,ENSG00000006062,MAP3K14,eQTL,Brain_Cerebellum,eCAVIAR,0.0614923,False,False,False
chr7:151808612:C:T,rs62478245,ENSG00000244151,RP11-148K1.12,eQTL,Retina,eCAVIAR,0.0613435,False,False,False
chr9:110549951:G:C,rs61751937,ENSG00000173258,ZNF483,eQTL,Adipose_Subcutaneous,eCAVIAR,0.0613359,False,False,False
chr1:37611020:C:T,rs10908363,ENSG00000183386,FHL3,eQTL,Muscle_Skeletal,eCAVIAR,0.0613041,False,False,False
chr9:110549951:G:C,rs61751937,ENSG00000136813,KIAA0368,eQTL,Testis,eCAVIAR,0.0612575,False,False,False
chr2:69184385:C:A,rs6732795,ENSG00000163219,ARHGAP25,eQTL,Whole_Blood,eCAVIAR,0.0612139,False,False,False
chr22:37780972:G:T,rs5750494,ENSG00000100097,LGALS1,eQTL,Brain_Caudate_basal_ganglia,eCAVIAR,0.0611925,False,False,False
chr6:45952021:G:A,rs3777588,ENSG00000112782,CLIC5,eQTL,Adipose_Subcutaneous,eCAVIAR,0.0611755,False,False,False
chr9:110549951:G:C,rs61751937,ENSG00000173258,ZNF483,eQTL,Nerve_Tibial,eCAVIAR,0.0611749,False,False,False
chr14:74618126:G:A,rs754458,ENSG00000140043,PTGR2,sQTL,Brain_Anterior_cingulate_cortex_BA24,eCAVIAR,0.0611294,False,False,False
chr17:45948522:C:A,rs242559/rs114919114,ENSG00000264589,MAPT-AS1,eQTL,Brain_Amygdala,eCAVIAR,0.0610975,False,False,False
chr12:111494996:C:T,rs7137828,ENSG00000139433,GLTP,eQTL,Pituitary,eCAVIAR,0.0610512,False,False,False
chr10:93169359:C:T,rs10882167,ENSG00000148690,FRA10AC1,eQTL,Artery_Aorta,eCAVIAR,0.0610297,False,False,False
chr15:73928957:C:T,rs1550437,ENSG00000156642,NPTN,eQTL,Brain_Cerebellum,eCAVIAR,0.060931,False,False,False
chr9:110549951:G:C,rs61751937,ENSG00000106853,PTGR1,sQTL,Lung,eCAVIAR,0.0608251,False,False,False
chr15:91788477:G:A,rs8038628,ENSG00000140575,IQGAP1,eQTL,Brain_Nucleus_accumbens_basal_ganglia,eCAVIAR,0.0608169,False,False,False
chr9:110549951:G:C,rs61751937,ENSG00000136810,TXN,eQTL,Heart_Atrial_Appendage,eCAVIAR,0.0607891,False,False,False
chr17:45948522:C:A,rs242559/rs114919114,ENSG00000120071,KANSL1,eQTL,Uterus,eCAVIAR,0.0607853,False,False,False
chr17:47617876:AT:A,rs1348518145,ENSG00000141295,SCRN2,eQTL,Testis,eCAVIAR,0.0607226,False,False,False
chr9:133255801:C:T,rs8176749,ENSG00000148300,REXO4,sQTL,Nerve_Tibial,eCAVIAR,0.0606873,False,False,False
chr6:36602589:C:T,rs7344,ENSG00000112139,MDGA1,eQTL,Thyroid,eCAVIAR,0.0605756,False,False,False
chr9:110549951:G:C,rs61751937,ENSG00000136810,TXN,eQTL,Uterus,eCAVIAR,0.0605307,False,False,False
chr2:71424809:T:A,rs12613800,ENSG00000144036,EXOC6B,eQTL,Artery_Tibial,eCAVIAR,0.0605161,False,False,False
chr9:110549951:G:C,rs61751937,ENSG00000173258,ZNF483,eQTL,Liver,eCAVIAR,0.0604936,False,False,False
chr9:110549951:G:C,rs61751937,ENSG00000173258,ZNF483,eQTL,Stomach,eCAVIAR,0.0604879,False,False,False
chr9:110549951:G:C,rs61751937,ENSG00000106853,PTGR1,sQTL,Pituitary,eCAVIAR,0.0602893,False,False,False
chr9:110549951:G:C,rs61751937,ENSG00000106853,PTGR1,sQTL,Brain_Hypothalamus,eCAVIAR,0.0602885,False,False,False
chr9:110549951:G:C,rs61751937,ENSG00000106853,PTGR1,sQTL,Thyroid,eCAVIAR,0.0602738,False,False,False
chr9:110549951:G:C,rs61751937,ENSG00000106853,PTGR1,sQTL,Thyroid,eCAVIAR,0.0602738,False,False,False
chr9:110549951:G:C,rs61751937,ENSG00000106853,PTGR1,eQTL,Brain_Anterior_cingulate_cortex_BA24,eCAVIAR,0.0602647,False,False,False
chr15:91788477:G:A,rs8038628,ENSG00000182511,FES,eQTL,Pituitary,eCAVIAR,0.0602457,False,False,False
chr9:110549951:G:C,rs61751937,ENSG00000204173,LRRC37A5P,sQTL,Testis,eCAVIAR,0.0602181,False,False,False
chr2:55705879:C:T,rs2627761,ENSG00000275052,PPP4R3B,eQTL,Small_Intestine_Terminal_Ileum,eCAVIAR,0.0601589,False,False,False
chr9:110549951:G:C,rs61751937,ENSG00000106853,PTGR1,eQTL,Whole_Blood,eCAVIAR,0.059977,False,False,False
chr13:110125592:G:C,rs2218471,ENSG00000275830,RP11-403A3.3,eQTL,Artery_Coronary,eCAVIAR,0.0599564,False,False,False
chr7:103984366:G:A,rs12667675,ENSG00000225329,LHFPL3-AS2,sQTL,Lung,eCAVIAR,0.059907,False,False,False
chr9:133255801:C:T,rs8176749,ENSG00000175164,ABO,sQTL,Skin_Sun_Exposed_Lower_leg,eCAVIAR,0.0598597,False,False,False
chr9:133255801:C:T,rs8176749,ENSG00000175164,ABO,sQTL,Skin_Sun_Exposed_Lower_leg,eCAVIAR,0.0598597,False,False,False
chrX:13936278:C:T,rs66819623,ENSG00000169084,DHRSX,eQTL,Stomach,eCAVIAR,0.0597597,False,False,False
chrX:3411552:C:T,rs12846405,ENSG00000169084,DHRSX,eQTL,Stomach,eCAVIAR,0.0597597,False,False,False
chrX:44081581:C:T,rs17146835,ENSG00000169084,DHRSX,eQTL,Stomach,eCAVIAR,0.0597597,False,False,False
chr9:110549951:G:C,rs61751937,ENSG00000106853,PTGR1,sQTL,Colon_Transverse,eCAVIAR,0.0597161,False,False,False
chr14:74618126:G:A,rs754458,ENSG00000119655,NPC2,eQTL,Heart_Left_Ventricle,eCAVIAR,0.0596821,False,False,False
chrX:13936278:C:T,rs66819623,ENSG00000002586,CD99,eQTL,Brain_Cerebellum,eCAVIAR,0.05968,False,False,False
chrX:3411552:C:T,rs12846405,ENSG00000002586,CD99,eQTL,Brain_Cerebellum,eCAVIAR,0.05968,False,False,False
chrX:44081581:C:T,rs17146835,ENSG00000002586,CD99,eQTL,Brain_Cerebellum,eCAVIAR,0.05968,False,False,False
chr7:151808612:C:T,rs62478245,ENSG00000033050,ABCF2,sQTL,Colon_Transverse,eCAVIAR,0.0596789,False,False,False
chr9:110549951:G:C,rs61751937,ENSG00000106853,PTGR1,eQTL,Pituitary,eCAVIAR,0.0596757,False,False,False
chr15:91788477:G:A,rs8038628,ENSG00000140553,UNC45A,sQTL,Artery_Aorta,eCAVIAR,0.059641,False,False,False
chr6:29839124:G:C,rs407238/rs115586772,ENSG00000204536,CCHCR1,eQTL,Spleen,eCAVIAR,0.0596276,False,False,False
chr9:133255801:C:T,rs8176749,ENSG00000175164,ABO,sQTL,Colon_Transverse,eCAVIAR,0.0595364,False,False,False
chr20:46905414:G:A,rs6124885,ENSG00000197496,SLC2A10,eQTL,Lung,eCAVIAR,0.0595072,False,False,False
chr1:8435530:G:A,rs172531,ENSG00000232912,RP5-1115A15.1,eQTL,Skin_Sun_Exposed_Lower_leg,eCAVIAR,0.0594602,False,False,False
chr7:151808612:C:T,rs62478245,ENSG00000196584,XRCC2,eQTL,Brain_Substantia_nigra,eCAVIAR,0.0594417,False,False,False
chr15:91788477:G:A,rs8038628,ENSG00000260337,RP11-386M24.6,eQTL,Brain_Spinal_cord_cervical_c-1,eCAVIAR,0.0593573,False,False,False
chr9:110549951:G:C,rs61751937,ENSG00000106853,PTGR1,sQTL,Skin_Sun_Exposed_Lower_leg,eCAVIAR,0.0592909,False,False,False
chr9:110549951:G:C,rs61751937,ENSG00000106853,PTGR1,sQTL,Adrenal_Gland,eCAVIAR,0.0592149,False,False,False
chr6:29839124:G:C,rs407238/rs115586772,ENSG00000204528,PSORS1C3,eQTL,Whole_Blood,eCAVIAR,0.0592115,False,False,False
chr9:110549951:G:C,rs61751937,ENSG00000106853,PTGR1,sQTL,Brain_Frontal_Cortex_BA9,eCAVIAR,0.0591896,False,False,False
chr22:37780972:G:T,rs5750494,ENSG00000100065,CARD10,eQTL,Nerve_Tibial,eCAVIAR,0.0591845,False,False,False
chr2:12811195:C:T,rs12623251,ENSG00000225649,AC064875.2,eQTL,Adipose_Subcutaneous,eCAVIAR,0.0591097,False,False,False
chr9:110549951:G:C,rs61751937,ENSG00000106853,PTGR1,sQTL,Colon_Transverse,eCAVIAR,0.0590765,False,False,False
chr1:91611540:G:A,rs1192415,ENSG00000162669,HFM1,eQTL,Esophagus_Mucosa,eCAVIAR,0.0589154,False,False,False
chr7:151808612:C:T,rs62478245,ENSG00000002933,TMEM176A,sQTL,Lung,eCAVIAR,0.058776,False,False,False
chr2:66310212:G:T,rs4414666,ENSG00000143971,ETAA1,sQTL,Skin_Sun_Exposed_Lower_leg,eCAVIAR,0.0584697,False,False,False
chr15:91788477:G:A,rs8038628,ENSG00000258676,RP11-386M24.3,eQTL,Brain_Frontal_Cortex_BA9,eCAVIAR,0.0584567,False,False,False
chr16:77627835:C:T,rs280875,ENSG00000140876,NUDT7,eQTL,Artery_Aorta,eCAVIAR,0.0584217,False,False,False
chr16:77627835:C:T,rs280875,ENSG00000140876,NUDT7,sQTL,Artery_Tibial,eCAVIAR,0.0584073,False,False,False
chr16:77627835:C:T,rs280875,ENSG00000140876,NUDT7,sQTL,Artery_Tibial,eCAVIAR,0.0584073,False,False,False
chr14:74618126:G:A,rs754458,ENSG00000119725,ZNF410,sQTL,Spleen,eCAVIAR,0.0583133,False,False,False
chr17:61161860:G:A,rs11868441,ENSG00000108510,MED13,eQTL,Esophagus_Mucosa,eCAVIAR,0.0582825,False,False,False
chr9:133255801:C:T,rs8176749,ENSG00000148300,REXO4,eQTL,Brain_Nucleus_accumbens_basal_ganglia,eCAVIAR,0.0582621,False,False,False
chr9:110549951:G:C,rs61751937,ENSG00000106853,PTGR1,sQTL,Lung,eCAVIAR,0.0581179,False,False,False
chr15:73928957:C:T,rs1550437,ENSG00000140465,CYP1A1,eQTL,Lung,eCAVIAR,0.0580838,False,False,False
chr6:36602589:C:T,rs7344,ENSG00000112130,RNF8,eQTL,Breast_Mammary_Tissue,eCAVIAR,0.0580341,False,False,False
chr1:100629646:G:A,rs12566440,ENSG00000162692,VCAM1,eQTL,Nerve_Tibial,eCAVIAR,0.0580183,False,False,False
chr9:126628521:C:T,rs3829849,ENSG00000224842,RP11-123K19.1,eQTL,Pituitary,eCAVIAR,0.058011,False,False,False
chr10:94263320:C:T,rs57866767,ENSG00000138193,PLCE1,eQTL,Lung,eCAVIAR,0.0580029,False,False,False
chr7:151808612:C:T,rs62478245,ENSG00000002933,TMEM176A,eQTL,Brain_Hypothalamus,eCAVIAR,0.0579146,False,False,False
chr9:110549951:G:C,rs61751937,ENSG00000106853,PTGR1,eQTL,Brain_Amygdala,eCAVIAR,0.0578765,False,False,False
chr15:73928957:C:T,rs1550437,ENSG00000260274,RP11-817O13.8,eQTL,Adipose_Subcutaneous,eCAVIAR,0.0578705,False,False,False
chr9:110549951:G:C,rs61751937,ENSG00000204173,LRRC37A5P,eQTL,Adipose_Visceral_Omentum,eCAVIAR,0.0578557,False,False,False
chr7:151808612:C:T,rs62478245,ENSG00000196584,XRCC2,eQTL,Testis,eCAVIAR,0.0577948,False,False,False
chr7:151808612:C:T,rs62478245,ENSG00000196584,XRCC2,eQTL,Brain_Cerebellum,eCAVIAR,0.0577357,False,False,False
chr1:8435530:G:A,rs172531,ENSG00000162426,SLC45A1,eQTL,Skin_Not_Sun_Exposed_Suprapubic,eCAVIAR,0.0577315,False,False,False
chr7:151808612:C:T,rs62478245,ENSG00000196584,XRCC2,eQTL,Esophagus_Gastroesophageal_Junction,eCAVIAR,0.0577154,False,False,False
chr7:134835770:C:A,rs10237321,ENSG00000105875,WDR91,eQTL,Liver,eCAVIAR,0.0577066,False,False,False
chr1:8435530:G:A,rs172531,ENSG00000131686,CA6,eQTL,Whole_Blood,eCAVIAR,0.0576134,False,False,False
chr9:110549951:G:C,rs61751937,ENSG00000106853,PTGR1,sQTL,Artery_Aorta,eCAVIAR,0.0575608,False,False,False
chr9:110549951:G:C,rs61751937,ENSG00000106853,PTGR1,eQTL,Ovary,eCAVIAR,0.0575039,False,False,False
chr9:110549951:G:C,rs61751937,ENSG00000173258,ZNF483,eQTL,Heart_Atrial_Appendage,eCAVIAR,0.0574357,False,False,False
chr10:93169359:C:T,rs10882167,ENSG00000228701,TNKS2-AS1,eQTL,Adipose_Subcutaneous,eCAVIAR,0.0574329,False,False,False
chr6:122324153:C:A,rs7760346,ENSG00000111897,SERINC1,sQTL,Colon_Transverse,eCAVIAR,0.0574317,False,False,False
chr11:16989629:C:A,rs4141194,ENSG00000151116,UEVLD,eQTL,Cells_Cultured_fibroblasts,eCAVIAR,0.0574291,False,False,False
chr11:65569780:T:A,rs1346,ENSG00000260233,SSSCA1-AS1,eQTL,Brain_Cerebellum,eCAVIAR,0.0573248,False,False,False
chr10:76522305:C:T,rs2637250,ENSG00000148655,C10orf11,sQTL,Brain_Nucleus_accumbens_basal_ganglia,eCAVIAR,0.0572379,False,False,False
chr15:91788477:G:A,rs8038628,ENSG00000166965,RCCD1,eQTL,Minor_Salivary_Gland,eCAVIAR,0.0572117,False,False,False
chr1:8435530:G:A,rs172531,ENSG00000074800,ENO1,eQTL,Skin_Not_Sun_Exposed_Suprapubic,eCAVIAR,0.0570371,False,False,False
chr21:25844528:T:A,rs13049669,ENSG00000154723,ATP5J,eQTL,Colon_Sigmoid,eCAVIAR,0.0570301,False,False,False
chr1:8435530:G:A,rs172531,ENSG00000162426,SLC45A1,eQTL,Skin_Not_Sun_Exposed_Suprapubic,eCAVIAR,0.0569903,False,False,False
chr9:110549951:G:C,rs61751937,ENSG00000173258,ZNF483,eQTL,Liver,eCAVIAR,0.0569543,False,False,False
chr12:111494996:C:T,rs7137828,ENSG00000111300,NAA25,eQTL,Skin_Sun_Exposed_Lower_leg,eCAVIAR,0.0568927,False,False,False
chr1:8435530:G:A,rs172531,ENSG00000238290,RP11-431K24.1,eQTL,Muscle_Skeletal,eCAVIAR,0.0568016,False,False,False
chr13:110125592:G:C,rs2218471,ENSG00000134905,CARS2,eQTL,Brain_Caudate_basal_ganglia,eCAVIAR,0.0567624,False,False,False
chr11:65569780:T:A,rs1346,ENSG00000260233,SSSCA1-AS1,eQTL,Adipose_Visceral_Omentum,eCAVIAR,0.0567603,False,False,False
chr13:73065233:G:A,rs9530143,ENSG00000136122,BORA,eQTL,Heart_Atrial_Appendage,eCAVIAR,0.0567471,False,False,False
chr10:76522305:C:T,rs2637250,ENSG00000148655,C10orf11,sQTL,Brain_Putamen_basal_ganglia,eCAVIAR,0.0567348,False,False,False
chr13:73065233:G:A,rs9530143,ENSG00000136122,BORA,eQTL,Artery_Tibial,eCAVIAR,0.0566617,False,False,False
chr12:111494996:C:T,rs7137828,ENSG00000111199,TRPV4,eQTL,Artery_Aorta,eCAVIAR,0.0565745,False,False,False
chr15:73928957:C:T,rs1550437,ENSG00000103855,CD276,eQTL,Lung,eCAVIAR,0.0564813,False,False,False
chr1:8435530:G:A,rs172531,ENSG00000074800,ENO1,sQTL,Muscle_Skeletal,eCAVIAR,0.0563644,False,False,False
chr17:45948522:C:A,rs242559/rs114919114,ENSG00000266918,RP11-798G7.8,eQTL,Brain_Putamen_basal_ganglia,eCAVIAR,0.0563267,False,False,False
chr10:93169359:C:T,rs10882167,ENSG00000228701,TNKS2-AS1,eQTL,Esophagus_Muscularis,eCAVIAR,0.0562282,False,False,False
chr7:134835770:C:A,rs10237321,ENSG00000205060,SLC35B4,eQTL,Brain_Anterior_cingulate_cortex_BA24,eCAVIAR,0.0561834,False,False,False
chr1:37611020:C:T,rs10908363,ENSG00000183520,UTP11,eQTL,Adipose_Visceral_Omentum,eCAVIAR,0.0561826,False,False,False
chr9:110549951:G:C,rs61751937,ENSG00000106853,PTGR1,eQTL,Brain_Amygdala,eCAVIAR,0.056176,False,False,False
chr15:91788477:G:A,rs8038628,ENSG00000184056,VPS33B,sQTL,Thyroid,eCAVIAR,0.0561127,False,False,False
chr12:111494996:C:T,rs7137828,ENSG00000089234,BRAP,eQTL,Thyroid,eCAVIAR,0.0561061,False,False,False
chrX:13936278:C:T,rs66819623,ENSG00000157399,ARSE,eQTL,Liver,eCAVIAR,0.0560865,False,False,False
chrX:3411552:C:T,rs12846405,ENSG00000157399,ARSE,eQTL,Liver,eCAVIAR,0.0560865,False,False,False
chrX:44081581:C:T,rs17146835,ENSG00000157399,ARSE,eQTL,Liver,eCAVIAR,0.0560865,False,False,False
chr20:46905414:G:A,rs6124885,ENSG00000197496,SLC2A10,eQTL,Adipose_Visceral_Omentum,eCAVIAR,0.0560823,False,False,False
chr1:8435530:G:A,rs172531,ENSG00000236269,ENO1-IT1,eQTL,Cells_Cultured_fibroblasts,eCAVIAR,0.056064,False,False,False
chr22:28712241:G:A,rs5752776,ENSG00000100209,HSCB,eQTL,Liver,eCAVIAR,0.0560486,False,False,False
chr17:45948522:C:A,rs242559/rs114919114,ENSG00000185294,SPPL2C,eQTL,Testis,eCAVIAR,0.0559815,False,False,False
chr15:91788477:G:A,rs8038628,ENSG00000197299,BLM,eQTL,Skin_Sun_Exposed_Lower_leg,eCAVIAR,0.0558723,False,False,False
chr14:74618126:G:A,rs754458,ENSG00000119636,BBOF1,eQTL,Heart_Atrial_Appendage,eCAVIAR,0.0558425,False,False,False
chr17:2298650:G:A,rs216197,ENSG00000159842,ABR,eQTL,Adipose_Visceral_Omentum,eCAVIAR,0.0557776,False,False,False
chr15:91788477:G:A,rs8038628,ENSG00000184508,HDDC3,eQTL,Skin_Sun_Exposed_Lower_leg,eCAVIAR,0.055662,False,False,False
chr16:65033540:C:T,rs12447201,ENSG00000259846,RP11-467L24.1,eQTL,Thyroid,eCAVIAR,0.055655,False,False,False
chr9:110549951:G:C,rs61751937,ENSG00000188959,C9orf152,eQTL,Thyroid,eCAVIAR,0.0555976,False,False,False
chr20:46905414:G:A,rs6124885,ENSG00000101473,ACOT8,sQTL,Thyroid,eCAVIAR,0.0555416,False,False,False
chr9:110549951:G:C,rs61751937,ENSG00000106853,PTGR1,sQTL,Brain_Frontal_Cortex_BA9,eCAVIAR,0.0554972,False,False,False
chr17:45948522:C:A,rs242559/rs114919114,ENSG00000267344,CTB-39G8.3,eQTL,Lung,eCAVIAR,0.055358,False,False,False
chr2:66310212:G:T,rs4414666,ENSG00000143971,ETAA1,eQTL,Skin_Sun_Exposed_Lower_leg,eCAVIAR,0.0553318,False,False,False
chr7:151808612:C:T,rs62478245,ENSG00000261455,LINC01003,eQTL,Uterus,eCAVIAR,0.0552453,False,False,False
chr1:8435530:G:A,rs172531,ENSG00000074800,ENO1,eQTL,Skin_Not_Sun_Exposed_Suprapubic,eCAVIAR,0.0551897,False,False,False
chr7:103984366:G:A,rs12667675,ENSG00000105808,RASA4,eQTL,Adipose_Visceral_Omentum,eCAVIAR,0.0551382,False,False,False
chrX:13936278:C:T,rs66819623,ENSG00000223773,CD99P1,eQTL,Esophagus_Muscularis,eCAVIAR,0.0550881,False,False,False
chrX:3411552:C:T,rs12846405,ENSG00000223773,CD99P1,eQTL,Esophagus_Muscularis,eCAVIAR,0.0550881,False,False,False
chrX:44081581:C:T,rs17146835,ENSG00000223773,CD99P1,eQTL,Esophagus_Muscularis,eCAVIAR,0.0550881,False,False,False
chr11:115168963:G:A,rs10444329,ENSG00000109906,ZBTB16,sQTL,Thyroid,eCAVIAR,0.054982,False,False,False
chr2:66310212:G:T,rs4414666,ENSG00000143971,ETAA1,sQTL,Artery_Aorta,eCAVIAR,0.0548117,False,False,False
chr1:8435530:G:A,rs172531,ENSG00000131686,CA6,eQTL,Whole_Blood,eCAVIAR,0.0547972,False,False,False
chr14:74618126:G:A,rs754458,ENSG00000183379,SYNDIG1L,eQTL,Adipose_Subcutaneous,eCAVIAR,0.054684,False,False,False
chr12:111494996:C:T,rs7137828,ENSG00000111271,ACAD10,eQTL,Muscle_Skeletal,eCAVIAR,0.0545858,False,False,False
chr2:69184385:C:A,rs6732795,ENSG00000116005,PCYOX1,eQTL,Heart_Atrial_Appendage,eCAVIAR,0.0545544,False,False,False
chr16:65033540:C:T,rs12447201,ENSG00000278893,RP11-229O3.1,eQTL,Colon_Sigmoid,eCAVIAR,0.0542013,False,False,False
chr12:111494996:C:T,rs7137828,ENSG00000198324,FAM109A,eQTL,Colon_Transverse,eCAVIAR,0.0540519,False,False,False
chr22:28712241:G:A,rs5752776,ENSG00000183579,ZNRF3,eQTL,Artery_Tibial,eCAVIAR,0.0539366,False,False,False
chr9:110549951:G:C,rs61751937,ENSG00000106853,PTGR1,eQTL,Brain_Hippocampus,eCAVIAR,0.0537754,False,False,False
chr2:66310212:G:T,rs4414666,ENSG00000143971,ETAA1,eQTL,Skin_Not_Sun_Exposed_Suprapubic,eCAVIAR,0.0537649,False,False,False
chr7:151808612:C:T,rs62478245,ENSG00000213199,ASIC3,eQTL,Adipose_Subcutaneous,eCAVIAR,0.0537205,False,False,False
chr7:151808612:C:T,rs62478245,ENSG00000082014,SMARCD3,eQTL,Cells_Cultured_fibroblasts,eCAVIAR,0.0537202,False,False,False
chr7:151808612:C:T,rs62478245,ENSG00000197150,ABCB8,sQTL,Testis,eCAVIAR,0.0537201,False,False,False
chr7:151808612:C:T,rs62478245,ENSG00000197150,ABCB8,eQTL,Nerve_Tibial,eCAVIAR,0.0537108,False,False,False
chr7:151808612:C:T,rs62478245,ENSG00000197150,ABCB8,sQTL,Pituitary,eCAVIAR,0.0537012,False,False,False
chr11:16989629:C:A,rs4141194,ENSG00000166788,SAAL1,eQTL,Brain_Hippocampus,eCAVIAR,0.0536908,False,False,False
chr11:16989629:C:A,rs4141194,ENSG00000166788,SAAL1,eQTL,Brain_Hippocampus,eCAVIAR,0.0536908,False,False,False
chr9:110549951:G:C,rs61751937,ENSG00000106853,PTGR1,eQTL,Pituitary,eCAVIAR,0.0536635,False,False,False
chr7:151808612:C:T,rs62478245,ENSG00000213199,ASIC3,eQTL,Colon_Transverse,eCAVIAR,0.0536239,False,False,False
chr7:151808612:C:T,rs62478245,ENSG00000213199,ASIC3,sQTL,Nerve_Tibial,eCAVIAR,0.0536232,False,False,False
chr11:65569780:T:A,rs1346,ENSG00000168056,LTBP3,eQTL,Pituitary,eCAVIAR,0.0535954,False,False,False
chr7:151808612:C:T,rs62478245,ENSG00000033100,CHPF2,eQTL,Pituitary,eCAVIAR,0.0535795,False,False,False
chr7:151808612:C:T,rs62478245,ENSG00000164889,SLC4A2,eQTL,Breast_Mammary_Tissue,eCAVIAR,0.0535749,False,False,False
chr7:151808612:C:T,rs62478245,ENSG00000243836,WDR86-AS1,eQTL,Esophagus_Gastroesophageal_Junction,eCAVIAR,0.0535384,False,False,False
chr17:45948522:C:A,rs242559/rs114919114,ENSG00000233175,CTD-2020K17.3,sQTL,Brain_Nucleus_accumbens_basal_ganglia,eCAVIAR,0.053491,False,False,False
chr7:151808612:C:T,rs62478245,ENSG00000196584,XRCC2,eQTL,Brain_Cerebellum,eCAVIAR,0.0534184,False,False,False
chr7:151808612:C:T,rs62478245,ENSG00000196584,XRCC2,eQTL,Esophagus_Gastroesophageal_Junction,eCAVIAR,0.0533995,False,False,False
chr7:151808612:C:T,rs62478245,ENSG00000133612,AGAP3,eQTL,Spleen,eCAVIAR,0.0533915,False,False,False
chr7:151808612:C:T,rs62478245,ENSG00000033100,CHPF2,sQTL,Heart_Atrial_Appendage,eCAVIAR,0.0533915,False,False,False
chr7:151808612:C:T,rs62478245,ENSG00000033100,CHPF2,sQTL,Prostate,eCAVIAR,0.0533915,False,False,False
chr7:151808612:C:T,rs62478245,ENSG00000164896,FASTK,sQTL,Heart_Left_Ventricle,eCAVIAR,0.0533915,False,False,False
chr1:112699500:G:T,rs1106287,ENSG00000081026,MAGI3,eQTL,Artery_Tibial,eCAVIAR,0.0533375,False,False,False
chr7:151808612:C:T,rs62478245,ENSG00000133612,AGAP3,eQTL,Stomach,eCAVIAR,0.0532434,False,False,False
chr7:151808612:C:T,rs62478245,ENSG00000164896,FASTK,eQTL,Pituitary,eCAVIAR,0.0531929,False,False,False
chr15:73928957:C:T,rs1550437,ENSG00000205363,C15orf59,sQTL,Ovary,eCAVIAR,0.0531713,False,False,False
chr7:103984366:G:A,rs12667675,ENSG00000105808,RASA4,eQTL,Skin_Sun_Exposed_Lower_leg,eCAVIAR,0.053077,False,False,False
chr7:151808612:C:T,rs62478245,ENSG00000133612,AGAP3,eQTL,Pancreas,eCAVIAR,0.0530605,False,False,False
chr7:151808612:C:T,rs62478245,ENSG00000164896,FASTK,eQTL,Brain_Cerebellum,eCAVIAR,0.0530363,False,False,False
chr11:47447887:G:A,rs7111873,ENSG00000213619,NDUFS3,eQTL,Ovary,eCAVIAR,0.0529524,False,False,False
chr7:151808612:C:T,rs62478245,ENSG00000244151,RP11-148K1.12,eQTL,Colon_Transverse,eCAVIAR,0.0528507,False,False,False
chr7:151808612:C:T,rs62478245,ENSG00000278685,IQCA1L,eQTL,Muscle_Skeletal,eCAVIAR,0.052801,False,False,False
chr7:151808612:C:T,rs62478245,ENSG00000033050,ABCF2,eQTL,Colon_Transverse,eCAVIAR,0.0527715,False,False,False
chr7:151808612:C:T,rs62478245,ENSG00000278685,IQCA1L,eQTL,Artery_Aorta,eCAVIAR,0.052674,False,False,False
chr7:151808612:C:T,rs62478245,ENSG00000278685,IQCA1L,eQTL,Nerve_Tibial,eCAVIAR,0.052674,False,False,False
chr7:151808612:C:T,rs62478245,ENSG00000278685,IQCA1L,eQTL,Adipose_Subcutaneous,eCAVIAR,0.052674,False,False,False
chr7:151808612:C:T,rs62478245,ENSG00000278685,IQCA1L,eQTL,Artery_Tibial,eCAVIAR,0.052674,False,False,False
chr15:91788477:G:A,rs8038628,ENSG00000182511,FES,sQTL,Skin_Sun_Exposed_Lower_leg,eCAVIAR,0.0526466,False,False,False
chr15:91788477:G:A,rs8038628,ENSG00000182511,FES,sQTL,Skin_Sun_Exposed_Lower_leg,eCAVIAR,0.0526466,False,False,False
chr1:100629646:G:A,rs12566440,ENSG00000162692,VCAM1,eQTL,Muscle_Skeletal,eCAVIAR,0.0525195,False,False,False
chr1:112699500:G:T,rs1106287,ENSG00000155380,SLC16A1,eQTL,Skin_Not_Sun_Exposed_Suprapubic,eCAVIAR,0.0524994,False,False,False
chr7:151808612:C:T,rs62478245,ENSG00000033050,ABCF2,eQTL,Testis,eCAVIAR,0.052436,False,False,False
chr7:151808612:C:T,rs62478245,ENSG00000033050,ABCF2,eQTL,Adipose_Subcutaneous,eCAVIAR,0.052436,False,False,False
chr7:151808612:C:T,rs62478245,ENSG00000033050,ABCF2,eQTL,Thyroid,eCAVIAR,0.052436,False,False,False
chr7:151808612:C:T,rs62478245,ENSG00000033050,ABCF2,eQTL,Skin_Sun_Exposed_Lower_leg,eCAVIAR,0.052436,False,False,False
chr7:151808612:C:T,rs62478245,ENSG00000033050,ABCF2,eQTL,Skin_Not_Sun_Exposed_Suprapubic,eCAVIAR,0.052436,False,False,False
chr7:151808612:C:T,rs62478245,ENSG00000033050,ABCF2,eQTL,Whole_Blood,eCAVIAR,0.052436,False,False,False
chr7:151808612:C:T,rs62478245,ENSG00000033050,ABCF2,eQTL,Esophagus_Mucosa,eCAVIAR,0.052436,False,False,False
chr7:151808612:C:T,rs62478245,ENSG00000033050,ABCF2,sQTL,Ovary,eCAVIAR,0.052436,False,False,False
chr7:151808612:C:T,rs62478245,ENSG00000033050,ABCF2,eQTL,Artery_Tibial,eCAVIAR,0.052436,False,False,False
chr7:151808612:C:T,rs62478245,ENSG00000033050,ABCF2,sQTL,Cells_Cultured_fibroblasts,eCAVIAR,0.052436,False,False,False
chr7:151808612:C:T,rs62478245,ENSG00000033050,ABCF2,sQTL,Cells_Cultured_fibroblasts,eCAVIAR,0.052436,False,False,False
chr7:151808612:C:T,rs62478245,ENSG00000033050,ABCF2,eQTL,Lung,eCAVIAR,0.052436,False,False,False
chr7:151808612:C:T,rs62478245,ENSG00000033050,ABCF2,sQTL,Skin_Not_Sun_Exposed_Suprapubic,eCAVIAR,0.052436,False,False,False
chr7:151808612:C:T,rs62478245,ENSG00000033050,ABCF2,sQTL,Heart_Left_Ventricle,eCAVIAR,0.052436,False,False,False
chr7:151808612:C:T,rs62478245,ENSG00000033050,ABCF2,sQTL,Muscle_Skeletal,eCAVIAR,0.052436,False,False,False
chr7:151808612:C:T,rs62478245,ENSG00000033100,CHPF2,sQTL,Cells_Cultured_fibroblasts,eCAVIAR,0.052436,False,False,False
chr7:151808612:C:T,rs62478245,ENSG00000033100,CHPF2,sQTL,Skin_Sun_Exposed_Lower_leg,eCAVIAR,0.052436,False,False,False
chr7:151808612:C:T,rs62478245,ENSG00000033100,CHPF2,sQTL,Skin_Not_Sun_Exposed_Suprapubic,eCAVIAR,0.052436,False,False,False
chr7:151808612:C:T,rs62478245,ENSG00000033100,CHPF2,sQTL,Thyroid,eCAVIAR,0.052436,False,False,False
chr7:151808612:C:T,rs62478245,ENSG00000033100,CHPF2,sQTL,Artery_Tibial,eCAVIAR,0.052436,False,False,False
chr7:151808612:C:T,rs62478245,ENSG00000033100,CHPF2,eQTL,Brain_Caudate_basal_ganglia,eCAVIAR,0.052436,False,False,False
chr7:151808612:C:T,rs62478245,ENSG00000033100,CHPF2,sQTL,Whole_Blood,eCAVIAR,0.052436,False,False,False
chr7:151808612:C:T,rs62478245,ENSG00000033100,CHPF2,eQTL,Cells_Cultured_fibroblasts,eCAVIAR,0.052436,False,False,False
chr7:151808612:C:T,rs62478245,ENSG00000033100,CHPF2,sQTL,Esophagus_Mucosa,eCAVIAR,0.052436,False,False,False
chr7:151808612:C:T,rs62478245,ENSG00000033100,CHPF2,sQTL,Testis,eCAVIAR,0.052436,False,False,False
chr7:151808612:C:T,rs62478245,ENSG00000033100,CHPF2,eQTL,Lung,eCAVIAR,0.052436,False,False,False
chr7:151808612:C:T,rs62478245,ENSG00000033100,CHPF2,sQTL,Lung,eCAVIAR,0.052436,False,False,False
chr7:151808612:C:T,rs62478245,ENSG00000033100,CHPF2,sQTL,Nerve_Tibial,eCAVIAR,0.052436,False,False,False
chr7:151808612:C:T,rs62478245,ENSG00000033100,CHPF2,eQTL,Brain_Nucleus_accumbens_basal_ganglia,eCAVIAR,0.052436,False,False,False
chr7:151808612:C:T,rs62478245,ENSG00000033050,ABCF2,sQTL,Stomach,eCAVIAR,0.0524358,False,False,False
chr7:151808612:C:T,rs62478245,ENSG00000033050,ABCF2,eQTL,Cells_Cultured_fibroblasts,eCAVIAR,0.052435,False,False,False
chr7:151808612:C:T,rs62478245,ENSG00000033050,ABCF2,eQTL,Breast_Mammary_Tissue,eCAVIAR,0.0524345,False,False,False
chr7:151808612:C:T,rs62478245,ENSG00000033100,CHPF2,sQTL,Artery_Aorta,eCAVIAR,0.0524322,False,False,False
chr7:151808612:C:T,rs62478245,ENSG00000033100,CHPF2,eQTL,Brain_Cortex,eCAVIAR,0.052427,False,False,False
chr7:151808612:C:T,rs62478245,ENSG00000033100,CHPF2,eQTL,Colon_Transverse,eCAVIAR,0.0524184,False,False,False
chr15:91788477:G:A,rs8038628,ENSG00000184508,HDDC3,eQTL,Cells_Cultured_fibroblasts,eCAVIAR,0.0523917,False,False,False
chr12:111494996:C:T,rs7137828,ENSG00000111271,ACAD10,sQTL,Cells_Cultured_fibroblasts,eCAVIAR,0.0523687,False,False,False
chr22:37780972:G:T,rs5750494,ENSG00000100129,EIF3L,eQTL,Lung,eCAVIAR,0.05236,False,False,False
chr7:151808612:C:T,rs62478245,ENSG00000197150,ABCB8,sQTL,Thyroid,eCAVIAR,0.05233,False,False,False
chr7:151808612:C:T,rs62478245,ENSG00000196584,XRCC2,eQTL,Brain_Cerebellar_Hemisphere,eCAVIAR,0.0522727,False,False,False
chr7:151808612:C:T,rs62478245,ENSG00000033100,CHPF2,sQTL,Adrenal_Gland,eCAVIAR,0.0522474,False,False,False
chr2:66310212:G:T,rs4414666,ENSG00000143971,ETAA1,eQTL,Heart_Atrial_Appendage,eCAVIAR,0.0521295,False,False,False
chr7:151808612:C:T,rs62478245,ENSG00000013374,NUB1,eQTL,Adipose_Subcutaneous,eCAVIAR,0.0521207,False,False,False
chr1:37611020:C:T,rs10908363,ENSG00000204084,INPP5B,eQTL,Brain_Nucleus_accumbens_basal_ganglia,eCAVIAR,0.0521081,False,False,False
chr9:110549951:G:C,rs61751937,ENSG00000204173,LRRC37A5P,eQTL,Adipose_Visceral_Omentum,eCAVIAR,0.0520848,False,False,False
chr7:151808612:C:T,rs62478245,ENSG00000013374,NUB1,eQTL,Skin_Not_Sun_Exposed_Suprapubic,eCAVIAR,0.052064,False,False,False
chr5:56487851:G:A,rs112142644,ENSG00000095015,MAP3K1,eQTL,Brain_Cerebellar_Hemisphere,eCAVIAR,0.0520592,False,False,False
chr7:151808612:C:T,rs62478245,ENSG00000213199,ASIC3,eQTL,Colon_Transverse,eCAVIAR,0.05205,False,False,False
chr11:47447887:G:A,rs7111873,ENSG00000226268,RP11-61N20.3,eQTL,Testis,eCAVIAR,0.0520464,False,False,False
chr7:83320213:G:T,rs7805468,ENSG00000075213,SEMA3A,eQTL,Artery_Aorta,eCAVIAR,0.0519786,False,False,False
chr10:93169359:C:T,rs10882167,ENSG00000228701,TNKS2-AS1,eQTL,Adipose_Subcutaneous,eCAVIAR,0.0519507,False,False,False
chr7:151808612:C:T,rs62478245,ENSG00000244151,RP11-148K1.12,sQTL,Ovary,eCAVIAR,0.0518843,False,False,False
chr7:151808612:C:T,rs62478245,ENSG00000033100,CHPF2,eQTL,Artery_Tibial,eCAVIAR,0.0518504,False,False,False
chr11:16989629:C:A,rs4141194,ENSG00000166788,SAAL1,eQTL,Brain_Hippocampus,eCAVIAR,0.0518437,False,False,False
chr1:171636338:G:A,rs74315329,ENSG00000116132,PRRX1,eQTL,Brain_Cortex,eCAVIAR,0.051833,False,False,False
chr1:171636338:G:A,rs74315329,ENSG00000271811,RP1-79C4.4,eQTL,Brain_Cortex,eCAVIAR,0.0517498,False,False,False
chr1:171636338:G:A,rs74315329,ENSG00000116132,PRRX1,eQTL,Brain_Cortex,eCAVIAR,0.0517493,False,False,False
chr9:110549951:G:C,rs61751937,ENSG00000106853,PTGR1,eQTL,Brain_Anterior_cingulate_cortex_BA24,eCAVIAR,0.0517177,False,False,False
chr8:123542077:T:A,rs62521288,ENSG00000204949,FAM83A-AS1,eQTL,Skin_Sun_Exposed_Lower_leg,eCAVIAR,0.0516614,False,False,False
chr20:46905414:G:A,rs6124885,ENSG00000196562,SULF2,sQTL,Prostate,eCAVIAR,0.0516087,False,False,False
chr20:46905414:G:A,rs6124885,ENSG00000196562,SULF2,sQTL,Prostate,eCAVIAR,0.0516087,False,False,False
chr7:151808612:C:T,rs62478245,ENSG00000261455,LINC01003,eQTL,Uterus,eCAVIAR,0.0514721,False,False,False
chr10:76522305:C:T,rs2637250,ENSG00000148655,C10orf11,sQTL,Brain_Frontal_Cortex_BA9,eCAVIAR,0.0514499,False,False,False
chr2:55705879:C:T,rs2627761,ENSG00000233266,HMGB1P31,eQTL,Esophagus_Muscularis,eCAVIAR,0.0514464,False,False,False
chr10:76522305:C:T,rs2637250,ENSG00000148655,C10orf11,sQTL,Brain_Caudate_basal_ganglia,eCAVIAR,0.0514037,False,False,False
chr1:8435530:G:A,rs172531,ENSG00000230679,ENO1-AS1,eQTL,Thyroid,eCAVIAR,0.0513955,False,False,False
chr7:151808612:C:T,rs62478245,ENSG00000033050,ABCF2,sQTL,Breast_Mammary_Tissue,eCAVIAR,0.0513745,False,False,False
chr6:29839124:G:C,rs407238/rs115586772,ENSG00000271581,XXbac-BPG248L24.12,eQTL,Spleen,eCAVIAR,0.0512734,False,False,False
chr10:94263320:C:T,rs57866767,ENSG00000095637,SORBS1,sQTL,Small_Intestine_Terminal_Ileum,eCAVIAR,0.0512284,False,False,False
chr17:45948522:C:A,rs242559/rs114919114,ENSG00000266918,RP11-798G7.8,eQTL,Brain_Anterior_cingulate_cortex_BA24,eCAVIAR,0.0511486,False,False,False
chr7:134835770:C:A,rs10237321,ENSG00000105875,WDR91,sQTL,Esophagus_Muscularis,eCAVIAR,0.0511178,False,False,False
chr7:134835770:C:A,rs10237321,ENSG00000105875,WDR91,sQTL,Esophagus_Muscularis,eCAVIAR,0.0511178,False,False,False
chr17:45948522:C:A,rs242559/rs114919114,ENSG00000186868,MAPT,eQTL,Brain_Cerebellar_Hemisphere,eCAVIAR,0.0511,False,False,False
chr7:151808612:C:T,rs62478245,ENSG00000033050,ABCF2,sQTL,Colon_Transverse,eCAVIAR,0.0509917,False,False,False
chr12:111494996:C:T,rs7137828,ENSG00000111300,NAA25,eQTL,Adipose_Subcutaneous,eCAVIAR,0.050967,False,False,False
chr17:45948522:C:A,rs242559/rs114919114,ENSG00000238083,LRRC37A2,sQTL,Adipose_Visceral_Omentum,eCAVIAR,0.0508892,False,False,False
chr7:151808612:C:T,rs62478245,ENSG00000133612,AGAP3,eQTL,Artery_Aorta,eCAVIAR,0.0508046,False,False,False
chr15:91788477:G:A,rs8038628,ENSG00000196547,MAN2A2,eQTL,Brain_Cerebellum,eCAVIAR,0.0508037,False,False,False
chr10:76522305:C:T,rs2637250,ENSG00000148655,C10orf11,eQTL,Brain_Caudate_basal_ganglia,eCAVIAR,0.0507056,False,False,False
chr13:110125592:G:C,rs2218471,ENSG00000277767,RP11-365P13.5,eQTL,Brain_Amygdala,eCAVIAR,0.0505808,False,False,False
chr17:45948522:C:A,rs242559/rs114919114,ENSG00000233175,CTD-2020K17.3,sQTL,Brain_Cortex,eCAVIAR,0.0504904,False,False,False
chr15:91788477:G:A,rs8038628,ENSG00000258676,RP11-386M24.3,eQTL,Muscle_Skeletal,eCAVIAR,0.0504901,False,False,False
chr15:91788477:G:A,rs8038628,ENSG00000140553,UNC45A,eQTL,Muscle_Skeletal,eCAVIAR,0.0504822,False,False,False
chr12:111494996:C:T,rs7137828,ENSG00000111275,ALDH2,eQTL,Adipose_Visceral_Omentum,eCAVIAR,0.050479,False,False,False
chr7:151808612:C:T,rs62478245,ENSG00000196584,XRCC2,eQTL,Muscle_Skeletal,eCAVIAR,0.0504579,False,False,False
chr7:103984366:G:A,rs12667675,ENSG00000135250,SRPK2,eQTL,Artery_Aorta,eCAVIAR,0.0504392,False,False,False
chr12:111494996:C:T,rs7137828,ENSG00000257595,RP3-473L9.4,eQTL,Esophagus_Muscularis,eCAVIAR,0.0503907,False,False,False
chr11:65569780:T:A,rs1346,ENSG00000168061,SAC3D1,eQTL,Cells_Cultured_fibroblasts,eCAVIAR,0.0503845,False,False,False
chr17:45948522:C:A,rs242559/rs114919114,ENSG00000267344,CTB-39G8.3,eQTL,Lung,eCAVIAR,0.050099,False,False,False
chr15:91788477:G:A,rs8038628,ENSG00000182511,FES,sQTL,Lung,eCAVIAR,0.050035,False,False,False
chr17:45948522:C:A,rs242559/rs114919114,ENSG00000263142,LRRC37A17P,eQTL,Prostate,eCAVIAR,0.0500008,False,False,False
chr7:151808612:C:T,rs62478245,ENSG00000196584,XRCC2,eQTL,Pancreas,eCAVIAR,0.0499925,False,False,False
chr7:151808612:C:T,rs62478245,ENSG00000033100,CHPF2,eQTL,Thyroid,eCAVIAR,0.0498838,False,False,False
chr9:133255801:C:T,rs8176749,ENSG00000175164,ABO,eQTL,Testis,eCAVIAR,0.0498623,False,False,False
chr12:111494996:C:T,rs7137828,ENSG00000089248,ERP29,sQTL,Skin_Sun_Exposed_Lower_leg,eCAVIAR,0.0497919,False,False,False
chr15:91788477:G:A,rs8038628,ENSG00000196547,MAN2A2,sQTL,Lung,eCAVIAR,0.0497241,False,False,False
chr14:53493371:G:A,rs12433661,ENSG00000073712,FERMT2,eQTL,Muscle_Skeletal,eCAVIAR,0.0496646,False,False,False
chr14:74618126:G:A,rs754458,ENSG00000119616,FCF1,eQTL,Ovary,eCAVIAR,0.0496349,False,False,False
chr2:69184385:C:A,rs6732795,ENSG00000179818,PCBP1-AS1,eQTL,Whole_Blood,eCAVIAR,0.0496237,False,False,False
chr7:103984366:G:A,rs12667675,ENSG00000005075,POLR2J,sQTL,Thyroid,eCAVIAR,0.0495875,False,False,False
chr11:47447887:G:A,rs7111873,ENSG00000149179,C11orf49,eQTL,Brain_Cerebellar_Hemisphere,eCAVIAR,0.0495857,False,False,False
chr7:151808612:C:T,rs62478245,ENSG00000164896,FASTK,sQTL,Spleen,eCAVIAR,0.0495688,False,False,False
chr7:151808612:C:T,rs62478245,ENSG00000033050,ABCF2,sQTL,Lung,eCAVIAR,0.0495074,False,False,False
chr17:45948522:C:A,rs242559/rs114919114,ENSG00000279685,MAPT-IT1,eQTL,Brain_Spinal_cord_cervical_c-1,eCAVIAR,0.0494732,False,False,False
chr9:110549951:G:C,rs61751937,ENSG00000136810,TXN,eQTL,Uterus,eCAVIAR,0.0494356,False,False,False
chr1:8435530:G:A,rs172531,ENSG00000162426,SLC45A1,eQTL,Skin_Not_Sun_Exposed_Suprapubic,eCAVIAR,0.0492921,False,False,False
chr11:47447887:G:A,rs7111873,ENSG00000110514,MADD,eQTL,Colon_Sigmoid,eCAVIAR,0.0492148,False,False,False
chr10:93169359:C:T,rs10882167,ENSG00000107854,TNKS2,eQTL,Skin_Not_Sun_Exposed_Suprapubic,eCAVIAR,0.0491749,False,False,False
chr15:91788477:G:A,rs8038628,ENSG00000184056,VPS33B,eQTL,Skin_Not_Sun_Exposed_Suprapubic,eCAVIAR,0.0491039,False,False,False
chr2:71424809:T:A,rs12613800,ENSG00000272702,RP11-44N22.3,eQTL,Cells_Cultured_fibroblasts,eCAVIAR,0.0490619,False,False,False
chr15:91788477:G:A,rs8038628,ENSG00000166965,RCCD1,eQTL,Brain_Caudate_basal_ganglia,eCAVIAR,0.0489164,False,False,False
chr6:29839124:G:C,rs407238/rs115586772,ENSG00000204536,CCHCR1,sQTL,Liver,eCAVIAR,0.0488696,False,False,False
chr1:8435530:G:A,rs172531,ENSG00000142599,RERE,eQTL,Thyroid,eCAVIAR,0.0488501,False,False,False
chr2:55705879:C:T,rs2627761,ENSG00000275052,PPP4R3B,eQTL,Heart_Left_Ventricle,eCAVIAR,0.0488492,False,False,False
chr2:55705879:C:T,rs2627761,ENSG00000115380,EFEMP1,sQTL,Breast_Mammary_Tissue,eCAVIAR,0.0487934,False,False,False
chr15:91788477:G:A,rs8038628,ENSG00000140553,UNC45A,eQTL,Colon_Sigmoid,eCAVIAR,0.0487588,False,False,False
chr7:151808612:C:T,rs62478245,ENSG00000197150,ABCB8,sQTL,Nerve_Tibial,eCAVIAR,0.0486655,False,False,False
chr6:29839124:G:C,rs407238/rs115586772,ENSG00000234745,HLA-B,eQTL,Heart_Atrial_Appendage,eCAVIAR,0.0486265,False,False,False
chr1:8435530:G:A,rs172531,ENSG00000230679,ENO1-AS1,eQTL,Thyroid,eCAVIAR,0.0485881,False,False,False
chr1:37611020:C:T,rs10908363,ENSG00000116922,C1orf109,sQTL,Artery_Tibial,eCAVIAR,0.0485247,False,False,False
chr3:25540307:C:T,rs1286770,ENSG00000077097,TOP2B,eQTL,Retina,eCAVIAR,0.0484901,False,False,False
chr7:151808612:C:T,rs62478245,ENSG00000002726,AOC1,eQTL,Thyroid,eCAVIAR,0.0483841,False,False,False
chr7:151808612:C:T,rs62478245,ENSG00000196584,XRCC2,eQTL,Brain_Cerebellar_Hemisphere,eCAVIAR,0.0483638,False,False,False
chr12:111494996:C:T,rs7137828,ENSG00000089022,MAPKAPK5,eQTL,Prostate,eCAVIAR,0.0483517,False,False,False
chr11:47447887:G:A,rs7111873,ENSG00000109920,FNBP4,sQTL,Skin_Sun_Exposed_Lower_leg,eCAVIAR,0.0482869,False,False,False
chr1:68371486:C:A,rs4076000,ENSG00000116717,GADD45A,eQTL,Esophagus_Mucosa,eCAVIAR,0.0482623,False,False,False
chr20:6489447:G:A,rs2326788,ENSG00000275632,RP5-967N21.11,eQTL,Stomach,eCAVIAR,0.0482546,False,False,False
chr2:66310212:G:T,rs4414666,ENSG00000143971,ETAA1,eQTL,Brain_Cortex,eCAVIAR,0.0482003,False,False,False
chr15:91788477:G:A,rs8038628,ENSG00000196547,MAN2A2,eQTL,Esophagus_Mucosa,eCAVIAR,0.0481985,False,False,False
chr2:66310212:G:T,rs4414666,ENSG00000226819,MEIS1-AS3,eQTL,Breast_Mammary_Tissue,eCAVIAR,0.0481939,False,False,False
chr9:110549951:G:C,rs61751937,ENSG00000173258,ZNF483,eQTL,Heart_Atrial_Appendage,eCAVIAR,0.0481861,False,False,False
chr14:74618126:G:A,rs754458,ENSG00000183379,SYNDIG1L,eQTL,Artery_Coronary,eCAVIAR,0.048066,False,False,False
chr9:110549951:G:C,rs61751937,ENSG00000136810,TXN,eQTL,Heart_Atrial_Appendage,eCAVIAR,0.0480159,False,False,False
chr11:47447887:G:A,rs7111873,ENSG00000226268,RP11-61N20.3,eQTL,Testis,eCAVIAR,0.0479274,False,False,False
chr11:65569780:T:A,rs1346,ENSG00000254614,AP003068.23,eQTL,Artery_Aorta,eCAVIAR,0.0479272,False,False,False
chr17:47617876:AT:A,rs1348518145,ENSG00000259207,ITGB3,eQTL,Nerve_Tibial,eCAVIAR,0.0478413,False,False,False
chr9:133255801:C:T,rs8176749,ENSG00000148291,SURF2,sQTL,Skin_Sun_Exposed_Lower_leg,eCAVIAR,0.0478026,False,False,False
chr6:29839124:G:C,rs407238/rs115586772,ENSG00000204536,CCHCR1,sQTL,Nerve_Tibial,eCAVIAR,0.0477997,False,False,False
chr9:110549951:G:C,rs61751937,ENSG00000173258,ZNF483,eQTL,Liver,eCAVIAR,0.0477822,False,False,False
chr7:151808612:C:T,rs62478245,ENSG00000013374,NUB1,sQTL,Adipose_Subcutaneous,eCAVIAR,0.0477298,False,False,False
chr2:66310212:G:T,rs4414666,ENSG00000143995,MEIS1,eQTL,Brain_Cortex,eCAVIAR,0.0476563,False,False,False
chr11:115168963:G:A,rs10444329,ENSG00000180425,C11orf71,eQTL,Skin_Sun_Exposed_Lower_leg,eCAVIAR,0.047644,False,False,False
chr7:151808612:C:T,rs62478245,ENSG00000196584,XRCC2,eQTL,Brain_Cortex,eCAVIAR,0.0475402,False,False,False
chr17:45948522:C:A,rs242559/rs114919114,ENSG00000181513,ACBD4,eQTL,Adipose_Subcutaneous,eCAVIAR,0.0474868,False,False,False
chr14:74618126:G:A,rs754458,ENSG00000176903,PNMA1,eQTL,Esophagus_Gastroesophageal_Junction,eCAVIAR,0.0474771,False,False,False
chr11:16989629:C:A,rs4141194,ENSG00000129158,SERGEF,sQTL,Muscle_Skeletal,eCAVIAR,0.0472617,False,False,False
chr9:133255801:C:T,rs8176749,ENSG00000148290,SURF1,sQTL,Artery_Coronary,eCAVIAR,0.0471552,False,False,False
chr13:73065233:G:A,rs9530143,ENSG00000136122,BORA,eQTL,Whole_Blood,eCAVIAR,0.0470695,False,False,False
chr14:74618126:G:A,rs754458,ENSG00000258695,RP3-414A15.2,eQTL,Artery_Tibial,eCAVIAR,0.047032,False,False,False
chr9:110549951:G:C,rs61751937,ENSG00000106853,PTGR1,eQTL,Ovary,eCAVIAR,0.0468657,False,False,False
chr15:91788477:G:A,rs8038628,ENSG00000182511,FES,sQTL,Stomach,eCAVIAR,0.0467101,False,False,False
chr7:151808612:C:T,rs62478245,ENSG00000196584,XRCC2,eQTL,Muscle_Skeletal,eCAVIAR,0.0466847,False,False,False
chr2:71424809:T:A,rs12613800,ENSG00000144036,EXOC6B,eQTL,Artery_Tibial,eCAVIAR,0.0466302,False,False,False
chr9:110549951:G:C,rs61751937,ENSG00000106853,PTGR1,eQTL,Brain_Hippocampus,eCAVIAR,0.0465658,False,False,False
chr1:8435530:G:A,rs172531,ENSG00000074800,ENO1,sQTL,Muscle_Skeletal,eCAVIAR,0.0465607,False,False,False
chr1:68371486:C:A,rs4076000,ENSG00000172380,GNG12,eQTL,Testis,eCAVIAR,0.0464322,False,False,False
chr17:45948522:C:A,rs242559/rs114919114,ENSG00000181513,ACBD4,eQTL,Brain_Cerebellum,eCAVIAR,0.0464027,False,False,False
chr14:74618126:G:A,rs754458,ENSG00000140043,PTGR2,sQTL,Brain_Amygdala,eCAVIAR,0.0463062,False,False,False
chr1:112699500:G:T,rs1106287,ENSG00000155367,PPM1J,eQTL,Heart_Atrial_Appendage,eCAVIAR,0.0463036,False,False,False
chr7:103984366:G:A,rs12667675,ENSG00000105808,RASA4,eQTL,Breast_Mammary_Tissue,eCAVIAR,0.0462607,False,False,False
chr7:151808612:C:T,rs62478245,ENSG00000196584,XRCC2,eQTL,Pancreas,eCAVIAR,0.0462541,False,False,False
chr15:91788477:G:A,rs8038628,ENSG00000260361,CTD-2313J17.5,eQTL,Brain_Cortex,eCAVIAR,0.0461128,False,False,False
chr7:134835770:C:A,rs10237321,ENSG00000122786,CALD1,eQTL,Skin_Sun_Exposed_Lower_leg,eCAVIAR,0.0460217,False,False,False
chr17:45948522:C:A,rs242559/rs114919114,ENSG00000238083,LRRC37A2,sQTL,Brain_Cortex,eCAVIAR,0.045987,False,False,False
chr7:151808612:C:T,rs62478245,ENSG00000197150,ABCB8,eQTL,Brain_Cortex,eCAVIAR,0.0459669,False,False,False
chr15:91788477:G:A,rs8038628,ENSG00000258676,RP11-386M24.3,eQTL,Brain_Frontal_Cortex_BA9,eCAVIAR,0.0459574,False,False,False
chr1:8435530:G:A,rs172531,ENSG00000232912,RP5-1115A15.1,eQTL,Skin_Sun_Exposed_Lower_leg,eCAVIAR,0.0459418,False,False,False
chr22:28712241:G:A,rs5752776,ENSG00000100209,HSCB,eQTL,Esophagus_Gastroesophageal_Junction,eCAVIAR,0.0458984,False,False,False
chr17:45948522:C:A,rs242559/rs114919114,ENSG00000266918,RP11-798G7.8,eQTL,Liver,eCAVIAR,0.045867,False,False,False
chr1:112699500:G:T,rs1106287,ENSG00000232450,RP4-730K3.3,eQTL,Testis,eCAVIAR,0.0458487,False,False,False
chr13:73065233:G:A,rs9530143,ENSG00000204899,MZT1,eQTL,Esophagus_Muscularis,eCAVIAR,0.0457807,False,False,False
chr1:8435530:G:A,rs172531,ENSG00000232912,RP5-1115A15.1,eQTL,Cells_EBV-transformed_lymphocytes,eCAVIAR,0.0457657,False,False,False
chr15:91788477:G:A,rs8038628,ENSG00000140553,UNC45A,sQTL,Small_Intestine_Terminal_Ileum,eCAVIAR,0.0457434,False,False,False
chr1:8435530:G:A,rs172531,ENSG00000162426,SLC45A1,eQTL,Thyroid,eCAVIAR,0.0457002,False,False,False
chr17:45948522:C:A,rs242559/rs114919114,ENSG00000279685,MAPT-IT1,eQTL,Brain_Caudate_basal_ganglia,eCAVIAR,0.04568,False,False,False
chr9:133255801:C:T,rs8176749,ENSG00000175164,ABO,eQTL,Small_Intestine_Terminal_Ileum,eCAVIAR,0.0456798,False,False,False
chr6:29839124:G:C,rs407238/rs115586772,ENSG00000234745,HLA-B,sQTL,Pancreas,eCAVIAR,0.0456063,False,False,False
chr10:93169359:C:T,rs10882167,ENSG00000187553,CYP26C1,eQTL,Brain_Cortex,eCAVIAR,0.0455239,False,False,False
chr17:45948522:C:A,rs242559/rs114919114,ENSG00000185829,ARL17A,sQTL,Brain_Hypothalamus,eCAVIAR,0.0455143,False,False,False
chrX:13936278:C:T,rs66819623,ENSG00000002586,CD99,eQTL,Thyroid,eCAVIAR,0.0454698,False,False,False
chrX:3411552:C:T,rs12846405,ENSG00000002586,CD99,eQTL,Thyroid,eCAVIAR,0.0454698,False,False,False
chrX:44081581:C:T,rs17146835,ENSG00000002586,CD99,eQTL,Thyroid,eCAVIAR,0.0454698,False,False,False
chr11:115168963:G:A,rs10444329,ENSG00000180425,C11orf71,eQTL,Skin_Sun_Exposed_Lower_leg,eCAVIAR,0.045287,False,False,False
chr7:103984366:G:A,rs12667675,ENSG00000170667,RASA4B,eQTL,Stomach,eCAVIAR,0.0452682,False,False,False
chr11:65569780:T:A,rs1346,ENSG00000014138,POLA2,eQTL,Esophagus_Mucosa,eCAVIAR,0.0452632,False,False,False
chr11:65569780:T:A,rs1346,ENSG00000260233,SSSCA1-AS1,eQTL,Adipose_Visceral_Omentum,eCAVIAR,0.0452593,False,False,False
chr10:93169359:C:T,rs10882167,ENSG00000228701,TNKS2-AS1,eQTL,Pituitary,eCAVIAR,0.0452248,False,False,False
chr6:29839124:G:C,rs407238/rs115586772,ENSG00000204525,HLA-C,sQTL,Lung,eCAVIAR,0.0451188,False,False,False
chr3:105354628:C:A,rs6437582,ENSG00000114423,CBLB,eQTL,Skin_Sun_Exposed_Lower_leg,eCAVIAR,0.0450399,False,False,False
chr22:37780972:G:T,rs5750494,ENSG00000100129,EIF3L,sQTL,Vagina,eCAVIAR,0.0450045,False,False,False
chr1:68371486:C:A,rs4076000,ENSG00000142864,SERBP1,eQTL,Artery_Tibial,eCAVIAR,0.0449656,False,False,False
chr10:93169359:C:T,rs10882167,ENSG00000095564,BTAF1,eQTL,Thyroid,eCAVIAR,0.044961,False,False,False
chr7:151808612:C:T,rs62478245,ENSG00000033100,CHPF2,eQTL,Lung,eCAVIAR,0.0448335,False,False,False
chr13:22099731:G:A,rs4769194,ENSG00000224429,LINC00539,eQTL,Spleen,eCAVIAR,0.044827,False,False,False
chr9:110549951:G:C,rs61751937,ENSG00000106853,PTGR1,eQTL,Brain_Cortex,eCAVIAR,0.0447912,False,False,False
chr9:110549951:G:C,rs61751937,ENSG00000204173,LRRC37A5P,eQTL,Esophagus_Gastroesophageal_Junction,eCAVIAR,0.044761,False,False,False
chr11:120327384:G:A,rs1893261,ENSG00000181264,TMEM136,sQTL,Colon_Transverse,eCAVIAR,0.0447072,False,False,False
chr7:151808612:C:T,rs62478245,ENSG00000106615,RHEB,sQTL,Thyroid,eCAVIAR,0.0446978,False,False,False
chr22:37780972:G:T,rs5750494,ENSG00000100065,CARD10,eQTL,Skin_Not_Sun_Exposed_Suprapubic,eCAVIAR,0.0446714,False,False,False
chr16:77627835:C:T,rs280875,ENSG00000140876,NUDT7,eQTL,Artery_Aorta,eCAVIAR,0.0446363,False,False,False
chr7:151808612:C:T,rs62478245,ENSG00000164896,FASTK,sQTL,Artery_Coronary,eCAVIAR,0.0446306,False,False,False
chr11:16989629:C:A,rs4141194,ENSG00000166788,SAAL1,eQTL,Brain_Spinal_cord_cervical_c-1,eCAVIAR,0.0446161,False,False,False
chr1:100629646:G:A,rs12566440,ENSG00000162692,VCAM1,eQTL,Brain_Putamen_basal_ganglia,eCAVIAR,0.0445871,False,False,False
chr1:37611020:C:T,rs10908363,ENSG00000196449,YRDC,eQTL,Whole_Blood,eCAVIAR,0.0445836,False,False,False
chr9:110549951:G:C,rs61751937,ENSG00000136810,TXN,eQTL,Uterus,eCAVIAR,0.0445509,False,False,False
chr20:46905414:G:A,rs6124885,ENSG00000225849,MKRN7P,eQTL,Brain_Anterior_cingulate_cortex_BA24,eCAVIAR,0.0445354,False,False,False
chr11:65569780:T:A,rs1346,ENSG00000173727,CMB9-22P13.1,eQTL,Breast_Mammary_Tissue,eCAVIAR,0.0445161,False,False,False
chr11:120327384:G:A,rs1893261,ENSG00000137709,POU2F3,eQTL,Thyroid,eCAVIAR,0.0443646,False,False,False
chr7:151808612:C:T,rs62478245,ENSG00000213199,ASIC3,sQTL,Nerve_Tibial,eCAVIAR,0.0443216,False,False,False
chr7:103984366:G:A,rs12667675,ENSG00000260097,SPDYE6,eQTL,Adipose_Visceral_Omentum,eCAVIAR,0.0442134,False,False,False
chr10:93169359:C:T,rs10882167,ENSG00000228701,TNKS2-AS1,eQTL,Pituitary,eCAVIAR,0.0442102,False,False,False
chr6:29839124:G:C,rs407238/rs115586772,ENSG00000225595,LINC01623,eQTL,Testis,eCAVIAR,0.0441107,False,False,False
chr1:8435530:G:A,rs172531,ENSG00000232912,RP5-1115A15.1,eQTL,Brain_Cerebellar_Hemisphere,eCAVIAR,0.0440478,False,False,False
chr9:110549951:G:C,rs61751937,ENSG00000198121,LPAR1,eQTL,Heart_Atrial_Appendage,eCAVIAR,0.0440338,False,False,False
chr7:151808612:C:T,rs62478245,ENSG00000196584,XRCC2,eQTL,Brain_Cortex,eCAVIAR,0.0439852,False,False,False
chr14:74618126:G:A,rs754458,ENSG00000119688,ABCD4,sQTL,Uterus,eCAVIAR,0.0439568,False,False,False
chrX:13936278:C:T,rs66819623,ENSG00000214717,ZBED1,eQTL,Whole_Blood,eCAVIAR,0.0439441,False,False,False
chrX:3411552:C:T,rs12846405,ENSG00000214717,ZBED1,eQTL,Whole_Blood,eCAVIAR,0.0439441,False,False,False
chrX:44081581:C:T,rs17146835,ENSG00000214717,ZBED1,eQTL,Whole_Blood,eCAVIAR,0.0439441,False,False,False
chr1:68371486:C:A,rs4076000,ENSG00000172380,GNG12,eQTL,Brain_Frontal_Cortex_BA9,eCAVIAR,0.0439239,False,False,False
chr2:71424809:T:A,rs12613800,ENSG00000124370,MCEE,eQTL,Colon_Sigmoid,eCAVIAR,0.0439114,False,False,False
chr15:73928957:C:T,rs1550437,ENSG00000178802,MPI,eQTL,Muscle_Skeletal,eCAVIAR,0.0438894,False,False,False
chr17:45948522:C:A,rs242559/rs114919114,ENSG00000266918,RP11-798G7.8,eQTL,Brain_Amygdala,eCAVIAR,0.0438799,False,False,False
chr2:110881198:C:T,rs9308689,ENSG00000261760,RP11-1223D19.1,eQTL,Testis,eCAVIAR,0.0438412,False,False,False
chr4:88831125:G:A,rs57400569,ENSG00000118785,SPP1,eQTL,Artery_Aorta,eCAVIAR,0.0437481,False,False,False
chr12:111494996:C:T,rs7137828,ENSG00000089022,MAPKAPK5,eQTL,Colon_Sigmoid,eCAVIAR,0.0437039,False,False,False
chr7:151808612:C:T,rs62478245,ENSG00000164896,FASTK,eQTL,Breast_Mammary_Tissue,eCAVIAR,0.043675,False,False,False
chr2:45651621:G:T,rs687914,ENSG00000171132,PRKCE,eQTL,Skin_Sun_Exposed_Lower_leg,eCAVIAR,0.0436667,False,False,False
chr12:111494996:C:T,rs7137828,ENSG00000198270,TMEM116,eQTL,Brain_Putamen_basal_ganglia,eCAVIAR,0.0436392,False,False,False
chr3:169521790:G:A,rs4361323,ENSG00000270096,RP11-362K14.6,eQTL,Testis,eCAVIAR,0.0436281,False,False,False
chr7:151808612:C:T,rs62478245,ENSG00000164897,TMUB1,eQTL,Esophagus_Gastroesophageal_Junction,eCAVIAR,0.0433345,False,False,False
chr17:45948522:C:A,rs242559/rs114919114,ENSG00000263142,LRRC37A17P,eQTL,Thyroid,eCAVIAR,0.0431802,False,False,False
chr13:73065233:G:A,rs9530143,ENSG00000136122,BORA,eQTL,Heart_Atrial_Appendage,eCAVIAR,0.0430242,False,False,False
chr11:16989629:C:A,rs4141194,ENSG00000179826,MRGPRX3,eQTL,Vagina,eCAVIAR,0.0429359,False,False,False
chr11:16989629:C:A,rs4141194,ENSG00000179826,MRGPRX3,eQTL,Vagina,eCAVIAR,0.0429359,False,False,False
chr11:16989629:C:A,rs4141194,ENSG00000129158,SERGEF,sQTL,Cells_Cultured_fibroblasts,eCAVIAR,0.0428724,False,False,False
chr11:16989629:C:A,rs4141194,ENSG00000129158,SERGEF,sQTL,Cells_Cultured_fibroblasts,eCAVIAR,0.0428724,False,False,False
chr15:73928957:C:T,rs1550437,ENSG00000178802,MPI,eQTL,Brain_Hippocampus,eCAVIAR,0.0428659,False,False,False
chr15:91788477:G:A,rs8038628,ENSG00000197299,BLM,eQTL,Skin_Sun_Exposed_Lower_leg,eCAVIAR,0.0427271,False,False,False
chr12:111494996:C:T,rs7137828,ENSG00000089022,MAPKAPK5,eQTL,Breast_Mammary_Tissue,eCAVIAR,0.0427211,False,False,False
chr4:7902636:G:A,rs938604,ENSG00000196526,AFAP1,eQTL,Artery_Aorta,eCAVIAR,0.0426522,False,False,False
chr15:91788477:G:A,rs8038628,ENSG00000140553,UNC45A,eQTL,Artery_Aorta,eCAVIAR,0.0425824,False,False,False
chr1:68371486:C:A,rs4076000,ENSG00000235200,LINC01702,eQTL,Liver,eCAVIAR,0.0424867,False,False,False
chr15:91788477:G:A,rs8038628,ENSG00000140564,FURIN,sQTL,Whole_Blood,eCAVIAR,0.0424508,False,False,False
chr11:47447887:G:A,rs7111873,ENSG00000255197,RP11-750H9.5,eQTL,Lung,eCAVIAR,0.0424268,False,False,False
chr7:103984366:G:A,rs12667675,ENSG00000168255,POLR2J3,sQTL,Nerve_Tibial,eCAVIAR,0.0424244,False,False,False
chr7:103984366:G:A,rs12667675,ENSG00000168255,POLR2J3,sQTL,Esophagus_Mucosa,eCAVIAR,0.0424244,False,False,False
chr7:103984366:G:A,rs12667675,ENSG00000168255,POLR2J3,sQTL,Nerve_Tibial,eCAVIAR,0.0424242,False,False,False
chr7:103984366:G:A,rs12667675,ENSG00000168255,POLR2J3,sQTL,Esophagus_Mucosa,eCAVIAR,0.0424242,False,False,False
chr7:103984366:G:A,rs12667675,ENSG00000168255,POLR2J3,sQTL,Colon_Transverse,eCAVIAR,0.0424236,False,False,False
chr7:103984366:G:A,rs12667675,ENSG00000168255,POLR2J3,sQTL,Colon_Transverse,eCAVIAR,0.0424236,False,False,False
chr7:103984366:G:A,rs12667675,ENSG00000168255,POLR2J3,sQTL,Colon_Transverse,eCAVIAR,0.0424234,False,False,False
chr7:103984366:G:A,rs12667675,ENSG00000168255,POLR2J3,sQTL,Colon_Transverse,eCAVIAR,0.0424234,False,False,False
chr7:103984366:G:A,rs12667675,ENSG00000168255,POLR2J3,sQTL,Skin_Sun_Exposed_Lower_leg,eCAVIAR,0.0424164,False,False,False
chr7:103984366:G:A,rs12667675,ENSG00000168255,POLR2J3,sQTL,Skin_Sun_Exposed_Lower_leg,eCAVIAR,0.0424162,False,False,False
chr7:103984366:G:A,rs12667675,ENSG00000267368,UPK3BL,eQTL,Artery_Aorta,eCAVIAR,0.0423888,False,False,False
chr7:103984366:G:A,rs12667675,ENSG00000267368,UPK3BL,eQTL,Artery_Aorta,eCAVIAR,0.0423886,False,False,False
chr7:103984366:G:A,rs12667675,ENSG00000267368,UPK3BL,eQTL,Brain_Cerebellar_Hemisphere,eCAVIAR,0.0423694,False,False,False
chr7:103984366:G:A,rs12667675,ENSG00000267368,UPK3BL,eQTL,Brain_Cerebellar_Hemisphere,eCAVIAR,0.0423692,False,False,False
chr7:103984366:G:A,rs12667675,ENSG00000267368,UPK3BL,eQTL,Brain_Frontal_Cortex_BA9,eCAVIAR,0.0423685,False,False,False
chr7:103984366:G:A,rs12667675,ENSG00000267368,UPK3BL,eQTL,Brain_Frontal_Cortex_BA9,eCAVIAR,0.0423683,False,False,False
chr7:103984366:G:A,rs12667675,ENSG00000267368,UPK3BL,eQTL,Esophagus_Muscularis,eCAVIAR,0.042368,False,False,False
chr7:103984366:G:A,rs12667675,ENSG00000267368,UPK3BL,eQTL,Esophagus_Muscularis,eCAVIAR,0.0423678,False,False,False
chr7:103984366:G:A,rs12667675,ENSG00000267368,UPK3BL,eQTL,Muscle_Skeletal,eCAVIAR,0.042356,False,False,False
chr7:103984366:G:A,rs12667675,ENSG00000267368,UPK3BL,eQTL,Muscle_Skeletal,eCAVIAR,0.0423557,False,False,False
chr9:22051671:G:C,rs944801,ENSG00000184995,IFNE,eQTL,Brain_Cerebellum,eCAVIAR,0.0423317,False,False,False
chr1:8435530:G:A,rs172531,ENSG00000232912,RP5-1115A15.1,eQTL,Cells_EBV-transformed_lymphocytes,eCAVIAR,0.042321,False,False,False
chr15:91788477:G:A,rs8038628,ENSG00000214432,AC068831.10,eQTL,Esophagus_Mucosa,eCAVIAR,0.0423038,False,False,False
chr15:91788477:G:A,rs8038628,ENSG00000184508,HDDC3,eQTL,Skin_Sun_Exposed_Lower_leg,eCAVIAR,0.0422903,False,False,False
chr10:93169359:C:T,rs10882167,ENSG00000228701,TNKS2-AS1,eQTL,Heart_Atrial_Appendage,eCAVIAR,0.0422878,False,False,False
chr7:151808612:C:T,rs62478245,ENSG00000196584,XRCC2,eQTL,Esophagus_Muscularis,eCAVIAR,0.0422389,False,False,False
chr22:28712241:G:A,rs5752776,ENSG00000186998,EMID1,eQTL,Whole_Blood,eCAVIAR,0.042204,False,False,False
chr10:93169359:C:T,rs10882167,ENSG00000228701,TNKS2-AS1,eQTL,Artery_Tibial,eCAVIAR,0.0421469,False,False,False
chr17:45948522:C:A,rs242559/rs114919114,ENSG00000266918,RP11-798G7.8,eQTL,Small_Intestine_Terminal_Ileum,eCAVIAR,0.042132,False,False,False
chr7:151808612:C:T,rs62478245,ENSG00000033050,ABCF2,eQTL,Colon_Transverse,eCAVIAR,0.0420846,False,False,False
chr1:8435530:G:A,rs172531,ENSG00000162426,SLC45A1,eQTL,Skin_Not_Sun_Exposed_Suprapubic,eCAVIAR,0.0419428,False,False,False
chr7:103984366:G:A,rs12667675,ENSG00000267368,UPK3BL,eQTL,Breast_Mammary_Tissue,eCAVIAR,0.041923,False,False,False
chr7:103984366:G:A,rs12667675,ENSG00000267368,UPK3BL,eQTL,Artery_Tibial,eCAVIAR,0.0419221,False,False,False
chr7:103984366:G:A,rs12667675,ENSG00000267368,UPK3BL,eQTL,Artery_Tibial,eCAVIAR,0.041922,False,False,False
chr7:103984366:G:A,rs12667675,ENSG00000267368,UPK3BL,eQTL,Breast_Mammary_Tissue,eCAVIAR,0.0419217,False,False,False
chr9:110549951:G:C,rs61751937,ENSG00000136810,TXN,eQTL,Ovary,eCAVIAR,0.0418775,False,False,False
chr7:103984366:G:A,rs12667675,ENSG00000267368,UPK3BL,eQTL,Whole_Blood,eCAVIAR,0.0418663,False,False,False
chr7:103984366:G:A,rs12667675,ENSG00000267368,UPK3BL,eQTL,Whole_Blood,eCAVIAR,0.0418651,False,False,False
chr15:91788477:G:A,rs8038628,ENSG00000182511,FES,eQTL,Pituitary,eCAVIAR,0.0418228,False,False,False
chr15:73928957:C:T,rs1550437,ENSG00000103855,CD276,sQTL,Cells_Cultured_fibroblasts,eCAVIAR,0.0417884,False,False,False
chr17:47617876:AT:A,rs1348518145,ENSG00000141279,NPEPPS,eQTL,Brain_Cerebellum,eCAVIAR,0.0417269,False,False,False
chr6:29839124:G:C,rs407238/rs115586772,ENSG00000204525,HLA-C,sQTL,Skin_Sun_Exposed_Lower_leg,eCAVIAR,0.0417021,False,False,False
chr15:91788477:G:A,rs8038628,ENSG00000182511,FES,sQTL,Minor_Salivary_Gland,eCAVIAR,0.0416885,False,False,False
chr12:111494996:C:T,rs7137828,ENSG00000111275,ALDH2,eQTL,Artery_Aorta,eCAVIAR,0.0416472,False,False,False
chr7:151808612:C:T,rs62478245,ENSG00000133612,AGAP3,eQTL,Artery_Aorta,eCAVIAR,0.0416405,False,False,False
chr1:112699500:G:T,rs1106287,ENSG00000064886,CHI3L2,sQTL,Cells_Cultured_fibroblasts,eCAVIAR,0.0415969,False,False,False
chr9:22051671:G:C,rs944801,ENSG00000184995,IFNE,eQTL,Brain_Cerebellum,eCAVIAR,0.0415388,False,False,False
chr15:91788477:G:A,rs8038628,ENSG00000140553,UNC45A,sQTL,Esophagus_Gastroesophageal_Junction,eCAVIAR,0.0415367,False,False,False
chr11:16989629:C:A,rs4141194,ENSG00000179826,MRGPRX3,eQTL,Vagina,eCAVIAR,0.0415364,False,False,False
chr12:111494996:C:T,rs7137828,ENSG00000234608,MAPKAPK5-AS1,sQTL,Whole_Blood,eCAVIAR,0.0414646,False,False,False
chr3:105354628:C:A,rs6437582,ENSG00000114423,CBLB,eQTL,Skin_Sun_Exposed_Lower_leg,eCAVIAR,0.0414432,False,False,False
chr17:45948522:C:A,rs242559/rs114919114,ENSG00000266918,RP11-798G7.8,eQTL,Brain_Caudate_basal_ganglia,eCAVIAR,0.0413849,False,False,False
chr1:8435530:G:A,rs172531,ENSG00000074800,ENO1,sQTL,Muscle_Skeletal,eCAVIAR,0.0413721,False,False,False
chr11:65569780:T:A,rs1346,ENSG00000014216,CAPN1,eQTL,Colon_Transverse,eCAVIAR,0.041367,False,False,False
chr1:8435530:G:A,rs172531,ENSG00000232912,RP5-1115A15.1,eQTL,Skin_Sun_Exposed_Lower_leg,eCAVIAR,0.0413661,False,False,False
chr1:112699500:G:T,rs1106287,ENSG00000155363,MOV10,eQTL,Skin_Sun_Exposed_Lower_leg,eCAVIAR,0.0413654,False,False,False
chr7:103984366:G:A,rs12667675,ENSG00000267368,UPK3BL,eQTL,Nerve_Tibial,eCAVIAR,0.0411657,False,False,False
chr7:103984366:G:A,rs12667675,ENSG00000267368,UPK3BL,eQTL,Nerve_Tibial,eCAVIAR,0.0411655,False,False,False
chr14:74618126:G:A,rs754458,ENSG00000176903,PNMA1,eQTL,Colon_Sigmoid,eCAVIAR,0.0411582,False,False,False
chr6:134051012:G:C,rs2811688,ENSG00000028839,TBPL1,eQTL,Brain_Cerebellum,eCAVIAR,0.0409786,False,False,False
chr10:94263320:C:T,rs57866767,ENSG00000138193,PLCE1,eQTL,Nerve_Tibial,eCAVIAR,0.0409497,False,False,False
chr11:65569780:T:A,rs1346,ENSG00000133884,DPF2,sQTL,Brain_Cerebellum,eCAVIAR,0.0409189,False,False,False
chr6:29839124:G:C,rs407238/rs115586772,ENSG00000204536,CCHCR1,sQTL,Heart_Left_Ventricle,eCAVIAR,0.0408953,False,False,False
chr13:22099731:G:A,rs4769194,ENSG00000233325,MIPEPP3,sQTL,Ovary,eCAVIAR,0.0408627,False,False,False
chr1:8435530:G:A,rs172531,ENSG00000232208,RP3-477M7.5,eQTL,Whole_Blood,eCAVIAR,0.0407976,False,False,False
chr7:151808612:C:T,rs62478245,ENSG00000033050,ABCF2,sQTL,Spleen,eCAVIAR,0.0407955,False,False,False
chr7:151808612:C:T,rs62478245,ENSG00000164896,FASTK,sQTL,Testis,eCAVIAR,0.0407798,False,False,False
chr15:73928957:C:T,rs1550437,ENSG00000067141,NEO1,eQTL,Esophagus_Mucosa,eCAVIAR,0.0407421,False,False,False
chr2:71424809:T:A,rs12613800,ENSG00000144036,EXOC6B,eQTL,Colon_Transverse,eCAVIAR,0.0407065,False,False,False
chr17:45948522:C:A,rs242559/rs114919114,ENSG00000264589,MAPT-AS1,eQTL,Brain_Amygdala,eCAVIAR,0.0406727,False,False,False
chr17:45948522:C:A,rs242559/rs114919114,ENSG00000120088,CRHR1,eQTL,Brain_Hippocampus,eCAVIAR,0.0406194,False,False,False
chr1:171636338:G:A,rs74315329,ENSG00000076258,FMO4,eQTL,Esophagus_Mucosa,eCAVIAR,0.0406189,False,False,False
chr4:88831125:G:A,rs57400569,ENSG00000118785,SPP1,eQTL,Artery_Aorta,eCAVIAR,0.0405879,False,False,False
chr14:53493371:G:A,rs12433661,ENSG00000073712,FERMT2,sQTL,Cells_Cultured_fibroblasts,eCAVIAR,0.0405395,False,False,False
chr14:53493371:G:A,rs12433661,ENSG00000073712,FERMT2,sQTL,Cells_Cultured_fibroblasts,eCAVIAR,0.0405395,False,False,False
chr11:16989629:C:A,rs4141194,ENSG00000129158,SERGEF,sQTL,Muscle_Skeletal,eCAVIAR,0.0404826,False,False,False
chr11:16989629:C:A,rs4141194,ENSG00000129158,SERGEF,sQTL,Muscle_Skeletal,eCAVIAR,0.0404826,False,False,False
chr1:171636338:G:A,rs74315329,ENSG00000135845,PIGC,sQTL,Brain_Cortex,eCAVIAR,0.0404794,False,False,False
chr1:112699500:G:T,rs1106287,ENSG00000232450,RP4-730K3.3,eQTL,Artery_Tibial,eCAVIAR,0.0404715,False,False,False
chr1:37611020:C:T,rs10908363,ENSG00000116922,C1orf109,sQTL,Muscle_Skeletal,eCAVIAR,0.0404643,False,False,False
chr1:37611020:C:T,rs10908363,ENSG00000116922,C1orf109,sQTL,Muscle_Skeletal,eCAVIAR,0.0404643,False,False,False
chr10:93169359:C:T,rs10882167,ENSG00000228701,TNKS2-AS1,eQTL,Skin_Not_Sun_Exposed_Suprapubic,eCAVIAR,0.0404434,False,False,False
chr10:93169359:C:T,rs10882167,ENSG00000095564,BTAF1,eQTL,Thyroid,eCAVIAR,0.0404351,False,False,False
chr17:45948522:C:A,rs242559/rs114919114,ENSG00000267344,CTB-39G8.3,eQTL,Adipose_Subcutaneous,eCAVIAR,0.0403588,False,False,False
chr22:28712241:G:A,rs5752776,ENSG00000100280,AP1B1,eQTL,Uterus,eCAVIAR,0.040311,False,False,False
chr11:65569780:T:A,rs1346,ENSG00000254614,AP003068.23,eQTL,Artery_Aorta,eCAVIAR,0.0402828,False,False,False
chr12:111494996:C:T,rs7137828,ENSG00000111275,ALDH2,eQTL,Adipose_Subcutaneous,eCAVIAR,0.0402624,False,False,False
chr9:110549951:G:C,rs61751937,ENSG00000204173,LRRC37A5P,sQTL,Testis,eCAVIAR,0.0402423,False,False,False
chr1:162709355:G:A,rs4542196,ENSG00000244682,FCGR2C,eQTL,Heart_Left_Ventricle,eCAVIAR,0.0402038,False,False,False
chr7:103984366:G:A,rs12667675,ENSG00000135250,SRPK2,eQTL,Lung,eCAVIAR,0.0401602,False,False,False
chr7:151808612:C:T,rs62478245,ENSG00000033100,CHPF2,sQTL,Colon_Sigmoid,eCAVIAR,0.0401208,False,False,False
chr4:88831125:G:A,rs57400569,ENSG00000138722,MMRN1,eQTL,Skin_Not_Sun_Exposed_Suprapubic,eCAVIAR,0.0400296,False,False,False
chr12:111494996:C:T,rs7137828,ENSG00000111252,SH2B3,eQTL,Cells_EBV-transformed_lymphocytes,eCAVIAR,0.0400287,False,False,False
chr11:65569780:T:A,rs1346,ENSG00000173992,CCS,eQTL,Whole_Blood,eCAVIAR,0.0399978,False,False,False
chr13:22099731:G:A,rs4769194,ENSG00000235076,GAPDHP52,eQTL,Brain_Spinal_cord_cervical_c-1,eCAVIAR,0.0399936,False,False,False
chr7:151808612:C:T,rs62478245,ENSG00000133612,AGAP3,eQTL,Whole_Blood,eCAVIAR,0.0399099,False,False,False
chr14:75905315:G:C,rs4903352,ENSG00000119686,FLVCR2,eQTL,Esophagus_Muscularis,eCAVIAR,0.0398376,False,False,False
chr15:91788477:G:A,rs8038628,ENSG00000140553,UNC45A,sQTL,Small_Intestine_Terminal_Ileum,eCAVIAR,0.0398075,False,False,False
chr14:74618126:G:A,rs754458,ENSG00000176903,PNMA1,eQTL,Adipose_Subcutaneous,eCAVIAR,0.0398006,False,False,False
chr15:91788477:G:A,rs8038628,ENSG00000182511,FES,sQTL,Whole_Blood,eCAVIAR,0.0397929,False,False,False
chr15:61655081:G:C,rs12438742,ENSG00000259498,RP11-244F12.3,eQTL,Cells_Cultured_fibroblasts,eCAVIAR,0.0396444,False,False,False
chr12:111494996:C:T,rs7137828,ENSG00000258240,RP1-46F2.3,sQTL,Testis,eCAVIAR,0.0395619,False,False,False
chr17:45948522:C:A,rs242559/rs114919114,ENSG00000225190,PLEKHM1,eQTL,Heart_Left_Ventricle,eCAVIAR,0.0395331,False,False,False
chr9:110549951:G:C,rs61751937,ENSG00000204173,LRRC37A5P,eQTL,Colon_Sigmoid,eCAVIAR,0.0395138,False,False,False
chr1:8435530:G:A,rs172531,ENSG00000232912,RP5-1115A15.1,eQTL,Skin_Sun_Exposed_Lower_leg,eCAVIAR,0.0394959,False,False,False
chr6:29839124:G:C,rs407238/rs115586772,ENSG00000204525,HLA-C,sQTL,Adipose_Visceral_Omentum,eCAVIAR,0.0394809,False,False,False
chr2:69184385:C:A,rs6732795,ENSG00000116005,PCYOX1,eQTL,Heart_Atrial_Appendage,eCAVIAR,0.0394805,False,False,False
chr12:111494996:C:T,rs7137828,ENSG00000111252,SH2B3,eQTL,Whole_Blood,eCAVIAR,0.0394403,False,False,False
chr11:47447887:G:A,rs7111873,ENSG00000149179,C11orf49,eQTL,Brain_Cerebellar_Hemisphere,eCAVIAR,0.0393733,False,False,False
chr10:93169359:C:T,rs10882167,ENSG00000228701,TNKS2-AS1,eQTL,Whole_Blood,eCAVIAR,0.0392914,False,False,False
chr7:103984366:G:A,rs12667675,ENSG00000168255,POLR2J3,sQTL,Whole_Blood,eCAVIAR,0.0392628,False,False,False
chr15:61655081:G:C,rs12438742,ENSG00000276651,AC007950.2,eQTL,Whole_Blood,eCAVIAR,0.0392076,False,False,False
chr9:22051671:G:C,rs944801,ENSG00000147883,CDKN2B,eQTL,Cells_Cultured_fibroblasts,eCAVIAR,0.0391934,False,False,False
chr17:2298650:G:A,rs216197,ENSG00000127774,EMC6,eQTL,Artery_Aorta,eCAVIAR,0.0391881,False,False,False
chr7:151808612:C:T,rs62478245,ENSG00000244151,RP11-148K1.12,eQTL,Esophagus_Muscularis,eCAVIAR,0.0391442,False,False,False
chr11:16989629:C:A,rs4141194,ENSG00000188211,NCR3LG1,eQTL,Heart_Atrial_Appendage,eCAVIAR,0.0391024,False,False,False
chr12:111494996:C:T,rs7137828,ENSG00000198270,TMEM116,eQTL,Artery_Aorta,eCAVIAR,0.0391004,False,False,False
chr9:110549951:G:C,rs61751937,ENSG00000106853,PTGR1,eQTL,Brain_Caudate_basal_ganglia,eCAVIAR,0.0390895,False,False,False
chr17:45948522:C:A,rs242559/rs114919114,ENSG00000267344,CTB-39G8.3,eQTL,Adipose_Subcutaneous,eCAVIAR,0.0390763,False,False,False
chr11:65569780:T:A,rs1346,ENSG00000174684,B4GAT1,eQTL,Skin_Not_Sun_Exposed_Suprapubic,eCAVIAR,0.0390584,False,False,False
chr7:151808612:C:T,rs62478245,ENSG00000033050,ABCF2,sQTL,Skin_Not_Sun_Exposed_Suprapubic,eCAVIAR,0.0390393,False,False,False
chr7:103984366:G:A,rs12667675,ENSG00000168255,POLR2J3,sQTL,Whole_Blood,eCAVIAR,0.0389971,False,False,False
chr8:123542077:T:A,rs62521288,ENSG00000189376,C8orf76,eQTL,Whole_Blood,eCAVIAR,0.0389944,False,False,False
chr14:74618126:G:A,rs754458,ENSG00000140043,PTGR2,eQTL,Minor_Salivary_Gland,eCAVIAR,0.0389898,False,False,False
chr7:151808612:C:T,rs62478245,ENSG00000227562,RP11-796I2.1,sQTL,Testis,eCAVIAR,0.038927,False,False,False
chr13:22099731:G:A,rs4769194,ENSG00000283075,RP11-124N19.4,eQTL,Spleen,eCAVIAR,0.0389236,False,False,False
chr1:8435530:G:A,rs172531,ENSG00000074800,ENO1,eQTL,Skin_Sun_Exposed_Lower_leg,eCAVIAR,0.0389214,False,False,False
chr15:91788477:G:A,rs8038628,ENSG00000258647,LINC00930,eQTL,Lung,eCAVIAR,0.0387335,False,False,False
chrX:13936278:C:T,rs66819623,ENSG00000223773,CD99P1,eQTL,Nerve_Tibial,eCAVIAR,0.03869,False,False,False
chrX:3411552:C:T,rs12846405,ENSG00000223773,CD99P1,eQTL,Nerve_Tibial,eCAVIAR,0.03869,False,False,False
chrX:44081581:C:T,rs17146835,ENSG00000223773,CD99P1,eQTL,Nerve_Tibial,eCAVIAR,0.03869,False,False,False
chr10:93169359:C:T,rs10882167,ENSG00000148690,FRA10AC1,eQTL,Artery_Aorta,eCAVIAR,0.0386094,False,False,False
chr1:8435530:G:A,rs172531,ENSG00000162426,SLC45A1,eQTL,Cells_Cultured_fibroblasts,eCAVIAR,0.0386,False,False,False
chr20:46905414:G:A,rs6124885,ENSG00000215452,ZNF663P,eQTL,Heart_Atrial_Appendage,eCAVIAR,0.0385244,False,False,False
chr17:47617876:AT:A,rs1348518145,ENSG00000002919,SNX11,eQTL,Spleen,eCAVIAR,0.0385108,False,False,False
chr2:55705879:C:T,rs2627761,ENSG00000115380,EFEMP1,sQTL,Breast_Mammary_Tissue,eCAVIAR,0.0385026,False,False,False
chr11:16989629:C:A,rs4141194,ENSG00000188211,NCR3LG1,eQTL,Heart_Atrial_Appendage,eCAVIAR,0.0384336,False,False,False
chr21:25844528:T:A,rs13049669,ENSG00000154723,ATP5J,sQTL,Cells_EBV-transformed_lymphocytes,eCAVIAR,0.0383593,False,False,False
chr7:151808612:C:T,rs62478245,ENSG00000033100,CHPF2,sQTL,Pancreas,eCAVIAR,0.0383343,False,False,False
chr12:111494996:C:T,rs7137828,ENSG00000174437,ATP2A2,sQTL,Testis,eCAVIAR,0.0383219,False,False,False
chr15:91788477:G:A,rs8038628,ENSG00000182511,FES,eQTL,Pancreas,eCAVIAR,0.0382738,False,False,False
chr15:73928957:C:T,rs1550437,ENSG00000178802,MPI,eQTL,Muscle_Skeletal,eCAVIAR,0.0382537,False,False,False
chr1:171636338:G:A,rs74315329,ENSG00000117507,FMO6P,eQTL,Adipose_Subcutaneous,eCAVIAR,0.0382503,False,False,False
chr10:76522305:C:T,rs2637250,ENSG00000148655,C10orf11,eQTL,Muscle_Skeletal,eCAVIAR,0.0382224,False,False,False
chr15:91788477:G:A,rs8038628,ENSG00000258725,PRC1-AS1,eQTL,Ovary,eCAVIAR,0.038168,False,False,False
chr1:68371486:C:A,rs4076000,ENSG00000033122,LRRC7,eQTL,Skin_Not_Sun_Exposed_Suprapubic,eCAVIAR,0.0381559,False,False,False
chr1:171636338:G:A,rs74315329,ENSG00000135845,PIGC,sQTL,Brain_Cortex,eCAVIAR,0.0381515,False,False,False
chr9:110549951:G:C,rs61751937,ENSG00000106853,PTGR1,sQTL,Brain_Hypothalamus,eCAVIAR,0.038133,False,False,False
chr1:112699500:G:T,rs1106287,ENSG00000134262,AP4B1,sQTL,Adipose_Subcutaneous,eCAVIAR,0.0381232,False,False,False
chr7:134835770:C:A,rs10237321,ENSG00000131558,EXOC4,eQTL,Testis,eCAVIAR,0.0381143,False,False,False
chr21:25844528:T:A,rs13049669,ENSG00000154723,ATP5J,eQTL,Colon_Sigmoid,eCAVIAR,0.0380939,False,False,False
chr15:91788477:G:A,rs8038628,ENSG00000258676,RP11-386M24.3,eQTL,Lung,eCAVIAR,0.0380811,False,False,False
chr10:94263320:C:T,rs57866767,ENSG00000108239,TBC1D12,eQTL,Nerve_Tibial,eCAVIAR,0.0380158,False,False,False
chr10:93169359:C:T,rs10882167,ENSG00000228701,TNKS2-AS1,eQTL,Breast_Mammary_Tissue,eCAVIAR,0.0379428,False,False,False
chr17:45948522:C:A,rs242559/rs114919114,ENSG00000172992,DCAKD,sQTL,Cells_Cultured_fibroblasts,eCAVIAR,0.0379142,False,False,False
chr10:10798886:C:A,rs6602453,ENSG00000225383,SFTA1P,eQTL,Heart_Atrial_Appendage,eCAVIAR,0.0379123,False,False,False
chr15:91788477:G:A,rs8038628,ENSG00000258725,PRC1-AS1,sQTL,Nerve_Tibial,eCAVIAR,0.0378587,False,False,False
chr1:171636338:G:A,rs74315329,ENSG00000007933,FMO3,eQTL,Esophagus_Gastroesophageal_Junction,eCAVIAR,0.0378264,False,False,False
chr11:47447887:G:A,rs7111873,ENSG00000121653,MAPK8IP1,eQTL,Adipose_Visceral_Omentum,eCAVIAR,0.0377938,False,False,False
chr12:111494996:C:T,rs7137828,ENSG00000198270,TMEM116,sQTL,Adipose_Subcutaneous,eCAVIAR,0.0377221,False,False,False
chr20:39445575:C:T,rs6101546,ENSG00000124143,ARHGAP40,eQTL,Stomach,eCAVIAR,0.0376858,False,False,False
chr1:68371486:C:A,rs4076000,ENSG00000172380,GNG12,eQTL,Pancreas,eCAVIAR,0.0376458,False,False,False
chr1:68371486:C:A,rs4076000,ENSG00000142864,SERBP1,eQTL,Stomach,eCAVIAR,0.0376155,False,False,False
chr1:68371486:C:A,rs4076000,ENSG00000142864,SERBP1,eQTL,Stomach,eCAVIAR,0.0376155,False,False,False
chr9:110549951:G:C,rs61751937,ENSG00000106853,PTGR1,sQTL,Artery_Aorta,eCAVIAR,0.0375218,False,False,False
chr1:68371486:C:A,rs4076000,ENSG00000228431,ARL5AP3,eQTL,Heart_Left_Ventricle,eCAVIAR,0.0375216,False,False,False
chrX:13936278:C:T,rs66819623,ENSG00000002586,CD99,eQTL,Heart_Atrial_Appendage,eCAVIAR,0.0374442,False,False,False
chrX:3411552:C:T,rs12846405,ENSG00000002586,CD99,eQTL,Heart_Atrial_Appendage,eCAVIAR,0.0374442,False,False,False
chrX:44081581:C:T,rs17146835,ENSG00000002586,CD99,eQTL,Heart_Atrial_Appendage,eCAVIAR,0.0374442,False,False,False
chr15:61655081:G:C,rs12438742,ENSG00000166104,RP11-299H22.3,eQTL,Lung,eCAVIAR,0.0374418,False,False,False
chr13:22099731:G:A,rs4769194,ENSG00000224429,LINC00539,eQTL,Thyroid,eCAVIAR,0.0374098,False,False,False
chr17:45948522:C:A,rs242559/rs114919114,ENSG00000120071,KANSL1,eQTL,Brain_Spinal_cord_cervical_c-1,eCAVIAR,0.0373666,False,False,False
chr17:45948522:C:A,rs242559/rs114919114,ENSG00000186834,HEXIM1,eQTL,Thyroid,eCAVIAR,0.0372975,False,False,False
chr6:29839124:G:C,rs407238/rs115586772,ENSG00000204538,PSORS1C2,eQTL,Artery_Coronary,eCAVIAR,0.0372489,False,False,False
chr9:110549951:G:C,rs61751937,ENSG00000106853,PTGR1,eQTL,Brain_Cortex,eCAVIAR,0.0372479,False,False,False
chr1:171636338:G:A,rs74315329,ENSG00000010932,FMO1,eQTL,Skin_Not_Sun_Exposed_Suprapubic,eCAVIAR,0.0372333,False,False,False
chr11:115168963:G:A,rs10444329,ENSG00000048028,USP28,eQTL,Esophagus_Gastroesophageal_Junction,eCAVIAR,0.0371703,False,False,False
chr7:151808612:C:T,rs62478245,ENSG00000033100,CHPF2,eQTL,Brain_Putamen_basal_ganglia,eCAVIAR,0.0371307,False,False,False
chr1:68371486:C:A,rs4076000,ENSG00000024526,DEPDC1,eQTL,Cells_Cultured_fibroblasts,eCAVIAR,0.0370964,False,False,False
chr15:91788477:G:A,rs8038628,ENSG00000166965,RCCD1,eQTL,Brain_Hippocampus,eCAVIAR,0.0370839,False,False,False
chr10:93169359:C:T,rs10882167,ENSG00000228701,TNKS2-AS1,eQTL,Esophagus_Muscularis,eCAVIAR,0.0370213,False,False,False
chr10:93169359:C:T,rs10882167,ENSG00000228701,TNKS2-AS1,eQTL,Esophagus_Muscularis,eCAVIAR,0.0370213,False,False,False
chr9:110549951:G:C,rs61751937,ENSG00000106853,PTGR1,eQTL,Brain_Cortex,eCAVIAR,0.0370202,False,False,False
chr9:133255801:C:T,rs8176749,ENSG00000148296,SURF6,eQTL,Brain_Cerebellar_Hemisphere,eCAVIAR,0.036947,False,False,False
chr15:91788477:G:A,rs8038628,ENSG00000258725,PRC1-AS1,sQTL,Nerve_Tibial,eCAVIAR,0.0369242,False,False,False
chr6:36602589:C:T,rs7344,ENSG00000112081,SRSF3,eQTL,Cells_Cultured_fibroblasts,eCAVIAR,0.0369009,False,False,False
chr9:126628521:C:T,rs3829849,ENSG00000224842,RP11-123K19.1,eQTL,Pituitary,eCAVIAR,0.036856,False,False,False
chr1:8435530:G:A,rs172531,ENSG00000236269,ENO1-IT1,eQTL,Cells_Cultured_fibroblasts,eCAVIAR,0.0367834,False,False,False
chr17:45948522:C:A,rs242559/rs114919114,ENSG00000172992,DCAKD,eQTL,Brain_Cortex,eCAVIAR,0.0367791,False,False,False
chr9:110549951:G:C,rs61751937,ENSG00000136810,TXN,eQTL,Adipose_Subcutaneous,eCAVIAR,0.0367295,False,False,False
chr10:93169359:C:T,rs10882167,ENSG00000232709,MARK2P9,eQTL,Artery_Aorta,eCAVIAR,0.0367148,False,False,False
chr10:93169359:C:T,rs10882167,ENSG00000232709,MARK2P9,eQTL,Artery_Aorta,eCAVIAR,0.0367148,False,False,False
chr17:45948522:C:A,rs242559/rs114919114,ENSG00000238083,LRRC37A2,sQTL,Brain_Cortex,eCAVIAR,0.03671,False,False,False
chr7:151808612:C:T,rs62478245,ENSG00000033100,CHPF2,sQTL,Pancreas,eCAVIAR,0.0366631,False,False,False
chr15:73928957:C:T,rs1550437,ENSG00000138621,PPCDC,eQTL,Whole_Blood,eCAVIAR,0.0366072,False,False,False
chr17:2298650:G:A,rs216197,ENSG00000127774,EMC6,eQTL,Artery_Aorta,eCAVIAR,0.0363995,False,False,False
chr16:65033540:C:T,rs12447201,ENSG00000140937,CDH11,eQTL,Heart_Atrial_Appendage,eCAVIAR,0.0363532,False,False,False
chr1:112699500:G:T,rs1106287,ENSG00000232450,RP4-730K3.3,eQTL,Artery_Aorta,eCAVIAR,0.0362531,False,False,False
chr17:45948522:C:A,rs242559/rs114919114,ENSG00000266918,RP11-798G7.8,eQTL,Brain_Anterior_cingulate_cortex_BA24,eCAVIAR,0.0362236,False,False,False
chr1:68371486:C:A,rs4076000,ENSG00000172380,GNG12,eQTL,Testis,eCAVIAR,0.0361727,False,False,False
chr7:151808612:C:T,rs62478245,ENSG00000133612,AGAP3,eQTL,Lung,eCAVIAR,0.0360947,False,False,False
chr8:123542077:T:A,rs62521288,ENSG00000204949,FAM83A-AS1,eQTL,Skin_Sun_Exposed_Lower_leg,eCAVIAR,0.0360786,False,False,False
chr6:29839124:G:C,rs407238/rs115586772,ENSG00000204539,CDSN,eQTL,Skin_Sun_Exposed_Lower_leg,eCAVIAR,0.0360773,False,False,False
chr22:19882624:C:T,rs8141610,ENSG00000215012,C22orf29,eQTL,Brain_Substantia_nigra,eCAVIAR,0.0360429,False,False,False
chr1:53658200:G:T,rs941125,ENSG00000211452,DIO1,eQTL,Whole_Blood,eCAVIAR,0.0359706,False,False,False
chr1:68371486:C:A,rs4076000,ENSG00000142864,SERBP1,eQTL,Artery_Tibial,eCAVIAR,0.0359337,False,False,False
chr9:133255801:C:T,rs8176749,ENSG00000148296,SURF6,eQTL,Testis,eCAVIAR,0.0359228,False,False,False
chr1:68371486:C:A,rs4076000,ENSG00000116717,GADD45A,eQTL,Esophagus_Mucosa,eCAVIAR,0.0359184,False,False,False
chr12:111494996:C:T,rs7137828,ENSG00000234608,MAPKAPK5-AS1,eQTL,Skin_Sun_Exposed_Lower_leg,eCAVIAR,0.0358934,False,False,False
chr14:74618126:G:A,rs754458,ENSG00000184227,ACOT1,eQTL,Small_Intestine_Terminal_Ileum,eCAVIAR,0.0358889,False,False,False
chr17:45948522:C:A,rs242559/rs114919114,ENSG00000136448,NMT1,eQTL,Colon_Transverse,eCAVIAR,0.0356946,False,False,False
chr10:93169359:C:T,rs10882167,ENSG00000228701,TNKS2-AS1,eQTL,Skin_Not_Sun_Exposed_Suprapubic,eCAVIAR,0.0355712,False,False,False
chr10:93169359:C:T,rs10882167,ENSG00000228701,TNKS2-AS1,eQTL,Skin_Not_Sun_Exposed_Suprapubic,eCAVIAR,0.0355712,False,False,False
chr2:69184385:C:A,rs6732795,ENSG00000243667,WDR92,eQTL,Adipose_Subcutaneous,eCAVIAR,0.0355405,False,False,False
chr15:91788477:G:A,rs8038628,ENSG00000182511,FES,sQTL,Stomach,eCAVIAR,0.0355019,False,False,False
chr8:123542077:T:A,rs62521288,ENSG00000253258,RP11-539E17.5,eQTL,Esophagus_Mucosa,eCAVIAR,0.0354286,False,False,False
chr20:46905414:G:A,rs6124885,ENSG00000196562,SULF2,eQTL,Lung,eCAVIAR,0.0353718,False,False,False
chr1:162709355:G:A,rs4542196,ENSG00000143226,FCGR2A,sQTL,Colon_Transverse,eCAVIAR,0.0353696,False,False,False
chr6:29839124:G:C,rs407238/rs115586772,ENSG00000234745,HLA-B,sQTL,Liver,eCAVIAR,0.0353652,False,False,False
chr17:45948522:C:A,rs242559/rs114919114,ENSG00000181513,ACBD4,eQTL,Adipose_Subcutaneous,eCAVIAR,0.0353613,False,False,False
chr12:111494996:C:T,rs7137828,ENSG00000198324,FAM109A,eQTL,Testis,eCAVIAR,0.0353468,False,False,False
chr17:2298650:G:A,rs216197,ENSG00000196689,TRPV1,eQTL,Small_Intestine_Terminal_Ileum,eCAVIAR,0.0353434,False,False,False
chr4:88831125:G:A,rs57400569,ENSG00000138722,MMRN1,eQTL,Skin_Not_Sun_Exposed_Suprapubic,eCAVIAR,0.0353381,False,False,False
chr2:110881198:C:T,rs9308689,ENSG00000261760,RP11-1223D19.1,eQTL,Testis,eCAVIAR,0.0353352,False,False,False
chr6:122324153:C:A,rs7760346,ENSG00000111897,SERINC1,sQTL,Colon_Transverse,eCAVIAR,0.0353213,False,False,False
chr11:47447887:G:A,rs7111873,ENSG00000255197,RP11-750H9.5,eQTL,Lung,eCAVIAR,0.0352791,False,False,False
chr9:110549951:G:C,rs61751937,ENSG00000136810,TXN,eQTL,Heart_Left_Ventricle,eCAVIAR,0.0352721,False,False,False
chr9:110549951:G:C,rs61751937,ENSG00000106853,PTGR1,sQTL,Adrenal_Gland,eCAVIAR,0.0352359,False,False,False
chr2:55705879:C:T,rs2627761,ENSG00000115306,SPTBN1,eQTL,Adipose_Subcutaneous,eCAVIAR,0.0351885,False,False,False
chr9:133255801:C:T,rs8176749,ENSG00000148296,SURF6,eQTL,Artery_Aorta,eCAVIAR,0.0351722,False,False,False
chr1:171636338:G:A,rs74315329,ENSG00000007933,FMO3,eQTL,Adipose_Subcutaneous,eCAVIAR,0.0351337,False,False,False
chr15:91788477:G:A,rs8038628,ENSG00000184056,VPS33B,eQTL,Brain_Putamen_basal_ganglia,eCAVIAR,0.0351179,False,False,False
chr9:133255801:C:T,rs8176749,ENSG00000119440,LCN1P1,eQTL,Esophagus_Mucosa,eCAVIAR,0.0350294,False,False,False
chr7:151808612:C:T,rs62478245,ENSG00000187260,WDR86,sQTL,Nerve_Tibial,eCAVIAR,0.0350194,False,False,False
chr15:91788477:G:A,rs8038628,ENSG00000166965,RCCD1,eQTL,Esophagus_Muscularis,eCAVIAR,0.0349736,False,False,False
chr7:151808612:C:T,rs62478245,ENSG00000033100,CHPF2,sQTL,Skin_Not_Sun_Exposed_Suprapubic,eCAVIAR,0.0349563,False,False,False
chr1:8435530:G:A,rs172531,ENSG00000162426,SLC45A1,eQTL,Thyroid,eCAVIAR,0.0349438,False,False,False
chr15:91788477:G:A,rs8038628,ENSG00000224441,AC068831.3,sQTL,Skin_Sun_Exposed_Lower_leg,eCAVIAR,0.0349093,False,False,False
chr15:91788477:G:A,rs8038628,ENSG00000184508,HDDC3,sQTL,Skin_Sun_Exposed_Lower_leg,eCAVIAR,0.0349093,False,False,False
chr10:93169359:C:T,rs10882167,ENSG00000095464,PDE6C,eQTL,Esophagus_Gastroesophageal_Junction,eCAVIAR,0.0348966,False,False,False
chr7:151808612:C:T,rs62478245,ENSG00000164896,FASTK,sQTL,Testis,eCAVIAR,0.0348941,False,False,False
chr17:2298650:G:A,rs216197,ENSG00000108381,ASPA,eQTL,Nerve_Tibial,eCAVIAR,0.0346924,False,False,False
chr1:162709355:G:A,rs4542196,ENSG00000143226,FCGR2A,sQTL,Colon_Transverse,eCAVIAR,0.0346559,False,False,False
chr14:74618126:G:A,rs754458,ENSG00000119723,COQ6,eQTL,Brain_Hypothalamus,eCAVIAR,0.0346437,False,False,False
chr2:55705879:C:T,rs2627761,ENSG00000115380,EFEMP1,sQTL,Breast_Mammary_Tissue,eCAVIAR,0.0346426,False,False,False
chr15:73928957:C:T,rs1550437,ENSG00000178802,MPI,eQTL,Brain_Hippocampus,eCAVIAR,0.0346285,False,False,False
chr15:61655081:G:C,rs12438742,ENSG00000276651,AC007950.2,eQTL,Whole_Blood,eCAVIAR,0.0346246,False,False,False
chr7:35921527:C:T,rs6957752,ENSG00000227544,AC018647.3,eQTL,Muscle_Skeletal,eCAVIAR,0.0346057,False,False,False
chr1:68371486:C:A,rs4076000,ENSG00000172380,GNG12,eQTL,Nerve_Tibial,eCAVIAR,0.0346028,False,False,False
chr9:110549951:G:C,rs61751937,ENSG00000198121,LPAR1,eQTL,Heart_Atrial_Appendage,eCAVIAR,0.0345219,False,False,False
chr1:68371486:C:A,rs4076000,ENSG00000172380,GNG12,eQTL,Brain_Frontal_Cortex_BA9,eCAVIAR,0.034518,False,False,False
chr12:111494996:C:T,rs7137828,ENSG00000198324,FAM109A,eQTL,Artery_Coronary,eCAVIAR,0.0344935,False,False,False
chr6:29839124:G:C,rs407238/rs115586772,ENSG00000137312,FLOT1,sQTL,Esophagus_Gastroesophageal_Junction,eCAVIAR,0.0344424,False,False,False
chr14:74618126:G:A,rs754458,ENSG00000176903,PNMA1,eQTL,Esophagus_Gastroesophageal_Junction,eCAVIAR,0.0344388,False,False,False
chr17:45948522:C:A,rs242559/rs114919114,ENSG00000108883,EFTUD2,eQTL,Artery_Tibial,eCAVIAR,0.0344344,False,False,False
chr15:91788477:G:A,rs8038628,ENSG00000182511,FES,sQTL,Whole_Blood,eCAVIAR,0.0343675,False,False,False
chr2:69184385:C:A,rs6732795,ENSG00000169599,NFU1,sQTL,Colon_Sigmoid,eCAVIAR,0.0343645,False,False,False
chr2:66310212:G:T,rs4414666,ENSG00000143971,ETAA1,sQTL,Muscle_Skeletal,eCAVIAR,0.0343351,False,False,False
chr15:91788477:G:A,rs8038628,ENSG00000214432,AC068831.10,eQTL,Adipose_Visceral_Omentum,eCAVIAR,0.034325,False,False,False
chr10:93169359:C:T,rs10882167,ENSG00000198060,MARCH5,eQTL,Thyroid,eCAVIAR,0.0343208,False,False,False
chr10:93169359:C:T,rs10882167,ENSG00000198060,MARCH5,eQTL,Thyroid,eCAVIAR,0.0343208,False,False,False
chr1:68371486:C:A,rs4076000,ENSG00000235200,LINC01702,eQTL,Liver,eCAVIAR,0.0343192,False,False,False
chr1:68371486:C:A,rs4076000,ENSG00000172380,GNG12,eQTL,Heart_Left_Ventricle,eCAVIAR,0.0342489,False,False,False
chr6:29839124:G:C,rs407238/rs115586772,ENSG00000234745,HLA-B,eQTL,Heart_Left_Ventricle,eCAVIAR,0.0342002,False,False,False
chr1:8435530:G:A,rs172531,ENSG00000236269,ENO1-IT1,eQTL,Cells_Cultured_fibroblasts,eCAVIAR,0.0341,False,False,False
chr17:2298650:G:A,rs216197,ENSG00000108381,ASPA,eQTL,Nerve_Tibial,eCAVIAR,0.0340946,False,False,False
chr1:37611020:C:T,rs10908363,ENSG00000131233,GJA9,eQTL,Brain_Anterior_cingulate_cortex_BA24,eCAVIAR,0.0340898,False,False,False
chr1:8435530:G:A,rs172531,ENSG00000074800,ENO1,eQTL,Adipose_Subcutaneous,eCAVIAR,0.0340594,False,False,False
chr11:65569780:T:A,rs1346,ENSG00000173992,CCS,eQTL,Whole_Blood,eCAVIAR,0.0340044,False,False,False
chr15:91788477:G:A,rs8038628,ENSG00000140553,UNC45A,sQTL,Lung,eCAVIAR,0.0339975,False,False,False
chr7:151808612:C:T,rs62478245,ENSG00000244151,RP11-148K1.12,eQTL,Thyroid,eCAVIAR,0.0339632,False,False,False
chr4:88831125:G:A,rs57400569,ENSG00000145332,KLHL8,sQTL,Adrenal_Gland,eCAVIAR,0.0339406,False,False,False
chr7:151808612:C:T,rs62478245,ENSG00000106615,RHEB,eQTL,Artery_Aorta,eCAVIAR,0.0338986,False,False,False
chr4:88831125:G:A,rs57400569,ENSG00000118785,SPP1,eQTL,Heart_Left_Ventricle,eCAVIAR,0.0337913,False,False,False
chr11:16989629:C:A,rs4141194,ENSG00000166788,SAAL1,eQTL,Brain_Hippocampus,eCAVIAR,0.0337825,False,False,False
chr12:111494996:C:T,rs7137828,ENSG00000111199,TRPV4,eQTL,Artery_Aorta,eCAVIAR,0.0337794,False,False,False
chr15:91788477:G:A,rs8038628,ENSG00000259170,RP11-763K15.1,sQTL,Testis,eCAVIAR,0.033736,False,False,False
chr17:2298650:G:A,rs216197,ENSG00000167693,NXN,eQTL,Lung,eCAVIAR,0.0337026,False,False,False
chr14:74618126:G:A,rs754458,ENSG00000184227,ACOT1,eQTL,Small_Intestine_Terminal_Ileum,eCAVIAR,0.0336719,False,False,False
chr2:55705879:C:T,rs2627761,ENSG00000115355,CCDC88A,eQTL,Thyroid,eCAVIAR,0.0335971,False,False,False
chr11:16989629:C:A,rs4141194,ENSG00000148965,SAA4,eQTL,Adipose_Subcutaneous,eCAVIAR,0.0335884,False,False,False
chr11:16989629:C:A,rs4141194,ENSG00000148965,SAA4,eQTL,Adipose_Subcutaneous,eCAVIAR,0.0335884,False,False,False
chr10:76522305:C:T,rs2637250,ENSG00000148655,C10orf11,sQTL,Brain_Anterior_cingulate_cortex_BA24,eCAVIAR,0.0334306,False,False,False
chr7:151808612:C:T,rs62478245,ENSG00000002933,TMEM176A,eQTL,Brain_Hypothalamus,eCAVIAR,0.0334032,False,False,False
chr7:117996057:G:C,rs10230941,ENSG00000077063,CTTNBP2,eQTL,Muscle_Skeletal,eCAVIAR,0.0333296,False,False,False
chr9:110549951:G:C,rs61751937,ENSG00000198121,LPAR1,eQTL,Heart_Atrial_Appendage,eCAVIAR,0.033308,False,False,False
chr6:29839124:G:C,rs407238/rs115586772,ENSG00000204536,CCHCR1,sQTL,Heart_Atrial_Appendage,eCAVIAR,0.033302,False,False,False
chr17:45948522:C:A,rs242559/rs114919114,ENSG00000159314,ARHGAP27,eQTL,Heart_Left_Ventricle,eCAVIAR,0.0333013,False,False,False
chr6:29839124:G:C,rs407238/rs115586772,ENSG00000137312,FLOT1,sQTL,Breast_Mammary_Tissue,eCAVIAR,0.03329,False,False,False
chr17:47617876:AT:A,rs1348518145,ENSG00000141279,NPEPPS,eQTL,Skin_Not_Sun_Exposed_Suprapubic,eCAVIAR,0.0332455,False,False,False
chr9:133255801:C:T,rs8176749,ENSG00000175164,ABO,eQTL,Prostate,eCAVIAR,0.0331889,False,False,False
chr7:151808612:C:T,rs62478245,ENSG00000033100,CHPF2,sQTL,Adipose_Visceral_Omentum,eCAVIAR,0.0331631,False,False,False
chr12:111494996:C:T,rs7137828,ENSG00000198270,TMEM116,eQTL,Stomach,eCAVIAR,0.033071,False,False,False
chr1:68371486:C:A,rs4076000,ENSG00000172380,GNG12,eQTL,Pancreas,eCAVIAR,0.0330282,False,False,False
chr10:94263320:C:T,rs57866767,ENSG00000138109,CYP2C9,eQTL,Esophagus_Gastroesophageal_Junction,eCAVIAR,0.0330224,False,False,False
chr1:68371486:C:A,rs4076000,ENSG00000142864,SERBP1,eQTL,Muscle_Skeletal,eCAVIAR,0.0329974,False,False,False
chr15:91788477:G:A,rs8038628,ENSG00000196547,MAN2A2,eQTL,Esophagus_Mucosa,eCAVIAR,0.0329446,False,False,False
chr7:151808612:C:T,rs62478245,ENSG00000164896,FASTK,sQTL,Artery_Tibial,eCAVIAR,0.0329256,False,False,False
chr14:53493371:G:A,rs12433661,ENSG00000073712,FERMT2,sQTL,Thyroid,eCAVIAR,0.0328669,False,False,False
chr17:45948522:C:A,rs242559/rs114919114,ENSG00000238083,LRRC37A2,sQTL,Breast_Mammary_Tissue,eCAVIAR,0.0328633,False,False,False
chr9:133255801:C:T,rs8176749,ENSG00000148300,REXO4,eQTL,Brain_Cortex,eCAVIAR,0.0327091,False,False,False
chr10:93169359:C:T,rs10882167,ENSG00000232709,MARK2P9,eQTL,Artery_Aorta,eCAVIAR,0.0326961,False,False,False
chr1:171636338:G:A,rs74315329,ENSG00000117507,FMO6P,eQTL,Adipose_Subcutaneous,eCAVIAR,0.0326758,False,False,False
chr1:8435530:G:A,rs172531,ENSG00000131686,CA6,eQTL,Whole_Blood,eCAVIAR,0.0326621,False,False,False
chr11:65569780:T:A,rs1346,ENSG00000173992,CCS,eQTL,Whole_Blood,eCAVIAR,0.0326502,False,False,False
chr12:111494996:C:T,rs7137828,ENSG00000198324,FAM109A,eQTL,Whole_Blood,eCAVIAR,0.0325964,False,False,False
chr15:91788477:G:A,rs8038628,ENSG00000260337,RP11-386M24.6,eQTL,Brain_Substantia_nigra,eCAVIAR,0.0325865,False,False,False
chr7:103984366:G:A,rs12667675,ENSG00000225329,LHFPL3-AS2,eQTL,Adipose_Subcutaneous,eCAVIAR,0.0325168,False,False,False
chr17:47617876:AT:A,rs1348518145,ENSG00000178852,EFCAB13,eQTL,Heart_Atrial_Appendage,eCAVIAR,0.0325027,False,False,False
chr6:29839124:G:C,rs407238/rs115586772,ENSG00000204525,HLA-C,sQTL,Thyroid,eCAVIAR,0.0324774,False,False,False
chr6:29839124:G:C,rs407238/rs115586772,ENSG00000204525,HLA-C,sQTL,Thyroid,eCAVIAR,0.0324774,False,False,False
chr2:110881198:C:T,rs9308689,ENSG00000230650,AC112229.1,eQTL,Liver,eCAVIAR,0.0324547,False,False,False
chr2:71424809:T:A,rs12613800,ENSG00000144036,EXOC6B,sQTL,Heart_Atrial_Appendage,eCAVIAR,0.0324088,False,False,False
chr11:65569780:T:A,rs1346,ENSG00000133884,DPF2,sQTL,Brain_Cerebellum,eCAVIAR,0.0323744,False,False,False
chr1:68371486:C:A,rs4076000,ENSG00000229133,RPS7P4,eQTL,Ovary,eCAVIAR,0.032256,False,False,False
chr1:68371486:C:A,rs4076000,ENSG00000229133,RPS7P4,eQTL,Ovary,eCAVIAR,0.032256,False,False,False
chr1:171636338:G:A,rs74315329,ENSG00000007933,FMO3,eQTL,Esophagus_Gastroesophageal_Junction,eCAVIAR,0.0321967,False,False,False
chr1:37611020:C:T,rs10908363,ENSG00000204084,INPP5B,eQTL,Brain_Putamen_basal_ganglia,eCAVIAR,0.0321874,False,False,False
chr15:61655081:G:C,rs12438742,ENSG00000259498,RP11-244F12.3,eQTL,Cells_Cultured_fibroblasts,eCAVIAR,0.0320995,False,False,False
chr2:110881198:C:T,rs9308689,ENSG00000230650,AC112229.1,eQTL,Liver,eCAVIAR,0.0320977,False,False,False
chr13:110125592:G:C,rs2218471,ENSG00000275830,RP11-403A3.3,eQTL,Brain_Cortex,eCAVIAR,0.0320714,False,False,False
chr11:16989629:C:A,rs4141194,ENSG00000129167,TPH1,eQTL,Brain_Cerebellum,eCAVIAR,0.0320433,False,False,False
chr15:91788477:G:A,rs8038628,ENSG00000182511,FES,sQTL,Spleen,eCAVIAR,0.0320253,False,False,False
chr7:103984366:G:A,rs12667675,ENSG00000267368,UPK3BL,eQTL,Heart_Left_Ventricle,eCAVIAR,0.0320164,False,False,False
chr7:103984366:G:A,rs12667675,ENSG00000267368,UPK3BL,eQTL,Heart_Left_Ventricle,eCAVIAR,0.0320102,False,False,False
chr7:103984366:G:A,rs12667675,ENSG00000135250,SRPK2,eQTL,Lung,eCAVIAR,0.0319646,False,False,False
chr12:111494996:C:T,rs7137828,ENSG00000111300,NAA25,eQTL,Skin_Sun_Exposed_Lower_leg,eCAVIAR,0.031924,False,False,False
chr1:171636338:G:A,rs74315329,ENSG00000010932,FMO1,eQTL,Skin_Not_Sun_Exposed_Suprapubic,eCAVIAR,0.0319183,False,False,False
chr15:91788477:G:A,rs8038628,ENSG00000184056,VPS33B,eQTL,Brain_Putamen_basal_ganglia,eCAVIAR,0.0318505,False,False,False
chr15:91788477:G:A,rs8038628,ENSG00000140553,UNC45A,sQTL,Lung,eCAVIAR,0.0318255,False,False,False
chr2:55705879:C:T,rs2627761,ENSG00000275052,PPP4R3B,eQTL,Heart_Left_Ventricle,eCAVIAR,0.0317912,False,False,False
chr4:7902636:G:A,rs938604,ENSG00000196526,AFAP1,eQTL,Artery_Aorta,eCAVIAR,0.0317908,False,False,False
chr17:45948522:C:A,rs242559/rs114919114,ENSG00000238083,LRRC37A2,sQTL,Breast_Mammary_Tissue,eCAVIAR,0.031779,False,False,False
chr17:45948522:C:A,rs242559/rs114919114,ENSG00000266918,RP11-798G7.8,eQTL,Liver,eCAVIAR,0.0317501,False,False,False
chr9:110549951:G:C,rs61751937,ENSG00000136810,TXN,eQTL,Adipose_Subcutaneous,eCAVIAR,0.0317388,False,False,False
chr2:55705879:C:T,rs2627761,ENSG00000162994,CLHC1,sQTL,Brain_Cerebellum,eCAVIAR,0.0317311,False,False,False
chr2:55705879:C:T,rs2627761,ENSG00000162994,CLHC1,sQTL,Brain_Cerebellum,eCAVIAR,0.0317311,False,False,False
chr9:110549951:G:C,rs61751937,ENSG00000106853,PTGR1,eQTL,Brain_Frontal_Cortex_BA9,eCAVIAR,0.031583,False,False,False
chr1:171636338:G:A,rs74315329,ENSG00000076258,FMO4,eQTL,Esophagus_Mucosa,eCAVIAR,0.0314939,False,False,False
chr1:87747331:C:T,rs12139208,ENSG00000143013,LMO4,eQTL,Spleen,eCAVIAR,0.0314853,False,False,False
chr10:94263320:C:T,rs57866767,ENSG00000138109,CYP2C9,eQTL,Esophagus_Gastroesophageal_Junction,eCAVIAR,0.0314826,False,False,False
chr7:151808612:C:T,rs62478245,ENSG00000196584,XRCC2,eQTL,Adipose_Visceral_Omentum,eCAVIAR,0.0314771,False,False,False
chr1:8435530:G:A,rs172531,ENSG00000142599,RERE,sQTL,Artery_Aorta,eCAVIAR,0.0314684,False,False,False
chr7:103984366:G:A,rs12667675,ENSG00000228049,POLR2J2,eQTL,Liver,eCAVIAR,0.0314161,False,False,False
chr20:6489447:G:A,rs2326788,ENSG00000089199,CHGB,eQTL,Brain_Cortex,eCAVIAR,0.031392,False,False,False
chr15:91788477:G:A,rs8038628,ENSG00000182511,FES,sQTL,Liver,eCAVIAR,0.0313914,False,False,False
chr11:65569780:T:A,rs1346,ENSG00000149792,MRPL49,eQTL,Testis,eCAVIAR,0.0313851,False,False,False
chr17:45948522:C:A,rs242559/rs114919114,ENSG00000232300,FAM215B,eQTL,Vagina,eCAVIAR,0.0313712,False,False,False
chr12:111494996:C:T,rs7137828,ENSG00000204856,FAM216A,eQTL,Muscle_Skeletal,eCAVIAR,0.031341,False,False,False
chr6:36602589:C:T,rs7344,ENSG00000112079,STK38,eQTL,Testis,eCAVIAR,0.0313301,False,False,False
chr7:35921527:C:T,rs6957752,ENSG00000228878,SEPT7-AS1,eQTL,Skin_Not_Sun_Exposed_Suprapubic,eCAVIAR,0.0312896,False,False,False
chrX:13936278:C:T,rs66819623,ENSG00000157399,ARSE,eQTL,Pancreas,eCAVIAR,0.0312012,False,False,False
chrX:3411552:C:T,rs12846405,ENSG00000157399,ARSE,eQTL,Pancreas,eCAVIAR,0.0312012,False,False,False
chrX:44081581:C:T,rs17146835,ENSG00000157399,ARSE,eQTL,Pancreas,eCAVIAR,0.0312012,False,False,False
chr17:45948522:C:A,rs242559/rs114919114,ENSG00000120088,CRHR1,eQTL,Brain_Putamen_basal_ganglia,eCAVIAR,0.0311809,False,False,False
chr15:91788477:G:A,rs8038628,ENSG00000182511,FES,sQTL,Colon_Transverse,eCAVIAR,0.031039,False,False,False
chr15:91788477:G:A,rs8038628,ENSG00000258725,PRC1-AS1,eQTL,Esophagus_Mucosa,eCAVIAR,0.0309412,False,False,False
chr7:103984366:G:A,rs12667675,ENSG00000279168,RP11-514P8.10,eQTL,Breast_Mammary_Tissue,eCAVIAR,0.0309219,False,False,False
chr7:151808612:C:T,rs62478245,ENSG00000196584,XRCC2,eQTL,Esophagus_Muscularis,eCAVIAR,0.0309117,False,False,False
chr6:29839124:G:C,rs407238/rs115586772,ENSG00000234745,HLA-B,sQTL,Ovary,eCAVIAR,0.0308206,False,False,False
chr6:29839124:G:C,rs407238/rs115586772,ENSG00000204525,HLA-C,sQTL,Ovary,eCAVIAR,0.0308206,False,False,False
chr9:110549951:G:C,rs61751937,ENSG00000204173,LRRC37A5P,eQTL,Esophagus_Gastroesophageal_Junction,eCAVIAR,0.0307979,False,False,False
chr20:39445575:C:T,rs6101546,ENSG00000274825,RP4-616B8.5,eQTL,Artery_Tibial,eCAVIAR,0.0307932,False,False,False
chr6:36602589:C:T,rs7344,ENSG00000179165,PXT1,eQTL,Nerve_Tibial,eCAVIAR,0.0307851,False,False,False
chr6:36602589:C:T,rs7344,ENSG00000179165,PXT1,eQTL,Nerve_Tibial,eCAVIAR,0.0307851,False,False,False
chr6:36602589:C:T,rs7344,ENSG00000112078,KCTD20,eQTL,Cells_Cultured_fibroblasts,eCAVIAR,0.0307633,False,False,False
chr6:36602589:C:T,rs7344,ENSG00000112078,KCTD20,eQTL,Cells_Cultured_fibroblasts,eCAVIAR,0.0307633,False,False,False
chr6:36602589:C:T,rs7344,ENSG00000112079,STK38,sQTL,Heart_Left_Ventricle,eCAVIAR,0.0307115,False,False,False
chr14:74618126:G:A,rs754458,ENSG00000156050,FAM161B,eQTL,Esophagus_Muscularis,eCAVIAR,0.0307072,False,False,False
chr2:12811195:C:T,rs12623251,ENSG00000162976,PQLC3,eQTL,Brain_Cerebellar_Hemisphere,eCAVIAR,0.0307061,False,False,False
chr13:73065233:G:A,rs9530143,ENSG00000204899,MZT1,eQTL,Artery_Aorta,eCAVIAR,0.0306724,False,False,False
chr15:91788477:G:A,rs8038628,ENSG00000140553,UNC45A,eQTL,Pancreas,eCAVIAR,0.0306411,False,False,False
chr6:36602589:C:T,rs7344,ENSG00000179165,PXT1,eQTL,Skin_Not_Sun_Exposed_Suprapubic,eCAVIAR,0.0306183,False,False,False
chr6:36602589:C:T,rs7344,ENSG00000179165,PXT1,eQTL,Skin_Not_Sun_Exposed_Suprapubic,eCAVIAR,0.0306183,False,False,False
chr6:36602589:C:T,rs7344,ENSG00000179165,PXT1,eQTL,Adipose_Subcutaneous,eCAVIAR,0.030616,False,False,False
chr4:88831125:G:A,rs57400569,ENSG00000145332,KLHL8,eQTL,Cells_Cultured_fibroblasts,eCAVIAR,0.0305743,False,False,False
chr4:88831125:G:A,rs57400569,ENSG00000145332,KLHL8,eQTL,Cells_Cultured_fibroblasts,eCAVIAR,0.0305743,False,False,False
chr1:112699500:G:T,rs1106287,ENSG00000226419,SLC16A1-AS1,eQTL,Lung,eCAVIAR,0.0305542,False,False,False
chr11:16989629:C:A,rs4141194,ENSG00000272034,SNORD14A,eQTL,Thyroid,eCAVIAR,0.0305301,False,False,False
chr10:76522305:C:T,rs2637250,ENSG00000148655,C10orf11,eQTL,Brain_Frontal_Cortex_BA9,eCAVIAR,0.0304961,False,False,False
chr13:22099731:G:A,rs4769194,ENSG00000235076,GAPDHP52,eQTL,Brain_Spinal_cord_cervical_c-1,eCAVIAR,0.0304491,False,False,False
chr1:68371486:C:A,rs4076000,ENSG00000024526,DEPDC1,eQTL,Cells_Cultured_fibroblasts,eCAVIAR,0.0304401,False,False,False
chr9:133255801:C:T,rs8176749,ENSG00000148296,SURF6,eQTL,Pituitary,eCAVIAR,0.0304309,False,False,False
chr10:93169359:C:T,rs10882167,ENSG00000095564,BTAF1,eQTL,Thyroid,eCAVIAR,0.0303998,False,False,False
chr10:93169359:C:T,rs10882167,ENSG00000095564,BTAF1,eQTL,Thyroid,eCAVIAR,0.0303998,False,False,False
chr1:68371486:C:A,rs4076000,ENSG00000142864,SERBP1,eQTL,Muscle_Skeletal,eCAVIAR,0.0303298,False,False,False
chrX:13936278:C:T,rs66819623,ENSG00000223773,CD99P1,eQTL,Esophagus_Muscularis,eCAVIAR,0.0302848,False,False,False
chrX:3411552:C:T,rs12846405,ENSG00000223773,CD99P1,eQTL,Esophagus_Muscularis,eCAVIAR,0.0302848,False,False,False
chrX:44081581:C:T,rs17146835,ENSG00000223773,CD99P1,eQTL,Esophagus_Muscularis,eCAVIAR,0.0302848,False,False,False
chr7:117996057:G:C,rs10230941,ENSG00000077063,CTTNBP2,eQTL,Colon_Sigmoid,eCAVIAR,0.0302239,False,False,False
chr15:91788477:G:A,rs8038628,ENSG00000182511,FES,eQTL,Pituitary,eCAVIAR,0.0302087,False,False,False
chr15:91788477:G:A,rs8038628,ENSG00000184056,VPS33B,sQTL,Skin_Sun_Exposed_Lower_leg,eCAVIAR,0.030207,False,False,False
chr17:45948522:C:A,rs242559/rs114919114,ENSG00000181513,ACBD4,eQTL,Esophagus_Muscularis,eCAVIAR,0.0302036,False,False,False
chr6:36602589:C:T,rs7344,ENSG00000179165,PXT1,eQTL,Whole_Blood,eCAVIAR,0.0301995,False,False,False
chr6:36602589:C:T,rs7344,ENSG00000179165,PXT1,eQTL,Whole_Blood,eCAVIAR,0.0301995,False,False,False
chr1:8435530:G:A,rs172531,ENSG00000142599,RERE,eQTL,Stomach,eCAVIAR,0.0301594,False,False,False
chr17:45948522:C:A,rs242559/rs114919114,ENSG00000073969,NSF,eQTL,Skin_Not_Sun_Exposed_Suprapubic,eCAVIAR,0.0301249,False,False,False
chr6:36602589:C:T,rs7344,ENSG00000179165,PXT1,eQTL,Skin_Sun_Exposed_Lower_leg,eCAVIAR,0.0301071,False,False,False
chr6:36602589:C:T,rs7344,ENSG00000179165,PXT1,eQTL,Skin_Sun_Exposed_Lower_leg,eCAVIAR,0.0301071,False,False,False
chr13:110125592:G:C,rs2218471,ENSG00000134905,CARS2,eQTL,Brain_Caudate_basal_ganglia,eCAVIAR,0.0300895,False,False,False
chr6:36602589:C:T,rs7344,ENSG00000112079,STK38,eQTL,Cells_Cultured_fibroblasts,eCAVIAR,0.0300786,False,False,False
chr6:36602589:C:T,rs7344,ENSG00000112079,STK38,eQTL,Cells_Cultured_fibroblasts,eCAVIAR,0.0300786,False,False,False
chr2:69184385:C:A,rs6732795,ENSG00000163219,ARHGAP25,eQTL,Whole_Blood,eCAVIAR,0.0300576,False,False,False
chr7:151808612:C:T,rs62478245,ENSG00000196584,XRCC2,eQTL,Brain_Spinal_cord_cervical_c-1,eCAVIAR,0.0300242,False,False,False
chr20:46905414:G:A,rs6124885,ENSG00000149654,CDH22,eQTL,Nerve_Tibial,eCAVIAR,0.0300148,False,False,False
chr22:28712241:G:A,rs5752776,ENSG00000183765,CHEK2,eQTL,Cells_Cultured_fibroblasts,eCAVIAR,0.0299789,False,False,False
chr17:45948522:C:A,rs242559/rs114919114,ENSG00000264589,MAPT-AS1,eQTL,Testis,eCAVIAR,0.0299566,False,False,False
chr6:29839124:G:C,rs407238/rs115586772,ENSG00000227262,HCG4B,eQTL,Brain_Hypothalamus,eCAVIAR,0.0299395,False,False,False
chr17:45948522:C:A,rs242559/rs114919114,ENSG00000120088,CRHR1,eQTL,Brain_Nucleus_accumbens_basal_ganglia,eCAVIAR,0.0299263,False,False,False
chr9:110549951:G:C,rs61751937,ENSG00000198121,LPAR1,eQTL,Heart_Atrial_Appendage,eCAVIAR,0.0299236,False,False,False
chrX:13936278:C:T,rs66819623,ENSG00000002586,CD99,eQTL,Adipose_Subcutaneous,eCAVIAR,0.0299175,False,False,False
chrX:3411552:C:T,rs12846405,ENSG00000002586,CD99,eQTL,Adipose_Subcutaneous,eCAVIAR,0.0299175,False,False,False
chrX:44081581:C:T,rs17146835,ENSG00000002586,CD99,eQTL,Adipose_Subcutaneous,eCAVIAR,0.0299175,False,False,False
chr15:91788477:G:A,rs8038628,ENSG00000140553,UNC45A,eQTL,Muscle_Skeletal,eCAVIAR,0.0299065,False,False,False
chr1:171636338:G:A,rs74315329,ENSG00000007933,FMO3,eQTL,Adipose_Subcutaneous,eCAVIAR,0.0299047,False,False,False
chr14:74618126:G:A,rs754458,ENSG00000140043,PTGR2,sQTL,Brain_Amygdala,eCAVIAR,0.0298902,False,False,False
chr17:45948522:C:A,rs242559/rs114919114,ENSG00000280022,RP11-707O23.1,eQTL,Brain_Caudate_basal_ganglia,eCAVIAR,0.0297874,False,False,False
chr15:73928957:C:T,rs1550437,ENSG00000178802,MPI,eQTL,Muscle_Skeletal,eCAVIAR,0.029748,False,False,False
chr15:73928957:C:T,rs1550437,ENSG00000178802,MPI,eQTL,Muscle_Skeletal,eCAVIAR,0.029748,False,False,False
chr15:73928957:C:T,rs1550437,ENSG00000178802,MPI,eQTL,Muscle_Skeletal,eCAVIAR,0.029748,False,False,False
chr15:91788477:G:A,rs8038628,ENSG00000196547,MAN2A2,eQTL,Brain_Cerebellum,eCAVIAR,0.0297343,False,False,False
chr1:162709355:G:A,rs4542196,ENSG00000118217,ATF6,eQTL,Artery_Aorta,eCAVIAR,0.0297049,False,False,False
chr7:151808612:C:T,rs62478245,ENSG00000133612,AGAP3,sQTL,Pancreas,eCAVIAR,0.0296701,False,False,False
chr12:111494996:C:T,rs7137828,ENSG00000204852,TCTN1,eQTL,Cells_Cultured_fibroblasts,eCAVIAR,0.0296651,False,False,False
chr2:28143047:G:A,rs17006576,ENSG00000234072,AC074117.10,eQTL,Adipose_Visceral_Omentum,eCAVIAR,0.0296096,False,False,False
chr15:91788477:G:A,rs8038628,ENSG00000259170,RP11-763K15.1,sQTL,Testis,eCAVIAR,0.0295993,False,False,False
chr6:29839124:G:C,rs407238/rs115586772,ENSG00000204536,CCHCR1,sQTL,Lung,eCAVIAR,0.0295648,False,False,False
chr17:2298650:G:A,rs216197,ENSG00000196689,TRPV1,eQTL,Small_Intestine_Terminal_Ileum,eCAVIAR,0.0295521,False,False,False
chr1:68371486:C:A,rs4076000,ENSG00000234383,CTBP2P8,eQTL,Esophagus_Muscularis,eCAVIAR,0.0295335,False,False,False
chr1:68371486:C:A,rs4076000,ENSG00000172380,GNG12,eQTL,Pancreas,eCAVIAR,0.0295278,False,False,False
chr1:68371486:C:A,rs4076000,ENSG00000172380,GNG12,eQTL,Heart_Left_Ventricle,eCAVIAR,0.029489,False,False,False
chr20:6489447:G:A,rs2326788,ENSG00000125885,MCM8,eQTL,Vagina,eCAVIAR,0.0294677,False,False,False
chr6:29839124:G:C,rs407238/rs115586772,ENSG00000234745,HLA-B,eQTL,Breast_Mammary_Tissue,eCAVIAR,0.0294366,False,False,False
chr9:110549951:G:C,rs61751937,ENSG00000173258,ZNF483,eQTL,Artery_Tibial,eCAVIAR,0.0294338,False,False,False
chr10:93169359:C:T,rs10882167,ENSG00000228701,TNKS2-AS1,eQTL,Thyroid,eCAVIAR,0.0294308,False,False,False
chr4:88831125:G:A,rs57400569,ENSG00000138722,MMRN1,eQTL,Skin_Not_Sun_Exposed_Suprapubic,eCAVIAR,0.02942,False,False,False
chr6:29839124:G:C,rs407238/rs115586772,ENSG00000204632,HLA-G,eQTL,Cells_EBV-transformed_lymphocytes,eCAVIAR,0.0293221,False,False,False
chr7:39037797:C:T,rs10248136,ENSG00000065883,CDK13,eQTL,Thyroid,eCAVIAR,0.0293006,False,False,False
chr7:151808612:C:T,rs62478245,ENSG00000227562,RP11-796I2.1,sQTL,Testis,eCAVIAR,0.0292975,False,False,False
chr7:134835770:C:A,rs10237321,ENSG00000227471,AKR1B15,sQTL,Colon_Transverse,eCAVIAR,0.0292753,False,False,False
chr1:68371486:C:A,rs4076000,ENSG00000228431,ARL5AP3,eQTL,Heart_Left_Ventricle,eCAVIAR,0.0292633,False,False,False
chr9:110549951:G:C,rs61751937,ENSG00000106853,PTGR1,sQTL,Brain_Cerebellar_Hemisphere,eCAVIAR,0.0292592,False,False,False
chr1:171636338:G:A,rs74315329,ENSG00000076258,FMO4,eQTL,Esophagus_Mucosa,eCAVIAR,0.0292468,False,False,False
chr15:91788477:G:A,rs8038628,ENSG00000260337,RP11-386M24.6,eQTL,Colon_Transverse,eCAVIAR,0.02922,False,False,False
chr7:134835770:C:A,rs10237321,ENSG00000122786,CALD1,eQTL,Heart_Atrial_Appendage,eCAVIAR,0.0292175,False,False,False
chr7:151808612:C:T,rs62478245,ENSG00000261455,LINC01003,eQTL,Vagina,eCAVIAR,0.0292121,False,False,False
chr7:151808612:C:T,rs62478245,ENSG00000013374,NUB1,eQTL,Muscle_Skeletal,eCAVIAR,0.0291634,False,False,False
chr10:93169359:C:T,rs10882167,ENSG00000198060,MARCH5,eQTL,Thyroid,eCAVIAR,0.0290788,False,False,False
chr11:120327384:G:A,rs1893261,ENSG00000181264,TMEM136,eQTL,Brain_Nucleus_accumbens_basal_ganglia,eCAVIAR,0.0290788,False,False,False
chr12:111494996:C:T,rs7137828,ENSG00000198270,TMEM116,sQTL,Artery_Aorta,eCAVIAR,0.0290496,False,False,False
chr12:111494996:C:T,rs7137828,ENSG00000139433,GLTP,eQTL,Pituitary,eCAVIAR,0.0290247,False,False,False
chr15:91788477:G:A,rs8038628,ENSG00000258725,PRC1-AS1,eQTL,Ovary,eCAVIAR,0.0290183,False,False,False
chr6:36602589:C:T,rs7344,ENSG00000010030,ETV7,eQTL,Stomach,eCAVIAR,0.0290033,False,False,False
chr6:36602589:C:T,rs7344,ENSG00000010030,ETV7,eQTL,Stomach,eCAVIAR,0.0290033,False,False,False
chr16:65033540:C:T,rs12447201,ENSG00000140937,CDH11,eQTL,Cells_Cultured_fibroblasts,eCAVIAR,0.0289892,False,False,False
chr10:93169359:C:T,rs10882167,ENSG00000228701,TNKS2-AS1,eQTL,Pituitary,eCAVIAR,0.0289777,False,False,False
chr15:73928957:C:T,rs1550437,ENSG00000213578,CPLX3,eQTL,Skin_Sun_Exposed_Lower_leg,eCAVIAR,0.028974,False,False,False
chr15:91788477:G:A,rs8038628,ENSG00000140564,FURIN,sQTL,Whole_Blood,eCAVIAR,0.0289712,False,False,False
chr1:37611020:C:T,rs10908363,ENSG00000204084,INPP5B,sQTL,Stomach,eCAVIAR,0.0289673,False,False,False
chr11:16989629:C:A,rs4141194,ENSG00000166788,SAAL1,eQTL,Vagina,eCAVIAR,0.02896,False,False,False
chr7:151808612:C:T,rs62478245,ENSG00000164896,FASTK,sQTL,Artery_Tibial,eCAVIAR,0.0289451,False,False,False
chr6:136141606:G:T,rs4612174,ENSG00000135541,AHI1,eQTL,Thyroid,eCAVIAR,0.0289396,False,False,False
chr6:29839124:G:C,rs407238/rs115586772,ENSG00000234745,HLA-B,eQTL,Whole_Blood,eCAVIAR,0.028913,False,False,False
chr15:91788477:G:A,rs8038628,ENSG00000196547,MAN2A2,eQTL,Esophagus_Mucosa,eCAVIAR,0.0289032,False,False,False
chr15:91788477:G:A,rs8038628,ENSG00000214432,AC068831.10,eQTL,Adipose_Visceral_Omentum,eCAVIAR,0.0288497,False,False,False
chr2:55705879:C:T,rs2627761,ENSG00000275052,PPP4R3B,eQTL,Heart_Left_Ventricle,eCAVIAR,0.0288479,False,False,False
chr7:35921527:C:T,rs6957752,ENSG00000227544,AC018647.3,eQTL,Muscle_Skeletal,eCAVIAR,0.0288159,False,False,False
chr1:8435530:G:A,rs172531,ENSG00000232912,RP5-1115A15.1,eQTL,Whole_Blood,eCAVIAR,0.0287615,False,False,False
chr15:91788477:G:A,rs8038628,ENSG00000184056,VPS33B,sQTL,Nerve_Tibial,eCAVIAR,0.0287614,False,False,False
chr1:171636338:G:A,rs74315329,ENSG00000010932,FMO1,eQTL,Adipose_Visceral_Omentum,eCAVIAR,0.0287442,False,False,False
chr10:93169359:C:T,rs10882167,ENSG00000228701,TNKS2-AS1,eQTL,Heart_Atrial_Appendage,eCAVIAR,0.0287107,False,False,False
chr10:93169359:C:T,rs10882167,ENSG00000228701,TNKS2-AS1,eQTL,Heart_Atrial_Appendage,eCAVIAR,0.0287107,False,False,False
chr9:133255801:C:T,rs8176749,ENSG00000148300,REXO4,eQTL,Testis,eCAVIAR,0.0286328,False,False,False
chr7:151808612:C:T,rs62478245,ENSG00000196584,XRCC2,eQTL,Esophagus_Muscularis,eCAVIAR,0.0286001,False,False,False
chr15:91788477:G:A,rs8038628,ENSG00000166965,RCCD1,eQTL,Testis,eCAVIAR,0.0285466,False,False,False
chr17:61161860:G:A,rs11868441,ENSG00000136492,BRIP1,eQTL,Brain_Anterior_cingulate_cortex_BA24,eCAVIAR,0.0285451,False,False,False
chr17:45948522:C:A,rs242559/rs114919114,ENSG00000185829,ARL17A,sQTL,Brain_Nucleus_accumbens_basal_ganglia,eCAVIAR,0.0285291,False,False,False
chr1:100629646:G:A,rs12566440,ENSG00000162692,VCAM1,eQTL,Pancreas,eCAVIAR,0.0284786,False,False,False
chr1:171636338:G:A,rs74315329,ENSG00000117523,PRRC2C,eQTL,Adipose_Visceral_Omentum,eCAVIAR,0.028472,False,False,False
chr7:151808612:C:T,rs62478245,ENSG00000197150,ABCB8,sQTL,Thyroid,eCAVIAR,0.0284491,False,False,False
chr15:91788477:G:A,rs8038628,ENSG00000184508,HDDC3,eQTL,Retina,eCAVIAR,0.0283748,False,False,False
chr15:91788477:G:A,rs8038628,ENSG00000182511,FES,eQTL,Brain_Amygdala,eCAVIAR,0.0282995,False,False,False
chr1:171636338:G:A,rs74315329,ENSG00000094963,FMO2,eQTL,Uterus,eCAVIAR,0.0282987,False,False,False
chr7:151808612:C:T,rs62478245,ENSG00000033100,CHPF2,eQTL,Artery_Tibial,eCAVIAR,0.0282957,False,False,False
chr17:45948522:C:A,rs242559/rs114919114,ENSG00000159314,ARHGAP27,sQTL,Adipose_Visceral_Omentum,eCAVIAR,0.0282936,False,False,False
chr1:68371486:C:A,rs4076000,ENSG00000172380,GNG12,eQTL,Testis,eCAVIAR,0.0282864,False,False,False
chr15:91788477:G:A,rs8038628,ENSG00000182511,FES,eQTL,Pancreas,eCAVIAR,0.0282462,False,False,False
chr17:45948522:C:A,rs242559/rs114919114,ENSG00000262372,RP11-669E14.6,eQTL,Muscle_Skeletal,eCAVIAR,0.0282422,False,False,False
chr9:104933258:C:T,rs2472494,ENSG00000226334,RP11-217B7.2,eQTL,Ovary,eCAVIAR,0.0282318,False,False,False
chr17:61161860:G:A,rs11868441,ENSG00000187013,C17orf82,eQTL,Artery_Aorta,eCAVIAR,0.0281778,False,False,False
chr10:93169359:C:T,rs10882167,ENSG00000228701,TNKS2-AS1,eQTL,Thyroid,eCAVIAR,0.0281774,False,False,False
chr6:36602589:C:T,rs7344,ENSG00000112079,STK38,sQTL,Spleen,eCAVIAR,0.0281532,False,False,False
chr6:36602589:C:T,rs7344,ENSG00000112079,STK38,sQTL,Spleen,eCAVIAR,0.0281532,False,False,False
chr1:68371486:C:A,rs4076000,ENSG00000116717,GADD45A,eQTL,Esophagus_Mucosa,eCAVIAR,0.0280876,False,False,False
chr1:171636338:G:A,rs74315329,ENSG00000010932,FMO1,eQTL,Lung,eCAVIAR,0.0280832,False,False,False
chr12:111494996:C:T,rs7137828,ENSG00000139433,GLTP,eQTL,Pituitary,eCAVIAR,0.0280772,False,False,False
chr17:45948522:C:A,rs242559/rs114919114,ENSG00000172992,DCAKD,sQTL,Skin_Sun_Exposed_Lower_leg,eCAVIAR,0.0280771,False,False,False
chr14:74618126:G:A,rs754458,ENSG00000176903,PNMA1,eQTL,Adipose_Subcutaneous,eCAVIAR,0.0280083,False,False,False
chr10:93169359:C:T,rs10882167,ENSG00000228701,TNKS2-AS1,eQTL,Whole_Blood,eCAVIAR,0.0279741,False,False,False
chr15:91788477:G:A,rs8038628,ENSG00000260361,CTD-2313J17.5,eQTL,Esophagus_Muscularis,eCAVIAR,0.0279474,False,False,False
chr7:151808612:C:T,rs62478245,ENSG00000187260,WDR86,eQTL,Esophagus_Gastroesophageal_Junction,eCAVIAR,0.0279328,False,False,False
chr12:111494996:C:T,rs7137828,ENSG00000198270,TMEM116,eQTL,Heart_Left_Ventricle,eCAVIAR,0.027902,False,False,False
chr7:134835770:C:A,rs10237321,ENSG00000155530,LRGUK,eQTL,Whole_Blood,eCAVIAR,0.0278623,False,False,False
chr13:22099731:G:A,rs4769194,ENSG00000224429,LINC00539,eQTL,Skin_Not_Sun_Exposed_Suprapubic,eCAVIAR,0.027859,False,False,False
chr14:74618126:G:A,rs754458,ENSG00000119661,DNAL1,eQTL,Brain_Caudate_basal_ganglia,eCAVIAR,0.0278278,False,False,False
chr9:110549951:G:C,rs61751937,ENSG00000106853,PTGR1,sQTL,Pituitary,eCAVIAR,0.0277922,False,False,False
chr10:94263320:C:T,rs57866767,ENSG00000108239,TBC1D12,eQTL,Nerve_Tibial,eCAVIAR,0.0277758,False,False,False
chr6:36602589:C:T,rs7344,ENSG00000112078,KCTD20,eQTL,Adipose_Subcutaneous,eCAVIAR,0.0277681,False,False,False
chr6:36602589:C:T,rs7344,ENSG00000112078,KCTD20,eQTL,Adipose_Subcutaneous,eCAVIAR,0.0277681,False,False,False
chr6:36602589:C:T,rs7344,ENSG00000198663,C6orf89,sQTL,Esophagus_Gastroesophageal_Junction,eCAVIAR,0.0277504,False,False,False
chr6:36602589:C:T,rs7344,ENSG00000198663,C6orf89,sQTL,Esophagus_Gastroesophageal_Junction,eCAVIAR,0.0277504,False,False,False
chr11:65569780:T:A,rs1346,ENSG00000173727,CMB9-22P13.1,eQTL,Adrenal_Gland,eCAVIAR,0.0277425,False,False,False
chr12:111494996:C:T,rs7137828,ENSG00000111300,NAA25,eQTL,Adipose_Subcutaneous,eCAVIAR,0.0277395,False,False,False
chr2:71424809:T:A,rs12613800,ENSG00000144036,EXOC6B,sQTL,Skin_Not_Sun_Exposed_Suprapubic,eCAVIAR,0.0277305,False,False,False
chr2:71424809:T:A,rs12613800,ENSG00000144036,EXOC6B,sQTL,Skin_Not_Sun_Exposed_Suprapubic,eCAVIAR,0.0277305,False,False,False
chr11:16989629:C:A,rs4141194,ENSG00000166788,SAAL1,eQTL,Brain_Cerebellar_Hemisphere,eCAVIAR,0.0277167,False,False,False
chr11:16989629:C:A,rs4141194,ENSG00000166788,SAAL1,eQTL,Brain_Cerebellar_Hemisphere,eCAVIAR,0.0277167,False,False,False
chr10:93169359:C:T,rs10882167,ENSG00000228701,TNKS2-AS1,eQTL,Whole_Blood,eCAVIAR,0.0277102,False,False,False
chr17:45948522:C:A,rs242559/rs114919114,ENSG00000264070,DND1P1,eQTL,Minor_Salivary_Gland,eCAVIAR,0.0276977,False,False,False
chr9:110549951:G:C,rs61751937,ENSG00000204173,LRRC37A5P,eQTL,Esophagus_Gastroesophageal_Junction,eCAVIAR,0.0276885,False,False,False
chr2:55705879:C:T,rs2627761,ENSG00000115380,EFEMP1,sQTL,Breast_Mammary_Tissue,eCAVIAR,0.0276818,False,False,False
chr12:28050312:T:A,rs7972874,ENSG00000247934,RP11-967K21.1,eQTL,Retina,eCAVIAR,0.0276708,False,False,False
chr10:93169359:C:T,rs10882167,ENSG00000228701,TNKS2-AS1,eQTL,Whole_Blood,eCAVIAR,0.0276457,False,False,False
chr10:93169359:C:T,rs10882167,ENSG00000228701,TNKS2-AS1,eQTL,Whole_Blood,eCAVIAR,0.0276457,False,False,False
chr13:110125592:G:C,rs2218471,ENSG00000277767,RP11-365P13.5,eQTL,Adrenal_Gland,eCAVIAR,0.027623,False,False,False
chr1:68371486:C:A,rs4076000,ENSG00000116745,RPE65,eQTL,Skin_Sun_Exposed_Lower_leg,eCAVIAR,0.0276196,False,False,False
chr22:28712241:G:A,rs5752776,ENSG00000235954,TTC28-AS1,eQTL,Minor_Salivary_Gland,eCAVIAR,0.027573,False,False,False
chr6:36602589:C:T,rs7344,ENSG00000179165,PXT1,eQTL,Brain_Cerebellum,eCAVIAR,0.0275713,False,False,False
chr6:36602589:C:T,rs7344,ENSG00000179165,PXT1,eQTL,Brain_Cerebellum,eCAVIAR,0.0275713,False,False,False
chr14:60509819:C:A,rs33912345,ENSG00000181619,GPR135,eQTL,Brain_Caudate_basal_ganglia,eCAVIAR,0.0275638,False,False,False
chr9:22051671:G:C,rs944801,ENSG00000188921,HACD4,sQTL,Artery_Aorta,eCAVIAR,0.0275519,False,False,False
chr15:91788477:G:A,rs8038628,ENSG00000184508,HDDC3,eQTL,Skin_Sun_Exposed_Lower_leg,eCAVIAR,0.0275031,False,False,False
chr9:133255801:C:T,rs8176749,ENSG00000148290,SURF1,sQTL,Adrenal_Gland,eCAVIAR,0.0274899,False,False,False
chr12:111494996:C:T,rs7137828,ENSG00000111300,NAA25,eQTL,Adipose_Visceral_Omentum,eCAVIAR,0.0274832,False,False,False
chr7:103984366:G:A,rs12667675,ENSG00000228049,POLR2J2,eQTL,Artery_Aorta,eCAVIAR,0.0274792,False,False,False
chr7:103984366:G:A,rs12667675,ENSG00000228049,POLR2J2,eQTL,Artery_Aorta,eCAVIAR,0.0274791,False,False,False
chr10:93169359:C:T,rs10882167,ENSG00000228701,TNKS2-AS1,eQTL,Adipose_Subcutaneous,eCAVIAR,0.027435,False,False,False
chr10:93169359:C:T,rs10882167,ENSG00000228701,TNKS2-AS1,eQTL,Adipose_Subcutaneous,eCAVIAR,0.027435,False,False,False
chr1:8435530:G:A,rs172531,ENSG00000131686,CA6,eQTL,Whole_Blood,eCAVIAR,0.0274248,False,False,False
chr12:111494996:C:T,rs7137828,ENSG00000198270,TMEM116,sQTL,Heart_Left_Ventricle,eCAVIAR,0.0273999,False,False,False
chr7:151808612:C:T,rs62478245,ENSG00000133627,ACTR3B,eQTL,Skin_Not_Sun_Exposed_Suprapubic,eCAVIAR,0.0273784,False,False,False
chr7:134835770:C:A,rs10237321,ENSG00000198074,AKR1B10,sQTL,Colon_Transverse,eCAVIAR,0.0273774,False,False,False
chr12:111494996:C:T,rs7137828,ENSG00000135148,TRAFD1,eQTL,Nerve_Tibial,eCAVIAR,0.0273584,False,False,False
chr20:46905414:G:A,rs6124885,ENSG00000158296,SLC13A3,sQTL,Testis,eCAVIAR,0.0273513,False,False,False
chr11:115168963:G:A,rs10444329,ENSG00000109906,ZBTB16,sQTL,Esophagus_Gastroesophageal_Junction,eCAVIAR,0.0273179,False,False,False
chr7:151808612:C:T,rs62478245,ENSG00000227562,RP11-796I2.1,sQTL,Testis,eCAVIAR,0.0272965,False,False,False
chr14:74618126:G:A,rs754458,ENSG00000205659,LIN52,eQTL,Colon_Transverse,eCAVIAR,0.0272957,False,False,False
chr9:133255801:C:T,rs8176749,ENSG00000148288,GBGT1,eQTL,Cells_Cultured_fibroblasts,eCAVIAR,0.0272588,False,False,False
chr11:47447887:G:A,rs7111873,ENSG00000213619,NDUFS3,eQTL,Heart_Atrial_Appendage,eCAVIAR,0.0272582,False,False,False
chr6:29839124:G:C,rs407238/rs115586772,ENSG00000204632,HLA-G,eQTL,Pancreas,eCAVIAR,0.027187,False,False,False
chr22:28712241:G:A,rs5752776,ENSG00000183765,CHEK2,eQTL,Thyroid,eCAVIAR,0.0271785,False,False,False
chr7:103984366:G:A,rs12667675,ENSG00000105808,RASA4,eQTL,Esophagus_Mucosa,eCAVIAR,0.0271603,False,False,False
chr1:68371486:C:A,rs4076000,ENSG00000142864,SERBP1,eQTL,Artery_Tibial,eCAVIAR,0.0270297,False,False,False
chr1:171636338:G:A,rs74315329,ENSG00000135845,PIGC,eQTL,Adipose_Visceral_Omentum,eCAVIAR,0.0270212,False,False,False
chr10:93169359:C:T,rs10882167,ENSG00000228701,TNKS2-AS1,eQTL,Nerve_Tibial,eCAVIAR,0.026999,False,False,False
chr1:68371486:C:A,rs4076000,ENSG00000172380,GNG12,eQTL,Brain_Frontal_Cortex_BA9,eCAVIAR,0.0269924,False,False,False
chr6:122324153:C:A,rs7760346,ENSG00000111897,SERINC1,sQTL,Colon_Transverse,eCAVIAR,0.026975,False,False,False
chr17:45948522:C:A,rs242559/rs114919114,ENSG00000233175,CTD-2020K17.3,sQTL,Brain_Cerebellum,eCAVIAR,0.0269548,False,False,False
chr11:16989629:C:A,rs4141194,ENSG00000166788,SAAL1,eQTL,Brain_Cerebellar_Hemisphere,eCAVIAR,0.0269475,False,False,False
chr17:2298650:G:A,rs216197,ENSG00000132359,RAP1GAP2,eQTL,Nerve_Tibial,eCAVIAR,0.0269343,False,False,False
chr2:71424809:T:A,rs12613800,ENSG00000152672,CLEC4F,eQTL,Colon_Sigmoid,eCAVIAR,0.0269192,False,False,False
chr16:77627835:C:T,rs280875,ENSG00000261707,RP11-264M12.2,eQTL,Adrenal_Gland,eCAVIAR,0.0269079,False,False,False
chr10:93169359:C:T,rs10882167,ENSG00000228701,TNKS2-AS1,eQTL,Adipose_Subcutaneous,eCAVIAR,0.0269044,False,False,False
chr11:65569780:T:A,rs1346,ENSG00000255200,PGAM1P8,eQTL,Cells_Cultured_fibroblasts,eCAVIAR,0.0268605,False,False,False
chr1:68371486:C:A,rs4076000,ENSG00000235200,LINC01702,eQTL,Liver,eCAVIAR,0.026837,False,False,False
chr12:106825530:G:A,rs1037013,ENSG00000136026,CKAP4,eQTL,Retina,eCAVIAR,0.0268152,False,False,False
chr15:73928957:C:T,rs1550437,ENSG00000103855,CD276,sQTL,Cells_Cultured_fibroblasts,eCAVIAR,0.0268013,False,False,False
chr1:171636338:G:A,rs74315329,ENSG00000135845,PIGC,sQTL,Brain_Cortex,eCAVIAR,0.0267765,False,False,False
chr1:8435530:G:A,rs172531,ENSG00000074800,ENO1,sQTL,Muscle_Skeletal,eCAVIAR,0.0267134,False,False,False
chr13:110125592:G:C,rs2218471,ENSG00000274331,RP11-403A3.1,eQTL,Artery_Aorta,eCAVIAR,0.026698,False,False,False
chr15:91788477:G:A,rs8038628,ENSG00000166965,RCCD1,eQTL,Testis,eCAVIAR,0.026686,False,False,False
chr14:74618126:G:A,rs754458,ENSG00000184227,ACOT1,eQTL,Brain_Cerebellum,eCAVIAR,0.0266549,False,False,False
chr14:74618126:G:A,rs754458,ENSG00000119725,ZNF410,sQTL,Minor_Salivary_Gland,eCAVIAR,0.0266133,False,False,False
chr11:65569780:T:A,rs1346,ENSG00000110025,SNX15,eQTL,Esophagus_Muscularis,eCAVIAR,0.0265882,False,False,False
chr14:74618126:G:A,rs754458,ENSG00000258586,RP5-1021I20.2,eQTL,Brain_Substantia_nigra,eCAVIAR,0.0265394,False,False,False
chr11:65569780:T:A,rs1346,ENSG00000014216,CAPN1,eQTL,Colon_Transverse,eCAVIAR,0.0265307,False,False,False
chr13:110125592:G:C,rs2218471,ENSG00000277767,RP11-365P13.5,eQTL,Adrenal_Gland,eCAVIAR,0.0265165,False,False,False
chr15:91788477:G:A,rs8038628,ENSG00000176463,SLCO3A1,sQTL,Skin_Not_Sun_Exposed_Suprapubic,eCAVIAR,0.026516,False,False,False
chr15:91788477:G:A,rs8038628,ENSG00000176463,SLCO3A1,sQTL,Skin_Not_Sun_Exposed_Suprapubic,eCAVIAR,0.026516,False,False,False
chr7:103984366:G:A,rs12667675,ENSG00000233297,RASA4DP,eQTL,Adipose_Subcutaneous,eCAVIAR,0.0265023,False,False,False
chr15:91788477:G:A,rs8038628,ENSG00000166965,RCCD1,eQTL,Esophagus_Muscularis,eCAVIAR,0.0264742,False,False,False
chr13:73065233:G:A,rs9530143,ENSG00000136122,BORA,eQTL,Artery_Tibial,eCAVIAR,0.0264237,False,False,False
chr7:151808612:C:T,rs62478245,ENSG00000187260,WDR86,eQTL,Esophagus_Mucosa,eCAVIAR,0.0263917,False,False,False
chr3:186411027:G:A,rs56233426,ENSG00000113905,HRG,eQTL,Skin_Sun_Exposed_Lower_leg,eCAVIAR,0.026356,False,False,False
chr15:91788477:G:A,rs8038628,ENSG00000140553,UNC45A,eQTL,Colon_Sigmoid,eCAVIAR,0.0262855,False,False,False
chr12:111494996:C:T,rs7137828,ENSG00000173064,HECTD4,eQTL,Adipose_Visceral_Omentum,eCAVIAR,0.0262558,False,False,False
chr14:75905315:G:C,rs4903352,ENSG00000119686,FLVCR2,eQTL,Esophagus_Muscularis,eCAVIAR,0.0262545,False,False,False
chr11:120327384:G:A,rs1893261,ENSG00000176984,AP000679.2,eQTL,Nerve_Tibial,eCAVIAR,0.0262205,False,False,False
chr10:93169359:C:T,rs10882167,ENSG00000228701,TNKS2-AS1,eQTL,Thyroid,eCAVIAR,0.0262065,False,False,False
chr7:151808612:C:T,rs62478245,ENSG00000133627,ACTR3B,sQTL,Breast_Mammary_Tissue,eCAVIAR,0.0261962,False,False,False
chr1:8435530:G:A,rs172531,ENSG00000162426,SLC45A1,eQTL,Thyroid,eCAVIAR,0.026175,False,False,False
chr17:47617876:AT:A,rs1348518145,ENSG00000141295,SCRN2,sQTL,Heart_Left_Ventricle,eCAVIAR,0.0261198,False,False,False
chr15:91788477:G:A,rs8038628,ENSG00000184056,VPS33B,sQTL,Lung,eCAVIAR,0.0261123,False,False,False
chr15:91788477:G:A,rs8038628,ENSG00000184056,VPS33B,sQTL,Lung,eCAVIAR,0.0261123,False,False,False
chr2:71424809:T:A,rs12613800,ENSG00000144036,EXOC6B,sQTL,Thyroid,eCAVIAR,0.0261102,False,False,False
chr17:45948522:C:A,rs242559/rs114919114,ENSG00000262372,RP11-669E14.6,eQTL,Esophagus_Muscularis,eCAVIAR,0.026031,False,False,False
chr9:133255801:C:T,rs8176749,ENSG00000148288,GBGT1,eQTL,Cells_Cultured_fibroblasts,eCAVIAR,0.0259812,False,False,False
chr6:29839124:G:C,rs407238/rs115586772,ENSG00000137312,FLOT1,sQTL,Skin_Not_Sun_Exposed_Suprapubic,eCAVIAR,0.0259548,False,False,False
chr17:47617876:AT:A,rs1348518145,ENSG00000262879,RP11-156P1.3,eQTL,Whole_Blood,eCAVIAR,0.0259532,False,False,False
chr7:103984366:G:A,rs12667675,ENSG00000105808,RASA4,eQTL,Pancreas,eCAVIAR,0.0259448,False,False,False
chr17:45948522:C:A,rs242559/rs114919114,ENSG00000225190,PLEKHM1,eQTL,Thyroid,eCAVIAR,0.0259335,False,False,False
chr17:45948522:C:A,rs242559/rs114919114,ENSG00000185294,SPPL2C,eQTL,Brain_Cortex,eCAVIAR,0.0259157,False,False,False
chr10:10798886:C:A,rs6602453,ENSG00000048740,CELF2,eQTL,Cells_Cultured_fibroblasts,eCAVIAR,0.0258852,False,False,False
chr2:71424809:T:A,rs12613800,ENSG00000124370,MCEE,eQTL,Colon_Sigmoid,eCAVIAR,0.0258562,False,False,False
chr7:103984366:G:A,rs12667675,ENSG00000105808,RASA4,eQTL,Adipose_Visceral_Omentum,eCAVIAR,0.0258249,False,False,False
chr14:74618126:G:A,rs754458,ENSG00000258559,AC005519.4,eQTL,Esophagus_Mucosa,eCAVIAR,0.0258167,False,False,False
chr9:110549951:G:C,rs61751937,ENSG00000136810,TXN,eQTL,Adipose_Subcutaneous,eCAVIAR,0.0258,False,False,False
chr20:39445575:C:T,rs6101546,ENSG00000124143,ARHGAP40,eQTL,Stomach,eCAVIAR,0.0257937,False,False,False
chr6:36602589:C:T,rs7344,ENSG00000010030,ETV7,eQTL,Colon_Transverse,eCAVIAR,0.0257854,False,False,False
chr6:36602589:C:T,rs7344,ENSG00000010030,ETV7,eQTL,Colon_Transverse,eCAVIAR,0.0257854,False,False,False
chr7:134835770:C:A,rs10237321,ENSG00000155530,LRGUK,eQTL,Small_Intestine_Terminal_Ileum,eCAVIAR,0.0257681,False,False,False
chr1:219041795:G:A,rs6667536,ENSG00000228063,LYPLAL1-AS1,eQTL,Brain_Caudate_basal_ganglia,eCAVIAR,0.0257544,False,False,False
chr17:45948522:C:A,rs242559/rs114919114,ENSG00000185829,ARL17A,sQTL,Minor_Salivary_Gland,eCAVIAR,0.0257309,False,False,False
chr17:61161860:G:A,rs11868441,ENSG00000187013,C17orf82,eQTL,Artery_Aorta,eCAVIAR,0.0257276,False,False,False
chr9:133255801:C:T,rs8176749,ENSG00000148300,REXO4,sQTL,Skin_Sun_Exposed_Lower_leg,eCAVIAR,0.02571,False,False,False
chr1:36147354:C:A,rs4652902,ENSG00000197056,ZMYM1,eQTL,Artery_Tibial,eCAVIAR,0.0256657,False,False,False
chr1:8435530:G:A,rs172531,ENSG00000162426,SLC45A1,eQTL,Skin_Not_Sun_Exposed_Suprapubic,eCAVIAR,0.0256393,False,False,False
chr17:45948522:C:A,rs242559/rs114919114,ENSG00000159314,ARHGAP27,eQTL,Brain_Putamen_basal_ganglia,eCAVIAR,0.0256233,False,False,False
chr11:65569780:T:A,rs1346,ENSG00000175229,GAL3ST3,eQTL,Heart_Left_Ventricle,eCAVIAR,0.0256171,False,False,False
chr17:47617876:AT:A,rs1348518145,ENSG00000141295,SCRN2,sQTL,Nerve_Tibial,eCAVIAR,0.0256161,False,False,False
chr7:103984366:G:A,rs12667675,ENSG00000267368,UPK3BL,eQTL,Esophagus_Gastroesophageal_Junction,eCAVIAR,0.0255888,False,False,False
chr7:103984366:G:A,rs12667675,ENSG00000267368,UPK3BL,eQTL,Esophagus_Gastroesophageal_Junction,eCAVIAR,0.0255827,False,False,False
chr16:77627835:C:T,rs280875,ENSG00000140876,NUDT7,sQTL,Testis,eCAVIAR,0.025582,False,False,False
chr9:22051671:G:C,rs944801,ENSG00000147883,CDKN2B,eQTL,Cells_Cultured_fibroblasts,eCAVIAR,0.0254975,False,False,False
chr1:171636338:G:A,rs74315329,ENSG00000135845,PIGC,eQTL,Adipose_Visceral_Omentum,eCAVIAR,0.0254673,False,False,False
chr15:91788477:G:A,rs8038628,ENSG00000140553,UNC45A,eQTL,Esophagus_Mucosa,eCAVIAR,0.0254445,False,False,False
chr7:35921527:C:T,rs6957752,ENSG00000226102,SEPT7P3,eQTL,Adipose_Visceral_Omentum,eCAVIAR,0.025444,False,False,False
chr17:45948522:C:A,rs242559/rs114919114,ENSG00000225190,PLEKHM1,eQTL,Nerve_Tibial,eCAVIAR,0.025443,False,False,False
chr7:103984366:G:A,rs12667675,ENSG00000135250,SRPK2,eQTL,Esophagus_Muscularis,eCAVIAR,0.025435,False,False,False
chr4:88831125:G:A,rs57400569,ENSG00000138642,HERC6,eQTL,Cells_Cultured_fibroblasts,eCAVIAR,0.0254276,False,False,False
chr17:45948522:C:A,rs242559/rs114919114,ENSG00000073969,NSF,eQTL,Esophagus_Gastroesophageal_Junction,eCAVIAR,0.0254234,False,False,False
chr2:71424809:T:A,rs12613800,ENSG00000272735,RP11-467P9.1,eQTL,Esophagus_Gastroesophageal_Junction,eCAVIAR,0.0254158,False,False,False
chr17:45948522:C:A,rs242559/rs114919114,ENSG00000073969,NSF,sQTL,Skin_Sun_Exposed_Lower_leg,eCAVIAR,0.0253612,False,False,False
chr6:29839124:G:C,rs407238/rs115586772,ENSG00000228022,HCG20,eQTL,Colon_Transverse,eCAVIAR,0.0253167,False,False,False
chr9:22051671:G:C,rs944801,ENSG00000184995,IFNE,eQTL,Brain_Cerebellum,eCAVIAR,0.0253142,False,False,False
chr12:111494996:C:T,rs7137828,ENSG00000139433,GLTP,eQTL,Brain_Nucleus_accumbens_basal_ganglia,eCAVIAR,0.02531,False,False,False
chr15:91788477:G:A,rs8038628,ENSG00000258676,RP11-386M24.3,eQTL,Lung,eCAVIAR,0.025308,False,False,False
chr2:45651621:G:T,rs687914,ENSG00000171132,PRKCE,sQTL,Breast_Mammary_Tissue,eCAVIAR,0.0252928,False,False,False
chr22:28712241:G:A,rs5752776,ENSG00000183765,CHEK2,eQTL,Cells_Cultured_fibroblasts,eCAVIAR,0.0252646,False,False,False
chr1:8435530:G:A,rs172531,ENSG00000142599,RERE,sQTL,Artery_Aorta,eCAVIAR,0.0252157,False,False,False
chr15:57261634:T:A,rs2431023,ENSG00000181827,RFX7,eQTL,Esophagus_Gastroesophageal_Junction,eCAVIAR,0.0250616,False,False,False
chr15:91788477:G:A,rs8038628,ENSG00000176463,SLCO3A1,eQTL,Adipose_Subcutaneous,eCAVIAR,0.0250214,False,False,False
chrX:13936278:C:T,rs66819623,ENSG00000002586,CD99,eQTL,Thyroid,eCAVIAR,0.0249971,False,False,False
chrX:3411552:C:T,rs12846405,ENSG00000002586,CD99,eQTL,Thyroid,eCAVIAR,0.0249971,False,False,False
chrX:44081581:C:T,rs17146835,ENSG00000002586,CD99,eQTL,Thyroid,eCAVIAR,0.0249971,False,False,False
chr14:74618126:G:A,rs754458,ENSG00000259687,LINC01220,eQTL,Esophagus_Mucosa,eCAVIAR,0.0249917,False,False,False
chr15:91788477:G:A,rs8038628,ENSG00000260337,RP11-386M24.6,eQTL,Brain_Substantia_nigra,eCAVIAR,0.0249835,False,False,False
chr6:36602589:C:T,rs7344,ENSG00000112079,STK38,sQTL,Cells_Cultured_fibroblasts,eCAVIAR,0.0249822,False,False,False
chr15:91788477:G:A,rs8038628,ENSG00000258676,RP11-386M24.3,eQTL,Brain_Frontal_Cortex_BA9,eCAVIAR,0.0249794,False,False,False
chr1:8435530:G:A,rs172531,ENSG00000142599,RERE,eQTL,Thyroid,eCAVIAR,0.0249767,False,False,False
chr10:93169359:C:T,rs10882167,ENSG00000228701,TNKS2-AS1,eQTL,Artery_Tibial,eCAVIAR,0.0249703,False,False,False
chr10:93169359:C:T,rs10882167,ENSG00000228701,TNKS2-AS1,eQTL,Artery_Tibial,eCAVIAR,0.0249703,False,False,False
chr2:55705879:C:T,rs2627761,ENSG00000115306,SPTBN1,eQTL,Colon_Transverse,eCAVIAR,0.0249524,False,False,False
chr21:25844528:T:A,rs13049669,ENSG00000154723,ATP5J,sQTL,Prostate,eCAVIAR,0.0249433,False,False,False
chr1:100629646:G:A,rs12566440,ENSG00000079335,CDC14A,eQTL,Thyroid,eCAVIAR,0.0249345,False,False,False
chr11:16989629:C:A,rs4141194,ENSG00000129158,SERGEF,sQTL,Cells_Cultured_fibroblasts,eCAVIAR,0.0249306,False,False,False
chr1:68371486:C:A,rs4076000,ENSG00000162595,DIRAS3,eQTL,Artery_Tibial,eCAVIAR,0.0249046,False,False,False
chr14:75905315:G:C,rs4903352,ENSG00000119699,TGFB3,eQTL,Brain_Cerebellar_Hemisphere,eCAVIAR,0.0249036,False,False,False
chr7:35921527:C:T,rs6957752,ENSG00000228878,SEPT7-AS1,eQTL,Skin_Not_Sun_Exposed_Suprapubic,eCAVIAR,0.0249025,False,False,False
chr11:16989629:C:A,rs4141194,ENSG00000151116,UEVLD,eQTL,Cells_Cultured_fibroblasts,eCAVIAR,0.0248362,False,False,False
chr14:74618126:G:A,rs754458,ENSG00000258695,RP3-414A15.2,eQTL,Artery_Tibial,eCAVIAR,0.0247988,False,False,False
chr1:112699500:G:T,rs1106287,ENSG00000081026,MAGI3,eQTL,Artery_Tibial,eCAVIAR,0.0247966,False,False,False
chr12:111494996:C:T,rs7137828,ENSG00000173064,HECTD4,eQTL,Breast_Mammary_Tissue,eCAVIAR,0.0247942,False,False,False
chrX:3411552:C:T,rs12846405,ENSG00000002586,CD99,eQTL,Brain_Cerebellar_Hemisphere,eCAVIAR,0.0247932,False,False,False
chrX:44081581:C:T,rs17146835,ENSG00000002586,CD99,eQTL,Brain_Cerebellar_Hemisphere,eCAVIAR,0.0247932,False,False,False
chrX:13936278:C:T,rs66819623,ENSG00000002586,CD99,eQTL,Brain_Cerebellar_Hemisphere,eCAVIAR,0.0247914,False,False,False
chr7:151808612:C:T,rs62478245,ENSG00000033050,ABCF2,eQTL,Pituitary,eCAVIAR,0.0247783,False,False,False
chr12:111494996:C:T,rs7137828,ENSG00000139433,GLTP,eQTL,Brain_Nucleus_accumbens_basal_ganglia,eCAVIAR,0.0247692,False,False,False
chr11:16989629:C:A,rs4141194,ENSG00000272034,SNORD14A,eQTL,Thyroid,eCAVIAR,0.0247152,False,False,False
chr15:91788477:G:A,rs8038628,ENSG00000184508,HDDC3,eQTL,Skin_Not_Sun_Exposed_Suprapubic,eCAVIAR,0.0247076,False,False,False
chr17:45948522:C:A,rs242559/rs114919114,ENSG00000120071,KANSL1,eQTL,Brain_Anterior_cingulate_cortex_BA24,eCAVIAR,0.0246814,False,False,False
chr4:88831125:G:A,rs57400569,ENSG00000138722,MMRN1,eQTL,Skin_Not_Sun_Exposed_Suprapubic,eCAVIAR,0.0246603,False,False,False
chr1:171636338:G:A,rs74315329,ENSG00000010932,FMO1,eQTL,Adipose_Visceral_Omentum,eCAVIAR,0.0246411,False,False,False
chr6:122324153:C:A,rs7760346,ENSG00000111897,SERINC1,sQTL,Colon_Transverse,eCAVIAR,0.0246245,False,False,False
chr1:112699500:G:T,rs1106287,ENSG00000155363,MOV10,eQTL,Skin_Not_Sun_Exposed_Suprapubic,eCAVIAR,0.0245677,False,False,False
chr1:8435530:G:A,rs172531,ENSG00000236269,ENO1-IT1,eQTL,Cells_Cultured_fibroblasts,eCAVIAR,0.0245618,False,False,False
chr2:66310212:G:T,rs4414666,ENSG00000143971,ETAA1,eQTL,Skin_Sun_Exposed_Lower_leg,eCAVIAR,0.0245554,False,False,False
chr10:93169359:C:T,rs10882167,ENSG00000228701,TNKS2-AS1,eQTL,Adipose_Visceral_Omentum,eCAVIAR,0.0245487,False,False,False
chr10:93169359:C:T,rs10882167,ENSG00000228701,TNKS2-AS1,eQTL,Artery_Tibial,eCAVIAR,0.0245343,False,False,False
chr17:45948522:C:A,rs242559/rs114919114,ENSG00000073969,NSF,eQTL,Thyroid,eCAVIAR,0.024519,False,False,False
chr6:29839124:G:C,rs407238/rs115586772,ENSG00000204538,PSORS1C2,eQTL,Uterus,eCAVIAR,0.0245085,False,False,False
chr1:8435530:G:A,rs172531,ENSG00000074800,ENO1,eQTL,Skin_Sun_Exposed_Lower_leg,eCAVIAR,0.0245042,False,False,False
chr1:8435530:G:A,rs172531,ENSG00000232208,RP3-477M7.5,eQTL,Whole_Blood,eCAVIAR,0.0244612,False,False,False
chr12:111494996:C:T,rs7137828,ENSG00000204842,ATXN2,eQTL,Cells_Cultured_fibroblasts,eCAVIAR,0.0243758,False,False,False
chr4:7902636:G:A,rs938604,ENSG00000087008,ACOX3,eQTL,Whole_Blood,eCAVIAR,0.0243698,False,False,False
chr20:6489447:G:A,rs2326788,ENSG00000125845,BMP2,eQTL,Cells_Cultured_fibroblasts,eCAVIAR,0.0243294,False,False,False
chr1:8435530:G:A,rs172531,ENSG00000142599,RERE,sQTL,Artery_Aorta,eCAVIAR,0.024314,False,False,False
chr15:73928957:C:T,rs1550437,ENSG00000140400,MAN2C1,eQTL,Brain_Cerebellum,eCAVIAR,0.0243113,False,False,False
chr15:91788477:G:A,rs8038628,ENSG00000182511,FES,sQTL,Spleen,eCAVIAR,0.0243045,False,False,False
chr17:45948522:C:A,rs242559/rs114919114,ENSG00000238083,LRRC37A2,sQTL,Adipose_Subcutaneous,eCAVIAR,0.0242936,False,False,False
chr17:47617876:AT:A,rs1348518145,ENSG00000141295,SCRN2,sQTL,Heart_Left_Ventricle,eCAVIAR,0.0242657,False,False,False
chr13:110125592:G:C,rs2218471,ENSG00000275216,RP11-54H7.4,eQTL,Cells_Cultured_fibroblasts,eCAVIAR,0.0242434,False,False,False
chrX:13936278:C:T,rs66819623,ENSG00000214717,ZBED1,eQTL,Whole_Blood,eCAVIAR,0.0241583,False,False,False
chrX:3411552:C:T,rs12846405,ENSG00000214717,ZBED1,eQTL,Whole_Blood,eCAVIAR,0.0241583,False,False,False
chrX:44081581:C:T,rs17146835,ENSG00000214717,ZBED1,eQTL,Whole_Blood,eCAVIAR,0.0241583,False,False,False
chr11:16989629:C:A,rs4141194,ENSG00000166788,SAAL1,eQTL,Thyroid,eCAVIAR,0.0241408,False,False,False
chr1:162709355:G:A,rs4542196,ENSG00000162755,KLHDC9,eQTL,Adipose_Subcutaneous,eCAVIAR,0.0241385,False,False,False
chr1:112699500:G:T,rs1106287,ENSG00000134262,AP4B1,sQTL,Muscle_Skeletal,eCAVIAR,0.0241293,False,False,False
chr7:151808612:C:T,rs62478245,ENSG00000033100,CHPF2,sQTL,Colon_Sigmoid,eCAVIAR,0.0240936,False,False,False
chr1:171636338:G:A,rs74315329,ENSG00000010932,FMO1,eQTL,Lung,eCAVIAR,0.0240744,False,False,False
chr1:68371486:C:A,rs4076000,ENSG00000024526,DEPDC1,eQTL,Cells_Cultured_fibroblasts,eCAVIAR,0.0240649,False,False,False
chr14:74618126:G:A,rs754458,ENSG00000119673,ACOT2,eQTL,Cells_Cultured_fibroblasts,eCAVIAR,0.02402,False,False,False
chr1:8435530:G:A,rs172531,ENSG00000232912,RP5-1115A15.1,eQTL,Skin_Sun_Exposed_Lower_leg,eCAVIAR,0.0239957,False,False,False
chr11:16989629:C:A,rs4141194,ENSG00000006071,ABCC8,eQTL,Esophagus_Muscularis,eCAVIAR,0.0239907,False,False,False
chr17:61161860:G:A,rs11868441,ENSG00000136492,BRIP1,eQTL,Brain_Cortex,eCAVIAR,0.0239613,False,False,False
chr17:61161860:G:A,rs11868441,ENSG00000136492,BRIP1,eQTL,Brain_Cortex,eCAVIAR,0.0239556,False,False,False
chr1:68371486:C:A,rs4076000,ENSG00000172380,GNG12,eQTL,Breast_Mammary_Tissue,eCAVIAR,0.0239455,False,False,False
chr1:68371486:C:A,rs4076000,ENSG00000172380,GNG12,eQTL,Breast_Mammary_Tissue,eCAVIAR,0.0239455,False,False,False
chr14:74618126:G:A,rs754458,ENSG00000119673,ACOT2,eQTL,Thyroid,eCAVIAR,0.0239443,False,False,False
chr9:110549951:G:C,rs61751937,ENSG00000173258,ZNF483,eQTL,Heart_Left_Ventricle,eCAVIAR,0.0238913,False,False,False
chr22:37780972:G:T,rs5750494,ENSG00000273214,RP5-1039K5.18,eQTL,Nerve_Tibial,eCAVIAR,0.0238813,False,False,False
chr22:37780972:G:T,rs5750494,ENSG00000198792,TMEM184B,eQTL,Adipose_Subcutaneous,eCAVIAR,0.0238749,False,False,False
chr1:68371486:C:A,rs4076000,ENSG00000172380,GNG12,eQTL,Heart_Left_Ventricle,eCAVIAR,0.0238376,False,False,False
chr1:112699500:G:T,rs1106287,ENSG00000155367,PPM1J,eQTL,Skin_Sun_Exposed_Lower_leg,eCAVIAR,0.0238214,False,False,False
chr14:74618126:G:A,rs754458,ENSG00000156030,ELMSAN1,eQTL,Brain_Cerebellar_Hemisphere,eCAVIAR,0.0238121,False,False,False
chr10:10798886:C:A,rs6602453,ENSG00000228997,RP1-186E20.1,eQTL,Lung,eCAVIAR,0.0238002,False,False,False
chr7:151808612:C:T,rs62478245,ENSG00000239911,PRKAG2-AS1,sQTL,Brain_Frontal_Cortex_BA9,eCAVIAR,0.0237598,False,False,False
chr13:22099731:G:A,rs4769194,ENSG00000224429,LINC00539,eQTL,Thyroid,eCAVIAR,0.0237516,False,False,False
chr17:45948522:C:A,rs242559/rs114919114,ENSG00000136448,NMT1,eQTL,Colon_Transverse,eCAVIAR,0.0237491,False,False,False
chr1:37611020:C:T,rs10908363,ENSG00000183520,UTP11,eQTL,Adipose_Visceral_Omentum,eCAVIAR,0.0237406,False,False,False
chr9:110549951:G:C,rs61751937,ENSG00000188959,C9orf152,eQTL,Thyroid,eCAVIAR,0.0237297,False,False,False
chr17:45948522:C:A,rs242559/rs114919114,ENSG00000266918,RP11-798G7.8,eQTL,Small_Intestine_Terminal_Ileum,eCAVIAR,0.0237103,False,False,False
chr9:110549951:G:C,rs61751937,ENSG00000106853,PTGR1,eQTL,Minor_Salivary_Gland,eCAVIAR,0.0236686,False,False,False
chr4:53161428:G:A,rs10517281,ENSG00000184178,SCFD2,eQTL,Esophagus_Muscularis,eCAVIAR,0.023644,False,False,False
chr17:45948522:C:A,rs242559/rs114919114,ENSG00000279685,MAPT-IT1,eQTL,Brain_Caudate_basal_ganglia,eCAVIAR,0.023627,False,False,False
chr1:171636338:G:A,rs74315329,ENSG00000271811,RP1-79C4.4,eQTL,Brain_Cortex,eCAVIAR,0.0236187,False,False,False
chr17:45948522:C:A,rs242559/rs114919114,ENSG00000073969,NSF,eQTL,Pancreas,eCAVIAR,0.0236183,False,False,False
chr2:69184385:C:A,rs6732795,ENSG00000087338,GMCL1,sQTL,Skin_Sun_Exposed_Lower_leg,eCAVIAR,0.0236086,False,False,False
chr9:110549951:G:C,rs61751937,ENSG00000198121,LPAR1,eQTL,Whole_Blood,eCAVIAR,0.0236034,False,False,False
chr11:102194103:C:A,rs7120067,ENSG00000137693,YAP1,eQTL,Testis,eCAVIAR,0.0235952,False,False,False
chr17:45948522:C:A,rs242559/rs114919114,ENSG00000263142,LRRC37A17P,eQTL,Thyroid,eCAVIAR,0.0235761,False,False,False
chr2:71424809:T:A,rs12613800,ENSG00000152672,CLEC4F,eQTL,Colon_Sigmoid,eCAVIAR,0.0235747,False,False,False
chr2:45651621:G:T,rs687914,ENSG00000171132,PRKCE,sQTL,Whole_Blood,eCAVIAR,0.0235445,False,False,False
chr6:36602589:C:T,rs7344,ENSG00000112079,STK38,sQTL,Cells_Cultured_fibroblasts,eCAVIAR,0.0235328,False,False,False
chr10:93169359:C:T,rs10882167,ENSG00000228701,TNKS2-AS1,eQTL,Breast_Mammary_Tissue,eCAVIAR,0.0235297,False,False,False
chr10:93169359:C:T,rs10882167,ENSG00000228701,TNKS2-AS1,eQTL,Breast_Mammary_Tissue,eCAVIAR,0.0235297,False,False,False
chr1:112699500:G:T,rs1106287,ENSG00000134245,WNT2B,eQTL,Artery_Tibial,eCAVIAR,0.0235279,False,False,False
chr10:93169359:C:T,rs10882167,ENSG00000228701,TNKS2-AS1,eQTL,Pituitary,eCAVIAR,0.0235043,False,False,False
chr10:93169359:C:T,rs10882167,ENSG00000228701,TNKS2-AS1,eQTL,Pituitary,eCAVIAR,0.0235043,False,False,False
chr15:91788477:G:A,rs8038628,ENSG00000166965,RCCD1,eQTL,Adipose_Subcutaneous,eCAVIAR,0.0235001,False,False,False
chr10:94263320:C:T,rs57866767,ENSG00000173145,NOC3L,sQTL,Breast_Mammary_Tissue,eCAVIAR,0.0234547,False,False,False
chr1:68371486:C:A,rs4076000,ENSG00000142864,SERBP1,eQTL,Muscle_Skeletal,eCAVIAR,0.023435,False,False,False
chr1:112699500:G:T,rs1106287,ENSG00000273483,RP4-671G15.2,eQTL,Muscle_Skeletal,eCAVIAR,0.023434,False,False,False
chr17:45948522:C:A,rs242559/rs114919114,ENSG00000262372,RP11-669E14.6,eQTL,Esophagus_Muscularis,eCAVIAR,0.0234335,False,False,False
chr15:91788477:G:A,rs8038628,ENSG00000258676,RP11-386M24.3,eQTL,Artery_Aorta,eCAVIAR,0.0233936,False,False,False
chr14:74618126:G:A,rs754458,ENSG00000184227,ACOT1,eQTL,Brain_Cerebellum,eCAVIAR,0.0233823,False,False,False
chr6:29839124:G:C,rs407238/rs115586772,ENSG00000228022,HCG20,eQTL,Colon_Transverse,eCAVIAR,0.0233786,False,False,False
chr11:16989629:C:A,rs4141194,ENSG00000272034,SNORD14A,eQTL,Thyroid,eCAVIAR,0.0233701,False,False,False
chr11:16989629:C:A,rs4141194,ENSG00000272034,SNORD14A,eQTL,Thyroid,eCAVIAR,0.0233701,False,False,False
chr11:16989629:C:A,rs4141194,ENSG00000272034,SNORD14A,eQTL,Thyroid,eCAVIAR,0.0233701,False,False,False
chr7:151808612:C:T,rs62478245,ENSG00000033100,CHPF2,eQTL,Brain_Putamen_basal_ganglia,eCAVIAR,0.0233627,False,False,False
chr15:91788477:G:A,rs8038628,ENSG00000166965,RCCD1,eQTL,Testis,eCAVIAR,0.0233543,False,False,False
chr12:111494996:C:T,rs7137828,ENSG00000234608,MAPKAPK5-AS1,sQTL,Colon_Transverse,eCAVIAR,0.0233385,False,False,False
chr10:94263320:C:T,rs57866767,ENSG00000173145,NOC3L,sQTL,Breast_Mammary_Tissue,eCAVIAR,0.0233115,False,False,False
chr1:8435530:G:A,rs172531,ENSG00000142599,RERE,sQTL,Esophagus_Mucosa,eCAVIAR,0.0232778,False,False,False
chr13:110125592:G:C,rs2218471,ENSG00000102606,ARHGEF7,eQTL,Artery_Tibial,eCAVIAR,0.0232748,False,False,False
chr7:134835770:C:A,rs10237321,ENSG00000155530,LRGUK,eQTL,Artery_Tibial,eCAVIAR,0.023255,False,False,False
chr10:10798886:C:A,rs6602453,ENSG00000225383,SFTA1P,eQTL,Adipose_Visceral_Omentum,eCAVIAR,0.0232151,False,False,False
chr17:45948522:C:A,rs242559/rs114919114,ENSG00000185829,ARL17A,sQTL,Brain_Nucleus_accumbens_basal_ganglia,eCAVIAR,0.023212,False,False,False
chr9:133255801:C:T,rs8176749,ENSG00000148296,SURF6,eQTL,Brain_Substantia_nigra,eCAVIAR,0.0231979,False,False,False
chr7:35921527:C:T,rs6957752,ENSG00000227544,AC018647.3,eQTL,Cells_EBV-transformed_lymphocytes,eCAVIAR,0.0231867,False,False,False
chr15:66733065:C:T,rs2439386,ENSG00000137834,SMAD6,eQTL,Cells_Cultured_fibroblasts,eCAVIAR,0.0231743,False,False,False
chr15:91788477:G:A,rs8038628,ENSG00000184056,VPS33B,eQTL,Muscle_Skeletal,eCAVIAR,0.0231698,False,False,False
chr12:111494996:C:T,rs7137828,ENSG00000139433,GLTP,eQTL,Brain_Nucleus_accumbens_basal_ganglia,eCAVIAR,0.0231616,False,False,False
chr12:111494996:C:T,rs7137828,ENSG00000111300,NAA25,eQTL,Skin_Sun_Exposed_Lower_leg,eCAVIAR,0.0231314,False,False,False
chr17:45948522:C:A,rs242559/rs114919114,ENSG00000186868,MAPT,eQTL,Brain_Caudate_basal_ganglia,eCAVIAR,0.0231309,False,False,False
chr6:36602589:C:T,rs7344,ENSG00000179165,PXT1,eQTL,Brain_Cerebellar_Hemisphere,eCAVIAR,0.0231212,False,False,False
chr6:36602589:C:T,rs7344,ENSG00000179165,PXT1,eQTL,Brain_Cerebellar_Hemisphere,eCAVIAR,0.0231212,False,False,False
chr1:68371486:C:A,rs4076000,ENSG00000172380,GNG12,eQTL,Pancreas,eCAVIAR,0.0230902,False,False,False
chr12:111494996:C:T,rs7137828,ENSG00000111199,TRPV4,eQTL,Artery_Aorta,eCAVIAR,0.0230759,False,False,False
chrX:13936278:C:T,rs66819623,ENSG00000223773,CD99P1,eQTL,Nerve_Tibial,eCAVIAR,0.0230378,False,False,False
chrX:3411552:C:T,rs12846405,ENSG00000223773,CD99P1,eQTL,Nerve_Tibial,eCAVIAR,0.0230378,False,False,False
chrX:44081581:C:T,rs17146835,ENSG00000223773,CD99P1,eQTL,Nerve_Tibial,eCAVIAR,0.0230378,False,False,False
chr11:120327384:G:A,rs1893261,ENSG00000181264,TMEM136,eQTL,Brain_Hippocampus,eCAVIAR,0.0230293,False,False,False
chr9:110549951:G:C,rs61751937,ENSG00000204173,LRRC37A5P,eQTL,Esophagus_Gastroesophageal_Junction,eCAVIAR,0.0230255,False,False,False
chr7:35921527:C:T,rs6957752,ENSG00000122547,EEPD1,eQTL,Cells_Cultured_fibroblasts,eCAVIAR,0.0230071,False,False,False
chr9:133255801:C:T,rs8176749,ENSG00000160323,ADAMTS13,eQTL,Brain_Cerebellum,eCAVIAR,0.0229918,False,False,False
chr6:36602589:C:T,rs7344,ENSG00000010030,ETV7,eQTL,Prostate,eCAVIAR,0.0229174,False,False,False
chr6:36602589:C:T,rs7344,ENSG00000010030,ETV7,eQTL,Prostate,eCAVIAR,0.0229174,False,False,False
chr12:111494996:C:T,rs7137828,ENSG00000139433,GLTP,eQTL,Brain_Nucleus_accumbens_basal_ganglia,eCAVIAR,0.0228953,False,False,False
chr15:91788477:G:A,rs8038628,ENSG00000224441,AC068831.3,sQTL,Skin_Sun_Exposed_Lower_leg,eCAVIAR,0.0228942,False,False,False
chr15:91788477:G:A,rs8038628,ENSG00000184508,HDDC3,sQTL,Skin_Sun_Exposed_Lower_leg,eCAVIAR,0.0228942,False,False,False
chr15:91788477:G:A,rs8038628,ENSG00000184056,VPS33B,eQTL,Brain_Putamen_basal_ganglia,eCAVIAR,0.022885,False,False,False
chr1:68371486:C:A,rs4076000,ENSG00000228431,ARL5AP3,eQTL,Heart_Left_Ventricle,eCAVIAR,0.0228834,False,False,False
chr1:171636338:G:A,rs74315329,ENSG00000117523,PRRC2C,eQTL,Adipose_Visceral_Omentum,eCAVIAR,0.0228776,False,False,False
chr11:16989629:C:A,rs4141194,ENSG00000129158,SERGEF,eQTL,Cells_Cultured_fibroblasts,eCAVIAR,0.0228757,False,False,False
chr10:93169359:C:T,rs10882167,ENSG00000107854,TNKS2,eQTL,Skin_Not_Sun_Exposed_Suprapubic,eCAVIAR,0.022865,False,False,False
chr10:93169359:C:T,rs10882167,ENSG00000107854,TNKS2,eQTL,Skin_Not_Sun_Exposed_Suprapubic,eCAVIAR,0.022865,False,False,False
chr6:36602589:C:T,rs7344,ENSG00000255587,RAB44,eQTL,Cells_Cultured_fibroblasts,eCAVIAR,0.0228414,False,False,False
chr17:47617876:AT:A,rs1348518145,ENSG00000259207,ITGB3,eQTL,Cells_Cultured_fibroblasts,eCAVIAR,0.0228298,False,False,False
chr20:6489447:G:A,rs2326788,ENSG00000125885,MCM8,eQTL,Prostate,eCAVIAR,0.0227799,False,False,False
chr17:45948522:C:A,rs242559/rs114919114,ENSG00000262372,RP11-669E14.6,eQTL,Muscle_Skeletal,eCAVIAR,0.0227497,False,False,False
chr11:47447887:G:A,rs7111873,ENSG00000109919,MTCH2,eQTL,Artery_Tibial,eCAVIAR,0.0227309,False,False,False
chr6:122324153:C:A,rs7760346,ENSG00000111897,SERINC1,sQTL,Brain_Cortex,eCAVIAR,0.0227077,False,False,False
chr14:60509819:C:A,rs33912345,ENSG00000181619,GPR135,eQTL,Brain_Caudate_basal_ganglia,eCAVIAR,0.0227054,False,False,False
chr15:91788477:G:A,rs8038628,ENSG00000140553,UNC45A,sQTL,Lung,eCAVIAR,0.0226752,False,False,False
chr12:111494996:C:T,rs7137828,ENSG00000198270,TMEM116,sQTL,Stomach,eCAVIAR,0.0226646,False,False,False
chr1:112699500:G:T,rs1106287,ENSG00000134262,AP4B1,eQTL,Muscle_Skeletal,eCAVIAR,0.0225834,False,False,False
chr7:35921527:C:T,rs6957752,ENSG00000011426,ANLN,eQTL,Skin_Sun_Exposed_Lower_leg,eCAVIAR,0.0225683,False,False,False
chr7:151808612:C:T,rs62478245,ENSG00000033100,CHPF2,sQTL,Thyroid,eCAVIAR,0.0225461,False,False,False
chr1:8435530:G:A,rs172531,ENSG00000074800,ENO1,eQTL,Skin_Not_Sun_Exposed_Suprapubic,eCAVIAR,0.0225322,False,False,False
chr9:110549951:G:C,rs61751937,ENSG00000106853,PTGR1,sQTL,Thyroid,eCAVIAR,0.0224927,False,False,False
chr9:110549951:G:C,rs61751937,ENSG00000106853,PTGR1,sQTL,Thyroid,eCAVIAR,0.0224927,False,False,False
chr22:19882624:C:T,rs8141610,ENSG00000184470,TXNRD2,eQTL,Brain_Caudate_basal_ganglia,eCAVIAR,0.0224764,False,False,False
chr12:111494996:C:T,rs7137828,ENSG00000111199,TRPV4,eQTL,Artery_Aorta,eCAVIAR,0.0224649,False,False,False
chr16:65033540:C:T,rs12447201,ENSG00000260187,RP11-439I14.1,eQTL,Thyroid,eCAVIAR,0.0224616,False,False,False
chr6:29839124:G:C,rs407238/rs115586772,ENSG00000204531,POU5F1,eQTL,Artery_Aorta,eCAVIAR,0.0224338,False,False,False
chr12:111494996:C:T,rs7137828,ENSG00000198270,TMEM116,eQTL,Stomach,eCAVIAR,0.0224327,False,False,False
chr12:111494996:C:T,rs7137828,ENSG00000198270,TMEM116,eQTL,Brain_Putamen_basal_ganglia,eCAVIAR,0.0224134,False,False,False
chr9:22051671:G:C,rs944801,ENSG00000188921,HACD4,sQTL,Artery_Aorta,eCAVIAR,0.0224124,False,False,False
chr14:74618126:G:A,rs754458,ENSG00000279594,RP11-950C14.10,eQTL,Brain_Spinal_cord_cervical_c-1,eCAVIAR,0.0224064,False,False,False
chr1:8435530:G:A,rs172531,ENSG00000162426,SLC45A1,eQTL,Skin_Not_Sun_Exposed_Suprapubic,eCAVIAR,0.0223989,False,False,False
chr15:91788477:G:A,rs8038628,ENSG00000184508,HDDC3,eQTL,Cells_Cultured_fibroblasts,eCAVIAR,0.0223728,False,False,False
chr2:45651621:G:T,rs687914,ENSG00000171132,PRKCE,sQTL,Whole_Blood,eCAVIAR,0.0223521,False,False,False
chr15:91788477:G:A,rs8038628,ENSG00000140553,UNC45A,eQTL,Heart_Atrial_Appendage,eCAVIAR,0.0223326,False,False,False
chr10:93169359:C:T,rs10882167,ENSG00000228701,TNKS2-AS1,eQTL,Esophagus_Muscularis,eCAVIAR,0.0223318,False,False,False
chr17:61161860:G:A,rs11868441,ENSG00000087995,METTL2A,eQTL,Adipose_Subcutaneous,eCAVIAR,0.0223312,False,False,False
chr1:68371486:C:A,rs4076000,ENSG00000162595,DIRAS3,eQTL,Artery_Tibial,eCAVIAR,0.0223212,False,False,False
chr2:71424809:T:A,rs12613800,ENSG00000272735,RP11-467P9.1,eQTL,Esophagus_Gastroesophageal_Junction,eCAVIAR,0.0223163,False,False,False
chr9:133255801:C:T,rs8176749,ENSG00000148296,SURF6,eQTL,Pituitary,eCAVIAR,0.0222707,False,False,False
chr2:45651621:G:T,rs687914,ENSG00000138083,SIX3,eQTL,Pancreas,eCAVIAR,0.0222239,False,False,False
chr17:45948522:C:A,rs242559/rs114919114,ENSG00000185829,ARL17A,sQTL,Artery_Coronary,eCAVIAR,0.0222154,False,False,False
chr15:91788477:G:A,rs8038628,ENSG00000258647,LINC00930,sQTL,Minor_Salivary_Gland,eCAVIAR,0.0221742,False,False,False
chr2:55705879:C:T,rs2627761,ENSG00000115306,SPTBN1,eQTL,Adipose_Subcutaneous,eCAVIAR,0.0221572,False,False,False
chr10:93169359:C:T,rs10882167,ENSG00000232709,MARK2P9,eQTL,Artery_Aorta,eCAVIAR,0.022147,False,False,False
chr15:73928957:C:T,rs1550437,ENSG00000178802,MPI,eQTL,Adrenal_Gland,eCAVIAR,0.022141,False,False,False
chr1:112699500:G:T,rs1106287,ENSG00000273483,RP4-671G15.2,eQTL,Artery_Aorta,eCAVIAR,0.0221399,False,False,False
chr7:134835770:C:A,rs10237321,ENSG00000122783,C7orf49,sQTL,Adipose_Visceral_Omentum,eCAVIAR,0.0221348,False,False,False
chr1:68371486:C:A,rs4076000,ENSG00000172380,GNG12,eQTL,Testis,eCAVIAR,0.0221253,False,False,False
chr17:47617876:AT:A,rs1348518145,ENSG00000178852,EFCAB13,eQTL,Heart_Left_Ventricle,eCAVIAR,0.0221151,False,False,False
chr17:45948522:C:A,rs242559/rs114919114,ENSG00000159314,ARHGAP27,eQTL,Artery_Aorta,eCAVIAR,0.022087,False,False,False
chr12:111494996:C:T,rs7137828,ENSG00000139433,GLTP,eQTL,Brain_Nucleus_accumbens_basal_ganglia,eCAVIAR,0.0220591,False,False,False
chr10:93169359:C:T,rs10882167,ENSG00000228701,TNKS2-AS1,eQTL,Breast_Mammary_Tissue,eCAVIAR,0.0220581,False,False,False
chr15:73928957:C:T,rs1550437,ENSG00000261801,LOXL1-AS1,eQTL,Muscle_Skeletal,eCAVIAR,0.0220567,False,False,False
chr15:73928957:C:T,rs1550437,ENSG00000261801,LOXL1-AS1,eQTL,Muscle_Skeletal,eCAVIAR,0.0220567,False,False,False
chr15:73928957:C:T,rs1550437,ENSG00000261801,LOXL1-AS1,eQTL,Muscle_Skeletal,eCAVIAR,0.0220567,False,False,False
chr6:29839124:G:C,rs407238/rs115586772,ENSG00000204538,PSORS1C2,eQTL,Colon_Sigmoid,eCAVIAR,0.022041,False,False,False
chr22:19882624:C:T,rs8141610,ENSG00000280418,AC007326.10,eQTL,Testis,eCAVIAR,0.0220313,False,False,False
chr17:45948522:C:A,rs242559/rs114919114,ENSG00000159314,ARHGAP27,sQTL,Adipose_Visceral_Omentum,eCAVIAR,0.0220005,False,False,False
chr1:68371486:C:A,rs4076000,ENSG00000116717,GADD45A,eQTL,Esophagus_Mucosa,eCAVIAR,0.0219697,False,False,False
chr11:65569780:T:A,rs1346,ENSG00000260233,SSSCA1-AS1,eQTL,Ovary,eCAVIAR,0.0219644,False,False,False
chr7:151808612:C:T,rs62478245,ENSG00000127377,CRYGN,eQTL,Pituitary,eCAVIAR,0.02196,False,False,False
chr8:123542077:T:A,rs62521288,ENSG00000204949,FAM83A-AS1,eQTL,Skin_Sun_Exposed_Lower_leg,eCAVIAR,0.0219284,False,False,False
chr2:71424809:T:A,rs12613800,ENSG00000144036,EXOC6B,sQTL,Thyroid,eCAVIAR,0.0219136,False,False,False
chr7:35921527:C:T,rs6957752,ENSG00000261184,RP11-196O2.1,sQTL,Testis,eCAVIAR,0.0219052,False,False,False
chr14:74618126:G:A,rs754458,ENSG00000119655,NPC2,eQTL,Heart_Left_Ventricle,eCAVIAR,0.0218807,False,False,False
chr6:29839124:G:C,rs407238/rs115586772,ENSG00000204528,PSORS1C3,eQTL,Lung,eCAVIAR,0.0218783,False,False,False
chr9:133255801:C:T,rs8176749,ENSG00000175164,ABO,eQTL,Brain_Hippocampus,eCAVIAR,0.0218379,False,False,False
chr11:16989629:C:A,rs4141194,ENSG00000272034,SNORD14A,eQTL,Artery_Aorta,eCAVIAR,0.0218165,False,False,False
chr14:74618126:G:A,rs754458,ENSG00000119681,LTBP2,eQTL,Cells_Cultured_fibroblasts,eCAVIAR,0.0218098,False,False,False
chr1:171636338:G:A,rs74315329,ENSG00000231424,RP1-45C12.1,eQTL,Breast_Mammary_Tissue,eCAVIAR,0.0217873,False,False,False
chr7:134835770:C:A,rs10237321,ENSG00000105875,WDR91,sQTL,Nerve_Tibial,eCAVIAR,0.0217866,False,False,False
chr1:37611020:C:T,rs10908363,ENSG00000183520,UTP11,eQTL,Brain_Spinal_cord_cervical_c-1,eCAVIAR,0.0217755,False,False,False
chr20:46905414:G:A,rs6124885,ENSG00000158296,SLC13A3,eQTL,Adrenal_Gland,eCAVIAR,0.0217642,False,False,False
chr11:16989629:C:A,rs4141194,ENSG00000166788,SAAL1,eQTL,Thyroid,eCAVIAR,0.0217561,False,False,False
chr7:151808612:C:T,rs62478245,ENSG00000196584,XRCC2,eQTL,Brain_Spinal_cord_cervical_c-1,eCAVIAR,0.0217126,False,False,False
chr2:28143047:G:A,rs17006576,ENSG00000084734,GCKR,eQTL,Whole_Blood,eCAVIAR,0.0217035,False,False,False
chr17:2298650:G:A,rs216197,ENSG00000184811,TUSC5,eQTL,Testis,eCAVIAR,0.0216874,False,False,False
chr12:111494996:C:T,rs7137828,ENSG00000111275,ALDH2,eQTL,Esophagus_Muscularis,eCAVIAR,0.0216283,False,False,False
chr9:133255801:C:T,rs8176749,ENSG00000148290,SURF1,sQTL,Artery_Coronary,eCAVIAR,0.0216073,False,False,False
chr1:36147354:C:A,rs4652902,ENSG00000092847,AGO1,eQTL,Brain_Cerebellar_Hemisphere,eCAVIAR,0.0216023,False,False,False
chr7:103984366:G:A,rs12667675,ENSG00000213385,RP11-577H5.1,eQTL,Retina,eCAVIAR,0.0215771,False,False,False
chr17:45948522:C:A,rs242559/rs114919114,ENSG00000264589,MAPT-AS1,eQTL,Brain_Cerebellum,eCAVIAR,0.0215718,False,False,False
chr9:110549951:G:C,rs61751937,ENSG00000106853,PTGR1,eQTL,Minor_Salivary_Gland,eCAVIAR,0.0215394,False,False,False
chr1:162709355:G:A,rs4542196,ENSG00000225217,HSPA7,eQTL,Heart_Left_Ventricle,eCAVIAR,0.0214886,False,False,False
chr6:36602589:C:T,rs7344,ENSG00000112130,RNF8,sQTL,Artery_Aorta,eCAVIAR,0.021488,False,False,False
chr6:36602589:C:T,rs7344,ENSG00000112130,RNF8,sQTL,Artery_Aorta,eCAVIAR,0.021488,False,False,False
chr10:93169359:C:T,rs10882167,ENSG00000228701,TNKS2-AS1,eQTL,Skin_Not_Sun_Exposed_Suprapubic,eCAVIAR,0.0214571,False,False,False
chr10:10798886:C:A,rs6602453,ENSG00000181800,CELF2-AS1,eQTL,Cells_Cultured_fibroblasts,eCAVIAR,0.0214387,False,False,False
chr15:91788477:G:A,rs8038628,ENSG00000166965,RCCD1,eQTL,Esophagus_Muscularis,eCAVIAR,0.021387,False,False,False
chr2:45651621:G:T,rs687914,ENSG00000171132,PRKCE,sQTL,Breast_Mammary_Tissue,eCAVIAR,0.0213869,False,False,False
chr11:16989629:C:A,rs4141194,ENSG00000134333,LDHA,sQTL,Brain_Caudate_basal_ganglia,eCAVIAR,0.0213839,False,False,False
chr17:61161860:G:A,rs11868441,ENSG00000267667,RP11-136H19.1,eQTL,Nerve_Tibial,eCAVIAR,0.0213586,False,False,False
chr15:91788477:G:A,rs8038628,ENSG00000182511,FES,sQTL,Artery_Tibial,eCAVIAR,0.0213551,False,False,False
chr4:7902636:G:A,rs938604,ENSG00000087008,ACOX3,eQTL,Whole_Blood,eCAVIAR,0.0213234,False,False,False
chr15:91788477:G:A,rs8038628,ENSG00000182511,FES,sQTL,Whole_Blood,eCAVIAR,0.0213068,False,False,False
chr7:103984366:G:A,rs12667675,ENSG00000135250,SRPK2,eQTL,Esophagus_Muscularis,eCAVIAR,0.0212894,False,False,False
chr2:71424809:T:A,rs12613800,ENSG00000143977,SNRPG,eQTL,Testis,eCAVIAR,0.0212752,False,False,False
chr1:112699500:G:T,rs1106287,ENSG00000134262,AP4B1,eQTL,Whole_Blood,eCAVIAR,0.0212724,False,False,False
chr7:151808612:C:T,rs62478245,ENSG00000133612,AGAP3,sQTL,Pancreas,eCAVIAR,0.0212501,False,False,False
chr13:110125592:G:C,rs2218471,ENSG00000088448,ANKRD10,sQTL,Whole_Blood,eCAVIAR,0.0212341,False,False,False
chr1:8435530:G:A,rs172531,ENSG00000232208,RP3-477M7.5,eQTL,Whole_Blood,eCAVIAR,0.0212317,False,False,False
chr7:151808612:C:T,rs62478245,ENSG00000133627,ACTR3B,sQTL,Breast_Mammary_Tissue,eCAVIAR,0.0212311,False,False,False
chr15:73928957:C:T,rs1550437,ENSG00000140400,MAN2C1,eQTL,Brain_Cerebellum,eCAVIAR,0.0212235,False,False,False
chr15:91788477:G:A,rs8038628,ENSG00000184056,VPS33B,eQTL,Skin_Not_Sun_Exposed_Suprapubic,eCAVIAR,0.0212225,False,False,False
chr1:8435530:G:A,rs172531,ENSG00000232912,RP5-1115A15.1,eQTL,Cells_EBV-transformed_lymphocytes,eCAVIAR,0.0212216,False,False,False
chr4:88831125:G:A,rs57400569,ENSG00000118762,PKD2,eQTL,Artery_Tibial,eCAVIAR,0.0211979,False,False,False
chr11:65569780:T:A,rs1346,ENSG00000173465,SSSCA1,eQTL,Muscle_Skeletal,eCAVIAR,0.0211602,False,False,False
chr10:10798886:C:A,rs6602453,ENSG00000225383,SFTA1P,eQTL,Adipose_Visceral_Omentum,eCAVIAR,0.0211574,False,False,False
chr1:68371486:C:A,rs4076000,ENSG00000172380,GNG12,eQTL,Brain_Frontal_Cortex_BA9,eCAVIAR,0.0211131,False,False,False
chr7:151808612:C:T,rs62478245,ENSG00000197150,ABCB8,eQTL,Brain_Cortex,eCAVIAR,0.0210761,False,False,False
chr16:65033540:C:T,rs12447201,ENSG00000278893,RP11-229O3.1,eQTL,Thyroid,eCAVIAR,0.0210496,False,False,False
chr9:110549951:G:C,rs61751937,ENSG00000173258,ZNF483,eQTL,Breast_Mammary_Tissue,eCAVIAR,0.0210479,False,False,False
chr1:68371486:C:A,rs4076000,ENSG00000235200,LINC01702,eQTL,Liver,eCAVIAR,0.0209915,False,False,False
chr2:55705879:C:T,rs2627761,ENSG00000275052,PPP4R3B,eQTL,Artery_Tibial,eCAVIAR,0.0209685,False,False,False
chr14:60509819:C:A,rs33912345,ENSG00000181619,GPR135,eQTL,Brain_Caudate_basal_ganglia,eCAVIAR,0.0209631,False,False,False
chr12:111494996:C:T,rs7137828,ENSG00000173064,HECTD4,eQTL,Skin_Sun_Exposed_Lower_leg,eCAVIAR,0.0208933,False,False,False
chr20:46905414:G:A,rs6124885,ENSG00000124151,NCOA3,sQTL,Whole_Blood,eCAVIAR,0.0208881,False,False,False
chr1:68371486:C:A,rs4076000,ENSG00000142864,SERBP1,eQTL,Artery_Tibial,eCAVIAR,0.020885,False,False,False
chr22:28712241:G:A,rs5752776,ENSG00000186998,EMID1,eQTL,Stomach,eCAVIAR,0.0208809,False,False,False
chr20:6489447:G:A,rs2326788,ENSG00000101311,FERMT1,eQTL,Cells_Cultured_fibroblasts,eCAVIAR,0.0208584,False,False,False
chr12:111494996:C:T,rs7137828,ENSG00000234608,MAPKAPK5-AS1,sQTL,Whole_Blood,eCAVIAR,0.0208551,False,False,False
chr11:16989629:C:A,rs4141194,ENSG00000166788,SAAL1,eQTL,Thyroid,eCAVIAR,0.020812,False,False,False
chr11:16989629:C:A,rs4141194,ENSG00000129158,SERGEF,sQTL,Muscle_Skeletal,eCAVIAR,0.0208081,False,False,False
chr10:93169359:C:T,rs10882167,ENSG00000228701,TNKS2-AS1,eQTL,Adipose_Visceral_Omentum,eCAVIAR,0.0207868,False,False,False
chr10:93169359:C:T,rs10882167,ENSG00000228701,TNKS2-AS1,eQTL,Adipose_Visceral_Omentum,eCAVIAR,0.0207868,False,False,False
chr14:75905315:G:C,rs4903352,ENSG00000119686,FLVCR2,eQTL,Minor_Salivary_Gland,eCAVIAR,0.0207573,False,False,False
chr15:61655081:G:C,rs12438742,ENSG00000274340,RP11-435J9.2,eQTL,Colon_Sigmoid,eCAVIAR,0.0207347,False,False,False
chr1:219041795:G:A,rs6667536,ENSG00000228063,LYPLAL1-AS1,eQTL,Colon_Sigmoid,eCAVIAR,0.0207244,False,False,False
chr10:93169359:C:T,rs10882167,ENSG00000198060,MARCH5,eQTL,Thyroid,eCAVIAR,0.0207028,False,False,False
chr7:151808612:C:T,rs62478245,ENSG00000106615,RHEB,sQTL,Prostate,eCAVIAR,0.0207004,False,False,False
chr15:91788477:G:A,rs8038628,ENSG00000259262,NDUFA3P4,eQTL,Brain_Putamen_basal_ganglia,eCAVIAR,0.0206952,False,False,False
chr12:111494996:C:T,rs7137828,ENSG00000186298,PPP1CC,eQTL,Colon_Sigmoid,eCAVIAR,0.0206914,False,False,False
chr15:91788477:G:A,rs8038628,ENSG00000140557,ST8SIA2,eQTL,Heart_Left_Ventricle,eCAVIAR,0.0206907,False,False,False
chr15:91788477:G:A,rs8038628,ENSG00000271763,RP11-386M24.9,eQTL,Muscle_Skeletal,eCAVIAR,0.0206606,False,False,False
chr1:171636338:G:A,rs74315329,ENSG00000094963,FMO2,eQTL,Uterus,eCAVIAR,0.0206592,False,False,False
chr17:2298650:G:A,rs216197,ENSG00000132359,RAP1GAP2,eQTL,Nerve_Tibial,eCAVIAR,0.0206428,False,False,False
chr15:57261634:T:A,rs2431023,ENSG00000140262,TCF12,eQTL,Skin_Sun_Exposed_Lower_leg,eCAVIAR,0.0206392,False,False,False
chrX:13936278:C:T,rs66819623,ENSG00000230542,LINC00102,eQTL,Adipose_Visceral_Omentum,eCAVIAR,0.0206309,False,False,False
chrX:3411552:C:T,rs12846405,ENSG00000230542,LINC00102,eQTL,Adipose_Visceral_Omentum,eCAVIAR,0.0206309,False,False,False
chrX:44081581:C:T,rs17146835,ENSG00000230542,LINC00102,eQTL,Adipose_Visceral_Omentum,eCAVIAR,0.0206309,False,False,False
chr14:75905315:G:C,rs4903352,ENSG00000119686,FLVCR2,eQTL,Esophagus_Muscularis,eCAVIAR,0.0206303,False,False,False
chr13:73065233:G:A,rs9530143,ENSG00000204899,MZT1,eQTL,Esophagus_Gastroesophageal_Junction,eCAVIAR,0.0206296,False,False,False
chr15:91788477:G:A,rs8038628,ENSG00000140564,FURIN,sQTL,Skin_Sun_Exposed_Lower_leg,eCAVIAR,0.0205267,False,False,False
chr15:73928957:C:T,rs1550437,ENSG00000140400,MAN2C1,sQTL,Thyroid,eCAVIAR,0.0205225,False,False,False
chr15:91788477:G:A,rs8038628,ENSG00000182511,FES,eQTL,Heart_Atrial_Appendage,eCAVIAR,0.0205198,False,False,False
chr1:112699500:G:T,rs1106287,ENSG00000232450,RP4-730K3.3,eQTL,Artery_Aorta,eCAVIAR,0.0205053,False,False,False
chr17:45948522:C:A,rs242559/rs114919114,ENSG00000181513,ACBD4,eQTL,Artery_Tibial,eCAVIAR,0.0204846,False,False,False
chr1:8435530:G:A,rs172531,ENSG00000232912,RP5-1115A15.1,eQTL,Cells_EBV-transformed_lymphocytes,eCAVIAR,0.020451,False,False,False
chr13:110125592:G:C,rs2218471,ENSG00000275216,RP11-54H7.4,eQTL,Cells_Cultured_fibroblasts,eCAVIAR,0.0204465,False,False,False
chr6:29839124:G:C,rs407238/rs115586772,ENSG00000234745,HLA-B,eQTL,Heart_Atrial_Appendage,eCAVIAR,0.0204452,False,False,False
chr9:133255801:C:T,rs8176749,ENSG00000148296,SURF6,eQTL,Artery_Coronary,eCAVIAR,0.0204364,False,False,False
chr1:68371486:C:A,rs4076000,ENSG00000081985,IL12RB2,eQTL,Artery_Aorta,eCAVIAR,0.0204293,False,False,False
chr14:74618126:G:A,rs754458,ENSG00000119725,ZNF410,sQTL,Spleen,eCAVIAR,0.0204281,False,False,False
chr1:171636338:G:A,rs74315329,ENSG00000094963,FMO2,sQTL,Colon_Sigmoid,eCAVIAR,0.0204163,False,False,False
chr12:111494996:C:T,rs7137828,ENSG00000196510,ANAPC7,sQTL,Artery_Tibial,eCAVIAR,0.0203885,False,False,False
chr14:75905315:G:C,rs4903352,ENSG00000089916,GPATCH2L,eQTL,Adipose_Visceral_Omentum,eCAVIAR,0.0203703,False,False,False
chr15:91788477:G:A,rs8038628,ENSG00000260337,RP11-386M24.6,eQTL,Brain_Substantia_nigra,eCAVIAR,0.0203068,False,False,False
chr8:123542077:T:A,rs62521288,ENSG00000189376,C8orf76,eQTL,Whole_Blood,eCAVIAR,0.0202852,False,False,False
chr15:91788477:G:A,rs8038628,ENSG00000184056,VPS33B,sQTL,Thyroid,eCAVIAR,0.0202842,False,False,False
chr6:136141606:G:T,rs4612174,ENSG00000171408,PDE7B,sQTL,Cells_Cultured_fibroblasts,eCAVIAR,0.0202768,False,False,False
chr6:36602589:C:T,rs7344,ENSG00000112079,STK38,eQTL,Esophagus_Muscularis,eCAVIAR,0.0202658,False,False,False
chr7:134835770:C:A,rs10237321,ENSG00000131558,EXOC4,sQTL,Heart_Atrial_Appendage,eCAVIAR,0.0202561,False,False,False
chr15:73928957:C:T,rs1550437,ENSG00000259790,ANP32BP1,eQTL,Artery_Tibial,eCAVIAR,0.0202533,False,False,False
chr17:45948522:C:A,rs242559/rs114919114,ENSG00000108883,EFTUD2,eQTL,Colon_Sigmoid,eCAVIAR,0.0202282,False,False,False
chr1:8435530:G:A,rs172531,ENSG00000162426,SLC45A1,eQTL,Thyroid,eCAVIAR,0.0202241,False,False,False
chr4:88831125:G:A,rs57400569,ENSG00000145332,KLHL8,eQTL,Cells_Cultured_fibroblasts,eCAVIAR,0.0202236,False,False,False
chr14:75905315:G:C,rs4903352,ENSG00000119699,TGFB3,eQTL,Spleen,eCAVIAR,0.0202145,False,False,False
chr17:45948522:C:A,rs242559/rs114919114,ENSG00000233175,CTD-2020K17.3,eQTL,Esophagus_Muscularis,eCAVIAR,0.020203,False,False,False
chr1:171636338:G:A,rs74315329,ENSG00000231424,RP1-45C12.1,eQTL,Breast_Mammary_Tissue,eCAVIAR,0.020166,False,False,False
chr4:88831125:G:A,rs57400569,ENSG00000145332,KLHL8,sQTL,Adrenal_Gland,eCAVIAR,0.0201457,False,False,False
chr17:45948522:C:A,rs242559/rs114919114,ENSG00000161714,PLCD3,eQTL,Lung,eCAVIAR,0.0201407,False,False,False
chr17:61161860:G:A,rs11868441,ENSG00000108510,MED13,eQTL,Esophagus_Mucosa,eCAVIAR,0.0201402,False,False,False
chr21:25844528:T:A,rs13049669,ENSG00000233783,AP001442.2,eQTL,Adipose_Visceral_Omentum,eCAVIAR,0.0201118,False,False,False
chr15:73928957:C:T,rs1550437,ENSG00000140474,ULK3,eQTL,Artery_Aorta,eCAVIAR,0.0200804,False,False,False
chr15:73928957:C:T,rs1550437,ENSG00000140474,ULK3,eQTL,Artery_Aorta,eCAVIAR,0.0200804,False,False,False
chr15:73928957:C:T,rs1550437,ENSG00000140474,ULK3,eQTL,Artery_Aorta,eCAVIAR,0.0200804,False,False,False
chr11:16989629:C:A,rs4141194,ENSG00000260196,RP1-239B22.5,eQTL,Brain_Caudate_basal_ganglia,eCAVIAR,0.0200602,False,False,False
chr7:151808612:C:T,rs62478245,ENSG00000133627,ACTR3B,eQTL,Skin_Not_Sun_Exposed_Suprapubic,eCAVIAR,0.0200363,False,False,False
chr7:103984366:G:A,rs12667675,ENSG00000135250,SRPK2,eQTL,Lung,eCAVIAR,0.0200317,False,False,False
chr7:103984366:G:A,rs12667675,ENSG00000135250,SRPK2,eQTL,Artery_Aorta,eCAVIAR,0.0200197,False,False,False
chr11:65569780:T:A,rs1346,ENSG00000197847,SLC22A20,eQTL,Whole_Blood,eCAVIAR,0.0200191,False,False,False
chrX:13936278:C:T,rs66819623,ENSG00000002586,CD99,eQTL,Adipose_Subcutaneous,eCAVIAR,0.0199926,False,False,False
chrX:3411552:C:T,rs12846405,ENSG00000002586,CD99,eQTL,Adipose_Subcutaneous,eCAVIAR,0.0199926,False,False,False
chrX:44081581:C:T,rs17146835,ENSG00000002586,CD99,eQTL,Adipose_Subcutaneous,eCAVIAR,0.0199926,False,False,False
chr9:22051671:G:C,rs944801,ENSG00000147883,CDKN2B,eQTL,Cells_Cultured_fibroblasts,eCAVIAR,0.0199593,False,False,False
chr11:47447887:G:A,rs7111873,ENSG00000110514,MADD,eQTL,Colon_Sigmoid,eCAVIAR,0.0199559,False,False,False
chr12:111494996:C:T,rs7137828,ENSG00000111199,TRPV4,eQTL,Artery_Aorta,eCAVIAR,0.0199524,False,False,False
chr2:55705879:C:T,rs2627761,ENSG00000162994,CLHC1,sQTL,Brain_Cerebellum,eCAVIAR,0.0199193,False,False,False
chr2:55705879:C:T,rs2627761,ENSG00000162994,CLHC1,sQTL,Brain_Cerebellum,eCAVIAR,0.0199193,False,False,False
chr4:88831125:G:A,rs57400569,ENSG00000118762,PKD2,eQTL,Artery_Tibial,eCAVIAR,0.0198471,False,False,False
chr11:130412183:C:T,rs2875238,ENSG00000175773,RP11-121M22.1,eQTL,Lung,eCAVIAR,0.0198418,False,False,False
chr15:91788477:G:A,rs8038628,ENSG00000259170,RP11-763K15.1,eQTL,Testis,eCAVIAR,0.0198388,False,False,False
chr7:151808612:C:T,rs62478245,ENSG00000164896,FASTK,eQTL,Breast_Mammary_Tissue,eCAVIAR,0.0197948,False,False,False
chr1:8435530:G:A,rs172531,ENSG00000238290,RP11-431K24.1,eQTL,Muscle_Skeletal,eCAVIAR,0.0197926,False,False,False
chr7:151808612:C:T,rs62478245,ENSG00000033050,ABCF2,sQTL,Artery_Tibial,eCAVIAR,0.0197921,False,False,False
chr1:112699500:G:T,rs1106287,ENSG00000226419,SLC16A1-AS1,eQTL,Heart_Left_Ventricle,eCAVIAR,0.0197883,False,False,False
chr15:91788477:G:A,rs8038628,ENSG00000184508,HDDC3,eQTL,Retina,eCAVIAR,0.0197744,False,False,False
chr11:102194103:C:A,rs7120067,ENSG00000137693,YAP1,eQTL,Testis,eCAVIAR,0.0197544,False,False,False
chr12:28050312:T:A,rs7972874,ENSG00000123106,CCDC91,eQTL,Artery_Aorta,eCAVIAR,0.0197261,False,False,False
chr12:28050312:T:A,rs7972874,ENSG00000123106,CCDC91,eQTL,Esophagus_Mucosa,eCAVIAR,0.0197261,False,False,False
chr12:28050312:T:A,rs7972874,ENSG00000123106,CCDC91,eQTL,Colon_Sigmoid,eCAVIAR,0.0197261,False,False,False
chr12:28050312:T:A,rs7972874,ENSG00000247934,RP11-967K21.1,eQTL,Heart_Atrial_Appendage,eCAVIAR,0.0197261,False,False,False
chr12:28050312:T:A,rs7972874,ENSG00000247934,RP11-967K21.1,eQTL,Pancreas,eCAVIAR,0.0197261,False,False,False
chr12:28050312:T:A,rs7972874,ENSG00000247934,RP11-967K21.1,eQTL,Artery_Coronary,eCAVIAR,0.0197261,False,False,False
chr12:28050312:T:A,rs7972874,ENSG00000123106,CCDC91,eQTL,Prostate,eCAVIAR,0.0197259,False,False,False
chr12:28050312:T:A,rs7972874,ENSG00000247934,RP11-967K21.1,eQTL,Lung,eCAVIAR,0.0197255,False,False,False
chr12:28050312:T:A,rs7972874,ENSG00000123106,CCDC91,eQTL,Nerve_Tibial,eCAVIAR,0.0197245,False,False,False
chr12:28050312:T:A,rs7972874,ENSG00000087448,KLHL42,eQTL,Adipose_Subcutaneous,eCAVIAR,0.0197214,False,False,False
chr12:28050312:T:A,rs7972874,ENSG00000123106,CCDC91,eQTL,Muscle_Skeletal,eCAVIAR,0.0197202,False,False,False
chr12:28050312:T:A,rs7972874,ENSG00000247934,RP11-967K21.1,eQTL,Ovary,eCAVIAR,0.0197201,False,False,False
chr17:45948522:C:A,rs242559/rs114919114,ENSG00000233175,CTD-2020K17.3,eQTL,Esophagus_Muscularis,eCAVIAR,0.0197147,False,False,False
chr11:47447887:G:A,rs7111873,ENSG00000165916,PSMC3,eQTL,Colon_Sigmoid,eCAVIAR,0.0196842,False,False,False
chr9:110549951:G:C,rs61751937,ENSG00000136810,TXN,eQTL,Adipose_Subcutaneous,eCAVIAR,0.0196744,False,False,False
chr10:76522305:C:T,rs2637250,ENSG00000148655,C10orf11,sQTL,Heart_Left_Ventricle,eCAVIAR,0.0196496,False,False,False
chr15:73928957:C:T,rs1550437,ENSG00000156642,NPTN,eQTL,Brain_Cerebellum,eCAVIAR,0.0196428,False,False,False
chr15:73928957:C:T,rs1550437,ENSG00000156642,NPTN,eQTL,Brain_Cerebellum,eCAVIAR,0.0196428,False,False,False
chr15:73928957:C:T,rs1550437,ENSG00000156642,NPTN,eQTL,Brain_Cerebellum,eCAVIAR,0.0196428,False,False,False
chr12:28050312:T:A,rs7972874,ENSG00000123106,CCDC91,eQTL,Vagina,eCAVIAR,0.0196234,False,False,False
chr7:151808612:C:T,rs62478245,ENSG00000164896,FASTK,eQTL,Lung,eCAVIAR,0.0195956,False,False,False
chr12:28050312:T:A,rs7972874,ENSG00000247934,RP11-967K21.1,eQTL,Adipose_Subcutaneous,eCAVIAR,0.0195486,False,False,False
chr16:77627835:C:T,rs280875,ENSG00000140876,NUDT7,sQTL,Testis,eCAVIAR,0.0195456,False,False,False
chr7:35921527:C:T,rs6957752,ENSG00000122547,EEPD1,eQTL,Cells_Cultured_fibroblasts,eCAVIAR,0.0194973,False,False,False
chr14:75905315:G:C,rs4903352,ENSG00000119650,IFT43,sQTL,Brain_Hippocampus,eCAVIAR,0.0194924,False,False,False
chr14:75905315:G:C,rs4903352,ENSG00000119685,TTLL5,sQTL,Brain_Hippocampus,eCAVIAR,0.0194924,False,False,False
chr14:75905315:G:C,rs4903352,ENSG00000119685,TTLL5,sQTL,Brain_Hippocampus,eCAVIAR,0.0194924,False,False,False
chr15:73928957:C:T,rs1550437,ENSG00000140497,SCAMP2,eQTL,Lung,eCAVIAR,0.0194743,False,False,False
chr12:28050312:T:A,rs7972874,ENSG00000087494,PTHLH,eQTL,Esophagus_Muscularis,eCAVIAR,0.0194543,False,False,False
chr12:111494996:C:T,rs7137828,ENSG00000226469,ADAM1B,eQTL,Heart_Left_Ventricle,eCAVIAR,0.0194284,False,False,False
chr1:219041795:G:A,rs6667536,ENSG00000225920,RIMKLBP2,eQTL,Cells_Cultured_fibroblasts,eCAVIAR,0.0194169,False,False,False
chr1:8435530:G:A,rs172531,ENSG00000074800,ENO1,sQTL,Muscle_Skeletal,eCAVIAR,0.0193963,False,False,False
chr11:16989629:C:A,rs4141194,ENSG00000129167,TPH1,eQTL,Brain_Cerebellar_Hemisphere,eCAVIAR,0.0193777,False,False,False
chr7:35921527:C:T,rs6957752,ENSG00000226102,SEPT7P3,eQTL,Adipose_Visceral_Omentum,eCAVIAR,0.0193671,False,False,False
chr1:37611020:C:T,rs10908363,ENSG00000116922,C1orf109,eQTL,Spleen,eCAVIAR,0.019337,False,False,False
chr10:94263320:C:T,rs57866767,ENSG00000233377,MTND4P20,eQTL,Stomach,eCAVIAR,0.0193363,False,False,False
chr1:8435530:G:A,rs172531,ENSG00000074800,ENO1,eQTL,Skin_Not_Sun_Exposed_Suprapubic,eCAVIAR,0.0193297,False,False,False
chr16:77627835:C:T,rs280875,ENSG00000261707,RP11-264M12.2,eQTL,Vagina,eCAVIAR,0.0193263,False,False,False
chr6:36602589:C:T,rs7344,ENSG00000010030,ETV7,eQTL,Minor_Salivary_Gland,eCAVIAR,0.0193162,False,False,False
chr6:36602589:C:T,rs7344,ENSG00000010030,ETV7,eQTL,Minor_Salivary_Gland,eCAVIAR,0.0193162,False,False,False
chr7:151808612:C:T,rs62478245,ENSG00000133612,AGAP3,eQTL,Spleen,eCAVIAR,0.0193096,False,False,False
chr9:133255801:C:T,rs8176749,ENSG00000148300,REXO4,eQTL,Pancreas,eCAVIAR,0.0193065,False,False,False
chr15:91788477:G:A,rs8038628,ENSG00000166965,RCCD1,eQTL,Small_Intestine_Terminal_Ileum,eCAVIAR,0.0192942,False,False,False
chr9:133255801:C:T,rs8176749,ENSG00000175164,ABO,eQTL,Testis,eCAVIAR,0.0192913,False,False,False
chr17:45948522:C:A,rs242559/rs114919114,ENSG00000186566,GPATCH8,eQTL,Esophagus_Muscularis,eCAVIAR,0.0192835,False,False,False
chr11:65569780:T:A,rs1346,ENSG00000173442,EHBP1L1,sQTL,Heart_Left_Ventricle,eCAVIAR,0.0192617,False,False,False
chr17:47617876:AT:A,rs1348518145,ENSG00000005243,COPZ2,eQTL,Adipose_Visceral_Omentum,eCAVIAR,0.0192487,False,False,False
chr12:111494996:C:T,rs7137828,ENSG00000111271,ACAD10,sQTL,Cells_Cultured_fibroblasts,eCAVIAR,0.0192427,False,False,False
chr7:103984366:G:A,rs12667675,ENSG00000170667,RASA4B,eQTL,Pancreas,eCAVIAR,0.0192274,False,False,False
chr11:115168963:G:A,rs10444329,ENSG00000086827,ZW10,eQTL,Prostate,eCAVIAR,0.0192222,False,False,False
chr15:91788477:G:A,rs8038628,ENSG00000258725,PRC1-AS1,eQTL,Cells_Cultured_fibroblasts,eCAVIAR,0.0192156,False,False,False
chr1:112699500:G:T,rs1106287,ENSG00000273483,RP4-671G15.2,eQTL,Thyroid,eCAVIAR,0.0192104,False,False,False
chr15:73928957:C:T,rs1550437,ENSG00000140474,ULK3,eQTL,Artery_Aorta,eCAVIAR,0.0191882,False,False,False
chr10:93169359:C:T,rs10882167,ENSG00000198060,MARCH5,eQTL,Thyroid,eCAVIAR,0.0191747,False,False,False
chr1:112699500:G:T,rs1106287,ENSG00000155380,SLC16A1,eQTL,Spleen,eCAVIAR,0.0191622,False,False,False
chr11:16989629:C:A,rs4141194,ENSG00000129158,SERGEF,eQTL,Skin_Not_Sun_Exposed_Suprapubic,eCAVIAR,0.0191378,False,False,False
chr11:16989629:C:A,rs4141194,ENSG00000129158,SERGEF,sQTL,Cells_Cultured_fibroblasts,eCAVIAR,0.0191313,False,False,False
chr1:112699500:G:T,rs1106287,ENSG00000134262,AP4B1,sQTL,Artery_Coronary,eCAVIAR,0.0191194,False,False,False
chr12:111494996:C:T,rs7137828,ENSG00000173064,HECTD4,eQTL,Retina,eCAVIAR,0.0191152,False,False,False
chr13:75684584:G:A,rs9544024,ENSG00000223458,LMO7DN-IT1,eQTL,Nerve_Tibial,eCAVIAR,0.0190961,False,False,False
chr9:22051671:G:C,rs944801,ENSG00000147883,CDKN2B,eQTL,Cells_Cultured_fibroblasts,eCAVIAR,0.0190918,False,False,False
chr1:171636338:G:A,rs74315329,ENSG00000094963,FMO2,eQTL,Uterus,eCAVIAR,0.0190883,False,False,False
chr9:110549951:G:C,rs61751937,ENSG00000106853,PTGR1,sQTL,Brain_Nucleus_accumbens_basal_ganglia,eCAVIAR,0.0190865,False,False,False
chr11:65569780:T:A,rs1346,ENSG00000174165,ZDHHC24,eQTL,Muscle_Skeletal,eCAVIAR,0.0190862,False,False,False
chr20:46905414:G:A,rs6124885,ENSG00000124151,NCOA3,sQTL,Adipose_Subcutaneous,eCAVIAR,0.0190814,False,False,False
chr6:122324153:C:A,rs7760346,ENSG00000135549,PKIB,eQTL,Skin_Not_Sun_Exposed_Suprapubic,eCAVIAR,0.0190682,False,False,False
chr1:162709355:G:A,rs4542196,ENSG00000244682,FCGR2C,eQTL,Testis,eCAVIAR,0.0190615,False,False,False
chr11:115168963:G:A,rs10444329,ENSG00000109906,ZBTB16,sQTL,Thyroid,eCAVIAR,0.0190602,False,False,False
chr1:8435530:G:A,rs172531,ENSG00000074800,ENO1,sQTL,Whole_Blood,eCAVIAR,0.0190587,False,False,False
chr12:111494996:C:T,rs7137828,ENSG00000111199,TRPV4,eQTL,Artery_Aorta,eCAVIAR,0.019031,False,False,False
chr1:68371486:C:A,rs4076000,ENSG00000024526,DEPDC1,eQTL,Cells_Cultured_fibroblasts,eCAVIAR,0.0190297,False,False,False
chr13:73065233:G:A,rs9530143,ENSG00000204899,MZT1,eQTL,Breast_Mammary_Tissue,eCAVIAR,0.0189944,False,False,False
chr2:55705879:C:T,rs2627761,ENSG00000214595,EML6,eQTL,Artery_Tibial,eCAVIAR,0.0189921,False,False,False
chr1:8435530:G:A,rs172531,ENSG00000142599,RERE,sQTL,Esophagus_Mucosa,eCAVIAR,0.0189861,False,False,False
chr10:10798886:C:A,rs6602453,ENSG00000048740,CELF2,eQTL,Artery_Tibial,eCAVIAR,0.0189211,False,False,False
chr15:73928957:C:T,rs1550437,ENSG00000140459,CYP11A1,eQTL,Skin_Sun_Exposed_Lower_leg,eCAVIAR,0.0189166,False,False,False
chr15:91788477:G:A,rs8038628,ENSG00000260361,CTD-2313J17.5,eQTL,Brain_Frontal_Cortex_BA9,eCAVIAR,0.0188876,False,False,False
chr20:46905414:G:A,rs6124885,ENSG00000215452,ZNF663P,eQTL,Liver,eCAVIAR,0.0188607,False,False,False
chr16:65033540:C:T,rs12447201,ENSG00000140937,CDH11,eQTL,Skin_Sun_Exposed_Lower_leg,eCAVIAR,0.0188365,False,False,False
chr15:91788477:G:A,rs8038628,ENSG00000140564,FURIN,sQTL,Skin_Sun_Exposed_Lower_leg,eCAVIAR,0.0188337,False,False,False
chr7:35921527:C:T,rs6957752,ENSG00000227544,AC018647.3,eQTL,Muscle_Skeletal,eCAVIAR,0.0188313,False,False,False
chr15:91788477:G:A,rs8038628,ENSG00000184056,VPS33B,eQTL,Skin_Not_Sun_Exposed_Suprapubic,eCAVIAR,0.0188283,False,False,False
chr17:45948522:C:A,rs242559/rs114919114,ENSG00000233175,CTD-2020K17.3,sQTL,Brain_Cortex,eCAVIAR,0.0188107,False,False,False
chr11:16989629:C:A,rs4141194,ENSG00000148965,SAA4,eQTL,Adipose_Subcutaneous,eCAVIAR,0.0187534,False,False,False
chr11:16989629:C:A,rs4141194,ENSG00000110700,RPS13,eQTL,Spleen,eCAVIAR,0.0187278,False,False,False
chr6:29839124:G:C,rs407238/rs115586772,ENSG00000204538,PSORS1C2,eQTL,Uterus,eCAVIAR,0.0187254,False,False,False
chr17:10127866:G:A,rs9913911,ENSG00000007237,GAS7,eQTL,Heart_Left_Ventricle,eCAVIAR,0.0187092,False,False,False
chr11:86657064:C:T,rs10792871,ENSG00000279742,RP11-700A24.1,eQTL,Thyroid,eCAVIAR,0.0187045,False,False,False
chr13:110125592:G:C,rs2218471,ENSG00000134905,CARS2,sQTL,Artery_Tibial,eCAVIAR,0.0187039,False,False,False
chr6:36602589:C:T,rs7344,ENSG00000112079,STK38,sQTL,Artery_Coronary,eCAVIAR,0.0186765,False,False,False
chr7:151808612:C:T,rs62478245,ENSG00000196584,XRCC2,eQTL,Adipose_Visceral_Omentum,eCAVIAR,0.0186678,False,False,False
chr1:68371486:C:A,rs4076000,ENSG00000172380,GNG12,eQTL,Heart_Left_Ventricle,eCAVIAR,0.0186406,False,False,False
chr2:71424809:T:A,rs12613800,ENSG00000144036,EXOC6B,sQTL,Skin_Not_Sun_Exposed_Suprapubic,eCAVIAR,0.0186314,False,False,False
chr2:71424809:T:A,rs12613800,ENSG00000144036,EXOC6B,sQTL,Skin_Not_Sun_Exposed_Suprapubic,eCAVIAR,0.0186314,False,False,False
chr9:110549951:G:C,rs61751937,ENSG00000173258,ZNF483,eQTL,Artery_Tibial,eCAVIAR,0.01863,False,False,False
chr7:134835770:C:A,rs10237321,ENSG00000105875,WDR91,sQTL,Spleen,eCAVIAR,0.0186019,False,False,False
chr10:93169359:C:T,rs10882167,ENSG00000228701,TNKS2-AS1,eQTL,Artery_Aorta,eCAVIAR,0.0185907,False,False,False
chr15:73928957:C:T,rs1550437,ENSG00000178802,MPI,eQTL,Brain_Hippocampus,eCAVIAR,0.0185872,False,False,False
chr15:73928957:C:T,rs1550437,ENSG00000178802,MPI,eQTL,Brain_Hippocampus,eCAVIAR,0.0185872,False,False,False
chr15:73928957:C:T,rs1550437,ENSG00000178802,MPI,eQTL,Brain_Hippocampus,eCAVIAR,0.0185872,False,False,False
chr6:36602589:C:T,rs7344,ENSG00000172738,TMEM217,eQTL,Muscle_Skeletal,eCAVIAR,0.0185866,False,False,False
chr15:91788477:G:A,rs8038628,ENSG00000140553,UNC45A,sQTL,Nerve_Tibial,eCAVIAR,0.0185794,False,False,False
chr7:134835770:C:A,rs10237321,ENSG00000164707,SLC13A4,eQTL,Cells_Cultured_fibroblasts,eCAVIAR,0.0185689,False,False,False
chr1:112699500:G:T,rs1106287,ENSG00000215866,LINC01356,eQTL,Cells_Cultured_fibroblasts,eCAVIAR,0.0185556,False,False,False
chr15:91788477:G:A,rs8038628,ENSG00000260337,RP11-386M24.6,eQTL,Colon_Transverse,eCAVIAR,0.0185508,False,False,False
chr7:151808612:C:T,rs62478245,ENSG00000133627,ACTR3B,eQTL,Skin_Not_Sun_Exposed_Suprapubic,eCAVIAR,0.018538,False,False,False
chr11:16989629:C:A,rs4141194,ENSG00000006071,ABCC8,eQTL,Lung,eCAVIAR,0.0185321,False,False,False
chr1:171636338:G:A,rs74315329,ENSG00000231424,RP1-45C12.1,eQTL,Breast_Mammary_Tissue,eCAVIAR,0.0185119,False,False,False
chr12:28050312:T:A,rs7972874,ENSG00000247934,RP11-967K21.1,eQTL,Prostate,eCAVIAR,0.0184931,False,False,False
chr6:29839124:G:C,rs407238/rs115586772,ENSG00000280128,XXbac-BPG283O16.9,eQTL,Ovary,eCAVIAR,0.0184752,False,False,False
chr15:91788477:G:A,rs8038628,ENSG00000140553,UNC45A,sQTL,Artery_Aorta,eCAVIAR,0.0184722,False,False,False
chr1:112699500:G:T,rs1106287,ENSG00000155366,RHOC,eQTL,Whole_Blood,eCAVIAR,0.0184678,False,False,False
chr12:28050312:T:A,rs7972874,ENSG00000123106,CCDC91,eQTL,Colon_Transverse,eCAVIAR,0.0184565,False,False,False
chr10:93169359:C:T,rs10882167,ENSG00000095564,BTAF1,eQTL,Thyroid,eCAVIAR,0.0184537,False,False,False
chr12:28050312:T:A,rs7972874,ENSG00000123106,CCDC91,eQTL,Stomach,eCAVIAR,0.0184507,False,False,False
chr2:71424809:T:A,rs12613800,ENSG00000152672,CLEC4F,eQTL,Brain_Cortex,eCAVIAR,0.018445,False,False,False
chr17:45948522:C:A,rs242559/rs114919114,ENSG00000262881,RP11-669E14.4,eQTL,Breast_Mammary_Tissue,eCAVIAR,0.0184385,False,False,False
chr15:91788477:G:A,rs8038628,ENSG00000176463,SLCO3A1,sQTL,Skin_Not_Sun_Exposed_Suprapubic,eCAVIAR,0.0184336,False,False,False
chr15:91788477:G:A,rs8038628,ENSG00000176463,SLCO3A1,sQTL,Skin_Not_Sun_Exposed_Suprapubic,eCAVIAR,0.0184336,False,False,False
chr1:68371486:C:A,rs4076000,ENSG00000116745,RPE65,eQTL,Skin_Sun_Exposed_Lower_leg,eCAVIAR,0.018413,False,False,False
chr12:111494996:C:T,rs7137828,ENSG00000277595,RP11-946P6.6,eQTL,Whole_Blood,eCAVIAR,0.0184043,False,False,False
chr17:45948522:C:A,rs242559/rs114919114,ENSG00000238083,LRRC37A2,sQTL,Nerve_Tibial,eCAVIAR,0.018403,False,False,False
chr9:133255801:C:T,rs8176749,ENSG00000175164,ABO,eQTL,Testis,eCAVIAR,0.0183872,False,False,False
chr11:16989629:C:A,rs4141194,ENSG00000110768,GTF2H1,sQTL,Skin_Not_Sun_Exposed_Suprapubic,eCAVIAR,0.0183744,False,False,False
chr11:16989629:C:A,rs4141194,ENSG00000110768,GTF2H1,sQTL,Skin_Not_Sun_Exposed_Suprapubic,eCAVIAR,0.0183744,False,False,False
chr1:8435530:G:A,rs172531,ENSG00000230679,ENO1-AS1,eQTL,Thyroid,eCAVIAR,0.0183655,False,False,False
chr6:29839124:G:C,rs407238/rs115586772,ENSG00000137312,FLOT1,eQTL,Prostate,eCAVIAR,0.0183589,False,False,False
chr7:134835770:C:A,rs10237321,ENSG00000155530,LRGUK,eQTL,Lung,eCAVIAR,0.0183472,False,False,False
chr7:151808612:C:T,rs62478245,ENSG00000164896,FASTK,sQTL,Artery_Coronary,eCAVIAR,0.0183417,False,False,False
chr10:93169359:C:T,rs10882167,ENSG00000095564,BTAF1,eQTL,Thyroid,eCAVIAR,0.0183377,False,False,False
chr6:29839124:G:C,rs407238/rs115586772,ENSG00000204536,CCHCR1,sQTL,Artery_Coronary,eCAVIAR,0.0183351,False,False,False
chr1:162709355:G:A,rs4542196,ENSG00000143226,FCGR2A,sQTL,Colon_Transverse,eCAVIAR,0.0183294,False,False,False
chr7:35921527:C:T,rs6957752,ENSG00000011426,ANLN,eQTL,Skin_Sun_Exposed_Lower_leg,eCAVIAR,0.0183249,False,False,False
chr11:16989629:C:A,rs4141194,ENSG00000272034,SNORD14A,eQTL,Adrenal_Gland,eCAVIAR,0.0182957,False,False,False
chr13:75684584:G:A,rs9544024,ENSG00000178734,LMO7DN,eQTL,Lung,eCAVIAR,0.0182956,False,False,False
chr15:91788477:G:A,rs8038628,ENSG00000260361,CTD-2313J17.5,eQTL,Esophagus_Muscularis,eCAVIAR,0.0182574,False,False,False
chr2:71424809:T:A,rs12613800,ENSG00000116096,SPR,eQTL,Whole_Blood,eCAVIAR,0.0182526,False,False,False
chr11:16989629:C:A,rs4141194,ENSG00000188211,NCR3LG1,eQTL,Heart_Atrial_Appendage,eCAVIAR,0.0182488,False,False,False
chr15:91788477:G:A,rs8038628,ENSG00000182511,FES,sQTL,Lung,eCAVIAR,0.0182438,False,False,False
chr7:134835770:C:A,rs10237321,ENSG00000105875,WDR91,sQTL,Breast_Mammary_Tissue,eCAVIAR,0.0182355,False,False,False
chr2:71424809:T:A,rs12613800,ENSG00000124370,MCEE,eQTL,Artery_Tibial,eCAVIAR,0.0182062,False,False,False
chr15:73928957:C:T,rs1550437,ENSG00000205363,C15orf59,sQTL,Ovary,eCAVIAR,0.0182025,False,False,False
chr4:88831125:G:A,rs57400569,ENSG00000145335,SNCA,eQTL,Breast_Mammary_Tissue,eCAVIAR,0.0181186,False,False,False
chr4:88831125:G:A,rs57400569,ENSG00000145335,SNCA,eQTL,Breast_Mammary_Tissue,eCAVIAR,0.0181186,False,False,False
chr1:68371486:C:A,rs4076000,ENSG00000142864,SERBP1,eQTL,Muscle_Skeletal,eCAVIAR,0.0181124,False,False,False
chr11:65569780:T:A,rs1346,ENSG00000214659,KRT8P26,eQTL,Lung,eCAVIAR,0.0181066,False,False,False
chr9:110549951:G:C,rs61751937,ENSG00000106853,PTGR1,sQTL,Brain_Cerebellar_Hemisphere,eCAVIAR,0.0180993,False,False,False
chr15:73928957:C:T,rs1550437,ENSG00000138621,PPCDC,eQTL,Whole_Blood,eCAVIAR,0.0180802,False,False,False
chr1:68371486:C:A,rs4076000,ENSG00000172380,GNG12,eQTL,Pancreas,eCAVIAR,0.0180609,False,False,False
chr15:73928957:C:T,rs1550437,ENSG00000140400,MAN2C1,eQTL,Stomach,eCAVIAR,0.0180563,False,False,False
chr14:60509819:C:A,rs33912345,ENSG00000181619,GPR135,eQTL,Brain_Caudate_basal_ganglia,eCAVIAR,0.0180433,False,False,False
chr9:110549951:G:C,rs61751937,ENSG00000136810,TXN,eQTL,Ovary,eCAVIAR,0.0180334,False,False,False
chr10:93169359:C:T,rs10882167,ENSG00000108231,LGI1,eQTL,Artery_Aorta,eCAVIAR,0.0180212,False,False,False
chr12:111494996:C:T,rs7137828,ENSG00000173064,HECTD4,eQTL,Artery_Tibial,eCAVIAR,0.018003,False,False,False
chr10:10798886:C:A,rs6602453,ENSG00000048740,CELF2,eQTL,Cells_Cultured_fibroblasts,eCAVIAR,0.0179933,False,False,False
chr11:16989629:C:A,rs4141194,ENSG00000188211,NCR3LG1,eQTL,Heart_Atrial_Appendage,eCAVIAR,0.0179786,False,False,False
chr10:10798886:C:A,rs6602453,ENSG00000225383,SFTA1P,eQTL,Lung,eCAVIAR,0.0179675,False,False,False
chr14:60509819:C:A,rs33912345,ENSG00000181619,GPR135,eQTL,Brain_Caudate_basal_ganglia,eCAVIAR,0.0179581,False,False,False
chr6:36602589:C:T,rs7344,ENSG00000112078,KCTD20,eQTL,Esophagus_Mucosa,eCAVIAR,0.017948,False,False,False
chr6:36602589:C:T,rs7344,ENSG00000112078,KCTD20,eQTL,Esophagus_Mucosa,eCAVIAR,0.017948,False,False,False
chr11:16989629:C:A,rs4141194,ENSG00000006071,ABCC8,eQTL,Esophagus_Muscularis,eCAVIAR,0.0179405,False,False,False
chr11:65569780:T:A,rs1346,ENSG00000110025,SNX15,eQTL,Esophagus_Muscularis,eCAVIAR,0.0179223,False,False,False
chr1:37611020:C:T,rs10908363,ENSG00000116885,OSCP1,eQTL,Adipose_Subcutaneous,eCAVIAR,0.0179166,False,False,False
chr15:91788477:G:A,rs8038628,ENSG00000182511,FES,sQTL,Testis,eCAVIAR,0.0179048,False,False,False
chr15:91788477:G:A,rs8038628,ENSG00000182511,FES,sQTL,Testis,eCAVIAR,0.0179048,False,False,False
chr1:68371486:C:A,rs4076000,ENSG00000228431,ARL5AP3,eQTL,Heart_Left_Ventricle,eCAVIAR,0.0178991,False,False,False
chr7:151808612:C:T,rs62478245,ENSG00000239911,PRKAG2-AS1,sQTL,Brain_Frontal_Cortex_BA9,eCAVIAR,0.0178823,False,False,False
chr1:171636338:G:A,rs74315329,ENSG00000135845,PIGC,eQTL,Adipose_Visceral_Omentum,eCAVIAR,0.0178741,False,False,False
chr1:8435530:G:A,rs172531,ENSG00000230679,ENO1-AS1,eQTL,Thyroid,eCAVIAR,0.0178649,False,False,False
chr1:219041795:G:A,rs6667536,ENSG00000228063,LYPLAL1-AS1,eQTL,Brain_Caudate_basal_ganglia,eCAVIAR,0.0178312,False,False,False
chr12:28050312:T:A,rs7972874,ENSG00000247934,RP11-967K21.1,eQTL,Whole_Blood,eCAVIAR,0.0178208,False,False,False
chr11:16989629:C:A,rs4141194,ENSG00000129158,SERGEF,eQTL,Cells_Cultured_fibroblasts,eCAVIAR,0.0178205,False,False,False
chr7:103984366:G:A,rs12667675,ENSG00000164815,ORC5,eQTL,Artery_Aorta,eCAVIAR,0.0178151,False,False,False
chr15:91788477:G:A,rs8038628,ENSG00000224441,AC068831.3,sQTL,Skin_Sun_Exposed_Lower_leg,eCAVIAR,0.0177934,False,False,False
chr15:91788477:G:A,rs8038628,ENSG00000184508,HDDC3,sQTL,Skin_Sun_Exposed_Lower_leg,eCAVIAR,0.0177934,False,False,False
chr4:53161428:G:A,rs10517281,ENSG00000184178,SCFD2,eQTL,Esophagus_Muscularis,eCAVIAR,0.0177879,False,False,False
chr2:55705879:C:T,rs2627761,ENSG00000170634,ACYP2,eQTL,Brain_Cerebellar_Hemisphere,eCAVIAR,0.0177827,False,False,False
chr12:111494996:C:T,rs7137828,ENSG00000204852,TCTN1,sQTL,Lung,eCAVIAR,0.0177806,False,False,False
chr11:47447887:G:A,rs7111873,ENSG00000165923,AGBL2,eQTL,Artery_Aorta,eCAVIAR,0.0177804,False,False,False
chr15:91788477:G:A,rs8038628,ENSG00000176463,SLCO3A1,eQTL,Adipose_Subcutaneous,eCAVIAR,0.0177658,False,False,False
chr1:219041795:G:A,rs6667536,ENSG00000225920,RIMKLBP2,eQTL,Cells_Cultured_fibroblasts,eCAVIAR,0.0177605,False,False,False
chr1:8435530:G:A,rs172531,ENSG00000074800,ENO1,eQTL,Skin_Sun_Exposed_Lower_leg,eCAVIAR,0.0177551,False,False,False
chr9:110549951:G:C,rs61751937,ENSG00000136810,TXN,eQTL,Adipose_Subcutaneous,eCAVIAR,0.0177304,False,False,False
chr2:71424809:T:A,rs12613800,ENSG00000075292,ZNF638,eQTL,Colon_Transverse,eCAVIAR,0.0177161,False,False,False
chr7:103984366:G:A,rs12667675,ENSG00000170667,RASA4B,eQTL,Heart_Left_Ventricle,eCAVIAR,0.0177059,False,False,False
chr7:103984366:G:A,rs12667675,ENSG00000170667,RASA4B,eQTL,Heart_Left_Ventricle,eCAVIAR,0.0177059,False,False,False
chr1:112699500:G:T,rs1106287,ENSG00000232450,RP4-730K3.3,eQTL,Breast_Mammary_Tissue,eCAVIAR,0.0177058,False,False,False
chr14:74618126:G:A,rs754458,ENSG00000259065,RP5-1021I20.1,eQTL,Whole_Blood,eCAVIAR,0.0176865,False,False,False
chr2:110881198:C:T,rs9308689,ENSG00000230650,AC112229.1,eQTL,Liver,eCAVIAR,0.0176852,False,False,False
chr22:19882624:C:T,rs8141610,ENSG00000185838,GNB1L,eQTL,Stomach,eCAVIAR,0.0176773,False,False,False
chr7:35921527:C:T,rs6957752,ENSG00000261184,RP11-196O2.1,sQTL,Testis,eCAVIAR,0.0176773,False,False,False
chr7:151808612:C:T,rs62478245,ENSG00000164889,SLC4A2,eQTL,Brain_Nucleus_accumbens_basal_ganglia,eCAVIAR,0.0176476,False,False,False
chr1:112699500:G:T,rs1106287,ENSG00000273483,RP4-671G15.2,eQTL,Muscle_Skeletal,eCAVIAR,0.0176382,False,False,False
chr11:65569780:T:A,rs1346,ENSG00000173825,TIGD3,eQTL,Lung,eCAVIAR,0.0176367,False,False,False
chr12:111494996:C:T,rs7137828,ENSG00000226469,ADAM1B,eQTL,Liver,eCAVIAR,0.0176254,False,False,False
chr2:55705879:C:T,rs2627761,ENSG00000275052,PPP4R3B,eQTL,Heart_Left_Ventricle,eCAVIAR,0.0176192,False,False,False
chr6:51550124:C:T,rs72904286,ENSG00000096093,EFHC1,eQTL,Cells_Cultured_fibroblasts,eCAVIAR,0.0175856,False,False,False
chr10:93169359:C:T,rs10882167,ENSG00000228701,TNKS2-AS1,eQTL,Artery_Aorta,eCAVIAR,0.0175822,False,False,False
chr7:35921527:C:T,rs6957752,ENSG00000228878,SEPT7-AS1,eQTL,Skin_Not_Sun_Exposed_Suprapubic,eCAVIAR,0.0175763,False,False,False
chr17:61161860:G:A,rs11868441,ENSG00000136492,BRIP1,eQTL,Brain_Anterior_cingulate_cortex_BA24,eCAVIAR,0.0175542,False,False,False
chr7:35921527:C:T,rs6957752,ENSG00000226102,SEPT7P3,eQTL,Cells_Cultured_fibroblasts,eCAVIAR,0.0175385,False,False,False
chr12:111494996:C:T,rs7137828,ENSG00000257595,RP3-473L9.4,eQTL,Spleen,eCAVIAR,0.0175378,False,False,False
chr15:73928957:C:T,rs1550437,ENSG00000178802,MPI,sQTL,Brain_Cortex,eCAVIAR,0.0175279,False,False,False
chr1:91611540:G:A,rs1192415,ENSG00000162669,HFM1,eQTL,Colon_Sigmoid,eCAVIAR,0.0174896,False,False,False
chr2:71424809:T:A,rs12613800,ENSG00000075292,ZNF638,eQTL,Colon_Transverse,eCAVIAR,0.0174678,False,False,False
chr10:10798886:C:A,rs6602453,ENSG00000225383,SFTA1P,eQTL,Thyroid,eCAVIAR,0.0174613,False,False,False
chrX:13936278:C:T,rs66819623,ENSG00000223571,DHRSX-IT1,eQTL,Brain_Frontal_Cortex_BA9,eCAVIAR,0.0174153,False,False,False
chrX:3411552:C:T,rs12846405,ENSG00000223571,DHRSX-IT1,eQTL,Brain_Frontal_Cortex_BA9,eCAVIAR,0.0174153,False,False,False
chrX:44081581:C:T,rs17146835,ENSG00000223571,DHRSX-IT1,eQTL,Brain_Frontal_Cortex_BA9,eCAVIAR,0.0174153,False,False,False
chr2:69184385:C:A,rs6732795,ENSG00000087338,GMCL1,sQTL,Adipose_Subcutaneous,eCAVIAR,0.0174113,False,False,False
chr7:103984366:G:A,rs12667675,ENSG00000228049,POLR2J2,eQTL,Brain_Amygdala,eCAVIAR,0.0173935,False,False,False
chr7:103984366:G:A,rs12667675,ENSG00000228049,POLR2J2,eQTL,Artery_Coronary,eCAVIAR,0.0173929,False,False,False
chr7:103984366:G:A,rs12667675,ENSG00000228049,POLR2J2,eQTL,Brain_Amygdala,eCAVIAR,0.0173928,False,False,False
chr7:103984366:G:A,rs12667675,ENSG00000228049,POLR2J2,eQTL,Artery_Coronary,eCAVIAR,0.0173922,False,False,False
chr7:103984366:G:A,rs12667675,ENSG00000234715,CTB-107G13.1,eQTL,Brain_Cerebellum,eCAVIAR,0.0173915,False,False,False
chr10:10798886:C:A,rs6602453,ENSG00000181800,CELF2-AS1,eQTL,Cells_Cultured_fibroblasts,eCAVIAR,0.017391,False,False,False
chr10:93169359:C:T,rs10882167,ENSG00000228701,TNKS2-AS1,eQTL,Skin_Not_Sun_Exposed_Suprapubic,eCAVIAR,0.0173783,False,False,False
chr22:28712241:G:A,rs5752776,ENSG00000100219,XBP1,eQTL,Heart_Atrial_Appendage,eCAVIAR,0.0173625,False,False,False
chr7:35921527:C:T,rs6957752,ENSG00000228878,SEPT7-AS1,eQTL,Thyroid,eCAVIAR,0.017359,False,False,False
chr7:103984366:G:A,rs12667675,ENSG00000228049,POLR2J2,eQTL,Colon_Sigmoid,eCAVIAR,0.0173493,False,False,False
chr7:103984366:G:A,rs12667675,ENSG00000228049,POLR2J2,eQTL,Colon_Sigmoid,eCAVIAR,0.017349,False,False,False
chr2:55705879:C:T,rs2627761,ENSG00000115380,EFEMP1,sQTL,Breast_Mammary_Tissue,eCAVIAR,0.017337,False,False,False
chr7:35921527:C:T,rs6957752,ENSG00000011426,ANLN,eQTL,Skin_Sun_Exposed_Lower_leg,eCAVIAR,0.0173352,False,False,False
chr10:93169359:C:T,rs10882167,ENSG00000228701,TNKS2-AS1,eQTL,Heart_Atrial_Appendage,eCAVIAR,0.0173187,False,False,False
chr11:16989629:C:A,rs4141194,ENSG00000166788,SAAL1,eQTL,Thyroid,eCAVIAR,0.0173045,False,False,False
chr11:16989629:C:A,rs4141194,ENSG00000272034,SNORD14A,eQTL,Adrenal_Gland,eCAVIAR,0.0173,False,False,False
chr11:16989629:C:A,rs4141194,ENSG00000272034,SNORD14A,eQTL,Adrenal_Gland,eCAVIAR,0.0173,False,False,False
chr11:16989629:C:A,rs4141194,ENSG00000272034,SNORD14A,eQTL,Adrenal_Gland,eCAVIAR,0.0173,False,False,False
chr11:16989629:C:A,rs4141194,ENSG00000272034,SNORD14A,eQTL,Artery_Aorta,eCAVIAR,0.0172983,False,False,False
chr7:103984366:G:A,rs12667675,ENSG00000228049,POLR2J2,eQTL,Brain_Putamen_basal_ganglia,eCAVIAR,0.0172638,False,False,False
chr7:103984366:G:A,rs12667675,ENSG00000228049,POLR2J2,eQTL,Brain_Putamen_basal_ganglia,eCAVIAR,0.0172638,False,False,False
chr11:16989629:C:A,rs4141194,ENSG00000179826,MRGPRX3,eQTL,Vagina,eCAVIAR,0.0172546,False,False,False
chr2:55705879:C:T,rs2627761,ENSG00000275052,PPP4R3B,eQTL,Nerve_Tibial,eCAVIAR,0.0172536,False,False,False
chr11:16989629:C:A,rs4141194,ENSG00000166788,SAAL1,eQTL,Vagina,eCAVIAR,0.01724,False,False,False
chr7:103984366:G:A,rs12667675,ENSG00000234715,CTB-107G13.1,eQTL,Brain_Cerebellum,eCAVIAR,0.017238,False,False,False
chr12:106825530:G:A,rs1037013,ENSG00000257711,RP11-482D24.2,sQTL,Testis,eCAVIAR,0.0172369,False,False,False
chr12:106825530:G:A,rs1037013,ENSG00000257918,RP11-482D24.3,sQTL,Testis,eCAVIAR,0.0172369,False,False,False
chr17:45948522:C:A,rs242559/rs114919114,ENSG00000238083,LRRC37A2,sQTL,Adipose_Subcutaneous,eCAVIAR,0.0172184,False,False,False
chr20:6489447:G:A,rs2326788,ENSG00000125885,MCM8,eQTL,Spleen,eCAVIAR,0.0172078,False,False,False
chr1:112699500:G:T,rs1106287,ENSG00000134262,AP4B1,eQTL,Retina,eCAVIAR,0.0171885,False,False,False
chr6:36602589:C:T,rs7344,ENSG00000112081,SRSF3,eQTL,Cells_Cultured_fibroblasts,eCAVIAR,0.0171873,False,False,False
chr6:36602589:C:T,rs7344,ENSG00000112081,SRSF3,eQTL,Cells_Cultured_fibroblasts,eCAVIAR,0.0171873,False,False,False
chr11:16989629:C:A,rs4141194,ENSG00000188211,NCR3LG1,eQTL,Heart_Atrial_Appendage,eCAVIAR,0.0171645,False,False,False
chr15:91788477:G:A,rs8038628,ENSG00000197299,BLM,eQTL,Skin_Sun_Exposed_Lower_leg,eCAVIAR,0.017157,False,False,False
chr2:71424809:T:A,rs12613800,ENSG00000144036,EXOC6B,eQTL,Adipose_Subcutaneous,eCAVIAR,0.0171398,False,False,False
chr6:29839124:G:C,rs407238/rs115586772,ENSG00000234745,HLA-B,eQTL,Nerve_Tibial,eCAVIAR,0.0171241,False,False,False
chr2:71424809:T:A,rs12613800,ENSG00000144036,EXOC6B,eQTL,Artery_Tibial,eCAVIAR,0.0171182,False,False,False
chr15:91788477:G:A,rs8038628,ENSG00000214432,AC068831.10,eQTL,Brain_Cerebellar_Hemisphere,eCAVIAR,0.0170696,False,False,False
chr14:74618126:G:A,rs754458,ENSG00000258695,RP3-414A15.2,eQTL,Nerve_Tibial,eCAVIAR,0.0170567,False,False,False
chr15:73928957:C:T,rs1550437,ENSG00000067141,NEO1,eQTL,Esophagus_Mucosa,eCAVIAR,0.0170272,False,False,False
chr15:73928957:C:T,rs1550437,ENSG00000067141,NEO1,eQTL,Esophagus_Mucosa,eCAVIAR,0.0170272,False,False,False
chr15:73928957:C:T,rs1550437,ENSG00000067141,NEO1,eQTL,Esophagus_Mucosa,eCAVIAR,0.0170272,False,False,False
chr2:66310212:G:T,rs4414666,ENSG00000138071,ACTR2,eQTL,Esophagus_Mucosa,eCAVIAR,0.0170258,False,False,False
chr1:112699500:G:T,rs1106287,ENSG00000232450,RP4-730K3.3,eQTL,Artery_Tibial,eCAVIAR,0.0170174,False,False,False
chr17:45948522:C:A,rs242559/rs114919114,ENSG00000225190,PLEKHM1,sQTL,Artery_Coronary,eCAVIAR,0.0169865,False,False,False
chr4:88831125:G:A,rs57400569,ENSG00000145332,KLHL8,eQTL,Cells_Cultured_fibroblasts,eCAVIAR,0.0169858,False,False,False
chr6:36602589:C:T,rs7344,ENSG00000255587,RAB44,eQTL,Cells_Cultured_fibroblasts,eCAVIAR,0.0169767,False,False,False
chr11:16989629:C:A,rs4141194,ENSG00000006071,ABCC8,eQTL,Esophagus_Muscularis,eCAVIAR,0.016964,False,False,False
chr11:16989629:C:A,rs4141194,ENSG00000006071,ABCC8,eQTL,Esophagus_Muscularis,eCAVIAR,0.016964,False,False,False
chr11:16989629:C:A,rs4141194,ENSG00000006071,ABCC8,eQTL,Esophagus_Muscularis,eCAVIAR,0.016964,False,False,False
chr15:73928957:C:T,rs1550437,ENSG00000198794,SCAMP5,eQTL,Colon_Sigmoid,eCAVIAR,0.0169594,False,False,False
chr9:133255801:C:T,rs8176749,ENSG00000148296,SURF6,eQTL,Brain_Substantia_nigra,eCAVIAR,0.0169308,False,False,False
chr6:36602589:C:T,rs7344,ENSG00000112079,STK38,eQTL,Nerve_Tibial,eCAVIAR,0.0169251,False,False,False
chr1:8435530:G:A,rs172531,ENSG00000232912,RP5-1115A15.1,eQTL,Whole_Blood,eCAVIAR,0.0169113,False,False,False
chr1:112699500:G:T,rs1106287,ENSG00000226419,SLC16A1-AS1,eQTL,Esophagus_Gastroesophageal_Junction,eCAVIAR,0.0168991,False,False,False
chr15:91788477:G:A,rs8038628,ENSG00000184056,VPS33B,sQTL,Skin_Sun_Exposed_Lower_leg,eCAVIAR,0.0168784,False,False,False
chr15:91788477:G:A,rs8038628,ENSG00000258647,LINC00930,sQTL,Prostate,eCAVIAR,0.0168761,False,False,False
chr12:111494996:C:T,rs7137828,ENSG00000111252,SH2B3,eQTL,Cells_EBV-transformed_lymphocytes,eCAVIAR,0.0167748,False,False,False
chr20:46905414:G:A,rs6124885,ENSG00000196562,SULF2,eQTL,Nerve_Tibial,eCAVIAR,0.0167566,False,False,False
chr7:151808612:C:T,rs62478245,ENSG00000244151,RP11-148K1.12,eQTL,Brain_Cerebellum,eCAVIAR,0.0167492,False,False,False
chr6:122324153:C:A,rs7760346,ENSG00000135549,PKIB,eQTL,Skin_Not_Sun_Exposed_Suprapubic,eCAVIAR,0.0167451,False,False,False
chr15:91788477:G:A,rs8038628,ENSG00000258725,PRC1-AS1,eQTL,Colon_Transverse,eCAVIAR,0.0167419,False,False,False
chr12:111494996:C:T,rs7137828,ENSG00000226469,ADAM1B,eQTL,Breast_Mammary_Tissue,eCAVIAR,0.0167364,False,False,False
chr11:16989629:C:A,rs4141194,ENSG00000129158,SERGEF,sQTL,Muscle_Skeletal,eCAVIAR,0.0167139,False,False,False
chr15:91788477:G:A,rs8038628,ENSG00000166965,RCCD1,eQTL,Brain_Caudate_basal_ganglia,eCAVIAR,0.0167126,False,False,False
chr12:111494996:C:T,rs7137828,ENSG00000196510,ANAPC7,eQTL,Brain_Hypothalamus,eCAVIAR,0.0167105,False,False,False
chr6:29839124:G:C,rs407238/rs115586772,ENSG00000228022,HCG20,eQTL,Colon_Transverse,eCAVIAR,0.0167074,False,False,False
chr7:151808612:C:T,rs62478245,ENSG00000106615,RHEB,sQTL,Artery_Aorta,eCAVIAR,0.0166907,False,False,False
chr10:93169359:C:T,rs10882167,ENSG00000228701,TNKS2-AS1,eQTL,Whole_Blood,eCAVIAR,0.0166763,False,False,False
chr13:22099731:G:A,rs4769194,ENSG00000180776,ZDHHC20,eQTL,Thyroid,eCAVIAR,0.0166634,False,False,False
chr7:151808612:C:T,rs62478245,ENSG00000239911,PRKAG2-AS1,sQTL,Brain_Frontal_Cortex_BA9,eCAVIAR,0.0166609,False,False,False
chr15:91788477:G:A,rs8038628,ENSG00000258741,RP11-386M24.4,eQTL,Skin_Not_Sun_Exposed_Suprapubic,eCAVIAR,0.0166511,False,False,False
chr1:171636338:G:A,rs74315329,ENSG00000135845,PIGC,eQTL,Brain_Hypothalamus,eCAVIAR,0.0166504,False,False,False
chr21:25844528:T:A,rs13049669,ENSG00000237484,LINC01684,eQTL,Artery_Tibial,eCAVIAR,0.0166403,False,False,False
chr15:73928957:C:T,rs1550437,ENSG00000140400,MAN2C1,eQTL,Breast_Mammary_Tissue,eCAVIAR,0.0166351,False,False,False
chr9:110549951:G:C,rs61751937,ENSG00000173258,ZNF483,eQTL,Nerve_Tibial,eCAVIAR,0.0166274,False,False,False
chr15:73928957:C:T,rs1550437,ENSG00000179151,EDC3,eQTL,Artery_Aorta,eCAVIAR,0.0166235,False,False,False
chr17:45948522:C:A,rs242559/rs114919114,ENSG00000225190,PLEKHM1,eQTL,Skin_Sun_Exposed_Lower_leg,eCAVIAR,0.0166175,False,False,False
chr7:151808612:C:T,rs62478245,ENSG00000106615,RHEB,sQTL,Artery_Aorta,eCAVIAR,0.0166065,False,False,False
chr14:74618126:G:A,rs754458,ENSG00000177465,ACOT4,eQTL,Artery_Aorta,eCAVIAR,0.0165984,False,False,False
chr1:37611020:C:T,rs10908363,ENSG00000158315,RHBDL2,eQTL,Cells_Cultured_fibroblasts,eCAVIAR,0.0165879,False,False,False
chr9:110549951:G:C,rs61751937,ENSG00000136810,TXN,eQTL,Heart_Left_Ventricle,eCAVIAR,0.0165853,False,False,False
chr9:110549951:G:C,rs61751937,ENSG00000136810,TXN,eQTL,Ovary,eCAVIAR,0.016584,False,False,False
chrX:3411552:C:T,rs12846405,ENSG00000002586,CD99,eQTL,Brain_Cerebellar_Hemisphere,eCAVIAR,0.0165683,False,False,False
chrX:44081581:C:T,rs17146835,ENSG00000002586,CD99,eQTL,Brain_Cerebellar_Hemisphere,eCAVIAR,0.0165683,False,False,False
chr7:151808612:C:T,rs62478245,ENSG00000213199,ASIC3,eQTL,Adipose_Subcutaneous,eCAVIAR,0.0165682,False,False,False
chr7:151808612:C:T,rs62478245,ENSG00000082014,SMARCD3,eQTL,Cells_Cultured_fibroblasts,eCAVIAR,0.0165681,False,False,False
chr7:151808612:C:T,rs62478245,ENSG00000197150,ABCB8,sQTL,Testis,eCAVIAR,0.016568,False,False,False
chrX:13936278:C:T,rs66819623,ENSG00000002586,CD99,eQTL,Brain_Cerebellar_Hemisphere,eCAVIAR,0.0165671,False,False,False
chr6:36602589:C:T,rs7344,ENSG00000112062,MAPK14,eQTL,Brain_Spinal_cord_cervical_c-1,eCAVIAR,0.0165665,False,False,False
chr7:151808612:C:T,rs62478245,ENSG00000197150,ABCB8,eQTL,Nerve_Tibial,eCAVIAR,0.0165652,False,False,False
chr7:151808612:C:T,rs62478245,ENSG00000197150,ABCB8,sQTL,Pituitary,eCAVIAR,0.0165622,False,False,False
chr22:28712241:G:A,rs5752776,ENSG00000183579,ZNRF3,eQTL,Testis,eCAVIAR,0.0165585,False,False,False
chr10:93169359:C:T,rs10882167,ENSG00000228701,TNKS2-AS1,eQTL,Adipose_Subcutaneous,eCAVIAR,0.0165492,False,False,False
chr7:35921527:C:T,rs6957752,ENSG00000227544,AC018647.3,eQTL,Cells_EBV-transformed_lymphocytes,eCAVIAR,0.0165442,False,False,False
chr7:151808612:C:T,rs62478245,ENSG00000213199,ASIC3,eQTL,Colon_Transverse,eCAVIAR,0.0165384,False,False,False
chr7:151808612:C:T,rs62478245,ENSG00000213199,ASIC3,sQTL,Nerve_Tibial,eCAVIAR,0.0165382,False,False,False
chr1:112699500:G:T,rs1106287,ENSG00000226167,AP4B1-AS1,eQTL,Adipose_Subcutaneous,eCAVIAR,0.0165342,False,False,False
chr14:74618126:G:A,rs754458,ENSG00000187097,ENTPD5,sQTL,Thyroid,eCAVIAR,0.0165253,False,False,False
chr7:151808612:C:T,rs62478245,ENSG00000033100,CHPF2,eQTL,Pituitary,eCAVIAR,0.0165248,False,False,False
chr12:111494996:C:T,rs7137828,ENSG00000139433,GLTP,eQTL,Stomach,eCAVIAR,0.0165248,False,False,False
chr7:151808612:C:T,rs62478245,ENSG00000164889,SLC4A2,eQTL,Breast_Mammary_Tissue,eCAVIAR,0.0165233,False,False,False
chr21:25844528:T:A,rs13049669,ENSG00000154723,ATP5J,eQTL,Colon_Sigmoid,eCAVIAR,0.0165195,False,False,False
chr6:29839124:G:C,rs407238/rs115586772,ENSG00000204531,POU5F1,eQTL,Skin_Sun_Exposed_Lower_leg,eCAVIAR,0.0165096,False,False,False
chr15:91788477:G:A,rs8038628,ENSG00000184056,VPS33B,eQTL,Muscle_Skeletal,eCAVIAR,0.0164959,False,False,False
chrX:13936278:C:T,rs66819623,ENSG00000002586,CD99,eQTL,Heart_Left_Ventricle,eCAVIAR,0.0164945,False,False,False
chrX:3411552:C:T,rs12846405,ENSG00000002586,CD99,eQTL,Heart_Left_Ventricle,eCAVIAR,0.0164945,False,False,False
chrX:44081581:C:T,rs17146835,ENSG00000002586,CD99,eQTL,Heart_Left_Ventricle,eCAVIAR,0.0164945,False,False,False
chr7:151808612:C:T,rs62478245,ENSG00000133612,AGAP3,eQTL,Spleen,eCAVIAR,0.0164666,False,False,False
chr7:151808612:C:T,rs62478245,ENSG00000033100,CHPF2,sQTL,Heart_Atrial_Appendage,eCAVIAR,0.0164666,False,False,False
chr7:151808612:C:T,rs62478245,ENSG00000033100,CHPF2,sQTL,Prostate,eCAVIAR,0.0164666,False,False,False
chr7:151808612:C:T,rs62478245,ENSG00000164896,FASTK,sQTL,Heart_Left_Ventricle,eCAVIAR,0.0164666,False,False,False
chr1:171636338:G:A,rs74315329,ENSG00000231424,RP1-45C12.1,eQTL,Breast_Mammary_Tissue,eCAVIAR,0.0164644,False,False,False
chr6:36602589:C:T,rs7344,ENSG00000112081,SRSF3,eQTL,Skin_Sun_Exposed_Lower_leg,eCAVIAR,0.0164644,False,False,False
chr6:36602589:C:T,rs7344,ENSG00000112081,SRSF3,eQTL,Skin_Sun_Exposed_Lower_leg,eCAVIAR,0.0164644,False,False,False
chr6:29839124:G:C,rs407238/rs115586772,ENSG00000204528,PSORS1C3,eQTL,Artery_Tibial,eCAVIAR,0.0164505,False,False,False
chr1:171636338:G:A,rs74315329,ENSG00000180999,C1orf105,sQTL,Testis,eCAVIAR,0.0164497,False,False,False
chr1:171636338:G:A,rs74315329,ENSG00000180999,C1orf105,sQTL,Heart_Atrial_Appendage,eCAVIAR,0.0164497,False,False,False
chr1:171636338:G:A,rs74315329,ENSG00000180999,C1orf105,sQTL,Heart_Left_Ventricle,eCAVIAR,0.0164497,False,False,False
chr1:171636338:G:A,rs74315329,ENSG00000180999,C1orf105,eQTL,Testis,eCAVIAR,0.0164497,False,False,False
chr1:171636338:G:A,rs74315329,ENSG00000135845,PIGC,sQTL,Nerve_Tibial,eCAVIAR,0.0164497,False,False,False
chr1:171636338:G:A,rs74315329,ENSG00000135845,PIGC,sQTL,Muscle_Skeletal,eCAVIAR,0.0164497,False,False,False
chr1:171636338:G:A,rs74315329,ENSG00000135845,PIGC,eQTL,Nerve_Tibial,eCAVIAR,0.0164497,False,False,False
chr1:171636338:G:A,rs74315329,ENSG00000135845,PIGC,sQTL,Adipose_Subcutaneous,eCAVIAR,0.0164497,False,False,False
chr1:171636338:G:A,rs74315329,ENSG00000135845,PIGC,sQTL,Heart_Atrial_Appendage,eCAVIAR,0.0164497,False,False,False
chr1:171636338:G:A,rs74315329,ENSG00000135845,PIGC,sQTL,Adipose_Visceral_Omentum,eCAVIAR,0.0164497,False,False,False
chr1:171636338:G:A,rs74315329,ENSG00000135845,PIGC,sQTL,Heart_Left_Ventricle,eCAVIAR,0.0164497,False,False,False
chr1:171636338:G:A,rs74315329,ENSG00000135845,PIGC,sQTL,Artery_Tibial,eCAVIAR,0.0164497,False,False,False
chr1:171636338:G:A,rs74315329,ENSG00000135845,PIGC,sQTL,Thyroid,eCAVIAR,0.0164497,False,False,False
chr1:171636338:G:A,rs74315329,ENSG00000135845,PIGC,sQTL,Esophagus_Muscularis,eCAVIAR,0.0164497,False,False,False
chr1:171636338:G:A,rs74315329,ENSG00000135845,PIGC,eQTL,Muscle_Skeletal,eCAVIAR,0.0164497,False,False,False
chr1:171636338:G:A,rs74315329,ENSG00000135845,PIGC,sQTL,Esophagus_Gastroesophageal_Junction,eCAVIAR,0.0164497,False,False,False
chr1:171636338:G:A,rs74315329,ENSG00000135845,PIGC,sQTL,Skin_Not_Sun_Exposed_Suprapubic,eCAVIAR,0.0164497,False,False,False
chr1:171636338:G:A,rs74315329,ENSG00000135845,PIGC,sQTL,Artery_Aorta,eCAVIAR,0.0164497,False,False,False
chr1:171636338:G:A,rs74315329,ENSG00000135845,PIGC,sQTL,Artery_Aorta,eCAVIAR,0.0164497,False,False,False
chr1:171636338:G:A,rs74315329,ENSG00000135845,PIGC,eQTL,Thyroid,eCAVIAR,0.0164497,False,False,False
chr1:171636338:G:A,rs74315329,ENSG00000135845,PIGC,sQTL,Skin_Sun_Exposed_Lower_leg,eCAVIAR,0.0164497,False,False,False
chr1:171636338:G:A,rs74315329,ENSG00000135845,PIGC,eQTL,Artery_Tibial,eCAVIAR,0.0164497,False,False,False
chr1:171636338:G:A,rs74315329,ENSG00000135845,PIGC,sQTL,Lung,eCAVIAR,0.0164497,False,False,False
chr1:171636338:G:A,rs74315329,ENSG00000135845,PIGC,sQTL,Colon_Sigmoid,eCAVIAR,0.0164497,False,False,False
chr1:171636338:G:A,rs74315329,ENSG00000135845,PIGC,sQTL,Breast_Mammary_Tissue,eCAVIAR,0.0164497,False,False,False
chr1:171636338:G:A,rs74315329,ENSG00000135845,PIGC,sQTL,Stomach,eCAVIAR,0.0164497,False,False,False
chr1:171636338:G:A,rs74315329,ENSG00000135845,PIGC,sQTL,Colon_Transverse,eCAVIAR,0.0164497,False,False,False
chr1:171636338:G:A,rs74315329,ENSG00000135845,PIGC,sQTL,Vagina,eCAVIAR,0.0164497,False,False,False
chr1:171636338:G:A,rs74315329,ENSG00000135845,PIGC,sQTL,Brain_Hypothalamus,eCAVIAR,0.0164497,False,False,False
chr1:171636338:G:A,rs74315329,ENSG00000135845,PIGC,sQTL,Brain_Cerebellum,eCAVIAR,0.0164497,False,False,False
chr1:171636338:G:A,rs74315329,ENSG00000135845,PIGC,sQTL,Small_Intestine_Terminal_Ileum,eCAVIAR,0.0164497,False,False,False
chr1:171636338:G:A,rs74315329,ENSG00000135845,PIGC,sQTL,Brain_Nucleus_accumbens_basal_ganglia,eCAVIAR,0.0164497,False,False,False
chr1:171636338:G:A,rs74315329,ENSG00000135845,PIGC,sQTL,Pancreas,eCAVIAR,0.0164497,False,False,False
chr1:171636338:G:A,rs74315329,ENSG00000135845,PIGC,eQTL,Esophagus_Gastroesophageal_Junction,eCAVIAR,0.0164497,False,False,False
chr1:171636338:G:A,rs74315329,ENSG00000135845,PIGC,sQTL,Esophagus_Mucosa,eCAVIAR,0.0164495,False,False,False
chr1:171636338:G:A,rs74315329,ENSG00000135845,PIGC,sQTL,Testis,eCAVIAR,0.0164494,False,False,False
chr12:111494996:C:T,rs7137828,ENSG00000173064,HECTD4,eQTL,Retina,eCAVIAR,0.0164478,False,False,False
chr6:29839124:G:C,rs407238/rs115586772,ENSG00000234745,HLA-B,sQTL,Esophagus_Mucosa,eCAVIAR,0.0164469,False,False,False
chr2:71424809:T:A,rs12613800,ENSG00000144036,EXOC6B,sQTL,Thyroid,eCAVIAR,0.0164464,False,False,False
chr15:61655081:G:C,rs12438742,ENSG00000259498,RP11-244F12.3,eQTL,Cells_Cultured_fibroblasts,eCAVIAR,0.0164361,False,False,False
chr1:171636338:G:A,rs74315329,ENSG00000135845,PIGC,sQTL,Brain_Putamen_basal_ganglia,eCAVIAR,0.0164356,False,False,False
chr20:6489447:G:A,rs2326788,ENSG00000125772,GPCPD1,eQTL,Whole_Blood,eCAVIAR,0.0164263,False,False,False
chr7:151808612:C:T,rs62478245,ENSG00000133612,AGAP3,eQTL,Stomach,eCAVIAR,0.016421,False,False,False
chr2:55705879:C:T,rs2627761,ENSG00000115380,EFEMP1,sQTL,Heart_Atrial_Appendage,eCAVIAR,0.0164131,False,False,False
chr14:75905315:G:C,rs4903352,ENSG00000119699,TGFB3,eQTL,Brain_Cerebellar_Hemisphere,eCAVIAR,0.0164124,False,False,False
chr7:151808612:C:T,rs62478245,ENSG00000164896,FASTK,eQTL,Pituitary,eCAVIAR,0.0164054,False,False,False
chr1:171636338:G:A,rs74315329,ENSG00000135845,PIGC,sQTL,Artery_Coronary,eCAVIAR,0.0164017,False,False,False
chr1:171636338:G:A,rs74315329,ENSG00000135845,PIGC,sQTL,Artery_Coronary,eCAVIAR,0.0164017,False,False,False
chr6:29839124:G:C,rs407238/rs115586772,ENSG00000137411,VARS2,eQTL,Prostate,eCAVIAR,0.0163936,False,False,False
chr7:151808612:C:T,rs62478245,ENSG00000164896,FASTK,eQTL,Stomach,eCAVIAR,0.0163909,False,False,False
chr15:91788477:G:A,rs8038628,ENSG00000258676,RP11-386M24.3,eQTL,Esophagus_Gastroesophageal_Junction,eCAVIAR,0.0163888,False,False,False
chr11:16989629:C:A,rs4141194,ENSG00000129167,TPH1,eQTL,Brain_Cerebellum,eCAVIAR,0.0163865,False,False,False
chr7:103984366:G:A,rs12667675,ENSG00000228049,POLR2J2,eQTL,Muscle_Skeletal,eCAVIAR,0.0163811,False,False,False
chr7:103984366:G:A,rs12667675,ENSG00000228049,POLR2J2,eQTL,Muscle_Skeletal,eCAVIAR,0.0163804,False,False,False
chr1:112699500:G:T,rs1106287,ENSG00000238198,RP11-31F15.2,eQTL,Spleen,eCAVIAR,0.0163695,False,False,False
chr1:112699500:G:T,rs1106287,ENSG00000232450,RP4-730K3.3,eQTL,Breast_Mammary_Tissue,eCAVIAR,0.0163683,False,False,False
chr6:29839124:G:C,rs407238/rs115586772,ENSG00000204538,PSORS1C2,eQTL,Uterus,eCAVIAR,0.0163674,False,False,False
chr1:112699500:G:T,rs1106287,ENSG00000273483,RP4-671G15.2,eQTL,Artery_Aorta,eCAVIAR,0.016367,False,False,False
chr12:111494996:C:T,rs7137828,ENSG00000198270,TMEM116,sQTL,Stomach,eCAVIAR,0.0163649,False,False,False
chr7:151808612:C:T,rs62478245,ENSG00000133612,AGAP3,eQTL,Pancreas,eCAVIAR,0.0163646,False,False,False
chr7:151808612:C:T,rs62478245,ENSG00000164896,FASTK,eQTL,Brain_Cerebellum,eCAVIAR,0.0163571,False,False,False
chr11:16989629:C:A,rs4141194,ENSG00000272034,SNORD14A,eQTL,Artery_Aorta,eCAVIAR,0.0163568,False,False,False
chr11:16989629:C:A,rs4141194,ENSG00000272034,SNORD14A,eQTL,Artery_Aorta,eCAVIAR,0.0163568,False,False,False
chr11:16989629:C:A,rs4141194,ENSG00000272034,SNORD14A,eQTL,Artery_Aorta,eCAVIAR,0.0163568,False,False,False
chr15:91788477:G:A,rs8038628,ENSG00000140564,FURIN,sQTL,Nerve_Tibial,eCAVIAR,0.0163538,False,False,False
chr13:73065233:G:A,rs9530143,ENSG00000204899,MZT1,eQTL,Esophagus_Mucosa,eCAVIAR,0.0163535,False,False,False
chr7:151808612:C:T,rs62478245,ENSG00000013374,NUB1,sQTL,Thyroid,eCAVIAR,0.0163453,False,False,False
chr11:16989629:C:A,rs4141194,ENSG00000188211,NCR3LG1,eQTL,Heart_Atrial_Appendage,eCAVIAR,0.016338,False,False,False
chr7:35921527:C:T,rs6957752,ENSG00000122547,EEPD1,eQTL,Lung,eCAVIAR,0.0163332,False,False,False
chr15:91788477:G:A,rs8038628,ENSG00000260337,RP11-386M24.6,eQTL,Artery_Aorta,eCAVIAR,0.0163292,False,False,False
chr6:29839124:G:C,rs407238/rs115586772,ENSG00000234745,HLA-B,eQTL,Whole_Blood,eCAVIAR,0.0163001,False,False,False
chr7:151808612:C:T,rs62478245,ENSG00000244151,RP11-148K1.12,eQTL,Colon_Transverse,eCAVIAR,0.0163,False,False,False
chr7:151808612:C:T,rs62478245,ENSG00000278685,IQCA1L,eQTL,Muscle_Skeletal,eCAVIAR,0.0162846,False,False,False
chr13:22099731:G:A,rs4769194,ENSG00000165475,CRYL1,sQTL,Pituitary,eCAVIAR,0.0162819,False,False,False
chr13:22099731:G:A,rs4769194,ENSG00000180776,ZDHHC20,eQTL,Uterus,eCAVIAR,0.0162779,False,False,False
chr7:35921527:C:T,rs6957752,ENSG00000228878,SEPT7-AS1,eQTL,Skin_Not_Sun_Exposed_Suprapubic,eCAVIAR,0.0162739,False,False,False
chr12:111494996:C:T,rs7137828,ENSG00000111229,ARPC3,eQTL,Artery_Tibial,eCAVIAR,0.0162633,False,False,False
chr7:151808612:C:T,rs62478245,ENSG00000278685,IQCA1L,eQTL,Artery_Aorta,eCAVIAR,0.0162455,False,False,False
chr7:151808612:C:T,rs62478245,ENSG00000278685,IQCA1L,eQTL,Nerve_Tibial,eCAVIAR,0.0162455,False,False,False
chr7:151808612:C:T,rs62478245,ENSG00000278685,IQCA1L,eQTL,Adipose_Subcutaneous,eCAVIAR,0.0162455,False,False,False
chr7:151808612:C:T,rs62478245,ENSG00000278685,IQCA1L,eQTL,Artery_Tibial,eCAVIAR,0.0162455,False,False,False
chr20:46905414:G:A,rs6124885,ENSG00000124257,NEURL2,eQTL,Artery_Aorta,eCAVIAR,0.016245,False,False,False
chr6:36602589:C:T,rs7344,ENSG00000180316,PNPLA1,eQTL,Skin_Sun_Exposed_Lower_leg,eCAVIAR,0.0162428,False,False,False
chr6:36602589:C:T,rs7344,ENSG00000180316,PNPLA1,eQTL,Skin_Sun_Exposed_Lower_leg,eCAVIAR,0.0162428,False,False,False
chr1:112699500:G:T,rs1106287,ENSG00000273483,RP4-671G15.2,eQTL,Adipose_Visceral_Omentum,eCAVIAR,0.0162355,False,False,False
chr7:103984366:G:A,rs12667675,ENSG00000170629,DPY19L2P2,eQTL,Adipose_Subcutaneous,eCAVIAR,0.0162203,False,False,False
chr11:65569780:T:A,rs1346,ENSG00000149792,MRPL49,eQTL,Testis,eCAVIAR,0.0161914,False,False,False
chr14:75905315:G:C,rs4903352,ENSG00000119686,FLVCR2,eQTL,Colon_Sigmoid,eCAVIAR,0.0161819,False,False,False
chr20:6489447:G:A,rs2326788,ENSG00000278192,RP5-1056H1.2,eQTL,Nerve_Tibial,eCAVIAR,0.0161816,False,False,False
chr10:10798886:C:A,rs6602453,ENSG00000225383,SFTA1P,eQTL,Brain_Amygdala,eCAVIAR,0.0161724,False,False,False
chr7:151808612:C:T,rs62478245,ENSG00000033050,ABCF2,eQTL,Testis,eCAVIAR,0.0161721,False,False,False
chr7:151808612:C:T,rs62478245,ENSG00000033050,ABCF2,eQTL,Adipose_Subcutaneous,eCAVIAR,0.0161721,False,False,False
chr7:151808612:C:T,rs62478245,ENSG00000033050,ABCF2,eQTL,Thyroid,eCAVIAR,0.0161721,False,False,False
chr7:151808612:C:T,rs62478245,ENSG00000033050,ABCF2,eQTL,Skin_Sun_Exposed_Lower_leg,eCAVIAR,0.0161721,False,False,False
chr7:151808612:C:T,rs62478245,ENSG00000033050,ABCF2,eQTL,Skin_Not_Sun_Exposed_Suprapubic,eCAVIAR,0.0161721,False,False,False
chr7:151808612:C:T,rs62478245,ENSG00000033050,ABCF2,eQTL,Whole_Blood,eCAVIAR,0.0161721,False,False,False
chr7:151808612:C:T,rs62478245,ENSG00000033050,ABCF2,eQTL,Esophagus_Mucosa,eCAVIAR,0.0161721,False,False,False
chr7:151808612:C:T,rs62478245,ENSG00000033050,ABCF2,sQTL,Ovary,eCAVIAR,0.0161721,False,False,False
chr7:151808612:C:T,rs62478245,ENSG00000033050,ABCF2,eQTL,Artery_Tibial,eCAVIAR,0.0161721,False,False,False
chr7:151808612:C:T,rs62478245,ENSG00000033050,ABCF2,sQTL,Cells_Cultured_fibroblasts,eCAVIAR,0.0161721,False,False,False
chr7:151808612:C:T,rs62478245,ENSG00000033050,ABCF2,sQTL,Cells_Cultured_fibroblasts,eCAVIAR,0.0161721,False,False,False
chr7:151808612:C:T,rs62478245,ENSG00000033050,ABCF2,eQTL,Lung,eCAVIAR,0.0161721,False,False,False
chr7:151808612:C:T,rs62478245,ENSG00000033050,ABCF2,sQTL,Skin_Not_Sun_Exposed_Suprapubic,eCAVIAR,0.0161721,False,False,False
chr7:151808612:C:T,rs62478245,ENSG00000033050,ABCF2,sQTL,Heart_Left_Ventricle,eCAVIAR,0.0161721,False,False,False
chr7:151808612:C:T,rs62478245,ENSG00000033050,ABCF2,sQTL,Muscle_Skeletal,eCAVIAR,0.0161721,False,False,False
chr7:151808612:C:T,rs62478245,ENSG00000033100,CHPF2,sQTL,Cells_Cultured_fibroblasts,eCAVIAR,0.0161721,False,False,False
chr7:151808612:C:T,rs62478245,ENSG00000033100,CHPF2,sQTL,Skin_Sun_Exposed_Lower_leg,eCAVIAR,0.0161721,False,False,False
chr7:151808612:C:T,rs62478245,ENSG00000033100,CHPF2,sQTL,Skin_Not_Sun_Exposed_Suprapubic,eCAVIAR,0.0161721,False,False,False
chr7:151808612:C:T,rs62478245,ENSG00000033100,CHPF2,sQTL,Thyroid,eCAVIAR,0.0161721,False,False,False
chr7:151808612:C:T,rs62478245,ENSG00000033100,CHPF2,sQTL,Artery_Tibial,eCAVIAR,0.0161721,False,False,False
chr7:151808612:C:T,rs62478245,ENSG00000033100,CHPF2,eQTL,Brain_Caudate_basal_ganglia,eCAVIAR,0.0161721,False,False,False
chr7:151808612:C:T,rs62478245,ENSG00000033100,CHPF2,sQTL,Whole_Blood,eCAVIAR,0.0161721,False,False,False
chr7:151808612:C:T,rs62478245,ENSG00000033100,CHPF2,eQTL,Cells_Cultured_fibroblasts,eCAVIAR,0.0161721,False,False,False
chr7:151808612:C:T,rs62478245,ENSG00000033100,CHPF2,sQTL,Esophagus_Mucosa,eCAVIAR,0.0161721,False,False,False
chr7:151808612:C:T,rs62478245,ENSG00000033100,CHPF2,sQTL,Testis,eCAVIAR,0.0161721,False,False,False
chr7:151808612:C:T,rs62478245,ENSG00000033100,CHPF2,eQTL,Lung,eCAVIAR,0.0161721,False,False,False
chr7:151808612:C:T,rs62478245,ENSG00000033100,CHPF2,sQTL,Lung,eCAVIAR,0.0161721,False,False,False
chr7:151808612:C:T,rs62478245,ENSG00000033100,CHPF2,sQTL,Nerve_Tibial,eCAVIAR,0.0161721,False,False,False
chr7:151808612:C:T,rs62478245,ENSG00000033100,CHPF2,eQTL,Brain_Nucleus_accumbens_basal_ganglia,eCAVIAR,0.0161721,False,False,False
chr7:151808612:C:T,rs62478245,ENSG00000033050,ABCF2,sQTL,Stomach,eCAVIAR,0.016172,False,False,False
chr7:151808612:C:T,rs62478245,ENSG00000033050,ABCF2,eQTL,Cells_Cultured_fibroblasts,eCAVIAR,0.0161717,False,False,False
chr7:151808612:C:T,rs62478245,ENSG00000033050,ABCF2,eQTL,Breast_Mammary_Tissue,eCAVIAR,0.0161716,False,False,False
chr7:151808612:C:T,rs62478245,ENSG00000033100,CHPF2,sQTL,Artery_Aorta,eCAVIAR,0.0161709,False,False,False
chr7:151808612:C:T,rs62478245,ENSG00000033100,CHPF2,eQTL,Brain_Cortex,eCAVIAR,0.0161693,False,False,False
chr7:151808612:C:T,rs62478245,ENSG00000033100,CHPF2,eQTL,Colon_Transverse,eCAVIAR,0.0161666,False,False,False
chr11:16989629:C:A,rs4141194,ENSG00000129167,TPH1,eQTL,Brain_Cerebellar_Hemisphere,eCAVIAR,0.0161645,False,False,False
chr2:71424809:T:A,rs12613800,ENSG00000152672,CLEC4F,eQTL,Brain_Cortex,eCAVIAR,0.0161534,False,False,False
chr17:45948522:C:A,rs242559/rs114919114,ENSG00000267198,RP11-798G7.6,eQTL,Brain_Anterior_cingulate_cortex_BA24,eCAVIAR,0.0161483,False,False,False
chr1:68371486:C:A,rs4076000,ENSG00000142864,SERBP1,eQTL,Artery_Tibial,eCAVIAR,0.0161416,False,False,False
chr7:151808612:C:T,rs62478245,ENSG00000197150,ABCB8,sQTL,Thyroid,eCAVIAR,0.0161393,False,False,False
chr7:151808612:C:T,rs62478245,ENSG00000033100,CHPF2,sQTL,Adrenal_Gland,eCAVIAR,0.0161139,False,False,False
chr14:74618126:G:A,rs754458,ENSG00000119682,AREL1,eQTL,Muscle_Skeletal,eCAVIAR,0.0160926,False,False,False
chr11:86657064:C:T,rs10792871,ENSG00000279742,RP11-700A24.1,eQTL,Thyroid,eCAVIAR,0.0160914,False,False,False
chr6:29839124:G:C,rs407238/rs115586772,ENSG00000204538,PSORS1C2,eQTL,Colon_Transverse,eCAVIAR,0.0160902,False,False,False
chr15:73928957:C:T,rs1550437,ENSG00000103855,CD276,eQTL,Lung,eCAVIAR,0.016077,False,False,False
chr7:151808612:C:T,rs62478245,ENSG00000013374,NUB1,eQTL,Adipose_Subcutaneous,eCAVIAR,0.0160747,False,False,False
chr1:112699500:G:T,rs1106287,ENSG00000155380,SLC16A1,eQTL,Skin_Not_Sun_Exposed_Suprapubic,eCAVIAR,0.0160744,False,False,False
chr7:151808612:C:T,rs62478245,ENSG00000013374,NUB1,eQTL,Skin_Not_Sun_Exposed_Suprapubic,eCAVIAR,0.0160573,False,False,False
chr1:112699500:G:T,rs1106287,ENSG00000081026,MAGI3,eQTL,Adipose_Subcutaneous,eCAVIAR,0.0160538,False,False,False
chr1:162709355:G:A,rs4542196,ENSG00000283317,RP11-122G18.11,eQTL,Thyroid,eCAVIAR,0.0160533,False,False,False
chr6:29839124:G:C,rs407238/rs115586772,ENSG00000204536,CCHCR1,sQTL,Artery_Aorta,eCAVIAR,0.0160207,False,False,False
chr17:45948522:C:A,rs242559/rs114919114,ENSG00000181513,ACBD4,eQTL,Adipose_Visceral_Omentum,eCAVIAR,0.0160101,False,False,False
chr7:151808612:C:T,rs62478245,ENSG00000196584,XRCC2,eQTL,Brain_Amygdala,eCAVIAR,0.0160058,False,False,False
chr7:151808612:C:T,rs62478245,ENSG00000244151,RP11-148K1.12,sQTL,Ovary,eCAVIAR,0.0160019,False,False,False
chr7:151808612:C:T,rs62478245,ENSG00000033100,CHPF2,eQTL,Artery_Tibial,eCAVIAR,0.0159914,False,False,False
chr11:120327384:G:A,rs1893261,ENSG00000196914,ARHGEF12,eQTL,Cells_Cultured_fibroblasts,eCAVIAR,0.0159909,False,False,False
chr13:73065233:G:A,rs9530143,ENSG00000204899,MZT1,eQTL,Adipose_Subcutaneous,eCAVIAR,0.0159843,False,False,False
chr12:111494996:C:T,rs7137828,ENSG00000198270,TMEM116,sQTL,Heart_Left_Ventricle,eCAVIAR,0.015973,False,False,False
chr17:45948522:C:A,rs242559/rs114919114,ENSG00000185829,ARL17A,sQTL,Brain_Spinal_cord_cervical_c-1,eCAVIAR,0.0159672,False,False,False
chr10:76522305:C:T,rs2637250,ENSG00000148655,C10orf11,eQTL,Brain_Anterior_cingulate_cortex_BA24,eCAVIAR,0.0159462,False,False,False
chr9:133255801:C:T,rs8176749,ENSG00000148288,GBGT1,eQTL,Cells_Cultured_fibroblasts,eCAVIAR,0.0159395,False,False,False
chr1:112699500:G:T,rs1106287,ENSG00000155380,SLC16A1,eQTL,Spleen,eCAVIAR,0.0159283,False,False,False
chr20:46905414:G:A,rs6124885,ENSG00000198185,ZNF334,eQTL,Ovary,eCAVIAR,0.0159254,False,False,False
chr13:110125592:G:C,rs2218471,ENSG00000274331,RP11-403A3.1,eQTL,Artery_Aorta,eCAVIAR,0.0159244,False,False,False
chr12:28050312:T:A,rs7972874,ENSG00000247934,RP11-967K21.1,eQTL,Vagina,eCAVIAR,0.015902,False,False,False
chr7:151808612:C:T,rs62478245,ENSG00000196584,XRCC2,eQTL,Brain_Spinal_cord_cervical_c-1,eCAVIAR,0.0158899,False,False,False
chr15:91788477:G:A,rs8038628,ENSG00000258725,PRC1-AS1,eQTL,Colon_Transverse,eCAVIAR,0.0158898,False,False,False
chr1:8435530:G:A,rs172531,ENSG00000074800,ENO1,eQTL,Adipose_Subcutaneous,eCAVIAR,0.0158739,False,False,False
chr14:60509819:C:A,rs33912345,ENSG00000181619,GPR135,eQTL,Brain_Caudate_basal_ganglia,eCAVIAR,0.0158687,False,False,False
chr6:29839124:G:C,rs407238/rs115586772,ENSG00000137312,FLOT1,eQTL,Breast_Mammary_Tissue,eCAVIAR,0.0158653,False,False,False
chr10:10798886:C:A,rs6602453,ENSG00000225383,SFTA1P,eQTL,Brain_Hippocampus,eCAVIAR,0.0158514,False,False,False
chr7:151808612:C:T,rs62478245,ENSG00000033050,ABCF2,sQTL,Breast_Mammary_Tissue,eCAVIAR,0.0158447,False,False,False
chr2:71424809:T:A,rs12613800,ENSG00000116031,CD207,eQTL,Adipose_Subcutaneous,eCAVIAR,0.0158372,False,False,False
chr1:165768467:G:C,rs2790053,ENSG00000143183,TMCO1,eQTL,Breast_Mammary_Tissue,eCAVIAR,0.0158174,False,False,False
chr13:75684584:G:A,rs9544024,ENSG00000223458,LMO7DN-IT1,eQTL,Nerve_Tibial,eCAVIAR,0.0158139,False,False,False
chr13:75684584:G:A,rs9544024,ENSG00000223458,LMO7DN-IT1,eQTL,Nerve_Tibial,eCAVIAR,0.0158139,False,False,False
chr11:16989629:C:A,rs4141194,ENSG00000272034,SNORD14A,eQTL,Adrenal_Gland,eCAVIAR,0.0158007,False,False,False
chr11:130412183:C:T,rs2875238,ENSG00000175773,RP11-121M22.1,eQTL,Esophagus_Mucosa,eCAVIAR,0.0157948,False,False,False
chr6:36602589:C:T,rs7344,ENSG00000124772,CPNE5,eQTL,Adipose_Subcutaneous,eCAVIAR,0.0157911,False,False,False
chr2:55705879:C:T,rs2627761,ENSG00000238018,AC093110.3,eQTL,Artery_Aorta,eCAVIAR,0.0157742,False,False,False
chr15:91788477:G:A,rs8038628,ENSG00000184056,VPS33B,eQTL,Brain_Cerebellar_Hemisphere,eCAVIAR,0.0157662,False,False,False
chr7:103984366:G:A,rs12667675,ENSG00000228049,POLR2J2,eQTL,Brain_Caudate_basal_ganglia,eCAVIAR,0.0157416,False,False,False
chr22:19882624:C:T,rs8141610,ENSG00000093010,COMT,eQTL,Brain_Cortex,eCAVIAR,0.0157382,False,False,False
chr7:103984366:G:A,rs12667675,ENSG00000228049,POLR2J2,eQTL,Brain_Caudate_basal_ganglia,eCAVIAR,0.0157353,False,False,False
chr15:73928957:C:T,rs1550437,ENSG00000178802,MPI,sQTL,Colon_Transverse,eCAVIAR,0.015734,False,False,False
chr7:151808612:C:T,rs62478245,ENSG00000033050,ABCF2,sQTL,Colon_Transverse,eCAVIAR,0.0157266,False,False,False
chr10:93169359:C:T,rs10882167,ENSG00000232709,MARK2P9,eQTL,Uterus,eCAVIAR,0.0157159,False,False,False
chr1:8435530:G:A,rs172531,ENSG00000232912,RP5-1115A15.1,eQTL,Skin_Sun_Exposed_Lower_leg,eCAVIAR,0.0157099,False,False,False
chr12:111494996:C:T,rs7137828,ENSG00000198270,TMEM116,sQTL,Artery_Aorta,eCAVIAR,0.0157069,False,False,False
chr17:61161860:G:A,rs11868441,ENSG00000087995,METTL2A,eQTL,Adipose_Subcutaneous,eCAVIAR,0.0157017,False,False,False
chr17:45948522:C:A,rs242559/rs114919114,ENSG00000172992,DCAKD,eQTL,Brain_Cortex,eCAVIAR,0.0157005,False,False,False
chr14:74618126:G:A,rs754458,ENSG00000119725,ZNF410,eQTL,Brain_Cerebellum,eCAVIAR,0.0156914,False,False,False
chr7:35921527:C:T,rs6957752,ENSG00000226102,SEPT7P3,eQTL,Cells_Cultured_fibroblasts,eCAVIAR,0.0156842,False,False,False
chr15:91788477:G:A,rs8038628,ENSG00000166965,RCCD1,eQTL,Pituitary,eCAVIAR,0.0156699,False,False,False
chr7:151808612:C:T,rs62478245,ENSG00000133612,AGAP3,eQTL,Artery_Aorta,eCAVIAR,0.0156688,False,False,False
chr14:74618126:G:A,rs754458,ENSG00000119711,ALDH6A1,eQTL,Thyroid,eCAVIAR,0.0156653,False,False,False
chr1:8435530:G:A,rs172531,ENSG00000074800,ENO1,sQTL,Whole_Blood,eCAVIAR,0.0156394,False,False,False
chr9:110549951:G:C,rs61751937,ENSG00000173258,ZNF483,eQTL,Artery_Tibial,eCAVIAR,0.0156298,False,False,False
chr14:74618126:G:A,rs754458,ENSG00000258695,RP3-414A15.2,eQTL,Heart_Left_Ventricle,eCAVIAR,0.0156248,False,False,False
chr17:45948522:C:A,rs242559/rs114919114,ENSG00000184361,SPATA32,eQTL,Cells_EBV-transformed_lymphocytes,eCAVIAR,0.0156218,False,False,False
chr1:68371486:C:A,rs4076000,ENSG00000235200,LINC01702,eQTL,Liver,eCAVIAR,0.0156091,False,False,False
chr2:66310212:G:T,rs4414666,ENSG00000143971,ETAA1,eQTL,Heart_Atrial_Appendage,eCAVIAR,0.0155739,False,False,False
chr7:151808612:C:T,rs62478245,ENSG00000133627,ACTR3B,sQTL,Breast_Mammary_Tissue,eCAVIAR,0.0155375,False,False,False
chr7:103984366:G:A,rs12667675,ENSG00000135250,SRPK2,eQTL,Artery_Aorta,eCAVIAR,0.015533,False,False,False
chr6:29839124:G:C,rs407238/rs115586772,ENSG00000234745,HLA-B,eQTL,Breast_Mammary_Tissue,eCAVIAR,0.0155238,False,False,False
chr15:91788477:G:A,rs8038628,ENSG00000184508,HDDC3,eQTL,Retina,eCAVIAR,0.0154981,False,False,False
chr12:111494996:C:T,rs7137828,ENSG00000198324,FAM109A,eQTL,Spleen,eCAVIAR,0.0154679,False,False,False
chr1:171636338:G:A,rs74315329,ENSG00000007933,FMO3,eQTL,Thyroid,eCAVIAR,0.0154553,False,False,False
chr2:55705879:C:T,rs2627761,ENSG00000162994,CLHC1,sQTL,Brain_Cerebellum,eCAVIAR,0.0154287,False,False,False
chr2:55705879:C:T,rs2627761,ENSG00000162994,CLHC1,sQTL,Brain_Cerebellum,eCAVIAR,0.0154287,False,False,False
chr12:111494996:C:T,rs7137828,ENSG00000089022,MAPKAPK5,eQTL,Colon_Sigmoid,eCAVIAR,0.0154258,False,False,False
chr1:8435530:G:A,rs172531,ENSG00000232912,RP5-1115A15.1,eQTL,Whole_Blood,eCAVIAR,0.0154242,False,False,False
chr13:110125592:G:C,rs2218471,ENSG00000088448,ANKRD10,sQTL,Whole_Blood,eCAVIAR,0.0154142,False,False,False
chr11:16989629:C:A,rs4141194,ENSG00000260196,RP1-239B22.5,eQTL,Brain_Caudate_basal_ganglia,eCAVIAR,0.0154125,False,False,False
chr1:87747331:C:T,rs12139208,ENSG00000143013,LMO4,sQTL,Artery_Coronary,eCAVIAR,0.0154048,False,False,False
chr11:16989629:C:A,rs4141194,ENSG00000272034,SNORD14A,eQTL,Thyroid,eCAVIAR,0.0154034,False,False,False
chrX:13936278:C:T,rs66819623,ENSG00000223773,CD99P1,eQTL,Nerve_Tibial,eCAVIAR,0.0153952,False,False,False
chrX:3411552:C:T,rs12846405,ENSG00000223773,CD99P1,eQTL,Nerve_Tibial,eCAVIAR,0.0153952,False,False,False
chrX:44081581:C:T,rs17146835,ENSG00000223773,CD99P1,eQTL,Nerve_Tibial,eCAVIAR,0.0153952,False,False,False
chr15:91788477:G:A,rs8038628,ENSG00000176463,SLCO3A1,sQTL,Thyroid,eCAVIAR,0.0153888,False,False,False
chr7:151808612:C:T,rs62478245,ENSG00000033100,CHPF2,eQTL,Thyroid,eCAVIAR,0.0153849,False,False,False
chr1:8435530:G:A,rs172531,ENSG00000162426,SLC45A1,eQTL,Cells_Cultured_fibroblasts,eCAVIAR,0.0153835,False,False,False
chr11:16989629:C:A,rs4141194,ENSG00000129158,SERGEF,sQTL,Muscle_Skeletal,eCAVIAR,0.0153764,False,False,False
chr6:36602589:C:T,rs7344,ENSG00000096070,BRPF3,eQTL,Brain_Cerebellum,eCAVIAR,0.015369,False,False,False
chr6:36602589:C:T,rs7344,ENSG00000096070,BRPF3,eQTL,Brain_Cerebellum,eCAVIAR,0.015369,False,False,False
chr7:35921527:C:T,rs6957752,ENSG00000122547,EEPD1,eQTL,Cells_Cultured_fibroblasts,eCAVIAR,0.0153601,False,False,False
chr17:45948522:C:A,rs242559/rs114919114,ENSG00000266918,RP11-798G7.8,eQTL,Brain_Caudate_basal_ganglia,eCAVIAR,0.0153492,False,False,False
chr9:133255801:C:T,rs8176749,ENSG00000148300,REXO4,eQTL,Testis,eCAVIAR,0.0153488,False,False,False
chr4:88831125:G:A,rs57400569,ENSG00000145332,KLHL8,sQTL,Adrenal_Gland,eCAVIAR,0.0153471,False,False,False
chr4:88831125:G:A,rs57400569,ENSG00000145332,KLHL8,sQTL,Adrenal_Gland,eCAVIAR,0.0153471,False,False,False
chr4:53161428:G:A,rs10517281,ENSG00000226950,DANCR,eQTL,Skin_Not_Sun_Exposed_Suprapubic,eCAVIAR,0.0153438,False,False,False
chr9:110549951:G:C,rs61751937,ENSG00000136813,KIAA0368,eQTL,Brain_Spinal_cord_cervical_c-1,eCAVIAR,0.015322,False,False,False
chr15:91788477:G:A,rs8038628,ENSG00000184508,HDDC3,eQTL,Skin_Not_Sun_Exposed_Suprapubic,eCAVIAR,0.0152987,False,False,False
chr22:28712241:G:A,rs5752776,ENSG00000100219,XBP1,eQTL,Heart_Atrial_Appendage,eCAVIAR,0.0152969,False,False,False
chr7:151808612:C:T,rs62478245,ENSG00000164896,FASTK,sQTL,Spleen,eCAVIAR,0.0152877,False,False,False
chr6:29839124:G:C,rs407238/rs115586772,ENSG00000234745,HLA-B,sQTL,Pancreas,eCAVIAR,0.0152764,False,False,False
chr7:35921527:C:T,rs6957752,ENSG00000226102,SEPT7P3,eQTL,Adipose_Visceral_Omentum,eCAVIAR,0.015273,False,False,False
chr14:74618126:G:A,rs754458,ENSG00000156030,ELMSAN1,eQTL,Colon_Sigmoid,eCAVIAR,0.0152724,False,False,False
chr7:151808612:C:T,rs62478245,ENSG00000033050,ABCF2,sQTL,Lung,eCAVIAR,0.0152687,False,False,False
chr13:75684584:G:A,rs9544024,ENSG00000178734,LMO7DN,eQTL,Skin_Sun_Exposed_Lower_leg,eCAVIAR,0.0152353,False,False,False
chr7:35921527:C:T,rs6957752,ENSG00000227544,AC018647.3,eQTL,Muscle_Skeletal,eCAVIAR,0.0152286,False,False,False
chr7:103984366:G:A,rs12667675,ENSG00000105808,RASA4,eQTL,Heart_Left_Ventricle,eCAVIAR,0.0152147,False,False,False
chr4:88831125:G:A,rs57400569,ENSG00000145335,SNCA,eQTL,Breast_Mammary_Tissue,eCAVIAR,0.015188,False,False,False
chr4:88831125:G:A,rs57400569,ENSG00000145335,SNCA,eQTL,Breast_Mammary_Tissue,eCAVIAR,0.015188,False,False,False
chr15:91788477:G:A,rs8038628,ENSG00000166965,RCCD1,eQTL,Pituitary,eCAVIAR,0.0151695,False,False,False
chr15:91788477:G:A,rs8038628,ENSG00000182511,FES,sQTL,Adipose_Visceral_Omentum,eCAVIAR,0.0151528,False,False,False
chr15:91788477:G:A,rs8038628,ENSG00000182511,FES,sQTL,Adipose_Visceral_Omentum,eCAVIAR,0.0151528,False,False,False
chr1:68371486:C:A,rs4076000,ENSG00000116745,RPE65,eQTL,Testis,eCAVIAR,0.0151527,False,False,False
chr10:10798886:C:A,rs6602453,ENSG00000225383,SFTA1P,eQTL,Heart_Atrial_Appendage,eCAVIAR,0.0151517,False,False,False
chr13:75684584:G:A,rs9544024,ENSG00000178734,LMO7DN,eQTL,Lung,eCAVIAR,0.015151,False,False,False
chr13:75684584:G:A,rs9544024,ENSG00000178734,LMO7DN,eQTL,Lung,eCAVIAR,0.015151,False,False,False
chr7:151808612:C:T,rs62478245,ENSG00000239911,PRKAG2-AS1,sQTL,Brain_Frontal_Cortex_BA9,eCAVIAR,0.0151457,False,False,False
chr11:16989629:C:A,rs4141194,ENSG00000179826,MRGPRX3,eQTL,Vagina,eCAVIAR,0.0151416,False,False,False
chr6:36602589:C:T,rs7344,ENSG00000112079,STK38,sQTL,Artery_Coronary,eCAVIAR,0.0151158,False,False,False
chr15:73928957:C:T,rs1550437,ENSG00000140465,CYP1A1,eQTL,Lung,eCAVIAR,0.0151036,False,False,False
chr15:73928957:C:T,rs1550437,ENSG00000140465,CYP1A1,eQTL,Lung,eCAVIAR,0.0151036,False,False,False
chr15:73928957:C:T,rs1550437,ENSG00000140465,CYP1A1,eQTL,Lung,eCAVIAR,0.0151036,False,False,False
chr12:111494996:C:T,rs7137828,ENSG00000139433,GLTP,eQTL,Artery_Tibial,eCAVIAR,0.0150926,False,False,False
chr1:171636338:G:A,rs74315329,ENSG00000135845,PIGC,eQTL,Artery_Aorta,eCAVIAR,0.0150912,False,False,False
chr17:45948522:C:A,rs242559/rs114919114,ENSG00000136448,NMT1,eQTL,Brain_Caudate_basal_ganglia,eCAVIAR,0.0150712,False,False,False
chr10:93169359:C:T,rs10882167,ENSG00000228701,TNKS2-AS1,eQTL,Artery_Tibial,eCAVIAR,0.0150625,False,False,False
chr15:91788477:G:A,rs8038628,ENSG00000258725,PRC1-AS1,eQTL,Cells_Cultured_fibroblasts,eCAVIAR,0.0150557,False,False,False
chr9:110549951:G:C,rs61751937,ENSG00000106853,PTGR1,sQTL,Brain_Cerebellar_Hemisphere,eCAVIAR,0.0150512,False,False,False
chr1:37611020:C:T,rs10908363,ENSG00000116885,OSCP1,eQTL,Adipose_Subcutaneous,eCAVIAR,0.0150507,False,False,False
chr20:6489447:G:A,rs2326788,ENSG00000101311,FERMT1,eQTL,Cells_Cultured_fibroblasts,eCAVIAR,0.0150486,False,False,False
chr1:112699500:G:T,rs1106287,ENSG00000188761,BCL2L15,eQTL,Nerve_Tibial,eCAVIAR,0.0150485,False,False,False
chr6:36602589:C:T,rs7344,ENSG00000112079,STK38,sQTL,Esophagus_Mucosa,eCAVIAR,0.015044,False,False,False
chr7:134835770:C:A,rs10237321,ENSG00000122786,CALD1,eQTL,Breast_Mammary_Tissue,eCAVIAR,0.0150156,False,False,False
chr4:7902636:G:A,rs938604,ENSG00000196526,AFAP1,eQTL,Artery_Aorta,eCAVIAR,0.015011,False,False,False
chr7:151808612:C:T,rs62478245,ENSG00000197150,ABCB8,sQTL,Nerve_Tibial,eCAVIAR,0.0150091,False,False,False
chr15:91788477:G:A,rs8038628,ENSG00000183643,C15orf32,eQTL,Testis,eCAVIAR,0.0150037,False,False,False
chr1:112699500:G:T,rs1106287,ENSG00000081019,RSBN1,eQTL,Retina,eCAVIAR,0.0149969,False,False,False
chr11:65569780:T:A,rs1346,ENSG00000142186,SCYL1,eQTL,Testis,eCAVIAR,0.0149701,False,False,False
chr17:45948522:C:A,rs242559/rs114919114,ENSG00000131484,RP11-798G7.5,eQTL,Small_Intestine_Terminal_Ileum,eCAVIAR,0.0149555,False,False,False
chr6:36602589:C:T,rs7344,ENSG00000112079,STK38,sQTL,Artery_Coronary,eCAVIAR,0.0149542,False,False,False
chr11:47447887:G:A,rs7111873,ENSG00000165923,AGBL2,eQTL,Skin_Sun_Exposed_Lower_leg,eCAVIAR,0.0149322,False,False,False
chr12:111494996:C:T,rs7137828,ENSG00000179295,PTPN11,eQTL,Esophagus_Mucosa,eCAVIAR,0.0149268,False,False,False
chr6:29839124:G:C,rs407238/rs115586772,ENSG00000204536,CCHCR1,sQTL,Small_Intestine_Terminal_Ileum,eCAVIAR,0.014926,False,False,False
chr17:45948522:C:A,rs242559/rs114919114,ENSG00000185829,ARL17A,sQTL,Vagina,eCAVIAR,0.0149023,False,False,False
chr7:151808612:C:T,rs62478245,ENSG00000196584,XRCC2,eQTL,Brain_Amygdala,eCAVIAR,0.0149014,False,False,False
chrX:13936278:C:T,rs66819623,ENSG00000223571,DHRSX-IT1,eQTL,Brain_Putamen_basal_ganglia,eCAVIAR,0.0149005,False,False,False
chrX:3411552:C:T,rs12846405,ENSG00000223571,DHRSX-IT1,eQTL,Brain_Putamen_basal_ganglia,eCAVIAR,0.0149005,False,False,False
chrX:44081581:C:T,rs17146835,ENSG00000223571,DHRSX-IT1,eQTL,Brain_Putamen_basal_ganglia,eCAVIAR,0.0149005,False,False,False
chr6:122324153:C:A,rs7760346,ENSG00000111897,SERINC1,sQTL,Brain_Cortex,eCAVIAR,0.01489,False,False,False
chr1:171636338:G:A,rs74315329,ENSG00000010932,FMO1,eQTL,Lung,eCAVIAR,0.0148866,False,False,False
chr7:103984366:G:A,rs12667675,ENSG00000260097,SPDYE6,eQTL,Adipose_Subcutaneous,eCAVIAR,0.0148799,False,False,False
chr12:111494996:C:T,rs7137828,ENSG00000111271,ACAD10,eQTL,Muscle_Skeletal,eCAVIAR,0.0148542,False,False,False
chr11:115168963:G:A,rs10444329,ENSG00000048028,USP28,eQTL,Esophagus_Gastroesophageal_Junction,eCAVIAR,0.0148461,False,False,False
chr10:10798886:C:A,rs6602453,ENSG00000048740,CELF2,eQTL,Cells_Cultured_fibroblasts,eCAVIAR,0.0148176,False,False,False
chr7:151808612:C:T,rs62478245,ENSG00000244151,RP11-148K1.12,eQTL,Brain_Amygdala,eCAVIAR,0.0148097,False,False,False
chr6:29839124:G:C,rs407238/rs115586772,ENSG00000204525,HLA-C,sQTL,Esophagus_Mucosa,eCAVIAR,0.014808,False,False,False
chr1:171636338:G:A,rs74315329,ENSG00000180999,C1orf105,eQTL,Skin_Not_Sun_Exposed_Suprapubic,eCAVIAR,0.0147952,False,False,False
chr17:61161860:G:A,rs11868441,ENSG00000087995,METTL2A,eQTL,Adipose_Subcutaneous,eCAVIAR,0.014792,False,False,False
chr6:29839124:G:C,rs407238/rs115586772,ENSG00000204536,CCHCR1,sQTL,Pancreas,eCAVIAR,0.0147852,False,False,False
chr11:65569780:T:A,rs1346,ENSG00000173442,EHBP1L1,eQTL,Colon_Transverse,eCAVIAR,0.0147767,False,False,False
chr11:16989629:C:A,rs4141194,ENSG00000129167,TPH1,eQTL,Brain_Cerebellum,eCAVIAR,0.0147544,False,False,False
chr11:16989629:C:A,rs4141194,ENSG00000129167,TPH1,eQTL,Brain_Cerebellum,eCAVIAR,0.0147518,False,False,False
chr2:152508013:G:A,rs1579050,ENSG00000183091,NEB,eQTL,Thyroid,eCAVIAR,0.0147405,False,False,False
chr6:29839124:G:C,rs407238/rs115586772,ENSG00000229274,XXbac-BPG13B8.10,eQTL,Artery_Aorta,eCAVIAR,0.0147271,False,False,False
chr6:29839124:G:C,rs407238/rs115586772,ENSG00000227262,HCG4B,eQTL,Brain_Amygdala,eCAVIAR,0.0147256,False,False,False
chr1:112699500:G:T,rs1106287,ENSG00000226419,SLC16A1-AS1,eQTL,Brain_Putamen_basal_ganglia,eCAVIAR,0.0147207,False,False,False
chr7:151808612:C:T,rs62478245,ENSG00000013374,NUB1,sQTL,Adipose_Subcutaneous,eCAVIAR,0.0147206,False,False,False
chr10:10798886:C:A,rs6602453,ENSG00000048740,CELF2,eQTL,Cells_Cultured_fibroblasts,eCAVIAR,0.014707,False,False,False
chr9:133255801:C:T,rs8176749,ENSG00000175164,ABO,eQTL,Prostate,eCAVIAR,0.0147019,False,False,False
chr7:151808612:C:T,rs62478245,ENSG00000196584,XRCC2,eQTL,Brain_Spinal_cord_cervical_c-1,eCAVIAR,0.0147017,False,False,False
chr1:68371486:C:A,rs4076000,ENSG00000234383,CTBP2P8,eQTL,Esophagus_Muscularis,eCAVIAR,0.0146954,False,False,False
chr15:91788477:G:A,rs8038628,ENSG00000140553,UNC45A,eQTL,Muscle_Skeletal,eCAVIAR,0.0146809,False,False,False
chr6:29839124:G:C,rs407238/rs115586772,ENSG00000204538,PSORS1C2,eQTL,Colon_Transverse,eCAVIAR,0.014679,False,False,False
chr1:8435530:G:A,rs172531,ENSG00000142599,RERE,sQTL,Esophagus_Mucosa,eCAVIAR,0.0146696,False,False,False
chr17:61161860:G:A,rs11868441,ENSG00000108510,MED13,eQTL,Esophagus_Mucosa,eCAVIAR,0.0146584,False,False,False
chr9:110549951:G:C,rs61751937,ENSG00000106853,PTGR1,eQTL,Minor_Salivary_Gland,eCAVIAR,0.014641,False,False,False
chr14:74618126:G:A,rs754458,ENSG00000119636,BBOF1,eQTL,Heart_Atrial_Appendage,eCAVIAR,0.0146264,False,False,False
chr1:112699500:G:T,rs1106287,ENSG00000134262,AP4B1,eQTL,Retina,eCAVIAR,0.0146216,False,False,False
chr8:123542077:T:A,rs62521288,ENSG00000147689,FAM83A,eQTL,Skin_Not_Sun_Exposed_Suprapubic,eCAVIAR,0.0146212,False,False,False
chr12:28050312:T:A,rs7972874,ENSG00000256377,RP11-1060J15.4,eQTL,Esophagus_Muscularis,eCAVIAR,0.0146074,False,False,False
chr6:29839124:G:C,rs407238/rs115586772,ENSG00000277402,MIR6891,eQTL,Adipose_Visceral_Omentum,eCAVIAR,0.0145923,False,False,False
chr7:103984366:G:A,rs12667675,ENSG00000135250,SRPK2,eQTL,Artery_Aorta,eCAVIAR,0.0145883,False,False,False
chr1:68371486:C:A,rs4076000,ENSG00000172380,GNG12,eQTL,Heart_Left_Ventricle,eCAVIAR,0.0145804,False,False,False
chr11:16989629:C:A,rs4141194,ENSG00000260196,RP1-239B22.5,eQTL,Brain_Caudate_basal_ganglia,eCAVIAR,0.0145737,False,False,False
chr11:16989629:C:A,rs4141194,ENSG00000260196,RP1-239B22.5,eQTL,Brain_Caudate_basal_ganglia,eCAVIAR,0.0145737,False,False,False
chr11:16989629:C:A,rs4141194,ENSG00000260196,RP1-239B22.5,eQTL,Brain_Caudate_basal_ganglia,eCAVIAR,0.0145737,False,False,False
chr15:91788477:G:A,rs8038628,ENSG00000140553,UNC45A,sQTL,Esophagus_Gastroesophageal_Junction,eCAVIAR,0.0145679,False,False,False
chr1:68371486:C:A,rs4076000,ENSG00000033122,LRRC7,eQTL,Testis,eCAVIAR,0.0145587,False,False,False
chr1:68371486:C:A,rs4076000,ENSG00000116745,RPE65,eQTL,Skin_Sun_Exposed_Lower_leg,eCAVIAR,0.0145567,False,False,False
chr11:47447887:G:A,rs7111873,ENSG00000213619,NDUFS3,eQTL,Ovary,eCAVIAR,0.0145547,False,False,False
chr6:29839124:G:C,rs407238/rs115586772,ENSG00000227766,HCG4P5,eQTL,Pituitary,eCAVIAR,0.0145324,False,False,False
chr17:47617876:AT:A,rs1348518145,ENSG00000141279,NPEPPS,eQTL,Pituitary,eCAVIAR,0.0144991,False,False,False
chr7:151808612:C:T,rs62478245,ENSG00000187260,WDR86,sQTL,Nerve_Tibial,eCAVIAR,0.014499,False,False,False
chr14:75905315:G:C,rs4903352,ENSG00000119699,TGFB3,eQTL,Skin_Sun_Exposed_Lower_leg,eCAVIAR,0.0144861,False,False,False
chr11:16989629:C:A,rs4141194,ENSG00000110768,GTF2H1,sQTL,Skin_Not_Sun_Exposed_Suprapubic,eCAVIAR,0.0144698,False,False,False
chr11:16989629:C:A,rs4141194,ENSG00000129158,SERGEF,eQTL,Skin_Not_Sun_Exposed_Suprapubic,eCAVIAR,0.0144659,False,False,False
chr2:69184385:C:A,rs6732795,ENSG00000169604,ANTXR1,eQTL,Brain_Caudate_basal_ganglia,eCAVIAR,0.0144537,False,False,False
chr9:110549951:G:C,rs61751937,ENSG00000106853,PTGR1,sQTL,Brain_Cerebellar_Hemisphere,eCAVIAR,0.0144426,False,False,False
chr12:111494996:C:T,rs7137828,ENSG00000277595,RP11-946P6.6,eQTL,Whole_Blood,eCAVIAR,0.0144416,False,False,False
chr9:110549951:G:C,rs61751937,ENSG00000136810,TXN,eQTL,Heart_Left_Ventricle,eCAVIAR,0.0144391,False,False,False
chr15:91788477:G:A,rs8038628,ENSG00000140553,UNC45A,sQTL,Esophagus_Gastroesophageal_Junction,eCAVIAR,0.0144366,False,False,False
chr1:112699500:G:T,rs1106287,ENSG00000226419,SLC16A1-AS1,eQTL,Adipose_Subcutaneous,eCAVIAR,0.0144031,False,False,False
chr7:151808612:C:T,rs62478245,ENSG00000196584,XRCC2,eQTL,Colon_Transverse,eCAVIAR,0.0144008,False,False,False
chr1:219041795:G:A,rs6667536,ENSG00000228063,LYPLAL1-AS1,eQTL,Colon_Sigmoid,eCAVIAR,0.0143961,False,False,False
chr1:37611020:C:T,rs10908363,ENSG00000116922,C1orf109,sQTL,Skin_Not_Sun_Exposed_Suprapubic,eCAVIAR,0.0143886,False,False,False
chr7:151808612:C:T,rs62478245,ENSG00000133627,ACTR3B,sQTL,Breast_Mammary_Tissue,eCAVIAR,0.0143757,False,False,False
chr9:133255801:C:T,rs8176749,ENSG00000148296,SURF6,eQTL,Artery_Coronary,eCAVIAR,0.0143652,False,False,False
chr1:36147354:C:A,rs4652902,ENSG00000092847,AGO1,eQTL,Brain_Cerebellar_Hemisphere,eCAVIAR,0.0143568,False,False,False
chr14:74618126:G:A,rs754458,ENSG00000119616,FCF1,eQTL,Ovary,eCAVIAR,0.0143515,False,False,False
chr1:68371486:C:A,rs4076000,ENSG00000116717,GADD45A,eQTL,Esophagus_Mucosa,eCAVIAR,0.0143448,False,False,False
chr12:111494996:C:T,rs7137828,ENSG00000257595,RP3-473L9.4,eQTL,Adipose_Subcutaneous,eCAVIAR,0.0143341,False,False,False
chr10:93169359:C:T,rs10882167,ENSG00000232709,MARK2P9,eQTL,Artery_Aorta,eCAVIAR,0.014327,False,False,False
chr9:22051671:G:C,rs944801,ENSG00000184995,IFNE,eQTL,Brain_Cerebellum,eCAVIAR,0.0143211,False,False,False
chr9:110549951:G:C,rs61751937,ENSG00000136810,TXN,eQTL,Pancreas,eCAVIAR,0.0143074,False,False,False
chr10:93169359:C:T,rs10882167,ENSG00000228701,TNKS2-AS1,eQTL,Nerve_Tibial,eCAVIAR,0.0142947,False,False,False
chr15:91788477:G:A,rs8038628,ENSG00000140553,UNC45A,sQTL,Small_Intestine_Terminal_Ileum,eCAVIAR,0.0142935,False,False,False
chr10:94263320:C:T,rs57866767,ENSG00000138193,PLCE1,sQTL,Esophagus_Muscularis,eCAVIAR,0.0142918,False,False,False
chr1:112699500:G:T,rs1106287,ENSG00000233337,UBE2FP3,eQTL,Artery_Aorta,eCAVIAR,0.0142882,False,False,False
chr7:103984366:G:A,rs12667675,ENSG00000267368,UPK3BL,eQTL,Brain_Hypothalamus,eCAVIAR,0.0142867,False,False,False
chr7:103984366:G:A,rs12667675,ENSG00000267368,UPK3BL,eQTL,Brain_Hypothalamus,eCAVIAR,0.0142866,False,False,False
chr21:25844528:T:A,rs13049669,ENSG00000142192,APP,sQTL,Artery_Tibial,eCAVIAR,0.0142855,False,False,False
chr15:91788477:G:A,rs8038628,ENSG00000140564,FURIN,eQTL,Esophagus_Gastroesophageal_Junction,eCAVIAR,0.0142616,False,False,False
chr7:103984366:G:A,rs12667675,ENSG00000135250,SRPK2,eQTL,Artery_Aorta,eCAVIAR,0.0142597,False,False,False
chr2:66310212:G:T,rs4414666,ENSG00000143971,ETAA1,eQTL,Skin_Not_Sun_Exposed_Suprapubic,eCAVIAR,0.0142457,False,False,False
chr2:69184385:C:A,rs6732795,ENSG00000196975,ANXA4,sQTL,Minor_Salivary_Gland,eCAVIAR,0.0142365,False,False,False
chr12:106825530:G:A,rs1037013,ENSG00000111785,RIC8B,eQTL,Muscle_Skeletal,eCAVIAR,0.0142132,False,False,False
chr15:91788477:G:A,rs8038628,ENSG00000196547,MAN2A2,eQTL,Brain_Cerebellum,eCAVIAR,0.0142129,False,False,False
chr7:35921527:C:T,rs6957752,ENSG00000227544,AC018647.3,eQTL,Cells_EBV-transformed_lymphocytes,eCAVIAR,0.0142082,False,False,False
chr10:93169359:C:T,rs10882167,ENSG00000228701,TNKS2-AS1,eQTL,Breast_Mammary_Tissue,eCAVIAR,0.0141935,False,False,False
chr1:8435530:G:A,rs172531,ENSG00000230679,ENO1-AS1,eQTL,Thyroid,eCAVIAR,0.0141901,False,False,False
chr7:151808612:C:T,rs62478245,ENSG00000033100,CHPF2,sQTL,Lung,eCAVIAR,0.0141891,False,False,False
chr7:103984366:G:A,rs12667675,ENSG00000135250,SRPK2,eQTL,Artery_Aorta,eCAVIAR,0.0141887,False,False,False
chr22:19882624:C:T,rs8141610,ENSG00000184470,TXNRD2,sQTL,Stomach,eCAVIAR,0.0141875,False,False,False
chr7:151808612:C:T,rs62478245,ENSG00000196584,XRCC2,eQTL,Heart_Left_Ventricle,eCAVIAR,0.0141838,False,False,False
chr10:93169359:C:T,rs10882167,ENSG00000228701,TNKS2-AS1,eQTL,Pituitary,eCAVIAR,0.0141782,False,False,False
chr6:29839124:G:C,rs407238/rs115586772,ENSG00000204525,HLA-C,eQTL,Adipose_Visceral_Omentum,eCAVIAR,0.0141746,False,False,False
chr11:86657064:C:T,rs10792871,ENSG00000150687,PRSS23,eQTL,Muscle_Skeletal,eCAVIAR,0.014173,False,False,False
chr15:91788477:G:A,rs8038628,ENSG00000184508,HDDC3,eQTL,Cells_Cultured_fibroblasts,eCAVIAR,0.0141373,False,False,False
chr2:71424809:T:A,rs12613800,ENSG00000116031,CD207,eQTL,Adipose_Subcutaneous,eCAVIAR,0.0141326,False,False,False
chr9:133255801:C:T,rs8176749,ENSG00000148291,SURF2,eQTL,Adipose_Subcutaneous,eCAVIAR,0.0141289,False,False,False
chr1:171636338:G:A,rs74315329,ENSG00000231424,RP1-45C12.1,eQTL,Breast_Mammary_Tissue,eCAVIAR,0.0141141,False,False,False
chr17:45948522:C:A,rs242559/rs114919114,ENSG00000006062,MAP3K14,eQTL,Brain_Cerebellar_Hemisphere,eCAVIAR,0.0141106,False,False,False
chr12:111494996:C:T,rs7137828,ENSG00000139433,GLTP,eQTL,Pituitary,eCAVIAR,0.0141098,False,False,False
chr7:151808612:C:T,rs62478245,ENSG00000013374,NUB1,eQTL,Muscle_Skeletal,eCAVIAR,0.0140762,False,False,False
chr1:171636338:G:A,rs74315329,ENSG00000230630,DNM3OS,eQTL,Cells_Cultured_fibroblasts,eCAVIAR,0.0140733,False,False,False
chr11:65569780:T:A,rs1346,ENSG00000168056,LTBP3,sQTL,Prostate,eCAVIAR,0.0140702,False,False,False
chr11:65569780:T:A,rs1346,ENSG00000168056,LTBP3,sQTL,Prostate,eCAVIAR,0.0140702,False,False,False
chr2:69184385:C:A,rs6732795,ENSG00000087338,GMCL1,sQTL,Skin_Sun_Exposed_Lower_leg,eCAVIAR,0.0140488,False,False,False
chr22:19882624:C:T,rs8141610,ENSG00000184470,TXNRD2,eQTL,Brain_Caudate_basal_ganglia,eCAVIAR,0.0140405,False,False,False
chr10:10798886:C:A,rs6602453,ENSG00000048740,CELF2,eQTL,Artery_Tibial,eCAVIAR,0.0140291,False,False,False
chr9:133255801:C:T,rs8176749,ENSG00000175164,ABO,eQTL,Prostate,eCAVIAR,0.0140129,False,False,False
chr7:35921527:C:T,rs6957752,ENSG00000122547,EEPD1,eQTL,Stomach,eCAVIAR,0.0139705,False,False,False
chr6:122324153:C:A,rs7760346,ENSG00000111897,SERINC1,sQTL,Brain_Cortex,eCAVIAR,0.0139656,False,False,False
chr20:46905414:G:A,rs6124885,ENSG00000215452,ZNF663P,eQTL,Esophagus_Muscularis,eCAVIAR,0.0139554,False,False,False
chr12:111494996:C:T,rs7137828,ENSG00000277595,RP11-946P6.6,eQTL,Whole_Blood,eCAVIAR,0.0139475,False,False,False
chr6:29839124:G:C,rs407238/rs115586772,ENSG00000225851,HLA-S,eQTL,Adipose_Visceral_Omentum,eCAVIAR,0.0139403,False,False,False
chr1:112699500:G:T,rs1106287,ENSG00000226419,SLC16A1-AS1,eQTL,Breast_Mammary_Tissue,eCAVIAR,0.0139367,False,False,False
chr17:45948522:C:A,rs242559/rs114919114,ENSG00000267505,CTC-296K1.3,eQTL,Artery_Aorta,eCAVIAR,0.0139346,False,False,False
chr7:35921527:C:T,rs6957752,ENSG00000226102,SEPT7P3,eQTL,Cells_Cultured_fibroblasts,eCAVIAR,0.0139275,False,False,False
chr15:91788477:G:A,rs8038628,ENSG00000182511,FES,sQTL,Lung,eCAVIAR,0.0138984,False,False,False
chr1:100629646:G:A,rs12566440,ENSG00000156876,SASS6,eQTL,Nerve_Tibial,eCAVIAR,0.0138882,False,False,False
chr2:71424809:T:A,rs12613800,ENSG00000116031,CD207,eQTL,Adipose_Subcutaneous,eCAVIAR,0.0138696,False,False,False
chr15:91788477:G:A,rs8038628,ENSG00000184056,VPS33B,eQTL,Brain_Cerebellar_Hemisphere,eCAVIAR,0.0138639,False,False,False
chr2:55705879:C:T,rs2627761,ENSG00000162994,CLHC1,sQTL,Brain_Cerebellum,eCAVIAR,0.0138517,False,False,False
chr2:55705879:C:T,rs2627761,ENSG00000162994,CLHC1,sQTL,Brain_Cerebellum,eCAVIAR,0.0138517,False,False,False
chr11:16989629:C:A,rs4141194,ENSG00000166788,SAAL1,eQTL,Brain_Spinal_cord_cervical_c-1,eCAVIAR,0.0138453,False,False,False
chr2:71424809:T:A,rs12613800,ENSG00000272702,RP11-44N22.3,eQTL,Cells_Cultured_fibroblasts,eCAVIAR,0.0138389,False,False,False
chr1:8435530:G:A,rs172531,ENSG00000236269,ENO1-IT1,eQTL,Cells_Cultured_fibroblasts,eCAVIAR,0.0138313,False,False,False
chr11:86657064:C:T,rs10792871,ENSG00000150687,PRSS23,eQTL,Muscle_Skeletal,eCAVIAR,0.0138225,False,False,False
chr10:93169359:C:T,rs10882167,ENSG00000107854,TNKS2,eQTL,Skin_Not_Sun_Exposed_Suprapubic,eCAVIAR,0.0137925,False,False,False
chrX:13936278:C:T,rs66819623,ENSG00000230542,LINC00102,eQTL,Adipose_Visceral_Omentum,eCAVIAR,0.0137868,False,False,False
chrX:3411552:C:T,rs12846405,ENSG00000230542,LINC00102,eQTL,Adipose_Visceral_Omentum,eCAVIAR,0.0137868,False,False,False
chrX:44081581:C:T,rs17146835,ENSG00000230542,LINC00102,eQTL,Adipose_Visceral_Omentum,eCAVIAR,0.0137868,False,False,False
chr1:171636338:G:A,rs74315329,ENSG00000010932,FMO1,eQTL,Lung,eCAVIAR,0.0137788,False,False,False
chr6:36602589:C:T,rs7344,ENSG00000112079,STK38,eQTL,Muscle_Skeletal,eCAVIAR,0.0137722,False,False,False
chr7:151808612:C:T,rs62478245,ENSG00000164896,FASTK,sQTL,Artery_Coronary,eCAVIAR,0.0137647,False,False,False
chr15:91788477:G:A,rs8038628,ENSG00000260337,RP11-386M24.6,eQTL,Esophagus_Mucosa,eCAVIAR,0.0137521,False,False,False
chr12:111494996:C:T,rs7137828,ENSG00000198270,TMEM116,eQTL,Stomach,eCAVIAR,0.013752,False,False,False
chr9:110549951:G:C,rs61751937,ENSG00000136810,TXN,eQTL,Ovary,eCAVIAR,0.0137518,False,False,False
chr2:71424809:T:A,rs12613800,ENSG00000144036,EXOC6B,eQTL,Stomach,eCAVIAR,0.0137505,False,False,False
chr15:91788477:G:A,rs8038628,ENSG00000258676,RP11-386M24.3,eQTL,Muscle_Skeletal,eCAVIAR,0.0137475,False,False,False
chr1:162709355:G:A,rs4542196,ENSG00000283317,RP11-122G18.11,eQTL,Whole_Blood,eCAVIAR,0.0137433,False,False,False
chr9:133255801:C:T,rs8176749,ENSG00000175164,ABO,eQTL,Brain_Hippocampus,eCAVIAR,0.0137365,False,False,False
chr2:55705879:C:T,rs2627761,ENSG00000275052,PPP4R3B,eQTL,Heart_Left_Ventricle,eCAVIAR,0.0137182,False,False,False
chr15:91788477:G:A,rs8038628,ENSG00000197299,BLM,eQTL,Skin_Sun_Exposed_Lower_leg,eCAVIAR,0.0137123,False,False,False
chrX:13936278:C:T,rs66819623,ENSG00000230542,LINC00102,eQTL,Skin_Not_Sun_Exposed_Suprapubic,eCAVIAR,0.0137012,False,False,False
chrX:3411552:C:T,rs12846405,ENSG00000230542,LINC00102,eQTL,Skin_Not_Sun_Exposed_Suprapubic,eCAVIAR,0.0137012,False,False,False
chrX:44081581:C:T,rs17146835,ENSG00000230542,LINC00102,eQTL,Skin_Not_Sun_Exposed_Suprapubic,eCAVIAR,0.0137012,False,False,False
chr9:133255801:C:T,rs8176749,ENSG00000148296,SURF6,eQTL,Artery_Coronary,eCAVIAR,0.0136919,False,False,False
chr1:8435530:G:A,rs172531,ENSG00000232912,RP5-1115A15.1,eQTL,Whole_Blood,eCAVIAR,0.013691,False,False,False
chr11:65569780:T:A,rs1346,ENSG00000168060,NAALADL1,sQTL,Lung,eCAVIAR,0.0136778,False,False,False
chr1:112699500:G:T,rs1106287,ENSG00000155363,MOV10,eQTL,Skin_Sun_Exposed_Lower_leg,eCAVIAR,0.0136701,False,False,False
chr1:112699500:G:T,rs1106287,ENSG00000134262,AP4B1,sQTL,Colon_Sigmoid,eCAVIAR,0.0136699,False,False,False
chr1:112699500:G:T,rs1106287,ENSG00000134262,AP4B1,sQTL,Brain_Cerebellar_Hemisphere,eCAVIAR,0.0136619,False,False,False
chr7:151808612:C:T,rs62478245,ENSG00000196584,XRCC2,eQTL,Adipose_Visceral_Omentum,eCAVIAR,0.0136616,False,False,False
chr10:94263320:C:T,rs57866767,ENSG00000173124,ACSM6,eQTL,Artery_Coronary,eCAVIAR,0.0136607,False,False,False
chr12:111494996:C:T,rs7137828,ENSG00000258359,PCNPP1,eQTL,Cells_Cultured_fibroblasts,eCAVIAR,0.0136274,False,False,False
chr7:35921527:C:T,rs6957752,ENSG00000122547,EEPD1,eQTL,Lung,eCAVIAR,0.0135967,False,False,False
chr6:122324153:C:A,rs7760346,ENSG00000111897,SERINC1,sQTL,Brain_Cortex,eCAVIAR,0.0135925,False,False,False
chr7:134835770:C:A,rs10237321,ENSG00000131558,EXOC4,sQTL,Heart_Atrial_Appendage,eCAVIAR,0.0135847,False,False,False
chr6:29839124:G:C,rs407238/rs115586772,ENSG00000234745,HLA-B,eQTL,Heart_Left_Ventricle,eCAVIAR,0.0135629,False,False,False
chr6:29839124:G:C,rs407238/rs115586772,ENSG00000204539,CDSN,sQTL,Skin_Not_Sun_Exposed_Suprapubic,eCAVIAR,0.013554,False,False,False
chr15:73928957:C:T,rs1550437,ENSG00000140465,CYP1A1,eQTL,Lung,eCAVIAR,0.0135479,False,False,False
chr10:10798886:C:A,rs6602453,ENSG00000181800,CELF2-AS1,eQTL,Cells_Cultured_fibroblasts,eCAVIAR,0.013544,False,False,False
chr10:93169359:C:T,rs10882167,ENSG00000108231,LGI1,eQTL,Artery_Aorta,eCAVIAR,0.0135417,False,False,False
chr6:36602589:C:T,rs7344,ENSG00000112079,STK38,sQTL,Liver,eCAVIAR,0.0135335,False,False,False
chr6:36602589:C:T,rs7344,ENSG00000112079,STK38,sQTL,Liver,eCAVIAR,0.0135335,False,False,False
chr20:46905414:G:A,rs6124885,ENSG00000101473,ACOT8,sQTL,Whole_Blood,eCAVIAR,0.0135334,False,False,False
chr17:45948522:C:A,rs242559/rs114919114,ENSG00000120088,CRHR1,eQTL,Brain_Cortex,eCAVIAR,0.0135334,False,False,False
chr6:36602589:C:T,rs7344,ENSG00000112079,STK38,eQTL,Heart_Atrial_Appendage,eCAVIAR,0.0135305,False,False,False
chr6:29839124:G:C,rs407238/rs115586772,ENSG00000234745,HLA-B,sQTL,Lung,eCAVIAR,0.0135243,False,False,False
chr6:36602589:C:T,rs7344,ENSG00000198663,C6orf89,eQTL,Heart_Left_Ventricle,eCAVIAR,0.0135201,False,False,False
chr6:36602589:C:T,rs7344,ENSG00000198663,C6orf89,eQTL,Heart_Left_Ventricle,eCAVIAR,0.0135201,False,False,False
chr6:29839124:G:C,rs407238/rs115586772,ENSG00000204536,CCHCR1,eQTL,Whole_Blood,eCAVIAR,0.0135095,False,False,False
chr14:74618126:G:A,rs754458,ENSG00000177465,ACOT4,eQTL,Artery_Aorta,eCAVIAR,0.0135042,False,False,False
chr1:8435530:G:A,rs172531,ENSG00000232208,RP3-477M7.5,eQTL,Whole_Blood,eCAVIAR,0.0135004,False,False,False
chr17:61161860:G:A,rs11868441,ENSG00000267667,RP11-136H19.1,eQTL,Nerve_Tibial,eCAVIAR,0.01346,False,False,False
chr7:134835770:C:A,rs10237321,ENSG00000105875,WDR91,eQTL,Spleen,eCAVIAR,0.013445,False,False,False
chr20:6489447:G:A,rs2326788,ENSG00000101290,CDS2,eQTL,Brain_Nucleus_accumbens_basal_ganglia,eCAVIAR,0.0134426,False,False,False
chr6:29839124:G:C,rs407238/rs115586772,ENSG00000277402,MIR6891,eQTL,Thyroid,eCAVIAR,0.013413,False,False,False
chr10:10798886:C:A,rs6602453,ENSG00000225383,SFTA1P,eQTL,Adipose_Visceral_Omentum,eCAVIAR,0.0134081,False,False,False
chr17:45948522:C:A,rs242559/rs114919114,ENSG00000267344,CTB-39G8.3,eQTL,Muscle_Skeletal,eCAVIAR,0.0133947,False,False,False
chr17:45948522:C:A,rs242559/rs114919114,ENSG00000262372,RP11-669E14.6,eQTL,Thyroid,eCAVIAR,0.0133893,False,False,False
chr13:22099731:G:A,rs4769194,ENSG00000165487,MICU2,eQTL,Esophagus_Gastroesophageal_Junction,eCAVIAR,0.0133881,False,False,False
chr1:112699500:G:T,rs1106287,ENSG00000238198,RP11-31F15.2,eQTL,Skin_Not_Sun_Exposed_Suprapubic,eCAVIAR,0.0133734,False,False,False
chr6:29839124:G:C,rs407238/rs115586772,ENSG00000234745,HLA-B,eQTL,Artery_Coronary,eCAVIAR,0.0133702,False,False,False
chr1:68371486:C:A,rs4076000,ENSG00000172380,GNG12,eQTL,Nerve_Tibial,eCAVIAR,0.0133689,False,False,False
chr7:151808612:C:T,rs62478245,ENSG00000164897,TMUB1,eQTL,Esophagus_Gastroesophageal_Junction,eCAVIAR,0.0133649,False,False,False
chr7:103984366:G:A,rs12667675,ENSG00000205238,SPDYE2,eQTL,Lung,eCAVIAR,0.0133537,False,False,False
chr11:16989629:C:A,rs4141194,ENSG00000166788,SAAL1,eQTL,Esophagus_Gastroesophageal_Junction,eCAVIAR,0.0133406,False,False,False
chr7:116522252:T:A,rs10257125,ENSG00000105971,CAV2,eQTL,Liver,eCAVIAR,0.0133399,False,False,False
chr9:110549951:G:C,rs61751937,ENSG00000173258,ZNF483,eQTL,Breast_Mammary_Tissue,eCAVIAR,0.0133222,False,False,False
chr9:133255801:C:T,rs8176749,ENSG00000148296,SURF6,eQTL,Brain_Caudate_basal_ganglia,eCAVIAR,0.0133205,False,False,False
chr7:151808612:C:T,rs62478245,ENSG00000164896,FASTK,eQTL,Colon_Transverse,eCAVIAR,0.0133134,False,False,False
chr1:8435530:G:A,rs172531,ENSG00000238290,RP11-431K24.1,eQTL,Muscle_Skeletal,eCAVIAR,0.0133111,False,False,False
chr4:7902636:G:A,rs938604,ENSG00000251615,RP11-774O3.3,eQTL,Colon_Sigmoid,eCAVIAR,0.0133105,False,False,False
chr1:68371486:C:A,rs4076000,ENSG00000172380,GNG12,eQTL,Muscle_Skeletal,eCAVIAR,0.0133064,False,False,False
chr1:68371486:C:A,rs4076000,ENSG00000172380,GNG12,eQTL,Muscle_Skeletal,eCAVIAR,0.0133064,False,False,False
chr7:134835770:C:A,rs10237321,ENSG00000172331,BPGM,eQTL,Artery_Aorta,eCAVIAR,0.0132844,False,False,False
chr9:133255801:C:T,rs8176749,ENSG00000175164,ABO,eQTL,Stomach,eCAVIAR,0.0132842,False,False,False
chr1:112699500:G:T,rs1106287,ENSG00000163349,HIPK1,eQTL,Cells_EBV-transformed_lymphocytes,eCAVIAR,0.0132838,False,False,False
chr2:71424809:T:A,rs12613800,ENSG00000124370,MCEE,eQTL,Artery_Tibial,eCAVIAR,0.0132796,False,False,False
chr1:8435530:G:A,rs172531,ENSG00000232912,RP5-1115A15.1,eQTL,Pancreas,eCAVIAR,0.0132794,False,False,False
chr15:91788477:G:A,rs8038628,ENSG00000140553,UNC45A,eQTL,Esophagus_Mucosa,eCAVIAR,0.013268,False,False,False
chr6:29839124:G:C,rs407238/rs115586772,ENSG00000234745,HLA-B,sQTL,Lung,eCAVIAR,0.0132673,False,False,False
chr11:16989629:C:A,rs4141194,ENSG00000166788,SAAL1,eQTL,Brain_Hippocampus,eCAVIAR,0.0132594,False,False,False
chr20:39445575:C:T,rs6101546,ENSG00000101442,ACTR5,eQTL,Testis,eCAVIAR,0.0132564,False,False,False
chr11:86657064:C:T,rs10792871,ENSG00000279742,RP11-700A24.1,eQTL,Colon_Transverse,eCAVIAR,0.0132329,False,False,False
chr17:45948522:C:A,rs242559/rs114919114,ENSG00000225190,PLEKHM1,eQTL,Nerve_Tibial,eCAVIAR,0.0132214,False,False,False
chr14:74618126:G:A,rs754458,ENSG00000258408,NT5CP2,eQTL,Thyroid,eCAVIAR,0.0132162,False,False,False
chr17:45948522:C:A,rs242559/rs114919114,ENSG00000233175,CTD-2020K17.3,sQTL,Brain_Cerebellum,eCAVIAR,0.0132132,False,False,False
chr22:19882624:C:T,rs8141610,ENSG00000280418,AC007326.10,eQTL,Testis,eCAVIAR,0.0132083,False,False,False
chr14:74618126:G:A,rs754458,ENSG00000258695,RP3-414A15.2,eQTL,Muscle_Skeletal,eCAVIAR,0.0132076,False,False,False
chr1:87747331:C:T,rs12139208,ENSG00000261737,RP4-612B15.3,eQTL,Nerve_Tibial,eCAVIAR,0.0131992,False,False,False
chr2:45651621:G:T,rs687914,ENSG00000138083,SIX3,eQTL,Pancreas,eCAVIAR,0.0131929,False,False,False
chr1:68371486:C:A,rs4076000,ENSG00000033122,LRRC7,eQTL,Skin_Sun_Exposed_Lower_leg,eCAVIAR,0.0131888,False,False,False
chr17:47617876:AT:A,rs1348518145,ENSG00000141295,SCRN2,eQTL,Testis,eCAVIAR,0.013178,False,False,False
chr13:22099731:G:A,rs4769194,ENSG00000238286,SLC35E1P1,eQTL,Adipose_Visceral_Omentum,eCAVIAR,0.0131631,False,False,False
chr7:35921527:C:T,rs6957752,ENSG00000228878,SEPT7-AS1,eQTL,Skin_Not_Sun_Exposed_Suprapubic,eCAVIAR,0.0131605,False,False,False
chr7:151808612:C:T,rs62478245,ENSG00000106617,PRKAG2,eQTL,Brain_Cerebellar_Hemisphere,eCAVIAR,0.0131595,False,False,False
chr16:65033540:C:T,rs12447201,ENSG00000140937,CDH11,eQTL,Heart_Left_Ventricle,eCAVIAR,0.0131585,False,False,False
chr1:171636338:G:A,rs74315329,ENSG00000007933,FMO3,eQTL,Thyroid,eCAVIAR,0.0131551,False,False,False
chr15:91788477:G:A,rs8038628,ENSG00000260337,RP11-386M24.6,eQTL,Brain_Substantia_nigra,eCAVIAR,0.0131264,False,False,False
chr4:88831125:G:A,rs57400569,ENSG00000198189,HSD17B11,eQTL,Ovary,eCAVIAR,0.0131101,False,False,False
chr15:73928957:C:T,rs1550437,ENSG00000261187,RP11-1007O24.2,eQTL,Skin_Sun_Exposed_Lower_leg,eCAVIAR,0.0130998,False,False,False
chr13:75684584:G:A,rs9544024,ENSG00000223458,LMO7DN-IT1,eQTL,Nerve_Tibial,eCAVIAR,0.0130981,False,False,False
chr6:29839124:G:C,rs407238/rs115586772,ENSG00000204536,CCHCR1,sQTL,Esophagus_Mucosa,eCAVIAR,0.0130966,False,False,False
chr9:110549951:G:C,rs61751937,ENSG00000198121,LPAR1,eQTL,Heart_Atrial_Appendage,eCAVIAR,0.0130936,False,False,False
chr11:16989629:C:A,rs4141194,ENSG00000272034,SNORD14A,eQTL,Esophagus_Gastroesophageal_Junction,eCAVIAR,0.0130907,False,False,False
chr10:93169359:C:T,rs10882167,ENSG00000232709,MARK2P9,eQTL,Uterus,eCAVIAR,0.0130854,False,False,False
chr6:29839124:G:C,rs407238/rs115586772,ENSG00000137411,VARS2,eQTL,Whole_Blood,eCAVIAR,0.0130781,False,False,False
chr11:16989629:C:A,rs4141194,ENSG00000166788,SAAL1,eQTL,Brain_Spinal_cord_cervical_c-1,eCAVIAR,0.0130735,False,False,False
chr6:29839124:G:C,rs407238/rs115586772,ENSG00000225851,HLA-S,eQTL,Whole_Blood,eCAVIAR,0.0130507,False,False,False
chr1:171636338:G:A,rs74315329,ENSG00000010932,FMO1,eQTL,Adipose_Visceral_Omentum,eCAVIAR,0.0130425,False,False,False
chr9:110549951:G:C,rs61751937,ENSG00000204173,LRRC37A5P,eQTL,Colon_Sigmoid,eCAVIAR,0.0130408,False,False,False
chr15:73928957:C:T,rs1550437,ENSG00000103855,CD276,eQTL,Lung,eCAVIAR,0.0130293,False,False,False
chr15:73928957:C:T,rs1550437,ENSG00000103855,CD276,eQTL,Lung,eCAVIAR,0.0130293,False,False,False
chr15:73928957:C:T,rs1550437,ENSG00000103855,CD276,eQTL,Lung,eCAVIAR,0.0130293,False,False,False
chr6:36602589:C:T,rs7344,ENSG00000124772,CPNE5,eQTL,Artery_Tibial,eCAVIAR,0.0130182,False,False,False
chr6:36602589:C:T,rs7344,ENSG00000124772,CPNE5,eQTL,Artery_Tibial,eCAVIAR,0.0130182,False,False,False
chr8:6519620:G:C,rs2515437,ENSG00000147316,MCPH1,eQTL,Brain_Cerebellar_Hemisphere,eCAVIAR,0.0130033,False,False,False
chr17:45948522:C:A,rs242559/rs114919114,ENSG00000172992,DCAKD,sQTL,Esophagus_Mucosa,eCAVIAR,0.0129993,False,False,False
chr12:111494996:C:T,rs7137828,ENSG00000234608,MAPKAPK5-AS1,eQTL,Pancreas,eCAVIAR,0.0129961,False,False,False
chr12:111494996:C:T,rs7137828,ENSG00000277595,RP11-946P6.6,eQTL,Whole_Blood,eCAVIAR,0.0129877,False,False,False
chr1:8435530:G:A,rs172531,ENSG00000236269,ENO1-IT1,eQTL,Whole_Blood,eCAVIAR,0.0129809,False,False,False
chr7:151808612:C:T,rs62478245,ENSG00000033050,ABCF2,eQTL,Colon_Transverse,eCAVIAR,0.0129795,False,False,False
chr17:45948522:C:A,rs242559/rs114919114,ENSG00000185829,ARL17A,sQTL,Cells_EBV-transformed_lymphocytes,eCAVIAR,0.0129562,False,False,False
chr15:91788477:G:A,rs8038628,ENSG00000140553,UNC45A,eQTL,Heart_Atrial_Appendage,eCAVIAR,0.0129383,False,False,False
chr15:91788477:G:A,rs8038628,ENSG00000258725,PRC1-AS1,sQTL,Nerve_Tibial,eCAVIAR,0.0129335,False,False,False
chr2:66310212:G:T,rs4414666,ENSG00000143971,ETAA1,sQTL,Artery_Aorta,eCAVIAR,0.0129171,False,False,False
chr6:29839124:G:C,rs407238/rs115586772,ENSG00000204525,HLA-C,sQTL,Adipose_Subcutaneous,eCAVIAR,0.0128979,False,False,False
chr14:75905315:G:C,rs4903352,ENSG00000119699,TGFB3,eQTL,Brain_Cerebellar_Hemisphere,eCAVIAR,0.0128966,False,False,False
chr6:122324153:C:A,rs7760346,ENSG00000135549,PKIB,eQTL,Skin_Not_Sun_Exposed_Suprapubic,eCAVIAR,0.0128961,False,False,False
chr15:91788477:G:A,rs8038628,ENSG00000258551,CRAT37,eQTL,Testis,eCAVIAR,0.012891,False,False,False
chr14:74618126:G:A,rs754458,ENSG00000119616,FCF1,eQTL,Skin_Not_Sun_Exposed_Suprapubic,eCAVIAR,0.0128818,False,False,False
chr2:71424809:T:A,rs12613800,ENSG00000144036,EXOC6B,eQTL,Stomach,eCAVIAR,0.0128745,False,False,False
chr1:36147354:C:A,rs4652902,ENSG00000092847,AGO1,eQTL,Brain_Cerebellar_Hemisphere,eCAVIAR,0.0128735,False,False,False
chr2:55705879:C:T,rs2627761,ENSG00000238018,AC093110.3,eQTL,Colon_Sigmoid,eCAVIAR,0.0128596,False,False,False
chr17:47617876:AT:A,rs1348518145,ENSG00000141295,SCRN2,sQTL,Adipose_Subcutaneous,eCAVIAR,0.0128384,False,False,False
chr7:134835770:C:A,rs10237321,ENSG00000105875,WDR91,sQTL,Thyroid,eCAVIAR,0.0128317,False,False,False
chr1:8435530:G:A,rs172531,ENSG00000074800,ENO1,eQTL,Adipose_Subcutaneous,eCAVIAR,0.0128284,False,False,False
chr7:151808612:C:T,rs62478245,ENSG00000127377,CRYGN,eQTL,Pituitary,eCAVIAR,0.0128202,False,False,False
chr15:91788477:G:A,rs8038628,ENSG00000258647,LINC00930,sQTL,Prostate,eCAVIAR,0.0128183,False,False,False
chr7:103984366:G:A,rs12667675,ENSG00000135250,SRPK2,eQTL,Lung,eCAVIAR,0.0127926,False,False,False
chr16:77627835:C:T,rs280875,ENSG00000140876,NUDT7,sQTL,Esophagus_Gastroesophageal_Junction,eCAVIAR,0.0127907,False,False,False
chr15:91788477:G:A,rs8038628,ENSG00000214432,AC068831.10,eQTL,Brain_Cerebellar_Hemisphere,eCAVIAR,0.0127865,False,False,False
chr17:45948522:C:A,rs242559/rs114919114,ENSG00000185829,ARL17A,sQTL,Cells_EBV-transformed_lymphocytes,eCAVIAR,0.0127846,False,False,False
chr11:16989629:C:A,rs4141194,ENSG00000166788,SAAL1,eQTL,Brain_Hypothalamus,eCAVIAR,0.012782,False,False,False
chr11:16989629:C:A,rs4141194,ENSG00000166788,SAAL1,eQTL,Brain_Hypothalamus,eCAVIAR,0.012782,False,False,False
chr7:151808612:C:T,rs62478245,ENSG00000164896,FASTK,sQTL,Colon_Sigmoid,eCAVIAR,0.0127743,False,False,False
chr7:151808612:C:T,rs62478245,ENSG00000106617,PRKAG2,eQTL,Thyroid,eCAVIAR,0.0127682,False,False,False
chr6:29839124:G:C,rs407238/rs115586772,ENSG00000204525,HLA-C,sQTL,Heart_Atrial_Appendage,eCAVIAR,0.0127594,False,False,False
chr6:36602589:C:T,rs7344,ENSG00000112079,STK38,eQTL,Muscle_Skeletal,eCAVIAR,0.0127568,False,False,False
chr11:65569780:T:A,rs1346,ENSG00000176973,FAM89B,eQTL,Heart_Atrial_Appendage,eCAVIAR,0.012751,False,False,False
chr17:45948522:C:A,rs242559/rs114919114,ENSG00000120071,KANSL1,eQTL,Uterus,eCAVIAR,0.0127498,False,False,False
chr7:35921527:C:T,rs6957752,ENSG00000122547,EEPD1,eQTL,Cells_Cultured_fibroblasts,eCAVIAR,0.0127416,False,False,False
chr1:68371486:C:A,rs4076000,ENSG00000116745,RPE65,eQTL,Testis,eCAVIAR,0.0127376,False,False,False
chr6:36602589:C:T,rs7344,ENSG00000198663,C6orf89,eQTL,Nerve_Tibial,eCAVIAR,0.0127249,False,False,False
chr6:36602589:C:T,rs7344,ENSG00000198663,C6orf89,eQTL,Nerve_Tibial,eCAVIAR,0.0127249,False,False,False
chr1:171636338:G:A,rs74315329,ENSG00000007933,FMO3,eQTL,Thyroid,eCAVIAR,0.0127013,False,False,False
chr7:35921527:C:T,rs6957752,ENSG00000261184,RP11-196O2.1,sQTL,Testis,eCAVIAR,0.0126971,False,False,False
chr11:16989629:C:A,rs4141194,ENSG00000129158,SERGEF,sQTL,Nerve_Tibial,eCAVIAR,0.012696,False,False,False
chr15:91788477:G:A,rs8038628,ENSG00000258725,PRC1-AS1,eQTL,Colon_Transverse,eCAVIAR,0.0126927,False,False,False
chr6:36602589:C:T,rs7344,ENSG00000065491,TBC1D22B,sQTL,Heart_Atrial_Appendage,eCAVIAR,0.0126883,False,False,False
chr6:36602589:C:T,rs7344,ENSG00000065491,TBC1D22B,sQTL,Heart_Atrial_Appendage,eCAVIAR,0.0126883,False,False,False
chr1:171636338:G:A,rs74315329,ENSG00000007933,FMO3,eQTL,Thyroid,eCAVIAR,0.0126839,False,False,False
chr10:10798886:C:A,rs6602453,ENSG00000048740,CELF2,eQTL,Cells_Cultured_fibroblasts,eCAVIAR,0.0126838,False,False,False
chr1:8435530:G:A,rs172531,ENSG00000131686,CA6,eQTL,Whole_Blood,eCAVIAR,0.012678,False,False,False
chr10:94263320:C:T,rs57866767,ENSG00000095637,SORBS1,sQTL,Small_Intestine_Terminal_Ileum,eCAVIAR,0.0126744,False,False,False
chr4:88831125:G:A,rs57400569,ENSG00000138722,MMRN1,eQTL,Skin_Not_Sun_Exposed_Suprapubic,eCAVIAR,0.0126681,False,False,False
chr14:74618126:G:A,rs754458,ENSG00000119688,ABCD4,eQTL,Cells_Cultured_fibroblasts,eCAVIAR,0.0126679,False,False,False
chr7:35921527:C:T,rs6957752,ENSG00000226102,SEPT7P3,eQTL,Adipose_Visceral_Omentum,eCAVIAR,0.0126565,False,False,False
chr2:71424809:T:A,rs12613800,ENSG00000144031,ANKRD53,eQTL,Lung,eCAVIAR,0.0126559,False,False,False
chr7:151808612:C:T,rs62478245,ENSG00000196584,XRCC2,eQTL,Adipose_Visceral_Omentum,eCAVIAR,0.01264,False,False,False
chr20:46905414:G:A,rs6124885,ENSG00000197496,SLC2A10,eQTL,Adipose_Subcutaneous,eCAVIAR,0.0126269,False,False,False
chr13:75684584:G:A,rs9544024,ENSG00000178734,LMO7DN,eQTL,Skin_Sun_Exposed_Lower_leg,eCAVIAR,0.0126167,False,False,False
chr13:75684584:G:A,rs9544024,ENSG00000178734,LMO7DN,eQTL,Skin_Sun_Exposed_Lower_leg,eCAVIAR,0.0126167,False,False,False
chr15:91788477:G:A,rs8038628,ENSG00000182511,FES,sQTL,Adipose_Subcutaneous,eCAVIAR,0.0126142,False,False,False
chr6:36602589:C:T,rs7344,ENSG00000010030,ETV7,eQTL,Liver,eCAVIAR,0.0125888,False,False,False
chr6:36602589:C:T,rs7344,ENSG00000010030,ETV7,eQTL,Liver,eCAVIAR,0.0125888,False,False,False
chr1:8435530:G:A,rs172531,ENSG00000142599,RERE,sQTL,Artery_Aorta,eCAVIAR,0.0125877,False,False,False
chr15:91788477:G:A,rs8038628,ENSG00000258725,PRC1-AS1,eQTL,Cells_Cultured_fibroblasts,eCAVIAR,0.0125876,False,False,False
chr12:28050312:T:A,rs7972874,ENSG00000123106,CCDC91,sQTL,Lung,eCAVIAR,0.0125827,False,False,False
chr7:151808612:C:T,rs62478245,ENSG00000033050,ABCF2,sQTL,Spleen,eCAVIAR,0.012582,False,False,False
chr6:29839124:G:C,rs407238/rs115586772,ENSG00000234745,HLA-B,sQTL,Esophagus_Gastroesophageal_Junction,eCAVIAR,0.0125762,False,False,False
chr15:91788477:G:A,rs8038628,ENSG00000184056,VPS33B,eQTL,Cells_Cultured_fibroblasts,eCAVIAR,0.0125692,False,False,False
chr6:36602589:C:T,rs7344,ENSG00000112130,RNF8,sQTL,Brain_Amygdala,eCAVIAR,0.0125652,False,False,False
chr13:73065233:G:A,rs9530143,ENSG00000204899,MZT1,eQTL,Adipose_Visceral_Omentum,eCAVIAR,0.0125566,False,False,False
chr13:75684584:G:A,rs9544024,ENSG00000178734,LMO7DN,eQTL,Lung,eCAVIAR,0.0125491,False,False,False
chr15:91788477:G:A,rs8038628,ENSG00000166965,RCCD1,eQTL,Minor_Salivary_Gland,eCAVIAR,0.0125481,False,False,False
chr10:93169359:C:T,rs10882167,ENSG00000228701,TNKS2-AS1,eQTL,Adipose_Visceral_Omentum,eCAVIAR,0.0125455,False,False,False
chr10:93169359:C:T,rs10882167,ENSG00000228701,TNKS2-AS1,eQTL,Adipose_Visceral_Omentum,eCAVIAR,0.0125389,False,False,False
chr15:91788477:G:A,rs8038628,ENSG00000271763,RP11-386M24.9,eQTL,Muscle_Skeletal,eCAVIAR,0.0125373,False,False,False
chr2:71424809:T:A,rs12613800,ENSG00000152672,CLEC4F,eQTL,Whole_Blood,eCAVIAR,0.0125326,False,False,False
chr17:10127866:G:A,rs9913911,ENSG00000264016,CTC-297N7.9,eQTL,Adipose_Subcutaneous,eCAVIAR,0.0125167,False,False,False
chr6:29839124:G:C,rs407238/rs115586772,ENSG00000137411,VARS2,eQTL,Brain_Cerebellum,eCAVIAR,0.0125129,False,False,False
chr2:69184385:C:A,rs6732795,ENSG00000273064,RP11-474G23.3,eQTL,Heart_Atrial_Appendage,eCAVIAR,0.0124965,False,False,False
chr15:91788477:G:A,rs8038628,ENSG00000182511,FES,sQTL,Stomach,eCAVIAR,0.0124931,False,False,False
chr22:37780972:G:T,rs5750494,ENSG00000100106,TRIOBP,eQTL,Brain_Cerebellum,eCAVIAR,0.0124886,False,False,False
chr6:29839124:G:C,rs407238/rs115586772,ENSG00000234745,HLA-B,sQTL,Pancreas,eCAVIAR,0.0124863,False,False,False
chr7:35921527:C:T,rs6957752,ENSG00000122547,EEPD1,eQTL,Stomach,eCAVIAR,0.0124822,False,False,False
chr12:111494996:C:T,rs7137828,ENSG00000198270,TMEM116,sQTL,Adipose_Subcutaneous,eCAVIAR,0.0124807,False,False,False
chr6:29839124:G:C,rs407238/rs115586772,ENSG00000234745,HLA-B,sQTL,Heart_Atrial_Appendage,eCAVIAR,0.0124702,False,False,False
chr6:29839124:G:C,rs407238/rs115586772,ENSG00000234745,HLA-B,sQTL,Adipose_Visceral_Omentum,eCAVIAR,0.0124598,False,False,False
chr2:71424809:T:A,rs12613800,ENSG00000144036,EXOC6B,eQTL,Brain_Cerebellar_Hemisphere,eCAVIAR,0.0124486,False,False,False
chr11:130412183:C:T,rs2875238,ENSG00000175773,RP11-121M22.1,eQTL,Brain_Cerebellar_Hemisphere,eCAVIAR,0.0124467,False,False,False
chr14:74618126:G:A,rs754458,ENSG00000119711,ALDH6A1,eQTL,Esophagus_Mucosa,eCAVIAR,0.0124385,False,False,False
chr17:45948522:C:A,rs242559/rs114919114,ENSG00000225190,PLEKHM1,eQTL,Artery_Tibial,eCAVIAR,0.0124341,False,False,False
chr15:91788477:G:A,rs8038628,ENSG00000184056,VPS33B,eQTL,Brain_Cerebellar_Hemisphere,eCAVIAR,0.0124205,False,False,False
chr14:74618126:G:A,rs754458,ENSG00000119673,ACOT2,eQTL,Cells_Cultured_fibroblasts,eCAVIAR,0.0124198,False,False,False
chr9:133255801:C:T,rs8176749,ENSG00000148296,SURF6,eQTL,Uterus,eCAVIAR,0.0124198,False,False,False
chr6:36602589:C:T,rs7344,ENSG00000112078,KCTD20,eQTL,Esophagus_Mucosa,eCAVIAR,0.0124108,False,False,False
chr10:113786776:G:A,rs72837408,ENSG00000165816,VWA2,eQTL,Pancreas,eCAVIAR,0.0124005,False,False,False
chr17:45948522:C:A,rs242559/rs114919114,ENSG00000233175,CTD-2020K17.3,eQTL,Brain_Cortex,eCAVIAR,0.0123944,False,False,False
chr17:2298650:G:A,rs216197,ENSG00000083454,P2RX5,sQTL,Brain_Nucleus_accumbens_basal_ganglia,eCAVIAR,0.0123935,False,False,False
chr9:110549951:G:C,rs61751937,ENSG00000136810,TXN,eQTL,Ovary,eCAVIAR,0.012393,False,False,False
chr1:162709355:G:A,rs4542196,ENSG00000117152,RGS4,eQTL,Cells_Cultured_fibroblasts,eCAVIAR,0.012373,False,False,False
chr7:35921527:C:T,rs6957752,ENSG00000122545,SEPT7,eQTL,Esophagus_Muscularis,eCAVIAR,0.0123674,False,False,False
chr1:112699500:G:T,rs1106287,ENSG00000143079,CTTNBP2NL,eQTL,Artery_Tibial,eCAVIAR,0.0123634,False,False,False
chr1:68371486:C:A,rs4076000,ENSG00000116745,RPE65,eQTL,Skin_Sun_Exposed_Lower_leg,eCAVIAR,0.0123573,False,False,False
chr9:22051671:G:C,rs944801,ENSG00000147883,CDKN2B,eQTL,Cells_Cultured_fibroblasts,eCAVIAR,0.0123525,False,False,False
chr6:29839124:G:C,rs407238/rs115586772,ENSG00000204525,HLA-C,sQTL,Heart_Atrial_Appendage,eCAVIAR,0.012347,False,False,False
chr11:16989629:C:A,rs4141194,ENSG00000166788,SAAL1,eQTL,Brain_Hypothalamus,eCAVIAR,0.0123469,False,False,False
chr1:37611020:C:T,rs10908363,ENSG00000116922,C1orf109,sQTL,Artery_Aorta,eCAVIAR,0.0123444,False,False,False
chr11:65569780:T:A,rs1346,ENSG00000197847,SLC22A20,eQTL,Whole_Blood,eCAVIAR,0.0123436,False,False,False
chr15:91788477:G:A,rs8038628,ENSG00000182511,FES,eQTL,Artery_Tibial,eCAVIAR,0.0123366,False,False,False
chr7:35921527:C:T,rs6957752,ENSG00000227544,AC018647.3,eQTL,Muscle_Skeletal,eCAVIAR,0.0123182,False,False,False
chr1:112699500:G:T,rs1106287,ENSG00000134262,AP4B1,sQTL,Esophagus_Mucosa,eCAVIAR,0.0123102,False,False,False
chr7:151808612:C:T,rs62478245,ENSG00000133612,AGAP3,eQTL,Whole_Blood,eCAVIAR,0.0123088,False,False,False
chr6:29839124:G:C,rs407238/rs115586772,ENSG00000214894,LINC00243,eQTL,Whole_Blood,eCAVIAR,0.0122906,False,False,False
chr10:10798886:C:A,rs6602453,ENSG00000181800,CELF2-AS1,eQTL,Cells_Cultured_fibroblasts,eCAVIAR,0.0122722,False,False,False
chr6:29839124:G:C,rs407238/rs115586772,ENSG00000228022,HCG20,eQTL,Colon_Transverse,eCAVIAR,0.0122719,False,False,False
chr6:29839124:G:C,rs407238/rs115586772,ENSG00000204632,HLA-G,eQTL,Brain_Frontal_Cortex_BA9,eCAVIAR,0.0122634,False,False,False
chr1:8435530:G:A,rs172531,ENSG00000142599,RERE,eQTL,Thyroid,eCAVIAR,0.0122593,False,False,False
chr11:115168963:G:A,rs10444329,ENSG00000180425,C11orf71,eQTL,Nerve_Tibial,eCAVIAR,0.0122591,False,False,False
chr9:133255801:C:T,rs8176749,ENSG00000175164,ABO,eQTL,Small_Intestine_Terminal_Ileum,eCAVIAR,0.0122574,False,False,False
chr11:115168963:G:A,rs10444329,ENSG00000109906,ZBTB16,sQTL,Esophagus_Gastroesophageal_Junction,eCAVIAR,0.012254,False,False,False
chr2:55705879:C:T,rs2627761,ENSG00000237887,RPL23AP32,eQTL,Colon_Sigmoid,eCAVIAR,0.0122527,False,False,False
chr17:61161860:G:A,rs11868441,ENSG00000087995,METTL2A,eQTL,Adipose_Subcutaneous,eCAVIAR,0.012245,False,False,False
chr1:112699500:G:T,rs1106287,ENSG00000188761,BCL2L15,eQTL,Retina,eCAVIAR,0.01223,False,False,False
chr4:53161428:G:A,rs10517281,ENSG00000184178,SCFD2,eQTL,Skin_Sun_Exposed_Lower_leg,eCAVIAR,0.0122087,False,False,False
chr6:36602589:C:T,rs7344,ENSG00000198663,C6orf89,eQTL,Nerve_Tibial,eCAVIAR,0.0122056,False,False,False
chr11:16989629:C:A,rs4141194,ENSG00000129158,SERGEF,sQTL,Muscle_Skeletal,eCAVIAR,0.0121794,False,False,False
chr9:110549951:G:C,rs61751937,ENSG00000106853,PTGR1,eQTL,Minor_Salivary_Gland,eCAVIAR,0.0121753,False,False,False
chr17:45948522:C:A,rs242559/rs114919114,ENSG00000181513,ACBD4,eQTL,Heart_Atrial_Appendage,eCAVIAR,0.0121334,False,False,False
chr1:37611020:C:T,rs10908363,ENSG00000116922,C1orf109,sQTL,Skin_Not_Sun_Exposed_Suprapubic,eCAVIAR,0.0121261,False,False,False
chr10:10798886:C:A,rs6602453,ENSG00000225383,SFTA1P,eQTL,Adipose_Visceral_Omentum,eCAVIAR,0.0121112,False,False,False
chr7:35921527:C:T,rs6957752,ENSG00000122547,EEPD1,eQTL,Lung,eCAVIAR,0.0121056,False,False,False
chr7:134835770:C:A,rs10237321,ENSG00000105875,WDR91,eQTL,Thyroid,eCAVIAR,0.0121048,False,False,False
chr1:162709355:G:A,rs4542196,ENSG00000132185,FCRLA,eQTL,Spleen,eCAVIAR,0.0121046,False,False,False
chr11:16989629:C:A,rs4141194,ENSG00000006071,ABCC8,eQTL,Esophagus_Muscularis,eCAVIAR,0.0121041,False,False,False
chr6:29839124:G:C,rs407238/rs115586772,ENSG00000227262,HCG4B,eQTL,Colon_Sigmoid,eCAVIAR,0.0121031,False,False,False
chr14:74618126:G:A,rs754458,ENSG00000140043,PTGR2,eQTL,Brain_Hypothalamus,eCAVIAR,0.0121015,False,False,False
chr15:91788477:G:A,rs8038628,ENSG00000214432,AC068831.10,eQTL,Brain_Cerebellar_Hemisphere,eCAVIAR,0.0121007,False,False,False
chr1:37611020:C:T,rs10908363,ENSG00000116922,C1orf109,sQTL,Colon_Sigmoid,eCAVIAR,0.0121007,False,False,False
chr7:151808612:C:T,rs62478245,ENSG00000197150,ABCB8,sQTL,Brain_Hypothalamus,eCAVIAR,0.0120867,False,False,False
chr2:55705879:C:T,rs2627761,ENSG00000275052,PPP4R3B,eQTL,Thyroid,eCAVIAR,0.0120852,False,False,False
chr1:8435530:G:A,rs172531,ENSG00000074800,ENO1,sQTL,Whole_Blood,eCAVIAR,0.0120838,False,False,False
chr17:2298650:G:A,rs216197,ENSG00000083454,P2RX5,sQTL,Brain_Nucleus_accumbens_basal_ganglia,eCAVIAR,0.0120794,False,False,False
chr11:115168963:G:A,rs10444329,ENSG00000109906,ZBTB16,sQTL,Esophagus_Gastroesophageal_Junction,eCAVIAR,0.0120772,False,False,False
chr7:151808612:C:T,rs62478245,ENSG00000244151,RP11-148K1.12,eQTL,Esophagus_Muscularis,eCAVIAR,0.0120727,False,False,False
chr15:91788477:G:A,rs8038628,ENSG00000258725,PRC1-AS1,eQTL,Colon_Transverse,eCAVIAR,0.0120587,False,False,False
chr15:73928957:C:T,rs1550437,ENSG00000140459,CYP11A1,eQTL,Skin_Sun_Exposed_Lower_leg,eCAVIAR,0.0120494,False,False,False
chr15:73928957:C:T,rs1550437,ENSG00000140459,CYP11A1,eQTL,Skin_Sun_Exposed_Lower_leg,eCAVIAR,0.0120494,False,False,False
chr15:73928957:C:T,rs1550437,ENSG00000140459,CYP11A1,eQTL,Skin_Sun_Exposed_Lower_leg,eCAVIAR,0.0120494,False,False,False
chr1:8435530:G:A,rs172531,ENSG00000074800,ENO1,eQTL,Skin_Sun_Exposed_Lower_leg,eCAVIAR,0.0120462,False,False,False
chr9:110549951:G:C,rs61751937,ENSG00000198121,LPAR1,eQTL,Pancreas,eCAVIAR,0.0120456,False,False,False
chr11:65569780:T:A,rs1346,ENSG00000255320,RP11-755F10.1,eQTL,Brain_Cerebellar_Hemisphere,eCAVIAR,0.0120401,False,False,False
chr11:65569780:T:A,rs1346,ENSG00000254986,DPP3,eQTL,Esophagus_Mucosa,eCAVIAR,0.0120354,False,False,False
chr14:60509819:C:A,rs33912345,ENSG00000181619,GPR135,eQTL,Brain_Caudate_basal_ganglia,eCAVIAR,0.0120308,False,False,False
chr1:8435530:G:A,rs172531,ENSG00000162426,SLC45A1,eQTL,Thyroid,eCAVIAR,0.0120191,False,False,False
chr17:45948522:C:A,rs242559/rs114919114,ENSG00000186834,HEXIM1,eQTL,Thyroid,eCAVIAR,0.0120173,False,False,False
chr14:53493371:G:A,rs12433661,ENSG00000073712,FERMT2,eQTL,Muscle_Skeletal,eCAVIAR,0.0120106,False,False,False
chr17:45948522:C:A,rs242559/rs114919114,ENSG00000136448,NMT1,eQTL,Prostate,eCAVIAR,0.0120091,False,False,False
chr4:88831125:G:A,rs57400569,ENSG00000145332,KLHL8,eQTL,Cells_Cultured_fibroblasts,eCAVIAR,0.0120039,False,False,False
chr7:35921527:C:T,rs6957752,ENSG00000227544,AC018647.3,eQTL,Muscle_Skeletal,eCAVIAR,0.0120021,False,False,False
chr15:91788477:G:A,rs8038628,ENSG00000258647,LINC00930,eQTL,Esophagus_Mucosa,eCAVIAR,0.0120021,False,False,False
chr6:36602589:C:T,rs7344,ENSG00000112079,STK38,eQTL,Heart_Atrial_Appendage,eCAVIAR,0.011994,False,False,False
chr12:111494996:C:T,rs7137828,ENSG00000135148,TRAFD1,eQTL,Brain_Cerebellum,eCAVIAR,0.0119922,False,False,False
chr10:10798886:C:A,rs6602453,ENSG00000181800,CELF2-AS1,eQTL,Cells_Cultured_fibroblasts,eCAVIAR,0.0119497,False,False,False
chr11:65569780:T:A,rs1346,ENSG00000014138,POLA2,eQTL,Colon_Sigmoid,eCAVIAR,0.0119489,False,False,False
chr15:91788477:G:A,rs8038628,ENSG00000258647,LINC00930,eQTL,Colon_Sigmoid,eCAVIAR,0.0119444,False,False,False
chr1:8435530:G:A,rs172531,ENSG00000142599,RERE,eQTL,Thyroid,eCAVIAR,0.0119423,False,False,False
chr17:45948522:C:A,rs242559/rs114919114,ENSG00000186868,MAPT,eQTL,Esophagus_Gastroesophageal_Junction,eCAVIAR,0.0119274,False,False,False
chr6:36602589:C:T,rs7344,ENSG00000112062,MAPK14,eQTL,Brain_Spinal_cord_cervical_c-1,eCAVIAR,0.0119273,False,False,False
chr6:36602589:C:T,rs7344,ENSG00000112062,MAPK14,eQTL,Brain_Spinal_cord_cervical_c-1,eCAVIAR,0.0119273,False,False,False
chr17:45948522:C:A,rs242559/rs114919114,ENSG00000238083,LRRC37A2,sQTL,Brain_Cerebellum,eCAVIAR,0.0119224,False,False,False
chr1:171636338:G:A,rs74315329,ENSG00000076258,FMO4,eQTL,Esophagus_Mucosa,eCAVIAR,0.0118883,False,False,False
chr6:36602589:C:T,rs7344,ENSG00000112079,STK38,sQTL,Artery_Coronary,eCAVIAR,0.0118871,False,False,False
chr1:37611020:C:T,rs10908363,ENSG00000204084,INPP5B,eQTL,Small_Intestine_Terminal_Ileum,eCAVIAR,0.0118854,False,False,False
chr6:29839124:G:C,rs407238/rs115586772,ENSG00000204531,POU5F1,eQTL,Skin_Sun_Exposed_Lower_leg,eCAVIAR,0.0118726,False,False,False
chr16:65033540:C:T,rs12447201,ENSG00000261742,LINC00922,eQTL,Testis,eCAVIAR,0.0118598,False,False,False
chr22:37780972:G:T,rs5750494,ENSG00000100124,ANKRD54,eQTL,Breast_Mammary_Tissue,eCAVIAR,0.0118451,False,False,False
chr6:29839124:G:C,rs407238/rs115586772,ENSG00000204531,POU5F1,eQTL,Skin_Sun_Exposed_Lower_leg,eCAVIAR,0.0118403,False,False,False
chr9:133255801:C:T,rs8176749,ENSG00000148296,SURF6,eQTL,Uterus,eCAVIAR,0.0118377,False,False,False
chr9:133255801:C:T,rs8176749,ENSG00000148290,SURF1,sQTL,Adrenal_Gland,eCAVIAR,0.0118277,False,False,False
chr7:151808612:C:T,rs62478245,ENSG00000033100,CHPF2,sQTL,Pancreas,eCAVIAR,0.0118229,False,False,False
chr7:103984366:G:A,rs12667675,ENSG00000135250,SRPK2,eQTL,Esophagus_Muscularis,eCAVIAR,0.0118216,False,False,False
chr14:53493371:G:A,rs12433661,ENSG00000073712,FERMT2,sQTL,Thyroid,eCAVIAR,0.0118101,False,False,False
chr1:162709355:G:A,rs4542196,ENSG00000234211,RP11-25K21.1,eQTL,Small_Intestine_Terminal_Ileum,eCAVIAR,0.0118098,False,False,False
chr9:110549951:G:C,rs61751937,ENSG00000106853,PTGR1,sQTL,Brain_Nucleus_accumbens_basal_ganglia,eCAVIAR,0.0118066,False,False,False
chr17:45948522:C:A,rs242559/rs114919114,ENSG00000073969,NSF,eQTL,Skin_Not_Sun_Exposed_Suprapubic,eCAVIAR,0.0117963,False,False,False
chr12:111494996:C:T,rs7137828,ENSG00000139433,GLTP,eQTL,Pituitary,eCAVIAR,0.011794,False,False,False
chr17:45948522:C:A,rs242559/rs114919114,ENSG00000120088,CRHR1,eQTL,Skin_Not_Sun_Exposed_Suprapubic,eCAVIAR,0.0117882,False,False,False
chr17:45948522:C:A,rs242559/rs114919114,ENSG00000233175,CTD-2020K17.3,eQTL,Prostate,eCAVIAR,0.0117879,False,False,False
chr6:122324153:C:A,rs7760346,ENSG00000135549,PKIB,eQTL,Skin_Not_Sun_Exposed_Suprapubic,eCAVIAR,0.0117724,False,False,False
chr7:103984366:G:A,rs12667675,ENSG00000170629,DPY19L2P2,eQTL,Brain_Amygdala,eCAVIAR,0.0117667,False,False,False
chr9:133255801:C:T,rs8176749,ENSG00000160323,ADAMTS13,eQTL,Brain_Cerebellum,eCAVIAR,0.0117629,False,False,False
chr2:55705879:C:T,rs2627761,ENSG00000214595,EML6,eQTL,Brain_Nucleus_accumbens_basal_ganglia,eCAVIAR,0.0117523,False,False,False
chr6:29839124:G:C,rs407238/rs115586772,ENSG00000234745,HLA-B,sQTL,Artery_Aorta,eCAVIAR,0.0117363,False,False,False
chr10:10798886:C:A,rs6602453,ENSG00000048740,CELF2,eQTL,Artery_Tibial,eCAVIAR,0.0117286,False,False,False
chr6:122324153:C:A,rs7760346,ENSG00000135549,PKIB,eQTL,Skin_Not_Sun_Exposed_Suprapubic,eCAVIAR,0.0117272,False,False,False
chr12:111494996:C:T,rs7137828,ENSG00000226469,ADAM1B,eQTL,Adrenal_Gland,eCAVIAR,0.0117221,False,False,False
chr12:111494996:C:T,rs7137828,ENSG00000174437,ATP2A2,sQTL,Testis,eCAVIAR,0.0117127,False,False,False
chr1:162709355:G:A,rs4542196,ENSG00000198574,SH2D1B,eQTL,Whole_Blood,eCAVIAR,0.0117063,False,False,False
chr1:171636338:G:A,rs74315329,ENSG00000007933,FMO3,eQTL,Thyroid,eCAVIAR,0.011698,False,False,False
chr17:45948522:C:A,rs242559/rs114919114,ENSG00000159314,ARHGAP27,eQTL,Heart_Left_Ventricle,eCAVIAR,0.0116688,False,False,False
chr12:111494996:C:T,rs7137828,ENSG00000174437,ATP2A2,sQTL,Testis,eCAVIAR,0.0116668,False,False,False
chr15:61655081:G:C,rs12438742,ENSG00000261296,RP11-299H22.6,eQTL,Pituitary,eCAVIAR,0.0116649,False,False,False
chr15:91788477:G:A,rs8038628,ENSG00000140553,UNC45A,eQTL,Muscle_Skeletal,eCAVIAR,0.0116633,False,False,False
chr12:111494996:C:T,rs7137828,ENSG00000234608,MAPKAPK5-AS1,eQTL,Skin_Sun_Exposed_Lower_leg,eCAVIAR,0.0116505,False,False,False
chr7:151808612:C:T,rs62478245,ENSG00000261455,LINC01003,eQTL,Vagina,eCAVIAR,0.0116448,False,False,False
chr12:111494996:C:T,rs7137828,ENSG00000196510,ANAPC7,sQTL,Breast_Mammary_Tissue,eCAVIAR,0.0116402,False,False,False
chr1:112699500:G:T,rs1106287,ENSG00000171385,KCND3,eQTL,Pancreas,eCAVIAR,0.0116112,False,False,False
chr15:91788477:G:A,rs8038628,ENSG00000214432,AC068831.10,eQTL,Esophagus_Mucosa,eCAVIAR,0.0115977,False,False,False
chr12:111494996:C:T,rs7137828,ENSG00000111300,NAA25,eQTL,Lung,eCAVIAR,0.0115921,False,False,False
chr6:36602589:C:T,rs7344,ENSG00000112079,STK38,eQTL,Testis,eCAVIAR,0.0115738,False,False,False
chr14:74618126:G:A,rs754458,ENSG00000176903,PNMA1,eQTL,Skin_Not_Sun_Exposed_Suprapubic,eCAVIAR,0.0115551,False,False,False
chr14:74618126:G:A,rs754458,ENSG00000187097,ENTPD5,sQTL,Skin_Not_Sun_Exposed_Suprapubic,eCAVIAR,0.0115538,False,False,False
chr15:91788477:G:A,rs8038628,ENSG00000258551,CRAT37,eQTL,Testis,eCAVIAR,0.0115527,False,False,False
chr7:35921527:C:T,rs6957752,ENSG00000261184,RP11-196O2.1,sQTL,Testis,eCAVIAR,0.0115522,False,False,False
chr7:103984366:G:A,rs12667675,ENSG00000005075,POLR2J,eQTL,Thyroid,eCAVIAR,0.011551,False,False,False
chr14:74618126:G:A,rs754458,ENSG00000258646,RP11-950C14.3,eQTL,Adipose_Subcutaneous,eCAVIAR,0.0115495,False,False,False
chr12:111494996:C:T,rs7137828,ENSG00000139433,GLTP,eQTL,Pituitary,eCAVIAR,0.0115451,False,False,False
chr15:91788477:G:A,rs8038628,ENSG00000182511,FES,eQTL,Pituitary,eCAVIAR,0.0115428,False,False,False
chr12:111494996:C:T,rs7137828,ENSG00000198324,FAM109A,eQTL,Skin_Not_Sun_Exposed_Suprapubic,eCAVIAR,0.0115356,False,False,False
chr2:55705879:C:T,rs2627761,ENSG00000275052,PPP4R3B,eQTL,Artery_Tibial,eCAVIAR,0.0115344,False,False,False
chr1:68371486:C:A,rs4076000,ENSG00000234383,CTBP2P8,eQTL,Esophagus_Muscularis,eCAVIAR,0.0115249,False,False,False
chr20:46905414:G:A,rs6124885,ENSG00000197496,SLC2A10,eQTL,Lung,eCAVIAR,0.0115145,False,False,False
chr1:162709355:G:A,rs4542196,ENSG00000143226,FCGR2A,sQTL,Heart_Atrial_Appendage,eCAVIAR,0.0115144,False,False,False
chr1:68371486:C:A,rs4076000,ENSG00000116745,RPE65,eQTL,Skin_Sun_Exposed_Lower_leg,eCAVIAR,0.0115109,False,False,False
chr17:45948522:C:A,rs242559/rs114919114,ENSG00000238083,LRRC37A2,sQTL,Colon_Sigmoid,eCAVIAR,0.0115046,False,False,False
chr7:103984366:G:A,rs12667675,ENSG00000205238,SPDYE2,eQTL,Muscle_Skeletal,eCAVIAR,0.0115043,False,False,False
chr10:76522305:C:T,rs2637250,ENSG00000148655,C10orf11,eQTL,Muscle_Skeletal,eCAVIAR,0.0115032,False,False,False
chr17:45948522:C:A,rs242559/rs114919114,ENSG00000225190,PLEKHM1,eQTL,Colon_Transverse,eCAVIAR,0.011501,False,False,False
chr1:87747331:C:T,rs12139208,ENSG00000137944,KYAT3,eQTL,Ovary,eCAVIAR,0.0115009,False,False,False
chr6:29839124:G:C,rs407238/rs115586772,ENSG00000204525,HLA-C,sQTL,Heart_Atrial_Appendage,eCAVIAR,0.0114829,False,False,False
chr13:22099731:G:A,rs4769194,ENSG00000150459,SAP18,eQTL,Adipose_Visceral_Omentum,eCAVIAR,0.0114825,False,False,False
chr1:112699500:G:T,rs1106287,ENSG00000226167,AP4B1-AS1,eQTL,Whole_Blood,eCAVIAR,0.0114805,False,False,False
chr15:91788477:G:A,rs8038628,ENSG00000166965,RCCD1,eQTL,Brain_Hippocampus,eCAVIAR,0.01148,False,False,False
chr1:8435530:G:A,rs172531,ENSG00000142599,RERE,eQTL,Stomach,eCAVIAR,0.0114724,False,False,False
chr15:91788477:G:A,rs8038628,ENSG00000173575,CHD2,eQTL,Skin_Sun_Exposed_Lower_leg,eCAVIAR,0.0114653,False,False,False
chr7:151808612:C:T,rs62478245,ENSG00000033100,CHPF2,eQTL,Brain_Putamen_basal_ganglia,eCAVIAR,0.0114517,False,False,False
chr13:110125592:G:C,rs2218471,ENSG00000213995,NAXD,eQTL,Brain_Nucleus_accumbens_basal_ganglia,eCAVIAR,0.0114477,False,False,False
chr1:100629646:G:A,rs12566440,ENSG00000162692,VCAM1,eQTL,Adipose_Subcutaneous,eCAVIAR,0.0114426,False,False,False
chr2:55705879:C:T,rs2627761,ENSG00000275052,PPP4R3B,eQTL,Nerve_Tibial,eCAVIAR,0.0114402,False,False,False
chr15:91788477:G:A,rs8038628,ENSG00000140564,FURIN,sQTL,Nerve_Tibial,eCAVIAR,0.0114389,False,False,False
chr2:71424809:T:A,rs12613800,ENSG00000152672,CLEC4F,eQTL,Colon_Sigmoid,eCAVIAR,0.0114337,False,False,False
chr9:133255801:C:T,rs8176749,ENSG00000148296,SURF6,eQTL,Pituitary,eCAVIAR,0.0114238,False,False,False
chr7:103984366:G:A,rs12667675,ENSG00000105808,RASA4,eQTL,Adipose_Subcutaneous,eCAVIAR,0.0114106,False,False,False
chr7:151808612:C:T,rs62478245,ENSG00000261455,LINC01003,eQTL,Uterus,eCAVIAR,0.0113895,False,False,False
chr17:61161860:G:A,rs11868441,ENSG00000267667,RP11-136H19.1,eQTL,Nerve_Tibial,eCAVIAR,0.011376,False,False,False
chr11:16989629:C:A,rs4141194,ENSG00000110768,GTF2H1,sQTL,Skin_Not_Sun_Exposed_Suprapubic,eCAVIAR,0.0113699,False,False,False
chr9:126628521:C:T,rs3829849,ENSG00000224842,RP11-123K19.1,eQTL,Adipose_Subcutaneous,eCAVIAR,0.011366,False,False,False
chr14:74618126:G:A,rs754458,ENSG00000156030,ELMSAN1,eQTL,Skin_Sun_Exposed_Lower_leg,eCAVIAR,0.011357,False,False,False
chr12:111494996:C:T,rs7137828,ENSG00000139433,GLTP,eQTL,Adipose_Subcutaneous,eCAVIAR,0.0113454,False,False,False
chr4:7902636:G:A,rs938604,ENSG00000196526,AFAP1,sQTL,Cells_Cultured_fibroblasts,eCAVIAR,0.0113443,False,False,False
chr7:35921527:C:T,rs6957752,ENSG00000228878,SEPT7-AS1,eQTL,Thyroid,eCAVIAR,0.0113442,False,False,False
chr6:29839124:G:C,rs407238/rs115586772,ENSG00000206344,HCG27,eQTL,Skin_Sun_Exposed_Lower_leg,eCAVIAR,0.0113434,False,False,False
chr12:111494996:C:T,rs7137828,ENSG00000198270,TMEM116,sQTL,Adipose_Visceral_Omentum,eCAVIAR,0.0113372,False,False,False
chr15:91788477:G:A,rs8038628,ENSG00000182768,NGRN,eQTL,Nerve_Tibial,eCAVIAR,0.0113314,False,False,False
chr15:91788477:G:A,rs8038628,ENSG00000166965,RCCD1,eQTL,Cells_Cultured_fibroblasts,eCAVIAR,0.0113309,False,False,False
chr1:37611020:C:T,rs10908363,ENSG00000188786,MTF1,eQTL,Skin_Sun_Exposed_Lower_leg,eCAVIAR,0.0113291,False,False,False
chr7:35921527:C:T,rs6957752,ENSG00000011426,ANLN,eQTL,Skin_Sun_Exposed_Lower_leg,eCAVIAR,0.0113286,False,False,False
chr7:151808612:C:T,rs62478245,ENSG00000196584,XRCC2,eQTL,Brain_Substantia_nigra,eCAVIAR,0.0113248,False,False,False
chr1:112699500:G:T,rs1106287,ENSG00000155367,PPM1J,eQTL,Adipose_Visceral_Omentum,eCAVIAR,0.011323,False,False,False
chr6:29839124:G:C,rs407238/rs115586772,ENSG00000204538,PSORS1C2,eQTL,Colon_Transverse,eCAVIAR,0.0113155,False,False,False
chr1:68371486:C:A,rs4076000,ENSG00000116729,WLS,eQTL,Whole_Blood,eCAVIAR,0.0113147,False,False,False
chr20:39445575:C:T,rs6101546,ENSG00000124143,ARHGAP40,eQTL,Stomach,eCAVIAR,0.0112976,False,False,False
chr9:110549951:G:C,rs61751937,ENSG00000173258,ZNF483,eQTL,Artery_Tibial,eCAVIAR,0.0112795,False,False,False
chr22:19882624:C:T,rs8141610,ENSG00000184470,TXNRD2,sQTL,Stomach,eCAVIAR,0.0112784,False,False,False
chr2:55705879:C:T,rs2627761,ENSG00000162994,CLHC1,sQTL,Brain_Cerebellum,eCAVIAR,0.0112745,False,False,False
chr2:55705879:C:T,rs2627761,ENSG00000162994,CLHC1,sQTL,Brain_Cerebellum,eCAVIAR,0.0112745,False,False,False
chr15:91788477:G:A,rs8038628,ENSG00000185442,FAM174B,eQTL,Esophagus_Muscularis,eCAVIAR,0.0112581,False,False,False
chr15:91788477:G:A,rs8038628,ENSG00000140553,UNC45A,eQTL,Heart_Atrial_Appendage,eCAVIAR,0.0112581,False,False,False
chr11:16989629:C:A,rs4141194,ENSG00000129167,TPH1,eQTL,Brain_Cerebellar_Hemisphere,eCAVIAR,0.0112541,False,False,False
chr15:91788477:G:A,rs8038628,ENSG00000185442,FAM174B,eQTL,Esophagus_Mucosa,eCAVIAR,0.0112486,False,False,False
chr7:151808612:C:T,rs62478245,ENSG00000196584,XRCC2,eQTL,Cells_Cultured_fibroblasts,eCAVIAR,0.0112472,False,False,False
chr15:91788477:G:A,rs8038628,ENSG00000185442,FAM174B,eQTL,Thyroid,eCAVIAR,0.0112423,False,False,False
chr1:112699500:G:T,rs1106287,ENSG00000143079,CTTNBP2NL,eQTL,Brain_Frontal_Cortex_BA9,eCAVIAR,0.0112404,False,False,False
chr11:65569780:T:A,rs1346,ENSG00000173465,SSSCA1,eQTL,Muscle_Skeletal,eCAVIAR,0.0112401,False,False,False
chr14:60509819:C:A,rs33912345,ENSG00000182107,TMEM30B,eQTL,Heart_Atrial_Appendage,eCAVIAR,0.011237,False,False,False
chr9:133255801:C:T,rs8176749,ENSG00000160323,ADAMTS13,eQTL,Brain_Nucleus_accumbens_basal_ganglia,eCAVIAR,0.0112325,False,False,False
chr1:112699500:G:T,rs1106287,ENSG00000081026,MAGI3,eQTL,Artery_Tibial,eCAVIAR,0.011229,False,False,False
chr7:103984366:G:A,rs12667675,ENSG00000164815,ORC5,eQTL,Skin_Sun_Exposed_Lower_leg,eCAVIAR,0.011228,False,False,False
chr1:112699500:G:T,rs1106287,ENSG00000273483,RP4-671G15.2,eQTL,Thyroid,eCAVIAR,0.0112263,False,False,False
chr14:53493371:G:A,rs12433661,ENSG00000073712,FERMT2,sQTL,Thyroid,eCAVIAR,0.0112177,False,False,False
chr10:76522305:C:T,rs2637250,ENSG00000148655,C10orf11,sQTL,Heart_Atrial_Appendage,eCAVIAR,0.0112147,False,False,False
chrX:13936278:C:T,rs66819623,ENSG00000223773,CD99P1,eQTL,Brain_Putamen_basal_ganglia,eCAVIAR,0.0112108,False,False,False
chrX:3411552:C:T,rs12846405,ENSG00000223773,CD99P1,eQTL,Brain_Putamen_basal_ganglia,eCAVIAR,0.0112108,False,False,False
chrX:44081581:C:T,rs17146835,ENSG00000223773,CD99P1,eQTL,Brain_Putamen_basal_ganglia,eCAVIAR,0.0112108,False,False,False
chr2:71424809:T:A,rs12613800,ENSG00000144036,EXOC6B,sQTL,Nerve_Tibial,eCAVIAR,0.0112096,False,False,False
chr12:111494996:C:T,rs7137828,ENSG00000204842,ATXN2,eQTL,Brain_Hippocampus,eCAVIAR,0.0112026,False,False,False
chr7:103984366:G:A,rs12667675,ENSG00000135250,SRPK2,eQTL,Lung,eCAVIAR,0.0111978,False,False,False
chr7:35921527:C:T,rs6957752,ENSG00000228878,SEPT7-AS1,eQTL,Thyroid,eCAVIAR,0.0111889,False,False,False
chr7:151808612:C:T,rs62478245,ENSG00000033050,ABCF2,eQTL,Pituitary,eCAVIAR,0.0111866,False,False,False
chr15:91788477:G:A,rs8038628,ENSG00000258725,PRC1-AS1,eQTL,Colon_Transverse,eCAVIAR,0.0111787,False,False,False
chr11:47447887:G:A,rs7111873,ENSG00000226268,RP11-61N20.3,eQTL,Testis,eCAVIAR,0.0111777,False,False,False
chr9:110549951:G:C,rs61751937,ENSG00000173258,ZNF483,eQTL,Breast_Mammary_Tissue,eCAVIAR,0.0111767,False,False,False
chr12:111494996:C:T,rs7137828,ENSG00000122970,IFT81,eQTL,Colon_Sigmoid,eCAVIAR,0.0111676,False,False,False
chr10:94263320:C:T,rs57866767,ENSG00000273450,RP11-76P2.4,eQTL,Skin_Sun_Exposed_Lower_leg,eCAVIAR,0.0111615,False,False,False
chr20:46905414:G:A,rs6124885,ENSG00000196562,SULF2,sQTL,Liver,eCAVIAR,0.0111579,False,False,False
chr2:55705879:C:T,rs2627761,ENSG00000238018,AC093110.3,eQTL,Colon_Sigmoid,eCAVIAR,0.0111558,False,False,False
chr15:91788477:G:A,rs8038628,ENSG00000184056,VPS33B,eQTL,Skin_Not_Sun_Exposed_Suprapubic,eCAVIAR,0.0111451,False,False,False
chr20:6489447:G:A,rs2326788,ENSG00000275632,RP5-967N21.11,eQTL,Stomach,eCAVIAR,0.0111357,False,False,False
chr17:45948522:C:A,rs242559/rs114919114,ENSG00000181513,ACBD4,eQTL,Skin_Not_Sun_Exposed_Suprapubic,eCAVIAR,0.0111347,False,False,False
chr6:29839124:G:C,rs407238/rs115586772,ENSG00000227262,HCG4B,eQTL,Adrenal_Gland,eCAVIAR,0.0111323,False,False,False
chr7:151808612:C:T,rs62478245,ENSG00000133612,AGAP3,eQTL,Lung,eCAVIAR,0.0111321,False,False,False
chr2:152508013:G:A,rs1579050,ENSG00000123609,NMI,eQTL,Artery_Aorta,eCAVIAR,0.0111317,False,False,False
chr15:91788477:G:A,rs8038628,ENSG00000258676,RP11-386M24.3,eQTL,Skin_Not_Sun_Exposed_Suprapubic,eCAVIAR,0.0111277,False,False,False
chr2:71424809:T:A,rs12613800,ENSG00000144031,ANKRD53,eQTL,Lung,eCAVIAR,0.0111125,False,False,False
chr15:91788477:G:A,rs8038628,ENSG00000182511,FES,sQTL,Prostate,eCAVIAR,0.011107,False,False,False
chr1:8435530:G:A,rs172531,ENSG00000074800,ENO1,eQTL,Adipose_Subcutaneous,eCAVIAR,0.0110914,False,False,False
chr22:28712241:G:A,rs5752776,ENSG00000100209,HSCB,eQTL,Muscle_Skeletal,eCAVIAR,0.0110854,False,False,False
chr15:91788477:G:A,rs8038628,ENSG00000182511,FES,sQTL,Testis,eCAVIAR,0.0110822,False,False,False
chr15:91788477:G:A,rs8038628,ENSG00000182511,FES,sQTL,Testis,eCAVIAR,0.0110822,False,False,False
chr15:73928957:C:T,rs1550437,ENSG00000140400,MAN2C1,eQTL,Skin_Sun_Exposed_Lower_leg,eCAVIAR,0.0110695,False,False,False
chr1:112699500:G:T,rs1106287,ENSG00000226419,SLC16A1-AS1,eQTL,Adipose_Subcutaneous,eCAVIAR,0.0110582,False,False,False
chr11:47447887:G:A,rs7111873,ENSG00000213619,NDUFS3,eQTL,Esophagus_Mucosa,eCAVIAR,0.0110554,False,False,False
chr17:47617876:AT:A,rs1348518145,ENSG00000141295,SCRN2,sQTL,Lung,eCAVIAR,0.0110524,False,False,False
chr6:29839124:G:C,rs407238/rs115586772,ENSG00000234745,HLA-B,sQTL,Artery_Coronary,eCAVIAR,0.0110367,False,False,False
chr6:36602589:C:T,rs7344,ENSG00000172738,TMEM217,eQTL,Muscle_Skeletal,eCAVIAR,0.0110333,False,False,False
chr15:91788477:G:A,rs8038628,ENSG00000166965,RCCD1,eQTL,Brain_Hippocampus,eCAVIAR,0.011028,False,False,False
chr7:134835770:C:A,rs10237321,ENSG00000105875,WDR91,sQTL,Brain_Cerebellum,eCAVIAR,0.0110189,False,False,False
chrX:13936278:C:T,rs66819623,ENSG00000223571,DHRSX-IT1,eQTL,Brain_Putamen_basal_ganglia,eCAVIAR,0.0110135,False,False,False
chrX:3411552:C:T,rs12846405,ENSG00000223571,DHRSX-IT1,eQTL,Brain_Putamen_basal_ganglia,eCAVIAR,0.0110135,False,False,False
chrX:44081581:C:T,rs17146835,ENSG00000223571,DHRSX-IT1,eQTL,Brain_Putamen_basal_ganglia,eCAVIAR,0.0110135,False,False,False
chr7:151808612:C:T,rs62478245,ENSG00000033100,CHPF2,sQTL,Testis,eCAVIAR,0.0110113,False,False,False
chr7:151808612:C:T,rs62478245,ENSG00000196584,XRCC2,eQTL,Testis,eCAVIAR,0.0110111,False,False,False
chr9:110549951:G:C,rs61751937,ENSG00000136810,TXN,eQTL,Heart_Left_Ventricle,eCAVIAR,0.0110109,False,False,False
chr11:16989629:C:A,rs4141194,ENSG00000272034,SNORD14A,eQTL,Artery_Aorta,eCAVIAR,0.0110071,False,False,False
chr15:73928957:C:T,rs1550437,ENSG00000261801,LOXL1-AS1,eQTL,Muscle_Skeletal,eCAVIAR,0.0110023,False,False,False
chr7:103984366:G:A,rs12667675,ENSG00000170629,DPY19L2P2,eQTL,Adipose_Subcutaneous,eCAVIAR,0.0109995,False,False,False
chr1:37611020:C:T,rs10908363,ENSG00000204084,INPP5B,eQTL,Uterus,eCAVIAR,0.0109924,False,False,False
chrX:13936278:C:T,rs66819623,ENSG00000002586,CD99,eQTL,Adipose_Subcutaneous,eCAVIAR,0.010991,False,False,False
chrX:3411552:C:T,rs12846405,ENSG00000002586,CD99,eQTL,Adipose_Subcutaneous,eCAVIAR,0.010991,False,False,False
chrX:44081581:C:T,rs17146835,ENSG00000002586,CD99,eQTL,Adipose_Subcutaneous,eCAVIAR,0.010991,False,False,False
chr7:103984366:G:A,rs12667675,ENSG00000164815,ORC5,eQTL,Skin_Sun_Exposed_Lower_leg,eCAVIAR,0.0109857,False,False,False
chr6:36602589:C:T,rs7344,ENSG00000112079,STK38,eQTL,Heart_Atrial_Appendage,eCAVIAR,0.0109736,False,False,False
chr15:91788477:G:A,rs8038628,ENSG00000140553,UNC45A,sQTL,Esophagus_Gastroesophageal_Junction,eCAVIAR,0.0109731,False,False,False
chr2:71424809:T:A,rs12613800,ENSG00000152672,CLEC4F,eQTL,Whole_Blood,eCAVIAR,0.0109603,False,False,False
chr15:91788477:G:A,rs8038628,ENSG00000140564,FURIN,sQTL,Nerve_Tibial,eCAVIAR,0.0109547,False,False,False
chr14:74618126:G:A,rs754458,ENSG00000133961,NUMB,eQTL,Nerve_Tibial,eCAVIAR,0.0109538,False,False,False
chr9:22051671:G:C,rs944801,ENSG00000147883,CDKN2B,eQTL,Cells_Cultured_fibroblasts,eCAVIAR,0.0109496,False,False,False
chr6:36602589:C:T,rs7344,ENSG00000112079,STK38,sQTL,Liver,eCAVIAR,0.0109495,False,False,False
chr1:112699500:G:T,rs1106287,ENSG00000163349,HIPK1,sQTL,Brain_Cerebellar_Hemisphere,eCAVIAR,0.0109485,False,False,False
chr6:29839124:G:C,rs407238/rs115586772,ENSG00000204536,CCHCR1,sQTL,Breast_Mammary_Tissue,eCAVIAR,0.0109482,False,False,False
chr17:45948522:C:A,rs242559/rs114919114,ENSG00000262372,RP11-669E14.6,eQTL,Thyroid,eCAVIAR,0.0109363,False,False,False
chr22:28712241:G:A,rs5752776,ENSG00000186998,EMID1,eQTL,Stomach,eCAVIAR,0.0109316,False,False,False
chr15:91788477:G:A,rs8038628,ENSG00000166965,RCCD1,eQTL,Minor_Salivary_Gland,eCAVIAR,0.0109268,False,False,False
chr15:73928957:C:T,rs1550437,ENSG00000260898,ADPGK-AS1,eQTL,Testis,eCAVIAR,0.0109178,False,False,False
chr15:91788477:G:A,rs8038628,ENSG00000184508,HDDC3,eQTL,Skin_Not_Sun_Exposed_Suprapubic,eCAVIAR,0.0109177,False,False,False
chr7:151808612:C:T,rs62478245,ENSG00000196584,XRCC2,eQTL,Brain_Amygdala,eCAVIAR,0.0109053,False,False,False
chr1:112699500:G:T,rs1106287,ENSG00000188761,BCL2L15,eQTL,Retina,eCAVIAR,0.0109005,False,False,False
chr6:29839124:G:C,rs407238/rs115586772,ENSG00000204536,CCHCR1,sQTL,Brain_Frontal_Cortex_BA9,eCAVIAR,0.0108981,False,False,False
chr9:133255801:C:T,rs8176749,ENSG00000148296,SURF6,eQTL,Pituitary,eCAVIAR,0.0108883,False,False,False
chr15:91788477:G:A,rs8038628,ENSG00000140564,FURIN,eQTL,Artery_Aorta,eCAVIAR,0.0108757,False,False,False
chr11:16989629:C:A,rs4141194,ENSG00000148965,SAA4,eQTL,Adipose_Subcutaneous,eCAVIAR,0.0108736,False,False,False
chr7:35921527:C:T,rs6957752,ENSG00000228878,SEPT7-AS1,eQTL,Skin_Not_Sun_Exposed_Suprapubic,eCAVIAR,0.010852,False,False,False
chr11:16989629:C:A,rs4141194,ENSG00000166788,SAAL1,eQTL,Vagina,eCAVIAR,0.010851,False,False,False
chr2:71424809:T:A,rs12613800,ENSG00000152672,CLEC4F,eQTL,Whole_Blood,eCAVIAR,0.0108509,False,False,False
chr6:29839124:G:C,rs407238/rs115586772,ENSG00000204539,CDSN,sQTL,Skin_Sun_Exposed_Lower_leg,eCAVIAR,0.0108477,False,False,False
chr10:94263320:C:T,rs57866767,ENSG00000138109,CYP2C9,eQTL,Adipose_Subcutaneous,eCAVIAR,0.0108413,False,False,False
chr10:10798886:C:A,rs6602453,ENSG00000048740,CELF2,eQTL,Artery_Tibial,eCAVIAR,0.0108311,False,False,False
chr13:22099731:G:A,rs4769194,ENSG00000233325,MIPEPP3,sQTL,Artery_Tibial,eCAVIAR,0.0108294,False,False,False
chr13:22099731:G:A,rs4769194,ENSG00000233325,MIPEPP3,sQTL,Artery_Tibial,eCAVIAR,0.0108294,False,False,False
chr15:91788477:G:A,rs8038628,ENSG00000140564,FURIN,eQTL,Artery_Aorta,eCAVIAR,0.0108206,False,False,False
chr1:68371486:C:A,rs4076000,ENSG00000172380,GNG12,eQTL,Testis,eCAVIAR,0.0108174,False,False,False
chr7:35921527:C:T,rs6957752,ENSG00000227544,AC018647.3,eQTL,Cells_EBV-transformed_lymphocytes,eCAVIAR,0.0108117,False,False,False
chr1:68371486:C:A,rs4076000,ENSG00000229133,RPS7P4,eQTL,Ovary,eCAVIAR,0.0108113,False,False,False
chr11:16989629:C:A,rs4141194,ENSG00000166788,SAAL1,eQTL,Brain_Hypothalamus,eCAVIAR,0.0108098,False,False,False
chr15:73928957:C:T,rs1550437,ENSG00000103653,CSK,eQTL,Muscle_Skeletal,eCAVIAR,0.0108096,False,False,False
chr15:91788477:G:A,rs8038628,ENSG00000258725,PRC1-AS1,eQTL,Esophagus_Mucosa,eCAVIAR,0.0108049,False,False,False
chr6:36602589:C:T,rs7344,ENSG00000112079,STK38,eQTL,Heart_Atrial_Appendage,eCAVIAR,0.0108004,False,False,False
chr15:91788477:G:A,rs8038628,ENSG00000140553,UNC45A,sQTL,Artery_Aorta,eCAVIAR,0.0108004,False,False,False
chrX:13936278:C:T,rs66819623,ENSG00000002586,CD99,eQTL,Cells_Cultured_fibroblasts,eCAVIAR,0.010791,False,False,False
chrX:3411552:C:T,rs12846405,ENSG00000002586,CD99,eQTL,Cells_Cultured_fibroblasts,eCAVIAR,0.010791,False,False,False
chrX:44081581:C:T,rs17146835,ENSG00000002586,CD99,eQTL,Cells_Cultured_fibroblasts,eCAVIAR,0.010791,False,False,False
chr17:2298650:G:A,rs216197,ENSG00000083454,P2RX5,sQTL,Brain_Hypothalamus,eCAVIAR,0.0107671,False,False,False
chr7:151808612:C:T,rs62478245,ENSG00000164896,FASTK,sQTL,Testis,eCAVIAR,0.0107618,False,False,False
chr2:55705879:C:T,rs2627761,ENSG00000275052,PPP4R3B,eQTL,Thyroid,eCAVIAR,0.01076,False,False,False
chr16:77627835:C:T,rs280875,ENSG00000140876,NUDT7,sQTL,Heart_Left_Ventricle,eCAVIAR,0.0107481,False,False,False
chr16:77627835:C:T,rs280875,ENSG00000140876,NUDT7,sQTL,Heart_Left_Ventricle,eCAVIAR,0.0107481,False,False,False
chr9:110549951:G:C,rs61751937,ENSG00000136810,TXN,eQTL,Adipose_Subcutaneous,eCAVIAR,0.0107452,False,False,False
chr6:36602589:C:T,rs7344,ENSG00000112079,STK38,sQTL,Esophagus_Mucosa,eCAVIAR,0.0107444,False,False,False
chr6:36602589:C:T,rs7344,ENSG00000112079,STK38,eQTL,Muscle_Skeletal,eCAVIAR,0.0107355,False,False,False
chr7:151808612:C:T,rs62478245,ENSG00000106615,RHEB,sQTL,Adipose_Subcutaneous,eCAVIAR,0.0107025,False,False,False
chr2:69184385:C:A,rs6732795,ENSG00000169621,APLF,eQTL,Skin_Not_Sun_Exposed_Suprapubic,eCAVIAR,0.0107009,False,False,False
chr7:151808612:C:T,rs62478245,ENSG00000106617,PRKAG2,eQTL,Thyroid,eCAVIAR,0.0106967,False,False,False
chr17:45948522:C:A,rs242559/rs114919114,ENSG00000266918,RP11-798G7.8,eQTL,Brain_Cortex,eCAVIAR,0.0106876,False,False,False
chr2:28143047:G:A,rs17006576,ENSG00000115234,SNX17,eQTL,Artery_Tibial,eCAVIAR,0.0106854,False,False,False
chr9:133255801:C:T,rs8176749,ENSG00000148300,REXO4,sQTL,Cells_Cultured_fibroblasts,eCAVIAR,0.0106797,False,False,False
chr12:28050312:T:A,rs7972874,ENSG00000247934,RP11-967K21.1,eQTL,Breast_Mammary_Tissue,eCAVIAR,0.0106756,False,False,False
chr7:35921527:C:T,rs6957752,ENSG00000122547,EEPD1,eQTL,Lung,eCAVIAR,0.0106738,False,False,False
chr15:91788477:G:A,rs8038628,ENSG00000214432,AC068831.10,eQTL,Brain_Cerebellar_Hemisphere,eCAVIAR,0.0106685,False,False,False
chr8:123542077:T:A,rs62521288,ENSG00000189376,C8orf76,sQTL,Whole_Blood,eCAVIAR,0.0106584,False,False,False
chr8:123542077:T:A,rs62521288,ENSG00000165156,ZHX1,sQTL,Whole_Blood,eCAVIAR,0.0106584,False,False,False
chr8:123542077:T:A,rs62521288,ENSG00000165156,ZHX1,sQTL,Whole_Blood,eCAVIAR,0.0106584,False,False,False
chr11:47447887:G:A,rs7111873,ENSG00000165923,AGBL2,eQTL,Skin_Sun_Exposed_Lower_leg,eCAVIAR,0.0106542,False,False,False
chr2:66310212:G:T,rs4414666,ENSG00000143971,ETAA1,eQTL,Adipose_Subcutaneous,eCAVIAR,0.0106507,False,False,False
chr11:65569780:T:A,rs1346,ENSG00000014138,POLA2,eQTL,Brain_Cerebellum,eCAVIAR,0.0106503,False,False,False
chr7:35921527:C:T,rs6957752,ENSG00000228878,SEPT7-AS1,eQTL,Skin_Not_Sun_Exposed_Suprapubic,eCAVIAR,0.0106453,False,False,False
chr1:8435530:G:A,rs172531,ENSG00000142599,RERE,eQTL,Spleen,eCAVIAR,0.0106359,False,False,False
chr12:111494996:C:T,rs7137828,ENSG00000111275,ALDH2,eQTL,Brain_Nucleus_accumbens_basal_ganglia,eCAVIAR,0.0106347,False,False,False
chr7:35921527:C:T,rs6957752,ENSG00000136250,AOAH,sQTL,Whole_Blood,eCAVIAR,0.0106331,False,False,False
chr7:103984366:G:A,rs12667675,ENSG00000228049,POLR2J2,eQTL,Heart_Atrial_Appendage,eCAVIAR,0.0106303,False,False,False
chr12:111494996:C:T,rs7137828,ENSG00000198270,TMEM116,eQTL,Pituitary,eCAVIAR,0.0106225,False,False,False
chr6:36602589:C:T,rs7344,ENSG00000112079,STK38,eQTL,Muscle_Skeletal,eCAVIAR,0.0106087,False,False,False
chr20:46905414:G:A,rs6124885,ENSG00000101473,ACOT8,sQTL,Thyroid,eCAVIAR,0.0106042,False,False,False
chr22:28712241:G:A,rs5752776,ENSG00000100280,AP1B1,eQTL,Uterus,eCAVIAR,0.0105981,False,False,False
chr1:37611020:C:T,rs10908363,ENSG00000116922,C1orf109,eQTL,Pancreas,eCAVIAR,0.0105931,False,False,False
chr11:65569780:T:A,rs1346,ENSG00000168056,LTBP3,eQTL,Artery_Tibial,eCAVIAR,0.0105818,False,False,False
chr7:103984366:G:A,rs12667675,ENSG00000228049,POLR2J2,eQTL,Heart_Atrial_Appendage,eCAVIAR,0.0105817,False,False,False
chr6:36602589:C:T,rs7344,ENSG00000172738,TMEM217,eQTL,Muscle_Skeletal,eCAVIAR,0.0105688,False,False,False
chr14:74618126:G:A,rs754458,ENSG00000119636,BBOF1,eQTL,Colon_Transverse,eCAVIAR,0.010568,False,False,False
chr7:151808612:C:T,rs62478245,ENSG00000164896,FASTK,sQTL,Colon_Sigmoid,eCAVIAR,0.0105678,False,False,False
chr17:45948522:C:A,rs242559/rs114919114,ENSG00000184361,SPATA32,eQTL,Cells_EBV-transformed_lymphocytes,eCAVIAR,0.0105635,False,False,False
chr2:69184385:C:A,rs6732795,ENSG00000115977,AAK1,eQTL,Lung,eCAVIAR,0.0105618,False,False,False
chr17:45948522:C:A,rs242559/rs114919114,ENSG00000120071,KANSL1,eQTL,Brain_Anterior_cingulate_cortex_BA24,eCAVIAR,0.010561,False,False,False
chr15:91788477:G:A,rs8038628,ENSG00000184056,VPS33B,sQTL,Skin_Sun_Exposed_Lower_leg,eCAVIAR,0.0105604,False,False,False
chr9:133255801:C:T,rs8176749,ENSG00000175164,ABO,sQTL,Colon_Transverse,eCAVIAR,0.0105593,False,False,False
chr15:73928957:C:T,rs1550437,ENSG00000260274,RP11-817O13.8,eQTL,Adipose_Subcutaneous,eCAVIAR,0.0105319,False,False,False
chr7:35921527:C:T,rs6957752,ENSG00000122545,SEPT7,eQTL,Esophagus_Muscularis,eCAVIAR,0.0105222,False,False,False
chr7:134835770:C:A,rs10237321,ENSG00000085662,AKR1B1,eQTL,Skin_Sun_Exposed_Lower_leg,eCAVIAR,0.0105154,False,False,False
chr10:10798886:C:A,rs6602453,ENSG00000181800,CELF2-AS1,eQTL,Cells_Cultured_fibroblasts,eCAVIAR,0.0105051,False,False,False
chr2:69184385:C:A,rs6732795,ENSG00000087338,GMCL1,sQTL,Adipose_Subcutaneous,eCAVIAR,0.0105048,False,False,False
chr15:57261634:T:A,rs2431023,ENSG00000181827,RFX7,eQTL,Esophagus_Gastroesophageal_Junction,eCAVIAR,0.0105016,False,False,False
chr7:103984366:G:A,rs12667675,ENSG00000164815,ORC5,eQTL,Artery_Aorta,eCAVIAR,0.0104979,False,False,False
chr1:219041795:G:A,rs6667536,ENSG00000225920,RIMKLBP2,eQTL,Cells_Cultured_fibroblasts,eCAVIAR,0.0104813,False,False,False
chr12:111494996:C:T,rs7137828,ENSG00000196510,ANAPC7,sQTL,Artery_Tibial,eCAVIAR,0.010478,False,False,False
chr7:151808612:C:T,rs62478245,ENSG00000244151,RP11-148K1.12,eQTL,Thyroid,eCAVIAR,0.0104748,False,False,False
chr15:73928957:C:T,rs1550437,ENSG00000260672,RP11-1006G14.1,eQTL,Muscle_Skeletal,eCAVIAR,0.0104674,False,False,False
chr1:8435530:G:A,rs172531,ENSG00000236269,ENO1-IT1,eQTL,Whole_Blood,eCAVIAR,0.0104601,False,False,False
chr14:75905315:G:C,rs4903352,ENSG00000119686,FLVCR2,eQTL,Esophagus_Muscularis,eCAVIAR,0.0104562,False,False,False
chr1:171636338:G:A,rs74315329,ENSG00000135845,PIGC,eQTL,Testis,eCAVIAR,0.0104561,False,False,False
chr2:66310212:G:T,rs4414666,ENSG00000138071,ACTR2,eQTL,Esophagus_Mucosa,eCAVIAR,0.0104531,False,False,False
chr13:75684584:G:A,rs9544024,ENSG00000178734,LMO7DN,eQTL,Skin_Sun_Exposed_Lower_leg,eCAVIAR,0.01045,False,False,False
chr13:110125592:G:C,rs2218471,ENSG00000134905,CARS2,sQTL,Brain_Hypothalamus,eCAVIAR,0.0104479,False,False,False
chr7:103984366:G:A,rs12667675,ENSG00000279168,RP11-514P8.10,eQTL,Breast_Mammary_Tissue,eCAVIAR,0.0104383,False,False,False
chr3:105354628:C:A,rs6437582,ENSG00000114423,CBLB,eQTL,Skin_Sun_Exposed_Lower_leg,eCAVIAR,0.0104382,False,False,False
chr17:45948522:C:A,rs242559/rs114919114,ENSG00000266918,RP11-798G7.8,eQTL,Brain_Putamen_basal_ganglia,eCAVIAR,0.0104259,False,False,False
chr15:91788477:G:A,rs8038628,ENSG00000182511,FES,sQTL,Skin_Sun_Exposed_Lower_leg,eCAVIAR,0.0104252,False,False,False
chr15:91788477:G:A,rs8038628,ENSG00000182511,FES,sQTL,Skin_Sun_Exposed_Lower_leg,eCAVIAR,0.0104252,False,False,False
chr1:112699500:G:T,rs1106287,ENSG00000081026,MAGI3,eQTL,Adipose_Subcutaneous,eCAVIAR,0.010413,False,False,False
chr14:74618126:G:A,rs754458,ENSG00000183379,SYNDIG1L,eQTL,Thyroid,eCAVIAR,0.0104098,False,False,False
chr2:69184385:C:A,rs6732795,ENSG00000163219,ARHGAP25,eQTL,Whole_Blood,eCAVIAR,0.0104009,False,False,False
chr12:111494996:C:T,rs7137828,ENSG00000139433,GLTP,eQTL,Brain_Nucleus_accumbens_basal_ganglia,eCAVIAR,0.0103826,False,False,False
chr2:28143047:G:A,rs17006576,ENSG00000138030,KHK,eQTL,Adipose_Visceral_Omentum,eCAVIAR,0.0103727,False,False,False
chr1:171636338:G:A,rs74315329,ENSG00000094963,FMO2,sQTL,Colon_Sigmoid,eCAVIAR,0.0103716,False,False,False
chr10:10798886:C:A,rs6602453,ENSG00000225383,SFTA1P,eQTL,Adipose_Visceral_Omentum,eCAVIAR,0.0103672,False,False,False
chr14:75905315:G:C,rs4903352,ENSG00000119718,EIF2B2,eQTL,Spleen,eCAVIAR,0.0103598,False,False,False
chr6:36602589:C:T,rs7344,ENSG00000112079,STK38,eQTL,Muscle_Skeletal,eCAVIAR,0.0103588,False,False,False
chr6:170139691:G:A,rs2935057,ENSG00000198719,DLL1,eQTL,Esophagus_Muscularis,eCAVIAR,0.0103528,False,False,False
chr13:110125592:G:C,rs2218471,ENSG00000213995,NAXD,sQTL,Muscle_Skeletal,eCAVIAR,0.010345,False,False,False
chr11:47447887:G:A,rs7111873,ENSG00000149187,CELF1,eQTL,Whole_Blood,eCAVIAR,0.010343,False,False,False
chr12:111494996:C:T,rs7137828,ENSG00000139433,GLTP,eQTL,Adrenal_Gland,eCAVIAR,0.0103361,False,False,False
chr1:36147354:C:A,rs4652902,ENSG00000197056,ZMYM1,eQTL,Artery_Tibial,eCAVIAR,0.01033,False,False,False
chr15:91788477:G:A,rs8038628,ENSG00000214432,AC068831.10,eQTL,Adipose_Visceral_Omentum,eCAVIAR,0.0103145,False,False,False
chr13:22099731:G:A,rs4769194,ENSG00000283075,RP11-124N19.4,eQTL,Nerve_Tibial,eCAVIAR,0.0103081,False,False,False
chr6:29839124:G:C,rs407238/rs115586772,ENSG00000234745,HLA-B,sQTL,Breast_Mammary_Tissue,eCAVIAR,0.0103077,False,False,False
chr1:112699500:G:T,rs1106287,ENSG00000273483,RP4-671G15.2,eQTL,Muscle_Skeletal,eCAVIAR,0.0103076,False,False,False
chr17:47617876:AT:A,rs1348518145,ENSG00000259207,ITGB3,eQTL,Nerve_Tibial,eCAVIAR,0.010306,False,False,False
chr11:16989629:C:A,rs4141194,ENSG00000166788,SAAL1,eQTL,Brain_Hippocampus,eCAVIAR,0.0103044,False,False,False
chr7:35921527:C:T,rs6957752,ENSG00000122547,EEPD1,eQTL,Cells_Cultured_fibroblasts,eCAVIAR,0.0103039,False,False,False
chr2:55705879:C:T,rs2627761,ENSG00000085760,MTIF2,eQTL,Breast_Mammary_Tissue,eCAVIAR,0.010302,False,False,False
chr11:115168963:G:A,rs10444329,ENSG00000086827,ZW10,eQTL,Prostate,eCAVIAR,0.0102995,False,False,False
chr12:28050312:T:A,rs7972874,ENSG00000123106,CCDC91,eQTL,Uterus,eCAVIAR,0.0102977,False,False,False
chr22:37780972:G:T,rs5750494,ENSG00000100097,LGALS1,eQTL,Brain_Putamen_basal_ganglia,eCAVIAR,0.0102942,False,False,False
chr11:16989629:C:A,rs4141194,ENSG00000166788,SAAL1,eQTL,Vagina,eCAVIAR,0.010287,False,False,False
chr2:55705879:C:T,rs2627761,ENSG00000162994,CLHC1,sQTL,Brain_Cerebellum,eCAVIAR,0.0102847,False,False,False
chr2:55705879:C:T,rs2627761,ENSG00000162994,CLHC1,sQTL,Brain_Cerebellum,eCAVIAR,0.0102847,False,False,False
chr20:46905414:G:A,rs6124885,ENSG00000197496,SLC2A10,sQTL,Thyroid,eCAVIAR,0.0102805,False,False,False
chr9:22051671:G:C,rs944801,ENSG00000147889,CDKN2A,eQTL,Cells_Cultured_fibroblasts,eCAVIAR,0.0102796,False,False,False
chr1:171636338:G:A,rs74315329,ENSG00000076258,FMO4,eQTL,Esophagus_Mucosa,eCAVIAR,0.0102585,False,False,False
chr9:110549951:G:C,rs61751937,ENSG00000204173,LRRC37A5P,eQTL,Brain_Caudate_basal_ganglia,eCAVIAR,0.0102414,False,False,False
chr7:35921527:C:T,rs6957752,ENSG00000226102,SEPT7P3,eQTL,Adipose_Visceral_Omentum,eCAVIAR,0.0102351,False,False,False
chr1:37611020:C:T,rs10908363,ENSG00000116922,C1orf109,sQTL,Testis,eCAVIAR,0.0102301,False,False,False
chr7:151808612:C:T,rs62478245,ENSG00000033100,CHPF2,sQTL,Adipose_Visceral_Omentum,eCAVIAR,0.010228,False,False,False
chr14:74618126:G:A,rs754458,ENSG00000258891,RP5-1021I20.5,eQTL,Skin_Not_Sun_Exposed_Suprapubic,eCAVIAR,0.0102272,False,False,False
chr2:71424809:T:A,rs12613800,ENSG00000144036,EXOC6B,sQTL,Cells_Cultured_fibroblasts,eCAVIAR,0.0102264,False,False,False
chr6:29839124:G:C,rs407238/rs115586772,ENSG00000206344,HCG27,eQTL,Esophagus_Gastroesophageal_Junction,eCAVIAR,0.0102187,False,False,False
chr11:65569780:T:A,rs1346,ENSG00000168060,NAALADL1,sQTL,Lung,eCAVIAR,0.0102177,False,False,False
chr14:74618126:G:A,rs754458,ENSG00000170468,RIOX1,eQTL,Nerve_Tibial,eCAVIAR,0.0102175,False,False,False
chr7:151808612:C:T,rs62478245,ENSG00000106615,RHEB,sQTL,Cells_Cultured_fibroblasts,eCAVIAR,0.0102172,False,False,False
chr20:46905414:G:A,rs6124885,ENSG00000124151,NCOA3,eQTL,Skin_Not_Sun_Exposed_Suprapubic,eCAVIAR,0.0102152,False,False,False
chr1:8435530:G:A,rs172531,ENSG00000232912,RP5-1115A15.1,eQTL,Brain_Cerebellar_Hemisphere,eCAVIAR,0.0102143,False,False,False
chr22:37780972:G:T,rs5750494,ENSG00000225867,RP5-1177I5.3,eQTL,Nerve_Tibial,eCAVIAR,0.0102128,False,False,False
chr6:29839124:G:C,rs407238/rs115586772,ENSG00000204525,HLA-C,sQTL,Esophagus_Gastroesophageal_Junction,eCAVIAR,0.0102122,False,False,False
chr6:29839124:G:C,rs407238/rs115586772,ENSG00000204525,HLA-C,sQTL,Esophagus_Gastroesophageal_Junction,eCAVIAR,0.0102122,False,False,False
chr6:29839124:G:C,rs407238/rs115586772,ENSG00000137312,FLOT1,eQTL,Pituitary,eCAVIAR,0.0102064,False,False,False
chr1:8435530:G:A,rs172531,ENSG00000232912,RP5-1115A15.1,eQTL,Skin_Sun_Exposed_Lower_leg,eCAVIAR,0.0102053,False,False,False
chr20:46905414:G:A,rs6124885,ENSG00000225849,MKRN7P,eQTL,Brain_Frontal_Cortex_BA9,eCAVIAR,0.0101936,False,False,False
chr6:36602589:C:T,rs7344,ENSG00000112079,STK38,sQTL,Artery_Coronary,eCAVIAR,0.0101916,False,False,False
chr22:37780972:G:T,rs5750494,ENSG00000100124,ANKRD54,eQTL,Breast_Mammary_Tissue,eCAVIAR,0.0101902,False,False,False
chr4:88831125:G:A,rs57400569,ENSG00000138722,MMRN1,eQTL,Skin_Not_Sun_Exposed_Suprapubic,eCAVIAR,0.0101893,False,False,False
chr2:66310212:G:T,rs4414666,ENSG00000143971,ETAA1,sQTL,Adipose_Subcutaneous,eCAVIAR,0.0101885,False,False,False
chr1:112699500:G:T,rs1106287,ENSG00000116489,CAPZA1,eQTL,Brain_Cerebellum,eCAVIAR,0.010181,False,False,False
chr6:29839124:G:C,rs407238/rs115586772,ENSG00000204540,PSORS1C1,eQTL,Esophagus_Mucosa,eCAVIAR,0.0101785,False,False,False
chr7:151808612:C:T,rs62478245,ENSG00000196584,XRCC2,eQTL,Brain_Cerebellum,eCAVIAR,0.0101773,False,False,False
chr7:151808612:C:T,rs62478245,ENSG00000196584,XRCC2,eQTL,Esophagus_Gastroesophageal_Junction,eCAVIAR,0.0101737,False,False,False
chr9:110549951:G:C,rs61751937,ENSG00000106853,PTGR1,eQTL,Uterus,eCAVIAR,0.0101657,False,False,False
chr15:91788477:G:A,rs8038628,ENSG00000182511,FES,sQTL,Liver,eCAVIAR,0.010162,False,False,False
chr13:73065233:G:A,rs9530143,ENSG00000102554,KLF5,sQTL,Nerve_Tibial,eCAVIAR,0.0101585,False,False,False
chr9:22051671:G:C,rs944801,ENSG00000147883,CDKN2B,eQTL,Cells_Cultured_fibroblasts,eCAVIAR,0.0101567,False,False,False
chr7:151808612:C:T,rs62478245,ENSG00000164896,FASTK,sQTL,Artery_Tibial,eCAVIAR,0.0101547,False,False,False
chr6:29839124:G:C,rs407238/rs115586772,ENSG00000137411,VARS2,eQTL,Brain_Cerebellar_Hemisphere,eCAVIAR,0.0101399,False,False,False
chr6:29839124:G:C,rs407238/rs115586772,ENSG00000234745,HLA-B,eQTL,Artery_Coronary,eCAVIAR,0.0101297,False,False,False
chr12:111494996:C:T,rs7137828,ENSG00000111237,VPS29,sQTL,Thyroid,eCAVIAR,0.0101294,False,False,False
chr14:74618126:G:A,rs754458,ENSG00000156030,ELMSAN1,eQTL,Brain_Cerebellar_Hemisphere,eCAVIAR,0.0101254,False,False,False
chr11:16989629:C:A,rs4141194,ENSG00000260196,RP1-239B22.5,eQTL,Brain_Caudate_basal_ganglia,eCAVIAR,0.010121,False,False,False
chr1:37611020:C:T,rs10908363,ENSG00000116922,C1orf109,sQTL,Ovary,eCAVIAR,0.0101125,False,False,False
chr15:91788477:G:A,rs8038628,ENSG00000182511,FES,sQTL,Adipose_Visceral_Omentum,eCAVIAR,0.010109,False,False,False
chr15:91788477:G:A,rs8038628,ENSG00000182511,FES,sQTL,Adipose_Visceral_Omentum,eCAVIAR,0.010109,False,False,False
chr6:29839124:G:C,rs407238/rs115586772,ENSG00000234745,HLA-B,sQTL,Artery_Coronary,eCAVIAR,0.010095,False,False,False
chr15:91788477:G:A,rs8038628,ENSG00000182511,FES,sQTL,Colon_Transverse,eCAVIAR,0.0100949,False,False,False
chr2:66310212:G:T,rs4414666,ENSG00000236780,LINC01829,eQTL,Adipose_Visceral_Omentum,eCAVIAR,0.0100943,False,False,False
chr6:36602589:C:T,rs7344,ENSG00000112079,STK38,eQTL,Heart_Atrial_Appendage,eCAVIAR,0.0100936,False,False,False
chr22:28712241:G:A,rs5752776,ENSG00000100209,HSCB,eQTL,Esophagus_Gastroesophageal_Junction,eCAVIAR,0.0100928,False,False,False
chr7:151808612:C:T,rs62478245,ENSG00000196584,XRCC2,eQTL,Brain_Amygdala,eCAVIAR,0.0100898,False,False,False
chr15:91788477:G:A,rs8038628,ENSG00000258725,PRC1-AS1,eQTL,Colon_Transverse,eCAVIAR,0.0100886,False,False,False
chr6:36602589:C:T,rs7344,ENSG00000124772,CPNE5,eQTL,Adipose_Subcutaneous,eCAVIAR,0.0100852,False,False,False
chr11:16989629:C:A,rs4141194,ENSG00000272034,SNORD14A,eQTL,Esophagus_Gastroesophageal_Junction,eCAVIAR,0.0100796,False,False,False
chr15:91788477:G:A,rs8038628,ENSG00000140553,UNC45A,sQTL,Artery_Aorta,eCAVIAR,0.0100791,False,False,False
chr14:53493371:G:A,rs12433661,ENSG00000073712,FERMT2,sQTL,Adipose_Subcutaneous,eCAVIAR,0.0100768,False,False,False
chr1:68371486:C:A,rs4076000,ENSG00000116745,RPE65,eQTL,Testis,eCAVIAR,0.0100699,False,False,False
chr1:162709355:G:A,rs4542196,ENSG00000234211,RP11-25K21.1,eQTL,Adipose_Subcutaneous,eCAVIAR,0.0100621,False,False,False
chr9:133255801:C:T,rs8176749,ENSG00000175164,ABO,sQTL,Skin_Sun_Exposed_Lower_leg,eCAVIAR,0.0100581,False,False,False
chr9:133255801:C:T,rs8176749,ENSG00000175164,ABO,sQTL,Skin_Sun_Exposed_Lower_leg,eCAVIAR,0.0100581,False,False,False
chr15:91788477:G:A,rs8038628,ENSG00000196547,MAN2A2,eQTL,Brain_Cerebellar_Hemisphere,eCAVIAR,0.0100547,False,False,False
chr15:91788477:G:A,rs8038628,ENSG00000182511,FES,sQTL,Esophagus_Mucosa,eCAVIAR,0.010049,False,False,False
chr6:29839124:G:C,rs407238/rs115586772,ENSG00000204528,PSORS1C3,eQTL,Lung,eCAVIAR,0.0100433,False,False,False
chr8:6519620:G:C,rs2515437,ENSG00000147316,MCPH1,sQTL,Muscle_Skeletal,eCAVIAR,0.0100376,False,False,False
chr1:100629646:G:A,rs12566440,ENSG00000181656,GPR88,eQTL,Nerve_Tibial,eCAVIAR,0.0100338,False,False,False
chr11:47447887:G:A,rs7111873,ENSG00000149187,CELF1,eQTL,Whole_Blood,eCAVIAR,0.0100267,False,False,False
chr15:91788477:G:A,rs8038628,ENSG00000140575,IQGAP1,eQTL,Brain_Nucleus_accumbens_basal_ganglia,eCAVIAR,0.0100244,False,False,False
chr2:55705879:C:T,rs2627761,ENSG00000275052,PPP4R3B,eQTL,Thyroid,eCAVIAR,0.0100178,False,False,False
chr13:110125592:G:C,rs2218471,ENSG00000275830,RP11-403A3.3,eQTL,Artery_Coronary,eCAVIAR,0.0100051,False,False,False
chr6:36602589:C:T,rs7344,ENSG00000112079,STK38,sQTL,Artery_Coronary,eCAVIAR,0.0100036,False,False,False
chr6:134051012:G:C,rs2811688,ENSG00000028839,TBPL1,eQTL,Heart_Left_Ventricle,enloc,0.9991,True,True,True
chr6:134051012:G:C,rs2811688,ENSG00000146411,SLC2A12,eQTL,Heart_Left_Ventricle,enloc,0.9987,True,True,True
chr11:130412183:C:T,rs2875238,ENSG00000175773,RP11-121M22.1,eQTL,Testis,enloc,0.9898,True,True,True
chr3:188349165:G:T,rs6787621,ENSG00000145012,LPP,sQTL,Artery_Aorta,enloc,0.5446,True,True,True
chr3:188349165:G:T,rs6787621,ENSG00000145012,LPP,sQTL,Artery_Aorta,enloc,0.5446,True,True,True
chr3:188349165:G:T,rs6787621,ENSG00000145012,LPP,sQTL,Artery_Aorta,enloc,0.5446,True,True,True
chr3:188349165:G:T,rs6787621,ENSG00000145012,LPP,sQTL,Artery_Tibial,enloc,0.5227,True,True,True
chr3:188349165:G:T,rs6787621,ENSG00000145012,LPP,sQTL,Artery_Tibial,enloc,0.5227,True,True,True
chr3:188349165:G:T,rs6787621,ENSG00000145012,LPP,sQTL,Artery_Tibial,enloc,0.5227,True,True,True
chr3:188349165:G:T,rs6787621,ENSG00000145012,LPP,sQTL,Artery_Tibial,enloc,0.5227,True,True,True
chr3:188349165:G:T,rs6787621,ENSG00000145012,LPP,sQTL,Artery_Tibial,enloc,0.5227,True,True,True
chr3:188349165:G:T,rs6787621,ENSG00000145012,LPP,sQTL,Artery_Tibial,enloc,0.5227,True,True,True
chr3:188349165:G:T,rs6787621,ENSG00000145012,LPP,sQTL,Artery_Coronary,enloc,0.521,True,True,True
chr3:188349165:G:T,rs6787621,ENSG00000145012,LPP,sQTL,Artery_Coronary,enloc,0.521,True,True,True
chr3:188349165:G:T,rs6787621,ENSG00000145012,LPP,sQTL,Artery_Coronary,enloc,0.521,True,True,True
chr7:134835770:C:A,rs10237321,ENSG00000122786,CALD1,eQTL,Breast_Mammary_Tissue,enloc,0.5101,True,True,True
chr3:188349165:G:T,rs6787621,ENSG00000145012,LPP,sQTL,Esophagus_Muscularis,enloc,0.4859,True,True,False
chr3:188349165:G:T,rs6787621,ENSG00000145012,LPP,sQTL,Esophagus_Muscularis,enloc,0.4859,True,True,False
chr3:188349165:G:T,rs6787621,ENSG00000145012,LPP,sQTL,Esophagus_Muscularis,enloc,0.4859,True,True,False
chr3:188349165:G:T,rs6787621,ENSG00000145012,LPP,sQTL,Breast_Mammary_Tissue,enloc,0.4703,True,True,False
chr3:188349165:G:T,rs6787621,ENSG00000145012,LPP,sQTL,Breast_Mammary_Tissue,enloc,0.4703,True,True,False
chr3:188349165:G:T,rs6787621,ENSG00000145012,LPP,sQTL,Breast_Mammary_Tissue,enloc,0.4703,True,True,False
chr9:126628521:C:T,rs3829849,ENSG00000233721,RP11-205K6.1,eQTL,Testis,enloc,0.4692,True,True,False
chr9:126628521:C:T,rs3829849,ENSG00000233721,RP11-205K6.1,eQTL,Testis,enloc,0.4692,True,True,False
chr3:188349165:G:T,rs6787621,ENSG00000145012,LPP,sQTL,Lung,enloc,0.4447,True,True,False
chr3:188349165:G:T,rs6787621,ENSG00000145012,LPP,sQTL,Lung,enloc,0.4447,True,True,False
chr3:188349165:G:T,rs6787621,ENSG00000145012,LPP,sQTL,Lung,enloc,0.4447,True,True,False
chr3:188349165:G:T,rs6787621,ENSG00000145012,LPP,sQTL,Adipose_Visceral_Omentum,enloc,0.4423,True,True,False
chr3:188349165:G:T,rs6787621,ENSG00000145012,LPP,sQTL,Adipose_Visceral_Omentum,enloc,0.4423,True,True,False
chr3:188349165:G:T,rs6787621,ENSG00000145012,LPP,sQTL,Adipose_Visceral_Omentum,enloc,0.4423,True,True,False
chr3:188349165:G:T,rs6787621,ENSG00000145012,LPP,sQTL,Skin_Sun_Exposed_Lower_leg,enloc,0.4379,True,True,False
chr3:188349165:G:T,rs6787621,ENSG00000145012,LPP,sQTL,Skin_Sun_Exposed_Lower_leg,enloc,0.4379,True,True,False
chr3:188349165:G:T,rs6787621,ENSG00000145012,LPP,sQTL,Skin_Sun_Exposed_Lower_leg,enloc,0.4379,True,True,False
chr3:188349165:G:T,rs6787621,ENSG00000145012,LPP,sQTL,Spleen,enloc,0.4341,True,True,False
chr3:188349165:G:T,rs6787621,ENSG00000145012,LPP,sQTL,Spleen,enloc,0.4341,True,True,False
chr3:188349165:G:T,rs6787621,ENSG00000145012,LPP,sQTL,Spleen,enloc,0.4341,True,True,False
chr3:188349165:G:T,rs6787621,ENSG00000145012,LPP,sQTL,Artery_Tibial,enloc,0.4332,True,True,False
chr3:188349165:G:T,rs6787621,ENSG00000145012,LPP,sQTL,Artery_Tibial,enloc,0.4332,True,True,False
chr3:188349165:G:T,rs6787621,ENSG00000145012,LPP,sQTL,Artery_Tibial,enloc,0.4332,True,True,False
chr3:188349165:G:T,rs6787621,ENSG00000145012,LPP,sQTL,Artery_Tibial,enloc,0.4332,True,True,False
chr3:188349165:G:T,rs6787621,ENSG00000145012,LPP,sQTL,Artery_Tibial,enloc,0.4332,True,True,False
chr3:188349165:G:T,rs6787621,ENSG00000145012,LPP,sQTL,Artery_Tibial,enloc,0.4332,True,True,False
chr3:188349165:G:T,rs6787621,ENSG00000145012,LPP,sQTL,Esophagus_Gastroesophageal_Junction,enloc,0.4051,True,True,False
chr3:188349165:G:T,rs6787621,ENSG00000145012,LPP,sQTL,Esophagus_Gastroesophageal_Junction,enloc,0.4051,True,True,False
chr3:188349165:G:T,rs6787621,ENSG00000145012,LPP,sQTL,Esophagus_Gastroesophageal_Junction,enloc,0.4051,True,True,False
chr3:188349165:G:T,rs6787621,ENSG00000145012,LPP,sQTL,Whole_Blood,enloc,0.4045,True,True,False
chr3:188349165:G:T,rs6787621,ENSG00000145012,LPP,sQTL,Whole_Blood,enloc,0.4045,True,True,False
chr3:188349165:G:T,rs6787621,ENSG00000145012,LPP,sQTL,Whole_Blood,enloc,0.4045,True,True,False
chr3:188349165:G:T,rs6787621,ENSG00000145012,LPP,sQTL,Heart_Atrial_Appendage,enloc,0.4044,True,True,False
chr3:188349165:G:T,rs6787621,ENSG00000145012,LPP,sQTL,Heart_Atrial_Appendage,enloc,0.4044,True,True,False
chr3:188349165:G:T,rs6787621,ENSG00000145012,LPP,sQTL,Heart_Atrial_Appendage,enloc,0.4044,True,True,False
chr3:188349165:G:T,rs6787621,ENSG00000145012,LPP,sQTL,Colon_Sigmoid,enloc,0.4038,True,True,False
chr3:188349165:G:T,rs6787621,ENSG00000145012,LPP,sQTL,Colon_Sigmoid,enloc,0.4038,True,True,False
chr3:188349165:G:T,rs6787621,ENSG00000145012,LPP,sQTL,Colon_Sigmoid,enloc,0.4038,True,True,False
chr3:188349165:G:T,rs6787621,ENSG00000145012,LPP,sQTL,Esophagus_Muscularis,enloc,0.4022,True,True,False
chr3:188349165:G:T,rs6787621,ENSG00000145012,LPP,sQTL,Esophagus_Muscularis,enloc,0.4022,True,True,False
chr3:188349165:G:T,rs6787621,ENSG00000145012,LPP,sQTL,Esophagus_Muscularis,enloc,0.4022,True,True,False
chr3:188349165:G:T,rs6787621,ENSG00000145012,LPP,sQTL,Liver,enloc,0.4021,True,True,False
chr3:188349165:G:T,rs6787621,ENSG00000145012,LPP,sQTL,Liver,enloc,0.4021,True,True,False
chr3:188349165:G:T,rs6787621,ENSG00000145012,LPP,sQTL,Liver,enloc,0.4021,True,True,False
chr3:188349165:G:T,rs6787621,ENSG00000145012,LPP,sQTL,Thyroid,enloc,0.4011,True,True,False
chr3:188349165:G:T,rs6787621,ENSG00000145012,LPP,sQTL,Thyroid,enloc,0.4011,True,True,False
chr3:188349165:G:T,rs6787621,ENSG00000145012,LPP,sQTL,Thyroid,enloc,0.4011,True,True,False
chr3:188349165:G:T,rs6787621,ENSG00000145012,LPP,sQTL,Esophagus_Mucosa,enloc,0.4005,True,True,False
chr3:188349165:G:T,rs6787621,ENSG00000145012,LPP,sQTL,Esophagus_Mucosa,enloc,0.4005,True,True,False
chr3:188349165:G:T,rs6787621,ENSG00000145012,LPP,sQTL,Esophagus_Mucosa,enloc,0.4005,True,True,False
chr3:188349165:G:T,rs6787621,ENSG00000145012,LPP,sQTL,Skin_Not_Sun_Exposed_Suprapubic,enloc,0.4004,True,True,False
chr3:188349165:G:T,rs6787621,ENSG00000145012,LPP,sQTL,Skin_Not_Sun_Exposed_Suprapubic,enloc,0.4004,True,True,False
chr3:188349165:G:T,rs6787621,ENSG00000145012,LPP,sQTL,Skin_Not_Sun_Exposed_Suprapubic,enloc,0.4004,True,True,False
chr3:188349165:G:T,rs6787621,ENSG00000145012,LPP,sQTL,Adipose_Subcutaneous,enloc,0.3996,True,True,False
chr3:188349165:G:T,rs6787621,ENSG00000145012,LPP,sQTL,Adipose_Subcutaneous,enloc,0.3996,True,True,False
chr3:188349165:G:T,rs6787621,ENSG00000145012,LPP,sQTL,Adipose_Subcutaneous,enloc,0.3996,True,True,False
chr11:130412183:C:T,rs2875238,ENSG00000175773,RP11-121M22.1,sQTL,Testis,enloc,0.3634,True,True,False
chr9:133255801:C:T,rs8176749,ENSG00000175164,ABO,sQTL,Thyroid,enloc,0.3599,True,True,False
chr9:133255801:C:T,rs8176749,ENSG00000175164,ABO,sQTL,Thyroid,enloc,0.3599,True,True,False
chr9:133255801:C:T,rs8176749,ENSG00000175164,ABO,sQTL,Thyroid,enloc,0.3599,True,True,False
chr9:133255801:C:T,rs8176749,ENSG00000175164,ABO,sQTL,Thyroid,enloc,0.3599,True,True,False
chr9:133255801:C:T,rs8176749,ENSG00000175164,ABO,sQTL,Thyroid,enloc,0.3599,True,True,False
chr9:133255801:C:T,rs8176749,ENSG00000175164,ABO,sQTL,Thyroid,enloc,0.3599,True,True,False
chr3:188349165:G:T,rs6787621,ENSG00000145012,LPP,sQTL,Minor_Salivary_Gland,enloc,0.3526,True,True,False
chr3:188349165:G:T,rs6787621,ENSG00000145012,LPP,sQTL,Minor_Salivary_Gland,enloc,0.3526,True,True,False
chr3:188349165:G:T,rs6787621,ENSG00000145012,LPP,sQTL,Minor_Salivary_Gland,enloc,0.3526,True,True,False
chr3:188349165:G:T,rs6787621,ENSG00000145012,LPP,sQTL,Minor_Salivary_Gland,enloc,0.3526,True,True,False
chr9:133255801:C:T,rs8176749,ENSG00000175164,ABO,sQTL,Thyroid,enloc,0.3524,True,True,False
chr9:133255801:C:T,rs8176749,ENSG00000175164,ABO,sQTL,Thyroid,enloc,0.3524,True,True,False
chr9:133255801:C:T,rs8176749,ENSG00000175164,ABO,sQTL,Thyroid,enloc,0.3524,True,True,False
chr9:133255801:C:T,rs8176749,ENSG00000175164,ABO,sQTL,Thyroid,enloc,0.3524,True,True,False
chr9:133255801:C:T,rs8176749,ENSG00000175164,ABO,sQTL,Thyroid,enloc,0.3524,True,True,False
chr9:133255801:C:T,rs8176749,ENSG00000175164,ABO,sQTL,Thyroid,enloc,0.3524,True,True,False
chr3:188349165:G:T,rs6787621,ENSG00000145012,LPP,sQTL,Cells_Cultured_fibroblasts,enloc,0.3497,True,True,False
chr3:188349165:G:T,rs6787621,ENSG00000145012,LPP,sQTL,Cells_Cultured_fibroblasts,enloc,0.3497,True,True,False
chr3:188349165:G:T,rs6787621,ENSG00000145012,LPP,sQTL,Cells_Cultured_fibroblasts,enloc,0.3497,True,True,False
chr3:188349165:G:T,rs6787621,ENSG00000145012,LPP,sQTL,Cells_Cultured_fibroblasts,enloc,0.3497,True,True,False
chr3:188349165:G:T,rs6787621,ENSG00000145012,LPP,sQTL,Cells_Cultured_fibroblasts,enloc,0.3497,True,True,False
chr3:188349165:G:T,rs6787621,ENSG00000145012,LPP,sQTL,Cells_Cultured_fibroblasts,enloc,0.3497,True,True,False
chr3:188349165:G:T,rs6787621,ENSG00000145012,LPP,sQTL,Cells_Cultured_fibroblasts,enloc,0.3497,True,True,False
chr3:188349165:G:T,rs6787621,ENSG00000145012,LPP,sQTL,Cells_Cultured_fibroblasts,enloc,0.3497,True,True,False
chr3:188349165:G:T,rs6787621,ENSG00000145012,LPP,sQTL,Vagina,enloc,0.3475,True,True,False
chr3:188349165:G:T,rs6787621,ENSG00000145012,LPP,sQTL,Vagina,enloc,0.3475,True,True,False
chr3:188349165:G:T,rs6787621,ENSG00000145012,LPP,sQTL,Vagina,enloc,0.3475,True,True,False
chr3:188349165:G:T,rs6787621,ENSG00000145012,LPP,sQTL,Vagina,enloc,0.3475,True,True,False
chr1:171636338:G:A,rs74315329,ENSG00000135845,PIGC,sQTL,Artery_Tibial,enloc,0.3432,True,True,False
chr1:171636338:G:A,rs74315329,ENSG00000135845,PIGC,sQTL,Artery_Tibial,enloc,0.3432,True,True,False
chr17:10127866:G:A,rs9913911,ENSG00000007237,GAS7,eQTL,Cells_Cultured_fibroblasts,enloc,0.3397,True,True,False
chr17:10127866:G:A,rs9913911,ENSG00000007237,GAS7,eQTL,Cells_Cultured_fibroblasts,enloc,0.3397,True,True,False
chr3:188349165:G:T,rs6787621,ENSG00000145012,LPP,sQTL,Stomach,enloc,0.3361,True,True,False
chr3:188349165:G:T,rs6787621,ENSG00000145012,LPP,sQTL,Stomach,enloc,0.3361,True,True,False
chr3:188349165:G:T,rs6787621,ENSG00000145012,LPP,sQTL,Stomach,enloc,0.3361,True,True,False
chr3:188349165:G:T,rs6787621,ENSG00000145012,LPP,sQTL,Stomach,enloc,0.3361,True,True,False
chr3:188349165:G:T,rs6787621,ENSG00000145012,LPP,sQTL,Ovary,enloc,0.3331,True,True,False
chr3:188349165:G:T,rs6787621,ENSG00000145012,LPP,sQTL,Ovary,enloc,0.3331,True,True,False
chr3:188349165:G:T,rs6787621,ENSG00000145012,LPP,sQTL,Ovary,enloc,0.3331,True,True,False
chr3:188349165:G:T,rs6787621,ENSG00000145012,LPP,sQTL,Ovary,enloc,0.3331,True,True,False
chr3:188349165:G:T,rs6787621,ENSG00000145012,LPP,sQTL,Esophagus_Gastroesophageal_Junction,enloc,0.3323,True,True,False
chr3:188349165:G:T,rs6787621,ENSG00000145012,LPP,sQTL,Esophagus_Gastroesophageal_Junction,enloc,0.3323,True,True,False
chr3:188349165:G:T,rs6787621,ENSG00000145012,LPP,sQTL,Esophagus_Gastroesophageal_Junction,enloc,0.3323,True,True,False
chr3:188349165:G:T,rs6787621,ENSG00000145012,LPP,sQTL,Artery_Aorta,enloc,0.3315,True,True,False
chr3:188349165:G:T,rs6787621,ENSG00000145012,LPP,sQTL,Artery_Aorta,enloc,0.3315,True,True,False
chr3:188349165:G:T,rs6787621,ENSG00000145012,LPP,sQTL,Artery_Aorta,enloc,0.3315,True,True,False
chr3:188349165:G:T,rs6787621,ENSG00000145012,LPP,sQTL,Artery_Aorta,enloc,0.3315,True,True,False
chr22:28712241:G:A,rs5752776,ENSG00000183765,CHEK2,eQTL,Liver,enloc,0.3295,True,True,False
chr3:188349165:G:T,rs6787621,ENSG00000145012,LPP,sQTL,Artery_Aorta,enloc,0.3278,True,True,False
chr3:188349165:G:T,rs6787621,ENSG00000145012,LPP,sQTL,Artery_Aorta,enloc,0.3278,True,True,False
chr3:188349165:G:T,rs6787621,ENSG00000145012,LPP,sQTL,Artery_Aorta,enloc,0.3278,True,True,False
chr3:188349165:G:T,rs6787621,ENSG00000145012,LPP,sQTL,Artery_Aorta,enloc,0.3278,True,True,False
chr3:188349165:G:T,rs6787621,ENSG00000145012,LPP,sQTL,Artery_Tibial,enloc,0.325,True,True,False
chr3:188349165:G:T,rs6787621,ENSG00000145012,LPP,sQTL,Artery_Tibial,enloc,0.325,True,True,False
chr3:188349165:G:T,rs6787621,ENSG00000145012,LPP,sQTL,Artery_Tibial,enloc,0.325,True,True,False
chr3:188349165:G:T,rs6787621,ENSG00000145012,LPP,sQTL,Artery_Tibial,enloc,0.325,True,True,False
chr3:188349165:G:T,rs6787621,ENSG00000145012,LPP,sQTL,Artery_Tibial,enloc,0.325,True,True,False
chr3:188349165:G:T,rs6787621,ENSG00000145012,LPP,sQTL,Artery_Tibial,enloc,0.325,True,True,False
chr3:188349165:G:T,rs6787621,ENSG00000145012,LPP,sQTL,Artery_Tibial,enloc,0.325,True,True,False
chr3:188349165:G:T,rs6787621,ENSG00000145012,LPP,sQTL,Artery_Tibial,enloc,0.325,True,True,False
chr3:188349165:G:T,rs6787621,ENSG00000145012,LPP,sQTL,Artery_Coronary,enloc,0.3237,True,True,False
chr3:188349165:G:T,rs6787621,ENSG00000145012,LPP,sQTL,Artery_Coronary,enloc,0.3237,True,True,False
chr3:188349165:G:T,rs6787621,ENSG00000145012,LPP,sQTL,Artery_Coronary,enloc,0.3237,True,True,False
chr3:188349165:G:T,rs6787621,ENSG00000145012,LPP,sQTL,Artery_Coronary,enloc,0.3237,True,True,False
chr3:188349165:G:T,rs6787621,ENSG00000145012,LPP,sQTL,Artery_Aorta,enloc,0.3231,True,True,False
chr3:188349165:G:T,rs6787621,ENSG00000145012,LPP,sQTL,Artery_Aorta,enloc,0.3231,True,True,False
chr3:188349165:G:T,rs6787621,ENSG00000145012,LPP,sQTL,Artery_Aorta,enloc,0.3231,True,True,False
chr3:188349165:G:T,rs6787621,ENSG00000145012,LPP,sQTL,Artery_Aorta,enloc,0.3231,True,True,False
chr3:188349165:G:T,rs6787621,ENSG00000145012,LPP,sQTL,Colon_Transverse,enloc,0.3174,True,True,False
chr3:188349165:G:T,rs6787621,ENSG00000145012,LPP,sQTL,Colon_Transverse,enloc,0.3174,True,True,False
chr3:188349165:G:T,rs6787621,ENSG00000145012,LPP,sQTL,Colon_Transverse,enloc,0.3174,True,True,False
chr3:188349165:G:T,rs6787621,ENSG00000145012,LPP,sQTL,Colon_Transverse,enloc,0.3174,True,True,False
chr17:47617876:AT:A,rs1348518145,ENSG00000198933,TBKBP1,eQTL,Muscle_Skeletal,enloc,0.3151,True,True,False
chr17:47617876:AT:A,rs1348518145,ENSG00000198933,TBKBP1,eQTL,Muscle_Skeletal,enloc,0.3151,True,True,False
chr3:188349165:G:T,rs6787621,ENSG00000145012,LPP,sQTL,Artery_Tibial,enloc,0.3104,True,True,False
chr3:188349165:G:T,rs6787621,ENSG00000145012,LPP,sQTL,Artery_Tibial,enloc,0.3104,True,True,False
chr3:188349165:G:T,rs6787621,ENSG00000145012,LPP,sQTL,Artery_Tibial,enloc,0.3104,True,True,False
chr3:188349165:G:T,rs6787621,ENSG00000145012,LPP,sQTL,Artery_Tibial,enloc,0.3104,True,True,False
chr3:188349165:G:T,rs6787621,ENSG00000145012,LPP,sQTL,Artery_Tibial,enloc,0.3104,True,True,False
chr3:188349165:G:T,rs6787621,ENSG00000145012,LPP,sQTL,Artery_Tibial,enloc,0.3104,True,True,False
chr3:188349165:G:T,rs6787621,ENSG00000145012,LPP,sQTL,Artery_Tibial,enloc,0.3104,True,True,False
chr3:188349165:G:T,rs6787621,ENSG00000145012,LPP,sQTL,Artery_Tibial,enloc,0.3104,True,True,False
chr11:130412183:C:T,rs2875238,ENSG00000175773,RP11-121M22.1,sQTL,Testis,enloc,0.3025,True,True,False
chr11:130412183:C:T,rs2875238,ENSG00000175773,RP11-121M22.1,sQTL,Testis,enloc,0.3025,True,True,False
chr11:130412183:C:T,rs2875238,ENSG00000175773,RP11-121M22.1,sQTL,Testis,enloc,0.3025,True,True,False
chr9:133255801:C:T,rs8176749,ENSG00000175164,ABO,eQTL,Nerve_Tibial,enloc,0.2943,True,True,False
chr9:133255801:C:T,rs8176749,ENSG00000175164,ABO,eQTL,Nerve_Tibial,enloc,0.2943,True,True,False
chr9:133255801:C:T,rs8176749,ENSG00000175164,ABO,eQTL,Nerve_Tibial,enloc,0.2943,True,True,False
chr3:188349165:G:T,rs6787621,ENSG00000145012,LPP,sQTL,Cells_Cultured_fibroblasts,enloc,0.2912,True,True,False
chr3:188349165:G:T,rs6787621,ENSG00000145012,LPP,sQTL,Cells_Cultured_fibroblasts,enloc,0.2912,True,True,False
chr3:188349165:G:T,rs6787621,ENSG00000145012,LPP,sQTL,Cells_Cultured_fibroblasts,enloc,0.2912,True,True,False
chr3:188349165:G:T,rs6787621,ENSG00000145012,LPP,sQTL,Cells_Cultured_fibroblasts,enloc,0.2912,True,True,False
chr3:188349165:G:T,rs6787621,ENSG00000145012,LPP,sQTL,Cells_Cultured_fibroblasts,enloc,0.2912,True,True,False
chr3:188349165:G:T,rs6787621,ENSG00000145012,LPP,sQTL,Cells_Cultured_fibroblasts,enloc,0.2912,True,True,False
chr3:188349165:G:T,rs6787621,ENSG00000145012,LPP,sQTL,Cells_Cultured_fibroblasts,enloc,0.2912,True,True,False
chr3:188349165:G:T,rs6787621,ENSG00000145012,LPP,sQTL,Cells_Cultured_fibroblasts,enloc,0.2912,True,True,False
chr2:12811195:C:T,rs12623251,ENSG00000071575,TRIB2,eQTL,Breast_Mammary_Tissue,enloc,0.2875,True,True,False
chr2:12811195:C:T,rs12623251,ENSG00000071575,TRIB2,eQTL,Breast_Mammary_Tissue,enloc,0.2875,True,True,False
chr2:12811195:C:T,rs12623251,ENSG00000071575,TRIB2,eQTL,Breast_Mammary_Tissue,enloc,0.2875,True,True,False
chr17:10127866:G:A,rs9913911,ENSG00000007237,GAS7,eQTL,Artery_Aorta,enloc,0.2847,True,True,False
chr3:188349165:G:T,rs6787621,ENSG00000145012,LPP,sQTL,Heart_Left_Ventricle,enloc,0.2775,True,True,False
chr3:188349165:G:T,rs6787621,ENSG00000145012,LPP,sQTL,Heart_Left_Ventricle,enloc,0.2775,True,True,False
chr3:188349165:G:T,rs6787621,ENSG00000145012,LPP,sQTL,Heart_Left_Ventricle,enloc,0.2775,True,True,False
chr3:188349165:G:T,rs6787621,ENSG00000145012,LPP,sQTL,Heart_Left_Ventricle,enloc,0.2775,True,True,False
chr3:188349165:G:T,rs6787621,ENSG00000145012,LPP,sQTL,Heart_Left_Ventricle,enloc,0.2775,True,True,False
chr3:188349165:G:T,rs6787621,ENSG00000145012,LPP,sQTL,Heart_Left_Ventricle,enloc,0.2775,True,True,False
chr3:188349165:G:T,rs6787621,ENSG00000145012,LPP,sQTL,Heart_Left_Ventricle,enloc,0.2775,True,True,False
chr3:188349165:G:T,rs6787621,ENSG00000145012,LPP,sQTL,Heart_Left_Ventricle,enloc,0.2775,True,True,False
chr3:188349165:G:T,rs6787621,ENSG00000145012,LPP,sQTL,Muscle_Skeletal,enloc,0.2765,True,True,False
chr3:188349165:G:T,rs6787621,ENSG00000145012,LPP,sQTL,Muscle_Skeletal,enloc,0.2765,True,True,False
chr3:188349165:G:T,rs6787621,ENSG00000145012,LPP,sQTL,Muscle_Skeletal,enloc,0.2765,True,True,False
chr3:188349165:G:T,rs6787621,ENSG00000145012,LPP,sQTL,Muscle_Skeletal,enloc,0.2765,True,True,False
chr3:188349165:G:T,rs6787621,ENSG00000145012,LPP,sQTL,Small_Intestine_Terminal_Ileum,enloc,0.2753,True,True,False
chr3:188349165:G:T,rs6787621,ENSG00000145012,LPP,sQTL,Small_Intestine_Terminal_Ileum,enloc,0.2753,True,True,False
chr3:188349165:G:T,rs6787621,ENSG00000145012,LPP,sQTL,Small_Intestine_Terminal_Ileum,enloc,0.2753,True,True,False
chr3:188349165:G:T,rs6787621,ENSG00000145012,LPP,sQTL,Small_Intestine_Terminal_Ileum,enloc,0.2753,True,True,False
chr3:188349165:G:T,rs6787621,ENSG00000145012,LPP,sQTL,Uterus,enloc,0.2749,True,True,False
chr3:188349165:G:T,rs6787621,ENSG00000145012,LPP,sQTL,Uterus,enloc,0.2749,True,True,False
chr3:188349165:G:T,rs6787621,ENSG00000145012,LPP,sQTL,Uterus,enloc,0.2749,True,True,False
chr3:188349165:G:T,rs6787621,ENSG00000145012,LPP,sQTL,Uterus,enloc,0.2749,True,True,False
chr3:188349165:G:T,rs6787621,ENSG00000145012,LPP,sQTL,Pancreas,enloc,0.2739,True,True,False
chr3:188349165:G:T,rs6787621,ENSG00000145012,LPP,sQTL,Pancreas,enloc,0.2739,True,True,False
chr3:188349165:G:T,rs6787621,ENSG00000145012,LPP,sQTL,Pancreas,enloc,0.2739,True,True,False
chr3:188349165:G:T,rs6787621,ENSG00000145012,LPP,sQTL,Pancreas,enloc,0.2739,True,True,False
chr3:188349165:G:T,rs6787621,ENSG00000145012,LPP,sQTL,Adrenal_Gland,enloc,0.2738,True,True,False
chr3:188349165:G:T,rs6787621,ENSG00000145012,LPP,sQTL,Adrenal_Gland,enloc,0.2738,True,True,False
chr3:188349165:G:T,rs6787621,ENSG00000145012,LPP,sQTL,Adrenal_Gland,enloc,0.2738,True,True,False
chr3:188349165:G:T,rs6787621,ENSG00000145012,LPP,sQTL,Adrenal_Gland,enloc,0.2738,True,True,False
chr3:188349165:G:T,rs6787621,ENSG00000145012,LPP,sQTL,Testis,enloc,0.2708,True,True,False
chr3:188349165:G:T,rs6787621,ENSG00000145012,LPP,sQTL,Testis,enloc,0.2708,True,True,False
chr3:188349165:G:T,rs6787621,ENSG00000145012,LPP,sQTL,Testis,enloc,0.2708,True,True,False
chr3:188349165:G:T,rs6787621,ENSG00000145012,LPP,sQTL,Testis,enloc,0.2708,True,True,False
chr3:188349165:G:T,rs6787621,ENSG00000145012,LPP,sQTL,Testis,enloc,0.2708,True,True,False
chr3:188349165:G:T,rs6787621,ENSG00000145012,LPP,sQTL,Testis,enloc,0.2708,True,True,False
chr3:188349165:G:T,rs6787621,ENSG00000145012,LPP,sQTL,Testis,enloc,0.2708,True,True,False
chr3:188349165:G:T,rs6787621,ENSG00000145012,LPP,sQTL,Testis,enloc,0.2708,True,True,False
chr3:188349165:G:T,rs6787621,ENSG00000145012,LPP,sQTL,Nerve_Tibial,enloc,0.2695,True,True,False
chr3:188349165:G:T,rs6787621,ENSG00000145012,LPP,sQTL,Nerve_Tibial,enloc,0.2695,True,True,False
chr3:188349165:G:T,rs6787621,ENSG00000145012,LPP,sQTL,Nerve_Tibial,enloc,0.2695,True,True,False
chr3:188349165:G:T,rs6787621,ENSG00000145012,LPP,sQTL,Nerve_Tibial,enloc,0.2695,True,True,False
chr3:188349165:G:T,rs6787621,ENSG00000145012,LPP,sQTL,Nerve_Tibial,enloc,0.2695,True,True,False
chr3:188349165:G:T,rs6787621,ENSG00000145012,LPP,sQTL,Nerve_Tibial,enloc,0.2695,True,True,False
chr3:188349165:G:T,rs6787621,ENSG00000145012,LPP,sQTL,Nerve_Tibial,enloc,0.2695,True,True,False
chr3:188349165:G:T,rs6787621,ENSG00000145012,LPP,sQTL,Nerve_Tibial,enloc,0.2695,True,True,False
chr3:188349165:G:T,rs6787621,ENSG00000145012,LPP,sQTL,Prostate,enloc,0.2658,True,True,False
chr3:188349165:G:T,rs6787621,ENSG00000145012,LPP,sQTL,Prostate,enloc,0.2658,True,True,False
chr3:188349165:G:T,rs6787621,ENSG00000145012,LPP,sQTL,Prostate,enloc,0.2658,True,True,False
chr3:188349165:G:T,rs6787621,ENSG00000145012,LPP,sQTL,Prostate,enloc,0.2658,True,True,False
chr3:188349165:G:T,rs6787621,ENSG00000145012,LPP,sQTL,Colon_Transverse,enloc,0.2613,True,True,False
chr3:188349165:G:T,rs6787621,ENSG00000145012,LPP,sQTL,Colon_Transverse,enloc,0.2613,True,True,False
chr3:188349165:G:T,rs6787621,ENSG00000145012,LPP,sQTL,Colon_Transverse,enloc,0.2613,True,True,False
chr3:188349165:G:T,rs6787621,ENSG00000145012,LPP,sQTL,Colon_Transverse,enloc,0.2613,True,True,False
chr11:86657064:C:T,rs10792871,ENSG00000150687,PRSS23,eQTL,Nerve_Tibial,enloc,0.26,True,True,False
chr11:86657064:C:T,rs10792871,ENSG00000150687,PRSS23,eQTL,Nerve_Tibial,enloc,0.26,True,True,False
chr3:188349165:G:T,rs6787621,ENSG00000145012,LPP,sQTL,Breast_Mammary_Tissue,enloc,0.2562,True,True,False
chr3:188349165:G:T,rs6787621,ENSG00000145012,LPP,sQTL,Breast_Mammary_Tissue,enloc,0.2562,True,True,False
chr3:188349165:G:T,rs6787621,ENSG00000145012,LPP,sQTL,Breast_Mammary_Tissue,enloc,0.2562,True,True,False
chr3:188349165:G:T,rs6787621,ENSG00000145012,LPP,sQTL,Breast_Mammary_Tissue,enloc,0.2562,True,True,False
chr1:171636338:G:A,rs74315329,ENSG00000135845,PIGC,sQTL,Heart_Atrial_Appendage,enloc,0.2552,True,True,False
chr1:171636338:G:A,rs74315329,ENSG00000135845,PIGC,sQTL,Heart_Atrial_Appendage,enloc,0.2552,True,True,False
chr3:188349165:G:T,rs6787621,ENSG00000145012,LPP,sQTL,Artery_Aorta,enloc,0.2538,True,True,False
chr3:188349165:G:T,rs6787621,ENSG00000145012,LPP,sQTL,Artery_Aorta,enloc,0.2538,True,True,False
chr3:188349165:G:T,rs6787621,ENSG00000145012,LPP,sQTL,Artery_Aorta,enloc,0.2538,True,True,False
chr3:188349165:G:T,rs6787621,ENSG00000145012,LPP,sQTL,Artery_Aorta,enloc,0.2538,True,True,False
chr3:188349165:G:T,rs6787621,ENSG00000145012,LPP,sQTL,Artery_Aorta,enloc,0.2538,True,True,False
chr3:188349165:G:T,rs6787621,ENSG00000145012,LPP,sQTL,Adipose_Visceral_Omentum,enloc,0.2516,True,True,False
chr3:188349165:G:T,rs6787621,ENSG00000145012,LPP,sQTL,Adipose_Visceral_Omentum,enloc,0.2516,True,True,False
chr3:188349165:G:T,rs6787621,ENSG00000145012,LPP,sQTL,Adipose_Visceral_Omentum,enloc,0.2516,True,True,False
chr3:188349165:G:T,rs6787621,ENSG00000145012,LPP,sQTL,Adipose_Visceral_Omentum,enloc,0.2516,True,True,False
chr3:188349165:G:T,rs6787621,ENSG00000145012,LPP,sQTL,Artery_Tibial,enloc,0.25,True,True,False
chr3:188349165:G:T,rs6787621,ENSG00000145012,LPP,sQTL,Artery_Tibial,enloc,0.25,True,True,False
chr3:188349165:G:T,rs6787621,ENSG00000145012,LPP,sQTL,Artery_Tibial,enloc,0.25,True,True,False
chr3:188349165:G:T,rs6787621,ENSG00000145012,LPP,sQTL,Artery_Tibial,enloc,0.25,True,True,False
chr3:188349165:G:T,rs6787621,ENSG00000145012,LPP,sQTL,Artery_Tibial,enloc,0.25,True,True,False
chr3:188349165:G:T,rs6787621,ENSG00000145012,LPP,sQTL,Artery_Tibial,enloc,0.25,True,True,False
chr3:188349165:G:T,rs6787621,ENSG00000145012,LPP,sQTL,Artery_Tibial,enloc,0.25,True,True,False
chr3:188349165:G:T,rs6787621,ENSG00000145012,LPP,sQTL,Artery_Tibial,enloc,0.25,True,True,False
chr3:188349165:G:T,rs6787621,ENSG00000145012,LPP,sQTL,Artery_Tibial,enloc,0.25,True,True,False
chr3:188349165:G:T,rs6787621,ENSG00000145012,LPP,sQTL,Artery_Tibial,enloc,0.25,True,True,False
chr3:188349165:G:T,rs6787621,ENSG00000145012,LPP,sQTL,Kidney_Cortex,enloc,0.2489,True,True,False
chr3:188349165:G:T,rs6787621,ENSG00000145012,LPP,sQTL,Kidney_Cortex,enloc,0.2489,True,True,False
chr3:188349165:G:T,rs6787621,ENSG00000145012,LPP,sQTL,Kidney_Cortex,enloc,0.2489,True,True,False
chr3:188349165:G:T,rs6787621,ENSG00000145012,LPP,sQTL,Kidney_Cortex,enloc,0.2489,True,True,False
chr11:130412183:C:T,rs2875238,ENSG00000134917,ADAMTS8,eQTL,Adipose_Visceral_Omentum,enloc,0.2404,True,True,False
chr11:130412183:C:T,rs2875238,ENSG00000134917,ADAMTS8,eQTL,Adipose_Visceral_Omentum,enloc,0.2404,True,True,False
chr11:130412183:C:T,rs2875238,ENSG00000134917,ADAMTS8,eQTL,Adipose_Visceral_Omentum,enloc,0.2404,True,True,False
chr11:130412183:C:T,rs2875238,ENSG00000134917,ADAMTS8,eQTL,Adipose_Visceral_Omentum,enloc,0.2404,True,True,False
chr3:188349165:G:T,rs6787621,ENSG00000145012,LPP,sQTL,Lung,enloc,0.2387,True,True,False
chr3:188349165:G:T,rs6787621,ENSG00000145012,LPP,sQTL,Lung,enloc,0.2387,True,True,False
chr3:188349165:G:T,rs6787621,ENSG00000145012,LPP,sQTL,Lung,enloc,0.2387,True,True,False
chr3:188349165:G:T,rs6787621,ENSG00000145012,LPP,sQTL,Lung,enloc,0.2387,True,True,False
chr9:133255801:C:T,rs8176749,ENSG00000175164,ABO,sQTL,Thyroid,enloc,0.2382,True,True,False
chr9:133255801:C:T,rs8176749,ENSG00000175164,ABO,sQTL,Thyroid,enloc,0.2382,True,True,False
chr9:133255801:C:T,rs8176749,ENSG00000175164,ABO,sQTL,Thyroid,enloc,0.2382,True,True,False
chr9:133255801:C:T,rs8176749,ENSG00000175164,ABO,sQTL,Thyroid,enloc,0.2382,True,True,False
chr9:133255801:C:T,rs8176749,ENSG00000175164,ABO,sQTL,Thyroid,enloc,0.2382,True,True,False
chr9:133255801:C:T,rs8176749,ENSG00000175164,ABO,sQTL,Thyroid,enloc,0.2382,True,True,False
chr9:133255801:C:T,rs8176749,ENSG00000175164,ABO,sQTL,Thyroid,enloc,0.2382,True,True,False
chr3:188349165:G:T,rs6787621,ENSG00000145012,LPP,sQTL,Esophagus_Muscularis,enloc,0.2328,True,True,False
chr3:188349165:G:T,rs6787621,ENSG00000145012,LPP,sQTL,Esophagus_Muscularis,enloc,0.2328,True,True,False
chr3:188349165:G:T,rs6787621,ENSG00000145012,LPP,sQTL,Esophagus_Muscularis,enloc,0.2328,True,True,False
chr3:188349165:G:T,rs6787621,ENSG00000145012,LPP,sQTL,Esophagus_Muscularis,enloc,0.2328,True,True,False
chr3:188349165:G:T,rs6787621,ENSG00000145012,LPP,sQTL,Heart_Atrial_Appendage,enloc,0.2213,True,True,False
chr3:188349165:G:T,rs6787621,ENSG00000145012,LPP,sQTL,Heart_Atrial_Appendage,enloc,0.2213,True,True,False
chr3:188349165:G:T,rs6787621,ENSG00000145012,LPP,sQTL,Heart_Atrial_Appendage,enloc,0.2213,True,True,False
chr3:188349165:G:T,rs6787621,ENSG00000145012,LPP,sQTL,Heart_Atrial_Appendage,enloc,0.2213,True,True,False
chr3:188349165:G:T,rs6787621,ENSG00000145012,LPP,sQTL,Skin_Not_Sun_Exposed_Suprapubic,enloc,0.2212,True,True,False
chr3:188349165:G:T,rs6787621,ENSG00000145012,LPP,sQTL,Skin_Not_Sun_Exposed_Suprapubic,enloc,0.2212,True,True,False
chr3:188349165:G:T,rs6787621,ENSG00000145012,LPP,sQTL,Skin_Not_Sun_Exposed_Suprapubic,enloc,0.2212,True,True,False
chr3:188349165:G:T,rs6787621,ENSG00000145012,LPP,sQTL,Skin_Not_Sun_Exposed_Suprapubic,enloc,0.2212,True,True,False
chr3:188349165:G:T,rs6787621,ENSG00000145012,LPP,sQTL,Whole_Blood,enloc,0.2212,True,True,False
chr3:188349165:G:T,rs6787621,ENSG00000145012,LPP,sQTL,Whole_Blood,enloc,0.2212,True,True,False
chr3:188349165:G:T,rs6787621,ENSG00000145012,LPP,sQTL,Whole_Blood,enloc,0.2212,True,True,False
chr3:188349165:G:T,rs6787621,ENSG00000145012,LPP,sQTL,Whole_Blood,enloc,0.2212,True,True,False
chr3:188349165:G:T,rs6787621,ENSG00000145012,LPP,sQTL,Colon_Sigmoid,enloc,0.2211,True,True,False
chr3:188349165:G:T,rs6787621,ENSG00000145012,LPP,sQTL,Colon_Sigmoid,enloc,0.2211,True,True,False
chr3:188349165:G:T,rs6787621,ENSG00000145012,LPP,sQTL,Colon_Sigmoid,enloc,0.2211,True,True,False
chr3:188349165:G:T,rs6787621,ENSG00000145012,LPP,sQTL,Colon_Sigmoid,enloc,0.2211,True,True,False
chr2:12811195:C:T,rs12623251,ENSG00000071575,TRIB2,eQTL,Cells_Cultured_fibroblasts,enloc,0.2187,True,True,False
chr2:12811195:C:T,rs12623251,ENSG00000071575,TRIB2,eQTL,Cells_Cultured_fibroblasts,enloc,0.2187,True,True,False
chr2:12811195:C:T,rs12623251,ENSG00000071575,TRIB2,eQTL,Cells_Cultured_fibroblasts,enloc,0.2187,True,True,False
chr1:53658200:G:T,rs941125,ENSG00000174332,GLIS1,eQTL,Brain_Cerebellum,enloc,0.2158,True,True,False
chr3:188349165:G:T,rs6787621,ENSG00000145012,LPP,sQTL,Adrenal_Gland,enloc,0.2111,True,True,False
chr3:188349165:G:T,rs6787621,ENSG00000145012,LPP,sQTL,Adrenal_Gland,enloc,0.2111,True,True,False
chr3:188349165:G:T,rs6787621,ENSG00000145012,LPP,sQTL,Adrenal_Gland,enloc,0.2111,True,True,False
chr3:188349165:G:T,rs6787621,ENSG00000145012,LPP,sQTL,Adrenal_Gland,enloc,0.2111,True,True,False
chr3:188349165:G:T,rs6787621,ENSG00000145012,LPP,sQTL,Thyroid,enloc,0.2061,True,True,False
chr3:188349165:G:T,rs6787621,ENSG00000145012,LPP,sQTL,Thyroid,enloc,0.2061,True,True,False
chr3:188349165:G:T,rs6787621,ENSG00000145012,LPP,sQTL,Thyroid,enloc,0.2061,True,True,False
chr3:188349165:G:T,rs6787621,ENSG00000145012,LPP,sQTL,Thyroid,enloc,0.2061,True,True,False
chr3:188349165:G:T,rs6787621,ENSG00000145012,LPP,sQTL,Muscle_Skeletal,enloc,0.2052,True,True,False
chr3:188349165:G:T,rs6787621,ENSG00000145012,LPP,sQTL,Muscle_Skeletal,enloc,0.2052,True,True,False
chr3:188349165:G:T,rs6787621,ENSG00000145012,LPP,sQTL,Muscle_Skeletal,enloc,0.2052,True,True,False
chr3:188349165:G:T,rs6787621,ENSG00000145012,LPP,sQTL,Muscle_Skeletal,enloc,0.2052,True,True,False
chr22:28712241:G:A,rs5752776,ENSG00000100154,TTC28,eQTL,Testis,enloc,0.202,True,True,False
chr22:28712241:G:A,rs5752776,ENSG00000100154,TTC28,eQTL,Testis,enloc,0.202,True,True,False
chr22:28712241:G:A,rs5752776,ENSG00000100154,TTC28,eQTL,Testis,enloc,0.202,True,True,False
chr3:188349165:G:T,rs6787621,ENSG00000145012,LPP,sQTL,Esophagus_Gastroesophageal_Junction,enloc,0.2013,True,True,False
chr3:188349165:G:T,rs6787621,ENSG00000145012,LPP,sQTL,Esophagus_Gastroesophageal_Junction,enloc,0.2013,True,True,False
chr3:188349165:G:T,rs6787621,ENSG00000145012,LPP,sQTL,Esophagus_Gastroesophageal_Junction,enloc,0.2013,True,True,False
chr3:188349165:G:T,rs6787621,ENSG00000145012,LPP,sQTL,Esophagus_Gastroesophageal_Junction,enloc,0.2013,True,True,False
chr6:134051012:G:C,rs2811688,ENSG00000146411,SLC2A12,eQTL,Brain_Cerebellum,enloc,0.2003,True,True,False
chr3:188349165:G:T,rs6787621,ENSG00000145012,LPP,sQTL,Uterus,enloc,0.2,True,True,False
chr3:188349165:G:T,rs6787621,ENSG00000145012,LPP,sQTL,Uterus,enloc,0.2,True,True,False
chr3:188349165:G:T,rs6787621,ENSG00000145012,LPP,sQTL,Uterus,enloc,0.2,True,True,False
chr3:188349165:G:T,rs6787621,ENSG00000145012,LPP,sQTL,Uterus,enloc,0.2,True,True,False
chr3:188349165:G:T,rs6787621,ENSG00000145012,LPP,sQTL,Colon_Sigmoid,enloc,0.1991,True,True,False
chr3:188349165:G:T,rs6787621,ENSG00000145012,LPP,sQTL,Colon_Sigmoid,enloc,0.1991,True,True,False
chr3:188349165:G:T,rs6787621,ENSG00000145012,LPP,sQTL,Colon_Sigmoid,enloc,0.1991,True,True,False
chr3:188349165:G:T,rs6787621,ENSG00000145012,LPP,sQTL,Colon_Sigmoid,enloc,0.1991,True,True,False
chr3:188349165:G:T,rs6787621,ENSG00000145012,LPP,sQTL,Esophagus_Mucosa,enloc,0.19,True,True,False
chr3:188349165:G:T,rs6787621,ENSG00000145012,LPP,sQTL,Esophagus_Mucosa,enloc,0.19,True,True,False
chr3:188349165:G:T,rs6787621,ENSG00000145012,LPP,sQTL,Esophagus_Mucosa,enloc,0.19,True,True,False
chr3:188349165:G:T,rs6787621,ENSG00000145012,LPP,sQTL,Esophagus_Mucosa,enloc,0.19,True,True,False
chr15:73928957:C:T,rs1550437,ENSG00000129038,LOXL1,eQTL,Pituitary,enloc,0.1867,True,True,False
chr3:188349165:G:T,rs6787621,ENSG00000145012,LPP,sQTL,Nerve_Tibial,enloc,0.1802,True,True,False
chr3:188349165:G:T,rs6787621,ENSG00000145012,LPP,sQTL,Nerve_Tibial,enloc,0.1802,True,True,False
chr3:188349165:G:T,rs6787621,ENSG00000145012,LPP,sQTL,Nerve_Tibial,enloc,0.1802,True,True,False
chr3:188349165:G:T,rs6787621,ENSG00000145012,LPP,sQTL,Nerve_Tibial,enloc,0.1802,True,True,False
chr3:188349165:G:T,rs6787621,ENSG00000145012,LPP,sQTL,Nerve_Tibial,enloc,0.1802,True,True,False
chr3:188349165:G:T,rs6787621,ENSG00000145012,LPP,sQTL,Nerve_Tibial,enloc,0.1802,True,True,False
chr3:188349165:G:T,rs6787621,ENSG00000145012,LPP,sQTL,Nerve_Tibial,enloc,0.1802,True,True,False
chr3:188349165:G:T,rs6787621,ENSG00000145012,LPP,sQTL,Nerve_Tibial,enloc,0.1802,True,True,False
chr9:133255801:C:T,rs8176749,ENSG00000175164,ABO,sQTL,Thyroid,enloc,0.18,True,True,False
chr9:133255801:C:T,rs8176749,ENSG00000175164,ABO,sQTL,Thyroid,enloc,0.18,True,True,False
chr3:188349165:G:T,rs6787621,ENSG00000145012,LPP,sQTL,Adipose_Subcutaneous,enloc,0.1757,True,True,False
chr3:188349165:G:T,rs6787621,ENSG00000145012,LPP,sQTL,Adipose_Subcutaneous,enloc,0.1757,True,True,False
chr3:188349165:G:T,rs6787621,ENSG00000145012,LPP,sQTL,Adipose_Subcutaneous,enloc,0.1757,True,True,False
chr3:188349165:G:T,rs6787621,ENSG00000145012,LPP,sQTL,Adipose_Subcutaneous,enloc,0.1757,True,True,False
chr11:86657064:C:T,rs10792871,ENSG00000151376,ME3,eQTL,Nerve_Tibial,enloc,0.1753,True,True,False
chr11:86657064:C:T,rs10792871,ENSG00000151376,ME3,eQTL,Nerve_Tibial,enloc,0.1753,True,True,False
chr11:86657064:C:T,rs10792871,ENSG00000151376,ME3,eQTL,Nerve_Tibial,enloc,0.1753,True,True,False
chr17:47617876:AT:A,rs1348518145,ENSG00000198933,TBKBP1,eQTL,Thyroid,enloc,0.1687,True,True,False
chr17:47617876:AT:A,rs1348518145,ENSG00000198933,TBKBP1,eQTL,Thyroid,enloc,0.1687,True,True,False
chr3:188349165:G:T,rs6787621,ENSG00000145012,LPP,sQTL,Cells_Cultured_fibroblasts,enloc,0.1671,True,True,False
chr3:188349165:G:T,rs6787621,ENSG00000145012,LPP,sQTL,Cells_Cultured_fibroblasts,enloc,0.1671,True,True,False
chr3:188349165:G:T,rs6787621,ENSG00000145012,LPP,sQTL,Cells_Cultured_fibroblasts,enloc,0.1671,True,True,False
chr3:188349165:G:T,rs6787621,ENSG00000145012,LPP,sQTL,Cells_Cultured_fibroblasts,enloc,0.1671,True,True,False
chr3:188349165:G:T,rs6787621,ENSG00000145012,LPP,sQTL,Cells_Cultured_fibroblasts,enloc,0.1671,True,True,False
chr3:188349165:G:T,rs6787621,ENSG00000145012,LPP,sQTL,Cells_Cultured_fibroblasts,enloc,0.1671,True,True,False
chr3:188349165:G:T,rs6787621,ENSG00000145012,LPP,sQTL,Cells_Cultured_fibroblasts,enloc,0.1671,True,True,False
chr3:188349165:G:T,rs6787621,ENSG00000145012,LPP,sQTL,Cells_Cultured_fibroblasts,enloc,0.1671,True,True,False
chr3:188349165:G:T,rs6787621,ENSG00000145012,LPP,sQTL,Cells_Cultured_fibroblasts,enloc,0.1671,True,True,False
chr3:188349165:G:T,rs6787621,ENSG00000145012,LPP,sQTL,Cells_Cultured_fibroblasts,enloc,0.1671,True,True,False
chr3:188349165:G:T,rs6787621,ENSG00000145012,LPP,sQTL,Cells_Cultured_fibroblasts,enloc,0.1671,True,True,False
chr3:188349165:G:T,rs6787621,ENSG00000145012,LPP,sQTL,Cells_Cultured_fibroblasts,enloc,0.1671,True,True,False
chr9:126628521:C:T,rs3829849,ENSG00000196814,MVB12B,sQTL,Whole_Blood,enloc,0.1654,True,True,False
chr9:133255801:C:T,rs8176749,ENSG00000175164,ABO,sQTL,Lung,enloc,0.1641,True,True,False
chr9:133255801:C:T,rs8176749,ENSG00000175164,ABO,sQTL,Lung,enloc,0.1641,True,True,False
chr9:133255801:C:T,rs8176749,ENSG00000175164,ABO,sQTL,Lung,enloc,0.1641,True,True,False
chr9:133255801:C:T,rs8176749,ENSG00000175164,ABO,sQTL,Lung,enloc,0.1641,True,True,False
chr9:133255801:C:T,rs8176749,ENSG00000175164,ABO,sQTL,Lung,enloc,0.1641,True,True,False
chr9:133255801:C:T,rs8176749,ENSG00000175164,ABO,sQTL,Lung,enloc,0.1641,True,True,False
chr9:133255801:C:T,rs8176749,ENSG00000175164,ABO,sQTL,Lung,enloc,0.1641,True,True,False
chr9:133255801:C:T,rs8176749,ENSG00000175164,ABO,sQTL,Lung,enloc,0.1641,True,True,False
chr17:47617876:AT:A,rs1348518145,ENSG00000198933,TBKBP1,eQTL,Cells_Cultured_fibroblasts,enloc,0.1638,True,True,False
chr17:47617876:AT:A,rs1348518145,ENSG00000198933,TBKBP1,eQTL,Cells_Cultured_fibroblasts,enloc,0.1638,True,True,False
chr15:57261634:T:A,rs2431023,ENSG00000137871,ZNF280D,eQTL,Pancreas,enloc,0.162,True,True,False
chr15:57261634:T:A,rs2431023,ENSG00000137871,ZNF280D,eQTL,Pancreas,enloc,0.162,True,True,False
chr15:57261634:T:A,rs2431023,ENSG00000137871,ZNF280D,eQTL,Pancreas,enloc,0.162,True,True,False
chr3:188349165:G:T,rs6787621,ENSG00000145012,LPP,sQTL,Heart_Left_Ventricle,enloc,0.1604,True,True,False
chr3:188349165:G:T,rs6787621,ENSG00000145012,LPP,sQTL,Heart_Left_Ventricle,enloc,0.1604,True,True,False
chr3:188349165:G:T,rs6787621,ENSG00000145012,LPP,sQTL,Heart_Left_Ventricle,enloc,0.1604,True,True,False
chr3:188349165:G:T,rs6787621,ENSG00000145012,LPP,sQTL,Heart_Left_Ventricle,enloc,0.1604,True,True,False
chr3:188349165:G:T,rs6787621,ENSG00000145012,LPP,sQTL,Heart_Left_Ventricle,enloc,0.1604,True,True,False
chr3:188349165:G:T,rs6787621,ENSG00000145012,LPP,sQTL,Heart_Left_Ventricle,enloc,0.1604,True,True,False
chr3:188349165:G:T,rs6787621,ENSG00000145012,LPP,sQTL,Heart_Left_Ventricle,enloc,0.1604,True,True,False
chr3:188349165:G:T,rs6787621,ENSG00000145012,LPP,sQTL,Heart_Left_Ventricle,enloc,0.1604,True,True,False
chr3:188349165:G:T,rs6787621,ENSG00000145012,LPP,sQTL,Heart_Left_Ventricle,enloc,0.1604,True,True,False
chr3:188349165:G:T,rs6787621,ENSG00000145012,LPP,sQTL,Heart_Left_Ventricle,enloc,0.1604,True,True,False
chr17:47617876:AT:A,rs1348518145,ENSG00000198933,TBKBP1,sQTL,Testis,enloc,0.1589,True,True,False
chr17:47617876:AT:A,rs1348518145,ENSG00000198933,TBKBP1,sQTL,Testis,enloc,0.1589,True,True,False
chr3:188349165:G:T,rs6787621,ENSG00000145012,LPP,sQTL,Skin_Sun_Exposed_Lower_leg,enloc,0.1574,True,True,False
chr3:188349165:G:T,rs6787621,ENSG00000145012,LPP,sQTL,Skin_Sun_Exposed_Lower_leg,enloc,0.1574,True,True,False
chr3:188349165:G:T,rs6787621,ENSG00000145012,LPP,sQTL,Skin_Sun_Exposed_Lower_leg,enloc,0.1574,True,True,False
chr3:188349165:G:T,rs6787621,ENSG00000145012,LPP,sQTL,Skin_Sun_Exposed_Lower_leg,enloc,0.1574,True,True,False
chr3:188349165:G:T,rs6787621,ENSG00000145012,LPP,sQTL,Skin_Sun_Exposed_Lower_leg,enloc,0.1574,True,True,False
chr3:188349165:G:T,rs6787621,ENSG00000145012,LPP,sQTL,Skin_Sun_Exposed_Lower_leg,enloc,0.1574,True,True,False
chr10:10798886:C:A,rs6602453,ENSG00000225383,SFTA1P,eQTL,Brain_Cortex,enloc,0.1551,True,True,False
chr10:10798886:C:A,rs6602453,ENSG00000225383,SFTA1P,eQTL,Brain_Cortex,enloc,0.1551,True,True,False
chr10:10798886:C:A,rs6602453,ENSG00000225383,SFTA1P,eQTL,Brain_Cortex,enloc,0.1551,True,True,False
chr10:10798886:C:A,rs6602453,ENSG00000225383,SFTA1P,eQTL,Brain_Cortex,enloc,0.1551,True,True,False
chr10:10798886:C:A,rs6602453,ENSG00000225383,SFTA1P,eQTL,Brain_Cortex,enloc,0.1551,True,True,False
chr10:10798886:C:A,rs6602453,ENSG00000225383,SFTA1P,eQTL,Brain_Cortex,enloc,0.1551,True,True,False
chr10:10798886:C:A,rs6602453,ENSG00000225383,SFTA1P,eQTL,Brain_Cortex,enloc,0.1551,True,True,False
chr3:188349165:G:T,rs6787621,ENSG00000145012,LPP,sQTL,Ovary,enloc,0.1514,True,True,False
chr3:188349165:G:T,rs6787621,ENSG00000145012,LPP,sQTL,Ovary,enloc,0.1514,True,True,False
chr3:188349165:G:T,rs6787621,ENSG00000145012,LPP,sQTL,Ovary,enloc,0.1514,True,True,False
chr3:188349165:G:T,rs6787621,ENSG00000145012,LPP,sQTL,Ovary,enloc,0.1514,True,True,False
chr3:188349165:G:T,rs6787621,ENSG00000145012,LPP,sQTL,Ovary,enloc,0.1514,True,True,False
chr3:188349165:G:T,rs6787621,ENSG00000145012,LPP,sQTL,Ovary,enloc,0.1514,True,True,False
chr1:102914362:G:A,rs3753841,ENSG00000060718,COL11A1,eQTL,Adipose_Visceral_Omentum,enloc,0.1506,True,True,False
chr1:102914362:G:A,rs3753841,ENSG00000060718,COL11A1,eQTL,Adipose_Visceral_Omentum,enloc,0.1506,True,True,False
chr3:188349165:G:T,rs6787621,ENSG00000145012,LPP,sQTL,Minor_Salivary_Gland,enloc,0.1496,True,True,False
chr3:188349165:G:T,rs6787621,ENSG00000145012,LPP,sQTL,Minor_Salivary_Gland,enloc,0.1496,True,True,False
chr3:188349165:G:T,rs6787621,ENSG00000145012,LPP,sQTL,Minor_Salivary_Gland,enloc,0.1496,True,True,False
chr3:188349165:G:T,rs6787621,ENSG00000145012,LPP,sQTL,Minor_Salivary_Gland,enloc,0.1496,True,True,False
chr3:188349165:G:T,rs6787621,ENSG00000145012,LPP,sQTL,Minor_Salivary_Gland,enloc,0.1496,True,True,False
chr3:188349165:G:T,rs6787621,ENSG00000145012,LPP,sQTL,Minor_Salivary_Gland,enloc,0.1496,True,True,False
chr11:120327384:G:A,rs1893261,ENSG00000196914,ARHGEF12,sQTL,Muscle_Skeletal,enloc,0.1492,True,True,False
chr11:120327384:G:A,rs1893261,ENSG00000196914,ARHGEF12,sQTL,Muscle_Skeletal,enloc,0.1492,True,True,False
chr4:7902636:G:A,rs938604,ENSG00000196526,AFAP1,eQTL,Cells_Cultured_fibroblasts,enloc,0.1483,True,True,False
chr4:7902636:G:A,rs938604,ENSG00000196526,AFAP1,eQTL,Cells_Cultured_fibroblasts,enloc,0.1483,True,True,False
chr4:7902636:G:A,rs938604,ENSG00000196526,AFAP1,eQTL,Cells_Cultured_fibroblasts,enloc,0.1483,True,True,False
chr3:188349165:G:T,rs6787621,ENSG00000145012,LPP,sQTL,Stomach,enloc,0.1471,True,True,False
chr3:188349165:G:T,rs6787621,ENSG00000145012,LPP,sQTL,Stomach,enloc,0.1471,True,True,False
chr3:188349165:G:T,rs6787621,ENSG00000145012,LPP,sQTL,Stomach,enloc,0.1471,True,True,False
chr3:188349165:G:T,rs6787621,ENSG00000145012,LPP,sQTL,Stomach,enloc,0.1471,True,True,False
chr3:188349165:G:T,rs6787621,ENSG00000145012,LPP,sQTL,Stomach,enloc,0.1471,True,True,False
chr3:188349165:G:T,rs6787621,ENSG00000145012,LPP,sQTL,Stomach,enloc,0.1471,True,True,False
chr9:22051671:G:C,rs944801,ENSG00000240498,CDKN2B-AS1,sQTL,Testis,enloc,0.1456,True,True,False
chr9:22051671:G:C,rs944801,ENSG00000240498,CDKN2B-AS1,sQTL,Testis,enloc,0.1456,True,True,False
chr9:22051671:G:C,rs944801,ENSG00000240498,CDKN2B-AS1,sQTL,Testis,enloc,0.1456,True,True,False
chr9:22051671:G:C,rs944801,ENSG00000240498,CDKN2B-AS1,sQTL,Testis,enloc,0.1456,True,True,False
chr10:10798886:C:A,rs6602453,ENSG00000225383,SFTA1P,eQTL,Heart_Atrial_Appendage,enloc,0.1453,True,True,False
chr10:10798886:C:A,rs6602453,ENSG00000225383,SFTA1P,eQTL,Heart_Atrial_Appendage,enloc,0.1453,True,True,False
chr10:10798886:C:A,rs6602453,ENSG00000225383,SFTA1P,eQTL,Heart_Atrial_Appendage,enloc,0.1453,True,True,False
chr10:10798886:C:A,rs6602453,ENSG00000225383,SFTA1P,eQTL,Heart_Atrial_Appendage,enloc,0.1453,True,True,False
chr10:10798886:C:A,rs6602453,ENSG00000225383,SFTA1P,eQTL,Heart_Atrial_Appendage,enloc,0.1453,True,True,False
chr10:10798886:C:A,rs6602453,ENSG00000225383,SFTA1P,eQTL,Heart_Atrial_Appendage,enloc,0.1453,True,True,False
chr10:10798886:C:A,rs6602453,ENSG00000225383,SFTA1P,eQTL,Heart_Atrial_Appendage,enloc,0.1453,True,True,False
chr11:86657064:C:T,rs10792871,ENSG00000254731,CTD-2005H7.1,eQTL,Nerve_Tibial,enloc,0.1422,True,True,False
chr11:86657064:C:T,rs10792871,ENSG00000254731,CTD-2005H7.1,eQTL,Nerve_Tibial,enloc,0.1422,True,True,False
chr11:86657064:C:T,rs10792871,ENSG00000254731,CTD-2005H7.1,eQTL,Nerve_Tibial,enloc,0.1422,True,True,False
chr11:86657064:C:T,rs10792871,ENSG00000254731,CTD-2005H7.1,eQTL,Nerve_Tibial,enloc,0.1422,True,True,False
chr3:188349165:G:T,rs6787621,ENSG00000145012,LPP,sQTL,Testis,enloc,0.1404,True,True,False
chr3:188349165:G:T,rs6787621,ENSG00000145012,LPP,sQTL,Testis,enloc,0.1404,True,True,False
chr3:188349165:G:T,rs6787621,ENSG00000145012,LPP,sQTL,Testis,enloc,0.1404,True,True,False
chr3:188349165:G:T,rs6787621,ENSG00000145012,LPP,sQTL,Testis,enloc,0.1404,True,True,False
chr3:188349165:G:T,rs6787621,ENSG00000145012,LPP,sQTL,Testis,enloc,0.1404,True,True,False
chr3:188349165:G:T,rs6787621,ENSG00000145012,LPP,sQTL,Testis,enloc,0.1404,True,True,False
chr3:188349165:G:T,rs6787621,ENSG00000145012,LPP,sQTL,Testis,enloc,0.1404,True,True,False
chr3:188349165:G:T,rs6787621,ENSG00000145012,LPP,sQTL,Testis,enloc,0.1404,True,True,False
chr3:188349165:G:T,rs6787621,ENSG00000145012,LPP,sQTL,Testis,enloc,0.1404,True,True,False
chr3:188349165:G:T,rs6787621,ENSG00000145012,LPP,sQTL,Testis,enloc,0.1404,True,True,False
chr3:188349165:G:T,rs6787621,ENSG00000145012,LPP,sQTL,Testis,enloc,0.1404,True,True,False
chr3:188349165:G:T,rs6787621,ENSG00000145012,LPP,sQTL,Testis,enloc,0.1404,True,True,False
chr3:188349165:G:T,rs6787621,ENSG00000145012,LPP,sQTL,Vagina,enloc,0.1376,True,True,False
chr3:188349165:G:T,rs6787621,ENSG00000145012,LPP,sQTL,Vagina,enloc,0.1376,True,True,False
chr3:188349165:G:T,rs6787621,ENSG00000145012,LPP,sQTL,Vagina,enloc,0.1376,True,True,False
chr3:188349165:G:T,rs6787621,ENSG00000145012,LPP,sQTL,Vagina,enloc,0.1376,True,True,False
chr3:188349165:G:T,rs6787621,ENSG00000145012,LPP,sQTL,Vagina,enloc,0.1376,True,True,False
chr3:188349165:G:T,rs6787621,ENSG00000145012,LPP,sQTL,Vagina,enloc,0.1376,True,True,False
chr9:133255801:C:T,rs8176749,ENSG00000175164,ABO,sQTL,Skin_Not_Sun_Exposed_Suprapubic,enloc,0.1371,True,True,False
chr9:133255801:C:T,rs8176749,ENSG00000175164,ABO,sQTL,Skin_Not_Sun_Exposed_Suprapubic,enloc,0.1371,True,True,False
chr9:133255801:C:T,rs8176749,ENSG00000175164,ABO,sQTL,Skin_Not_Sun_Exposed_Suprapubic,enloc,0.1371,True,True,False
chr9:133255801:C:T,rs8176749,ENSG00000175164,ABO,sQTL,Skin_Not_Sun_Exposed_Suprapubic,enloc,0.1371,True,True,False
chr9:133255801:C:T,rs8176749,ENSG00000175164,ABO,sQTL,Skin_Not_Sun_Exposed_Suprapubic,enloc,0.1371,True,True,False
chr9:133255801:C:T,rs8176749,ENSG00000175164,ABO,sQTL,Skin_Not_Sun_Exposed_Suprapubic,enloc,0.1371,True,True,False
chr9:133255801:C:T,rs8176749,ENSG00000175164,ABO,sQTL,Skin_Not_Sun_Exposed_Suprapubic,enloc,0.1371,True,True,False
chr3:188349165:G:T,rs6787621,ENSG00000145012,LPP,sQTL,Spleen,enloc,0.1361,True,True,False
chr3:188349165:G:T,rs6787621,ENSG00000145012,LPP,sQTL,Spleen,enloc,0.1361,True,True,False
chr3:188349165:G:T,rs6787621,ENSG00000145012,LPP,sQTL,Spleen,enloc,0.1361,True,True,False
chr3:188349165:G:T,rs6787621,ENSG00000145012,LPP,sQTL,Spleen,enloc,0.1361,True,True,False
chr3:188349165:G:T,rs6787621,ENSG00000145012,LPP,sQTL,Spleen,enloc,0.1361,True,True,False
chr17:47617876:AT:A,rs1348518145,ENSG00000198933,TBKBP1,eQTL,Esophagus_Mucosa,enloc,0.1357,True,True,False
chr17:47617876:AT:A,rs1348518145,ENSG00000198933,TBKBP1,eQTL,Esophagus_Mucosa,enloc,0.1357,True,True,False
chr17:47617876:AT:A,rs1348518145,ENSG00000198933,TBKBP1,eQTL,Esophagus_Mucosa,enloc,0.1357,True,True,False
chr17:47617876:AT:A,rs1348518145,ENSG00000198933,TBKBP1,eQTL,Esophagus_Mucosa,enloc,0.1357,True,True,False
chr7:116522252:T:A,rs10257125,ENSG00000105971,CAV2,sQTL,Heart_Left_Ventricle,enloc,0.1353,True,True,False
chr7:116522252:T:A,rs10257125,ENSG00000105971,CAV2,sQTL,Heart_Left_Ventricle,enloc,0.1353,True,True,False
chr9:133255801:C:T,rs8176749,ENSG00000175164,ABO,eQTL,Brain_Cortex,enloc,0.1331,True,True,False
chr9:133255801:C:T,rs8176749,ENSG00000175164,ABO,eQTL,Brain_Cortex,enloc,0.1331,True,True,False
chr9:133255801:C:T,rs8176749,ENSG00000175164,ABO,eQTL,Brain_Cortex,enloc,0.1331,True,True,False
chr9:133255801:C:T,rs8176749,ENSG00000175164,ABO,eQTL,Brain_Cortex,enloc,0.1331,True,True,False
chr9:133255801:C:T,rs8176749,ENSG00000175164,ABO,eQTL,Brain_Cortex,enloc,0.1331,True,True,False
chr9:133255801:C:T,rs8176749,ENSG00000175164,ABO,eQTL,Brain_Cortex,enloc,0.1331,True,True,False
chr9:133255801:C:T,rs8176749,ENSG00000175164,ABO,eQTL,Brain_Cortex,enloc,0.1331,True,True,False
chr6:134051012:G:C,rs2811688,ENSG00000146411,SLC2A12,eQTL,Brain_Cerebellar_Hemisphere,enloc,0.1329,True,True,False
chr6:134051012:G:C,rs2811688,ENSG00000146411,SLC2A12,eQTL,Brain_Cerebellar_Hemisphere,enloc,0.1329,True,True,False
chr6:134051012:G:C,rs2811688,ENSG00000146411,SLC2A12,eQTL,Brain_Cerebellar_Hemisphere,enloc,0.1329,True,True,False
chr6:134051012:G:C,rs2811688,ENSG00000146411,SLC2A12,eQTL,Brain_Cerebellar_Hemisphere,enloc,0.1329,True,True,False
chr11:86657064:C:T,rs10792871,ENSG00000150687,PRSS23,eQTL,Prostate,enloc,0.1274,True,True,False
chr11:86657064:C:T,rs10792871,ENSG00000150687,PRSS23,eQTL,Prostate,enloc,0.1274,True,True,False
chr11:86657064:C:T,rs10792871,ENSG00000150687,PRSS23,eQTL,Prostate,enloc,0.1274,True,True,False
chr11:86657064:C:T,rs10792871,ENSG00000150687,PRSS23,eQTL,Prostate,enloc,0.1274,True,True,False
chr15:57261634:T:A,rs2431023,ENSG00000140262,TCF12,eQTL,Heart_Atrial_Appendage,enloc,0.1273,True,True,False
chr15:57261634:T:A,rs2431023,ENSG00000140262,TCF12,eQTL,Heart_Atrial_Appendage,enloc,0.1273,True,True,False
chr15:57261634:T:A,rs2431023,ENSG00000140262,TCF12,eQTL,Heart_Atrial_Appendage,enloc,0.1273,True,True,False
chr10:10798886:C:A,rs6602453,ENSG00000225383,SFTA1P,eQTL,Brain_Nucleus_accumbens_basal_ganglia,enloc,0.1262,True,True,False
chr10:10798886:C:A,rs6602453,ENSG00000225383,SFTA1P,eQTL,Brain_Nucleus_accumbens_basal_ganglia,enloc,0.1262,True,True,False
chr10:10798886:C:A,rs6602453,ENSG00000225383,SFTA1P,eQTL,Brain_Nucleus_accumbens_basal_ganglia,enloc,0.1262,True,True,False
chr10:10798886:C:A,rs6602453,ENSG00000225383,SFTA1P,eQTL,Brain_Nucleus_accumbens_basal_ganglia,enloc,0.1262,True,True,False
chr10:10798886:C:A,rs6602453,ENSG00000225383,SFTA1P,eQTL,Brain_Nucleus_accumbens_basal_ganglia,enloc,0.1262,True,True,False
chr10:10798886:C:A,rs6602453,ENSG00000225383,SFTA1P,eQTL,Brain_Nucleus_accumbens_basal_ganglia,enloc,0.1262,True,True,False
chr10:10798886:C:A,rs6602453,ENSG00000225383,SFTA1P,eQTL,Brain_Nucleus_accumbens_basal_ganglia,enloc,0.1262,True,True,False
chr3:188349165:G:T,rs6787621,ENSG00000145012,LPP,sQTL,Liver,enloc,0.1253,True,True,False
chr3:188349165:G:T,rs6787621,ENSG00000145012,LPP,sQTL,Liver,enloc,0.1253,True,True,False
chr3:188349165:G:T,rs6787621,ENSG00000145012,LPP,sQTL,Liver,enloc,0.1253,True,True,False
chr3:188349165:G:T,rs6787621,ENSG00000145012,LPP,sQTL,Liver,enloc,0.1253,True,True,False
chr3:188349165:G:T,rs6787621,ENSG00000145012,LPP,sQTL,Liver,enloc,0.1253,True,True,False
chr3:188349165:G:T,rs6787621,ENSG00000145012,LPP,sQTL,Liver,enloc,0.1253,True,True,False
chr9:133255801:C:T,rs8176749,ENSG00000175164,ABO,eQTL,Esophagus_Gastroesophageal_Junction,enloc,0.1245,True,True,False
chr9:133255801:C:T,rs8176749,ENSG00000175164,ABO,eQTL,Esophagus_Gastroesophageal_Junction,enloc,0.1245,True,True,False
chr9:133255801:C:T,rs8176749,ENSG00000175164,ABO,sQTL,Nerve_Tibial,enloc,0.1231,True,True,False
chr9:133255801:C:T,rs8176749,ENSG00000175164,ABO,sQTL,Nerve_Tibial,enloc,0.1231,True,True,False
chr9:133255801:C:T,rs8176749,ENSG00000175164,ABO,sQTL,Nerve_Tibial,enloc,0.1231,True,True,False
chr9:133255801:C:T,rs8176749,ENSG00000175164,ABO,sQTL,Nerve_Tibial,enloc,0.1231,True,True,False
chr9:133255801:C:T,rs8176749,ENSG00000175164,ABO,sQTL,Nerve_Tibial,enloc,0.1231,True,True,False
chr9:133255801:C:T,rs8176749,ENSG00000175164,ABO,sQTL,Nerve_Tibial,enloc,0.1231,True,True,False
chr9:133255801:C:T,rs8176749,ENSG00000175164,ABO,sQTL,Nerve_Tibial,enloc,0.1231,True,True,False
chr9:133255801:C:T,rs8176749,ENSG00000175164,ABO,sQTL,Nerve_Tibial,enloc,0.1231,True,True,False
chr22:28712241:G:A,rs5752776,ENSG00000100154,TTC28,eQTL,Cells_Cultured_fibroblasts,enloc,0.1231,True,True,False
chr22:28712241:G:A,rs5752776,ENSG00000100154,TTC28,eQTL,Cells_Cultured_fibroblasts,enloc,0.1231,True,True,False
chr22:28712241:G:A,rs5752776,ENSG00000100154,TTC28,eQTL,Cells_Cultured_fibroblasts,enloc,0.1231,True,True,False
chr22:28712241:G:A,rs5752776,ENSG00000100154,TTC28,eQTL,Cells_Cultured_fibroblasts,enloc,0.1231,True,True,False
chr11:16989629:C:A,rs4141194,ENSG00000070081,NUCB2,sQTL,Testis,enloc,0.1222,True,True,False
chr10:10798886:C:A,rs6602453,ENSG00000225383,SFTA1P,eQTL,Brain_Frontal_Cortex_BA9,enloc,0.1197,True,True,False
chr10:10798886:C:A,rs6602453,ENSG00000225383,SFTA1P,eQTL,Brain_Frontal_Cortex_BA9,enloc,0.1197,True,True,False
chr10:10798886:C:A,rs6602453,ENSG00000225383,SFTA1P,eQTL,Brain_Frontal_Cortex_BA9,enloc,0.1197,True,True,False
chr10:10798886:C:A,rs6602453,ENSG00000225383,SFTA1P,eQTL,Brain_Frontal_Cortex_BA9,enloc,0.1197,True,True,False
chr10:10798886:C:A,rs6602453,ENSG00000225383,SFTA1P,eQTL,Brain_Frontal_Cortex_BA9,enloc,0.1197,True,True,False
chr10:10798886:C:A,rs6602453,ENSG00000225383,SFTA1P,eQTL,Brain_Frontal_Cortex_BA9,enloc,0.1197,True,True,False
chr10:10798886:C:A,rs6602453,ENSG00000225383,SFTA1P,eQTL,Brain_Frontal_Cortex_BA9,enloc,0.1197,True,True,False
chr1:112699500:G:T,rs1106287,ENSG00000134245,WNT2B,eQTL,Brain_Frontal_Cortex_BA9,enloc,0.119,True,True,False
chr1:112699500:G:T,rs1106287,ENSG00000134245,WNT2B,eQTL,Brain_Frontal_Cortex_BA9,enloc,0.119,True,True,False
chr10:10798886:C:A,rs6602453,ENSG00000225383,SFTA1P,eQTL,Brain_Hypothalamus,enloc,0.1185,True,True,False
chr10:10798886:C:A,rs6602453,ENSG00000225383,SFTA1P,eQTL,Brain_Hypothalamus,enloc,0.1185,True,True,False
chr10:10798886:C:A,rs6602453,ENSG00000225383,SFTA1P,eQTL,Brain_Hypothalamus,enloc,0.1185,True,True,False
chr10:10798886:C:A,rs6602453,ENSG00000225383,SFTA1P,eQTL,Brain_Hypothalamus,enloc,0.1185,True,True,False
chr10:10798886:C:A,rs6602453,ENSG00000225383,SFTA1P,eQTL,Brain_Hypothalamus,enloc,0.1185,True,True,False
chr10:10798886:C:A,rs6602453,ENSG00000225383,SFTA1P,eQTL,Brain_Hypothalamus,enloc,0.1185,True,True,False
chr10:10798886:C:A,rs6602453,ENSG00000225383,SFTA1P,eQTL,Brain_Hypothalamus,enloc,0.1185,True,True,False
chr3:188349165:G:T,rs6787621,ENSG00000145012,LPP,sQTL,Brain_Spinal_cord_cervical_c-1,enloc,0.1169,True,True,False
chr3:188349165:G:T,rs6787621,ENSG00000145012,LPP,sQTL,Brain_Spinal_cord_cervical_c-1,enloc,0.1169,True,True,False
chr3:188349165:G:T,rs6787621,ENSG00000145012,LPP,sQTL,Brain_Spinal_cord_cervical_c-1,enloc,0.1169,True,True,False
chr3:188349165:G:T,rs6787621,ENSG00000145012,LPP,sQTL,Brain_Spinal_cord_cervical_c-1,enloc,0.1169,True,True,False
chr3:188349165:G:T,rs6787621,ENSG00000145012,LPP,sQTL,Brain_Spinal_cord_cervical_c-1,enloc,0.1169,True,True,False
chr3:188349165:G:T,rs6787621,ENSG00000145012,LPP,sQTL,Brain_Spinal_cord_cervical_c-1,enloc,0.1169,True,True,False
chr15:73928957:C:T,rs1550437,ENSG00000129038,LOXL1,eQTL,Artery_Aorta,enloc,0.1168,True,True,False
chr15:73928957:C:T,rs1550437,ENSG00000129038,LOXL1,eQTL,Artery_Aorta,enloc,0.1168,True,True,False
chr15:73928957:C:T,rs1550437,ENSG00000129038,LOXL1,eQTL,Artery_Aorta,enloc,0.1168,True,True,False
chr15:73928957:C:T,rs1550437,ENSG00000129038,LOXL1,eQTL,Artery_Aorta,enloc,0.1168,True,True,False
chr15:73928957:C:T,rs1550437,ENSG00000129038,LOXL1,eQTL,Artery_Aorta,enloc,0.1168,True,True,False
chr15:73928957:C:T,rs1550437,ENSG00000129038,LOXL1,eQTL,Artery_Aorta,enloc,0.1168,True,True,False
chr15:73928957:C:T,rs1550437,ENSG00000129038,LOXL1,eQTL,Artery_Aorta,enloc,0.1168,True,True,False
chr15:73928957:C:T,rs1550437,ENSG00000129038,LOXL1,eQTL,Artery_Aorta,enloc,0.1168,True,True,False
chr17:47617876:AT:A,rs1348518145,ENSG00000198933,TBKBP1,eQTL,Nerve_Tibial,enloc,0.1144,True,True,False
chr17:47617876:AT:A,rs1348518145,ENSG00000198933,TBKBP1,eQTL,Nerve_Tibial,enloc,0.1144,True,True,False
chr17:47617876:AT:A,rs1348518145,ENSG00000198933,TBKBP1,eQTL,Nerve_Tibial,enloc,0.1144,True,True,False
chr9:126628521:C:T,rs3829849,ENSG00000196814,MVB12B,eQTL,Spleen,enloc,0.1124,True,True,False
chr17:10127866:G:A,rs9913911,ENSG00000007237,GAS7,eQTL,Artery_Tibial,enloc,0.111,True,True,False
chr17:10127866:G:A,rs9913911,ENSG00000007237,GAS7,eQTL,Artery_Tibial,enloc,0.111,True,True,False
chr17:10127866:G:A,rs9913911,ENSG00000007237,GAS7,eQTL,Artery_Tibial,enloc,0.111,True,True,False
chr10:10798886:C:A,rs6602453,ENSG00000225383,SFTA1P,eQTL,Lung,enloc,0.1099,True,True,False
chr10:10798886:C:A,rs6602453,ENSG00000225383,SFTA1P,eQTL,Lung,enloc,0.1099,True,True,False
chr10:10798886:C:A,rs6602453,ENSG00000225383,SFTA1P,eQTL,Lung,enloc,0.1099,True,True,False
chr10:10798886:C:A,rs6602453,ENSG00000225383,SFTA1P,eQTL,Lung,enloc,0.1099,True,True,False
chr10:10798886:C:A,rs6602453,ENSG00000225383,SFTA1P,eQTL,Lung,enloc,0.1099,True,True,False
chr10:10798886:C:A,rs6602453,ENSG00000225383,SFTA1P,eQTL,Lung,enloc,0.1099,True,True,False
chr10:10798886:C:A,rs6602453,ENSG00000225383,SFTA1P,eQTL,Lung,enloc,0.1099,True,True,False
chr10:10798886:C:A,rs6602453,ENSG00000225383,SFTA1P,eQTL,Adipose_Subcutaneous,enloc,0.1096,True,True,False
chr10:10798886:C:A,rs6602453,ENSG00000225383,SFTA1P,eQTL,Adipose_Subcutaneous,enloc,0.1096,True,True,False
chr10:10798886:C:A,rs6602453,ENSG00000225383,SFTA1P,eQTL,Adipose_Subcutaneous,enloc,0.1096,True,True,False
chr10:10798886:C:A,rs6602453,ENSG00000225383,SFTA1P,eQTL,Adipose_Subcutaneous,enloc,0.1096,True,True,False
chr10:10798886:C:A,rs6602453,ENSG00000225383,SFTA1P,eQTL,Adipose_Subcutaneous,enloc,0.1096,True,True,False
chr10:10798886:C:A,rs6602453,ENSG00000225383,SFTA1P,eQTL,Adipose_Subcutaneous,enloc,0.1096,True,True,False
chr10:10798886:C:A,rs6602453,ENSG00000225383,SFTA1P,eQTL,Adipose_Subcutaneous,enloc,0.1096,True,True,False
chr3:188349165:G:T,rs6787621,ENSG00000145012,LPP,sQTL,Small_Intestine_Terminal_Ileum,enloc,0.1074,True,True,False
chr3:188349165:G:T,rs6787621,ENSG00000145012,LPP,sQTL,Small_Intestine_Terminal_Ileum,enloc,0.1074,True,True,False
chr3:188349165:G:T,rs6787621,ENSG00000145012,LPP,sQTL,Small_Intestine_Terminal_Ileum,enloc,0.1074,True,True,False
chr3:188349165:G:T,rs6787621,ENSG00000145012,LPP,sQTL,Small_Intestine_Terminal_Ileum,enloc,0.1074,True,True,False
chr9:133255801:C:T,rs8176749,ENSG00000175164,ABO,eQTL,Skin_Sun_Exposed_Lower_leg,enloc,0.1073,True,True,False
chr9:133255801:C:T,rs8176749,ENSG00000175164,ABO,eQTL,Skin_Sun_Exposed_Lower_leg,enloc,0.1073,True,True,False
chr9:133255801:C:T,rs8176749,ENSG00000175164,ABO,eQTL,Skin_Sun_Exposed_Lower_leg,enloc,0.1073,True,True,False
chr9:133255801:C:T,rs8176749,ENSG00000175164,ABO,eQTL,Skin_Sun_Exposed_Lower_leg,enloc,0.1073,True,True,False
chr3:186411027:G:A,rs56233426,ENSG00000224406,LINC02052,sQTL,Testis,enloc,0.1069,True,True,False
chr3:186411027:G:A,rs56233426,ENSG00000224406,LINC02052,sQTL,Testis,enloc,0.1069,True,True,False
chr2:12811195:C:T,rs12623251,ENSG00000071575,TRIB2,eQTL,Kidney_Cortex,enloc,0.1069,True,True,False
chr22:28712241:G:A,rs5752776,ENSG00000100154,TTC28,eQTL,Nerve_Tibial,enloc,0.1069,True,True,False
chr22:28712241:G:A,rs5752776,ENSG00000100154,TTC28,eQTL,Nerve_Tibial,enloc,0.1069,True,True,False
chr22:28712241:G:A,rs5752776,ENSG00000100154,TTC28,eQTL,Nerve_Tibial,enloc,0.1069,True,True,False
chr3:188349165:G:T,rs6787621,ENSG00000145012,LPP,sQTL,Pancreas,enloc,0.1065,True,True,False
chr3:188349165:G:T,rs6787621,ENSG00000145012,LPP,sQTL,Pancreas,enloc,0.1065,True,True,False
chr3:188349165:G:T,rs6787621,ENSG00000145012,LPP,sQTL,Pancreas,enloc,0.1065,True,True,False
chr3:188349165:G:T,rs6787621,ENSG00000145012,LPP,sQTL,Pancreas,enloc,0.1065,True,True,False
chr3:188349165:G:T,rs6787621,ENSG00000145012,LPP,sQTL,Pancreas,enloc,0.1065,True,True,False
chr3:188349165:G:T,rs6787621,ENSG00000145012,LPP,sQTL,Pancreas,enloc,0.1065,True,True,False
chr9:126628521:C:T,rs3829849,ENSG00000136944,LMX1B,eQTL,Adipose_Subcutaneous,enloc,0.1064,True,True,False
chr9:126628521:C:T,rs3829849,ENSG00000136944,LMX1B,eQTL,Adipose_Subcutaneous,enloc,0.1064,True,True,False
chr9:126628521:C:T,rs3829849,ENSG00000136944,LMX1B,eQTL,Adipose_Subcutaneous,enloc,0.1064,True,True,False
chr9:126628521:C:T,rs3829849,ENSG00000136944,LMX1B,eQTL,Adipose_Subcutaneous,enloc,0.1064,True,True,False
chr9:126628521:C:T,rs3829849,ENSG00000136944,LMX1B,eQTL,Adipose_Subcutaneous,enloc,0.1064,True,True,False
chr9:126628521:C:T,rs3829849,ENSG00000136944,LMX1B,eQTL,Adipose_Subcutaneous,enloc,0.1064,True,True,False
chr9:126628521:C:T,rs3829849,ENSG00000136944,LMX1B,eQTL,Adipose_Subcutaneous,enloc,0.1064,True,True,False
chr1:165768467:G:C,rs2790053,ENSG00000143183,TMCO1,sQTL,Muscle_Skeletal,enloc,0.1058,True,True,False
chr1:165768467:G:C,rs2790053,ENSG00000143183,TMCO1,sQTL,Muscle_Skeletal,enloc,0.1058,True,True,False
chr17:47617876:AT:A,rs1348518145,ENSG00000198933,TBKBP1,eQTL,Colon_Transverse,enloc,0.1053,True,True,False
chr17:47617876:AT:A,rs1348518145,ENSG00000198933,TBKBP1,eQTL,Colon_Transverse,enloc,0.1053,True,True,False
chr17:47617876:AT:A,rs1348518145,ENSG00000198933,TBKBP1,eQTL,Colon_Transverse,enloc,0.1053,True,True,False
chr9:133255801:C:T,rs8176749,ENSG00000175164,ABO,sQTL,Lung,enloc,0.1049,True,True,False
chr9:133255801:C:T,rs8176749,ENSG00000175164,ABO,sQTL,Lung,enloc,0.1049,True,True,False
chr9:133255801:C:T,rs8176749,ENSG00000175164,ABO,sQTL,Lung,enloc,0.1049,True,True,False
chr9:133255801:C:T,rs8176749,ENSG00000175164,ABO,sQTL,Lung,enloc,0.1049,True,True,False
chr9:133255801:C:T,rs8176749,ENSG00000175164,ABO,sQTL,Lung,enloc,0.1049,True,True,False
chr9:133255801:C:T,rs8176749,ENSG00000175164,ABO,sQTL,Lung,enloc,0.1049,True,True,False
chr9:133255801:C:T,rs8176749,ENSG00000175164,ABO,sQTL,Lung,enloc,0.1049,True,True,False
chr9:133255801:C:T,rs8176749,ENSG00000175164,ABO,sQTL,Lung,enloc,0.1049,True,True,False
chr9:133255801:C:T,rs8176749,ENSG00000175164,ABO,eQTL,Prostate,enloc,0.102,True,True,False
chr9:133255801:C:T,rs8176749,ENSG00000175164,ABO,eQTL,Prostate,enloc,0.102,True,True,False
chr9:133255801:C:T,rs8176749,ENSG00000175164,ABO,eQTL,Prostate,enloc,0.102,True,True,False
chr9:133255801:C:T,rs8176749,ENSG00000175164,ABO,eQTL,Prostate,enloc,0.102,True,True,False
chr9:133255801:C:T,rs8176749,ENSG00000175164,ABO,eQTL,Prostate,enloc,0.102,True,True,False
chr9:133255801:C:T,rs8176749,ENSG00000175164,ABO,eQTL,Prostate,enloc,0.102,True,True,False
chr9:133255801:C:T,rs8176749,ENSG00000175164,ABO,eQTL,Prostate,enloc,0.102,True,True,False
chr9:133255801:C:T,rs8176749,ENSG00000175164,ABO,eQTL,Prostate,enloc,0.102,True,True,False
chr11:86657064:C:T,rs10792871,ENSG00000151376,ME3,eQTL,Esophagus_Muscularis,enloc,0.1006,True,True,False
chr11:86657064:C:T,rs10792871,ENSG00000151376,ME3,eQTL,Esophagus_Muscularis,enloc,0.1006,True,True,False
chr11:86657064:C:T,rs10792871,ENSG00000151376,ME3,eQTL,Esophagus_Muscularis,enloc,0.1006,True,True,False
chr11:86657064:C:T,rs10792871,ENSG00000151376,ME3,eQTL,Esophagus_Muscularis,enloc,0.1006,True,True,False
chr5:14814774:G:A,rs31916,ENSG00000154122,ANKH,sQTL,Breast_Mammary_Tissue,enloc,1,False,False,False
chr5:14814774:G:A,rs31916,ENSG00000154122,ANKH,sQTL,Colon_Transverse,enloc,1,False,False,False
chr1:112699500:G:T,rs1106287,ENSG00000155367,PPM1J,sQTL,Skin_Not_Sun_Exposed_Suprapubic,enloc,1,False,False,False
chr1:112699500:G:T,rs1106287,ENSG00000155366,RHOC,sQTL,Adipose_Visceral_Omentum,enloc,1,False,False,False
chr1:112699500:G:T,rs1106287,ENSG00000155366,RHOC,sQTL,Skin_Not_Sun_Exposed_Suprapubic,enloc,1,False,False,False
chr5:14814774:G:A,rs31916,ENSG00000154122,ANKH,sQTL,Adipose_Visceral_Omentum,enloc,0.9999,False,False,False
chr5:14814774:G:A,rs31916,ENSG00000154122,ANKH,sQTL,Colon_Sigmoid,enloc,0.9999,False,False,False
chr5:14814774:G:A,rs31916,ENSG00000154122,ANKH,sQTL,Prostate,enloc,0.9999,False,False,False
chr5:14814774:G:A,rs31916,ENSG00000154122,ANKH,sQTL,Thyroid,enloc,0.9999,False,False,False
chr5:14814774:G:A,rs31916,ENSG00000154122,ANKH,sQTL,Spleen,enloc,0.9999,False,False,False
chr1:112699500:G:T,rs1106287,ENSG00000155367,PPM1J,sQTL,Skin_Not_Sun_Exposed_Suprapubic,enloc,0.9999,False,False,False
chr1:112699500:G:T,rs1106287,ENSG00000155367,PPM1J,sQTL,Skin_Sun_Exposed_Lower_leg,enloc,0.9999,False,False,False
chr1:112699500:G:T,rs1106287,ENSG00000155366,RHOC,sQTL,Breast_Mammary_Tissue,enloc,0.9999,False,False,False
chr1:112699500:G:T,rs1106287,ENSG00000155366,RHOC,sQTL,Breast_Mammary_Tissue,enloc,0.9999,False,False,False
chr1:112699500:G:T,rs1106287,ENSG00000155366,RHOC,sQTL,Adipose_Visceral_Omentum,enloc,0.9999,False,False,False
chr1:112699500:G:T,rs1106287,ENSG00000155366,RHOC,sQTL,Brain_Nucleus_accumbens_basal_ganglia,enloc,0.9999,False,False,False
chr1:112699500:G:T,rs1106287,ENSG00000155366,RHOC,sQTL,Adipose_Subcutaneous,enloc,0.9999,False,False,False
chr1:112699500:G:T,rs1106287,ENSG00000155366,RHOC,sQTL,Nerve_Tibial,enloc,0.9999,False,False,False
chr1:112699500:G:T,rs1106287,ENSG00000155366,RHOC,sQTL,Skin_Not_Sun_Exposed_Suprapubic,enloc,0.9999,False,False,False
chr1:112699500:G:T,rs1106287,ENSG00000155366,RHOC,sQTL,Artery_Tibial,enloc,0.9999,False,False,False
chr1:112699500:G:T,rs1106287,ENSG00000155366,RHOC,sQTL,Stomach,enloc,0.9999,False,False,False
chr1:112699500:G:T,rs1106287,ENSG00000155366,RHOC,sQTL,Thyroid,enloc,0.9999,False,False,False
chr1:112699500:G:T,rs1106287,ENSG00000155366,RHOC,sQTL,Skin_Sun_Exposed_Lower_leg,enloc,0.9999,False,False,False
chr1:112699500:G:T,rs1106287,ENSG00000155366,RHOC,sQTL,Esophagus_Gastroesophageal_Junction,enloc,0.9999,False,False,False
chr11:130412183:C:T,rs2875238,ENSG00000175773,RP11-121M22.1,sQTL,Testis,enloc,0.9999,False,False,False
chr5:14814774:G:A,rs31916,ENSG00000154122,ANKH,sQTL,Liver,enloc,0.9998,False,False,False
chr5:14814774:G:A,rs31916,ENSG00000154122,ANKH,sQTL,Cells_Cultured_fibroblasts,enloc,0.9998,False,False,False
chr5:14814774:G:A,rs31916,ENSG00000154122,ANKH,sQTL,Whole_Blood,enloc,0.9998,False,False,False
chr1:112699500:G:T,rs1106287,ENSG00000155366,RHOC,sQTL,Brain_Caudate_basal_ganglia,enloc,0.9998,False,False,False
chr1:112699500:G:T,rs1106287,ENSG00000155366,RHOC,sQTL,Minor_Salivary_Gland,enloc,0.9998,False,False,False
chr1:112699500:G:T,rs1106287,ENSG00000155366,RHOC,sQTL,Artery_Tibial,enloc,0.9998,False,False,False
chr1:112699500:G:T,rs1106287,ENSG00000155366,RHOC,sQTL,Stomach,enloc,0.9998,False,False,False
chr1:112699500:G:T,rs1106287,ENSG00000155366,RHOC,sQTL,Whole_Blood,enloc,0.9998,False,False,False
chr1:112699500:G:T,rs1106287,ENSG00000155367,PPM1J,sQTL,Muscle_Skeletal,enloc,0.9997,False,False,False
chr1:112699500:G:T,rs1106287,ENSG00000155366,RHOC,sQTL,Artery_Aorta,enloc,0.9997,False,False,False
chr1:112699500:G:T,rs1106287,ENSG00000155366,RHOC,sQTL,Artery_Aorta,enloc,0.9997,False,False,False
chr1:112699500:G:T,rs1106287,ENSG00000155366,RHOC,sQTL,Colon_Sigmoid,enloc,0.9997,False,False,False
chr1:112699500:G:T,rs1106287,ENSG00000155366,RHOC,sQTL,Muscle_Skeletal,enloc,0.9997,False,False,False
chr1:112699500:G:T,rs1106287,ENSG00000155366,RHOC,sQTL,Muscle_Skeletal,enloc,0.9997,False,False,False
chr1:112699500:G:T,rs1106287,ENSG00000155366,RHOC,sQTL,Adipose_Subcutaneous,enloc,0.9996,False,False,False
chr1:112699500:G:T,rs1106287,ENSG00000155366,RHOC,sQTL,Esophagus_Muscularis,enloc,0.9996,False,False,False
chr1:112699500:G:T,rs1106287,ENSG00000155366,RHOC,sQTL,Artery_Coronary,enloc,0.9995,False,False,False
chr1:112699500:G:T,rs1106287,ENSG00000155366,RHOC,sQTL,Breast_Mammary_Tissue,enloc,0.9995,False,False,False
chr1:112699500:G:T,rs1106287,ENSG00000155366,RHOC,sQTL,Pancreas,enloc,0.9995,False,False,False
chr1:112699500:G:T,rs1106287,ENSG00000155366,RHOC,sQTL,Cells_Cultured_fibroblasts,enloc,0.9995,False,False,False
chr1:112699500:G:T,rs1106287,ENSG00000155366,RHOC,sQTL,Thyroid,enloc,0.9995,False,False,False
chr1:112699500:G:T,rs1106287,ENSG00000155367,PPM1J,sQTL,Skin_Sun_Exposed_Lower_leg,enloc,0.9994,False,False,False
chr1:112699500:G:T,rs1106287,ENSG00000155366,RHOC,sQTL,Artery_Coronary,enloc,0.9994,False,False,False
chr1:112699500:G:T,rs1106287,ENSG00000155366,RHOC,sQTL,Adipose_Subcutaneous,enloc,0.9994,False,False,False
chr1:112699500:G:T,rs1106287,ENSG00000155366,RHOC,sQTL,Esophagus_Mucosa,enloc,0.9994,False,False,False
chr1:112699500:G:T,rs1106287,ENSG00000155366,RHOC,sQTL,Artery_Tibial,enloc,0.9994,False,False,False
chr1:112699500:G:T,rs1106287,ENSG00000155366,RHOC,sQTL,Cells_Cultured_fibroblasts,enloc,0.9994,False,False,False
chr1:112699500:G:T,rs1106287,ENSG00000155366,RHOC,sQTL,Cells_Cultured_fibroblasts,enloc,0.9994,False,False,False
chr1:112699500:G:T,rs1106287,ENSG00000155366,RHOC,sQTL,Prostate,enloc,0.9994,False,False,False
chr1:112699500:G:T,rs1106287,ENSG00000155366,RHOC,sQTL,Skin_Sun_Exposed_Lower_leg,enloc,0.9994,False,False,False
chr1:112699500:G:T,rs1106287,ENSG00000155366,RHOC,sQTL,Brain_Nucleus_accumbens_basal_ganglia,enloc,0.9993,False,False,False
chr9:133255801:C:T,rs8176749,ENSG00000175164,ABO,sQTL,Thyroid,enloc,0.9992,False,False,False
chr1:112699500:G:T,rs1106287,ENSG00000155366,RHOC,sQTL,Nerve_Tibial,enloc,0.9992,False,False,False
chr1:112699500:G:T,rs1106287,ENSG00000155366,RHOC,sQTL,Esophagus_Muscularis,enloc,0.9992,False,False,False
chr1:112699500:G:T,rs1106287,ENSG00000155366,RHOC,sQTL,Colon_Transverse,enloc,0.9991,False,False,False
chr1:112699500:G:T,rs1106287,ENSG00000155366,RHOC,sQTL,Colon_Transverse,enloc,0.9991,False,False,False
chr1:112699500:G:T,rs1106287,ENSG00000155366,RHOC,sQTL,Esophagus_Gastroesophageal_Junction,enloc,0.9991,False,False,False
chr5:14814774:G:A,rs31916,ENSG00000154122,ANKH,sQTL,Artery_Coronary,enloc,0.999,False,False,False
chr1:112699500:G:T,rs1106287,ENSG00000155366,RHOC,sQTL,Esophagus_Muscularis,enloc,0.999,False,False,False
chr1:112699500:G:T,rs1106287,ENSG00000155366,RHOC,sQTL,Thyroid,enloc,0.999,False,False,False
chr1:112699500:G:T,rs1106287,ENSG00000155366,RHOC,sQTL,Ovary,enloc,0.9989,False,False,False
chr1:112699500:G:T,rs1106287,ENSG00000155366,RHOC,sQTL,Brain_Caudate_basal_ganglia,enloc,0.9988,False,False,False
chr1:112699500:G:T,rs1106287,ENSG00000155366,RHOC,sQTL,Colon_Transverse,enloc,0.9988,False,False,False
chr1:112699500:G:T,rs1106287,ENSG00000155366,RHOC,sQTL,Brain_Putamen_basal_ganglia,enloc,0.9988,False,False,False
chr1:112699500:G:T,rs1106287,ENSG00000155366,RHOC,sQTL,Adrenal_Gland,enloc,0.9987,False,False,False
chr1:112699500:G:T,rs1106287,ENSG00000155366,RHOC,sQTL,Heart_Left_Ventricle,enloc,0.9987,False,False,False
chr1:112699500:G:T,rs1106287,ENSG00000155366,RHOC,sQTL,Spleen,enloc,0.9987,False,False,False
chr1:112699500:G:T,rs1106287,ENSG00000155366,RHOC,sQTL,Heart_Atrial_Appendage,enloc,0.9986,False,False,False
chr1:112699500:G:T,rs1106287,ENSG00000155366,RHOC,sQTL,Colon_Sigmoid,enloc,0.9985,False,False,False
chr1:112699500:G:T,rs1106287,ENSG00000155366,RHOC,sQTL,Ovary,enloc,0.9985,False,False,False
chr1:112699500:G:T,rs1106287,ENSG00000155366,RHOC,sQTL,Brain_Caudate_basal_ganglia,enloc,0.9984,False,False,False
chr5:14814774:G:A,rs31916,ENSG00000154122,ANKH,sQTL,Small_Intestine_Terminal_Ileum,enloc,0.9983,False,False,False
chr1:112699500:G:T,rs1106287,ENSG00000155366,RHOC,sQTL,Pituitary,enloc,0.9983,False,False,False
chr5:14814774:G:A,rs31916,ENSG00000154122,ANKH,sQTL,Pancreas,enloc,0.9982,False,False,False
chr1:112699500:G:T,rs1106287,ENSG00000155366,RHOC,sQTL,Vagina,enloc,0.9981,False,False,False
chr1:112699500:G:T,rs1106287,ENSG00000155366,RHOC,sQTL,Esophagus_Mucosa,enloc,0.9979,False,False,False
chr1:112699500:G:T,rs1106287,ENSG00000155366,RHOC,sQTL,Brain_Amygdala,enloc,0.9978,False,False,False
chr1:112699500:G:T,rs1106287,ENSG00000155366,RHOC,sQTL,Uterus,enloc,0.9978,False,False,False
chr1:112699500:G:T,rs1106287,ENSG00000155366,RHOC,sQTL,Artery_Aorta,enloc,0.9978,False,False,False
chr1:112699500:G:T,rs1106287,ENSG00000155366,RHOC,sQTL,Spleen,enloc,0.9972,False,False,False
chr14:75905315:G:C,rs4903352,ENSG00000119685,TTLL5,sQTL,Testis,enloc,0.9972,False,False,False
chr1:112699500:G:T,rs1106287,ENSG00000155366,RHOC,sQTL,Prostate,enloc,0.9971,False,False,False
chr1:112699500:G:T,rs1106287,ENSG00000155366,RHOC,sQTL,Heart_Left_Ventricle,enloc,0.9971,False,False,False
chr1:112699500:G:T,rs1106287,ENSG00000155366,RHOC,sQTL,Brain_Putamen_basal_ganglia,enloc,0.9968,False,False,False
chr1:112699500:G:T,rs1106287,ENSG00000155366,RHOC,sQTL,Brain_Nucleus_accumbens_basal_ganglia,enloc,0.9967,False,False,False
chr1:112699500:G:T,rs1106287,ENSG00000155366,RHOC,sQTL,Esophagus_Mucosa,enloc,0.9962,False,False,False
chr1:112699500:G:T,rs1106287,ENSG00000155366,RHOC,sQTL,Brain_Hippocampus,enloc,0.9939,False,False,False
chr1:112699500:G:T,rs1106287,ENSG00000155366,RHOC,sQTL,Whole_Blood,enloc,0.9937,False,False,False
chr1:112699500:G:T,rs1106287,ENSG00000155366,RHOC,sQTL,Brain_Anterior_cingulate_cortex_BA24,enloc,0.9932,False,False,False
chr1:112699500:G:T,rs1106287,ENSG00000155366,RHOC,sQTL,Brain_Hypothalamus,enloc,0.993,False,False,False
chr1:112699500:G:T,rs1106287,ENSG00000155366,RHOC,sQTL,Brain_Hypothalamus,enloc,0.993,False,False,False
chr1:112699500:G:T,rs1106287,ENSG00000155366,RHOC,sQTL,Heart_Atrial_Appendage,enloc,0.992,False,False,False
chr1:112699500:G:T,rs1106287,ENSG00000155367,PPM1J,sQTL,Skin_Not_Sun_Exposed_Suprapubic,enloc,0.9917,False,False,False
chr1:112699500:G:T,rs1106287,ENSG00000155366,RHOC,sQTL,Skin_Not_Sun_Exposed_Suprapubic,enloc,0.9917,False,False,False
chr1:112699500:G:T,rs1106287,ENSG00000155366,RHOC,sQTL,Brain_Cortex,enloc,0.9888,False,False,False
chr1:112699500:G:T,rs1106287,ENSG00000155366,RHOC,sQTL,Minor_Salivary_Gland,enloc,0.9886,False,False,False
chr1:112699500:G:T,rs1106287,ENSG00000155366,RHOC,sQTL,Brain_Anterior_cingulate_cortex_BA24,enloc,0.9879,False,False,False
chr1:112699500:G:T,rs1106287,ENSG00000155366,RHOC,sQTL,Heart_Atrial_Appendage,enloc,0.9877,False,False,False
chr1:112699500:G:T,rs1106287,ENSG00000155366,RHOC,sQTL,Adrenal_Gland,enloc,0.9876,False,False,False
chr1:112699500:G:T,rs1106287,ENSG00000155366,RHOC,sQTL,Brain_Amygdala,enloc,0.9876,False,False,False
chr1:112699500:G:T,rs1106287,ENSG00000155366,RHOC,sQTL,Nerve_Tibial,enloc,0.987,False,False,False
chr1:112699500:G:T,rs1106287,ENSG00000155367,PPM1J,sQTL,Testis,enloc,0.9868,False,False,False
chr1:112699500:G:T,rs1106287,ENSG00000155366,RHOC,sQTL,Testis,enloc,0.9868,False,False,False
chr1:112699500:G:T,rs1106287,ENSG00000155366,RHOC,sQTL,Heart_Left_Ventricle,enloc,0.9849,False,False,False
chr1:112699500:G:T,rs1106287,ENSG00000155366,RHOC,sQTL,Pituitary,enloc,0.9841,False,False,False
chr1:112699500:G:T,rs1106287,ENSG00000155366,RHOC,sQTL,Esophagus_Muscularis,enloc,0.9806,False,False,False
chr1:112699500:G:T,rs1106287,ENSG00000155366,RHOC,sQTL,Vagina,enloc,0.9799,False,False,False
chr1:112699500:G:T,rs1106287,ENSG00000155366,RHOC,sQTL,Brain_Amygdala,enloc,0.9788,False,False,False
chr7:116522252:T:A,rs10257125,ENSG00000243243,AC073130.3,sQTL,Thyroid,enloc,0.9787,False,False,False
chr1:112699500:G:T,rs1106287,ENSG00000155367,PPM1J,sQTL,Skin_Sun_Exposed_Lower_leg,enloc,0.9779,False,False,False
chr1:112699500:G:T,rs1106287,ENSG00000155366,RHOC,sQTL,Skin_Sun_Exposed_Lower_leg,enloc,0.9779,False,False,False
chr1:112699500:G:T,rs1106287,ENSG00000155366,RHOC,sQTL,Brain_Cortex,enloc,0.9774,False,False,False
chr7:116522252:T:A,rs10257125,ENSG00000243243,AC073130.3,sQTL,Nerve_Tibial,enloc,0.9772,False,False,False
chr1:112699500:G:T,rs1106287,ENSG00000155366,RHOC,sQTL,Artery_Coronary,enloc,0.9763,False,False,False
chr11:120327384:G:A,rs1893261,ENSG00000196914,ARHGEF12,sQTL,Adrenal_Gland,enloc,0.9743,False,False,False
chr9:133255801:C:T,rs8176749,ENSG00000175164,ABO,sQTL,Adrenal_Gland,enloc,0.9741,False,False,False
chr1:112699500:G:T,rs1106287,ENSG00000155366,RHOC,sQTL,Brain_Frontal_Cortex_BA9,enloc,0.9737,False,False,False
chr1:112699500:G:T,rs1106287,ENSG00000155366,RHOC,sQTL,Esophagus_Gastroesophageal_Junction,enloc,0.9714,False,False,False
chr7:116522252:T:A,rs10257125,ENSG00000243243,AC073130.3,sQTL,Artery_Tibial,enloc,0.9713,False,False,False
chr11:120327384:G:A,rs1893261,ENSG00000149403,GRIK4,eQTL,Heart_Atrial_Appendage,enloc,0.9705,False,False,False
chr1:112699500:G:T,rs1106287,ENSG00000155366,RHOC,sQTL,Adrenal_Gland,enloc,0.9693,False,False,False
chr1:112699500:G:T,rs1106287,ENSG00000155366,RHOC,sQTL,Colon_Sigmoid,enloc,0.9674,False,False,False
chr1:112699500:G:T,rs1106287,ENSG00000155366,RHOC,sQTL,Stomach,enloc,0.9617,False,False,False
chr1:112699500:G:T,rs1106287,ENSG00000155366,RHOC,sQTL,Brain_Substantia_nigra,enloc,0.9617,False,False,False
chr1:112699500:G:T,rs1106287,ENSG00000155366,RHOC,sQTL,Small_Intestine_Terminal_Ileum,enloc,0.9609,False,False,False
chr1:112699500:G:T,rs1106287,ENSG00000155366,RHOC,sQTL,Brain_Frontal_Cortex_BA9,enloc,0.9565,False,False,False
chr1:112699500:G:T,rs1106287,ENSG00000155366,RHOC,sQTL,Uterus,enloc,0.9538,False,False,False
chr1:112699500:G:T,rs1106287,ENSG00000155367,PPM1J,sQTL,Testis,enloc,0.9494,False,False,False
chr1:112699500:G:T,rs1106287,ENSG00000155366,RHOC,sQTL,Testis,enloc,0.9494,False,False,False
chr1:112699500:G:T,rs1106287,ENSG00000155367,PPM1J,sQTL,Testis,enloc,0.9451,False,False,False
chr1:112699500:G:T,rs1106287,ENSG00000155366,RHOC,sQTL,Testis,enloc,0.9451,False,False,False
chr1:171636338:G:A,rs74315329,ENSG00000197959,DNM3,eQTL,Nerve_Tibial,enloc,0.9449,False,False,False
chr1:112699500:G:T,rs1106287,ENSG00000155366,RHOC,sQTL,Adipose_Visceral_Omentum,enloc,0.9405,False,False,False
chr9:133255801:C:T,rs8176749,ENSG00000175164,ABO,sQTL,Lung,enloc,0.9355,False,False,False
chr7:116522252:T:A,rs10257125,ENSG00000243243,AC073130.3,sQTL,Thyroid,enloc,0.9315,False,False,False
chr1:112699500:G:T,rs1106287,ENSG00000155366,RHOC,sQTL,Brain_Hypothalamus,enloc,0.9308,False,False,False
chr1:112699500:G:T,rs1106287,ENSG00000155367,PPM1J,sQTL,Brain_Cerebellum,enloc,0.9176,False,False,False
chr1:112699500:G:T,rs1106287,ENSG00000155366,RHOC,sQTL,Brain_Cerebellum,enloc,0.9176,False,False,False
chr1:112699500:G:T,rs1106287,ENSG00000155366,RHOC,sQTL,Brain_Frontal_Cortex_BA9,enloc,0.9155,False,False,False
chr1:112699500:G:T,rs1106287,ENSG00000155366,RHOC,sQTL,Prostate,enloc,0.9068,False,False,False
chr1:112699500:G:T,rs1106287,ENSG00000155366,RHOC,sQTL,Brain_Putamen_basal_ganglia,enloc,0.8917,False,False,False
chr1:112699500:G:T,rs1106287,ENSG00000155366,RHOC,sQTL,Esophagus_Mucosa,enloc,0.8674,False,False,False
chr16:65033540:C:T,rs12447201,ENSG00000259847,LINC02126,eQTL,Ovary,enloc,0.8534,False,False,False
chr1:112699500:G:T,rs1106287,ENSG00000155366,RHOC,sQTL,Uterus,enloc,0.8066,False,False,False
chr1:112699500:G:T,rs1106287,ENSG00000155366,RHOC,sQTL,Brain_Spinal_cord_cervical_c-1,enloc,0.7948,False,False,False
chr9:133255801:C:T,rs8176749,ENSG00000175164,ABO,sQTL,Skin_Sun_Exposed_Lower_leg,enloc,0.7869,False,False,False
chr9:133255801:C:T,rs8176749,ENSG00000175164,ABO,sQTL,Skin_Sun_Exposed_Lower_leg,enloc,0.7869,False,False,False
chr9:133255801:C:T,rs8176749,ENSG00000175164,ABO,sQTL,Thyroid,enloc,0.778,False,False,False
chr9:133255801:C:T,rs8176749,ENSG00000175164,ABO,sQTL,Skin_Not_Sun_Exposed_Suprapubic,enloc,0.7641,False,False,False
chr14:75905315:G:C,rs4903352,ENSG00000119685,TTLL5,sQTL,Testis,enloc,0.7615,False,False,False
chr1:112699500:G:T,rs1106287,ENSG00000155367,PPM1J,sQTL,Brain_Cerebellar_Hemisphere,enloc,0.7549,False,False,False
chr1:112699500:G:T,rs1106287,ENSG00000155366,RHOC,sQTL,Brain_Cerebellar_Hemisphere,enloc,0.7549,False,False,False
chr9:133255801:C:T,rs8176749,ENSG00000175164,ABO,sQTL,Esophagus_Mucosa,enloc,0.7531,False,False,False
chr9:133255801:C:T,rs8176749,ENSG00000175164,ABO,sQTL,Thyroid,enloc,0.7319,False,False,False
chr1:112699500:G:T,rs1106287,ENSG00000155366,RHOC,sQTL,Nerve_Tibial,enloc,0.7101,False,False,False
chr1:112699500:G:T,rs1106287,ENSG00000155367,PPM1J,sQTL,Muscle_Skeletal,enloc,0.7022,False,False,False
chr1:112699500:G:T,rs1106287,ENSG00000155366,RHOC,sQTL,Muscle_Skeletal,enloc,0.7022,False,False,False
chr1:112699500:G:T,rs1106287,ENSG00000155366,RHOC,sQTL,Muscle_Skeletal,enloc,0.7022,False,False,False
chr11:120327384:G:A,rs1893261,ENSG00000149403,GRIK4,eQTL,Thyroid,enloc,0.7016,False,False,False
chr9:126628521:C:T,rs3829849,ENSG00000136944,LMX1B,eQTL,Artery_Tibial,enloc,0.6955,False,False,False
chr1:112699500:G:T,rs1106287,ENSG00000155366,RHOC,sQTL,Spleen,enloc,0.6786,False,False,False
chr17:47617876:AT:A,rs1348518145,ENSG00000228782,MRPL45P2,sQTL,Cells_Cultured_fibroblasts,enloc,0.6711,False,False,False
chr1:112699500:G:T,rs1106287,ENSG00000155366,RHOC,sQTL,Cells_EBV-transformed_lymphocytes,enloc,0.669,False,False,False
chr9:104933258:C:T,rs2472494,ENSG00000165029,ABCA1,eQTL,Brain_Hippocampus,enloc,0.6398,False,False,False
chr1:112699500:G:T,rs1106287,ENSG00000155366,RHOC,sQTL,Brain_Putamen_basal_ganglia,enloc,0.6068,False,False,False
chr9:133255801:C:T,rs8176749,ENSG00000175164,ABO,sQTL,Nerve_Tibial,enloc,0.5843,False,False,False
chr1:112699500:G:T,rs1106287,ENSG00000155366,RHOC,sQTL,Small_Intestine_Terminal_Ileum,enloc,0.5794,False,False,False
chr9:133255801:C:T,rs8176749,ENSG00000175164,ABO,sQTL,Adrenal_Gland,enloc,0.5775,False,False,False
chr1:112699500:G:T,rs1106287,ENSG00000155366,RHOC,sQTL,Lung,enloc,0.5771,False,False,False
chr11:120327384:G:A,rs1893261,ENSG00000149403,GRIK4,eQTL,Esophagus_Muscularis,enloc,0.5733,False,False,False
chr9:133255801:C:T,rs8176749,ENSG00000175164,ABO,sQTL,Thyroid,enloc,0.5596,False,False,False
chr1:112699500:G:T,rs1106287,ENSG00000155366,RHOC,sQTL,Stomach,enloc,0.5535,False,False,False
chr9:133255801:C:T,rs8176749,ENSG00000175164,ABO,sQTL,Colon_Transverse,enloc,0.5474,False,False,False
chr6:134051012:G:C,rs2811688,ENSG00000146411,SLC2A12,eQTL,Artery_Coronary,enloc,0.5406,False,False,False
chr1:112699500:G:T,rs1106287,ENSG00000155366,RHOC,sQTL,Cells_EBV-transformed_lymphocytes,enloc,0.5388,False,False,False
chr9:133255801:C:T,rs8176749,ENSG00000175164,ABO,sQTL,Testis,enloc,0.5272,False,False,False
chr1:112699500:G:T,rs1106287,ENSG00000155366,RHOC,sQTL,Artery_Tibial,enloc,0.527,False,False,False
chr1:112699500:G:T,rs1106287,ENSG00000155367,PPM1J,sQTL,Skin_Not_Sun_Exposed_Suprapubic,enloc,0.5192,False,False,False
chr1:112699500:G:T,rs1106287,ENSG00000155366,RHOC,sQTL,Skin_Not_Sun_Exposed_Suprapubic,enloc,0.5192,False,False,False
chr5:14814774:G:A,rs31916,ENSG00000154122,ANKH,sQTL,Prostate,enloc,0.5111,False,False,False
chr16:65033540:C:T,rs12447201,ENSG00000259847,LINC02126,eQTL,Adipose_Subcutaneous,enloc,0.4971,False,False,False
chr9:133255801:C:T,rs8176749,ENSG00000175164,ABO,sQTL,Breast_Mammary_Tissue,enloc,0.492,False,False,False
chr9:133255801:C:T,rs8176749,ENSG00000175164,ABO,sQTL,Breast_Mammary_Tissue,enloc,0.492,False,False,False
chr5:14814774:G:A,rs31916,ENSG00000154122,ANKH,sQTL,Cells_EBV-transformed_lymphocytes,enloc,0.4866,False,False,False
chr9:133255801:C:T,rs8176749,ENSG00000175164,ABO,eQTL,Adipose_Visceral_Omentum,enloc,0.4811,False,False,False
chr3:150347493:C:T,rs11710845,ENSG00000196428,TSC22D2,eQTL,Esophagus_Mucosa,enloc,0.4789,False,False,False
chr1:112699500:G:T,rs1106287,ENSG00000007341,ST7L,sQTL,Cells_Cultured_fibroblasts,enloc,0.4736,False,False,False
chr1:112699500:G:T,rs1106287,ENSG00000007341,ST7L,sQTL,Cells_Cultured_fibroblasts,enloc,0.4736,False,False,False
chr1:112699500:G:T,rs1106287,ENSG00000007341,ST7L,sQTL,Cells_Cultured_fibroblasts,enloc,0.4718,False,False,False
chr1:112699500:G:T,rs1106287,ENSG00000007341,ST7L,sQTL,Cells_Cultured_fibroblasts,enloc,0.4718,False,False,False
chr9:133255801:C:T,rs8176749,ENSG00000175164,ABO,sQTL,Thyroid,enloc,0.4664,False,False,False
chr9:133255801:C:T,rs8176749,ENSG00000175164,ABO,sQTL,Thyroid,enloc,0.4664,False,False,False
chr22:28712241:G:A,rs5752776,ENSG00000183765,CHEK2,sQTL,Liver,enloc,0.4651,False,False,False
chr1:112699500:G:T,rs1106287,ENSG00000155366,RHOC,sQTL,Liver,enloc,0.4639,False,False,False
chr9:133255801:C:T,rs8176749,ENSG00000175164,ABO,sQTL,Lung,enloc,0.4628,False,False,False
chr9:133255801:C:T,rs8176749,ENSG00000175164,ABO,eQTL,Heart_Left_Ventricle,enloc,0.4611,False,False,False
chr1:112699500:G:T,rs1106287,ENSG00000007341,ST7L,sQTL,Testis,enloc,0.4605,False,False,False
chr1:112699500:G:T,rs1106287,ENSG00000007341,ST7L,sQTL,Testis,enloc,0.4605,False,False,False
chr1:112699500:G:T,rs1106287,ENSG00000007341,ST7L,sQTL,Testis,enloc,0.4598,False,False,False
chr1:112699500:G:T,rs1106287,ENSG00000007341,ST7L,sQTL,Testis,enloc,0.4598,False,False,False
chr9:133255801:C:T,rs8176749,ENSG00000175164,ABO,eQTL,Esophagus_Muscularis,enloc,0.4587,False,False,False
chr9:133255801:C:T,rs8176749,ENSG00000175164,ABO,sQTL,Adipose_Visceral_Omentum,enloc,0.4556,False,False,False
chr1:112699500:G:T,rs1106287,ENSG00000155367,PPM1J,sQTL,Testis,enloc,0.4524,False,False,False
chr1:112699500:G:T,rs1106287,ENSG00000155366,RHOC,sQTL,Testis,enloc,0.4524,False,False,False
chr9:133255801:C:T,rs8176749,ENSG00000175164,ABO,eQTL,Heart_Atrial_Appendage,enloc,0.4489,False,False,False
chr11:128510847:C:A,rs7924522,ENSG00000151702,FLI1,eQTL,Brain_Hippocampus,enloc,0.4473,False,False,False
chr9:133255801:C:T,rs8176749,ENSG00000175164,ABO,sQTL,Adipose_Subcutaneous,enloc,0.4428,False,False,False
chr9:133255801:C:T,rs8176749,ENSG00000175164,ABO,sQTL,Adipose_Subcutaneous,enloc,0.4428,False,False,False
chr1:112699500:G:T,rs1106287,ENSG00000155366,RHOC,sQTL,Pancreas,enloc,0.4298,False,False,False
chr11:130412183:C:T,rs2875238,ENSG00000134917,ADAMTS8,sQTL,Artery_Tibial,enloc,0.4203,False,False,False
chr1:171636338:G:A,rs74315329,ENSG00000135845,PIGC,sQTL,Heart_Left_Ventricle,enloc,0.4138,False,False,False
chr1:112699500:G:T,rs1106287,ENSG00000155366,RHOC,sQTL,Cells_Cultured_fibroblasts,enloc,0.4065,False,False,False
chr1:112699500:G:T,rs1106287,ENSG00000155366,RHOC,sQTL,Cells_Cultured_fibroblasts,enloc,0.4065,False,False,False
chr1:112699500:G:T,rs1106287,ENSG00000007341,ST7L,sQTL,Brain_Nucleus_accumbens_basal_ganglia,enloc,0.4016,False,False,False
chr1:112699500:G:T,rs1106287,ENSG00000007341,ST7L,sQTL,Adipose_Subcutaneous,enloc,0.399,False,False,False
chr1:112699500:G:T,rs1106287,ENSG00000007341,ST7L,sQTL,Adipose_Subcutaneous,enloc,0.399,False,False,False
chr1:112699500:G:T,rs1106287,ENSG00000007341,ST7L,sQTL,Adipose_Subcutaneous,enloc,0.399,False,False,False
chr1:112699500:G:T,rs1106287,ENSG00000007341,ST7L,sQTL,Adipose_Subcutaneous,enloc,0.399,False,False,False
chr11:120327384:G:A,rs1893261,ENSG00000181264,TMEM136,eQTL,Artery_Tibial,enloc,0.3961,False,False,False
chr9:133255801:C:T,rs8176749,ENSG00000175164,ABO,eQTL,Artery_Tibial,enloc,0.3936,False,False,False
chr1:112699500:G:T,rs1106287,ENSG00000155366,RHOC,sQTL,Brain_Putamen_basal_ganglia,enloc,0.3864,False,False,False
chr9:104933258:C:T,rs2472494,ENSG00000165029,ABCA1,eQTL,Artery_Coronary,enloc,0.3741,False,False,False
chr1:112699500:G:T,rs1106287,ENSG00000007341,ST7L,sQTL,Skin_Sun_Exposed_Lower_leg,enloc,0.3737,False,False,False
chr1:112699500:G:T,rs1106287,ENSG00000007341,ST7L,sQTL,Skin_Sun_Exposed_Lower_leg,enloc,0.3737,False,False,False
chr1:112699500:G:T,rs1106287,ENSG00000007341,ST7L,sQTL,Skin_Sun_Exposed_Lower_leg,enloc,0.3737,False,False,False
chr1:112699500:G:T,rs1106287,ENSG00000007341,ST7L,sQTL,Skin_Sun_Exposed_Lower_leg,enloc,0.3737,False,False,False
chr1:112699500:G:T,rs1106287,ENSG00000007341,ST7L,sQTL,Skin_Sun_Exposed_Lower_leg,enloc,0.3726,False,False,False
chr1:112699500:G:T,rs1106287,ENSG00000007341,ST7L,sQTL,Skin_Sun_Exposed_Lower_leg,enloc,0.3726,False,False,False
chr1:112699500:G:T,rs1106287,ENSG00000007341,ST7L,sQTL,Skin_Sun_Exposed_Lower_leg,enloc,0.3726,False,False,False
chr1:112699500:G:T,rs1106287,ENSG00000007341,ST7L,sQTL,Skin_Sun_Exposed_Lower_leg,enloc,0.3726,False,False,False
chr17:47617876:AT:A,rs1348518145,ENSG00000108424,KPNB1,eQTL,Brain_Frontal_Cortex_BA9,enloc,0.3678,False,False,False
chr17:47617876:AT:A,rs1348518145,ENSG00000108424,KPNB1,eQTL,Brain_Frontal_Cortex_BA9,enloc,0.3678,False,False,False
chr1:112699500:G:T,rs1106287,ENSG00000007341,ST7L,sQTL,Adipose_Visceral_Omentum,enloc,0.3644,False,False,False
chr1:112699500:G:T,rs1106287,ENSG00000007341,ST7L,sQTL,Adipose_Visceral_Omentum,enloc,0.3644,False,False,False
chr9:133255801:C:T,rs8176749,ENSG00000175164,ABO,eQTL,Adipose_Subcutaneous,enloc,0.3624,False,False,False
chr1:112699500:G:T,rs1106287,ENSG00000007341,ST7L,sQTL,Breast_Mammary_Tissue,enloc,0.3613,False,False,False
chr1:112699500:G:T,rs1106287,ENSG00000007341,ST7L,sQTL,Breast_Mammary_Tissue,enloc,0.3613,False,False,False
chr1:112699500:G:T,rs1106287,ENSG00000007341,ST7L,sQTL,Thyroid,enloc,0.3568,False,False,False
chr1:112699500:G:T,rs1106287,ENSG00000007341,ST7L,sQTL,Thyroid,enloc,0.3568,False,False,False
chr6:134051012:G:C,rs2811688,ENSG00000146411,SLC2A12,eQTL,Muscle_Skeletal,enloc,0.3562,False,False,False
chr1:112699500:G:T,rs1106287,ENSG00000007341,ST7L,sQTL,Thyroid,enloc,0.3542,False,False,False
chr1:112699500:G:T,rs1106287,ENSG00000007341,ST7L,sQTL,Thyroid,enloc,0.3542,False,False,False
chr1:112699500:G:T,rs1106287,ENSG00000007341,ST7L,sQTL,Skin_Not_Sun_Exposed_Suprapubic,enloc,0.3534,False,False,False
chr1:112699500:G:T,rs1106287,ENSG00000007341,ST7L,sQTL,Skin_Not_Sun_Exposed_Suprapubic,enloc,0.3534,False,False,False
chr1:112699500:G:T,rs1106287,ENSG00000007341,ST7L,sQTL,Skin_Not_Sun_Exposed_Suprapubic,enloc,0.3526,False,False,False
chr1:112699500:G:T,rs1106287,ENSG00000007341,ST7L,sQTL,Skin_Not_Sun_Exposed_Suprapubic,enloc,0.3526,False,False,False
chr1:112699500:G:T,rs1106287,ENSG00000007341,ST7L,sQTL,Muscle_Skeletal,enloc,0.3522,False,False,False
chr1:112699500:G:T,rs1106287,ENSG00000155367,PPM1J,sQTL,Skin_Sun_Exposed_Lower_leg,enloc,0.3519,False,False,False
chr1:112699500:G:T,rs1106287,ENSG00000155366,RHOC,sQTL,Skin_Sun_Exposed_Lower_leg,enloc,0.3519,False,False,False
chr10:10798886:C:A,rs6602453,ENSG00000225383,SFTA1P,eQTL,Brain_Cortex,enloc,0.3516,False,False,False
chr1:112699500:G:T,rs1106287,ENSG00000007341,ST7L,sQTL,Nerve_Tibial,enloc,0.3507,False,False,False
chr1:112699500:G:T,rs1106287,ENSG00000007341,ST7L,sQTL,Nerve_Tibial,enloc,0.3507,False,False,False
chr1:112699500:G:T,rs1106287,ENSG00000007341,ST7L,sQTL,Nerve_Tibial,enloc,0.3507,False,False,False
chr1:112699500:G:T,rs1106287,ENSG00000007341,ST7L,sQTL,Nerve_Tibial,enloc,0.3507,False,False,False
chr17:47617876:AT:A,rs1348518145,ENSG00000120068,HOXB8,eQTL,Stomach,enloc,0.3479,False,False,False
chr1:171636338:G:A,rs74315329,ENSG00000135845,PIGC,sQTL,Artery_Tibial,enloc,0.3432,False,False,False
chr17:47617876:AT:A,rs1348518145,ENSG00000228782,MRPL45P2,sQTL,Pituitary,enloc,0.3414,False,False,False
chr17:47617876:AT:A,rs1348518145,ENSG00000228782,MRPL45P2,sQTL,Pituitary,enloc,0.3414,False,False,False
chr1:112699500:G:T,rs1106287,ENSG00000155367,PPM1J,sQTL,Skin_Sun_Exposed_Lower_leg,enloc,0.3366,False,False,False
chr1:112699500:G:T,rs1106287,ENSG00000155366,RHOC,sQTL,Skin_Sun_Exposed_Lower_leg,enloc,0.3366,False,False,False
chr1:112699500:G:T,rs1106287,ENSG00000007341,ST7L,sQTL,Artery_Tibial,enloc,0.3341,False,False,False
chr1:112699500:G:T,rs1106287,ENSG00000007341,ST7L,sQTL,Artery_Tibial,enloc,0.3341,False,False,False
chr1:112699500:G:T,rs1106287,ENSG00000007341,ST7L,sQTL,Artery_Tibial,enloc,0.3335,False,False,False
chr1:112699500:G:T,rs1106287,ENSG00000007341,ST7L,sQTL,Artery_Tibial,enloc,0.3335,False,False,False
chr1:112699500:G:T,rs1106287,ENSG00000155366,RHOC,sQTL,Adrenal_Gland,enloc,0.3312,False,False,False
chr1:112699500:G:T,rs1106287,ENSG00000007341,ST7L,sQTL,Colon_Transverse,enloc,0.3309,False,False,False
chr1:112699500:G:T,rs1106287,ENSG00000007341,ST7L,sQTL,Colon_Transverse,enloc,0.3309,False,False,False
chr1:112699500:G:T,rs1106287,ENSG00000007341,ST7L,sQTL,Esophagus_Muscularis,enloc,0.3293,False,False,False
chr1:112699500:G:T,rs1106287,ENSG00000007341,ST7L,sQTL,Esophagus_Muscularis,enloc,0.3293,False,False,False
chr1:112699500:G:T,rs1106287,ENSG00000007341,ST7L,sQTL,Prostate,enloc,0.3291,False,False,False
chr1:112699500:G:T,rs1106287,ENSG00000007341,ST7L,sQTL,Prostate,enloc,0.3291,False,False,False
chr1:112699500:G:T,rs1106287,ENSG00000007341,ST7L,sQTL,Colon_Transverse,enloc,0.3289,False,False,False
chr1:112699500:G:T,rs1106287,ENSG00000007341,ST7L,sQTL,Colon_Transverse,enloc,0.3289,False,False,False
chr1:112699500:G:T,rs1106287,ENSG00000007341,ST7L,sQTL,Esophagus_Muscularis,enloc,0.3289,False,False,False
chr1:112699500:G:T,rs1106287,ENSG00000007341,ST7L,sQTL,Esophagus_Muscularis,enloc,0.3289,False,False,False
chr7:116522252:T:A,rs10257125,ENSG00000105974,CAV1,eQTL,Cells_Cultured_fibroblasts,enloc,0.3254,False,False,False
chr1:112699500:G:T,rs1106287,ENSG00000007341,ST7L,sQTL,Heart_Atrial_Appendage,enloc,0.3249,False,False,False
chr1:112699500:G:T,rs1106287,ENSG00000007341,ST7L,sQTL,Heart_Atrial_Appendage,enloc,0.3249,False,False,False
chr1:112699500:G:T,rs1106287,ENSG00000007341,ST7L,sQTL,Artery_Aorta,enloc,0.3223,False,False,False
chr1:112699500:G:T,rs1106287,ENSG00000007341,ST7L,sQTL,Artery_Aorta,enloc,0.3223,False,False,False
chr1:112699500:G:T,rs1106287,ENSG00000007341,ST7L,sQTL,Artery_Aorta,enloc,0.3223,False,False,False
chr1:112699500:G:T,rs1106287,ENSG00000007341,ST7L,sQTL,Artery_Aorta,enloc,0.3223,False,False,False
chr1:112699500:G:T,rs1106287,ENSG00000007341,ST7L,sQTL,Heart_Atrial_Appendage,enloc,0.3222,False,False,False
chr1:112699500:G:T,rs1106287,ENSG00000007341,ST7L,sQTL,Heart_Atrial_Appendage,enloc,0.3222,False,False,False
chr1:112699500:G:T,rs1106287,ENSG00000007341,ST7L,sQTL,Esophagus_Gastroesophageal_Junction,enloc,0.3198,False,False,False
chr1:112699500:G:T,rs1106287,ENSG00000007341,ST7L,sQTL,Esophagus_Gastroesophageal_Junction,enloc,0.3198,False,False,False
chr9:104933258:C:T,rs2472494,ENSG00000165029,ABCA1,eQTL,Brain_Putamen_basal_ganglia,enloc,0.3167,False,False,False
chr17:47617876:AT:A,rs1348518145,ENSG00000198933,TBKBP1,eQTL,Muscle_Skeletal,enloc,0.3151,False,False,False
chr1:112699500:G:T,rs1106287,ENSG00000155366,RHOC,sQTL,Minor_Salivary_Gland,enloc,0.3111,False,False,False
chr9:133255801:C:T,rs8176749,ENSG00000175164,ABO,sQTL,Skin_Not_Sun_Exposed_Suprapubic,enloc,0.3091,False,False,False
chr1:112699500:G:T,rs1106287,ENSG00000007341,ST7L,sQTL,Lung,enloc,0.3082,False,False,False
chr1:112699500:G:T,rs1106287,ENSG00000007341,ST7L,sQTL,Lung,enloc,0.3082,False,False,False
chr1:112699500:G:T,rs1106287,ENSG00000007341,ST7L,eQTL,Cells_Cultured_fibroblasts,enloc,0.3066,False,False,False
chr1:112699500:G:T,rs1106287,ENSG00000007341,ST7L,eQTL,Cells_Cultured_fibroblasts,enloc,0.3066,False,False,False
chr15:73928957:C:T,rs1550437,ENSG00000167139,TBC1D21,sQTL,Testis,enloc,0.3056,False,False,False
chr15:73928957:C:T,rs1550437,ENSG00000167139,TBC1D21,sQTL,Testis,enloc,0.3056,False,False,False
chr1:112699500:G:T,rs1106287,ENSG00000007341,ST7L,sQTL,Spleen,enloc,0.302,False,False,False
chr1:112699500:G:T,rs1106287,ENSG00000007341,ST7L,sQTL,Spleen,enloc,0.302,False,False,False
chr5:14814774:G:A,rs31916,ENSG00000154122,ANKH,sQTL,Stomach,enloc,0.3018,False,False,False
chr1:112699500:G:T,rs1106287,ENSG00000007341,ST7L,sQTL,Liver,enloc,0.3002,False,False,False
chr1:112699500:G:T,rs1106287,ENSG00000007341,ST7L,sQTL,Liver,enloc,0.3002,False,False,False
chr1:112699500:G:T,rs1106287,ENSG00000007341,ST7L,sQTL,Cells_Cultured_fibroblasts,enloc,0.2999,False,False,False
chr1:112699500:G:T,rs1106287,ENSG00000007341,ST7L,sQTL,Cells_Cultured_fibroblasts,enloc,0.2999,False,False,False
chr1:112699500:G:T,rs1106287,ENSG00000007341,ST7L,sQTL,Lung,enloc,0.2995,False,False,False
chr1:112699500:G:T,rs1106287,ENSG00000007341,ST7L,sQTL,Lung,enloc,0.2995,False,False,False
chr1:112699500:G:T,rs1106287,ENSG00000007341,ST7L,sQTL,Testis,enloc,0.299,False,False,False
chr1:112699500:G:T,rs1106287,ENSG00000007341,ST7L,sQTL,Testis,enloc,0.299,False,False,False
chr1:112699500:G:T,rs1106287,ENSG00000007341,ST7L,sQTL,Minor_Salivary_Gland,enloc,0.2968,False,False,False
chr1:112699500:G:T,rs1106287,ENSG00000007341,ST7L,sQTL,Minor_Salivary_Gland,enloc,0.2968,False,False,False
chr9:133255801:C:T,rs8176749,ENSG00000148296,SURF6,eQTL,Esophagus_Mucosa,enloc,0.2948,False,False,False
chr1:112699500:G:T,rs1106287,ENSG00000007341,ST7L,sQTL,Colon_Sigmoid,enloc,0.2945,False,False,False
chr1:112699500:G:T,rs1106287,ENSG00000007341,ST7L,sQTL,Colon_Sigmoid,enloc,0.2945,False,False,False
chr1:112699500:G:T,rs1106287,ENSG00000007341,ST7L,sQTL,Colon_Sigmoid,enloc,0.2943,False,False,False
chr1:112699500:G:T,rs1106287,ENSG00000007341,ST7L,sQTL,Colon_Sigmoid,enloc,0.2943,False,False,False
chr1:112699500:G:T,rs1106287,ENSG00000007341,ST7L,sQTL,Esophagus_Mucosa,enloc,0.2936,False,False,False
chr1:112699500:G:T,rs1106287,ENSG00000007341,ST7L,sQTL,Esophagus_Mucosa,enloc,0.2936,False,False,False
chr1:112699500:G:T,rs1106287,ENSG00000007341,ST7L,sQTL,Testis,enloc,0.2897,False,False,False
chr1:112699500:G:T,rs1106287,ENSG00000007341,ST7L,sQTL,Testis,enloc,0.2897,False,False,False
chr1:112699500:G:T,rs1106287,ENSG00000155366,RHOC,sQTL,Uterus,enloc,0.2882,False,False,False
chr1:112699500:G:T,rs1106287,ENSG00000155366,RHOC,sQTL,Uterus,enloc,0.2882,False,False,False
chr1:112699500:G:T,rs1106287,ENSG00000007341,ST7L,sQTL,Pancreas,enloc,0.2878,False,False,False
chr1:112699500:G:T,rs1106287,ENSG00000007341,ST7L,sQTL,Pancreas,enloc,0.2878,False,False,False
chr1:112699500:G:T,rs1106287,ENSG00000007341,ST7L,sQTL,Pancreas,enloc,0.2875,False,False,False
chr1:112699500:G:T,rs1106287,ENSG00000007341,ST7L,sQTL,Pancreas,enloc,0.2875,False,False,False
chr1:112699500:G:T,rs1106287,ENSG00000007341,ST7L,sQTL,Stomach,enloc,0.2871,False,False,False
chr1:112699500:G:T,rs1106287,ENSG00000007341,ST7L,sQTL,Stomach,enloc,0.2871,False,False,False
chr1:112699500:G:T,rs1106287,ENSG00000155363,MOV10,sQTL,Heart_Atrial_Appendage,enloc,0.2853,False,False,False
chr1:112699500:G:T,rs1106287,ENSG00000007341,ST7L,sQTL,Adrenal_Gland,enloc,0.2835,False,False,False
chr1:112699500:G:T,rs1106287,ENSG00000007341,ST7L,sQTL,Adrenal_Gland,enloc,0.2835,False,False,False
chr1:112699500:G:T,rs1106287,ENSG00000007341,ST7L,sQTL,Adrenal_Gland,enloc,0.283,False,False,False
chr1:112699500:G:T,rs1106287,ENSG00000007341,ST7L,sQTL,Adrenal_Gland,enloc,0.283,False,False,False
chr1:112699500:G:T,rs1106287,ENSG00000007341,ST7L,sQTL,Breast_Mammary_Tissue,enloc,0.2774,False,False,False
chr1:112699500:G:T,rs1106287,ENSG00000007341,ST7L,sQTL,Breast_Mammary_Tissue,enloc,0.2774,False,False,False
chr1:112699500:G:T,rs1106287,ENSG00000007341,ST7L,sQTL,Whole_Blood,enloc,0.2768,False,False,False
chr1:112699500:G:T,rs1106287,ENSG00000007341,ST7L,sQTL,Whole_Blood,enloc,0.2768,False,False,False
chr11:120327384:G:A,rs1893261,ENSG00000181264,TMEM136,eQTL,Lung,enloc,0.2717,False,False,False
chr1:112699500:G:T,rs1106287,ENSG00000155366,RHOC,sQTL,Brain_Substantia_nigra,enloc,0.2674,False,False,False
chr1:112699500:G:T,rs1106287,ENSG00000155366,RHOC,sQTL,Brain_Substantia_nigra,enloc,0.2674,False,False,False
chr1:112699500:G:T,rs1106287,ENSG00000155366,RHOC,sQTL,Brain_Spinal_cord_cervical_c-1,enloc,0.2664,False,False,False
chr1:112699500:G:T,rs1106287,ENSG00000155366,RHOC,sQTL,Brain_Spinal_cord_cervical_c-1,enloc,0.2664,False,False,False
chr9:133255801:C:T,rs8176749,ENSG00000175164,ABO,eQTL,Small_Intestine_Terminal_Ileum,enloc,0.2662,False,False,False
chr6:122324153:C:A,rs7760346,ENSG00000111897,SERINC1,sQTL,Muscle_Skeletal,enloc,0.2642,False,False,False
chr6:134051012:G:C,rs2811688,ENSG00000146411,SLC2A12,eQTL,Heart_Atrial_Appendage,enloc,0.2639,False,False,False
chr6:45952021:G:A,rs3777588,ENSG00000112782,CLIC5,eQTL,Thyroid,enloc,0.2632,False,False,False
chr1:112699500:G:T,rs1106287,ENSG00000007341,ST7L,sQTL,Skin_Not_Sun_Exposed_Suprapubic,enloc,0.2609,False,False,False
chr1:112699500:G:T,rs1106287,ENSG00000007341,ST7L,sQTL,Skin_Not_Sun_Exposed_Suprapubic,enloc,0.2609,False,False,False
chr1:8435530:G:A,rs172531,ENSG00000142599,RERE,sQTL,Brain_Cerebellum,enloc,0.2606,False,False,False
chr1:112699500:G:T,rs1106287,ENSG00000155367,PPM1J,sQTL,Testis,enloc,0.26,False,False,False
chr1:112699500:G:T,rs1106287,ENSG00000155366,RHOC,sQTL,Testis,enloc,0.26,False,False,False
chr1:171636338:G:A,rs74315329,ENSG00000135845,PIGC,sQTL,Heart_Atrial_Appendage,enloc,0.2552,False,False,False
chr1:112699500:G:T,rs1106287,ENSG00000155366,RHOC,sQTL,Adipose_Visceral_Omentum,enloc,0.2537,False,False,False
chr1:112699500:G:T,rs1106287,ENSG00000155366,RHOC,sQTL,Liver,enloc,0.2528,False,False,False
chr1:112699500:G:T,rs1106287,ENSG00000155366,RHOC,sQTL,Liver,enloc,0.2528,False,False,False
chr1:112699500:G:T,rs1106287,ENSG00000155366,RHOC,sQTL,Cells_Cultured_fibroblasts,enloc,0.2516,False,False,False
chr1:112699500:G:T,rs1106287,ENSG00000155366,RHOC,sQTL,Cells_Cultured_fibroblasts,enloc,0.2516,False,False,False
chr1:112699500:G:T,rs1106287,ENSG00000155366,RHOC,sQTL,Cells_Cultured_fibroblasts,enloc,0.2516,False,False,False
chr1:112699500:G:T,rs1106287,ENSG00000155366,RHOC,sQTL,Brain_Cortex,enloc,0.2509,False,False,False
chr1:112699500:G:T,rs1106287,ENSG00000155366,RHOC,sQTL,Brain_Cortex,enloc,0.2509,False,False,False
chr1:112699500:G:T,rs1106287,ENSG00000155366,RHOC,sQTL,Kidney_Cortex,enloc,0.2488,False,False,False
chr1:171636338:G:A,rs74315329,ENSG00000135845,PIGC,sQTL,Nerve_Tibial,enloc,0.2474,False,False,False
chr1:171636338:G:A,rs74315329,ENSG00000135845,PIGC,sQTL,Nerve_Tibial,enloc,0.2474,False,False,False
chr1:171636338:G:A,rs74315329,ENSG00000135845,PIGC,sQTL,Nerve_Tibial,enloc,0.2474,False,False,False
chr1:112699500:G:T,rs1106287,ENSG00000155366,RHOC,sQTL,Heart_Left_Ventricle,enloc,0.2474,False,False,False
chr1:112699500:G:T,rs1106287,ENSG00000155366,RHOC,sQTL,Heart_Left_Ventricle,enloc,0.2474,False,False,False
chr1:112699500:G:T,rs1106287,ENSG00000007341,ST7L,eQTL,Esophagus_Muscularis,enloc,0.2423,False,False,False
chr1:112699500:G:T,rs1106287,ENSG00000007341,ST7L,eQTL,Esophagus_Muscularis,enloc,0.2423,False,False,False
chr1:112699500:G:T,rs1106287,ENSG00000007341,ST7L,eQTL,Esophagus_Muscularis,enloc,0.2423,False,False,False
chr1:112699500:G:T,rs1106287,ENSG00000007341,ST7L,eQTL,Esophagus_Muscularis,enloc,0.2423,False,False,False
chr1:112699500:G:T,rs1106287,ENSG00000007341,ST7L,eQTL,Esophagus_Muscularis,enloc,0.2423,False,False,False
chr9:133255801:C:T,rs8176749,ENSG00000175164,ABO,sQTL,Esophagus_Muscularis,enloc,0.2379,False,False,False
chr8:107261090:G:T,rs2514879,ENSG00000154188,ANGPT1,sQTL,Brain_Cerebellar_Hemisphere,enloc,0.2376,False,False,False
chr8:107261090:G:T,rs2514879,ENSG00000154188,ANGPT1,sQTL,Brain_Cerebellar_Hemisphere,enloc,0.2376,False,False,False
chr8:107261090:G:T,rs2514879,ENSG00000154188,ANGPT1,sQTL,Brain_Cerebellar_Hemisphere,enloc,0.2376,False,False,False
chr8:107261090:G:T,rs2514879,ENSG00000154188,ANGPT1,sQTL,Brain_Cerebellar_Hemisphere,enloc,0.2376,False,False,False
chr1:112699500:G:T,rs1106287,ENSG00000007341,ST7L,sQTL,Adipose_Subcutaneous,enloc,0.2374,False,False,False
chr1:112699500:G:T,rs1106287,ENSG00000007341,ST7L,sQTL,Adipose_Subcutaneous,enloc,0.2374,False,False,False
chr1:112699500:G:T,rs1106287,ENSG00000007341,ST7L,sQTL,Adipose_Subcutaneous,enloc,0.2374,False,False,False
chr1:112699500:G:T,rs1106287,ENSG00000007341,ST7L,sQTL,Adipose_Subcutaneous,enloc,0.2374,False,False,False
chr11:120327384:G:A,rs1893261,ENSG00000149403,GRIK4,eQTL,Esophagus_Mucosa,enloc,0.2372,False,False,False
chr9:133255801:C:T,rs8176749,ENSG00000175164,ABO,eQTL,Pancreas,enloc,0.2292,False,False,False
chr1:112699500:G:T,rs1106287,ENSG00000155366,RHOC,sQTL,Artery_Tibial,enloc,0.2266,False,False,False
chr1:112699500:G:T,rs1106287,ENSG00000155366,RHOC,sQTL,Artery_Tibial,enloc,0.2266,False,False,False
chr1:100629646:G:A,rs12566440,ENSG00000162692,VCAM1,eQTL,Pancreas,enloc,0.2253,False,False,False
chr9:133255801:C:T,rs8176749,ENSG00000175164,ABO,eQTL,Breast_Mammary_Tissue,enloc,0.2234,False,False,False
chr9:133255801:C:T,rs8176749,ENSG00000175164,ABO,sQTL,Prostate,enloc,0.2211,False,False,False
chr6:134051012:G:C,rs2811688,ENSG00000146411,SLC2A12,eQTL,Brain_Cortex,enloc,0.2209,False,False,False
chr3:186411027:G:A,rs56233426,ENSG00000058866,DGKG,eQTL,Artery_Tibial,enloc,0.22,False,False,False
chr3:186411027:G:A,rs56233426,ENSG00000058866,DGKG,eQTL,Artery_Tibial,enloc,0.22,False,False,False
chr9:133255801:C:T,rs8176749,ENSG00000175164,ABO,eQTL,Liver,enloc,0.2184,False,False,False
chr1:112699500:G:T,rs1106287,ENSG00000155366,RHOC,sQTL,Lung,enloc,0.2179,False,False,False
chr1:112699500:G:T,rs1106287,ENSG00000155366,RHOC,sQTL,Lung,enloc,0.2179,False,False,False
chr1:112699500:G:T,rs1106287,ENSG00000215866,LINC01356,eQTL,Brain_Cerebellar_Hemisphere,enloc,0.2166,False,False,False
chr1:112699500:G:T,rs1106287,ENSG00000007341,ST7L,sQTL,Skin_Sun_Exposed_Lower_leg,enloc,0.2166,False,False,False
chr1:112699500:G:T,rs1106287,ENSG00000007341,ST7L,sQTL,Skin_Sun_Exposed_Lower_leg,enloc,0.2166,False,False,False
chr1:112699500:G:T,rs1106287,ENSG00000007341,ST7L,sQTL,Skin_Sun_Exposed_Lower_leg,enloc,0.2166,False,False,False
chr1:112699500:G:T,rs1106287,ENSG00000007341,ST7L,sQTL,Skin_Sun_Exposed_Lower_leg,enloc,0.2166,False,False,False
chr1:112699500:G:T,rs1106287,ENSG00000155367,PPM1J,sQTL,Brain_Cerebellar_Hemisphere,enloc,0.2162,False,False,False
chr1:112699500:G:T,rs1106287,ENSG00000155367,PPM1J,sQTL,Brain_Cerebellar_Hemisphere,enloc,0.2162,False,False,False
chr1:112699500:G:T,rs1106287,ENSG00000155366,RHOC,sQTL,Brain_Cerebellar_Hemisphere,enloc,0.2162,False,False,False
chr1:112699500:G:T,rs1106287,ENSG00000155366,RHOC,sQTL,Brain_Cerebellar_Hemisphere,enloc,0.2162,False,False,False
chr1:112699500:G:T,rs1106287,ENSG00000007341,ST7L,sQTL,Breast_Mammary_Tissue,enloc,0.2138,False,False,False
chr1:112699500:G:T,rs1106287,ENSG00000007341,ST7L,sQTL,Breast_Mammary_Tissue,enloc,0.2138,False,False,False
chr1:112699500:G:T,rs1106287,ENSG00000155366,RHOC,sQTL,Colon_Transverse,enloc,0.2121,False,False,False
chr1:112699500:G:T,rs1106287,ENSG00000155366,RHOC,sQTL,Colon_Transverse,enloc,0.2121,False,False,False
chr1:112699500:G:T,rs1106287,ENSG00000155366,RHOC,sQTL,Brain_Anterior_cingulate_cortex_BA24,enloc,0.2109,False,False,False
chr1:112699500:G:T,rs1106287,ENSG00000155366,RHOC,sQTL,Brain_Anterior_cingulate_cortex_BA24,enloc,0.2109,False,False,False
chr3:186411027:G:A,rs56233426,ENSG00000058866,DGKG,eQTL,Brain_Cerebellar_Hemisphere,enloc,0.2105,False,False,False
chr1:112699500:G:T,rs1106287,ENSG00000007341,ST7L,sQTL,Adipose_Visceral_Omentum,enloc,0.2094,False,False,False
chr1:112699500:G:T,rs1106287,ENSG00000007341,ST7L,sQTL,Adipose_Visceral_Omentum,enloc,0.2094,False,False,False
chr1:112699500:G:T,rs1106287,ENSG00000007341,ST7L,sQTL,Thyroid,enloc,0.2055,False,False,False
chr1:112699500:G:T,rs1106287,ENSG00000007341,ST7L,sQTL,Thyroid,enloc,0.2055,False,False,False
chr17:47617876:AT:A,rs1348518145,ENSG00000228782,MRPL45P2,sQTL,Artery_Tibial,enloc,0.2041,False,False,False
chr17:47617876:AT:A,rs1348518145,ENSG00000228782,MRPL45P2,sQTL,Artery_Tibial,enloc,0.2041,False,False,False
chr1:112699500:G:T,rs1106287,ENSG00000007341,ST7L,eQTL,Cells_Cultured_fibroblasts,enloc,0.2035,False,False,False
chr1:112699500:G:T,rs1106287,ENSG00000007341,ST7L,sQTL,Skin_Not_Sun_Exposed_Suprapubic,enloc,0.203,False,False,False
chr1:112699500:G:T,rs1106287,ENSG00000007341,ST7L,sQTL,Skin_Not_Sun_Exposed_Suprapubic,enloc,0.203,False,False,False
chr1:112699500:G:T,rs1106287,ENSG00000007341,ST7L,sQTL,Nerve_Tibial,enloc,0.2022,False,False,False
chr1:112699500:G:T,rs1106287,ENSG00000007341,ST7L,sQTL,Nerve_Tibial,enloc,0.2022,False,False,False
chr1:112699500:G:T,rs1106287,ENSG00000007341,ST7L,sQTL,Nerve_Tibial,enloc,0.2022,False,False,False
chr1:112699500:G:T,rs1106287,ENSG00000007341,ST7L,sQTL,Nerve_Tibial,enloc,0.2022,False,False,False
chr9:104933258:C:T,rs2472494,ENSG00000165029,ABCA1,eQTL,Brain_Frontal_Cortex_BA9,enloc,0.2012,False,False,False
chr9:104933258:C:T,rs2472494,ENSG00000165029,ABCA1,eQTL,Brain_Frontal_Cortex_BA9,enloc,0.2012,False,False,False
chr9:104933258:C:T,rs2472494,ENSG00000165029,ABCA1,eQTL,Brain_Frontal_Cortex_BA9,enloc,0.2012,False,False,False
chr2:59295906:C:T,rs6713914,ENSG00000233891,AC007131.2,sQTL,Testis,enloc,0.201,False,False,False
chr1:112699500:G:T,rs1106287,ENSG00000007341,ST7L,sQTL,Kidney_Cortex,enloc,0.2008,False,False,False
chr1:112699500:G:T,rs1106287,ENSG00000007341,ST7L,sQTL,Kidney_Cortex,enloc,0.2008,False,False,False
chr1:112699500:G:T,rs1106287,ENSG00000007341,ST7L,sQTL,Kidney_Cortex,enloc,0.2008,False,False,False
chr6:134051012:G:C,rs2811688,ENSG00000146411,SLC2A12,eQTL,Brain_Cerebellum,enloc,0.2003,False,False,False
chr9:133255801:C:T,rs8176749,ENSG00000175164,ABO,eQTL,Artery_Coronary,enloc,0.2,False,False,False
chr9:133255801:C:T,rs8176749,ENSG00000175164,ABO,eQTL,Artery_Coronary,enloc,0.2,False,False,False
chr1:112699500:G:T,rs1106287,ENSG00000155366,RHOC,sQTL,Lung,enloc,0.1995,False,False,False
chr1:112699500:G:T,rs1106287,ENSG00000155366,RHOC,sQTL,Lung,enloc,0.1995,False,False,False
chr1:171636338:G:A,rs74315329,ENSG00000197959,DNM3,eQTL,Nerve_Tibial,enloc,0.1993,False,False,False
chr1:112699500:G:T,rs1106287,ENSG00000155366,RHOC,sQTL,Pancreas,enloc,0.1988,False,False,False
chr1:112699500:G:T,rs1106287,ENSG00000155366,RHOC,sQTL,Pancreas,enloc,0.1988,False,False,False
chr1:112699500:G:T,rs1106287,ENSG00000007341,ST7L,eQTL,Thyroid,enloc,0.1982,False,False,False
chr1:112699500:G:T,rs1106287,ENSG00000007341,ST7L,eQTL,Thyroid,enloc,0.1982,False,False,False
chr1:112699500:G:T,rs1106287,ENSG00000007341,ST7L,eQTL,Thyroid,enloc,0.1982,False,False,False
chr1:112699500:G:T,rs1106287,ENSG00000007341,ST7L,eQTL,Thyroid,enloc,0.1982,False,False,False
chr1:112699500:G:T,rs1106287,ENSG00000143079,CTTNBP2NL,sQTL,Skin_Not_Sun_Exposed_Suprapubic,enloc,0.1968,False,False,False
chr1:112699500:G:T,rs1106287,ENSG00000134245,WNT2B,sQTL,Skin_Not_Sun_Exposed_Suprapubic,enloc,0.1968,False,False,False
chr1:112699500:G:T,rs1106287,ENSG00000134245,WNT2B,sQTL,Skin_Not_Sun_Exposed_Suprapubic,enloc,0.1968,False,False,False
chr1:112699500:G:T,rs1106287,ENSG00000155366,RHOC,eQTL,Esophagus_Mucosa,enloc,0.1925,False,False,False
chr1:112699500:G:T,rs1106287,ENSG00000155366,RHOC,eQTL,Esophagus_Mucosa,enloc,0.1925,False,False,False
chr1:112699500:G:T,rs1106287,ENSG00000155366,RHOC,eQTL,Esophagus_Mucosa,enloc,0.1925,False,False,False
chr1:112699500:G:T,rs1106287,ENSG00000155366,RHOC,sQTL,Lung,enloc,0.1923,False,False,False
chr1:112699500:G:T,rs1106287,ENSG00000155366,RHOC,sQTL,Lung,enloc,0.1923,False,False,False
chr8:123542077:T:A,rs62521288,ENSG00000156804,FBXO32,eQTL,Heart_Left_Ventricle,enloc,0.1921,False,False,False
chr8:123542077:T:A,rs62521288,ENSG00000156804,FBXO32,eQTL,Heart_Left_Ventricle,enloc,0.1921,False,False,False
chr1:112699500:G:T,rs1106287,ENSG00000155366,RHOC,sQTL,Adipose_Subcutaneous,enloc,0.1909,False,False,False
chr1:112699500:G:T,rs1106287,ENSG00000155366,RHOC,sQTL,Adipose_Subcutaneous,enloc,0.1909,False,False,False
chr1:112699500:G:T,rs1106287,ENSG00000155366,RHOC,sQTL,Adipose_Subcutaneous,enloc,0.1909,False,False,False
chr17:47617876:AT:A,rs1348518145,ENSG00000228782,MRPL45P2,sQTL,Colon_Transverse,enloc,0.1877,False,False,False
chr17:47617876:AT:A,rs1348518145,ENSG00000228782,MRPL45P2,sQTL,Colon_Transverse,enloc,0.1877,False,False,False
chr17:47617876:AT:A,rs1348518145,ENSG00000228782,MRPL45P2,sQTL,Colon_Transverse,enloc,0.1877,False,False,False
chr17:47617876:AT:A,rs1348518145,ENSG00000228782,MRPL45P2,sQTL,Colon_Transverse,enloc,0.1877,False,False,False
chr1:112699500:G:T,rs1106287,ENSG00000007341,ST7L,sQTL,Prostate,enloc,0.1863,False,False,False
chr1:112699500:G:T,rs1106287,ENSG00000007341,ST7L,sQTL,Prostate,enloc,0.1863,False,False,False
chr1:112699500:G:T,rs1106287,ENSG00000007341,ST7L,sQTL,Colon_Transverse,enloc,0.1854,False,False,False
chr1:112699500:G:T,rs1106287,ENSG00000007341,ST7L,sQTL,Colon_Transverse,enloc,0.1854,False,False,False
chr1:112699500:G:T,rs1106287,ENSG00000007341,ST7L,sQTL,Esophagus_Muscularis,enloc,0.1852,False,False,False
chr1:112699500:G:T,rs1106287,ENSG00000007341,ST7L,sQTL,Esophagus_Muscularis,enloc,0.1852,False,False,False
chr1:112699500:G:T,rs1106287,ENSG00000007341,ST7L,sQTL,Artery_Tibial,enloc,0.1844,False,False,False
chr1:112699500:G:T,rs1106287,ENSG00000007341,ST7L,sQTL,Artery_Tibial,enloc,0.1844,False,False,False
chr1:112699500:G:T,rs1106287,ENSG00000007341,ST7L,sQTL,Heart_Atrial_Appendage,enloc,0.1836,False,False,False
chr1:112699500:G:T,rs1106287,ENSG00000007341,ST7L,sQTL,Heart_Atrial_Appendage,enloc,0.1836,False,False,False
chr1:112699500:G:T,rs1106287,ENSG00000007341,ST7L,sQTL,Artery_Aorta,enloc,0.1819,False,False,False
chr1:112699500:G:T,rs1106287,ENSG00000007341,ST7L,sQTL,Artery_Aorta,enloc,0.1819,False,False,False
chr1:112699500:G:T,rs1106287,ENSG00000007341,ST7L,sQTL,Artery_Aorta,enloc,0.1819,False,False,False
chr1:112699500:G:T,rs1106287,ENSG00000007341,ST7L,sQTL,Artery_Aorta,enloc,0.1819,False,False,False
chr11:130412183:C:T,rs2875238,ENSG00000134917,ADAMTS8,eQTL,Adipose_Subcutaneous,enloc,0.1812,False,False,False
chr11:120327384:G:A,rs1893261,ENSG00000196914,ARHGEF12,eQTL,Skin_Not_Sun_Exposed_Suprapubic,enloc,0.1807,False,False,False
chr11:120327384:G:A,rs1893261,ENSG00000196914,ARHGEF12,eQTL,Skin_Not_Sun_Exposed_Suprapubic,enloc,0.1807,False,False,False
chr15:73928957:C:T,rs1550437,ENSG00000129038,LOXL1,eQTL,Heart_Left_Ventricle,enloc,0.1807,False,False,False
chr1:112699500:G:T,rs1106287,ENSG00000155366,RHOC,sQTL,Colon_Transverse,enloc,0.1782,False,False,False
chr1:112699500:G:T,rs1106287,ENSG00000155366,RHOC,sQTL,Colon_Transverse,enloc,0.1782,False,False,False
chr15:73928957:C:T,rs1550437,ENSG00000167139,TBC1D21,sQTL,Testis,enloc,0.178,False,False,False
chr15:73928957:C:T,rs1550437,ENSG00000167139,TBC1D21,sQTL,Testis,enloc,0.178,False,False,False
chr15:73928957:C:T,rs1550437,ENSG00000167139,TBC1D21,sQTL,Testis,enloc,0.178,False,False,False
chr1:112699500:G:T,rs1106287,ENSG00000007341,ST7L,sQTL,Esophagus_Gastroesophageal_Junction,enloc,0.1774,False,False,False
chr1:112699500:G:T,rs1106287,ENSG00000007341,ST7L,sQTL,Esophagus_Gastroesophageal_Junction,enloc,0.1774,False,False,False
chr17:47617876:AT:A,rs1348518145,ENSG00000228782,MRPL45P2,sQTL,Adipose_Subcutaneous,enloc,0.1766,False,False,False
chr17:47617876:AT:A,rs1348518145,ENSG00000228782,MRPL45P2,sQTL,Adipose_Subcutaneous,enloc,0.1766,False,False,False
chr11:102194103:C:A,rs7120067,ENSG00000277459,RP11-732A21.3,eQTL,Muscle_Skeletal,enloc,0.1766,False,False,False
chr1:112699500:G:T,rs1106287,ENSG00000007341,ST7L,sQTL,Pituitary,enloc,0.1741,False,False,False
chr1:112699500:G:T,rs1106287,ENSG00000007341,ST7L,sQTL,Pituitary,enloc,0.1741,False,False,False
chr1:112699500:G:T,rs1106287,ENSG00000007341,ST7L,sQTL,Brain_Cerebellum,enloc,0.1729,False,False,False
chr1:112699500:G:T,rs1106287,ENSG00000007341,ST7L,sQTL,Brain_Cerebellum,enloc,0.1729,False,False,False
chr1:112699500:G:T,rs1106287,ENSG00000007341,ST7L,sQTL,Small_Intestine_Terminal_Ileum,enloc,0.1717,False,False,False
chr1:112699500:G:T,rs1106287,ENSG00000007341,ST7L,sQTL,Small_Intestine_Terminal_Ileum,enloc,0.1717,False,False,False
chr1:112699500:G:T,rs1106287,ENSG00000007341,ST7L,sQTL,Muscle_Skeletal,enloc,0.1717,False,False,False
chr1:112699500:G:T,rs1106287,ENSG00000007341,ST7L,sQTL,Muscle_Skeletal,enloc,0.1717,False,False,False
chr1:112699500:G:T,rs1106287,ENSG00000007341,ST7L,sQTL,Muscle_Skeletal,enloc,0.1717,False,False,False
chr1:112699500:G:T,rs1106287,ENSG00000007341,ST7L,sQTL,Brain_Cerebellar_Hemisphere,enloc,0.1714,False,False,False
chr1:112699500:G:T,rs1106287,ENSG00000007341,ST7L,sQTL,Brain_Cerebellar_Hemisphere,enloc,0.1714,False,False,False
chr1:112699500:G:T,rs1106287,ENSG00000155366,RHOC,sQTL,Uterus,enloc,0.1708,False,False,False
chr1:112699500:G:T,rs1106287,ENSG00000155366,RHOC,sQTL,Uterus,enloc,0.1708,False,False,False
chr1:112699500:G:T,rs1106287,ENSG00000007341,ST7L,sQTL,Minor_Salivary_Gland,enloc,0.1706,False,False,False
chr1:112699500:G:T,rs1106287,ENSG00000007341,ST7L,sQTL,Minor_Salivary_Gland,enloc,0.1706,False,False,False
chr1:112699500:G:T,rs1106287,ENSG00000007341,ST7L,sQTL,Lung,enloc,0.1698,False,False,False
chr1:112699500:G:T,rs1106287,ENSG00000007341,ST7L,sQTL,Lung,enloc,0.1698,False,False,False
chr1:171636338:G:A,rs74315329,ENSG00000197959,DNM3,sQTL,Testis,enloc,0.1695,False,False,False
chr1:171636338:G:A,rs74315329,ENSG00000197959,DNM3,sQTL,Testis,enloc,0.1695,False,False,False
chr1:171636338:G:A,rs74315329,ENSG00000233540,DNM3-IT1,sQTL,Testis,enloc,0.1695,False,False,False
chr1:171636338:G:A,rs74315329,ENSG00000233540,DNM3-IT1,sQTL,Testis,enloc,0.1695,False,False,False
chr1:171636338:G:A,rs74315329,ENSG00000010165,METTL13,sQTL,Testis,enloc,0.1695,False,False,False
chr1:171636338:G:A,rs74315329,ENSG00000010165,METTL13,sQTL,Testis,enloc,0.1695,False,False,False
chr17:47617876:AT:A,rs1348518145,ENSG00000228782,MRPL45P2,sQTL,Brain_Spinal_cord_cervical_c-1,enloc,0.1694,False,False,False
chr17:47617876:AT:A,rs1348518145,ENSG00000228782,MRPL45P2,sQTL,Brain_Spinal_cord_cervical_c-1,enloc,0.1694,False,False,False
chr17:47617876:AT:A,rs1348518145,ENSG00000228782,MRPL45P2,sQTL,Brain_Spinal_cord_cervical_c-1,enloc,0.1694,False,False,False
chr17:47617876:AT:A,rs1348518145,ENSG00000228782,MRPL45P2,sQTL,Brain_Spinal_cord_cervical_c-1,enloc,0.1694,False,False,False
chr8:123542077:T:A,rs62521288,ENSG00000156804,FBXO32,eQTL,Skin_Not_Sun_Exposed_Suprapubic,enloc,0.1692,False,False,False
chr17:47617876:AT:A,rs1348518145,ENSG00000198933,TBKBP1,eQTL,Thyroid,enloc,0.1687,False,False,False
chr1:112699500:G:T,rs1106287,ENSG00000155366,RHOC,eQTL,Skin_Sun_Exposed_Lower_leg,enloc,0.1668,False,False,False
chr1:112699500:G:T,rs1106287,ENSG00000155366,RHOC,eQTL,Skin_Sun_Exposed_Lower_leg,enloc,0.1668,False,False,False
chr1:171636338:G:A,rs74315329,ENSG00000135845,PIGC,eQTL,Muscle_Skeletal,enloc,0.1651,False,False,False
chr1:171636338:G:A,rs74315329,ENSG00000135845,PIGC,eQTL,Muscle_Skeletal,enloc,0.1651,False,False,False
chr1:171636338:G:A,rs74315329,ENSG00000135845,PIGC,eQTL,Muscle_Skeletal,enloc,0.1651,False,False,False
chr1:112699500:G:T,rs1106287,ENSG00000155366,RHOC,sQTL,Vagina,enloc,0.165,False,False,False
chr1:112699500:G:T,rs1106287,ENSG00000155366,RHOC,sQTL,Vagina,enloc,0.165,False,False,False
chr1:112699500:G:T,rs1106287,ENSG00000155366,RHOC,sQTL,Adipose_Visceral_Omentum,enloc,0.1649,False,False,False
chr1:112699500:G:T,rs1106287,ENSG00000155366,RHOC,sQTL,Adipose_Visceral_Omentum,enloc,0.1649,False,False,False
chr1:112699500:G:T,rs1106287,ENSG00000155366,RHOC,sQTL,Adipose_Visceral_Omentum,enloc,0.1649,False,False,False
chr6:134051012:G:C,rs2811688,ENSG00000146411,SLC2A12,eQTL,Skin_Not_Sun_Exposed_Suprapubic,enloc,0.1649,False,False,False
chr1:112699500:G:T,rs1106287,ENSG00000007341,ST7L,sQTL,Colon_Sigmoid,enloc,0.1649,False,False,False
chr1:112699500:G:T,rs1106287,ENSG00000007341,ST7L,sQTL,Colon_Sigmoid,enloc,0.1649,False,False,False
chr1:112699500:G:T,rs1106287,ENSG00000007341,ST7L,eQTL,Nerve_Tibial,enloc,0.1639,False,False,False
chr1:112699500:G:T,rs1106287,ENSG00000007341,ST7L,eQTL,Nerve_Tibial,enloc,0.1639,False,False,False
chr1:112699500:G:T,rs1106287,ENSG00000007341,ST7L,eQTL,Nerve_Tibial,enloc,0.1639,False,False,False
chr1:112699500:G:T,rs1106287,ENSG00000007341,ST7L,eQTL,Nerve_Tibial,enloc,0.1639,False,False,False
chr1:112699500:G:T,rs1106287,ENSG00000007341,ST7L,eQTL,Nerve_Tibial,enloc,0.1639,False,False,False
chr17:47617876:AT:A,rs1348518145,ENSG00000198933,TBKBP1,eQTL,Cells_Cultured_fibroblasts,enloc,0.1638,False,False,False
chr17:47617876:AT:A,rs1348518145,ENSG00000141279,NPEPPS,eQTL,Breast_Mammary_Tissue,enloc,0.1618,False,False,False
chr1:112699500:G:T,rs1106287,ENSG00000007341,ST7L,eQTL,Colon_Transverse,enloc,0.161,False,False,False
chr1:112699500:G:T,rs1106287,ENSG00000007341,ST7L,eQTL,Colon_Transverse,enloc,0.161,False,False,False
chr1:112699500:G:T,rs1106287,ENSG00000007341,ST7L,eQTL,Colon_Transverse,enloc,0.161,False,False,False
chr1:112699500:G:T,rs1106287,ENSG00000007341,ST7L,eQTL,Colon_Transverse,enloc,0.161,False,False,False
chr1:112699500:G:T,rs1106287,ENSG00000007341,ST7L,eQTL,Colon_Transverse,enloc,0.161,False,False,False
chr1:112699500:G:T,rs1106287,ENSG00000007341,ST7L,sQTL,Esophagus_Mucosa,enloc,0.1607,False,False,False
chr1:112699500:G:T,rs1106287,ENSG00000007341,ST7L,sQTL,Esophagus_Mucosa,enloc,0.1607,False,False,False
chr1:112699500:G:T,rs1106287,ENSG00000007341,ST7L,sQTL,Testis,enloc,0.1602,False,False,False
chr1:112699500:G:T,rs1106287,ENSG00000007341,ST7L,sQTL,Testis,enloc,0.1602,False,False,False
chr1:112699500:G:T,rs1106287,ENSG00000155366,RHOC,sQTL,Nerve_Tibial,enloc,0.1596,False,False,False
chr1:112699500:G:T,rs1106287,ENSG00000155366,RHOC,sQTL,Nerve_Tibial,enloc,0.1596,False,False,False
chr1:112699500:G:T,rs1106287,ENSG00000155366,RHOC,sQTL,Nerve_Tibial,enloc,0.1596,False,False,False
chr9:133255801:C:T,rs8176749,ENSG00000175164,ABO,sQTL,Esophagus_Mucosa,enloc,0.1593,False,False,False
chr9:133255801:C:T,rs8176749,ENSG00000175164,ABO,sQTL,Esophagus_Mucosa,enloc,0.1593,False,False,False
chr2:152508013:G:A,rs1579050,ENSG00000157827,FMNL2,sQTL,Thyroid,enloc,0.1592,False,False,False
chr17:47617876:AT:A,rs1348518145,ENSG00000198933,TBKBP1,sQTL,Testis,enloc,0.1589,False,False,False
chr1:112699500:G:T,rs1106287,ENSG00000007341,ST7L,sQTL,Adrenal_Gland,enloc,0.158,False,False,False
chr1:112699500:G:T,rs1106287,ENSG00000007341,ST7L,sQTL,Adrenal_Gland,enloc,0.158,False,False,False
chr1:112699500:G:T,rs1106287,ENSG00000007341,ST7L,sQTL,Stomach,enloc,0.1576,False,False,False
chr1:112699500:G:T,rs1106287,ENSG00000007341,ST7L,sQTL,Stomach,enloc,0.1576,False,False,False
chr1:112699500:G:T,rs1106287,ENSG00000155366,RHOC,sQTL,Esophagus_Muscularis,enloc,0.1557,False,False,False
chr1:112699500:G:T,rs1106287,ENSG00000155366,RHOC,sQTL,Esophagus_Muscularis,enloc,0.1557,False,False,False
chr1:112699500:G:T,rs1106287,ENSG00000155366,RHOC,sQTL,Esophagus_Muscularis,enloc,0.1557,False,False,False
chr1:112699500:G:T,rs1106287,ENSG00000155366,RHOC,sQTL,Artery_Tibial,enloc,0.1555,False,False,False
chr1:112699500:G:T,rs1106287,ENSG00000155366,RHOC,sQTL,Artery_Tibial,enloc,0.1555,False,False,False
chr1:112699500:G:T,rs1106287,ENSG00000155366,RHOC,sQTL,Artery_Tibial,enloc,0.1555,False,False,False
chr17:47617876:AT:A,rs1348518145,ENSG00000228782,MRPL45P2,sQTL,Skin_Sun_Exposed_Lower_leg,enloc,0.1551,False,False,False
chr17:47617876:AT:A,rs1348518145,ENSG00000228782,MRPL45P2,sQTL,Skin_Sun_Exposed_Lower_leg,enloc,0.1551,False,False,False
chr17:47617876:AT:A,rs1348518145,ENSG00000228782,MRPL45P2,sQTL,Skin_Sun_Exposed_Lower_leg,enloc,0.1551,False,False,False
chr1:112699500:G:T,rs1106287,ENSG00000155366,RHOC,eQTL,Whole_Blood,enloc,0.1551,False,False,False
chr1:112699500:G:T,rs1106287,ENSG00000155366,RHOC,eQTL,Whole_Blood,enloc,0.1551,False,False,False
chr1:112699500:G:T,rs1106287,ENSG00000155366,RHOC,eQTL,Whole_Blood,enloc,0.1551,False,False,False
chr1:112699500:G:T,rs1106287,ENSG00000007341,ST7L,sQTL,Brain_Hypothalamus,enloc,0.1551,False,False,False
chr1:112699500:G:T,rs1106287,ENSG00000007341,ST7L,sQTL,Brain_Hypothalamus,enloc,0.1551,False,False,False
chr1:112699500:G:T,rs1106287,ENSG00000007341,ST7L,sQTL,Brain_Hypothalamus,enloc,0.1551,False,False,False
chr9:133255801:C:T,rs8176749,ENSG00000175164,ABO,sQTL,Adipose_Subcutaneous,enloc,0.155,False,False,False
chr9:133255801:C:T,rs8176749,ENSG00000175164,ABO,sQTL,Adipose_Subcutaneous,enloc,0.155,False,False,False
chr9:133255801:C:T,rs8176749,ENSG00000175164,ABO,sQTL,Adipose_Subcutaneous,enloc,0.155,False,False,False
chr9:133255801:C:T,rs8176749,ENSG00000175164,ABO,sQTL,Adipose_Subcutaneous,enloc,0.155,False,False,False
chr1:112699500:G:T,rs1106287,ENSG00000007341,ST7L,sQTL,Pancreas,enloc,0.1545,False,False,False
chr1:112699500:G:T,rs1106287,ENSG00000007341,ST7L,sQTL,Pancreas,enloc,0.1545,False,False,False
chr9:133255801:C:T,rs8176749,ENSG00000175164,ABO,sQTL,Esophagus_Mucosa,enloc,0.1531,False,False,False
chr9:133255801:C:T,rs8176749,ENSG00000175164,ABO,sQTL,Esophagus_Mucosa,enloc,0.1531,False,False,False
chr1:112699500:G:T,rs1106287,ENSG00000007341,ST7L,sQTL,Artery_Coronary,enloc,0.153,False,False,False
chr1:112699500:G:T,rs1106287,ENSG00000007341,ST7L,sQTL,Artery_Coronary,enloc,0.153,False,False,False
chr1:171636338:G:A,rs74315329,ENSG00000135845,PIGC,sQTL,Muscle_Skeletal,enloc,0.1523,False,False,False
chr1:171636338:G:A,rs74315329,ENSG00000135845,PIGC,sQTL,Muscle_Skeletal,enloc,0.1523,False,False,False
chr1:171636338:G:A,rs74315329,ENSG00000135845,PIGC,sQTL,Muscle_Skeletal,enloc,0.1523,False,False,False
chr9:133255801:C:T,rs8176749,ENSG00000175164,ABO,eQTL,Muscle_Skeletal,enloc,0.1521,False,False,False
chr11:120327384:G:A,rs1893261,ENSG00000137709,POU2F3,sQTL,Breast_Mammary_Tissue,enloc,0.1513,False,False,False
chr1:112699500:G:T,rs1106287,ENSG00000007341,ST7L,sQTL,Artery_Coronary,enloc,0.151,False,False,False
chr1:112699500:G:T,rs1106287,ENSG00000007341,ST7L,sQTL,Artery_Coronary,enloc,0.151,False,False,False
chr1:112699500:G:T,rs1106287,ENSG00000007341,ST7L,sQTL,Artery_Coronary,enloc,0.151,False,False,False
chr6:136141606:G:T,rs4612174,ENSG00000171408,PDE7B,sQTL,Cells_Cultured_fibroblasts,enloc,0.1504,False,False,False
chr11:120327384:G:A,rs1893261,ENSG00000196914,ARHGEF12,sQTL,Muscle_Skeletal,enloc,0.1492,False,False,False
chr11:120327384:G:A,rs1893261,ENSG00000196914,ARHGEF12,sQTL,Muscle_Skeletal,enloc,0.1492,False,False,False
chr11:120327384:G:A,rs1893261,ENSG00000196914,ARHGEF12,sQTL,Muscle_Skeletal,enloc,0.1492,False,False,False
chr11:120327384:G:A,rs1893261,ENSG00000196914,ARHGEF12,sQTL,Muscle_Skeletal,enloc,0.1492,False,False,False
chr11:120327384:G:A,rs1893261,ENSG00000196914,ARHGEF12,sQTL,Brain_Cerebellum,enloc,0.149,False,False,False
chr11:120327384:G:A,rs1893261,ENSG00000196914,ARHGEF12,sQTL,Brain_Cerebellum,enloc,0.149,False,False,False
chr11:120327384:G:A,rs1893261,ENSG00000196914,ARHGEF12,sQTL,Brain_Cerebellum,enloc,0.149,False,False,False
chr11:120327384:G:A,rs1893261,ENSG00000196914,ARHGEF12,sQTL,Brain_Cerebellum,enloc,0.149,False,False,False
chr11:120327384:G:A,rs1893261,ENSG00000196914,ARHGEF12,sQTL,Brain_Cerebellum,enloc,0.149,False,False,False
chr1:171636338:G:A,rs74315329,ENSG00000135845,PIGC,sQTL,Adipose_Subcutaneous,enloc,0.1489,False,False,False
chr1:171636338:G:A,rs74315329,ENSG00000135845,PIGC,sQTL,Adipose_Subcutaneous,enloc,0.1489,False,False,False
chr1:171636338:G:A,rs74315329,ENSG00000135845,PIGC,sQTL,Adipose_Subcutaneous,enloc,0.1489,False,False,False
chr1:171636338:G:A,rs74315329,ENSG00000135845,PIGC,eQTL,Thyroid,enloc,0.1486,False,False,False
chr1:171636338:G:A,rs74315329,ENSG00000135845,PIGC,eQTL,Thyroid,enloc,0.1486,False,False,False
chr1:171636338:G:A,rs74315329,ENSG00000135845,PIGC,eQTL,Thyroid,enloc,0.1486,False,False,False
chr1:171636338:G:A,rs74315329,ENSG00000135845,PIGC,eQTL,Thyroid,enloc,0.1486,False,False,False
chr1:112699500:G:T,rs1106287,ENSG00000007341,ST7L,sQTL,Stomach,enloc,0.1481,False,False,False
chr1:112699500:G:T,rs1106287,ENSG00000007341,ST7L,sQTL,Stomach,enloc,0.1481,False,False,False
chr1:112699500:G:T,rs1106287,ENSG00000007341,ST7L,sQTL,Stomach,enloc,0.1481,False,False,False
chr1:112699500:G:T,rs1106287,ENSG00000155366,RHOC,sQTL,Heart_Atrial_Appendage,enloc,0.1479,False,False,False
chr1:112699500:G:T,rs1106287,ENSG00000155366,RHOC,sQTL,Heart_Atrial_Appendage,enloc,0.1479,False,False,False
chr1:112699500:G:T,rs1106287,ENSG00000155366,RHOC,sQTL,Heart_Atrial_Appendage,enloc,0.1479,False,False,False
chr17:47617876:AT:A,rs1348518145,ENSG00000228782,MRPL45P2,sQTL,Thyroid,enloc,0.1471,False,False,False
chr17:47617876:AT:A,rs1348518145,ENSG00000228782,MRPL45P2,sQTL,Thyroid,enloc,0.1471,False,False,False
chr17:47617876:AT:A,rs1348518145,ENSG00000228782,MRPL45P2,sQTL,Thyroid,enloc,0.1471,False,False,False
chr17:47617876:AT:A,rs1348518145,ENSG00000228782,MRPL45P2,sQTL,Thyroid,enloc,0.1471,False,False,False
chr17:47617876:AT:A,rs1348518145,ENSG00000228782,MRPL45P2,sQTL,Esophagus_Muscularis,enloc,0.147,False,False,False
chr17:47617876:AT:A,rs1348518145,ENSG00000228782,MRPL45P2,sQTL,Esophagus_Muscularis,enloc,0.147,False,False,False
chr17:47617876:AT:A,rs1348518145,ENSG00000228782,MRPL45P2,sQTL,Esophagus_Muscularis,enloc,0.147,False,False,False
chr17:47617876:AT:A,rs1348518145,ENSG00000228782,MRPL45P2,sQTL,Esophagus_Muscularis,enloc,0.147,False,False,False
chr17:47617876:AT:A,rs1348518145,ENSG00000228782,MRPL45P2,sQTL,Esophagus_Muscularis,enloc,0.147,False,False,False
chr17:47617876:AT:A,rs1348518145,ENSG00000263766,RP11-580I16.2,sQTL,Testis,enloc,0.1454,False,False,False
chr17:47617876:AT:A,rs1348518145,ENSG00000263766,RP11-580I16.2,sQTL,Testis,enloc,0.1454,False,False,False
chr17:47617876:AT:A,rs1348518145,ENSG00000263766,RP11-580I16.2,sQTL,Testis,enloc,0.1454,False,False,False
chr17:47617876:AT:A,rs1348518145,ENSG00000263766,RP11-580I16.2,sQTL,Testis,enloc,0.1454,False,False,False
chr1:112699500:G:T,rs1106287,ENSG00000007341,ST7L,sQTL,Artery_Coronary,enloc,0.1452,False,False,False
chr1:112699500:G:T,rs1106287,ENSG00000007341,ST7L,sQTL,Artery_Coronary,enloc,0.1452,False,False,False
chr1:112699500:G:T,rs1106287,ENSG00000007341,ST7L,sQTL,Artery_Coronary,enloc,0.1452,False,False,False
chr1:112699500:G:T,rs1106287,ENSG00000007341,ST7L,sQTL,Prostate,enloc,0.1451,False,False,False
chr1:112699500:G:T,rs1106287,ENSG00000007341,ST7L,sQTL,Prostate,enloc,0.1451,False,False,False
chr1:171636338:G:A,rs74315329,ENSG00000135845,PIGC,sQTL,Adrenal_Gland,enloc,0.145,False,False,False
chr1:171636338:G:A,rs74315329,ENSG00000135845,PIGC,sQTL,Adrenal_Gland,enloc,0.145,False,False,False
chr1:171636338:G:A,rs74315329,ENSG00000135845,PIGC,sQTL,Adrenal_Gland,enloc,0.145,False,False,False
chr9:133255801:C:T,rs8176749,ENSG00000175164,ABO,eQTL,Pituitary,enloc,0.1448,False,False,False
chr1:171636338:G:A,rs74315329,ENSG00000135845,PIGC,sQTL,Pancreas,enloc,0.1431,False,False,False
chr1:171636338:G:A,rs74315329,ENSG00000135845,PIGC,sQTL,Pancreas,enloc,0.1431,False,False,False
chr1:171636338:G:A,rs74315329,ENSG00000135845,PIGC,sQTL,Pancreas,enloc,0.1431,False,False,False
chr1:112699500:G:T,rs1106287,ENSG00000155366,RHOC,sQTL,Brain_Hippocampus,enloc,0.1429,False,False,False
chr1:112699500:G:T,rs1106287,ENSG00000155366,RHOC,sQTL,Brain_Hippocampus,enloc,0.1429,False,False,False
chr1:112699500:G:T,rs1106287,ENSG00000155366,RHOC,sQTL,Brain_Hippocampus,enloc,0.1429,False,False,False
chr1:112699500:G:T,rs1106287,ENSG00000155366,RHOC,sQTL,Esophagus_Gastroesophageal_Junction,enloc,0.1429,False,False,False
chr1:112699500:G:T,rs1106287,ENSG00000155366,RHOC,sQTL,Esophagus_Gastroesophageal_Junction,enloc,0.1429,False,False,False
chr1:112699500:G:T,rs1106287,ENSG00000155366,RHOC,sQTL,Esophagus_Gastroesophageal_Junction,enloc,0.1429,False,False,False
chr17:47617876:AT:A,rs1348518145,ENSG00000198933,TBKBP1,sQTL,Whole_Blood,enloc,0.142,False,False,False
chr17:47617876:AT:A,rs1348518145,ENSG00000198933,TBKBP1,sQTL,Whole_Blood,enloc,0.142,False,False,False
chr17:47617876:AT:A,rs1348518145,ENSG00000198933,TBKBP1,sQTL,Whole_Blood,enloc,0.142,False,False,False
chr1:112699500:G:T,rs1106287,ENSG00000155366,RHOC,sQTL,Pituitary,enloc,0.1413,False,False,False
chr1:112699500:G:T,rs1106287,ENSG00000155366,RHOC,sQTL,Pituitary,enloc,0.1413,False,False,False
chr8:123542077:T:A,rs62521288,ENSG00000156804,FBXO32,eQTL,Brain_Nucleus_accumbens_basal_ganglia,enloc,0.1412,False,False,False
chr8:123542077:T:A,rs62521288,ENSG00000156804,FBXO32,eQTL,Brain_Nucleus_accumbens_basal_ganglia,enloc,0.1412,False,False,False
chr1:112699500:G:T,rs1106287,ENSG00000155363,MOV10,sQTL,Ovary,enloc,0.1409,False,False,False
chr1:112699500:G:T,rs1106287,ENSG00000155363,MOV10,sQTL,Ovary,enloc,0.1409,False,False,False
chr1:171636338:G:A,rs74315329,ENSG00000135845,PIGC,sQTL,Brain_Nucleus_accumbens_basal_ganglia,enloc,0.1409,False,False,False
chr1:171636338:G:A,rs74315329,ENSG00000135845,PIGC,sQTL,Brain_Nucleus_accumbens_basal_ganglia,enloc,0.1409,False,False,False
chr1:171636338:G:A,rs74315329,ENSG00000135845,PIGC,sQTL,Brain_Nucleus_accumbens_basal_ganglia,enloc,0.1409,False,False,False
chr1:162709355:G:A,rs4542196,ENSG00000162733,DDR2,eQTL,Colon_Transverse,enloc,0.14,False,False,False
chr2:12811195:C:T,rs12623251,ENSG00000071575,TRIB2,eQTL,Brain_Caudate_basal_ganglia,enloc,0.1396,False,False,False
chr2:12811195:C:T,rs12623251,ENSG00000071575,TRIB2,eQTL,Brain_Caudate_basal_ganglia,enloc,0.1396,False,False,False
chr2:12811195:C:T,rs12623251,ENSG00000071575,TRIB2,eQTL,Brain_Caudate_basal_ganglia,enloc,0.1396,False,False,False
chr17:47617876:AT:A,rs1348518145,ENSG00000228782,MRPL45P2,sQTL,Cells_EBV-transformed_lymphocytes,enloc,0.1388,False,False,False
chr17:47617876:AT:A,rs1348518145,ENSG00000228782,MRPL45P2,sQTL,Cells_EBV-transformed_lymphocytes,enloc,0.1388,False,False,False
chr17:47617876:AT:A,rs1348518145,ENSG00000228782,MRPL45P2,sQTL,Cells_EBV-transformed_lymphocytes,enloc,0.1388,False,False,False
chr17:47617876:AT:A,rs1348518145,ENSG00000228782,MRPL45P2,sQTL,Cells_EBV-transformed_lymphocytes,enloc,0.1388,False,False,False
chr17:47617876:AT:A,rs1348518145,ENSG00000228782,MRPL45P2,sQTL,Cells_EBV-transformed_lymphocytes,enloc,0.1388,False,False,False
chr9:133255801:C:T,rs8176749,ENSG00000175164,ABO,sQTL,Adipose_Subcutaneous,enloc,0.1387,False,False,False
chr9:133255801:C:T,rs8176749,ENSG00000175164,ABO,sQTL,Adipose_Subcutaneous,enloc,0.1387,False,False,False
chr1:171636338:G:A,rs74315329,ENSG00000135845,PIGC,sQTL,Artery_Aorta,enloc,0.1379,False,False,False
chr1:171636338:G:A,rs74315329,ENSG00000135845,PIGC,sQTL,Artery_Aorta,enloc,0.1379,False,False,False
chr1:171636338:G:A,rs74315329,ENSG00000135845,PIGC,sQTL,Artery_Aorta,enloc,0.1379,False,False,False
chr1:171636338:G:A,rs74315329,ENSG00000135845,PIGC,sQTL,Artery_Aorta,enloc,0.1379,False,False,False
chr1:171636338:G:A,rs74315329,ENSG00000135845,PIGC,sQTL,Artery_Aorta,enloc,0.1379,False,False,False
chr1:171636338:G:A,rs74315329,ENSG00000135845,PIGC,sQTL,Artery_Aorta,enloc,0.1379,False,False,False
chr1:112699500:G:T,rs1106287,ENSG00000007341,ST7L,sQTL,Muscle_Skeletal,enloc,0.1377,False,False,False
chr1:112699500:G:T,rs1106287,ENSG00000007341,ST7L,sQTL,Muscle_Skeletal,enloc,0.1377,False,False,False
chr7:116522252:T:A,rs10257125,ENSG00000105971,CAV2,sQTL,Heart_Left_Ventricle,enloc,0.1353,False,False,False
chr1:112699500:G:T,rs1106287,ENSG00000007341,ST7L,eQTL,Esophagus_Muscularis,enloc,0.1353,False,False,False
chr17:47617876:AT:A,rs1348518145,ENSG00000228782,MRPL45P2,sQTL,Pancreas,enloc,0.135,False,False,False
chr17:47617876:AT:A,rs1348518145,ENSG00000228782,MRPL45P2,sQTL,Pancreas,enloc,0.135,False,False,False
chr17:47617876:AT:A,rs1348518145,ENSG00000228782,MRPL45P2,sQTL,Pancreas,enloc,0.135,False,False,False
chr17:47617876:AT:A,rs1348518145,ENSG00000228782,MRPL45P2,sQTL,Pancreas,enloc,0.135,False,False,False
chr17:47617876:AT:A,rs1348518145,ENSG00000228782,MRPL45P2,sQTL,Pancreas,enloc,0.135,False,False,False
chr3:24469303:C:A,rs9852634,ENSG00000151090,THRB,eQTL,Heart_Atrial_Appendage,enloc,0.135,False,False,False
chr3:24469303:C:A,rs9852634,ENSG00000151090,THRB,eQTL,Heart_Atrial_Appendage,enloc,0.135,False,False,False
chr3:24469303:C:A,rs9852634,ENSG00000151090,THRB,eQTL,Heart_Atrial_Appendage,enloc,0.135,False,False,False
chr3:24469303:C:A,rs9852634,ENSG00000151090,THRB,eQTL,Heart_Atrial_Appendage,enloc,0.135,False,False,False
chr3:24469303:C:A,rs9852634,ENSG00000151090,THRB,eQTL,Heart_Atrial_Appendage,enloc,0.135,False,False,False
chr11:102194103:C:A,rs7120067,ENSG00000277459,RP11-732A21.3,eQTL,Esophagus_Gastroesophageal_Junction,enloc,0.1349,False,False,False
chr1:171636338:G:A,rs74315329,ENSG00000135845,PIGC,sQTL,Brain_Spinal_cord_cervical_c-1,enloc,0.1336,False,False,False
chr1:171636338:G:A,rs74315329,ENSG00000135845,PIGC,sQTL,Brain_Spinal_cord_cervical_c-1,enloc,0.1336,False,False,False
chr1:171636338:G:A,rs74315329,ENSG00000135845,PIGC,sQTL,Brain_Spinal_cord_cervical_c-1,enloc,0.1336,False,False,False
chr17:47617876:AT:A,rs1348518145,ENSG00000228782,MRPL45P2,sQTL,Skin_Sun_Exposed_Lower_leg,enloc,0.1334,False,False,False
chr10:10798886:C:A,rs6602453,ENSG00000048740,CELF2,eQTL,Skin_Sun_Exposed_Lower_leg,enloc,0.1317,False,False,False
chr11:102194103:C:A,rs7120067,ENSG00000277459,RP11-732A21.3,eQTL,Adipose_Subcutaneous,enloc,0.1309,False,False,False
chr1:171636338:G:A,rs74315329,ENSG00000135845,PIGC,sQTL,Artery_Coronary,enloc,0.1307,False,False,False
chr1:171636338:G:A,rs74315329,ENSG00000135845,PIGC,sQTL,Artery_Coronary,enloc,0.1307,False,False,False
chr1:171636338:G:A,rs74315329,ENSG00000135845,PIGC,sQTL,Artery_Coronary,enloc,0.1307,False,False,False
chr1:171636338:G:A,rs74315329,ENSG00000135845,PIGC,sQTL,Artery_Coronary,enloc,0.1307,False,False,False
chr1:171636338:G:A,rs74315329,ENSG00000135845,PIGC,sQTL,Artery_Coronary,enloc,0.1307,False,False,False
chr1:171636338:G:A,rs74315329,ENSG00000135845,PIGC,sQTL,Artery_Coronary,enloc,0.1307,False,False,False
chr1:171636338:G:A,rs74315329,ENSG00000135845,PIGC,sQTL,Heart_Atrial_Appendage,enloc,0.1304,False,False,False
chr1:171636338:G:A,rs74315329,ENSG00000135845,PIGC,sQTL,Heart_Atrial_Appendage,enloc,0.1304,False,False,False
chr1:171636338:G:A,rs74315329,ENSG00000135845,PIGC,sQTL,Heart_Atrial_Appendage,enloc,0.1304,False,False,False
chr17:47617876:AT:A,rs1348518145,ENSG00000228782,MRPL45P2,sQTL,Heart_Left_Ventricle,enloc,0.1302,False,False,False
chr17:47617876:AT:A,rs1348518145,ENSG00000228782,MRPL45P2,sQTL,Heart_Left_Ventricle,enloc,0.1302,False,False,False
chr17:47617876:AT:A,rs1348518145,ENSG00000228782,MRPL45P2,sQTL,Heart_Left_Ventricle,enloc,0.1302,False,False,False
chr17:47617876:AT:A,rs1348518145,ENSG00000228782,MRPL45P2,sQTL,Heart_Left_Ventricle,enloc,0.1302,False,False,False
chr17:47617876:AT:A,rs1348518145,ENSG00000228782,MRPL45P2,sQTL,Heart_Left_Ventricle,enloc,0.1302,False,False,False
chr17:47617876:AT:A,rs1348518145,ENSG00000228782,MRPL45P2,sQTL,Artery_Aorta,enloc,0.13,False,False,False
chr17:47617876:AT:A,rs1348518145,ENSG00000228782,MRPL45P2,sQTL,Artery_Aorta,enloc,0.13,False,False,False
chr17:47617876:AT:A,rs1348518145,ENSG00000228782,MRPL45P2,sQTL,Artery_Aorta,enloc,0.13,False,False,False
chr17:47617876:AT:A,rs1348518145,ENSG00000228782,MRPL45P2,sQTL,Artery_Aorta,enloc,0.13,False,False,False
chr17:47617876:AT:A,rs1348518145,ENSG00000228782,MRPL45P2,sQTL,Artery_Aorta,enloc,0.13,False,False,False
chr1:112699500:G:T,rs1106287,ENSG00000155366,RHOC,sQTL,Brain_Spinal_cord_cervical_c-1,enloc,0.1297,False,False,False
chr1:112699500:G:T,rs1106287,ENSG00000155366,RHOC,sQTL,Brain_Spinal_cord_cervical_c-1,enloc,0.1297,False,False,False
chr11:102194103:C:A,rs7120067,ENSG00000277459,RP11-732A21.3,eQTL,Skin_Sun_Exposed_Lower_leg,enloc,0.1295,False,False,False
chr1:171636338:G:A,rs74315329,ENSG00000135845,PIGC,sQTL,Thyroid,enloc,0.1292,False,False,False
chr1:171636338:G:A,rs74315329,ENSG00000135845,PIGC,sQTL,Thyroid,enloc,0.1292,False,False,False
chr1:171636338:G:A,rs74315329,ENSG00000135845,PIGC,sQTL,Thyroid,enloc,0.1292,False,False,False
chr17:47617876:AT:A,rs1348518145,ENSG00000228782,MRPL45P2,sQTL,Thyroid,enloc,0.1286,False,False,False
chr17:47617876:AT:A,rs1348518145,ENSG00000228782,MRPL45P2,sQTL,Thyroid,enloc,0.1286,False,False,False
chr17:47617876:AT:A,rs1348518145,ENSG00000228782,MRPL45P2,sQTL,Thyroid,enloc,0.1286,False,False,False
chr17:47617876:AT:A,rs1348518145,ENSG00000228782,MRPL45P2,sQTL,Thyroid,enloc,0.1286,False,False,False
chr17:47617876:AT:A,rs1348518145,ENSG00000228782,MRPL45P2,sQTL,Thyroid,enloc,0.1286,False,False,False
chr2:152508013:G:A,rs1579050,ENSG00000115145,STAM2,eQTL,Liver,enloc,0.1273,False,False,False
chr2:152508013:G:A,rs1579050,ENSG00000115145,STAM2,eQTL,Liver,enloc,0.1273,False,False,False
chr2:152508013:G:A,rs1579050,ENSG00000115145,STAM2,eQTL,Liver,enloc,0.1273,False,False,False
chr2:152508013:G:A,rs1579050,ENSG00000115145,STAM2,eQTL,Liver,enloc,0.1273,False,False,False
chr1:171636338:G:A,rs74315329,ENSG00000135845,PIGC,sQTL,Colon_Sigmoid,enloc,0.1272,False,False,False
chr1:171636338:G:A,rs74315329,ENSG00000135845,PIGC,sQTL,Colon_Sigmoid,enloc,0.1272,False,False,False
chr1:171636338:G:A,rs74315329,ENSG00000135845,PIGC,sQTL,Colon_Sigmoid,enloc,0.1272,False,False,False
chr8:123542077:T:A,rs62521288,ENSG00000156804,FBXO32,eQTL,Brain_Putamen_basal_ganglia,enloc,0.1255,False,False,False
chr8:123542077:T:A,rs62521288,ENSG00000156804,FBXO32,eQTL,Brain_Putamen_basal_ganglia,enloc,0.1255,False,False,False
chr1:112699500:G:T,rs1106287,ENSG00000155363,MOV10,sQTL,Adipose_Subcutaneous,enloc,0.1255,False,False,False
chr1:112699500:G:T,rs1106287,ENSG00000155363,MOV10,sQTL,Adipose_Subcutaneous,enloc,0.1255,False,False,False
chr1:112699500:G:T,rs1106287,ENSG00000155363,MOV10,sQTL,Adipose_Subcutaneous,enloc,0.1255,False,False,False
chr1:171636338:G:A,rs74315329,ENSG00000135845,PIGC,sQTL,Skin_Sun_Exposed_Lower_leg,enloc,0.1248,False,False,False
chr1:171636338:G:A,rs74315329,ENSG00000135845,PIGC,sQTL,Skin_Sun_Exposed_Lower_leg,enloc,0.1248,False,False,False
chr1:171636338:G:A,rs74315329,ENSG00000135845,PIGC,sQTL,Skin_Sun_Exposed_Lower_leg,enloc,0.1248,False,False,False
chr2:152508013:G:A,rs1579050,ENSG00000157827,FMNL2,sQTL,Spleen,enloc,0.1244,False,False,False
chr17:47617876:AT:A,rs1348518145,ENSG00000228782,MRPL45P2,sQTL,Breast_Mammary_Tissue,enloc,0.1238,False,False,False
chr17:47617876:AT:A,rs1348518145,ENSG00000228782,MRPL45P2,sQTL,Breast_Mammary_Tissue,enloc,0.1238,False,False,False
chr17:47617876:AT:A,rs1348518145,ENSG00000228782,MRPL45P2,sQTL,Breast_Mammary_Tissue,enloc,0.1238,False,False,False
chr17:47617876:AT:A,rs1348518145,ENSG00000228782,MRPL45P2,sQTL,Breast_Mammary_Tissue,enloc,0.1238,False,False,False
chr17:47617876:AT:A,rs1348518145,ENSG00000228782,MRPL45P2,sQTL,Breast_Mammary_Tissue,enloc,0.1238,False,False,False
chr9:133255801:C:T,rs8176749,ENSG00000175164,ABO,sQTL,Lung,enloc,0.1228,False,False,False
chr9:133255801:C:T,rs8176749,ENSG00000175164,ABO,sQTL,Lung,enloc,0.1228,False,False,False
chr1:112699500:G:T,rs1106287,ENSG00000155366,RHOC,eQTL,Stomach,enloc,0.1227,False,False,False
chr1:112699500:G:T,rs1106287,ENSG00000155366,RHOC,eQTL,Stomach,enloc,0.1227,False,False,False
chr1:112699500:G:T,rs1106287,ENSG00000155366,RHOC,eQTL,Stomach,enloc,0.1227,False,False,False
chr17:47617876:AT:A,rs1348518145,ENSG00000228782,MRPL45P2,sQTL,Lung,enloc,0.1223,False,False,False
chr17:47617876:AT:A,rs1348518145,ENSG00000228782,MRPL45P2,sQTL,Lung,enloc,0.1223,False,False,False
chr17:47617876:AT:A,rs1348518145,ENSG00000228782,MRPL45P2,sQTL,Lung,enloc,0.1223,False,False,False
chr17:47617876:AT:A,rs1348518145,ENSG00000228782,MRPL45P2,sQTL,Lung,enloc,0.1223,False,False,False
chr17:47617876:AT:A,rs1348518145,ENSG00000228782,MRPL45P2,sQTL,Lung,enloc,0.1223,False,False,False
chr1:171636338:G:A,rs74315329,ENSG00000197959,DNM3,sQTL,Brain_Cerebellar_Hemisphere,enloc,0.1222,False,False,False
chr17:47617876:AT:A,rs1348518145,ENSG00000108424,KPNB1,eQTL,Small_Intestine_Terminal_Ileum,enloc,0.1222,False,False,False
chr17:47617876:AT:A,rs1348518145,ENSG00000108424,KPNB1,eQTL,Small_Intestine_Terminal_Ileum,enloc,0.1222,False,False,False
chr17:47617876:AT:A,rs1348518145,ENSG00000108424,KPNB1,eQTL,Small_Intestine_Terminal_Ileum,enloc,0.1222,False,False,False
chr12:28050312:T:A,rs7972874,ENSG00000123106,CCDC91,sQTL,Muscle_Skeletal,enloc,0.1216,False,False,False
chr8:123542077:T:A,rs62521288,ENSG00000204949,FAM83A-AS1,sQTL,Liver,enloc,0.1213,False,False,False
chr8:123542077:T:A,rs62521288,ENSG00000204949,FAM83A-AS1,sQTL,Liver,enloc,0.1213,False,False,False
chr1:100629646:G:A,rs12566440,ENSG00000162692,VCAM1,eQTL,Cells_Cultured_fibroblasts,enloc,0.1213,False,False,False
chr1:100629646:G:A,rs12566440,ENSG00000162692,VCAM1,eQTL,Cells_Cultured_fibroblasts,enloc,0.1213,False,False,False
chr1:171636338:G:A,rs74315329,ENSG00000135845,PIGC,sQTL,Lung,enloc,0.1202,False,False,False
chr1:171636338:G:A,rs74315329,ENSG00000135845,PIGC,sQTL,Lung,enloc,0.1202,False,False,False
chr1:171636338:G:A,rs74315329,ENSG00000135845,PIGC,sQTL,Lung,enloc,0.1202,False,False,False
chr1:112699500:G:T,rs1106287,ENSG00000155366,RHOC,sQTL,Whole_Blood,enloc,0.12,False,False,False
chr1:112699500:G:T,rs1106287,ENSG00000155366,RHOC,sQTL,Whole_Blood,enloc,0.12,False,False,False
chr1:112699500:G:T,rs1106287,ENSG00000155366,RHOC,sQTL,Whole_Blood,enloc,0.12,False,False,False
chr1:112699500:G:T,rs1106287,ENSG00000134245,WNT2B,eQTL,Nerve_Tibial,enloc,0.12,False,False,False
chr1:171636338:G:A,rs74315329,ENSG00000135845,PIGC,eQTL,Artery_Tibial,enloc,0.1195,False,False,False
chr1:171636338:G:A,rs74315329,ENSG00000135845,PIGC,eQTL,Artery_Tibial,enloc,0.1195,False,False,False
chr1:171636338:G:A,rs74315329,ENSG00000135845,PIGC,eQTL,Artery_Tibial,enloc,0.1195,False,False,False
chr17:47617876:AT:A,rs1348518145,ENSG00000228782,MRPL45P2,sQTL,Skin_Sun_Exposed_Lower_leg,enloc,0.1193,False,False,False
chr17:47617876:AT:A,rs1348518145,ENSG00000228782,MRPL45P2,sQTL,Skin_Sun_Exposed_Lower_leg,enloc,0.1193,False,False,False
chr17:47617876:AT:A,rs1348518145,ENSG00000228782,MRPL45P2,sQTL,Skin_Sun_Exposed_Lower_leg,enloc,0.1193,False,False,False
chr17:47617876:AT:A,rs1348518145,ENSG00000228782,MRPL45P2,sQTL,Skin_Sun_Exposed_Lower_leg,enloc,0.1193,False,False,False
chr17:47617876:AT:A,rs1348518145,ENSG00000228782,MRPL45P2,sQTL,Skin_Sun_Exposed_Lower_leg,enloc,0.1193,False,False,False
chr17:47617876:AT:A,rs1348518145,ENSG00000228782,MRPL45P2,sQTL,Skin_Sun_Exposed_Lower_leg,enloc,0.1193,False,False,False
chr17:47617876:AT:A,rs1348518145,ENSG00000228782,MRPL45P2,sQTL,Skin_Sun_Exposed_Lower_leg,enloc,0.1193,False,False,False
chr8:6519620:G:C,rs2515437,ENSG00000091879,ANGPT2,sQTL,Artery_Tibial,enloc,0.1191,False,False,False
chr8:6519620:G:C,rs2515437,ENSG00000091879,ANGPT2,sQTL,Artery_Tibial,enloc,0.1191,False,False,False
chr8:6519620:G:C,rs2515437,ENSG00000091879,ANGPT2,sQTL,Artery_Tibial,enloc,0.1191,False,False,False
chr8:6519620:G:C,rs2515437,ENSG00000091879,ANGPT2,sQTL,Artery_Tibial,enloc,0.1191,False,False,False
chr8:6519620:G:C,rs2515437,ENSG00000091879,ANGPT2,sQTL,Artery_Tibial,enloc,0.1191,False,False,False
chr1:171636338:G:A,rs74315329,ENSG00000135845,PIGC,sQTL,Prostate,enloc,0.119,False,False,False
chr1:171636338:G:A,rs74315329,ENSG00000135845,PIGC,sQTL,Prostate,enloc,0.119,False,False,False
chr1:171636338:G:A,rs74315329,ENSG00000135845,PIGC,sQTL,Prostate,enloc,0.119,False,False,False
chr1:112699500:G:T,rs1106287,ENSG00000134245,WNT2B,eQTL,Brain_Frontal_Cortex_BA9,enloc,0.119,False,False,False
chr1:112699500:G:T,rs1106287,ENSG00000134245,WNT2B,eQTL,Brain_Frontal_Cortex_BA9,enloc,0.119,False,False,False
chr1:171636338:G:A,rs74315329,ENSG00000135845,PIGC,sQTL,Heart_Left_Ventricle,enloc,0.1174,False,False,False
chr1:171636338:G:A,rs74315329,ENSG00000135845,PIGC,sQTL,Heart_Left_Ventricle,enloc,0.1174,False,False,False
chr1:171636338:G:A,rs74315329,ENSG00000135845,PIGC,sQTL,Heart_Left_Ventricle,enloc,0.1174,False,False,False
chr1:171636338:G:A,rs74315329,ENSG00000135845,PIGC,sQTL,Artery_Tibial,enloc,0.1171,False,False,False
chr1:171636338:G:A,rs74315329,ENSG00000135845,PIGC,sQTL,Artery_Tibial,enloc,0.1171,False,False,False
chr1:171636338:G:A,rs74315329,ENSG00000135845,PIGC,sQTL,Artery_Tibial,enloc,0.1171,False,False,False
chr9:104933258:C:T,rs2472494,ENSG00000165029,ABCA1,eQTL,Lung,enloc,0.1159,False,False,False
chr9:104933258:C:T,rs2472494,ENSG00000165029,ABCA1,eQTL,Lung,enloc,0.1159,False,False,False
chr9:104933258:C:T,rs2472494,ENSG00000165029,ABCA1,eQTL,Lung,enloc,0.1159,False,False,False
chr9:104933258:C:T,rs2472494,ENSG00000165029,ABCA1,eQTL,Lung,enloc,0.1159,False,False,False
chr1:171636338:G:A,rs74315329,ENSG00000135845,PIGC,sQTL,Skin_Not_Sun_Exposed_Suprapubic,enloc,0.1151,False,False,False
chr1:171636338:G:A,rs74315329,ENSG00000135845,PIGC,sQTL,Skin_Not_Sun_Exposed_Suprapubic,enloc,0.1151,False,False,False
chr1:171636338:G:A,rs74315329,ENSG00000135845,PIGC,sQTL,Skin_Not_Sun_Exposed_Suprapubic,enloc,0.1151,False,False,False
chr1:112699500:G:T,rs1106287,ENSG00000155363,MOV10,sQTL,Esophagus_Muscularis,enloc,0.115,False,False,False
chr1:112699500:G:T,rs1106287,ENSG00000155363,MOV10,sQTL,Esophagus_Muscularis,enloc,0.115,False,False,False
chr5:14814774:G:A,rs31916,ENSG00000154122,ANKH,sQTL,Adipose_Visceral_Omentum,enloc,0.1147,False,False,False
chr1:112699500:G:T,rs1106287,ENSG00000155367,PPM1J,sQTL,Skin_Sun_Exposed_Lower_leg,enloc,0.114,False,False,False
chr1:112699500:G:T,rs1106287,ENSG00000155367,PPM1J,sQTL,Skin_Sun_Exposed_Lower_leg,enloc,0.114,False,False,False
chr1:112699500:G:T,rs1106287,ENSG00000155366,RHOC,sQTL,Vagina,enloc,0.114,False,False,False
chr1:112699500:G:T,rs1106287,ENSG00000155366,RHOC,sQTL,Vagina,enloc,0.114,False,False,False
chr1:112699500:G:T,rs1106287,ENSG00000155366,RHOC,sQTL,Vagina,enloc,0.114,False,False,False
chr1:112699500:G:T,rs1106287,ENSG00000155366,RHOC,sQTL,Skin_Sun_Exposed_Lower_leg,enloc,0.114,False,False,False
chr1:112699500:G:T,rs1106287,ENSG00000155366,RHOC,sQTL,Skin_Sun_Exposed_Lower_leg,enloc,0.114,False,False,False
chr11:16989629:C:A,rs4141194,ENSG00000166689,PLEKHA7,eQTL,Muscle_Skeletal,enloc,0.1137,False,False,False
chr11:16989629:C:A,rs4141194,ENSG00000166689,PLEKHA7,eQTL,Muscle_Skeletal,enloc,0.1137,False,False,False
chr11:16989629:C:A,rs4141194,ENSG00000166689,PLEKHA7,eQTL,Muscle_Skeletal,enloc,0.1137,False,False,False
chr11:16989629:C:A,rs4141194,ENSG00000166689,PLEKHA7,eQTL,Muscle_Skeletal,enloc,0.1137,False,False,False
chr1:171636338:G:A,rs74315329,ENSG00000135845,PIGC,sQTL,Ovary,enloc,0.1133,False,False,False
chr1:171636338:G:A,rs74315329,ENSG00000135845,PIGC,sQTL,Ovary,enloc,0.1133,False,False,False
chr1:171636338:G:A,rs74315329,ENSG00000135845,PIGC,sQTL,Ovary,enloc,0.1133,False,False,False
chr15:57261634:T:A,rs2431023,ENSG00000140262,TCF12,eQTL,Stomach,enloc,0.1126,False,False,False
chr15:57261634:T:A,rs2431023,ENSG00000140262,TCF12,eQTL,Stomach,enloc,0.1126,False,False,False
chr15:57261634:T:A,rs2431023,ENSG00000140262,TCF12,eQTL,Stomach,enloc,0.1126,False,False,False
chr1:171636338:G:A,rs74315329,ENSG00000135845,PIGC,sQTL,Esophagus_Gastroesophageal_Junction,enloc,0.1114,False,False,False
chr1:171636338:G:A,rs74315329,ENSG00000135845,PIGC,sQTL,Esophagus_Gastroesophageal_Junction,enloc,0.1114,False,False,False
chr1:171636338:G:A,rs74315329,ENSG00000135845,PIGC,sQTL,Esophagus_Gastroesophageal_Junction,enloc,0.1114,False,False,False
chr6:45952021:G:A,rs3777588,ENSG00000112782,CLIC5,eQTL,Thyroid,enloc,0.1105,False,False,False
chr6:45952021:G:A,rs3777588,ENSG00000112782,CLIC5,eQTL,Thyroid,enloc,0.1105,False,False,False
chr2:152508013:G:A,rs1579050,ENSG00000115145,STAM2,eQTL,Testis,enloc,0.11,False,False,False
chr2:152508013:G:A,rs1579050,ENSG00000115145,STAM2,eQTL,Testis,enloc,0.11,False,False,False
chr2:152508013:G:A,rs1579050,ENSG00000115145,STAM2,eQTL,Testis,enloc,0.11,False,False,False
chr2:152508013:G:A,rs1579050,ENSG00000115145,STAM2,eQTL,Testis,enloc,0.11,False,False,False
chr1:53658200:G:T,rs941125,ENSG00000174332,GLIS1,eQTL,Heart_Atrial_Appendage,enloc,0.1095,False,False,False
chr1:53658200:G:T,rs941125,ENSG00000174332,GLIS1,eQTL,Heart_Atrial_Appendage,enloc,0.1095,False,False,False
chr1:53658200:G:T,rs941125,ENSG00000174332,GLIS1,eQTL,Heart_Atrial_Appendage,enloc,0.1095,False,False,False
chr1:53658200:G:T,rs941125,ENSG00000174332,GLIS1,eQTL,Heart_Atrial_Appendage,enloc,0.1095,False,False,False
chr1:53658200:G:T,rs941125,ENSG00000174332,GLIS1,eQTL,Heart_Atrial_Appendage,enloc,0.1095,False,False,False
chr1:53658200:G:T,rs941125,ENSG00000174332,GLIS1,eQTL,Heart_Atrial_Appendage,enloc,0.1095,False,False,False
chr1:171636338:G:A,rs74315329,ENSG00000135845,PIGC,eQTL,Nerve_Tibial,enloc,0.1095,False,False,False
chr1:171636338:G:A,rs74315329,ENSG00000135845,PIGC,eQTL,Nerve_Tibial,enloc,0.1095,False,False,False
chr1:171636338:G:A,rs74315329,ENSG00000135845,PIGC,eQTL,Nerve_Tibial,enloc,0.1095,False,False,False
chr1:171636338:G:A,rs74315329,ENSG00000197959,DNM3,sQTL,Testis,enloc,0.1087,False,False,False
chr1:171636338:G:A,rs74315329,ENSG00000197959,DNM3,sQTL,Testis,enloc,0.1087,False,False,False
chr1:171636338:G:A,rs74315329,ENSG00000197959,DNM3,sQTL,Testis,enloc,0.1087,False,False,False
chr1:171636338:G:A,rs74315329,ENSG00000233540,DNM3-IT1,sQTL,Testis,enloc,0.1087,False,False,False
chr1:171636338:G:A,rs74315329,ENSG00000233540,DNM3-IT1,sQTL,Testis,enloc,0.1087,False,False,False
chr1:171636338:G:A,rs74315329,ENSG00000233540,DNM3-IT1,sQTL,Testis,enloc,0.1087,False,False,False
chr1:171636338:G:A,rs74315329,ENSG00000010165,METTL13,sQTL,Testis,enloc,0.1087,False,False,False
chr1:171636338:G:A,rs74315329,ENSG00000010165,METTL13,sQTL,Testis,enloc,0.1087,False,False,False
chr1:171636338:G:A,rs74315329,ENSG00000010165,METTL13,sQTL,Testis,enloc,0.1087,False,False,False
chr7:39037797:C:T,rs10248136,ENSG00000006715,VPS41,eQTL,Nerve_Tibial,enloc,0.1082,False,False,False
chr7:39037797:C:T,rs10248136,ENSG00000006715,VPS41,eQTL,Nerve_Tibial,enloc,0.1082,False,False,False
chr5:14814774:G:A,rs31916,ENSG00000154122,ANKH,eQTL,Skin_Sun_Exposed_Lower_leg,enloc,0.1078,False,False,False
chr5:14814774:G:A,rs31916,ENSG00000154122,ANKH,eQTL,Skin_Sun_Exposed_Lower_leg,enloc,0.1078,False,False,False
chr2:12811195:C:T,rs12623251,ENSG00000071575,TRIB2,eQTL,Kidney_Cortex,enloc,0.1069,False,False,False
chr2:12811195:C:T,rs12623251,ENSG00000071575,TRIB2,eQTL,Kidney_Cortex,enloc,0.1069,False,False,False
chr2:12811195:C:T,rs12623251,ENSG00000071575,TRIB2,eQTL,Kidney_Cortex,enloc,0.1069,False,False,False
chr6:45952021:G:A,rs3777588,ENSG00000112782,CLIC5,eQTL,Skin_Sun_Exposed_Lower_leg,enloc,0.1068,False,False,False
chr6:45952021:G:A,rs3777588,ENSG00000112782,CLIC5,eQTL,Skin_Sun_Exposed_Lower_leg,enloc,0.1068,False,False,False
chr6:134051012:G:C,rs2811688,ENSG00000146411,SLC2A12,eQTL,Heart_Atrial_Appendage,enloc,0.1065,False,False,False
chr6:134051012:G:C,rs2811688,ENSG00000146411,SLC2A12,eQTL,Heart_Atrial_Appendage,enloc,0.1065,False,False,False
chr8:123542077:T:A,rs62521288,ENSG00000156804,FBXO32,eQTL,Brain_Cortex,enloc,0.1055,False,False,False
chr1:171636338:G:A,rs74315329,ENSG00000135845,PIGC,sQTL,Stomach,enloc,0.1041,False,False,False
chr1:171636338:G:A,rs74315329,ENSG00000135845,PIGC,sQTL,Stomach,enloc,0.1041,False,False,False
chr1:171636338:G:A,rs74315329,ENSG00000135845,PIGC,sQTL,Stomach,enloc,0.1041,False,False,False
chr1:112699500:G:T,rs1106287,ENSG00000007341,ST7L,sQTL,Colon_Transverse,enloc,0.1038,False,False,False
chr1:112699500:G:T,rs1106287,ENSG00000155367,PPM1J,eQTL,Brain_Spinal_cord_cervical_c-1,enloc,0.1032,False,False,False
chr1:112699500:G:T,rs1106287,ENSG00000155367,PPM1J,eQTL,Brain_Spinal_cord_cervical_c-1,enloc,0.1032,False,False,False
chr1:112699500:G:T,rs1106287,ENSG00000155367,PPM1J,eQTL,Brain_Spinal_cord_cervical_c-1,enloc,0.1032,False,False,False
chr11:120327384:G:A,rs1893261,ENSG00000184232,OAF,eQTL,Heart_Atrial_Appendage,enloc,0.1031,False,False,False
chr7:116522252:T:A,rs10257125,ENSG00000105971,CAV2,sQTL,Breast_Mammary_Tissue,enloc,0.103,False,False,False
chr7:116522252:T:A,rs10257125,ENSG00000105971,CAV2,sQTL,Breast_Mammary_Tissue,enloc,0.103,False,False,False
chr1:112699500:G:T,rs1106287,ENSG00000155366,RHOC,sQTL,Heart_Left_Ventricle,enloc,0.1027,False,False,False
chr1:112699500:G:T,rs1106287,ENSG00000155366,RHOC,sQTL,Heart_Left_Ventricle,enloc,0.1027,False,False,False
chr1:112699500:G:T,rs1106287,ENSG00000155366,RHOC,sQTL,Heart_Left_Ventricle,enloc,0.1027,False,False,False
chr1:112699500:G:T,rs1106287,ENSG00000155366,RHOC,sQTL,Heart_Left_Ventricle,enloc,0.1027,False,False,False
chr14:60509819:C:A,rs33912345,ENSG00000179008,C14orf39,eQTL,Testis,enloc,0.1016,False,False,False
chr14:60509819:C:A,rs33912345,ENSG00000179008,C14orf39,eQTL,Testis,enloc,0.1016,False,False,False
chr15:57261634:T:A,rs2431023,ENSG00000137871,ZNF280D,sQTL,Lung,enloc,0.1011,False,False,False
chr15:57261634:T:A,rs2431023,ENSG00000137871,ZNF280D,sQTL,Lung,enloc,0.1011,False,False,False
chr15:57261634:T:A,rs2431023,ENSG00000137871,ZNF280D,sQTL,Lung,enloc,0.1011,False,False,False
chr15:57261634:T:A,rs2431023,ENSG00000137871,ZNF280D,sQTL,Lung,enloc,0.1011,False,False,False
chr11:86657064:C:T,rs10792871,ENSG00000151376,ME3,eQTL,Esophagus_Mucosa,enloc,0.101,False,False,False
chr11:86657064:C:T,rs10792871,ENSG00000151376,ME3,eQTL,Esophagus_Mucosa,enloc,0.101,False,False,False
chr11:86657064:C:T,rs10792871,ENSG00000151376,ME3,eQTL,Esophagus_Mucosa,enloc,0.101,False,False,False
chr11:86657064:C:T,rs10792871,ENSG00000151376,ME3,eQTL,Esophagus_Mucosa,enloc,0.101,False,False,False
chr2:152508013:G:A,rs1579050,ENSG00000115145,STAM2,eQTL,Esophagus_Gastroesophageal_Junction,enloc,0.1004,False,False,False
chr2:152508013:G:A,rs1579050,ENSG00000115145,STAM2,eQTL,Esophagus_Gastroesophageal_Junction,enloc,0.1004,False,False,False
chr2:152508013:G:A,rs1579050,ENSG00000115145,STAM2,eQTL,Esophagus_Gastroesophageal_Junction,enloc,0.1004,False,False,False
chr2:152508013:G:A,rs1579050,ENSG00000115145,STAM2,eQTL,Esophagus_Gastroesophageal_Junction,enloc,0.1004,False,False,False
chr6:134051012:G:C,rs2811688,ENSG00000146411,SLC2A12,eQTL,Brain_Nucleus_accumbens_basal_ganglia,enloc,0.1003,False,False,False
